hotel_id,google_place_id,hotel_name,address,latitude,longitude,rating,review_count,area,hotel_type,price_level
ChIJpV-ywbQVDTkRqWm6FgM6WCM,ChIJpV-ywbQVDTkRqWm6FgM6WCM,Haveli Hotel & Family Restaurant,"Pataudi Road, 13 Milestone, NH-352, near CNG Pump, Gurugram",28.4106689,76.8929141,4.6,102.0,near CNG Pump,hotel,
ChIJm053GEI-DTkRwKJuNdfAyLw,ChIJm053GEI-DTkRwKJuNdfAyLw,Jps Residency & Hospitality Services,"opp. 446 E, Sector 8, Imt Manesar, Gurugram",28.3810035,76.8864609,3.9,1714.0,Imt Manesar,hotel,
ChIJkTyoKUkVDTkR8L5-ZWny4t8,ChIJkTyoKUkVDTkR8L5-ZWny4t8,Hotel O Royal Guest House,"13, Gurugram Rd, Sector 11, Farukh Nagar",28.4466,76.831032,4.0,162.0,Sector 11,hotel,
ChIJAxoZFF0-DTkRrQYeGhnCS1c,ChIJAxoZFF0-DTkRrQYeGhnCS1c,Oyo 14100 Hotel D Meridien,"plot no 16, Sector 8, Imt Manesar, Manesar, Gurugram",28.3724453,76.8933833,3.9,790.0,Manesar,hotel,
ChIJkUS0a7hrDTkR8_OhQzGLVjE,ChIJkUS0a7hrDTkR8_OhQzGLVjE,Hotel O Yuvraj Plaza,"21, Street No 2, Road, opp. Nayara Petrol Pump, Pataudi, Farukh Nagar",28.44442,76.8177,4.0,24.0,Pataudi,hotel,
ChIJ64_MiLE_DTkRGOHzyJ5UpDM,ChIJ64_MiLE_DTkRGOHzyJ5UpDM,Nature Valley Resort - Manesar,"Prem Nagar Dhani, Gurugram",28.3737457,76.8622613,3.6,283.0,Prem Nagar Dhani,hotel,
ChIJockhMFI_DTkRlyEKfQmbwZU,ChIJockhMFI_DTkRlyEKfQmbwZU,Hotel O J M K Hotel,"Taj nagar, Plot no-1, Farrukh Nagar - Panchgaon Rd, near T C I, LogisticFarrukh Nagar, Gurugram, Sanpka",28.3786012,76.83006859999999,4.7,9.0,Gurugram,hotel,
ChIJhe8U-lo_DTkRUQkm2haPpZ8,ChIJhe8U-lo_DTkRUQkm2haPpZ8,Collection O The Royal Fern,"Pataudi Road, near civil hospital, Manesar, Farukh Nagar",28.445004,76.8163087,4.5,8.0,Manesar,hotel,
ChIJu85bG-QVDTkRHw-yR_kKZU4,ChIJu85bG-QVDTkRHw-yR_kKZU4,Hotel O Aashiyana,"Mustil No. 130, Khewat No. 97, Farukh Nagar - Wazirpur Rd, Farukh Nagar, Gurgaon",28.4462525,76.8326392,4.9,8.0,Farukh Nagar,hotel,
ChIJOQBN0w8_DTkR2kC7ccAduAs,ChIJOQBN0w8_DTkR2kC7ccAduAs,Hotel O Billu,"Amazon dell 4, Manesar, Jamalpur",28.3735188,76.8353369,3.8,5.0,Manesar,hotel,
ChIJsea-6yc-DTkRx23SJV-zrfo,ChIJsea-6yc-DTkRx23SJV-zrfo,Nature Valley Resort,"CV4M+JW5, Gali Number 12, Sector 97, Gurugram",28.4065057,76.8848646,4.4,14.0,Sector 97,hotel,
ChIJQ1w43W4VDTkRLtF4zn4EqHM,ChIJQ1w43W4VDTkRLtF4zn4EqHM,Hotel O City Palace,"Bala G Nagar, Farukh Nagar - Wazirpur Rd, near Ice Factory, opp. PNB bank, Farukh Nagar, Gurugram",28.4459516,76.83720629999999,3.5,14.0,Farukh Nagar,hotel,
ChIJQyBpbkVrDTkRN-vCqZuLFWc,ChIJQyBpbkVrDTkRN-vCqZuLFWc,D Akant Hotal,Farrukh Nagar - Panchgaon Rd,28.4296755,76.8226679,3.9,41.0,,hotel,
ChIJjXIMuls9DTkRhBhavLC_ajo,ChIJjXIMuls9DTkRhBhavLC_ajo,Holiday Inn Gurugram Sector 90 By Ihg,"Sector 90, Gurugram, Meoka",28.4042472,76.9362258,4.3,4386.0,Gurugram,hotel,
ChIJtzqgI2U-DTkRsyjuU_lRS18,ChIJtzqgI2U-DTkRsyjuU_lRS18,Paradise Inn Hotel,"Behind Annantraj Building, Near, Sector 8 Rd, Imt Manesar, Gurugram",28.3740058,76.905338,3.7,812.0,Imt Manesar,hotel,
ChIJl3iEtgsXDTkRiPiStrNCuOo,ChIJl3iEtgsXDTkRiPiStrNCuOo,Hotel Rajmahal Suites,"near Aarvy Healthcare Hospital, Hayatpur, Sector 93, Gurugram",28.4185807,76.9385294,4.7,31.0,Sector 93,hotel,
ChIJI_krrZ89DTkRYdUZzkyLz3Y,ChIJI_krrZ89DTkRYdUZzkyLz3Y,Saltstayz Premier – Manesar & Sector 86,"Kita 7, Shabd -451, Nawada Fatehpur, Sector 86, Gurugram",28.3910649,76.94172780000001,4.7,486.0,Sector 86,hotel,
ChIJP6BH6_0VDTkRvwuF1c6Yb6k,ChIJP6BH6_0VDTkRvwuF1c6Yb6k,Hotel Rajhans - Budget Hotel In Gurugram,"362 23, Road, near Shanti Vihar, Wazirpur, Sector 95, Meoka, Gurugram",28.418005,76.917045,5.0,80.0,Meoka,hotel,
ChIJRYVcMn8_DTkRjwOiyekkc18,ChIJRYVcMn8_DTkRjwOiyekkc18,Jps Palm Inn,"Plot 14, near kesari Sweets, Sector 8, Imt Manesar, Manesar, Gurugram",28.3722851,76.89416589999999,4.6,219.0,Manesar,hotel,
ChIJaROo4qIXDTkRp83S4LarHGg,ChIJaROo4qIXDTkRp83S4LarHGg,Fabhotel Sky I,"H No: 9, Khata No: 700, 739, Hayatpur Rd, Harsaru, Gurugram",28.4254187,76.9361459,3.6,24.0,Harsaru,hotel,
ChIJJbpqeAA_DTkRB8FYrn7TPF0,ChIJJbpqeAA_DTkRB8FYrn7TPF0,Misaki Manrsar,"Anant Raj Tech Park, CP-1, Sector 8 Rd, Sector 8, Imt Manesar, Gurugram",28.3731567,76.9043064,4.1,15.0,Imt Manesar,hotel,
ChIJa0S09SwYDTkRYlUWmvR1zMg,ChIJa0S09SwYDTkRYlUWmvR1zMg,"Heritage Village Resort & Spa, Manesar","Naharpur Rd, Manesar, Gurugram",28.366898,76.9399679,4.4,10360.0,Manesar,hotel,
ChIJ0QiWDhsVDTkRTsuxDtQTKxk,ChIJ0QiWDhsVDTkRTsuxDtQTKxk,Oyo 28118 Rajvanshi Palace,"Farukh Nagar - Wazirpur Rd, Wazirpur, Sec 95 A, Daulatabad, Gurugram",28.4220383,76.91596299999999,3.7,112.0,Daulatabad,hotel,
ChIJoX0kXzAXDTkRppuT4Y98D3U,ChIJoX0kXzAXDTkRppuT4Y98D3U,The Villa,"Ansal Heights 2, Sector 92, Gurugram",28.4151696,76.919915,4.6,7.0,Sector 92,hotel,
ChIJDfbvBQAXDTkRhozPcRxRaJ8,ChIJDfbvBQAXDTkRhozPcRxRaJ8,Hotel O Sky Premium,"Pataudi Rd, near Anandam Restrount, Sector 89A, Gurugram",28.4246749,76.9361139,4.0,32.0,Sector 89A,hotel,
ChIJ498BU249DTkRkH_DKrBZgC0,ChIJ498BU249DTkRkH_DKrBZgC0,Dayal Regency Manesar,"Plot no 479, Sector 1, Imt Manesar, Gurugram",28.362372,76.9431125,4.8,11.0,Imt Manesar,hotel,
ChIJnTjJeM49DTkRFBa_G4PhaXg,ChIJnTjJeM49DTkRFBa_G4PhaXg,Four Square,"Near, Imt Chowk, behind Hsiidc complex, Power Supply Colony, Manesar, Gurugram",28.3601576,76.93852199999999,4.9,31.0,Manesar,hotel,
ChIJ_____28-DTkRl1V_FzJyhHA,ChIJ_____28-DTkRl1V_FzJyhHA,Ginger Manesar,"Plot No A Raheja Square, Sector 2, Imt Manesar, Gurugram",28.3660004,76.9348856,3.7,1773.0,Imt Manesar,hotel,
ChIJRdQiFUo8DTkRlKBQhTQKzPo,ChIJRdQiFUo8DTkRlKBQhTQKzPo,Komal Residency,"488, Sector 1 Main Rd, Sector 1, Imt Manesar, Gurugram",28.3627552,76.942426,3.8,223.0,Imt Manesar,hotel,
ChIJ-yucsxU9DTkR6A2GPxzocoo,ChIJ-yucsxU9DTkR6A2GPxzocoo,Hotel Manesar,"Opp. Power House , IMT Chowk, near flyover, Manesar, Gurugram",28.359233,76.9397706,4.4,411.0,Manesar,hotel,
ChIJORerleg9DTkRUm59PSlICrE,ChIJORerleg9DTkRUm59PSlICrE,Hotel Heaven,"Floor No :2, Late Sh. Devender Yadav Complex, Delhi - Jaipur Expy, near Red Tape ShowRoom, Imt Manesar, Gurugram",28.3579843,76.93962719999999,4.8,79.0,Imt Manesar,hotel,
ChIJqZyTlRMXDTkRfIdgQno3Zws,ChIJqZyTlRMXDTkRfIdgQno3Zws,Hotel Blu Plaza,"Santoshi Mata mandir ke samne, Hotel blu plaza, Hayatpur Rd, Sector 89, Gurugram",28.4250832,76.9346205,4.9,14.0,Sector 89,hotel,
ChIJ31qkaK4XDTkRRv1q3L_F6vs,ChIJ31qkaK4XDTkRRv1q3L_F6vs,Hotel Sk Residency,"1st flore, Plot no.-01, Ghari harshu road, opp. santoshi mata mandir, Manesar, Gurugram",28.4245636,76.9348632,5.0,3.0,Manesar,hotel,
ChIJnQozcn8_DTkR60f2nzOlM_M,ChIJnQozcn8_DTkR60f2nzOlM_M,Hotel Rbs Inn,"Paramount Engineers, Opposite plot no 18, Sec 8 near maruti Gate no 1, Plot no. 21, Sector 8, Imt Manesar, Gurugram",28.3726113,76.8937698,3.9,371.0,Imt Manesar,hotel,
ChIJ9ewU6Ls_DTkRzsiQ4T9QLWo,ChIJ9ewU6Ls_DTkRzsiQ4T9QLWo,The Grand Royal Pg&Hotel,"Puranmal Mandir Road, Gurugram",28.3595641,76.9019247,4.3,43.0,Puranmal Mandir Road,hotel,
ChIJF1rwqbA_DTkRKDUXfcJj9g4,ChIJF1rwqbA_DTkRKDUXfcJj9g4,Hotel O By Oyo Chawla'S Hotel & Restaurant,"near Golden City, Sector 9, Imt Manesar, Gurugram",28.3853718,76.8937761,4.2,61.0,Imt Manesar,hotel,
ChIJmfR1D3gVDTkRA0J2rv-VB9M,ChIJmfR1D3gVDTkRA0J2rv-VB9M,Oyo Hotel Rajhans,"plot no 362/23, Shanti vihar colony, opp sunehri bagh farm sector 95, Wazirpur, Manesar, Gurugram",28.4179792,76.91496599999999,4.7,43.0,Manesar,hotel,
ChIJe2RlJx0VDTkRrx8Vc-9ASYc,ChIJe2RlJx0VDTkRrx8Vc-9ASYc,Oyo Hotel Kamal,"362/18, road, sector 95, Manesar, Meoka, Manesar",28.4171926,76.9081238,5.0,6.0,Meoka,hotel,
ChIJs5LeHAAXDTkRhHmVT0FLf6Q,ChIJs5LeHAAXDTkRhHmVT0FLf6Q,Hotel Bul Plaza,"CWFM+RW7, Hayatpur, Sector 93, Gurugram",28.4245468,76.93481670000001,5.0,7.0,Sector 93,hotel,
ChIJY-4p2XsVDTkRMuT0wXQAdrI,ChIJY-4p2XsVDTkRMuT0wXQAdrI,Hotel O Shri Ved Hotel,"Plot 14, chowkPataudi Road, Wazirpur, Manesar, Gurugram",28.419169,76.9057808,4.2,10.0,Manesar,hotel,
ChIJE1CbrsI9DTkRU9JuSU8YpDs,ChIJE1CbrsI9DTkRU9JuSU8YpDs,Hotel O Jiyansh,"Red Tape Online outlet, Devinder Complex, NH-8, opp. power house, Power Supply Colony, Manesar, Gurugram",28.3579277,76.93897550000001,3.6,25.0,Manesar,hotel,
ChIJ7W5mGAIWDTkRI2I_wKlwLRk,ChIJ7W5mGAIWDTkRI2I_wKlwLRk,Red Roof,"Sector 92, Gurugram",28.4129826,76.9245506,4.4,66.0,Sector 92,hotel,
ChIJ-SQyPM4_DTkR7vUfVVwEFyI,ChIJ-SQyPM4_DTkR7vUfVVwEFyI,Pg Jmr Homes,"9VGW+65M, Jat Colony Rd, Sector 8, Imt Manesar, Gurugram",28.3750046,76.8953895,4.3,285.0,Imt Manesar,hotel,
ChIJa8gPi4Y9DTkRTPXvb9eCpQg,ChIJa8gPi4Y9DTkRTPXvb9eCpQg,Hotel Elite Oak,"VATIKA INDIA NEXT, Plot no. ;- 9, Street J-7.1, Homes Ave Rd, Gurugram",28.3938014,76.97004199999999,4.5,382.0,Homes Ave Rd,hotel,
ChIJh_S5sis9DTkR1oUaarU1OPk,ChIJh_S5sis9DTkR1oUaarU1OPk,Hotel Gurugram Manesar,"Sector 1, Imt Manesar, Gurugram",28.362017,76.9499352,4.8,547.0,Imt Manesar,hotel,
ChIJBXLyghI9DTkRRrOaOusMssk,ChIJBXLyghI9DTkRRrOaOusMssk,Hyatt Regency Gurugram,"Hyatt Regency, NH48, Sector 83, New Delhi, Gurugram",28.3923886,76.9763224,4.3,13868.0,New Delhi,hotel,
ChIJ2am72v89DTkROMLW-jN2w0w,ChIJ2am72v89DTkROMLW-jN2w0w,Hotel Ajay Residency,"Hotel Ajay Residency village, Jaipur - Delhi Expy, near Kherki Daula Toll Plaza, Kherki Daula, Sector 84, Gurugram",28.3989772,76.9846191,3.9,574.0,Sector 84,hotel,
ChIJpTcilaQ9DTkR5_-YMDv8bCY,ChIJpTcilaQ9DTkR5_-YMDv8bCY,"Fabhotel Sapphire 83 - Hotel In Manesar, Gurgaon","11th floor, sapphire mall, 9th to, 83, Sector 83, Gurugram",28.3921471,76.9674629,3.2,161.0,Sector 83,hotel,
ChIJrVtbefw9DTkRPqlo2vY-j1s,ChIJrVtbefw9DTkRPqlo2vY-j1s,Ar Prime Hotel,"Palm Hills, NH-8, near chetak warehouse, socaity, Sector 77, Gurugram",28.3881421,76.97796009999999,4.6,53.0,Sector 77,hotel,
ChIJdz8Zakw8DTkR_K7vS9toFgA,ChIJdz8Zakw8DTkR_K7vS9toFgA,Istay Serenity Villa Manesar,"#236, NH-8, Sector 1, Imt Manesar, Gurugram",28.3640096,76.9484337,4.3,488.0,Imt Manesar,hotel,
ChIJTSw1U9UXDTkRPNDA5dxjbTw,ChIJTSw1U9UXDTkRPNDA5dxjbTw,Ramada Encore By Wyndham Gurugram Dwarka Expressway,"Elan miracle mall, Dwarka Expy, Sector 84, Gurugram",28.415249,76.9646381,4.7,670.0,Sector 84,hotel,
ChIJGT-mXoQ9DTkRq9y4I-4mxNQ,ChIJGT-mXoQ9DTkRq9y4I-4mxNQ,Iris Sarovar Portico,"Trehan, Iris Broadway, Sector 85, Gurugram",28.4040717,76.94820519999999,4.6,273.0,Sector 85,hotel,
ChIJwdd2QAA9DTkR6N23pH_BlSc,ChIJwdd2QAA9DTkR6N23pH_BlSc,Via Ar Suites,"2nd & 3rd Floor, JJ, H No: 65, near Sapphire 83 Mall, Sector 83, Gurugram",28.390967,76.9684025,4.3,128.0,Sector 83,hotel,
ChIJda6QOks8DTkRSYPBnAZZFs8,ChIJda6QOks8DTkRSYPBnAZZFs8,"Savoy Suites, Manesar","R 75, Sector 1 Main Rd, Sector 1, Imt Manesar, Gurugram",28.3668311,76.944118,4.5,4546.0,Imt Manesar,hotel,
ChIJyRKgd5E9DTkRQ-_q9wDDy3I,ChIJyRKgd5E9DTkRQ-_q9wDDy3I,"Ar Suites, Klj Square, Gurugram","NH-8, Sector 83, Gurugram",28.3904887,76.97506829999999,4.8,553.0,Sector 83,hotel,
ChIJ1Qnx2DA9DTkRdqk9S2x5zI0,ChIJ1Qnx2DA9DTkRdqk9S2x5zI0,"Treebo Sai Village, Manesar","Plot No. 122, behind Ompee Global School, Sector 1, Imt Manesar, Manesar, Gurugram",28.3673799,76.9485418,4.1,318.0,Manesar,hotel,
ChIJG8FI6_UXDTkRHGRJJxf6O_w,ChIJG8FI6_UXDTkRHGRJJxf6O_w,"Aapnoghar (Resort, Water Park, Amusement Park)","43rd Mile Stone, Jaipur - Delhi Expy, NH8, Sector 77, Gurugram",28.3867191,76.97476569999999,4.3,9893.0,Sector 77,hotel,
ChIJnWzx20U9DTkRPxUI9pMRna4,ChIJnWzx20U9DTkRPxUI9pMRna4,Fabhotel Sky,"Sleepwell Gallery, Block J-1, VATIKA INDIA NEXT, Plot No. J-12, Sector 83, Gurugram",28.391523,76.970306,3.5,150.0,Sector 83,hotel,
ChIJSbvehE48DTkRMs0PN6iblgk,ChIJSbvehE48DTkRMs0PN6iblgk,Collection O By Oyo Sakshi,"plot no 394, Sector 1 IMT manesar, Manesar, Gurugram, Manesar",28.3620315,76.9492375,3.9,436.0,Gurugram,hotel,
ChIJD0MQIp89DTkRP3c_QnFrdws,ChIJD0MQIp89DTkRP3c_QnFrdws,The Tomo Inn,"Plot 414, Sector 1, Imt Manesar, Gurugram",28.3611227,76.9511957,4.9,12.0,Imt Manesar,hotel,
ChIJuWuDHAA9DTkRJKgWuC2hdIE,ChIJuWuDHAA9DTkRJKgWuC2hdIE,Raj Residency New,"Plot no.293, near suraj school, Sector 1, Imt Manesar, Gurugram, Manesar",28.3627762,76.9474894,4.2,57.0,Gurugram,hotel,
ChIJP-R4HAg9DTkR4EwItRUAaa8,ChIJP-R4HAg9DTkR4EwItRUAaa8,Raj Residency Guest House,"Plot number 8 , sector 1, IMT Manesar, Manesar, Gurugram",28.368444,76.948632,4.5,30.0,Manesar,hotel,
ChIJ7YAuUx89DTkRFRi0TeqfJ7I,ChIJ7YAuUx89DTkRFRi0TeqfJ7I,Hotel The Orange Inn,"Plot no. 294, Sector 1, Imt Manesar, Manesar, Gurugram",28.3627427,76.94762949999999,4.6,24.0,Manesar,hotel,
ChIJ9YQiGwA9DTkRPjg7rABv8os,ChIJ9YQiGwA9DTkRPjg7rABv8os,"Lemon Tree Suites, Gurugram","Khasra No 614, Vatika Flyover, Sector 82A, Gurugram",28.3866297,76.9696587,4.5,84.0,Sector 82A,hotel,
ChIJeeN3K_M9DTkRbW1ccwdONBI,ChIJeeN3K_M9DTkRbW1ccwdONBI,Hotel O By Oyo Naveen Stay,"Plot No. 401, Sector 1, HR, near Huda market, Manesar",28.3660741,76.9516264,3.1,37.0,near Huda market,hotel,
ChIJ_-A3ZQA9DTkRohlfyHDiSeU,ChIJ_-A3ZQA9DTkRohlfyHDiSeU,Suisen Residency,"Plot No- 54, Sector 1 Main Rd, Sector 1, Imt Manesar, Gurugram",28.3653546,76.9476042,4.2,6.0,Imt Manesar,hotel,
ChIJE-nHCOw9DTkRWoaV4qW-0B8,ChIJE-nHCOw9DTkRWoaV4qW-0B8,Hotel O Naveen Stay,"Plot no. 425, Sector 1, IMT manesar, Manesar",28.36114,76.94883,2.7,7.0,IMT manesar,hotel,
ChIJPw7BCdE9DTkRhBDLdYRoU2s,ChIJPw7BCdE9DTkRhBDLdYRoU2s,Hotel O Naveen Residancy,"plot no.361, Sector 1, Imt Manesar, Manesar, Gurugram",28.3660742,76.9516187,2.5,27.0,Manesar,hotel,
ChIJ____v1M8DTkRORbMFsPZdfY,ChIJ____v1M8DTkRORbMFsPZdfY,Karma Chalets,"Karma Lakelands, NH-8, Sector 80, Gurugram",28.3625847,76.957482,4.5,1158.0,Sector 80,hotel,
ChIJSfTjlIYXDTkRJjVdzF94PSM,ChIJSfTjlIYXDTkRJjVdzF94PSM,Hotel O Dwarka Palace,"Amira Food India Limited, 57/1, Pataudi Rd, Harsaru, Sector 88A, Gurugram",28.4282047,76.95477679999999,4.0,335.0,Sector 88A,hotel,
ChIJ3SD_AlkVDTkR5vw23z7SA68,ChIJ3SD_AlkVDTkR5vw23z7SA68,"Sunahari Bagh Farm - A Luxury Farmhouse With Private Pool Near Delhi Ncr, Farmhouse For Weddings And Events","AWHO Group, Luxury Flats, Pataudi Rd, near Shanti Vihar, Housing Colony, Sunhari Bagh, Sector 95, Gurugram",28.4179267,76.9163197,4.2,155.0,Sector 95,hotel,
ChIJAd3619A9DTkR4UZYACYhK9E,ChIJAd3619A9DTkR4UZYACYhK9E,Hotel Sai Village 281,"SAI VILLAGE 281, Sector 1 Main Rd, Sector 1, Imt Manesar, Gurugram",28.3629834,76.9500319,4.8,17.0,Imt Manesar,hotel,
ChIJSbtGxVI8DTkR1n3vqBK1m5I,ChIJSbtGxVI8DTkR1n3vqBK1m5I,Karma Lakelands,"NH-8, Sector 80, Gurugram",28.3627642,76.95748139999999,4.4,10592.0,Sector 80,hotel,
ChIJn31IGhI9DTkRkFdkJCaQLms,ChIJn31IGhI9DTkRkFdkJCaQLms,Airport Motel,"43rd Mile Stone, Sector 77, Gurugram",28.3866745,76.9745161,4.0,46.0,Sector 77,hotel,
ChIJD30e-Uw8DTkRO7PU1hnBmnw,ChIJD30e-Uw8DTkRO7PU1hnBmnw,Fabhotel Next Home Prime,"H No: 16, 1, Sector 1, Imt Manesar, Gurugram",28.36835,76.94986,4.7,25.0,Imt Manesar,hotel,
ChIJmaiOGEo8DTkRRhZyisMfsrA,ChIJmaiOGEo8DTkRRhZyisMfsrA,Fabexpress Next Home,"441, opposite Baal Bharti School, Sector 1, Imt Manesar, Gurugram",28.363405,76.94484820000001,4.8,215.0,Imt Manesar,hotel,
ChIJP-7LeaE9DTkRHg0KCwS-sEQ,ChIJP-7LeaE9DTkRHg0KCwS-sEQ,Hotel O Ar Suites,"Block-J-1, Plot no.- 65, vatika service road, Sector 83, Gurugram",28.3910095,76.9684843,4.2,29.0,Sector 83,hotel,
ChIJazcHbn09DTkRy0dvrTlBckw,ChIJazcHbn09DTkRy0dvrTlBckw,Rao Residency,"Plot No 437, Sector 1, Imt Manesar, Gurugram",28.3628013,76.9449579,3.9,97.0,Imt Manesar,hotel,
ChIJ9WJgCpwiDTkR9v_-VgD8zc4,ChIJ9WJgCpwiDTkR9v_-VgD8zc4,Radisson Hotel Gurugram Sohna Road City Center,"Main, Badshahpur Sohna Rd, Block S, Sector 49, Gurugram",28.4159538,77.0417895,4.4,6984.0,Sector 49,hotel,
ChIJWdjKacEZDTkRJ9Sdiz-wiEo,ChIJWdjKacEZDTkRJ9Sdiz-wiEo,The Palms Inn,"1043, Main Gate, opp. Power House, Islampur Village, Sector 38, Gurugram",28.4356951,77.0415321,4.7,611.0,Sector 38,hotel,
ChIJMzJPXKkjDTkRj4J1rgUw_A4,ChIJMzJPXKkjDTkRj4J1rgUw_A4,"Townhouse Cloud Bay, Near Genpact, Sector-69, Gurgaon","92VQ+RF5 TULIP WHITE, Avenue 69, Society, Genpact 69, Sector 69, Gurugram",28.3963436,77.038989,4.3,604.0,Sector 69,hotel,
ChIJxfD7FZwiDTkRP3SrCV-mTAE,ChIJxfD7FZwiDTkRP3SrCV-mTAE,Alivaa Hotel Gurugram Sohna Road City Center,"Spaze Boulevard II, Badshahpur Sohna Rd, Malibu Towne, Sector 47, Gurugram",28.4189876,77.0407283,4.3,238.0,Sector 47,hotel,
ChIJ0cKCfqgXDTkRtG8R8lMZzME,ChIJ0cKCfqgXDTkRtG8R8lMZzME,The Grand Heritage Hotel,"The Grand Heritage Hotel, 37th milestone, opposite Nissan Service Centre, Khandsha, Gurugram",28.4302079,77.004914,4.7,138.0,Khandsha,hotel,
ChIJ09kc2dgZDTkRR7K_tp-Fgco,ChIJ09kc2dgZDTkRR7K_tp-Fgco,Fabhotel Gazelle Inn - Hotel Near Medanta Hospital,"Plot No 27, near Medicity, Medicity, The Medanta, Sector 38, Gurugram",28.4377247,77.0431201,3.1,73.0,Sector 38,hotel,
ChIJn90fB-IjDTkRa2h_IqLdOBk,ChIJn90fB-IjDTkRa2h_IqLdOBk,Gilmore Stays | Homestay |,"Tulip Purple, Sector 69, Gurugram",28.3963805,77.0329319,4.7,101.0,Sector 69,hotel,
ChIJI7P9KOMXDTkRmTNCIVrNgU0,ChIJI7P9KOMXDTkRmTNCIVrNgU0,"Holiday Inn Gurgaon Nh8, An Ihg Hotel","39 Milestone, NH8, Jaipur - Delhi Expy, Sector 36, Gurugram",28.4218386,76.9983531,4.5,713.0,Sector 36,hotel,
ChIJtQuDZvIZDTkRoGzaPPVdMss,ChIJtQuDZvIZDTkRoGzaPPVdMss,A1 Guest House In Gurgaon,"Guru Haridas Rd, behind Medanta, Medicity, Islampur Village, Sector 38, Gurugram",28.4382786,77.03731119999999,4.7,158.0,Sector 38,hotel,
ChIJFXWsgMwZDTkRvXpQTNJyZlM,ChIJFXWsgMwZDTkRvXpQTNJyZlM,The Lodgers Hotel - Hotel Near Medanta Medicity Sector 38,"25, near Medanta Hospital, Medicity, Sector 38, Gurugram",28.437563,77.0434648,4.9,204.0,Sector 38,hotel,
ChIJxaP-LEYjDTkRKwrd-f1rgd0,ChIJxaP-LEYjDTkRKwrd-f1rgd0,Hotel Rr Galaxy Gurugram,"60 Meter Rd, near Tulip Violet Society, Tulip Violet Society, Sector 69, Gurugram",28.3930624,77.03149379999999,4.4,258.0,Sector 69,hotel,
ChIJw7qPDAoZDTkRV-2mY2VsxR4,ChIJw7qPDAoZDTkRV-2mY2VsxR4,"The Sandalwood | Sec-38, Near Medanta Medicity | Gurugram","Plot no 644, Islampur Colony, Sector 38, Gurugram",28.4304338,77.04270939999999,4.5,274.0,Sector 38,hotel,
ChIJtTHggW4YDTkRq1i72xHmz6E,ChIJtTHggW4YDTkRq1i72xHmz6E,"Hotel Dream Connect – Comfy Rooms, Gurgaon","1199 T, Guru Haridas Rd, Islampur Village, Sector 38, Gurugram",28.4374502,77.03919379999999,4.7,515.0,Sector 38,hotel,
ChIJm3CI3S0ZDTkRAUh7BLkoMAg,ChIJm3CI3S0ZDTkRAUh7BLkoMAg,"Hotel Maharaja Palace Near Medanta Hospital, Hotel In Sector 38 Gurgaon","Plot no 770, 770, Islampur Village, Sector 38, Gurugram",28.429952,77.040018,4.5,809.0,Sector 38,hotel,
ChIJ2bwVBgAZDTkRah_u1EhEw20,ChIJ2bwVBgAZDTkRah_u1EhEw20,Hotel Radiance Inn,"Huda Market, 1032-D, near Sector 38, Islampur Colony, Sector 38, Gurugram",28.4352472,77.04086509999999,4.9,40.0,Sector 38,hotel,
ChIJ2TtPSgAZDTkR0nVA4pUDCkw,ChIJ2TtPSgAZDTkR0nVA4pUDCkw,Oasis Stay,"Plot No. 27, Medicity, Islampur Colony, Sector 38, Gurugram",28.437713,77.04314,3.8,26.0,Sector 38,hotel,
ChIJ02Bkw2gYDTkRTp9KZwPMeG8,ChIJ02Bkw2gYDTkRTp9KZwPMeG8,Gazebo Inn & Suites,"GH-7, CH Baktawar Singh Rd, opposite Medanta Hospital, Janak Puri C Block, Sector 39, Gurugram",28.4413089,77.0428609,4.4,1616.0,Sector 39,hotel,
ChIJZyIlaxwZDTkRlnVSGo9liHo,ChIJZyIlaxwZDTkRlnVSGo9liHo,Paras Inn,"35 Milestone, NH-8, near Hero Honda Chowk Flyover, Naharpur Rupa Chowk, Sector 33, Gurugram",28.4444907,77.0179701,4.4,516.0,Sector 33,hotel,
ChIJgz8jSOYZDTkRkPmx_o9V6-M,ChIJgz8jSOYZDTkRkPmx_o9V6-M,Gill Comfort Inn,"Medanta hospital, 1013/AP, Islampur Village, Sector 38, Gurugram",28.433946,77.04164910000001,4.9,70.0,Sector 38,hotel,
ChIJcZ7kEYMZDTkRGUFb1yxSQfg,ChIJcZ7kEYMZDTkRGUFb1yxSQfg,Windchime 331 - Guest House Near Medanta Gurugram | Hotel Near Medanta Gurugram,"C 331, Medicity, Islampur Colony, Sector 38, Gurugram",28.4345798,77.043086,4.7,416.0,Sector 38,hotel,
ChIJF8BDSvUjDTkRmTGzo9MYiVg,ChIJF8BDSvUjDTkRmTGzo9MYiVg,Amahi Inn Sector 48,"D-129, Vipul World Rd, near Vega School, Aaron Ville Dhani, Vipul World, Sector 48, Gurugram",28.4109615,77.03703569999999,4.5,154.0,Sector 48,hotel,
ChIJiz6C02gYDTkRQyDPMavhpE8,ChIJiz6C02gYDTkRQyDPMavhpE8,Royal Residency 2,"plot no.5, Janak Puri C Block, Sector 39, Gurugram",28.4404289,77.0423793,4.2,102.0,Sector 39,hotel,
ChIJ4bbuL5sZDTkRKr-J97a4G0s,ChIJ4bbuL5sZDTkRKr-J97a4G0s,The Leaf Studio Hospitalities,"Plot No 1044, Islampur Village, Sector 38, Gurugram",28.4358741,77.0415096,4.7,349.0,Sector 38,hotel,
ChIJrdHmZoQZDTkRmwGZkcfPj4Y,ChIJrdHmZoQZDTkRmwGZkcfPj4Y,The Angel Hotel & Suites Near Medanta,"996, near Medanta Hospital, Islampur Village, Sector 38, Gurugram",28.4336379,77.0417068,4.7,694.0,Sector 38,hotel,
ChIJU6eIyfUXDTkRunuHeTS9MaA,ChIJU6eIyfUXDTkRunuHeTS9MaA,Oyo 24638 Hotel Pace,"598/01, Opposite Orient Craft Near Hero Honda, Chowk, Khandsa Rd, Gurugram",28.4378806,77.0064165,3.5,635.0,Khandsa Rd,hotel,
ChIJz1izm5IjDTkRNiCBlzrxrNk,ChIJz1izm5IjDTkRNiCBlzrxrNk,Super Hotel O Coco Tree,"plot No 59, Sector 69, Gurugram",28.3956761,77.04106349999999,4.2,49.0,Sector 69,hotel,
ChIJF40SMosZDTkRch0ZBwZJygY,ChIJF40SMosZDTkRch0ZBwZJygY,Touchwood Inn,"Plot no. 1050, Sector 38, Gurugram",28.4361559,77.04093069999999,4.8,161.0,Sector 38,hotel,
ChIJHY9kQ3oZDTkRFwMKA9zUHhA,ChIJHY9kQ3oZDTkRFwMKA9zUHhA,Hotel Shree Kanta,"Plot No. 41, 27, Khandsa Rd, near Sector 10A, Hari Nagar, Sector 10A, Gurugram",28.4439158,77.0114828,4.2,823.0,Sector 10A,hotel,
ChIJE3DvtxIjDTkRjoZAKwZ_L-A,ChIJE3DvtxIjDTkRjoZAKwZ_L-A,"Holiday Inn Express Gurugram Sector 50, An Ihg Hotel","Good Earth City Centre, opposite Malibu Commercial Complex, Pocket H, Nirvana, Sector 50, Gurugram, Fatehpur",28.4212557,77.05296799999999,4.2,6252.0,Gurugram,hotel,
ChIJS0aYLBwjDTkRg1kvuwxqGGk,ChIJS0aYLBwjDTkRg1kvuwxqGGk,"Clay Inn Hotel, Gurugram","S-20 & 21, Sai Dham Rd, near Sai Dham, Block S, Uppal Southend, Sector 49, Gurugram",28.4077053,77.04926309999999,4.4,1078.0,Sector 49,hotel,
ChIJS49M_lcZDTkRKyK8H7uO5Gc,ChIJS49M_lcZDTkRKyK8H7uO5Gc,Flora Residency,"Plot No. 682P, Captain Ganpat Ram Yadav Marg, Sector 45, Gurugram",28.4446517,77.07425429999999,4.8,2109.0,Sector 45,hotel,
ChIJ86e0i6sjDTkRzMsqrb9fdGU,ChIJ86e0i6sjDTkRzMsqrb9fdGU,Saltstayz Premier - Golf Course Extension Road,"Senate Court, Sector 62, Gurugram",28.411193,77.0755358,4.5,1776.0,Sector 62,hotel,
ChIJaUH1g7YZDTkRwGo7eJ6sXow,ChIJaUH1g7YZDTkRwGo7eJ6sXow,Hotel Mavens White - Near Artemis Hospital,"261 SP, Artemis Hospital Rd, Koyal Vihar, Sector 52, Gurugram, Bindapur",28.4344914,77.0707386,4.6,1890.0,Gurugram,hotel,
ChIJUx74utsZDTkRjuDrM8CnZM0,ChIJUx74utsZDTkRjuDrM8CnZM0,Wandr Hotel Medicity,"421, Sector 39, Gurugram",28.4377766,77.0465655,4.5,177.0,Sector 39,hotel,
ChIJBevGfo4ZDTkRVZgGThgWOhM,ChIJBevGfo4ZDTkRVZgGThgWOhM,"Lime Tree Hotel Pulkit Gurgaon Artemis Hospital, Nearest Millennium City Centre Metro Station","PLOT NO - 437, Koyal Vihar, Sector 52, Gurugram, Bindapur",28.4343039,77.0724741,4.7,1101.0,Gurugram,hotel,
ChIJ6yMHonsZDTkRMN0eS43o7Tw,ChIJ6yMHonsZDTkRMN0eS43o7Tw,Saltstayz Select,"2412, Premium, Main road, near Golf Course Road, Block G, Sushant Lok 2, Sector 57, Gurugram",28.4286046,77.0908536,4.7,2705.0,Sector 57,hotel,
ChIJWUsSGaMZDTkRl5tZNykJQlM,ChIJWUsSGaMZDTkRl5tZNykJQlM,Akshay Hotel,"Plot No 418, near Medanta Hospital, Jharsa, Sector 39, Gurugram",28.4382016,77.0468667,4.4,338.0,Sector 39,hotel,
ChIJtaHuZ1AZDTkRyrznyfcQis8,ChIJtaHuZ1AZDTkRyrznyfcQis8,Hotel Singh Residency Medanta-Best Hotel Near Medanta Hospital Gurgaon,"400, Sector 39 Rd, near Medanta House, Medicity, Sector 39, Gurugram",28.4385577,77.0454994,4.8,161.0,Sector 39,hotel,
ChIJzZI0VEkZDTkR29_RofPvWQE,ChIJzZI0VEkZDTkR29_RofPvWQE,Saltstayz Premier - Near Golf Course Road & Sector 57,"Plot No. 1579, Block B1, Sector 57, Gurugram",28.4292962,77.0843083,4.8,1479.0,Sector 57,hotel,
ChIJ1ywK05AZDTkRdgEqHoRr7Qc,ChIJ1ywK05AZDTkRdgEqHoRr7Qc,"The Royal Oak - Hotel In Sector 40, Gurgaon","1091, Sector 40, Gurugram",28.4452284,77.0570867,4.3,288.0,Sector 40,hotel,
ChIJBcMcWOAjDTkRUzbA5iIK4lY,ChIJBcMcWOAjDTkRUzbA5iIK4lY,Hays Air By Ahuja Residences,"J-16, Block J, Mayfield Garden, Sector 51, Gurugram, Samaspur",28.4214978,77.0641376,4.8,125.0,Gurugram,hotel,
ChIJV5-5zT8ZDTkRZVbc0L1G0SU,ChIJV5-5zT8ZDTkRZVbc0L1G0SU,Saltstayz Select - Unitech Cyber Park,"Plot No. 616-P, near UNITECH CYBER PARK, Sector 39, Gurugram",28.4395478,77.05340199999999,4.7,1470.0,Sector 39,hotel,
ChIJm0qIOasjDTkRA453tuikBoQ,ChIJm0qIOasjDTkRA453tuikBoQ,White Rock Hotel - Sohna Road,"Badshahpur Sohna Rd, opp. BSF Camp, Mohan Nagar, Gurugram",28.3657379,77.05956019999999,4.6,901.0,Mohan Nagar,hotel,
ChIJTUvWM5MYDTkR3hEIs_noaC8,ChIJTUvWM5MYDTkR3hEIs_noaC8,Comfort Inn Dhaliwals Gurgaon,"19SP, Block C, Uday Nagar, Sector 45, Gurugram",28.4403426,77.0633742,4.4,388.0,Sector 45,hotel,
ChIJRRr_gFYjDTkRVtJ9ZdjdHTs,ChIJRRr_gFYjDTkRVtJ9ZdjdHTs,Lime Tree Hotel Golf Course Ext. Gurgaon,"Plot No- 2731, near Bikaner Wala, Block A, Sushant Lok III, Sector 57, Gurugram",28.4158942,77.08375029999999,4.7,323.0,Sector 57,hotel,
ChIJVbCrbc8jDTkRq4eovlKi9kE,ChIJVbCrbc8jDTkRq4eovlKi9kE,Reebah Inn & Suites,"#947, Sector 51 Rd, Sector 51, Gurugram",28.4313307,77.06244699999999,4.4,680.0,Sector 51,hotel,
ChIJwyap0C4ZDTkRoNal--atvHU,ChIJwyap0C4ZDTkRoNal--atvHU,Grand Vitara Gurgaon,"Plot No 1483, Huda Colony, Sector 46, Gurugram",28.4297017,77.0591914,4.2,461.0,Sector 46,hotel,
ChIJtRsd1IMjDTkRhi5TIH7xu98,ChIJtRsd1IMjDTkRhi5TIH7xu98,Octave Nirvana Suites,"C40, Pocket C, Mayfield Garden, Sector 50, Gurugram",28.423289,77.0608752,4.4,605.0,Sector 50,hotel,
ChIJ5ztBr_kZDTkR4LzBbqbWcSk,ChIJ5ztBr_kZDTkR4LzBbqbWcSk,The Archer Hotel & Banquets,"Plot No. 256, Artemis Hospital Rd, Koyal Vihar, Sector 52, Gurugram, Bindapur",28.4349984,77.0702629,4.0,461.0,Gurugram,hotel,
ChIJDQno1z4ZDTkRCYA0YtLlZos,ChIJDQno1z4ZDTkRCYA0YtLlZos,Blue Moon Residency Hotel & Restaurant,"Plot No 1531 B, near St.Angel School, Block A, Greenwood City, Sector 45, Gurugram",28.446975,77.0644883,4.6,242.0,Sector 45,hotel,
ChIJa4Td0z8jDTkRPG1sCr5IS5o,ChIJa4Td0z8jDTkRPG1sCr5IS5o,Inde Hotel Golf Course Extention,"D-52, Sector 49, Sohna, Road, Golf Course Ext Rd, Gurugram",28.4046509,77.0506034,4.2,256.0,Golf Course Ext Rd,hotel,
ChIJuZcQSHoYDTkR8OykqL6oCRA,ChIJuZcQSHoYDTkR8OykqL6oCRA,Fabhotel Star Corporate Suite,"House No. 804, Sector 47, Gurugram",28.430765,77.047217,3.8,127.0,Sector 47,hotel,
ChIJjyeFQCMfDTkRJuuH8AyC5YE,ChIJjyeFQCMfDTkRJuuH8AyC5YE,"Posh Classic, Gurgaon","A-12, Block A, Greenwood City, Sector 45, Gurugram",28.4455118,77.0629314,4.6,175.0,Sector 45,hotel,
ChIJ3-PpEgYZDTkRA3FAMu-E6AI,ChIJ3-PpEgYZDTkRA3FAMu-E6AI,360 Degree Hotel Near Medanta Hospital Rajiv Chowk Gurugram,"1139, opposite Trimurty heights Apartment, opposite medanta the medicity hospital, Janak Puri C Block, Sector 39, Gurugram",28.4406838,77.0437164,4.8,420.0,Sector 39,hotel,
ChIJSXFOGecZDTkRR7ECThr6qcM,ChIJSXFOGecZDTkRR7ECThr6qcM,The Florence Hotel Near Artemis Hospital,"1482P, Huda Colony, Sector 46, Gurugram",28.4296229,77.0589869,4.6,133.0,Sector 46,hotel,
ChIJCUCbwIwZDTkRpOs1cXoyU2Q,ChIJCUCbwIwZDTkRpOs1cXoyU2Q,Hotel Grand Manor,"218 P, Sector 51, Gurugram",28.4335278,77.064388,4.5,210.0,Sector 51,hotel,
ChIJhbQ2bW8ZDTkRgB6pJDAyXXc,ChIJhbQ2bW8ZDTkRgB6pJDAyXXc,Limewood Stay | Unitech Cyber Park,"41P, Block C, Uday Nagar, Sector 45, Gurugram",28.4382467,77.06599729999999,4.8,390.0,Sector 45,hotel,
ChIJg6ULUdEjDTkRnQiTUDS_J9s,ChIJg6ULUdEjDTkRnQiTUDS_J9s,Ahuja Residency Mayfield Garden,"N 35, near C K Birla Hospital, Block N, Mayfield Garden, Sector 51, Gurugram",28.4246727,77.06001119999999,4.8,312.0,Sector 51,hotel,
ChIJN7SyOloZDTkRk7RKye2AtZI,ChIJN7SyOloZDTkRk7RKye2AtZI,The Palm Suites,"Plot number 262, Medicity, Islampur Colony, Sector 38, Gurugram",28.433995,77.0476583,4.4,89.0,Sector 38,hotel,
ChIJix1ZFWUYDTkRrJMXkJIv9mk,ChIJix1ZFWUYDTkRrJMXkJIv9mk,Lime Tree Hotel Near Medanta Gurgaon,"Medicity, Islampur Colony, Sector 38, Gurugram",28.436333,77.046432,4.8,344.0,Sector 38,hotel,
ChIJNW7xfpUjDTkRnk6REafay-g,ChIJNW7xfpUjDTkRnk6REafay-g,Hotel Sakura Gold Maps Group,"68 Avenue, Badshahpur, Sector 68, Gurugram",28.3848063,77.05201389999999,4.3,181.0,Sector 68,hotel,
ChIJ-d8FwZ4ZDTkRRzTD7epgUdw,ChIJ-d8FwZ4ZDTkRRzTD7epgUdw,"Hotel Ashiyana Elite, Near Golf Course Road","Plot no, 1574P, Block B1, Sector 57, Gurugram",28.429371,77.0835491,4.9,100.0,Sector 57,hotel,
ChIJganRVJAjDTkRuq61WMKx4NQ,ChIJganRVJAjDTkRuq61WMKx4NQ,Rjk Stay Stay In Style,"D-112, South City II, Sector 49, Gurugram",28.4157832,77.05187649999999,4.5,468.0,Sector 49,hotel,
ChIJ5X7CbgAZDTkR2E-ZjpnjZi8,ChIJ5X7CbgAZDTkR2E-ZjpnjZi8,The Lodgers Luxury Hotel Near Golf Course Road Gurgaon,"1287XP Near, Artemis Hospital Rd, Block H, Sector 57, Gurugram",28.4301688,77.07683159999999,4.8,503.0,Sector 57,hotel,
ChIJR3VQqa0ZDTkRTEA4kYW9eMo,ChIJR3VQqa0ZDTkRTEA4kYW9eMo,Limewood Stay Oasis,"1873p, Sarswati Kunj II, Wazirabad, Sector 52, Gurugram",28.4409184,77.0861955,4.8,532.0,Sector 52,hotel,
ChIJx0bOHEgZDTkRcxDTz1N9ASc,ChIJx0bOHEgZDTkRcxDTz1N9ASc,Starex Inn Hotel & Service Appartment,"563, Near Artemis Hospital, Koyal Vihar, Sector 52, Gurugram, Bindapur",28.4326245,77.0731112,3.8,62.0,Gurugram,hotel,
ChIJVYx7WkYZDTkRLSo5i62rT3Y,ChIJVYx7WkYZDTkRLSo5i62rT3Y,Limewood Stay Mall 51,"177P, Sector 51, Gurugram",28.4350604,77.0658251,4.8,710.0,Sector 51,hotel,
ChIJmTB5HzUZDTkRTBavRM5qJO4,ChIJmTB5HzUZDTkRTBavRM5qJO4,Hotel Mavens House,"259 SP, Artemis Hospital Rd, Koyal Vihar, Sector 52, Gurugram, Bindapur",28.4346478,77.0705979,4.8,861.0,Gurugram,hotel,
ChIJRU-t04EYDTkRvvJW6Wqkwes,ChIJRU-t04EYDTkRvvJW6Wqkwes,"Keys Lite By Lemon Tree Hotels, Mayfield, Gurugram","N29&N30, Block N, Mayfield Garden, Sector 51, Gurugram",28.4251507,77.05955,4.1,535.0,Sector 51,hotel,
ChIJqe1N890ZDTkRmmIYeR-jjV8,ChIJqe1N890ZDTkRmmIYeR-jjV8,Heistel Gurugram,"1032, near UNITECH CYBER PARK, Durga Colony, Jharsa Village, Sector 39, Gurugram",28.4407019,77.05397839999999,4.1,107.0,Sector 39,hotel,
ChIJ-VWydUYZDTkRCK1L0K_hslU,ChIJ-VWydUYZDTkRCK1L0K_hslU,Golden Place Hotel,"377, Medicity, Islampur Colony, Sector 38, Gurugram",28.4342859,77.045193,4.1,93.0,Sector 38,hotel,
ChIJSfZsve4ZDTkR-sn6fGbQcH0,ChIJSfZsve4ZDTkR-sn6fGbQcH0,Limewood Signature - Near Golf Course Road,"1565 P, near golf course road, Block H, Sector 57, Gurugram",28.4295914,77.081954,5.0,681.0,Sector 57,hotel,
ChIJR3-TfVQZDTkRhVHU7cnbjZw,ChIJR3-TfVQZDTkRhVHU7cnbjZw,La Cozy Residency,"13P, Captain Ganpat Ram Yadav Marg, Block D, Indira Colony 2, Sector 52, Gurugram",28.4425181,77.0729666,4.5,406.0,Sector 52,hotel,
ChIJefT_XP8ZDTkRD_-feFIklCk,ChIJefT_XP8ZDTkRD_-feFIklCk,Nearmi Boutique Hotel & Cafe Sector 47,"Plot no 812, Sector 47, Gurugram",28.4306199,77.0461349,4.7,114.0,Sector 47,hotel,
ChIJKST1WAIiDTkRsgzAHRBHBv4,ChIJKST1WAIiDTkRsgzAHRBHBv4,Redbrick Villa,"D-BLOCK, Plot no. 575-P, Opposite Sushant Tower, adjacent C-Dot Apartment, Sushant Lok 2, Sector 56, Gurugram",28.4199459,77.1005832,4.3,576.0,Sector 56,hotel,
ChIJx6BZam8ZDTkRL_TARoK8i_w,ChIJx6BZam8ZDTkRL_TARoK8i_w,The Rejoice Venture,"PLOT NO - 326P, Sector 45, Gurugram",28.4408963,77.07052879999999,4.8,225.0,Sector 45,hotel,
ChIJ845-Av8hDTkR92215ULZUa0,ChIJ845-Av8hDTkR92215ULZUa0,Doubletree By Hilton Hotel Gurgaon - New Delhi Ncr,"Golf Course Rd, Sector 56, Gurugram, Ghata",28.4220929,77.1045376,4.5,14332.0,Gurugram,hotel,
ChIJBfnuD7sZDTkRo_vgFmqNTNs,ChIJBfnuD7sZDTkRo_vgFmqNTNs,Aadat Hotel,"Plot no 157 P, Rd No D-13 A, Ardee City, Indira Colony, Indira Colony 1, Sector 52, Gurugram",28.4408897,77.0713795,4.7,218.0,Sector 52,hotel,
ChIJmxMf1OUZDTkRIJSsusHos68,ChIJmxMf1OUZDTkRIJSsusHos68,Saltstayz Select - Near Sohna Road City Center,"1510, Huda Colony, Sector 46, Gurugram",28.4298573,77.06001719999999,4.7,1620.0,Sector 46,hotel,
ChIJHzfXMashDTkRWbUuOutv-AM,ChIJHzfXMashDTkRWbUuOutv-AM,Royal Residence 266,"Rapid Metro Station, Plot no. 266, 55-56, Sector 55, Gurugram, Ghata",28.4233295,77.1061046,4.8,37.0,Gurugram,hotel,
ChIJ7xjccFQfDTkRNLupqKY77ZM,ChIJ7xjccFQfDTkRNLupqKY77ZM,Corporate Stays -Suncity,"A - 4, Suncity Sector 54, Delhi, NCR, Gurugram",28.4342661,77.1072633,4.2,333.0,NCR,hotel,
ChIJZYZCov4ZDTkR0xTOhZJFEAI,ChIJZYZCov4ZDTkR0xTOhZJFEAI,Limewood Stay Silver Studio,"2236 P, near Viaan Eye Centre, Wazirabad, Sector 57, Gurugram",28.4294928,77.0882721,4.9,468.0,Sector 57,hotel,
ChIJQ0vxHv8fDTkRUeYGo5JciUc,ChIJQ0vxHv8fDTkRUeYGo5JciUc,Tipsyy Inn Suites 007,"plot no. 64A, Golf Course Rd, IILM Institute, Sarswati Kunj II, DLF Phase 5, Sector 53, Gurugram",28.437027,77.0988452,4.3,311.0,Sector 53,hotel,
ChIJaf9ECAAZDTkRC8nY0G2d1SY,ChIJaf9ECAAZDTkRC8nY0G2d1SY,Qotel Signature - Golf Course Road,"Saraswati kunj, PLOT NO 62, Golf Course Rd, near IILM University, Parsvnath Exotica, DLF Phase 5, Sector 53, Gurugram",28.4371538,77.0995284,4.7,516.0,Sector 53,hotel,
ChIJ0_gWbwAZDTkR_RpnbSXlPFY,ChIJ0_gWbwAZDTkR_RpnbSXlPFY,Aura Homes,"House no. 2165P, near VIAAN EYE CENTRE, Wazirabad, Sector 57, Gurugram",28.4293833,77.0870281,4.7,324.0,Sector 57,hotel,
ChIJFY7fg1cZDTkRPMAAI0HUMwA,ChIJFY7fg1cZDTkRPMAAI0HUMwA,Orsom Stays,"1568, Golf Course Rd, IILM Institute, Sector 53, Gurugram",28.4355374,77.0970081,4.6,1016.0,Sector 53,hotel,
ChIJfUhqA8YjDTkRIhFkg-BOGCU,ChIJfUhqA8YjDTkRIhFkg-BOGCU,"Red Fox By Lemon Tree Hotels, Sector 60, Gurugram","Ullawas Dhani Rd, Urban Complex, Sector 60, Gurugram",28.4021858,77.0992297,4.0,1618.0,Sector 60,hotel,
ChIJ-5u-Vo0hDTkRbRiX9zTmtN8,ChIJ-5u-Vo0hDTkRbRiX9zTmtN8,Citadines Paras Square Gurugram,"63A, Golf Course Extension Road, Alahawas, Sector 59, Gurugram",28.406021,77.1138184,4.7,832.0,Sector 59,hotel,
ChIJDTI7CaIjDTkRKhz122Ji-Fk,ChIJDTI7CaIjDTkRKhz122Ji-Fk,Hilton Gurugram Baani City Centre,"Sector 63, Gurugram",28.3999047,77.0872309,4.7,1215.0,Sector 63,hotel,
ChIJAYcyTJ0ZDTkRLMQcp2ZFyMc,ChIJAYcyTJ0ZDTkRLMQcp2ZFyMc,Super Townhouse Tipsyy 7 Near Bestech Central Square Mall,"64A, Parsvnath Exotica, DLF Phase 5, Sector 53, Gurugram",28.4372475,77.09876129999999,3.6,270.0,Sector 53,hotel,
ChIJYcsBST0ZDTkR5eL0sZwm_rI,ChIJYcsBST0ZDTkR5eL0sZwm_rI,Ivory Leaf Stays,"2163, Sector 57 Rd, Block G, Sushant Lok 2, Sector 57, Gurugram",28.4293041,77.0865942,4.8,66.0,Sector 57,hotel,
ChIJ7wT_1n0jDTkRHes_l2DwAiI,ChIJ7wT_1n0jDTkRHes_l2DwAiI,Treebo Trend Blooms Premium,"Plot No- 591 Opp. C DOT Apartment, Near Sushant Tower, Sector 56, Gurugram",28.418751,77.1014551,4.0,161.0,Sector 56,hotel,
ChIJ78pTIgAfDTkRy0dLDmC0oRk,ChIJ78pTIgAfDTkRy0dLDmC0oRk,Mavens Inn,"87C, Golf Course Rd, Parsvnath Exotica, Sector 53, Gurugram",28.4379637,77.1027238,3.3,22.0,Sector 53,hotel,
ChIJpdqtbN8jDTkRmuU5UArPQn0,ChIJpdqtbN8jDTkRmuU5UArPQn0,Perch Casa Feliz- Golf Course Road,"C 149, Sushant Lok 2, Sector 56, Gurugram",28.4232752,77.0979157,4.7,103.0,Sector 56,hotel,
ChIJFWRRdg0ZDTkRcAYp_1949Kg,ChIJFWRRdg0ZDTkRcAYp_1949Kg,Soooper,"Plot No 18, near SUNCITY, DLF Phase 5, Sector 54, Gurugram",28.4399622,77.1042563,4.7,15.0,Sector 54,hotel,
ChIJA4pw_H4ZDTkRyr1y9v30CQ4,ChIJA4pw_H4ZDTkRyr1y9v30CQ4,Hotel The Luxem,"Saraswati Kunj Society, Plot No - 680, Parsvnath Exotica, DLF Phase 5, Sector 53, Gurugram",28.4417328,77.0946708,4.8,163.0,Sector 53,hotel,
ChIJ76KgAiEiDTkRw62nMJ-4n7k,ChIJ76KgAiEiDTkRw62nMJ-4n7k,"Lemon Tree Hotel, Sector 60 - Gurugram","Urban Complex, Ch.Nandaram Marg, Ullahwas Village, Sector 60, Gurugram",28.402,77.0998666,4.1,6576.0,Sector 60,hotel,
ChIJYdhm_qcYDTkRuOoWmtPIXio,ChIJYdhm_qcYDTkRuOoWmtPIXio,Hotel Arena,"C3HR+686, Block G, Sushant Lok 2, Sector 57, Gurugram",28.4280452,77.0907481,2.2,5.0,Sector 57,hotel,
ChIJacclYuwZDTkR5UZdmKWu_90,ChIJacclYuwZDTkR5UZdmKWu_90,Plum Tree Hotels,"499A, Golf Course Rd, near Shoppers Stop, IILM Institute, Sector 53, Gurugram",28.4357878,77.0962693,4.8,167.0,Sector 53,hotel,
ChIJh3MXlKUjDTkRo6ibACe4IOE,ChIJh3MXlKUjDTkRo6ibACe4IOE,Sands Inn Gh,"189, opp. DEVENDER VIHAR, Block B, Sector 56, Gurugram",28.4280468,77.09477849999999,3.4,37.0,Sector 56,hotel,
ChIJHUkIOTQhDTkRvqg7VDi8YEI,ChIJHUkIOTQhDTkRvqg7VDi8YEI,Rosastays Gurugram Golf Course Road,"Plot No A, 1/10, Huda, Sushant Lok 2, Sector 55, Gurugram",28.4282621,77.1065265,4.2,118.0,Sector 55,hotel,
ChIJ5zP56pMfDTkR4iADY4sOufg,ChIJ5zP56pMfDTkR4iADY4sOufg,Townhouse Hotel Sec- 54 Golf Course Road,"Plot no. 87 C Plot. 87 C Saraswati Kunj, Golf Course Rd, Sector 53, Gurugram",28.4379165,77.1025188,3.9,38.0,Sector 53,hotel,
ChIJAXp7bFcZDTkRkKdt_Lt46Tk,ChIJAXp7bFcZDTkRkKdt_Lt46Tk,Hotel Elite 29 Golf Course Road,"Plot No 61P, SARASVATI KUNJ, Parsvnath Exotica, DLF Phase 5, Sector 53, Gurugram",28.4371954,77.0995859,4.4,369.0,Sector 53,hotel,
ChIJ8XxKq60YDTkR1qyuvd84B8k,ChIJ8XxKq60YDTkR1qyuvd84B8k,Fabhotel Prime Atithyam,"Plot No 64, Saraswati Kunj Rd, Parsvnath Exotica, DLF Phase 5, Sector 53, Gurugram",28.4371313,77.0988508,4.0,5.0,Sector 53,hotel,
ChIJ-_yRL8EZDTkRpKoCJVWyNKU,ChIJ-_yRL8EZDTkRpKoCJVWyNKU,Blue Moon Residency,"Saraswati kunj, Plot No 62, Golf Course Road, Parsvnath Exotica, DLF Phase 5, Sector 53, Gurugram",28.4371596,77.09953190000002,4.7,98.0,Sector 53,hotel,
ChIJs5RrKf8hDTkRAqpHTQgqjBI,ChIJs5RrKf8hDTkRAqpHTQgqjBI,Grand Hyatt Gurgaon,"Golf Course Ext Rd, Sector 58, Gurugram, Ghata",28.4145664,77.10259649999999,4.6,3279.0,Gurugram,hotel,
ChIJAQA0MlMeDTkRBu02w_FNO1U,ChIJAQA0MlMeDTkRBu02w_FNO1U,Pernam Inn,"837/1, Mandi Estate, New Delhi",28.4431005,77.1447956,4.8,8.0,Mandi Estate,hotel,
ChIJIagCv3IZDTkR_J9Y0e95QvU,ChIJIagCv3IZDTkR_J9Y0e95QvU,Tipsyy Inn 001,"Plot no 544 saraswati kunj, Sector 53, Gurugram",28.4380677,77.0963664,3.7,42.0,Sector 53,hotel,
ChIJE36DOowgDTkRLAxRjfgu7bk,ChIJE36DOowgDTkRLAxRjfgu7bk,The Lalit Mangar,"Camp Wild Road, Dera Mandi, Faridabad",28.3820595,77.1764522,4.4,2321.0,Dera Mandi,hotel,
ChIJed7uWW4jDTkRqkxrKc2dId0,ChIJed7uWW4jDTkRqkxrKc2dId0,Vamsor Heights,"26, Block A, Sector 56, Gurugram",28.425248,77.09174709999999,4.8,1223.0,Sector 56,hotel,
ChIJw1-SozIZDTkRl1rQPEknUFw,ChIJw1-SozIZDTkRl1rQPEknUFw,Cozystays,"Plot No -499A, Golf Crse Rd, IILM Institute, Sector 53, Gurugram",28.435957,77.096271,4.9,36.0,Sector 53,hotel,
ChIJRQKY9bMYDTkRfXgi7aldg6E,ChIJRQKY9bMYDTkRfXgi7aldg6E,Fabhotel Exotica Avenue,"1533, Golf Crse Rd, Parsvnath Exotica, DLF Phase 5, Sector 53, Gurugram",28.4421819,77.0971935,4.8,29.0,Sector 53,hotel,
ChIJHRhUZowjDTkR6J5dsol9s_Q,ChIJHRhUZowjDTkR6J5dsol9s_Q,Elegance Homes Gurgaon,"5th Floor, AIPL Joy Square, 512, Gurugram",28.392668,77.09301300000001,5.0,2.0,512,hotel,
ChIJqzx_of0hDTkR-rg9kq8jjq0,ChIJqzx_of0hDTkR-rg9kq8jjq0,Hotel O Small Town,"Plot No. D-192, Sushant Lok 2, Sector 55, Gurugram, Ghata",28.4279518,77.1108933,3.6,66.0,Gurugram,hotel,
ChIJAx_1cQAjDTkRyUfJqOJ0uhw,ChIJAx_1cQAjDTkRyUfJqOJ0uhw,Vamsor Hotels 30 - Business Hotels And Guest House In Gurugram Sector 56,"30, Sector 56, Gurugram",28.4261209,77.0916945,4.8,138.0,Sector 56,hotel,
ChIJtzflUNEhDTkRCosTp3T0fO8,ChIJtzflUNEhDTkRCosTp3T0fO8,Golden Suites Gurgaon | Inde Hotels & Resorts,"Faridabad - Gurgaon Rd, Sector 2, Gwal Pahari, Gurugram, Bandhwari",28.4261534,77.142585,3.9,3254.0,Gurugram,hotel,
ChIJbQ74MQkiDTkRYja2Bqk2fsE,ChIJbQ74MQkiDTkRYja2Bqk2fsE,Ace Stayz Sector57 Gurugram,"G-219, Phase 2, Sushant Lok Phase I, Sector 57, Gurugram",28.421965,77.08734299999999,4.7,27.0,Sector 57,hotel,
ChIJSQVKhP4hDTkR2I0YM9eyqOA,ChIJSQVKhP4hDTkR2I0YM9eyqOA,Ace Stayz Sector55 Gurugram,"C3FQ+2R2, Phase 2, Sushant Lok 2, Sector 54, Ghata, Sohna",28.4225147,77.0895273,4.0,29.0,Ghata,hotel,
ChIJVWI3S-MfDTkRWw65C3hVwe8,ChIJVWI3S-MfDTkRWw65C3hVwe8,Housr 54 Suncity,"OFFICE, B, Suncity, Sector 54, Gurugram",28.4335566,77.1087191,4.3,59.0,Sector 54,hotel,
ChIJSQ2YOw8iDTkRoX6IDTHFSr8,ChIJSQ2YOw8iDTkRoX6IDTHFSr8,Hotel Mulberry Retreat,"F-78, near Hong Kong Bazaar, Sushant Lok-II, Phase 2, Sushant Lok 2, Sector 57, Gurugram",28.420869,77.08912819999999,3.9,426.0,Sector 57,hotel,
ChIJNzBkn5wjDTkRLU3D9sUlGGM,ChIJNzBkn5wjDTkRLU3D9sUlGGM,Hotel Bansal Inn,"C3GR+X8W, plot no. 2420, Sector 57 Rd, Block G, Sushant Lok 2, Sector 57, Gurugram",28.4274914,77.0908101,3.0,2.0,Sector 57,hotel,
ChIJmfptjLIYDTkRxeYtk28uQ4U,ChIJmfptjLIYDTkRxeYtk28uQ4U,Roomshala 096 Hotel Elite 29,"PLOT NO 61, Saraswati Kunj, Parsvnath Exotica, DLF Phase 5, Sector 53, Gurugram",28.4412709,77.10009529999999,3.0,2.0,Sector 53,hotel,
ChIJ3SQBg8chDTkRY0_2MuPDqv0,ChIJ3SQBg8chDTkRY0_2MuPDqv0,Golden Leaf Garden,"near Heritage International School, Baliawas, Gurugram",28.4192784,77.1261352,3.7,55.0,Baliawas,hotel,
ChIJCWY26SAhDTkR1Zlugtx6d1U,ChIJCWY26SAhDTkR1Zlugtx6d1U,Camp Wild Retreat At Aravali Valley,"At Dhauj Bandh, Village Selakhari, Manger - Dhauj Rd, Distt, Faridabad",28.3621937,77.1865942,4.1,1361.0,Distt,hotel,
ChIJqdWdI88jDTkRl5jezmWbhyo,ChIJqdWdI88jDTkRl5jezmWbhyo,Starlight Inn,"G563, Hong Kong Bazaar, G563, Golf Course road, nearby Artemis Hospital, Block G, Sushant Lok 2, Sector 57, Gurugram",28.4257566,77.0908738,3.9,210.0,Sector 57,hotel,
ChIJR72LhAciDTkRwAKmjg0lFv4,ChIJR72LhAciDTkRwAKmjg0lFv4,Tulip Residency,"C3GV+W9V, Sector 55, Gurugram",28.4273601,77.0934226,1.0,1.0,Sector 55,hotel,
ChIJ968tGgojDTkRObaW2xZSuXs,ChIJ968tGgojDTkRObaW2xZSuXs,Townhouse Sector 62 Gurgaon,"House Number 1, Vill, Ullawas, near Indira Gandhi hospital, Baharampur Naya, Sector 62, Gurugram",28.4057649,77.0917657,4.2,101.0,Sector 62,hotel,
ChIJC7kLf7ghDTkRxYDIWk_0mrg,ChIJC7kLf7ghDTkRxYDIWk_0mrg,Farm Aravalia Mangar,"Managed by Atithyam Group, Farm Aravalia, summer sprint, near Mangar, Mangar, Faridabad",28.3701362,77.1852251,4.7,590.0,Mangar,hotel,
ChIJwyNkcvcjDTkRi9Q6m8AgXBg,ChIJwyNkcvcjDTkRi9Q6m8AgXBg,The Royal Residency,"2420P, Block G, Sushant Lok 2, Sector 57, Gurugram",28.4274641,77.0908147,4.4,15.0,Sector 57,hotel,
ChIJk52GIJUjDTkRFLn_-Jkhn3Y,ChIJk52GIJUjDTkRFLn_-Jkhn3Y,Super Townhouse Sector 57 Gurgaon Near Hong Kong Bazaar,"Block P, 2520, Block G, Sushant Lok 2, Gurugram",28.4275498,77.09081189999999,3.9,29.0,Sushant Lok 2,hotel,
ChIJN5u7MekfDTkRGGmz2C41TvQ,ChIJN5u7MekfDTkRGGmz2C41TvQ,Avanti Retreat,"B 21 Farm, Opposite, Faridabad - Gurgaon Rd, Valley View Estate, Gwal Pahari, Gurugram",28.431987,77.12672479999999,4.4,115.0,Gwal Pahari,hotel,
ChIJc9nUFqgYDTkRLusxIdi-tzQ,ChIJc9nUFqgYDTkRLusxIdi-tzQ,Oyo Hotel Sands Inn Near Bestech Central Square Mall,"Plot No.188, Apartments, opposite Devender Vihar, Block B, Sector 56, Gurugram",28.427781,77.094713,3.4,274.0,Sector 56,hotel,
ChIJCVKJb40hDTkRperhcYArmyI,ChIJCVKJb40hDTkRperhcYArmyI,Ascott Ireo City Gurgaon,"Ireo City Central, Archview Dr, Alahawas, Ireo City, Gurugram",28.4083034,77.1028915,4.3,30.0,Ireo City,hotel,
ChIJ2Q_vUgAhDTkRG9JSfed_m9U,ChIJ2Q_vUgAhDTkRG9JSfed_m9U,Grand Mantram Resort,"C4GR+8J5 golden tulip suites, 33 Feet Rd, Baliawas, Gurugram, Bandhwari",28.4258125,77.14156249999999,4.3,123.0,Gurugram,hotel,
ChIJM3miHicZDTkR72x_enKNSXo,ChIJM3miHicZDTkR72x_enKNSXo,Hotel O Uk House Residency,"Luxury Rides, 73, Parsvnath Exotica, DLF Phase 5, Sector 53, Gurugram",28.4377667,77.10045149999999,4.5,57.0,Sector 53,hotel,
ChIJR1FVbAgiDTkR3NiZViDPc1w,ChIJR1FVbAgiDTkR3NiZViDPc1w,Fabhotel The Lavish Villa,"G563, Golf Course road, nearby Artemis Hospital, Block G, Sushant Lok 2, Sector 57, Gurugram",28.42551,77.09064,3.4,42.0,Sector 57,hotel,
ChIJJfVl6mnfDDkRF7gDYYhtgvE,ChIJJfVl6mnfDDkRF7gDYYhtgvE,"Aravali Marriott Resort & Spa, Delhi Ncr","1, Pakhal, Faridabad, Gothda Mohbtabad",28.3714105,77.21039789999999,4.3,91.0,Faridabad,hotel,
ChIJYbdlwT3fDDkRR4j0lgH9GwQ,ChIJYbdlwT3fDDkRR4j0lgH9GwQ,Wildhawk Near Delhi Ncr,"Post Office, Village Selakhari, Manger - Dhauj Rd, Faridabad",28.3679554,77.19758449999999,4.1,384.0,Manger - Dhauj Rd,hotel,
ChIJK8q9_lrhDDkR6E6lBzzBCxQ,ChIJK8q9_lrhDDkR6E6lBzzBCxQ,Anvaya,"C5VV+GR Amaara Farms, A-12, Chattarpur Mandir Rd, Regency Farms, Bhatti Kalan, New Delhi",28.4437731,77.1944044,4.7,119.0,Bhatti Kalan,hotel,
ChIJmfuSlfUiDTkRvusb7g244DQ,ChIJmfuSlfUiDTkRvusb7g244DQ,Fabhotel Sk Residency,"Kushal Nagar, Plot No: 22, near ZEN PACF, Bad, Shahpur, Gurgaon, Pali",28.3960077,77.243233,5.0,4.0,Gurgaon,hotel,
ChIJ13o6losfDTkR7ugYxJNGxvo,ChIJ13o6losfDTkR7ugYxJNGxvo,V Resorts Farm Stay Delhi,"2 Sheesham Lane, Dera Mandi Retreat, Dera Mandi Link Road Village Dera Mandi, Chhatarpur, New Delhi",28.435985,77.159233,3.9,276.0,Chhatarpur,hotel,
ChIJdwQosSwhDTkRemMOwhgmgNM,ChIJdwQosSwhDTkRemMOwhgmgNM,Stayvista At Brookvale Manor | Villa With Private Pool,"Kila no.25, Asante Farms, Cricket Ground, opposite Mangar, Faridabad",28.3789524,77.1707108,4.6,50.0,opposite Mangar,hotel,
ChIJ7fRtZmwYDTkR1gC0XrYO20g,ChIJ7fRtZmwYDTkR1gC0XrYO20g,Capital O11243 Vedanta,"Islampur, Sector 38, Gurugram, Bandhwari",28.4047148,77.1640314,3.4,78.0,Gurugram,hotel,
ChIJufECNbAfDTkRsAyk2MG1b1w,ChIJufECNbAfDTkRsAyk2MG1b1w,Hotel O Met City,"44, 1, Gwal Pahari, Gurugram, Bandhwari",28.4340068,77.1457768,3.9,50.0,Gurugram,hotel,
ChIJh_fvpJ0fDTkRUtRf7hTB600,ChIJh_fvpJ0fDTkRUtRf7hTB600,"H M White House - Best Farmhouse In New Delhi, Private Party, Bachelor Party, Farmhouse Chattarpur","H M, WHITE HOUSE, Plumeria Ln, Dera Village, Dera, chattarpur, New Delhi",28.4438173,77.17651719999999,4.5,97.0,chattarpur,hotel,
ChIJYbW5sPMfDTkRNEz9-03Tl54,ChIJYbW5sPMfDTkRNEz9-03Tl54,Roomshala 107 Chattarpur Farm House,"Khasra No 47/9/1, 2, 8, 19, 20, 12, 13, 17, 18, Dera Village, Dera Mandi, New Delhi",28.4437387,77.17549269999999,3.0,2.0,Dera Mandi,hotel,
ChIJU1FwGXDeDDkRzzTKRRRe3EY,ChIJU1FwGXDeDDkRzzTKRRRe3EY,Badkhal Lake Resort,"C76G+Q5H, Badkhal Lake Tourist Resort Badkhal",28.4118914,77.27552709999999,4.0,439.0,C76G+Q5H,hotel,
ChIJidaezV_dDDkRnRpQRPzREZc,ChIJidaezV_dDDkRnRpQRPzREZc,Maira Retreat,"114, Sector 21D, Faridabad",28.4185344,77.2915751,4.4,17.0,Sector 21D,hotel,
ChIJuXLbfLffDDkRxy1PB4zL1WA,ChIJuXLbfLffDDkRxy1PB4zL1WA,Collection O By Oyo Hotel Evergreen,"G-128near, Badkhal Lake, Sanjay Gandhi Memorial Nagar, Sector 21D, Faridabad",28.4145342,77.284087,4.8,129.0,Sector 21D,hotel,
ChIJ3f2tTHbeDDkRDf98bXDD7Zg,ChIJ3f2tTHbeDDkRDf98bXDD7Zg,Fabhotel Evergreen,"Plot No. G-128, Badkhal Rd, Sanjay Gandhi Memorial Nagar, New Industrial Township, Faridabad",28.41442,77.28457999999999,4.1,19.0,New Industrial Township,hotel,
ChIJ3a9ngjLfDDkRSKpG4qiY0Uc,ChIJ3a9ngjLfDDkRSKpG4qiY0Uc,Hotel Badhkal Lake View,"Ankheer Rd, Ankheer, Faridabad",28.4186209,77.2835707,4.7,162.0,Ankheer,hotel,
ChIJ6wyYSJndDDkRRdbX4at-Y-0,ChIJ6wyYSJndDDkRRdbX4at-Y-0,Oyo Heritage Residency,"87 House, 87, Sector 21D, Faridabad",28.4187733,77.2915544,3.7,103.0,Sector 21D,hotel,
ChIJXUHMYQ_fDDkRaJWmhG4TZa4,ChIJXUHMYQ_fDDkRaJWmhG4TZa4,Hotel O Badkhal Lake Formerly Lake View,"Zill Chowk, G-137, Badkhal Rd, near Govt. Petrol Pump, opp. Hotel Management College, Sanjay Gandhi Memorial Nagar, Faridabad",28.4144027,77.28450169999999,3.6,167.0,Sanjay Gandhi Memorial Nagar,hotel,
ChIJj0IpArTeDDkRBg2UFCSt5DI,ChIJj0IpArTeDDkRBg2UFCSt5DI,Hotel Love Point,"Nangla Enclave Part 1, Nangla Gujran, Faridabad",28.3581541,77.2688912,4.3,7.0,Nangla Gujran,hotel,
ChIJrcVbzE3fDDkR0ONLilZcnO0,ChIJrcVbzE3fDDkR0ONLilZcnO0,Oyo Far338 Hotel Shree Krishna,"Mcf-112, Dabua Pali Rd, near Sakshi Dharam Kanta Hotel Diamond Stay, Village Dabua, Main Road, Faridabad",28.3841147,77.26648999999999,4.0,50.0,Main Road,hotel,
ChIJBWLPRSvfDDkR9hoirJEhMJI,ChIJBWLPRSvfDDkR9hoirJEhMJI,Hotel O Rock Inn,"Hotel View Point 2H/81, NIT near Bhojpuri chowk, Dabua sabzi Mandi, Road, Faridabad",28.3839379,77.2858126,3.4,88.0,Road,hotel,
ChIJFY4uPHjfDDkR79j1cq2_-W8,ChIJFY4uPHjfDDkR79j1cq2_-W8,Oyo Hotel Akashdeep,"10, Sohna Rd, chowk Industrial Area, Nangla Gujran, Sarurpur, Faridabad",28.3541151,77.2743885,4.0,65.0,Sarurpur,hotel,
ChIJ17YA13zcDDkRo3GFvGnqcYw,ChIJ17YA13zcDDkRo3GFvGnqcYw,Hotel O By Oyo Royal Inn,"Milan Sweets & Restaurant, House Board Market, Escorts Mujesar Metro Station, 76, Block J, Block F, Sector 10 HBC, Faridabad",28.3693825,77.32938999999999,3.7,435.0,Sector 10 HBC,hotel,
ChIJbRm2nIndDDkRSBeUA2LGd1I,ChIJbRm2nIndDDkRSBeUA2LGd1I,K Hotel,"C8W8+V7P, Plot No.2, Near Police Station, Sonia nagar, Sector 31, Faridabad",28.4468642,77.31641470000001,3.8,823.0,Sector 31,hotel,
ChIJ9QLLUI3dDDkRRkT-iEdX5Oo,ChIJ9QLLUI3dDDkRRkT-iEdX5Oo,Hotel Walk Inn,"1C-68, main market, near sagar guest house, Block C, New Industrial Twp 1, New Industrial Township, Faridabad",28.3806586,77.3010103,4.8,81.0,New Industrial Township,hotel,
ChIJe0xCk5bdDDkR666iGLVq8iw,ChIJe0xCk5bdDDkR666iGLVq8iw,Shree Jee Hotel,"Plot No 22A, near whirlpool industries Ltd, Rajiv Gandhi Colony, New Industrial Township, Faridabad",28.3728231,77.3049453,4.7,949.0,New Industrial Township,hotel,
ChIJtR4NW0jcDDkRUETZGgY6mIY,ChIJtR4NW0jcDDkRUETZGgY6mIY,Ginger Faridabad,"Fun City Mall, Main Road, New Industrial Township, Faridabad",28.393561,77.3115261,4.0,3555.0,New Industrial Township,hotel,
ChIJP1vHsD_cDDkRdzvsWXI8hbc,ChIJP1vHsD_cDDkRdzvsWXI8hbc,"Delite Sarovar Portico, Faridabad","Plot No.17-18, Neelam Bata Rd, AC Nagar, New Industrial Township, Faridabad",28.3810968,77.30729079999999,4.0,3119.0,New Industrial Township,hotel,
ChIJ5ybDRzjcDDkRl2FKQsRD4eo,ChIJ5ybDRzjcDDkRl2FKQsRD4eo,Hotel Akash Faridabad,"12, Neelam Bata Rd, AC Nagar, New Industrial Township, Faridabad",28.3802559,77.3072687,3.6,812.0,New Industrial Township,hotel,
ChIJtYj0-CfdDDkRAGrPizQfakk,ChIJtYj0-CfdDDkRAGrPizQfakk,Hotel Apj Grand,"35, Neelam Bata Rd, New Industrial Twp 1, New Industrial Township, Faridabad",28.38418,77.30742049999999,4.4,170.0,New Industrial Township,hotel,
ChIJSbK5LDjcDDkRNyRcRHo4DI0,ChIJSbK5LDjcDDkRNyRcRHo4DI0,Mahalakshmi Palace Hotel,"No, 68 Plot, 68, Neelam Bata Rd, Near Fortis Hospital, AC Nagar, New Industrial Township, Faridabad",28.3900633,77.3066401,3.9,227.0,New Industrial Township,hotel,
ChIJQzynNDjcDDkRwyLgZhp-JWY,ChIJQzynNDjcDDkRwyLgZhp-JWY,Cs Boutique Hotel,"Plot 67, Neelam Bata Rd, AC Nagar, New Industrial Township, Faridabad",28.3899676,77.3067374,3.9,3321.0,New Industrial Township,hotel,
ChIJey3atz_cDDkRzaFat-06_cg,ChIJey3atz_cDDkRzaFat-06_cg,Hotel Delite Grand,"A-5/B, Neelam Bata Road, Shahid Bhagat Singh Marg, New Industrial Township, Faridabad",28.3879373,77.30612880000001,4.0,4132.0,New Industrial Township,hotel,
ChIJUQ3mbVndDDkRlkR4HMW7AVA,ChIJUQ3mbVndDDkRlkR4HMW7AVA,Hotel Mayur,"urban cuisine urban cuisine, Sector 86, Faridabad",28.4081691,77.3409384,4.3,124.0,Sector 86,hotel,
ChIJVc-6iDLcDDkRYFx6THP4ASc,ChIJVc-6iDLcDDkRYFx6THP4ASc,"Treebo Punjabi Nature Residency, Near Faridabad Railway Station","167, KL Mehta College, KC Rd, Block L, New Industrial Twp 5, New Industrial Township, Faridabad",28.4020799,77.2987327,4.0,95.0,New Industrial Township,hotel,
ChIJPdbsEubdDDkREN5Uabi4_aQ,ChIJPdbsEubdDDkREN5Uabi4_aQ,Park Plaza Faridabad,"Sector 21C, Faridabad",28.4292331,77.2966318,4.3,7308.0,Sector 21C,hotel,
ChIJI69JKUfcDDkRXn3xNhvAIp8,ChIJI69JKUfcDDkRXn3xNhvAIp8,"Radisson Blu Hotel, Faridabad","Mathura Rd, Krishna Nagar, New Industrial Township, Sector 20B, Faridabad",28.3856918,77.3119231,4.7,22655.0,Sector 20B,hotel,
ChIJU_13687dDDkRfu5EYp6gax4,ChIJU_13687dDDkRfu5EYp6gax4,The Central View Hotel And Banquets,"Sco 64/65, Huda Market, Sector 12, Faridabad",28.3863069,77.3195185,4.3,242.0,Sector 12,hotel,
ChIJl-ab2zzdDDkR3F9f6h1Sy4U,ChIJl-ab2zzdDDkR3F9f6h1Sy4U,Hotel Billionaire Inn,"Plot No 57, Neelam Bata Rd, AC Nagar, New Industrial Township, Faridabad",28.3883557,77.3069822,4.1,274.0,New Industrial Township,hotel,
ChIJqxGysiLcDDkRb_4pTjmeGHc,ChIJqxGysiLcDDkRb_4pTjmeGHc,"Hotel Diamond Inn,","Hardware Chowk, Hardware Colony, Rajiv Gandhi Colony, New Industrial Township, Faridabad",28.3777481,77.2979111,3.7,501.0,New Industrial Township,hotel,
ChIJWWh9-XjdDDkR5HcuTf_TKY4,ChIJWWh9-XjdDDkR5HcuTf_TKY4,Ceremony Hotel And Banquets,"5, Railway Rd, Fruit Garden, New Industrial Township, Faridabad",28.3986468,77.3066565,3.8,316.0,New Industrial Township,hotel,
ChIJEct2-vnbDDkREpc6nVEm_CM,ChIJEct2-vnbDDkREpc6nVEm_CM,Hotel Rajmandir,"45, Neelam Bata Rd, AC Nagar, New Industrial Township, Faridabad",28.3858776,77.3074493,3.8,3541.0,New Industrial Township,hotel,
ChIJFXSOmqDdDDkRvjkhVVsePg0,ChIJFXSOmqDdDDkRvjkhVVsePg0,Hotel Orchid,"5E - 5, N.I.T, Railway Rd, Block E, B.P, New Industrial Township, Faridabad",28.3946737,77.30543689999999,3.4,33.0,New Industrial Township,hotel,
ChIJHyjs3C_dDDkRyM4BTCNh7Sw,ChIJHyjs3C_dDDkRyM4BTCNh7Sw,Nest Residency,"1-B,222, Vishwakarma Setu, Behind HP Petrol Pump, Block B, New Industrial Twp 1, New Industrial Township, Faridabad",28.3795558,77.3056022,4.2,95.0,New Industrial Township,hotel,
ChIJTQ2erOLdDDkRB_-qK1Sz1Ek,ChIJTQ2erOLdDDkRB_-qK1Sz1Ek,Hotel Jairose Palace | Best Business Hotel In Faridabad | Near Asian & Metro Hospital,"Metro Pillar no. 626, Plot No. 2117, Sector 28, NH-19, Faridabad",28.4338017,77.3098227,4.4,460.0,NH-19,hotel,
ChIJz16IJ_3dDDkRmEAza-Hp2Os,ChIJz16IJ_3dDDkRmEAza-Hp2Os,Hotel Royal Harmony,"Block - D, Plot no. - 2, Pocket D, Sector 11, Faridabad",28.3713965,77.3232094,4.6,34.0,Sector 11,hotel,
ChIJjeAJQbbdDDkRRcIeFMXXeRo,ChIJjeAJQbbdDDkRRcIeFMXXeRo,Magpie Tourist Resort,"Magpie Complex, NH-19, Sector 16A, Faridabad",28.403849,77.3124626,3.8,2537.0,Sector 16A,hotel,
ChIJA5noYTHdDDkRzwENbOht5eU,ChIJA5noYTHdDDkRzwENbOht5eU,Via City Walk,"Neighbourhood No: 1, Portion no: 2,3, Sub Division No: 1, Situated at, Bata A Colony, Badkhal, New Industrial Township, Faridabad",28.3782566,77.3043802,4.0,38.0,New Industrial Township,hotel,
ChIJr3G6agDdDDkRHk3tDePJCI4,ChIJr3G6agDdDDkRHk3tDePJCI4,Hotel Golden Valley - Rooms | Banquet Hall | Roof-Top Restaurant,"Sareen Complex, Plot No-14, Mathura Rd, near Gopal Garden, opp. Badhkal Metro Station, Industrial Area, Karkhana Bagh, Faridabad",28.4229091,77.3084835,3.8,49.0,Karkhana Bagh,hotel,
ChIJdy7ZET3cDDkRwzZ86bC0Ick,ChIJdy7ZET3cDDkRwzZ86bC0Ick,Hotel O By Oyo Sagar,"Shop no. 1D, 38, Deep Chand Bhatia Marg, Block D, New Industrial Twp 1, New Industrial Township, Faridabad",28.3806164,77.30010089999999,3.7,107.0,New Industrial Township,hotel,
ChIJZazyR6vdDDkReF4YzZwjGLw,ChIJZazyR6vdDDkReF4YzZwjGLw,The Rolex Grand Hotel Faridabad,"Plot No 1A\270 NIT-1 Faridabad Shaheed Bhagat Singh Marg, Neelam Bata Rd, Faridabad",28.3858749,77.30656859999999,3.9,116.0,Neelam Bata Rd,hotel,
ChIJn4Wvaj_dDDkR0OOyRUrFYsk,ChIJn4Wvaj_dDDkR0OOyRUrFYsk,Hotel O Dsg Residency,"1, Sector-20B, chowk, Ajronda, Faridabad",28.3914152,77.31129039999999,3.2,103.0,Ajronda,hotel,
ChIJ91zeLwDdDDkReFhf0mek_RM,ChIJ91zeLwDdDDkReFhf0mek_RM,Hotel Amar Palace,"D-1, East India Chowk, Plot No. 1, Rajiv Gandhi Colony, New Industrial Township, Faridabad",28.3706208,77.29858089999999,4.8,192.0,New Industrial Township,hotel,
ChIJFdnp4hTdDDkR_KMLdSsdEUU,ChIJFdnp4hTdDDkR_KMLdSsdEUU,Via The Grand Palace,"Plot No. 57A & 57B, Neelam Bata Rd, AC Nagar, New Industrial Township, Faridabad",28.38805,77.30705999999999,3.6,68.0,New Industrial Township,hotel,
ChIJS9nAr1DdDDkRYZcXozkGok0,ChIJS9nAr1DdDDkRYZcXozkGok0,Lavit Hotel,"16/7, Sant Nagar, Old Faridabad, Faridabad",28.4147564,77.3099222,4.2,357.0,Old Faridabad,hotel,
ChIJoZy0FF3dDDkRDl0o6XjtTAQ,ChIJoZy0FF3dDDkRDl0o6XjtTAQ,Hotel O By Oyo Platinum Inn,"212A Plot no. 212A, Rishi Ji market, Talab Rd, Old Faridabad, Faridabad",28.420509,77.317799,3.9,122.0,Old Faridabad,hotel,
ChIJEfscDYrdDDkRWnjQ9k_6njQ,ChIJEfscDYrdDDkRWnjQ9k_6njQ,Treebo Grand Town House,"Metro Pillar No. 629, Corporate Office, 630, Mathura Rd, opposite Escorts, Rajendra Colony, Sector 28, Faridabad",28.4331084,77.3098986,4.1,328.0,Sector 28,hotel,
ChIJ7__72BTdDDkR4IspIyx07sM,ChIJ7__72BTdDDkR4IspIyx07sM,Hotel O Dev Palace,"305, Omaxe Heights Rd, Sector 86, Faridabad",28.408902,77.336123,4.1,16.0,Sector 86,hotel,
ChIJ6YO4P9zdDDkR_N4aclI98Ng,ChIJ6YO4P9zdDDkR_N4aclI98Ng,Flagship Hotel Royal Residency,"177, Sec, 9-10 Dividing Rd, Sector 9, Faridabad",28.37248,77.329596,3.2,47.0,Sector 9,hotel,
ChIJBztzF2_dDDkRL7U3jwZkoRM,ChIJBztzF2_dDDkRL7U3jwZkoRM,Hotel Ekant,"Plot No 419, Sector 17, Faridabad",28.4100077,77.3291895,4.2,225.0,Sector 17,hotel,
ChIJfRuk03LcDDkRjgXz8GpwXrc,ChIJfRuk03LcDDkRjgXz8GpwXrc,Hotel Rajmahal Regency,"B.P, 46, Neelam Bata Rd, AC Nagar, New Industrial Township, Faridabad",28.386028,77.3076669,4.3,381.0,New Industrial Township,hotel,
ChIJO6S1YKjdDDkRgT-6xy2HcGU,ChIJO6S1YKjdDDkRgT-6xy2HcGU,Hotel Grand Highway,"Escorts mujesar, metro station, Sector 11, Pocket A, Sector 11, Faridabad",28.3693364,77.3152238,3.7,148.0,Sector 11,hotel,
ChIJ3ydPH0rcDDkRphpP8-WHB1c,ChIJ3ydPH0rcDDkRphpP8-WHB1c,Crown Residency,"Neelam Ajronda, Metro Station, 44579, Mathura Rd, Sector 20A, Ajronda, Faridabad",28.395721,77.311908,3.0,381.0,Ajronda,hotel,
ChIJJ-iCsl7dDDkRD6VpV-uTHQw,ChIJJ-iCsl7dDDkRD6VpV-uTHQw,Fabhotel Kavya Inn,"2F-4, nearby Tikona Park, Block D, New Industrial Twp 2, New Industrial Township, Faridabad",28.3831006,77.2942743,4.4,153.0,New Industrial Township,hotel,
ChIJu20mEizdDDkRR9N1osWYkaM,ChIJu20mEizdDDkRR9N1osWYkaM,Crown Ceremonies,"BP, Neelam, 5B/10, Railway Rd, opposite Hyundai Showroom, Block B, New Industrial Twp 5, New Industrial Township, Faridabad",28.4038268,77.30547659999999,4.4,346.0,New Industrial Township,hotel,
ChIJV4_uqVXdDDkRhSjJem1l21I,ChIJV4_uqVXdDDkRhSjJem1l21I,Immense Residency - Hotel | Restaurant | Banquet Hall | Bar | Cafe,"2106, 5th Floor, 2106, Rajendra Colony, Sector 28, Faridabad",28.4322918,77.3099337,3.6,287.0,Sector 28,hotel,
ChIJ9UwfBWzdDDkRCkXnHDqFYAQ,ChIJ9UwfBWzdDDkRCkXnHDqFYAQ,Hotel O Flagship,"G/33AOpposite, St. Joseph School, 5, New Industrial Twp 5, Faridabad",28.398925,77.3038917,2.4,37.0,New Industrial Twp 5,hotel,
ChIJP99idcvdDDkRAuPrzOLRVNE,ChIJP99idcvdDDkRAuPrzOLRVNE,Hotel Golden Tree,"Plot No. 10, Fruit Garden, New Industrial Township, Faridabad",28.3970704,77.3064557,4.0,772.0,New Industrial Township,hotel,
ChIJ2ewIwZTdDDkROBzUNEliaAg,ChIJ2ewIwZTdDDkROBzUNEliaAg,The Comfort Stay | Budget Stay In Sector 28 Faridabad Near Metro,"Comfort Stay, Plot No. 1902, Rajendra Colony, Sector 28, Faridabad",28.4298039,77.3108002,3.9,159.0,Sector 28,hotel,
ChIJ7fAQv8_dDDkRYi2IELVDS38,ChIJ7fAQv8_dDDkRYi2IELVDS38,Sewa Residency,"C, 5, Aryasamaj Rd, Nehru Ground, New Industrial Twp 1, New Industrial Township, Faridabad",28.3867186,77.3044257,3.9,110.0,New Industrial Township,hotel,
ChIJN_BW_aHdDDkRZ9V9q_co6K8,ChIJN_BW_aHdDDkRZ9V9q_co6K8,Hotel Howdy,"Plot number 4047, 24, Main Bypass Rd, Basilva Colony, Sector 23, Faridabad",28.4271831,77.3273868,5.0,3.0,Sector 23,hotel,
ChIJb9R_xAfdDDkR2AVEx0QfRhk,ChIJb9R_xAfdDDkR2AVEx0QfRhk,Townhouse Esic Medical College Faridabad Formerly Royal Mountain,"3A, 163, near Chimnibai Dharamshala, Block A, New Industrial Twp 3, New Industrial Township, Faridabad",28.3986495,77.2960658,3.8,303.0,New Industrial Township,hotel,
ChIJyfOaOSndDDkR3m2wNPTZ4I0,ChIJyfOaOSndDDkR3m2wNPTZ4I0,Oyo Siya Residency,"27, Faridabad Chowk, Haryana, 121001, Faridabad",28.4276796,77.310982,2.7,95.0,121001,hotel,
ChIJYcr6_KTdDDkRa9EYt-jNc1Y,ChIJYcr6_KTdDDkRa9EYt-jNc1Y,Hotel O Welcome Inn,"B7, B7 Shopping complex, Nehru Ground, New Industrial Twp 1, New Industrial Township, Faridabad",28.3894634,77.3024597,3.2,20.0,New Industrial Township,hotel,
ChIJl0LO2F_dDDkRdoKJO5-Xlpw,ChIJl0LO2F_dDDkRdoKJO5-Xlpw,Oyo Laxmi Residency,"no.215, 215 Plot, Sector 31, Faridabad",28.4399496,77.3131616,3.6,203.0,Sector 31,hotel,
ChIJayXjcrfdDDkR3fX98P4X8t4,ChIJayXjcrfdDDkR3fX98P4X8t4,Perky Stay,"Surya Hospital, 5e/4 B P, Block E, New Industrial Twp 5, New Industrial Township, Faridabad",28.3933659,77.30491119999999,3.3,190.0,New Industrial Township,hotel,
ChIJB1xm5avdDDkRF1xqDSafw50,ChIJB1xm5avdDDkRF1xqDSafw50,Hotel O By Oyo Blackberry,"Part 1, Huda Market, Booth No 90, near Post Office, Sector 16A, Faridabad",28.4117905,77.3140653,3.6,36.0,Sector 16A,hotel,
ChIJUQXBdgXdDDkRanjpvTLK7f0,ChIJUQXBdgXdDDkRanjpvTLK7f0,Hotel O Aroma Inn,"2F-4, nearby Tikona Park, New Industrial Twp 2, New Industrial Township, Faridabad",28.3831852,77.29426889999999,4.6,9.0,New Industrial Township,hotel,
ChIJSUAGLTjcDDkReJYvgFOryxU,ChIJSUAGLTjcDDkReJYvgFOryxU,Mellinium Hotel Faridabad,"98R4+3PJ, AC Nagar, New Industrial Township, Faridabad",28.3902167,77.3067583,3.5,29.0,New Industrial Township,hotel,
ChIJ_____1DcDDkRKENDYcDWJ98,ChIJ_____1DcDDkRKENDYcDWJ98,Star City,"Plot No. 11, Sector 15A, Faridabad",28.3933367,77.3140806,3.8,124.0,Sector 15A,hotel,
ChIJi147UAAVDTkRWcXTa5zs4h4,ChIJi147UAAVDTkRWcXTa5zs4h4,Jmd Hotel,"Sultanpur road, Farukh Nagar",28.4478073,76.8307782,4.8,63.0,Sultanpur road,hotel,
ChIJCcAUB0UUDTkRFVah_3Z_EA8,ChIJCcAUB0UUDTkRFVah_3Z_EA8,Bird Sanctuary,"National Park, Gurgaon - Farukhnagar Rd, Sultanpur, Gurugram",28.4676649,76.88631339999999,3.9,22.0,Sultanpur,hotel,
ChIJoUDVS4MZDTkRqZ1d-JC_LcA,ChIJoUDVS4MZDTkRqZ1d-JC_LcA,Sultanpur Resorts And Fun Village,"Gurgaon - Farukhnagar Rd, Sultanpur, Gurugram",28.4649549,76.8773628,4.0,1581.0,Sultanpur,hotel,
ChIJXSzSTs8VDTkRG66LLYu27cE,ChIJXSzSTs8VDTkRG66LLYu27cE,Oyo Shiva The Midas Farm,"FR3V+94, Sultanpur, Gurugram",28.45385,76.84329500000001,4.5,34.0,Sultanpur,hotel,
ChIJR5pu8ZwVDTkRx681RQEg5Bk,ChIJR5pu8ZwVDTkRx681RQEg5Bk,Hotel O Paradise Inn,"Plot No. 06/437, Nikhar Colony, Gurgaon Jhajjar Road, Gurgaon, Gurugram",28.4509527,76.8262489,4.6,7.0,Gurgaon,hotel,
ChIJA-XE0cprDTkRwR3bG7Oc7JM,ChIJA-XE0cprDTkRwR3bG7Oc7JM,Flagship Hotel Parvesh,"HNo.232, near Police Station, Nikhar Colony, Farukh Nagar",28.4526335,76.8265529,4.7,30.0,Nikhar Colony,hotel,
ChIJCS9C0uhrDTkRa6WloDihzjA,ChIJCS9C0uhrDTkRa6WloDihzjA,Hotel O Star Key,"Plot No 01,Farukhnager, opposite police station, Gurugram",28.4520481,76.82533130000002,4.1,87.0,opposite police station,hotel,
ChIJhcCsOMkVDTkRDS5i7HH0pus,ChIJhcCsOMkVDTkRDS5i7HH0pus,Hotel Divine Light,"house no 1 ward no 6, near MR motor, Farukh Nagar, Gurugram",28.4505651,76.8329945,5.0,2.0,Farukh Nagar,hotel,
ChIJ33rDkUkVDTkRBF6PlzwmTFw,ChIJ33rDkUkVDTkRBF6PlzwmTFw,Hotel O 71370 White House,"1 Main farukkh nagarjhajjar road, near, jhajjar gate, Gurugram",28.4519261,76.8259874,3.7,91.0,jhajjar gate,hotel,
ChIJY1IE51RrDTkR9LtkvGG2rMs,ChIJY1IE51RrDTkR9LtkvGG2rMs,Oyo Hotel Met City,"Ward no. 2, Farukh Nagar - Wazirpur Rd, Gurugram, Farukh Nagar",28.4520481,76.82533130000002,3.6,5.0,Gurugram,hotel,
ChIJ_4_TU0JrDTkRyysHVRMOMlY,ChIJ_4_TU0JrDTkRyysHVRMOMlY,Townhouse Sheesh Mahal Farrukh Nagar,"House No. 182, Lord Krishna Hospital Wazirpur, Road, 8, Gurgaon - Farukhnagar Rd, Gurugram",28.4489896,76.822577,4.3,7.0,Gurgaon - Farukhnagar Rd,hotel,
ChIJt7Z0krEVDTkRQK6XaPH4h6I,ChIJt7Z0krEVDTkRQK6XaPH4h6I,Yaduvanshi Farm & Resort,"On, Western Peripheral Expy, near by Dronacharya College of Engineering, Sector H6, Khaintawas, Gurugram",28.4258456,76.8759831,4.5,1912.0,Khaintawas,hotel,
ChIJ8SoxXNoVDTkRR5Pv53WSjPk,ChIJ8SoxXNoVDTkRR5Pv53WSjPk,The Club House,"FVC7+WCQ, Gurgaon Cricket Ground, Village - Sultanpur Sultanpur-Jhanjrola, Road, Gurugram",28.4723139,76.8635959,4.3,11.0,Road,hotel,
ChIJMdfEwa4VDTkRNvWJPcjjKvs,ChIJMdfEwa4VDTkRNvWJPcjjKvs,Oyo 91843 Shree Shyam Hotel,"FR3G+3HH, near Govt. Boys Sr. Sec. Farrukhnagar, Farukh Nagar",28.4526877,76.8264886,3.4,15.0,near Govt. Boys Sr. Sec. Farrukhnagar,hotel,
ChIJEfP0F2gVDTkRFEASRM18OvY,ChIJEfP0F2gVDTkRFEASRM18OvY,Oyo Holy Light House,"house no 1, gate MR motors, near anaj mandi, Sultanpur, Gurugram, Farukh Nagar",28.4490943,76.83144519999999,3.0,4.0,Gurugram,hotel,
ChIJaQdz0fEVDTkRUSxN6XkGWfo,ChIJaQdz0fEVDTkRUSxN6XkGWfo,Live On Grg2739,"1Ward no 6, farukh nagar, Gurgaon, Gurugram",28.4505524,76.832802,4.6,13.0,Gurgaon,hotel,
ChIJLUMOqANrDTkRUnxDCCSW460,ChIJLUMOqANrDTkRUnxDCCSW460,Hotel O H.R,"Add Opp Civil Hospital, Plot No.1, Haily Mandi Rd, Farukh Nagar, Gurgaon",28.444057,76.819306,,,Farukh Nagar,hotel,
ChIJ_XGJiqsVDTkRsDGzPDq1p6Q,ChIJ_XGJiqsVDTkRsDGzPDq1p6Q,Super Hotel O By Oyo Sgt University Road Formerly Budhera,"Sub Tehsil, Killa Number 13 ,(7-18 )18 Kanal 6 Marla Waka Mauja, Harsaru, Budhera, Gurugram",28.480139,76.91175,4.8,80.0,Budhera,hotel,
ChIJ_aDnf8sVDTkRnJ0EHXJQld4,ChIJ_aDnf8sVDTkRnJ0EHXJQld4,Sawariya Pg And Guest House,"FWH6+MP8, Budhera, Gurugram",28.4794864,76.9122507,4.4,37.0,Budhera,hotel,
ChIJL_M_RmYYDTkRorRddpAJS_E,ChIJL_M_RmYYDTkRorRddpAJS_E,Hotel O By Oyo Telone Stay,"Plot No. 7-9 Oppt, Medanta Hospital, Plot No. 7-9, Sector 39 Rd, near Medanta Hospital, Sector 39, Gurugram",28.472806,76.9116252,3.8,143.0,Sector 39,hotel,
ChIJ4aZIwh0XDTkRk3pS4f1_2cA,ChIJ4aZIwh0XDTkRk3pS4f1_2cA,Rangmanch Resort,"Rangmanch Farms, Garhi Budhera Rd, Garhi Harsaru, Gurugram, Sadrana",28.4554535,76.9235593,4.4,30.0,Gurugram,hotel,
ChIJN0M0yEMVDTkR3nuuH7KZn-Y,ChIJN0M0yEMVDTkR3nuuH7KZn-Y,Hotel O The Red Cap Inn,"Plot no.-01, gate number 4null, nearby Landmark, near sgt university, Budhera, Gurugram",28.478,76.9074722,4.7,9.0,Budhera,hotel,
ChIJH9Crl7sVDTkRASEZWnCtzjw,ChIJH9Crl7sVDTkRASEZWnCtzjw,The Mango Tree - By Shay Hospitality,"Bird Sanctuary, Near Bhawani Mandir Before, Sultanpur, Gurugram",28.4673334,76.9054333,4.4,54.0,Sultanpur,hotel,
ChIJrcOxu7MVDTkRwGNFDz8XwIA,ChIJrcOxu7MVDTkRwGNFDz8XwIA,Natraj Greens Dev Farm,"Chandu, Gurugram",28.4685416,76.9048018,4.7,277.0,Chandu,hotel,
ChIJPegImFEVDTkRh7SAGGlzcY8,ChIJPegImFEVDTkRh7SAGGlzcY8,Raas Vilas By Under My Roof In Gurgaon | Boutique Farm House With 2 Pools For Weddings & Intimate Events,"Raas Vilas Farm, Pataudi Rd, Wazirpur, Sector 95A, Gurugram",28.4170915,76.915757,4.9,278.0,Sector 95A,hotel,
ChIJtwsPvxsXDTkRbnLWQkgcsoU,ChIJtwsPvxsXDTkRbnLWQkgcsoU,Awadh Bagh By Under My Roof In Gurgaon | 5Bhk Farm For Weddings & Private Events,"Awadh Bagh Farm, Pataudi Rd, opposite PS Garden, Sector 89A, Gurugram",28.4274561,76.9381921,4.8,166.0,Sector 89A,hotel,
ChIJB0f_eV8VDTkRZLamMeFD228,ChIJB0f_eV8VDTkRZLamMeFD228,Hotel O Rajvanshi Paradise,"Wazirpur, Manesar, Haryana",28.4236158,76.9139696,3.0,2.0,Manesar,hotel,
ChIJ43idupk9DTkRjypZM1JQyko,ChIJ43idupk9DTkRjypZM1JQyko,Bougainvillea Farm By Under My Roof In Gurgaon | 3Bhk Pet & Budget Friendly Farm With Pool,"Bougainvillea Farm, Society, near Bestech Sanskruti, Sector 92, Gurugram, Meoka",28.4116944,76.92573019999999,4.2,34.0,Gurugram,hotel,
ChIJqQZUNaQVDTkRPeAeq486Mtk,ChIJqQZUNaQVDTkRPeAeq486Mtk,Achal Farm,"Sadhrana Bamripur, Sadrana",28.4631396,76.9097493,4.2,100.0,Sadhrana Bamripur,hotel,
ChIJdZJtxyIVDTkRIE66YtbuTXM,ChIJdZJtxyIVDTkRIE66YtbuTXM,Spot On 61716 Rao Hotel,"Budhera, Gurugram",28.484931,76.90380499999999,3.7,21.0,Budhera,hotel,
ChIJ32Vw6zEVDTkRjhdgrT9Hq_Y,ChIJ32Vw6zEVDTkRjhdgrT9Hq_Y,Oyo 60916 Rajya Resort,"Chandu, Farukh Nagar",28.470285,76.915382,4.3,44.0,Chandu,hotel,
ChIJe_7OFZoXDTkRoDVLEQfnHHU,ChIJe_7OFZoXDTkRoDVLEQfnHHU,Hotel O V2 Stay,"bus stand, Pataudi Rd, opposite Santosi Mata Mandir, Hayatpur, Manesar, Gurugram",28.4247365,76.9347519,5.0,1.0,Manesar,hotel,
ChIJY009gVIXDTkR68MwDX50jN8,ChIJY009gVIXDTkR68MwDX50jN8,Flagship Star Residency,"More, Manesar, 3, IMT Rd, Hayatpur, Sector 93, Gurugram",28.4251742,76.9339894,4.1,34.0,Sector 93,hotel,
ChIJR2D6ioQXDTkRBDwuY3-75P0,ChIJR2D6ioQXDTkRBDwuY3-75P0,Oyo Flagship 62980 Shiva Residency,"2 Plot No. 2, Hayatpur Rd, near Railway Station, New Colony, Garhi Harsaru, Harasu, Gurugram",28.438973,76.9334381,3.5,62.0,Harasu,hotel,
ChIJp0gsI8YVDTkRta54FAmE9x4,ChIJp0gsI8YVDTkRta54FAmE9x4,Oyo Bhardwaj Guest House,"001, plot no 171 , near sgt university village budhera chandu, old, Gurugram",28.4727468,76.91164049999999,3.4,45.0,old,hotel,
ChIJ5ybFfAsXDTkR5slZzBjfm8o,ChIJ5ybFfAsXDTkR5slZzBjfm8o,Spot On Hotel Dezire Dhankot Chowk,"Main State Highway, near Anand pur Satsang Ashram, V.P.O, Sector 102, Dhankot, Gurugram",28.4721906,76.95579599999999,3.8,33.0,Dhankot,hotel,
ChIJdQZbs-EXDTkReLc3La1x-IU,ChIJdQZbs-EXDTkReLc3La1x-IU,Lavish Cozy Studio Home -#1119,"11th floor, Satya The Hive, SA-1119, Gurugram",28.4720016,76.96289949999999,5.0,3.0,SA-1119,hotel,
ChIJS51qEH4ZDTkR5-RJJbhYIZk,ChIJS51qEH4ZDTkR5-RJJbhYIZk,Grt Residency Hotel And Banquet,"Railway Station, 1693, Laxman Vihar Phase 2 Just 10 meters from Gurgaon, Old Railway Rd, Gurugram",28.4877638,77.0112096,4.2,227.0,Old Railway Rd,hotel,
ChIJWWO7DjcYDTkRxCyu50Z5ppo,ChIJWWO7DjcYDTkRxCyu50Z5ppo,"Park Inn, Gurgaon","Civil Lines, Gurugram",28.4590248,77.0318118,3.9,3117.0,Civil Lines,hotel,
ChIJw38BrVMZDTkR5GJOODWBotg,ChIJw38BrVMZDTkR5GJOODWBotg,Hotel Radiance Inn,"Plot No. 438/1, 16, 2, near Pushpanjali Hospital & Rajeev Chwok, Civil Lines, Gurugram",28.4513356,77.03237,4.5,122.0,Civil Lines,hotel,
ChIJHcE1PUsYDTkRk6DOqjzqpVQ,ChIJHcE1PUsYDTkRk6DOqjzqpVQ,Rosewood Apartment Hotel - Gurgaon,"Rosewood Apartment Hotels, Old Delhi Rd, Rajiv Nagar, Sector 13, Gurugram",28.4669137,77.03751849999999,4.0,582.0,Sector 13,hotel,
ChIJ_2UShLkZDTkRuxpjX8R1uP8,ChIJ_2UShLkZDTkRuxpjX8R1uP8,Skylark Hotel By Gabrian Hotels,"Old Delhi Gurugram Rd, adjacent to Raj Cinema, Anamika Enclave, Sector 14, Gurugram",28.4672556,77.0370061,4.5,250.0,Sector 14,hotel,
ChIJvwz3f_wYDTkRppCWpizlKPk,ChIJvwz3f_wYDTkRppCWpizlKPk,Quality Inn Gurgaon,"17/6, Old Delhi Gurugram Rd, Anamika Enclave, Sector 14, Gurugram",28.4703831,77.0398463,4.0,2439.0,Sector 14,hotel,
ChIJhWenoXoZDTkR8_pA7WnKEAk,ChIJhWenoXoZDTkR8_pA7WnKEAk,Sunrise Guest House,"Plot no, bus stand, 820, Sector 12A Rd, opp. HP PETROL PUMP, near gurgaon, West Rajiv Nagar, Sector 12, Gurugram",28.4733927,77.0307856,4.0,314.0,Sector 12,hotel,
ChIJE9ZNnEoYDTkRKUGTJncZXrI,ChIJE9ZNnEoYDTkRKUGTJncZXrI,Dahabi City Mark Hotel,"173, Street No.3 Behind PNB Bank, Fountain Chowk, Sector 12A, Gurugram",28.4637345,77.0324645,4.1,853.0,Sector 12A,hotel,
ChIJAQAAwMoZDTkRW9hrHxvXr20,ChIJAQAAwMoZDTkRW9hrHxvXr20,"Country Inn & Suites By Radisson, Gurgaon Sector 12","Plot No. 301/302, Anamika Enclave, Sector 12, Gurugram",28.4681692,77.0377554,4.4,7774.0,Sector 12,hotel,
ChIJu-834kAZDTkR5lRXhrM4Sm4,ChIJu-834kAZDTkR5lRXhrM4Sm4,Hotel O Meghna Residency,"355, Sector 12A Rd, West Rajiv Nagar, Sector 12, Gurugram",28.4715683,77.0312167,3.8,206.0,Sector 12,hotel,
ChIJX4oJPJ0ZDTkRtTXBpkiY5Bs,ChIJX4oJPJ0ZDTkRtTXBpkiY5Bs,Hotel O By Oyo Elite,"Plot No.28/18, New, Friends Colony, Officers Colony, Sector 15, Gurugram",28.4574856,77.03417019999999,3.7,484.0,Sector 15,hotel,
ChIJUW2yCxEZDTkRJV_Mf597aw8,ChIJUW2yCxEZDTkRJV_Mf597aw8,Hotel Windsor Heights,"21/1, Mehrauli-Gurgaon Rd, Anamika Enclave, Sector 14, Gurugram",28.4663362,77.0399087,4.3,230.0,Sector 14,hotel,
ChIJv95cHRgZDTkRuOlyYk0-h9g,ChIJv95cHRgZDTkRuOlyYk0-h9g,Hotel Samrat In,"3rd floor, Apna Bazar, Gurudwara Rd, Sadar Bazar, Roshan Pura, Gurugram",28.458752,77.0296061,4.8,304.0,Roshan Pura,hotel,
ChIJj6f6_j8YDTkRRjtc27zzXbg,ChIJj6f6_j8YDTkRRjtc27zzXbg,"Treehouse Queens Pearl, Gurugram","Civil Lines, Gurugram",28.4499544,77.032394,4.2,1906.0,Civil Lines,hotel,
ChIJJ7UzRjYYDTkRpXiNxgs1P6I,ChIJJ7UzRjYYDTkRpXiNxgs1P6I,Super Hotel O Samrat,"1, 4th Floor, Apna Bazar, Gurudwara Rd, near Civil Hospital, Sadar Bazar, Roshan Pura, Gurugram",28.4600138,77.0320812,4.0,3475.0,Roshan Pura,hotel,
ChIJ9yKcCbQXDTkRW3uWCbf-uLQ,ChIJ9yKcCbQXDTkRW3uWCbf-uLQ,Starkey Inn,"Kadipur chowk, near aastha hospital, IOC Colony, Sector 10, Gurugram",28.4501826,77.002093,4.6,41.0,Sector 10,hotel,
ChIJkVM5FkgYDTkRPZkgLsmOLLE,ChIJkVM5FkgYDTkRPZkgLsmOLLE,Ds Clarks Inn Gurgaon,"Plot No. 45, 46, Old Judicial Complex Civil Lines Rd, Civil Lines, Gurugram",28.4578181,77.0338518,4.0,1981.0,Civil Lines,hotel,
ChIJ4ZO2ChQZDTkRpunIryEaAR8,ChIJ4ZO2ChQZDTkRpunIryEaAR8,Hotel Gracious,"SCO 6 &7, Old Judicial Complex, Civil Lines, Gurugram",28.4583152,77.0342747,4.6,23.0,Civil Lines,hotel,
ChIJDeq9wUQZDTkRrwJeNPrH41U,ChIJDeq9wUQZDTkRrwJeNPrH41U,Skycity Hotel Gurgaon,"1 Old Judicial Complex Jharsa Rd, Shaheed Major Vikas Yadav Marg, near STV Haryana News, Sector 15 Part 1, Gurugram",28.4585209,77.0348704,4.0,2182.0,Sector 15 Part 1,hotel,
ChIJHfZfh2kZDTkRAs6yvHNDDwI,ChIJHfZfh2kZDTkRAs6yvHNDDwI,Hotel Elite Stay,"Shanti Nagar Rd, Shanti Nagar, Heera Nagar, Sector 11, Gurugram",28.4499833,77.0250346,4.9,747.0,Sector 11,hotel,
ChIJRSLL8FUZDTkRdDJEkxGactk,ChIJRSLL8FUZDTkRdDJEkxGactk,Five Elements Hotels - Gurugram (The Claire),"24 Plot Number 24, Sec.31, Sector 31, Gurugram",28.4566456,77.0490571,3.8,275.0,Sector 31,hotel,
ChIJGTTB6-0ZDTkRdIDLpY_uLr4,ChIJGTTB6-0ZDTkRdIDLpY_uLr4,Hotel 91 Huda City Centre Gurgaon,"Plot No 1792P, Block A, Greenwood City, Sector 45, Gurugram",28.4499967,77.06481029999999,4.3,1176.0,Sector 45,hotel,
ChIJg7gqCGsZDTkRdaEehmo_1F8,ChIJg7gqCGsZDTkRdaEehmo_1F8,Lime Tree Hotel Nearby 32Nd Avenue | Sector 15 Gurgaon | Hotel Near Udyog Vihar Gurgaon,"808 D, 32nd Avenue, NH-8, Galaxy Rd, Sector 15 Part 2, Gurugram",28.4627203,77.0499854,4.8,990.0,Sector 15 Part 2,hotel,
ChIJL2zf1n8ZDTkRrIjmGANW7ks,ChIJL2zf1n8ZDTkRrIjmGANW7ks,Fabhotel Raahi Retreat Hotel In Sector 31,"Plot No.1346-P, Sector 31 - 32A, Sector 31, Gurugram",28.449616,77.0445841,4.7,185.0,Sector 31,hotel,
ChIJl_6HRQwZDTkRxKFsmlnUHXY,ChIJl_6HRQwZDTkRxKFsmlnUHXY,Pacific Inn Huda City Centre,"Plot No 07, near Shakti Peeth Temple, South City I, Sector 41, Gurugram",28.45517,77.0572045,4.1,66.0,Sector 41,hotel,
ChIJGVd7GyYZDTkR72EnTWRzVTM,ChIJGVd7GyYZDTkR72EnTWRzVTM,The Atara,"A-29/10, behind Dt Mega Mall, Sector 28, DLF Phase 1, Gurugram",28.4775643,77.0913114,4.1,622.0,DLF Phase 1,hotel,
ChIJyfblicYYDTkRYmMn8f1coPg,ChIJyfblicYYDTkRYmMn8f1coPg,"Hotel Premium Nest - Hotel In Sushant Lok 1, Gurgaon","C1-2761, near to Paras Hospitals | Best Hospital in Gurugram, Sushant Lok Phase I, Gurugram",28.4502301,77.0871263,3.8,786.0,Sushant Lok Phase I,hotel,
ChIJxydUCQAZDTkRTbnjfN2N-1I,ChIJxydUCQAZDTkRTbnjfN2N-1I,Ava Hotels And Corporates Millennium City,"Plot Number 2010, Block A, Greenwood City, Sector 45, Gurugram",28.4513494,77.0673288,4.7,831.0,Sector 45,hotel,
ChIJuwDMPGMZDTkRwLNEZhvujiY,ChIJuwDMPGMZDTkRwLNEZhvujiY,Hotel Imperial Park,"Plot No 1795, Netaji Subhash Marg, Block A, Greenwood City, Sector 45, Gurugram",28.4503582,77.0650848,4.2,754.0,Sector 45,hotel,
ChIJS4Ok5QoZDTkRvuSk45jH_qw,ChIJS4Ok5QoZDTkRvuSk45jH_qw,Hotel Sakura By Maps Group,"Plat No. - 2019 P, 1883, Block A, Greenwood City, Sector 45, Gurugram",28.4505416,77.0684849,4.3,664.0,Sector 45,hotel,
ChIJ48E4IKoZDTkRUDIRdG8HzTI,ChIJ48E4IKoZDTkRUDIRdG8HzTI,Dayal Regency,"B-718, opp. Sushant Arcade, Sushant Lok Phase I, Sector 43, Gurugram",28.4616052,77.0799055,4.7,104.0,Sector 43,hotel,
ChIJO5gx3G0ZDTkRyQkPGNTASN0,ChIJO5gx3G0ZDTkRyQkPGNTASN0,"Fabhotel Emoji Stays - Hotel In Sector 32, Gurgaon","1332-P, Shaheed Major Vikas Yadav Marg, Sector 31 - 32A, Sector 31, Gurugram",28.4503511,77.0451051,4.1,318.0,Sector 31,hotel,
ChIJa6yw1-AZDTkRqNKlmkNQJ_I,ChIJa6yw1-AZDTkRqNKlmkNQJ_I,Hotel Bk Studios & Rooms,"HUDA, 1836-P, Service Rd, Sector 45, Gurugram",28.4510624,77.0666502,4.5,643.0,Sector 45,hotel,
ChIJd0OgBToZDTkRhlQmthdje-Y,ChIJd0OgBToZDTkRhlQmthdje-Y,Hotel Omega,"PLOT, 2018P, Sector 45, Gurugram",28.450618,77.0683569,4.5,972.0,Sector 45,hotel,
ChIJAQBA6eAYDTkRV0RzEJj5IE8,ChIJAQBA6eAYDTkRV0RzEJj5IE8,Fabhotel The Maple Stays - Hotel In Sushant Lok 1,"750, Sushant Lok 1 Rd, Block A, Sushant Lok Phase I, Sector 43, Gurugram",28.4682768,77.077647,4.1,482.0,Sector 43,hotel,
ChIJtdwaGPMYDTkRQK0oAP05IEI,ChIJtdwaGPMYDTkRQK0oAP05IEI,Inde Hotel Vista Woods,"191, Netaji Subhash Marg, Block A, Greenwood City, Sector 45, Gurugram",28.4495019,77.0642321,4.1,831.0,Sector 45,hotel,
ChIJX7C574UZDTkRYfqnTVhY8-k,ChIJX7C574UZDTkRYfqnTVhY8-k,Nook Inn & Suites,"Metro Station, L-32/4, Mehrauli-Gurgaon Road Service Road, near MG Road, DLF Phase 2, Sector 25, Gurugram",28.4797804,77.0778839,4.5,509.0,Sector 25,hotel,
ChIJZSK5CTYZDTkRfA7occujCkk,ChIJZSK5CTYZDTkRfA7occujCkk,"Fabhotel Oyster Villa - Hotel In Sushant Lok 1, Gurgaon","Plot No, 1315, St Thomas Marg, Sector 43, Gurugram",28.448228,77.08155169999999,4.6,275.0,Sector 43,hotel,
ChIJ-yMuUIAZDTkRLIVVi0UXBZg,ChIJ-yMuUIAZDTkRLIVVi0UXBZg,Skysuites Hotel,"plot no-1813, near Huda City Centre, Block A, Greenwood City, Sector 45, Gurugram",28.4505823,77.06591879999999,4.3,541.0,Sector 45,hotel,
ChIJT-DMdTkZDTkRiN-ft-zozUQ,ChIJT-DMdTkZDTkRiN-ft-zozUQ,Limewood Stay Premier | Golf Course Sector 42,"F472+8W8, Plot number 654 P, Sector 42, Gurugram",28.4633115,77.1024151,4.9,309.0,Sector 42,hotel,
ChIJCfft_zQZDTkR-d687pw4YUI,ChIJCfft_zQZDTkR-d687pw4YUI,"Staayz Premium, Gurugram - Hotel & Studio Apartments","U-25, Road, Pink Town House Rd, above Punjab National Bank, DLF Phase 3, Market, Gurugram",28.4939878,77.0996401,3.9,947.0,Market,hotel,
ChIJw8MNqtEYDTkR-YsYLWK7GI4,ChIJw8MNqtEYDTkR-YsYLWK7GI4,Treebo Ivy Castle,"F-10/11, Phase -1, Golf Course Rd, DLF Phase 1, Sector 27, Gurugram",28.4652878,77.0942271,4.2,826.0,Sector 27,hotel,
ChIJoY6Dp7cfDTkRzEdiSCB7ErA,ChIJoY6Dp7cfDTkRzEdiSCB7ErA,The Woodbury,"1, Kusum Marg, G Block, DLF Phase 1, Sector 26, Gurugram",28.4744056,77.10151499999999,4.5,300.0,Sector 26,hotel,
ChIJvbq6qMAYDTkR_ir2j3Ddu6g,ChIJvbq6qMAYDTkR_ir2j3Ddu6g,"Lime Tree Hotel Sushant Lok Gurgaon At Iffco Metro Close To Leisure Valley , Sector 29","A-587, Sushant Lok Phase-1 Sector -28, Gurgaon, Delhi NCR",28.4701319,77.0735168,4.5,1137.0,Gurgaon,hotel,
ChIJ3VQnN78ZDTkRmGxqa1UL0eo,ChIJ3VQnN78ZDTkRmGxqa1UL0eo,Saltstayz Express - Golf Course Road & Dlf Phase-1,"Metro, Global, Foyer Mall, Plot No. 75, Golf Crse Rd, near DLF Phase-1, Sector 28, Gurugram",28.4706362,77.0922171,4.7,1782.0,Sector 28,hotel,
ChIJOTFgFrkZDTkRtGNiP_WDHVE,ChIJOTFgFrkZDTkRtGNiP_WDHVE,Saltstayz Select - Huda City Center,"Plot No. 8 C, Block C, Sushant Lok Phase I, Sector 43, Gurugram",28.4595101,77.0786237,4.7,2297.0,Sector 43,hotel,
ChIJmbKGWigZDTkRnFzstL8pzNQ,ChIJmbKGWigZDTkRnFzstL8pzNQ,Hotel Golf View Sakura & Suites,"Plot 629, Sector 43, Golf Course Rd, Sector 28, Sector 43, Gurugram",28.4559441,77.09623669999999,4.6,479.0,Sector 43,hotel,
ChIJS6pNJr4ZDTkRU4iPl8B64uE,ChIJS6pNJr4ZDTkRU4iPl8B64uE,"Foxtrail, Sector 42 - Am Hotel Kollection","Plot no 683P, Sector 42, Gurugram",28.4632305,77.10075859999999,4.7,508.0,Sector 42,hotel,
ChIJZSmFMJkZDTkRohYgeUnNxxI,ChIJZSmFMJkZDTkRohYgeUnNxxI,Mod Avenue,"53, Moulsari Ave, DLF Phase 3, Sector 24, Gurugram",28.4971143,77.10097549999999,4.6,457.0,Sector 24,hotel,
ChIJ23KVO4gZDTkR8kPIdIcogHg,ChIJ23KVO4gZDTkR8kPIdIcogHg,Hotel Golf View Suites,"630, Golf Course Rd, opposite Hextech Apartments, Sector 43, Gurugram",28.4558655,77.0961268,4.4,1403.0,Sector 43,hotel,
ChIJq5SJS2YfDTkRQUWOxyoaoOE,ChIJq5SJS2YfDTkRQUWOxyoaoOE,The Aldott Boutique Hotel,"81, Moulsari Ave, DLF Phase 3, Sector 24, Gurugram",28.492682,77.1076935,4.5,983.0,Sector 24,hotel,
ChIJAQB0mwAiDTkRGTqwPngT9Qg,ChIJAQB0mwAiDTkRGTqwPngT9Qg,Clarens Hotel,"PLOT 363-364, SECTOR 29, Sector 29, Gurugram",28.4618341,77.0675064,4.2,2729.0,Sector 29,hotel,
ChIJl_0cXHwZDTkRFz_CkZcrn-I,ChIJl_0cXHwZDTkRFz_CkZcrn-I,Maison 42 By Onetree,"Building no - 814, Golf Course Rd, Sector 42, Gurugram",28.4622153,77.09717599999999,4.3,218.0,Sector 42,hotel,
ChIJm1rJ0aEZDTkRC_bc4i_rPyI,ChIJm1rJ0aEZDTkRC_bc4i_rPyI,Hotel Gracia Golf By Saavi Hotel,"545, Off, Golf Course Rd, Sector 43, Gurugram",28.4577916,77.09529859999999,3.8,203.0,Sector 43,hotel,
ChIJ3fq-Uc4ZDTkRlJf8KDLs0wo,ChIJ3fq-Uc4ZDTkRlJf8KDLs0wo,"Fabhotel Golf Inn - Hotel In Sector 43, Gurgaon","Golf Inn, 637, Sector 43, Gurugram",28.4556332,77.0950969,4.5,283.0,Sector 43,hotel,
ChIJPZDGPtsYDTkRAw_YJKEwTiE,ChIJPZDGPtsYDTkRAw_YJKEwTiE,Hotel City Premier,"6303, DLF Phase IV, Gurugram",28.4628526,77.0868041,3.7,829.0,DLF Phase IV,hotel,
ChIJv1JvttIYDTkR6QQG8Hbu9Io,ChIJv1JvttIYDTkR6QQG8Hbu9Io,Stepinn Ess Kay Ess Villa,"F-13/13, DLF Phase 1, Sector 27, Gurugram",28.4641285,77.09411089999999,4.4,438.0,Sector 27,hotel,
ChIJh7ypMCkZDTkRa9qZat_uAfQ,ChIJh7ypMCkZDTkRa9qZat_uAfQ,Tavisha Villa Golf Course Road Mg Road Gurgaon,"18, H-34 Rd, Block H, DLF Phase 1, Sector 26, Gurugram",28.4790602,77.09486849999999,4.0,532.0,Sector 26,hotel,
ChIJHZqb6wsZDTkR3n303iVwJq0,ChIJHZqb6wsZDTkR3n303iVwJq0,Saltstayz Select Sector 27 - Golf Course Road,"F-10 Lane, Plot no 10, Golf Course Rd, DLF Phase 1, Sector 27, Gurugram",28.4653394,77.09417049999999,4.7,1044.0,Sector 27,hotel,
ChIJgSqaay0ZDTkR76AdQCpsw1s,ChIJgSqaay0ZDTkR76AdQCpsw1s,Saltstayz Premier Sector 42 - Golf Course Road,"Plot No. 780, Golf Crse Rd, Sector 42, Gurugram",28.4631435,77.0985721,4.8,916.0,Sector 42,hotel,
ChIJb9VeCNMYDTkRcs0Bfr8neXo,ChIJb9VeCNMYDTkRcs0Bfr8neXo,Tribe Bespoke Hotel By Flxho,"16, Arjun Marg, opp. The Shopping Mall, off Golf Course Road, DLF Phase 1, Sector 26A, Gurugram",28.4666667,77.09978129999999,4.9,375.0,Sector 26A,hotel,
ChIJy6Pl_f8fDTkR21i3BZN30L4,ChIJy6Pl_f8fDTkR21i3BZN30L4,Signature Luxeinn Hotel,"Property No. 1 Near Sky Mansion SSN Marg, Main Chhatarpur Rd, near Chandan Hola, Chhatarpur, New Delhi",28.4690333,77.1865535,4.2,18.0,Chhatarpur,hotel,
ChIJM1VXRjQZDTkRoBS-7Y_b8qY,ChIJM1VXRjQZDTkRoBS-7Y_b8qY,Ibis Gurgaon Golf Course Road,"Block 1, Golf Course Rd, Parsvnath Exotica, Sector 53, Gurugram",28.4468227,77.0997915,4.4,10705.0,Sector 53,hotel,
ChIJ845VBz0eDTkRn4taWpUHdMI,ChIJ845VBz0eDTkRn4taWpUHdMI,Hotel Riverb,"Plot No 1, Subba Farm, Main Chhatarpur Rd, Block A, Chattarpur Enclave, Chhatarpur, New Delhi",28.4971353,77.1852367,4.1,169.0,Chhatarpur,hotel,
ChIJU5k0fwAZDTkRO_rImIrqbtA,ChIJU5k0fwAZDTkRO_rImIrqbtA,Nikko Blue Hotel,"Plot No.P-5, 1, DLF Phase 2, Sector 25, Gurugram, Shahpur",28.484686,77.09036920000001,4.5,53.0,Gurugram,hotel,
ChIJ2Se7D0AZDTkRswVVBRehoeE,ChIJ2Se7D0AZDTkRswVVBRehoeE,"Fabhotel Altus - Hotel In Dlf Phase 2, Gurgaon","61, Jacaranda Marg, DLF Phase 2, Sector 25, Gurugram, Shahpur",28.4893,77.08771999999999,4.0,149.0,Gurugram,hotel,
ChIJixO9pSwfDTkRnBicOK6DA54,ChIJixO9pSwfDTkRnBicOK6DA54,Ahuja Residency Park Lane,"D-7, Arjun Marg, DLF Phase 1, Sector 26A, Gurugram",28.4665786,77.102088,4.5,413.0,Sector 26A,hotel,
ChIJsbue63QfDTkRhBwRIuFCTN8,ChIJsbue63QfDTkRhBwRIuFCTN8,"Via Singh Suite - Hotel In Dlf Phase 3, Gurgaon","29, Nathupur Rd, DLF Phase 3, Sector 24, Gurugram",28.4869953,77.1047916,3.8,155.0,Sector 24,hotel,
ChIJG8xOITwZDTkRA5LpEQ9_5hA,ChIJG8xOITwZDTkRA5LpEQ9_5hA,Hotel O By Oyo Le Regent,"Plot No.H33-43, Block H, DLF Phase 1, Sector 26, Gurugram",28.4782081,77.0983356,3.8,137.0,Sector 26,hotel,
ChIJt3KdyTsZDTkRnrRRDF9xwo0,ChIJt3KdyTsZDTkRnrRRDF9xwo0,Capital O Altus Residency Near Aravali Biodiversity Park,"61, Jacaranda Marg, DLF Phase 2, Sector 25, Gurugram, Shahpur",28.4892849,77.087741,3.9,414.0,Gurugram,hotel,
ChIJT8kShEAZDTkRl2U1GRhAYN8,ChIJT8kShEAZDTkRl2U1GRhAYN8,Leaf 9 Boutique,"Sector 27, Gurugram",28.4658618,77.091618,4.5,410.0,Sector 27,hotel,
ChIJb1sEEkEZDTkRDOPsDUSAn_U,ChIJb1sEEkEZDTkRDOPsDUSAn_U,"Fabhotel Rr Residency - Hotel In Dlf Phase 2, Gurgaon","7B, Jacaranda Marg, DLF Phase 2, Sector 25, Gurugram, Shahpur",28.48966,77.08684,4.5,199.0,Gurugram,hotel,
ChIJPwpn3iIZDTkRtUmKOOXCCSw,ChIJPwpn3iIZDTkRtUmKOOXCCSw,Hotel Vipul Grand,"Block N, N-14/33, DLF Phase 2, Sector 25, Shahpur, Gurugram",28.4884115,77.089651,4.3,94.0,Shahpur,hotel,
ChIJNWPPK70ZDTkRn_uuCZyjmRY,ChIJNWPPK70ZDTkRn_uuCZyjmRY,Saltstayz Premier - Galleria Market Road & Sector 27,"Plot no 200 P, Sector 27, Gurugram",28.4676586,77.0889081,4.8,1934.0,Sector 27,hotel,
ChIJnStO6bwZDTkRREJ25WLH6gQ,ChIJnStO6bwZDTkRREJ25WLH6gQ,My One Hotel,"Plot p, 2, Golf Course Rd, Sector 27, Gurugram",28.4677087,77.09361779999999,4.7,327.0,Sector 27,hotel,
ChIJnYoZbzMZDTkRo083db9CdDs,ChIJnYoZbzMZDTkRo083db9CdDs,"Inde Hotel Cyber City, Gurgaon","X-66A, DLF Cyber City, DLF Phase 2, Sector 24, Gurugram",28.4927844,77.0907058,4.0,980.0,Sector 24,hotel,
ChIJKagwI0YZDTkRYT__pYzMFyY,ChIJKagwI0YZDTkRYT__pYzMFyY,Hotel 91 Golf Course Road,"Plot No 586, Rapid Metro Station, next to Sector 43, Sector 43, Gurugram",28.458228,77.0961945,4.4,223.0,Sector 43,hotel,
ChIJz2AwM0IeDTkRE2lvAzLoGH4,ChIJz2AwM0IeDTkRE2lvAzLoGH4,"Le Méridien Gurgaon, Delhi Ncr","Sector 26 M.G. Road, Gurgaon Delhi, Border, Gurugram",28.4806195,77.1077522,4.4,14410.0,Border,hotel,
ChIJWUK7TDoZDTkRdp-9-g52j1k,ChIJWUK7TDoZDTkRdp-9-g52j1k,Hotel Windsor Castle,"66, Jacaranda Marg, DLF Phase 2, Sector 25, Gurugram, Shahpur",28.4897163,77.0872315,3.9,426.0,Gurugram,hotel,
ChIJAWlbwzsZDTkRTD1NrIaIoJg,ChIJAWlbwzsZDTkRTD1NrIaIoJg,Hotel Royal Residency,"F3QP+VP3, Jacaranda Marg, DLF Phase 2, Sector 25, Gurugram, Shahpur",28.4896204,77.0867871,3.3,23.0,Gurugram,hotel,
ChIJA5u7YpYZDTkRCEcqc98Pbak,ChIJA5u7YpYZDTkRCEcqc98Pbak,Hotel Metro Residency,"Plot no, 610, Sector 43, Gurugram",28.455811,77.09465,4.4,14.0,Sector 43,hotel,
ChIJD3l5JwYfDTkRrQ4zqTYjbfM,ChIJD3l5JwYfDTkRrQ4zqTYjbfM,Fabhotel The Aroma,"Khasra No. 409, 410, Sultanpur Mandi Rd, opp. DLF Farms, Sultanpur, New Delhi",28.494,77.16491669999999,4.2,159.0,Sultanpur,hotel,
ChIJWZJF18sYDTkRlMhB1jn6drk,ChIJWZJF18sYDTkRlMhB1jn6drk,Anya Gurgaon,"42, Golf Course Rd, DLF Phase 5, Sector 43, Gurugram",28.455143,77.097091,4.0,2259.0,Sector 43,hotel,
ChIJKYKSWQAZDTkRGfvUj75CLA0,ChIJKYKSWQAZDTkRGfvUj75CLA0,Golf Luxury,"1041, nearby Ambience public school, Sector 43, Gurugram",28.4544923,77.0918842,4.9,78.0,Sector 43,hotel,
ChIJ73h-x7AfDTkRYODY5sS8TO8,ChIJ73h-x7AfDTkRYODY5sS8TO8,"Fabhotel Rivlet Residency - Hotel In Dlf Phase 3, Gurgaon","37, Siris Rd, T Block, DLF Phase 3, Sector 24, Gurugram",28.492415,77.10781,4.6,284.0,Sector 24,hotel,
ChIJzduWdHEZDTkRBKRB3ET9eV8,ChIJzduWdHEZDTkRBKRB3ET9eV8,Hotel Levante,"U-41/4, नया मोहल्ला मार्ग, U Block, Nathupur, Sector 24, Gurugram",28.492036,77.09600120000002,3.7,1689.0,Sector 24,hotel,
ChIJdb2nSwwZDTkR_qFicz-CfPw,ChIJdb2nSwwZDTkR_qFicz-CfPw,"Bloom Hotel - Golf Course Road, Sector 43","584, Golf Course Rd, near SYS Developers, Sector 43, Gurugram",28.4583003,77.0961696,4.8,1526.0,Sector 43,hotel,
ChIJ788UkOAeDTkR1IXMH3KeYTY,ChIJ788UkOAeDTkR1IXMH3KeYTY,Luxera,"METRO STATION, Mehrauli-Gurgaon Rd, near ARJAN GARH, Aya Nagar, New Delhi",28.4804947,77.1267554,4.1,1818.0,Aya Nagar,hotel,
ChIJUa9kJyUZDTkRCLz0DgmLSlY,ChIJUa9kJyUZDTkRCLz0DgmLSlY,Hotel Indiyaah Inn,"92 -A Near Gate No. 3, Akashneem Marg, near Sikanderpur metro station, DLF Phase 2, Sector 25, Gurugram",28.4831722,77.0942666,4.6,512.0,Sector 25,hotel,
ChIJQ0mCURIeDTkRxSzdLV_yWnw,ChIJQ0mCURIeDTkRxSzdLV_yWnw,"Fortune Select Global, Gurgaon - Member Itc Hotels' Group","Global Arcade, Mehrauli-Gurgaon Rd, Sikanderpur, Sector 26, Gurugram",28.4815808,77.103324,4.2,4094.0,Sector 26,hotel,
ChIJrwaFLOAfDTkRPIo2B_lkjSU,ChIJrwaFLOAfDTkRPIo2B_lkjSU,Fairley'S Hotels & Resorts,"579, Main Chhatarpur Rd, Shahoorpur Extension, Satbari, New Delhi",28.472621,77.1887258,3.9,701.0,Satbari,hotel,
ChIJwRT3qCUeDTkRecFelntewZs,ChIJwRT3qCUeDTkRecFelntewZs,The Tivoli,"F5WP+M3Q, Chattarpur Mandir Road, Block A, Chattarpur Enclave, Mehrauli, New Delhi",28.4966351,77.18531449999999,4.2,10024.0,Mehrauli,hotel,
ChIJw5YvHgAfDTkRBy56MNY2nl0,ChIJw5YvHgAfDTkRBy56MNY2nl0,Udman Hotel Chhatarpur,"Chandan Hola, Plot No. 538, Main Chhatarpur Rd, Chhatarpur, New Delhi",28.4646961,77.1862125,4.9,1851.0,Chhatarpur,hotel,
ChIJAy3yrrofDTkRo9pQpHva1MY,ChIJAy3yrrofDTkRo9pQpHva1MY,Aroma Hotel,"Address : No 409, opp. to DLF Farms, Sultanpur, New Delhi",28.4941003,77.16500889999999,4.5,41.0,Sultanpur,hotel,
ChIJGUDZB-YfDTkRTOuIuy7EK9Q,ChIJGUDZB-YfDTkRTOuIuy7EK9Q,Hotel Rivasa Regency,"B 12, Main Chhatarpur Rd, Chhatarpur, New Delhi",28.453897,77.183726,4.3,262.0,Chhatarpur,hotel,
ChIJt4qyPQAfDTkRBMvujBJs42E,ChIJt4qyPQAfDTkRBMvujBJs42E,Divisha Homes,"3rd Floor, C-29, JVTS Garden, Chhatarpur Extension, Chhatarpur, New Delhi",28.4919736,77.1786051,4.9,73.0,Chhatarpur,hotel,
ChIJ88UPbKcfDTkRn5RuCRubLAI,ChIJ88UPbKcfDTkRn5RuCRubLAI,Collection O The Grand Villa,"Plot No- 409-410, Mandi Rd, near Bikaner Sweet, Sultanpur, New Delhi",28.4939828,77.164835,4.5,36.0,Sultanpur,hotel,
ChIJqatSgMQfDTkRF9LVcrExTdM,ChIJqatSgMQfDTkRF9LVcrExTdM,"Park Boulevard Hotel, New Delhi","DERA MORE,CHATTARPUR MANDIR ROAD, DELHI",28.4484845,77.1846159,4.3,3173.0,CHATTARPUR MANDIR ROAD,hotel,
ChIJ7VIOTVseDTkRdnOMsxb5ftI,ChIJ7VIOTVseDTkRdnOMsxb5ftI,Avalon Courtyard Residences And Suites,"Metro Station, F5W6+M7C, off, Mehrauli-Gurgaon Rd, Sultanpur, New Delhi",28.4966487,77.1600692,4.1,524.0,Sultanpur,hotel,
ChIJUVEwtnIfDTkRUKif-DLwqfg,ChIJUVEwtnIfDTkRUKif-DLwqfg,Oyo The Royal Villa,"426, Mehrauli-Gurgaon Rd, Ghitorni, New Delhi",28.491159,77.14065599999999,3.7,31.0,Ghitorni,hotel,
ChIJMV2w6CweDTkR-KXGpaExz2Q,ChIJMV2w6CweDTkR-KXGpaExz2Q,Oyo Kcg Hotels Near Chhatarpur Metro Station,"32/1, Satbari, New Delhi",28.4688588,77.1842253,3.8,179.0,Satbari,hotel,
ChIJjRnSLIwfDTkRSeSzIDKDY_s,ChIJjRnSLIwfDTkRSeSzIDKDY_s,Flagship Raj Residency Near Chhatarpur Metro Station,"Plot no.277, Rajpur Khurd Ext, Maidan Garhi, Chhatarpur, Delhi, New Delhi",28.490345,77.192962,3.8,25.0,Delhi,hotel,
ChIJmyas5kQfDTkRq1YVNY1ULj8,ChIJmyas5kQfDTkRq1YVNY1ULj8,The Own Stay,"H. No, B-12/2, Block B, Chhatarpur Extension, Chhatarpur, Delhi, New Delhi",28.4919269,77.18166599999999,4.7,38.0,Delhi,hotel,
ChIJJWjGrxEeDTkRwBTPOhzPqgA,ChIJJWjGrxEeDTkRwBTPOhzPqgA,Oodles Hotel Chhattarpur,"Plot 759 762, Main Chhatarpur Rd, Block C, Chhatarpur Extension, Chhatarpur, New Delhi",28.48875,77.18476900000002,4.1,4189.0,Chhatarpur,hotel,
ChIJr8v4rd0fDTkRYHHvdeASgxA,ChIJr8v4rd0fDTkRYHHvdeASgxA,Golden Tulip,"242-245 - Fatehpur Beri, Chattarpur Mandir Rd, Asola, New Delhi",28.4623284,77.18661190000002,4.6,18.0,Asola,hotel,
ChIJd0vHMCweDTkRayozzfX4sGc,ChIJd0vHMCweDTkRayozzfX4sGc,The Ocean Pearl Gardenia,"241-246, Chattarpur, Fatehpur Beri, New Delhi",28.4626721,77.18625180000001,4.1,3911.0,Fatehpur Beri,hotel,
ChIJAaXhBdofDTkRjJVX_cRNLSQ,ChIJAaXhBdofDTkRjJVX_cRNLSQ,Bel-La Mondè Hotel Chhattarpur,"Chattarpur Mandir Rd, near Sky Manson Tower, Shahoorpur Extension, Satbari, New Delhi",28.4709906,77.188592,4.2,6449.0,Satbari,hotel,
ChIJ97W7F9EfDTkRidfrk_JoC5s,ChIJ97W7F9EfDTkRidfrk_JoC5s,The Ocean Pearl Retreat,"Chattarpur Mandir Rd, Ansal Villas, Satbari, New Delhi",28.4791516,77.1845822,4.2,7960.0,Satbari,hotel,
ChIJh45apMkfDTkRsVm3VhUXE74,ChIJh45apMkfDTkRsVm3VhUXE74,Opulent Hotel By Ferns N Petals,"F5CP+JF4, 98, Bandh Rd, Chhatarpur, New Delhi",28.4714921,77.1863955,4.5,3021.0,Chhatarpur,hotel,
ChIJI5Qg-hYeDTkRJPOLBw0uKeQ,ChIJI5Qg-hYeDTkRJPOLBw0uKeQ,Lilywhite Hotel,"Main Chhatarpur Rd, Chhatarpur Extension, Chhatarpur, New Delhi",28.4912289,77.18485009999999,4.0,3137.0,Chhatarpur,hotel,
ChIJp6qq6tofDTkRxTTgVXrcTZk,ChIJp6qq6tofDTkRxTTgVXrcTZk,Kings Forth Hotels,"538 Chandan Hulla, Main, Chhattarpur Ext Rd, Chhatarpur, New Delhi",28.4646815,77.1860854,4.0,628.0,Chhatarpur,hotel,
ChIJJ7fCIwAfDTkReXn71Uz-ONM,ChIJJ7fCIwAfDTkReXn71Uz-ONM,Hotel Suzu Inn,"F54M+HPM, 16, Main Chhatarpur Rd, Asola, Fatehpur Beri, New Delhi",28.4564254,77.18427849999999,4.6,22.0,Fatehpur Beri,hotel,
ChIJCXCAgNkfDTkRAOH3fheHj10,ChIJCXCAgNkfDTkRAOH3fheHj10,Hotel Royal Regency,"Main Road, near Canara Bank, Asola, Fatehpur Beri, New Delhi",28.4563053,77.1840471,4.1,38.0,Fatehpur Beri,hotel,
ChIJr4AGGVvhDDkRG_xKgOWkQAQ,ChIJr4AGGVvhDDkRG_xKgOWkQAQ,Gumbers Farm New Delhi,"F642+5RF, Asola Homes, chattarpur, Asola, New Delhi",28.4554292,77.2020587,3.7,209.0,Asola,hotel,
ChIJW5dO58MfDTkR0IkpjGctiBY,ChIJW5dO58MfDTkR0IkpjGctiBY,Hotel O The Kytes,"Ansal Villas, Satbari, Chhatarpur, New Delhi",28.4832917,77.1897497,3.8,141.0,Chhatarpur,hotel,
ChIJ5VpnAeYfDTkRYQ9sYR8yMGs,ChIJ5VpnAeYfDTkRYQ9sYR8yMGs,Oyo 11583 Hotel Prime View,"b12, 6, Main Chhatarpur Rd, Aflatoon Market, Harshroop Colony, Fatehpur Beri, Fatehpu, New Delhi",28.4539345,77.1837793,3.7,222.0,Fatehpu,hotel,
ChIJTeJUmFIeDTkRFeI22keK9so,ChIJTeJUmFIeDTkRFeI22keK9so,Roomshala 183 Hotel Aroma Chattarpur,"409, Main Sultanpur, Westend DLF Chattarpur Farms, DLF Farms, New Delhi",28.4818174,77.1594688,4.7,23.0,DLF Farms,hotel,
ChIJA84Ws3QfDTkRLTRtRiMx5Dw,ChIJA84Ws3QfDTkRLTRtRiMx5Dw,Hotel Royal Villa,"Mg Road, pipal wali gali, beside MCD school, Ghitorni, south delhi",28.4912161,77.1405856,5.0,1.0,Ghitorni,hotel,
ChIJt7mqyyUeDTkRsB0jEaRI9cY,ChIJt7mqyyUeDTkRsB0jEaRI9cY,Fabhotel Siya Residency,"6, Hargobind Enclave, Chattarpur Enclave, Chhatarpur, New Delhi",28.497,77.18751999999999,5.0,1.0,Chhatarpur,hotel,
ChIJjxDREmjhDDkR_q86XhG-KDE,ChIJjxDREmjhDDkR_q86XhG-KDE,Sukoon Farm Stay,"near Amardas ji Gurudwara, Ansal Villas, Satbari, New Delhi",28.4721296,77.2136373,4.8,111.0,Satbari,hotel,
ChIJL7Vg9KHiDDkRSwZ_W8H-sIY,ChIJL7Vg9KHiDDkRSwZ_W8H-sIY,The Estate Villa,"The Estate Villa (B, Sultanpur Mandi Rd, Sultanpur, New Delhi",28.4946569,77.16251749999999,4.2,324.0,Sultanpur,hotel,
ChIJ-c-55sofDTkRvmWM-SVTms4,ChIJ-c-55sofDTkRvmWM-SVTms4,Stayvista Villa,"Brijwasi Brijwasi Colony, Block A1, Mehrauli, New Delhi",28.4955788,77.184339,4.9,119.0,Mehrauli,hotel,
ChIJcWZoJ0rnDDkR7ya1Tpcw6-k,ChIJcWZoJ0rnDDkR7ya1Tpcw6-k,Royal Imperio,"Eros Garden, opposite supreme hospital, Charmwood Village, Sector 39, Faridabad",28.4922211,77.29172799999999,4.2,1378.0,Sector 39,hotel,
ChIJ40I_kCvnDDkRsOwVtnuR6I4,ChIJ40I_kCvnDDkRsOwVtnuR6I4,Goldfinch Hotel Delhi Ncr,"74/2A, Lakkarpur, Sector 39, Faridabad",28.4876185,77.2903032,4.0,3480.0,Sector 39,hotel,
ChIJU5ZfTy3nDDkREzNyq06aZjA,ChIJU5ZfTy3nDDkREzNyq06aZjA,Lake View Huts And Resort,"F7JP+Q4M, Lakewood city, Surajkund, Faridabad",28.4819505,77.2852963,4.1,1069.0,Surajkund,hotel,
ChIJbwpdFIXhDDkR1mfZ7FLaOV8,ChIJbwpdFIXhDDkR1mfZ7FLaOV8,Sarovar Portico Surajkund,"Shooting Range Road, Suraj Kund Rd, Block C, Lal Kuan, New Delhi",28.4895252,77.28350449999999,4.0,1160.0,Lal Kuan,hotel,
ChIJ6XGgrjLnDDkRe1YaEUjd_r8,ChIJ6XGgrjLnDDkRe1YaEUjd_r8,Hermitage Huts,"F7MP+6QH, (A Unit of Haryana Tourism Corporation Ltd.) Surajkund, Faridabad",28.4830633,77.28697600000001,3.9,876.0,(A Unit of Haryana Tourism Corporation Ltd.) Surajkund,hotel,
ChIJq6qqatPgDDkRZcvXKuNHJ0M,ChIJq6qqatPgDDkRZcvXKuNHJ0M,Rajhans Hotel,"Rajhans Hotel, Suraj Kund Rd, Lakewood city, Surajkund, Faridabad",28.4841592,77.2802351,4.1,3910.0,Surajkund,hotel,
ChIJq6qqqtPgDDkRiU7ZAEq1d-8,ChIJq6qqqtPgDDkRiU7ZAEq1d-8,Sunbird Resorts,"F7PJ+4RX, Lakewood city, Surajkund, Faridabad",28.4853534,77.2820957,4.2,253.0,Surajkund,hotel,
ChIJG6OlprbnDDkRU-OAWAxCg60,ChIJG6OlprbnDDkRU-OAWAxCg60,Hotel Regal Garden,"Plot no 1722, Suraj Kund Rd, near Goldfinch Hotel, Village Lakarpur, Sector 39, Faridabad",28.4869898,77.2909937,4.9,9.0,Sector 39,hotel,
ChIJr-UiyxHhDDkR9jmGwVikkO4,ChIJr-UiyxHhDDkR9jmGwVikkO4,Hotel O By Oyo Crowninn,"Asola, 121001, Suraj Kund Badkhal Rd, Anangpur, Faridabad",28.4605716,77.2839892,3.3,58.0,Anangpur,hotel,
ChIJOW1xC3znDDkRtLeKnObcRHE,ChIJOW1xC3znDDkRtLeKnObcRHE,Charmwood Inn,"Plot No 1, Suraj Kund Rd, opposite Govt School, Lakkarpur, Dayal Bagh Colony, Faridabad",28.4901642,77.2911879,4.7,37.0,Dayal Bagh Colony,hotel,
ChIJ3wheEADnDDkRDzP-C5uNxr0,ChIJ3wheEADnDDkRDzP-C5uNxr0,Remedra Hotels And Residences,"Plot No.2, near Shiv Mandir, Greenfield Colony, Sector 41, Faridabad",28.4699594,77.2929285,4.7,138.0,Sector 41,hotel,
ChIJhZ7D7lLnDDkRW1iGj1Y99cw,ChIJhZ7D7lLnDDkRW1iGj1Y99cw,Sky Mansion,"C-3249,4th floor, Greenfields, Faridabad",28.4666834,77.2896727,4.3,19.0,Greenfields,hotel,
ChIJ523s_LLgDDkReZgVUIHDaaA,ChIJ523s_LLgDDkReZgVUIHDaaA,Hotel Aravali Inn & Banquet Hall,"CO77, Suraj Kund Badkhal Rd, Asola Wild Life Sanctuary, Anangpur, Faridabad",28.4601939,77.2842185,4.6,14.0,Anangpur,hotel,
ChIJq6qqqg3cDDkRcNh5dl8gb9c,ChIJq6qqqg3cDDkRcNh5dl8gb9c,"Taj Surajkund Resort & Spa, Delhi Ncr","Shooting Range Road, Block C, Surajkund, Faridabad",28.4893507,77.2840571,4.4,13259.0,Surajkund,hotel,
ChIJ8eP7GADhDDkRFW6C7rXhNB0,ChIJ8eP7GADhDDkRFW6C7rXhNB0,Eden Farms,"Chhota Anangpur, Faridabad",28.4688322,77.2701257,3.9,82.0,Chhota Anangpur,hotel,
ChIJHd3Y2QjnDDkRX2J6RMZlSZ8,ChIJHd3Y2QjnDDkRX2J6RMZlSZ8,Hotel O Silver Coin Residency,"Infront of, Goldfinch Hotel, Lakkarpur, Surajkund, Faridabad",28.4871552,77.2899994,3.4,7.0,Surajkund,hotel,
ChIJIbuMAirnDDkR1HtuJqkJsPY,ChIJIbuMAirnDDkR1HtuJqkJsPY,Hotel O By Oyo The Moon Residency,"16, Dayal Bagh Rd, Charmwood Village, Sector 39, Faridabad",28.4920922,77.29218809999999,3.3,331.0,Sector 39,hotel,
ChIJz5G7EdPgDDkR3nBZAmkk6QM,ChIJz5G7EdPgDDkR3nBZAmkk6QM,Design Galleries,"F7MM+PRV, Unnamed Road, Lakewood city, Surajkund, Faridabad",28.484349,77.2845331,4.2,167.0,Surajkund,hotel,
ChIJeQIQJdXgDDkRfhn0uyMOrxQ,ChIJeQIQJdXgDDkRfhn0uyMOrxQ,Panoramic - The Atrium,"F7QM+W64, The Atrium Hotel, Shooting Range Road, Block C, Lal Kuan, Faridabad",28.4896537,77.28290659999999,3.8,202.0,Lal Kuan,hotel,
ChIJ7UcKMUjhDDkRL-mPFW5-q7g,ChIJ7UcKMUjhDDkRL-mPFW5-q7g,Bloom Haven By Madaan’S,"Farm No 7 Village Anangpur, Surajkund, Faridabad",28.4722788,77.27425219999999,4.4,13.0,Surajkund,hotel,
ChIJ6RTDdCTnDDkRZaKJnxryIMs,ChIJ6RTDdCTnDDkRZaKJnxryIMs,The Mansion Killa 25,"behind Omaxe Hills, Greenfield Colony Block B, Sector 43, Faridabad",28.4591073,77.2906687,3.5,17.0,Sector 43,hotel,
ChIJ8XJNQSHnDDkR60BZUyvH0_8,ChIJ8XJNQSHnDDkR60BZUyvH0_8,Vibe By The Lalit Traveller,"Mathura Road N, 12/7, NH 44, Near Toll plaza, Sector 35, Faridabad",28.4733891,77.3064833,3.9,4315.0,Sector 35,hotel,
ChIJkfmYCz_nDDkRl-e30Xfjyuw,ChIJkfmYCz_nDDkRl-e30Xfjyuw,Hotel Saffron Kiran,"NH-2, Mathura Road, Near Badarpur Toll Plaza, Faridabad",28.4723186,77.3065262,3.9,1206.0,Near Badarpur Toll Plaza,hotel,
ChIJPeq9RFDnDDkR3ThA8S-1P4Y,ChIJPeq9RFDnDDkR3ThA8S-1P4Y,Hotel Green Vegas,"F74W+MC5, Greenfield Colony Block B, Greenfields Colony Block B, Sector 43, Faridabad",28.456633,77.2961181,4.4,262.0,Sector 43,hotel,
ChIJfyoHSjznDDkR1l32qWnDa94,ChIJfyoHSjznDDkR1l32qWnDa94,Hotel Sewa Grand,"12/4, Mathura Road, Near Toll Plaza, opposite Sarai Metro Station, Faridabad",28.4767278,77.3062891,3.6,1240.0,opposite Sarai Metro Station,hotel,
ChIJl-fnJmXnDDkRI72MNPOzSFA,ChIJl-fnJmXnDDkRI72MNPOzSFA,Miran Hotel & Suites - Mathura Road Faridabad,"1502, 100 Feet Road, Greenfields, Sector 42, Faridabad",28.4622761,77.3005958,4.4,66.0,Sector 42,hotel,
ChIJSweSUaznDDkRiDsGkG487WY,ChIJSweSUaznDDkRiDsGkG487WY,Hotel Amaze,"second floor gate no. 7, B/651, Greenfield Colony, Sector 43, Faridabad",28.4607917,77.2963571,5.0,18.0,Sector 43,hotel,
ChIJAzPudb_dDDkR7Ky0lXG8OeI,ChIJAzPudb_dDDkR7Ky0lXG8OeI,Hotel O By Oyo Lime Inn,"building no 2, bangal suiting chowk, opp. PARAS APARTMENT, Inder Colony, Sector 31, Faridabad",28.4483247,77.3169341,4.2,69.0,Sector 31,hotel,
ChIJ0bhXzyPnDDkRtIidxqRxIhM,ChIJ0bhXzyPnDDkRtIidxqRxIhM,Hotel View - A Boutique Hotel,"HN-19 1, Bypass Rd, New Delhi, Faridabad",28.4872896,77.3058834,4.2,105.0,New Delhi,hotel,
ChIJC-svMT7nDDkRsnPyEfm6MSM,ChIJC-svMT7nDDkRsnPyEfm6MSM,Agrah Stay,"B654, Greenfield Colony Block B, Greenfields, Sector 42, Faridabad",28.4606031,77.2960428,4.4,64.0,Sector 42,hotel,
ChIJF73zruTnDDkR4fHFPKspu28,ChIJF73zruTnDDkR4fHFPKspu28,Sukajini Home Stay & Pg,"2nd Floor, B-106, Mall Rd, Greenfield Colony Block B, Greenfields, Fatidabad, Faridabad",28.4620948,77.3005937,5.0,40.0,Fatidabad,hotel,
ChIJR7opKkHnDDkRu2lSbe2ecIE,ChIJR7opKkHnDDkRu2lSbe2ecIE,Rosewood Grand,"PLOT 03, Ashoka Enclave Main Rd, Ashoka Enclave, Sector 34, Faridabad",28.4729034,77.3125998,3.8,77.0,Sector 34,hotel,
ChIJ5RPXWkbnDDkRHPIEdZvEvnM,ChIJ5RPXWkbnDDkRHPIEdZvEvnM,Hotel O By Oyo Kalka,"B-472, near JKM Bharat Gas, Green Fields Colony, Greenfields, Sector 43, Faridabad",28.462243,77.29795399999999,4.8,17.0,Sector 43,hotel,
ChIJFTUAotnnDDkR1gMoIi3ORdc,ChIJFTUAotnnDDkR1gMoIi3ORdc,Fabhotel Bleu Ville,"Badarpur Border Toll Booth, 12/4, NH-19, near Sarai, Sarai Khawaja Village, Sector 36, Faridabad",28.4747391,77.306124,4.7,40.0,Sector 36,hotel,
ChIJLc--96LnDDkRcxUjrcGUL18,ChIJLc--96LnDDkRcxUjrcGUL18,Via Galaxy Ii,"I, II, III, 5B-9, Hotel Galaxy, B P, Railway Road, opposite D M Hospital, Ashoka Enclave, N.I.T, Sector 34, Faridabad",28.47175,77.31457,4.1,60.0,Sector 34,hotel,
ChIJC3jSkMLnDDkRpbyJHHT6HjY,ChIJC3jSkMLnDDkRpbyJHHT6HjY,Fabhotel Crescent,"2nd & 3rd Floor, Sector 30-33, Slf Mall, Block A, Indraprastha Colony, Bypass, Faridabad",28.4549496,77.3132414,3.3,15.0,Bypass,hotel,
ChIJgyqMzGPnDDkRQ20lUOXLQO8,ChIJgyqMzGPnDDkRQ20lUOXLQO8,Fabhotel Black Pepper,"163, 33, Sector 30, I P Colony, Faridabad",28.4535253,77.3157801,4.7,53.0,I P Colony,hotel,
ChIJx6m1uo7dDDkR12u8JLX6V1I,ChIJx6m1uo7dDDkR12u8JLX6V1I,Destiny House,"House no. 80, Near Krishna Mandir,, Sector 31, Faridabad",28.442585,77.31594199999999,4.2,92.0,Sector 31,hotel,
ChIJn3sea8bdDDkRBNzpLJa0sM8,ChIJn3sea8bdDDkRBNzpLJa0sM8,Hotel O By Oyo Royal Inn,"Leisure Valley, 188, 188 C, Sector 46, Apartment, Faridabad",28.4377188,77.30185349999999,3.4,50.0,Apartment,hotel,
ChIJh56SAIDdDDkR9NSPmd20Q0c,ChIJh56SAIDdDDkR9NSPmd20Q0c,Flagship Rozette Residency,"H.no, 327, near H S I I D C Office, Sector 31, Faridabad",28.4432362,77.31263129999999,4.4,163.0,Sector 31,hotel,
ChIJ7U43gHXdDDkRxrQvQ2InjH8,ChIJ7U43gHXdDDkRxrQvQ2InjH8,The White Pepper,"2091, Rajendra Colony, Sector 28, Faridabad",28.4300911,77.3101483,4.5,57.0,Sector 28,hotel,
ChIJt3LeD7_nDDkRPvWAjIqtFk8,ChIJt3LeD7_nDDkRPvWAjIqtFk8,Hotel O Veer Palace,"pillar no 33, Aggarwal sweet, near main road, A Block, Budh Vihar Colony, Tajpur Pahari Village, Badarpur, New Delhi, Delhi",28.4965972,77.30335360000001,2.6,7.0,New Delhi,hotel,
ChIJawhvr7PnDDkRzK8CptG0rAo,ChIJawhvr7PnDDkRzK8CptG0rAo,Hotel O Maira Stays,"A 1505, 1St Floor, Chitrakut Hospital, Maira Stays, opp. Gate No 2, Greenfields, Faridabad",28.4622853,77.3012057,3.7,245.0,Greenfields,hotel,
ChIJsYk_4vYfDTkRxhcIXPEuN-8,ChIJsYk_4vYfDTkRxhcIXPEuN-8,Collection O Hotel Cambridge,"house no.73, DLF phase-3, nearby Gurudronacharya metro station, Daurala Village, Gurugram, Delhi",28.5126536,76.90205879999999,5.0,1.0,Gurugram,hotel,
ChIJQw7XRwcjDTkRUpAE-J_C2JY,ChIJQw7XRwcjDTkRUpAE-J_C2JY,Collection O Hotel The Miscue,"south city-2, E-39, nearby Goodearth city centre, Daurala Village, Gurugram, Delhi",28.5128111,76.9020556,1.0,2.0,Gurugram,hotel,
ChIJ_b5_2h8XDTkRH-3grjWSpsI,ChIJ_b5_2h8XDTkRH-3grjWSpsI,Capital O Harish Residency,"125, Sector 9A, Sector 9, Gurugram",28.4656538,76.9912798,3.6,187.0,Sector 9,hotel,
ChIJLW-emhIXDTkR-6bqCk1VS9M,ChIJLW-emhIXDTkR-6bqCk1VS9M,Capital O 61602 Hotel The Royal,"994/914 Basai Old Delhi Gurgaon Road, near Flyover, Gurugram",28.460861,76.981651,4.1,62.0,near Flyover,hotel,
ChIJ4ZM2vkIXDTkRAXr06HcF9JI,ChIJ4ZM2vkIXDTkRAXr06HcF9JI,Hotel O Arya Residency,"Plot no 494, Main, Basai Rd, Basai Enclave, Basai Village, Sector 9B, Gurugram",28.4572171,76.98697109999999,5.0,2.0,Sector 9B,hotel,
ChIJq_mqsfIZDTkR7CQGzKLopiM,ChIJq_mqsfIZDTkR7CQGzKLopiM,The Prince Inn,"12 A12, Dharam Colony, Palam Vihar Ext. Opp Power House Station, Gurgaon 12217, Gurugram",28.5032811,77.03283069999999,4.0,320.0,Gurgaon 12217,hotel,
ChIJQTH0_aoZDTkR2bqpQS51Gh4,ChIJQTH0_aoZDTkR2bqpQS51Gh4,"Ginger - Sector 1, Gurugram","Global Foyer, Pocket H, Sector 1, Palam Vihar, Gurugram",28.511137,77.040171,3.7,1589.0,Palam Vihar,hotel,
ChIJiziWrzAbDTkRdIPNjwNfI-o,ChIJiziWrzAbDTkRdIPNjwNfI-o,Hotel Hr Residency,"near maruti true value showroom, Bamnoli Village, Sector 28 Dwarka, Dwarka, New Delhi, Delhi",28.5464594,77.0317001,4.7,65.0,New Delhi,hotel,
ChIJW000QPcZDTkR2q-1cDbfges,ChIJW000QPcZDTkR2q-1cDbfges,Hotel City Palace,"G25F+C7M, Block B, New Palam Vihar Phase 1, Sector 110, Gurugram",28.5085781,77.0231757,4.1,7.0,Sector 110,hotel,
ChIJqaqqZ4YXDTkRtQ-QBVfHHQI,ChIJqaqqZ4YXDTkRtQ-QBVfHHQI,Saavi Hotel Sector 10,"Enkay Rubber Factory, Basai Rd, Krishna Nagar, Sector 10, Gurugram",28.4562492,77.005883,4.2,6.0,Sector 10,hotel,
ChIJCYkD0ckZDTkROZqkEmNEa5k,ChIJCYkD0ckZDTkROZqkEmNEa5k,Hotel Bizzotel,"2390, 3, Old Delhi Gurugram Rd, near PNB Bank, Anamika Enclave, Sector 14, Gurugram",28.4690232,77.0384539,4.3,193.0,Sector 14,hotel,
ChIJdXE5kq8ZDTkR3XRcDlA5Alk,ChIJdXE5kq8ZDTkR3XRcDlA5Alk,Hotel Vrs,"Ganpati Arcade, Gurudwara Rd, Sadar Bazar, Roshan Pura, Gurugram",28.4597257,77.0311017,4.4,281.0,Roshan Pura,hotel,
ChIJnQTKoYYXDTkRU7pRAcKFALk,ChIJnQTKoYYXDTkRU7pRAcKFALk,Hotel O Circle Residency,"H.No - 10, near Alpine Convent school, Vikas Nagar, Sector 10, Gurugram",28.4539783,76.9944211,3.8,99.0,Sector 10,hotel,
ChIJT6HNpJQZDTkRGu2XPHz05z8,ChIJT6HNpJQZDTkRGu2XPHz05z8,Hotel Royal Retreat,"H.no, 341B, near Ansal Plaza, Pocket H, Sector 1, Palam Vihar, Gurugram",28.511952,77.040528,4.5,41.0,Palam Vihar,hotel,
ChIJYy_XeOQbDTkRK2NfXsfpEEE,ChIJYy_XeOQbDTkRK2NfXsfpEEE,Goa Country Club By Pearl,"1371, opp. Metro Park Hospital, j block, Sector 1, Palam Vihar, Gurugram",28.5191955,77.0389321,4.2,599.0,Palam Vihar,hotel,
ChIJsTX1574ZDTkRYBEzBecVO8s,ChIJsTX1574ZDTkRYBEzBecVO8s,Hotel O S K Resisdency,"3rd Floor, Appartment 15, Apka city Plaza, near Park Inn hotel, Civil Lines, Gurugram",28.459126,77.031765,4.8,16.0,Civil Lines,hotel,
ChIJr3w57d8ZDTkReaF1ZGBlgvM,ChIJr3w57d8ZDTkReaF1ZGBlgvM,Masaga By Qcent,"1691/31, Old Railway Rd, Sector 3A, Laxman Vihar, Gurgaon Rural, Gurugram",28.4875153,77.0112834,4.6,271.0,Gurgaon Rural,hotel,
ChIJH_Tj8koYDTkRej_8iJE6pUE,ChIJH_Tj8koYDTkRej_8iJE6pUE,Eddison Hotel,"Prem Nagar, Near Sector-14, Opp Ajit Cinema, 293/3, Delhi Rd, Gurugram",28.465543,77.0346881,4.0,700.0,Delhi Rd,hotel,
ChIJ9_LFpUoZDTkRmQc0nr3920Y,ChIJ9_LFpUoZDTkRmQc0nr3920Y,Capital O By Oyo Esscon House Near Payal Cinema,"1388, Major Sushil Aima Marg, Block F, Carterpuri Village, Sector 23A, Gurugram",28.5091826,77.0432282,3.3,317.0,Sector 23A,hotel,
ChIJlTs8-VIZDTkRsrFfQNWP92U,ChIJlTs8-VIZDTkRsrFfQNWP92U,Green Bacchus Stays,"H299, H Block, H- Block, Om Vihar, Palam Vihar Extension, Gurugram",28.500586,77.0414782,4.5,104.0,Palam Vihar Extension,hotel,
ChIJz2kv2TwZDTkRxLds7WNtqJY,ChIJz2kv2TwZDTkRxLds7WNtqJY,Aakriti Hotels,"702 P, Sector 23, Gurugram",28.5119149,77.0435242,4.0,480.0,Sector 23,hotel,
ChIJC5jTgNcZDTkR3ajFCvQd1dI,ChIJC5jTgNcZDTkR3ajFCvQd1dI,Chaupal Hotel & Banquet,"Plot No. 303/2, Old Delhi Gurugram Rd, near BSNL Telephone Exchange, Anamika Enclave, Sector 14, Gurugram",28.4681031,77.0378992,4.0,1419.0,Sector 14,hotel,
ChIJ_6WIiowZDTkRWY5b3ANJGR8,ChIJ_6WIiowZDTkRWY5b3ANJGR8,Super Hotel O Urban Sky,"Plot No 257, near Shani Mandir, Sector 38, Bakhtawar chowk, Gurugram",28.4796434,77.0121429,4.9,12.0,Bakhtawar chowk,hotel,
ChIJf4aZlKIZDTkRZvUGFuf-IV4,ChIJf4aZlKIZDTkRZvUGFuf-IV4,The Trot Hotel & Suites,"Yashobhoomi, Conscient One Mall, Near, Dwarka Expy, Block R, New Palam Vihar Phase 1, Sector 109, Gurugram, Pawala Khasrupur",28.5029074,77.00797089999999,4.3,86.0,Gurugram,hotel,
ChIJj9ohA_sZDTkRzpldRlEu7O8,ChIJj9ohA_sZDTkRzpldRlEu7O8,Zen Suites - Gurgaon,"B, 25 A, Sector 14 Rd, Block B, Old DLF Colony, Sector 14, Gurugram",28.4701493,77.0418439,4.8,417.0,Sector 14,hotel,
ChIJTxZARVUZDTkRpaG7WjvgWiI,ChIJTxZARVUZDTkRpaG7WjvgWiI,Safe&Sure Residency,"Phase-3, Plot no.13, near Ekta Group, opp. Narayana School, Block G, Ashok Vihar Phase III Extension, Gurugram",28.4993643,77.02589669999999,5.0,175.0,Ashok Vihar Phase III Extension,hotel,
ChIJDylpYF8bDTkRrqi1VR5k0CU,ChIJDylpYF8bDTkRrqi1VR5k0CU,Hotel Goa Country Club,"Palam Vihar Rd, near Metro Hospital, Pocket J, Choma, Gurugram",28.5186938,77.03922969999999,4.2,70.0,Choma,hotel,
ChIJ--FGZrMZDTkRnNnjWOLxdmI,ChIJ--FGZrMZDTkRnNnjWOLxdmI,The Grand Hotel,"L-36, Delhi Rd, Anamika Enclave, Sector 14, Gurugram",28.4703471,77.0397937,3.8,144.0,Sector 14,hotel,
ChIJp6MyJTcZDTkRGFrLyjljPJk,ChIJp6MyJTcZDTkRGFrLyjljPJk,U S Fortune Hotel,"1149, Dayanand Colony, OPP. - INOX DREAMZ MALL, New Railway Road, 4-7, Chowk, Sector 6, Gurugram",28.4736713,77.0191782,4.7,166.0,Sector 6,hotel,
ChIJY_BPJDYYDTkRkHZ4zEVDmxg,ChIJY_BPJDYYDTkRkHZ4zEVDmxg,Shama Tourist Complex,"F26M+449, Shaheed Major Vikas Yadav Marg, Near Civil Hospital, Civil Lines, Gurugram",28.4602813,77.0328521,4.1,266.0,Civil Lines,hotel,
ChIJIQAAADAYDTkRr-j3eVMKaeI,ChIJIQAAADAYDTkRr-j3eVMKaeI,Moody Moon Blue,"F24C+5QJ, Model Town, Sector 11, Gurugram",28.455473,77.021902,,,Sector 11,hotel,
ChIJX7S4gF4ZDTkR1muRn56eJLM,ChIJX7S4gF4ZDTkR1muRn56eJLM,Shubham Hotel,"93, Jharsa Rd, near satyam plaza market, Fountain Chowk, civil line, hanuman mandir, Police Lines, Gurugram",28.4600623,77.03366969999999,4.0,29.0,Police Lines,hotel,
ChIJwRQsIVYZDTkRTOvbeNZacZU,ChIJwRQsIVYZDTkRTOvbeNZacZU,Hotel O Cloud Inn,"619/9, 2nd floor,Nehru lane ,Madanpuri, road, near OLF School, New Colony, Gurugram",28.4621833,77.01863999999999,3.7,7.0,New Colony,hotel,
ChIJe3MwXDQYDTkRFSLBgYWqUOo,ChIJe3MwXDQYDTkRFSLBgYWqUOo,Swastik Guest House - Best Guest House In Gurgaon,"New Railway Rd, near BUS STAND, opp. Saraswati Shopping Complex, Jacobpura, Sector 12, Gurugram",28.464437,77.029437,3.9,58.0,Sector 12,hotel,
ChIJE51owZ0ZDTkR2OgJJr4sDsI,ChIJE51owZ0ZDTkR2OgJJr4sDsI,Hotel O Shree Jee Inn Guest House,"Plot No. 701, 19Khandsa Road, opposite madhur mobile, Model Town, Sector 11, Gurugram",28.4558524,77.0226636,4.5,280.0,Sector 11,hotel,
ChIJbe0Wa9oZDTkR_jLO_rumWio,ChIJbe0Wa9oZDTkR_jLO_rumWio,Hotel O Royal Villa,"1 H block, ashok vihar phase3, behing TVS showroom, Palam Vihar Rd, Gurugram",28.5004097,77.0273261,3.6,184.0,Palam Vihar Rd,hotel,
ChIJxzEBJLMZDTkR3JmM3HkM_qQ,ChIJxzEBJLMZDTkR3JmM3HkM_qQ,Tulalip Hotel,"B-25, Sunder Singh Marg, Block B, Old DLF Colony, Sector 14, Gurugram",28.469971,77.042037,4.0,366.0,Sector 14,hotel,
ChIJRU_hfK0ZDTkRmuwgwPQ_cDM,ChIJRU_hfK0ZDTkRmuwgwPQ_cDM,Rsk Crown Plaza,"Q5, Block N, New Palam Vihar Phase 1, Sector 110, Gurugram, Pawala Khasrupur",28.5073391,77.0151703,4.8,110.0,Gurugram,hotel,
ChIJ87DHGs4ZDTkRx1Hiq-G3rsI,ChIJ87DHGs4ZDTkRx1Hiq-G3rsI,Hotel O By Oyo Dream Plaza,"959/3 Rajeev Nagar, Kali Mata Mandir Rd, Sector 12, Gurugram",28.4736691,77.0346069,3.9,127.0,Sector 12,hotel,
ChIJ_-aIgzIYDTkRBlQb3cm8lhA,ChIJ_-aIgzIYDTkRBlQb3cm8lhA,Hotel Rajvanshi,"Old Railway Rd, near DSD College, Subhash Nagar, Sector 8, Gurugram",28.4646102,77.0222292,4.1,1115.0,Sector 8,hotel,
ChIJQQ-msLgZDTkRgftdjITVkXE,ChIJQQ-msLgZDTkRgftdjITVkXE,Fabhotel Gazelle Inn,"221/1, Old Railway Rd, near Shiv Murti, Subash nagar, Sector 8, Gurugram",28.4628637,77.02286819999999,3.9,214.0,Sector 8,hotel,
ChIJM9UXNmEZDTkRS8oL7LSIarI,ChIJM9UXNmEZDTkRS8oL7LSIarI,Capital O Hotel Flora Inn Near Ambience Mall,"528, Sector 2 Rd, Pocket A, Sector 2, Choma, Gurugram",28.505518,77.0370015,3.9,100.0,Choma,hotel,
ChIJAQBAAokZDTkRZxk3dwZd-4I,ChIJAQBAAokZDTkRZxk3dwZd-4I,Evergreen Resort Aravali,"Aravali mountain FO52 Resort, Ansal Plaza, Gurugram badshahpur, Gurugram",28.5114567,77.0419641,4.8,4.0,Gurugram badshahpur,hotel,
ChIJa3V2bkYYDTkRXORa3zzhsTw,ChIJa3V2bkYYDTkRXORa3zzhsTw,"Hotel Haut Monde, Gurgaon","316, Shaheed Major Vikas Yadav Marg, Sector 15 Part 2, Patel Nagar, Gurugram",28.4552421,77.0381881,3.7,2979.0,Patel Nagar,hotel,
ChIJx6k4HM4ZDTkRPN4jwRg4X8M,ChIJx6k4HM4ZDTkRPN4jwRg4X8M,Fabhotel Red Inn,"SCO 55, Civil Line Rd, Sector 15, Gurugram",28.45847,77.0332464,3.8,78.0,Sector 15,hotel,
ChIJr8LuNvwYDTkRLfjeI091NkU,ChIJr8LuNvwYDTkRLfjeI091NkU,"Lemon Tree Premier, City Center, Gurugram","Millennium City Center, Plot No 287-289, Sector 29, Gurugram",28.4649502,77.06470159999999,4.3,2548.0,Sector 29,hotel,
ChIJE-uo-fwYDTkREmhTJ5h_HSI,ChIJE-uo-fwYDTkREmhTJ5h_HSI,"Lemon Tree Premier, Leisure Valley 2, Gurugram","लैज़र वैली पार्क City Centre HUDA, 43-47, Main St, near near, Sector 29, Gurugram",28.467708,77.0653,4.1,4361.0,Sector 29,hotel,
ChIJBVSGE6gbDTkRSmVkRqpoTi8,ChIJBVSGE6gbDTkRSmVkRqpoTi8,"Hotel Pitrashish Pride,Delhi Airport.","Hotel Pitrashish Pride, 98, Main Rd, Kapas Hera Extension, Kapas Hera, New Delhi",28.5302714,77.08644950000001,4.4,815.0,Kapas Hera,hotel,
ChIJOw9xHnqyvDsRI5yP40PhcsM,ChIJOw9xHnqyvDsRI5yP40PhcsM,"Treebo Mall View, Dlf Phase Ii","8, K-5A Rd, DLF Phase 2, Sector 25, Gurugram, Sarhol",28.4806364,77.0837529,4.1,739.0,Gurugram,hotel,
ChIJqyK42_sYDTkRv0equibh_ow,ChIJqyK42_sYDTkRv0equibh_ow,Treebo Premium Eden Residency Near Sec 29,"Golf Course Extension, B-2, Sohna Road, South City I, Sector 29, Gurugram",28.4633455,77.0625685,4.1,558.0,Sector 29,hotel,
ChIJcfBZzI0ZDTkRzkNr9l0ifhY,ChIJcfBZzI0ZDTkRzkNr9l0ifhY,"Aliste Hotels, Millenium City Centre Gurugram","583, B Block Dr, Sushant Lok Phase I, Sector 43, Gurugram",28.4594554,77.075233,4.7,114.0,Sector 43,hotel,
ChIJ76fRckIbDTkRIah0mfzCE08,ChIJ76fRckIbDTkRIah0mfzCE08,Hotel Divine Residency By Jmd Group,"Plot No 6, Main Rd, Kapas Hera, New Delhi",28.5304832,77.0865977,4.5,254.0,Kapas Hera,hotel,
ChIJTcnx04QbDTkRo45mfpW2-bg,ChIJTcnx04QbDTkRo45mfpW2-bg,Airport Hotel Tashree,"Khasra No. 99-100, Kapashera Old Delhi-Gurugram, road, near HDFC Bank, Kapas Hera Extension, New Delhi",28.5294386,77.08693559999999,4.8,4132.0,Kapas Hera Extension,hotel,
ChIJX_nDWw4bDTkRyBuwCgrqmNQ,ChIJX_nDWw4bDTkRyBuwCgrqmNQ,Hotel Grand Tashree,"Old Delhi Gurugram Rd, near Bank Of Baroda, D Block, Samalka, Delhi, New Delhi",28.5324481,77.0893443,4.8,1701.0,Delhi,hotel,
ChIJNYCvH2QZDTkRjLl3MLSE4S0,ChIJNYCvH2QZDTkRjLl3MLSE4S0,Trinity Corporate Suites,"Suncity Trade Tower, Old Delhi Gurugram Rd, adjoining Candor Techspace, opposite Udyog Vihar, Sector 21, Gurugram",28.5078696,77.0710579,4.1,541.0,Sector 21,hotel,
ChIJF7LqehsbDTkR6XzlZaqz00s,ChIJF7LqehsbDTkR6XzlZaqz00s,Hotel Shivaka Inn Delhi Airport,"Khasra No. 130-131, Kapashera Old Delhi, road, near HDFC Bank, Kapas Hera Extension, Gurugram, New Delhi",28.5296866,77.0861644,4.2,997.0,Gurugram,hotel,
ChIJrQm2IkQZDTkR-GCn7nUAuSQ,ChIJrQm2IkQZDTkR-GCn7nUAuSQ,"Lemon Tree Hotel, Udyog Vihar Gurugram","866, Udyog Vihar Phase V Rd, Phase V, Udyog Vihar, Sector 19, Gurugram",28.5026451,77.0868498,3.8,1801.0,Sector 19,hotel,
ChIJXw3kOk8ZDTkR5BoYbGOlxWQ,ChIJXw3kOk8ZDTkR5BoYbGOlxWQ,Fabhotel Rallkmas - Hotel In Sector 25,"96, K-3 Rd, DLF Phase 2, Sector 25, Gurugram, Sarhol",28.4821006,77.08467999999999,4.0,217.0,Gurugram,hotel,
ChIJyx6PzRIZDTkR_rpcf2iugfY,ChIJyx6PzRIZDTkR_rpcf2iugfY,Roswell Inn,"4008, DLF Galleria Rd, near Galleria Market, Sector 28, DLF Phase IV, Gurugram",28.4676826,77.07999509999999,4.7,59.0,DLF Phase IV,hotel,
ChIJc3ZI9pobDTkRPtK8HE8mb4I,ChIJc3ZI9pobDTkRPtK8HE8mb4I,Airport Hotel Park Blue Near Iicc Yashobhoomi,"Kh.no.378, Raj Singh Complex, Old Delhi Gurugram Rd, Kapas Hera Extension, Kapas Hera, New Delhi",28.5268771,77.0853425,4.4,162.0,Kapas Hera,hotel,
ChIJnSnYFEsZDTkR6NLGDcS6Qvo,ChIJnSnYFEsZDTkR6NLGDcS6Qvo,Hotel Sagar Inn,"House No. 835, near, Huda Market Rd, Sector 15 Part 2, Sector 15, Gurugram",28.4587833,77.0447733,3.8,86.0,Sector 15,hotel,
ChIJ____v_wYDTkRhZscYezopi4,ChIJ____v_wYDTkRhZscYezopi4,The Pllazio Hotel,"Plot No 292, City Center, 296, Sector 29, Gurugram",28.4645888,77.0640184,4.3,5726.0,Sector 29,hotel,
ChIJa8DmBlkZDTkRmCx2X4Z5BuU,ChIJa8DmBlkZDTkRmCx2X4Z5BuU,Kohsa7,"7/C, South City, Block C, DLF Colony, Sector 14, Gurugram",28.471187,77.0442649,4.3,396.0,Sector 14,hotel,
ChIJm8VGkugYDTkRs--928cKH1s,ChIJm8VGkugYDTkRs--928cKH1s,Park Plaza Gurugram,"B-BLOCK, Sushant Lok Phase I, Sector 43, Gurugram",28.4595449,77.07577359999999,4.3,4962.0,Sector 43,hotel,
ChIJYfWy3MIYDTkReIo6KYRj6yw,ChIJYfWy3MIYDTkReIo6KYRj6yw,The Hotel Am Bliss Sector 43 Gurgaon,"C-993, opp. Courtyard Mariot, Block C, Sushant Lok Phase I, Sector 43, Gurugram",28.4602149,77.08170129999999,4.0,147.0,Sector 43,hotel,
ChIJLZVJ9iYZDTkRMIJz2UHHjlY,ChIJLZVJ9iYZDTkRMIJz2UHHjlY,Hotel A.P Residency,"Plot No- 574, near Gate No 3, Huda, Sector 23, Gurugram",28.50898,77.046246,4.1,59.0,Sector 23,hotel,
ChIJf_RyNJQZDTkRAVspU3WJK8U,ChIJf_RyNJQZDTkRAVspU3WJK8U,Amahi Inn,"Signature Tower, Near, Saini Khera Village, Sector 30, Gurugram",28.4647168,77.0601209,4.5,301.0,Sector 30,hotel,
ChIJXXRN7bsbDTkRiO1syjt3AM0,ChIJXXRN7bsbDTkRiO1syjt3AM0,Hotel Tashree,"Khasra No. 99-100 Kapashera Old Delhi, Main Rd, near HDFC Bank, Kapas Hera Extension, Gurugram, New Delhi",28.5294524,77.0869076,4.7,128.0,Gurugram,hotel,
ChIJ5wVw0d0ZDTkRKhByqx1b0lQ,ChIJ5wVw0d0ZDTkRKhByqx1b0lQ,Royal Residence A69,"PLOT NO-A-69, Mehrauli-Gurgaon Rd, opp. Vatika Triangle, near M G METRO STN, Sector 28, Maruti Housing Colony, Gurugram, Sarhol",28.4771971,77.08073569999999,4.4,163.0,Gurugram,hotel,
ChIJD0RVhn8ZDTkRUF5yuCiz2QU,ChIJD0RVhn8ZDTkRUF5yuCiz2QU,Crs Inn - Hotels In Gurgaon,"L1/19, Block L, DLF Phase 2, Sector 25, Gurugram, Sarhol",28.4858057,77.0790583,4.6,166.0,Gurugram,hotel,
ChIJw9i-ZDMaDTkRsJ7qB0K3hFw,ChIJw9i-ZDMaDTkRsJ7qB0K3hFw,"Mauryan Stay, Yashobhoomi","Vasant Vihar, 355/2, Main Rd, Dalmia Vihar, Bijwasan, New Delhi, Delhi",28.5337491,77.0578826,4.8,315.0,New Delhi,hotel,
ChIJuWdhYEQcDTkRSaDfih8YwjA,ChIJuWdhYEQcDTkRSaDfih8YwjA,Airport Hotel Grand,"Airport Zone, L 73, NH 8, Near Delhi International Airport, Mahipalpur Extension, Mahipalpur, New Delhi",28.545074,77.123249,3.4,1803.0,Mahipalpur,hotel,
ChIJ5dfWP_UdDTkRciVp85XPAk0,ChIJ5dfWP_UdDTkRciVp85XPAk0,"Airport Hotel Chanakya, Delhi","L 324, Street Number 7, L block, Mahipalpur Village, Mahipalpur, New Delhi",28.5453128,77.123259,4.4,8725.0,Mahipalpur,hotel,
ChIJWT9tW5AdDTkRrVM7VtKZjw8,ChIJWT9tW5AdDTkRrVM7VtKZjw8,Airport Hotel Royal Inn Igi,"70, near IGI Road, L block, Mahipalpur Extension, Airport, New Delhi",28.545505,77.1238844,4.8,2182.0,Airport,hotel,
ChIJI2ZTnA0dDTkRcXxM3eh-bRw,ChIJI2ZTnA0dDTkRcXxM3eh-bRw,Hotel Aerocity Purple Orchid,"KH-No. 326/2, National Highway 8, next to Shokeen real estate office, Rangpuri, New Delhi",28.5396793,77.1173985,4.3,724.0,Rangpuri,hotel,
ChIJfSiOnxMcDTkRahjPqJOeN-g,ChIJfSiOnxMcDTkRahjPqJOeN-g,Hotel Delhi Aerocity,"KH no. 325/2, National Highway 48, Rangpuri, New Delhi",28.5397192,77.11727429999999,4.1,1931.0,Rangpuri,hotel,
ChIJK7IvNhUcDTkRJuiQWy3VMfE,ChIJK7IvNhUcDTkRJuiQWy3VMfE,Hotel Viva Palace,"443, Street Number 7, L block, Mahipalpur Village, Mahipalpur, New Delhi",28.5448816,77.1232284,4.1,4746.0,Mahipalpur,hotel,
ChIJaWaDFCkdDTkR0-v3D-Mz6BA,ChIJaWaDFCkdDTkR0-v3D-Mz6BA,Hotel Vertu,"L75, Street Number 7, L block, Mahipalpur Village, Mahipalpur, New Delhi",28.5446313,77.1231938,4.1,1881.0,Mahipalpur,hotel,
ChIJZVHCl2ocDTkR4FUy2t2OM2c,ChIJZVHCl2ocDTkR4FUy2t2OM2c,Hotel Grand Regency,"Gurgaon - Delhi Expy, Rangpuri Nallapar, Rangpuri, New Delhi",28.536961,77.11571860000001,4.6,1667.0,Rangpuri,hotel,
ChIJz6mMvD4cDTkRC1x5YWUVypU,ChIJz6mMvD4cDTkRC1x5YWUVypU,Hotel Zest Near Igi Airport,"Mahipalpur, Plot, Street Number 86, Mahipalpur Extension, Mahipalpur, New Delhi",28.5412738,77.1301208,4.6,111.0,Mahipalpur,hotel,
ChIJV5m_Ty8dDTkRyHJJlJvPEAk,ChIJV5m_Ty8dDTkRyHJJlJvPEAk,Hotel D'Capitol - Delhi Airport,"Mata Chowk, K2/815, Vasant Kunj Rd, Mahipalpur Village, Mahipalpur, New Delhi",28.5412701,77.1298268,4.4,5829.0,Mahipalpur,hotel,
ChIJUdsPbuIdDTkRqpgi2i7xKkI,ChIJUdsPbuIdDTkRqpgi2i7xKkI,Hotel Park Tree Igi Airport,"HOUSE NO 766, Mahipalpur Extension, Mahipalpur, New Delhi",28.5412337,77.13037779999999,4.2,1517.0,Mahipalpur,hotel,
ChIJhdCGIFUdDTkRzJqaue3kFuk,ChIJhdCGIFUdDTkRzJqaue3kFuk,Hotel Red Blu ( Delhi Airport Hotel),"E=552 Vasant Kunj Marg, Mata Chowk, opposite indusland bank ATM, Mahipalpur, New Delhi",28.5419854,77.1293305,4.5,180.0,Mahipalpur,hotel,
ChIJ5bXEImgdDTkRTcDcVIVTblg,ChIJ5bXEImgdDTkRTcDcVIVTblg,Hotel Classic Plaza At Delhi Airport,"Main, Vasant Kunj Rd, near Corporation Bank, Mahipalpur Extension, Mahipalpur, New Delhi",28.54273,77.1290556,4.2,151.0,Mahipalpur,hotel,
ChIJa1Ew2zQdDTkRoVtBcorX4Nw,ChIJa1Ew2zQdDTkRoVtBcorX4Nw,Hotel Palm View By Jmd Group,"Mahipalpur Bypass, Block K I, Defence Enclave, Mahipalpur, New Delhi",28.5409618,77.13042519999999,4.8,966.0,Mahipalpur,hotel,
ChIJH7uqMgAdDTkRR3AlYABkDHo,ChIJH7uqMgAdDTkRR3AlYABkDHo,Hotel Delhi Airport Plaza (Complimentary One-Way Airport Transfer),"701/1, Street Number 7, near NH-8, L block, Mahipalpur Village, Mahipalpur, New Delhi",28.5451212,77.1229492,4.4,97.0,Mahipalpur,hotel,
ChIJq0A_wPYbDTkRnV2bk_7Fzfc,ChIJq0A_wPYbDTkRnV2bk_7Fzfc,Airport Residency,"Nh-8, Dwarka Link Rd, D Block, Samalka, New Delhi",28.5356961,77.0993809,3.8,1217.0,Samalka,hotel,
ChIJ42FWKggdDTkRFzcocUxirBs,ChIJ42FWKggdDTkRFzcocUxirBs,Hotel Diamond Airport,"Next, Radisson Blu, 104/2/2, National Highway 8, Mahipalpur - Rangpuri Rd, New Delhi",28.5426427,77.11871649999999,4.6,217.0,Mahipalpur - Rangpuri Rd,hotel,
ChIJp77fqcAdDTkRI_xm4ZpmmOU,ChIJp77fqcAdDTkRI_xm4ZpmmOU,Hotel Luxury Stay,"khasea, 522, Mata Chowk, Vasant Kunj Rd, near TVS showroom, Mahipalpur Village, Mahipalpur, New Delhi",28.5421532,77.1292928,3.1,538.0,Mahipalpur,hotel,
ChIJqR0Lpo8dDTkRXtwuh1revik,ChIJqR0Lpo8dDTkRXtwuh1revik,Hotel Silky Palace,"Plot no - 119, Defence Enclave, Mahipalpur, New Delhi",28.5403548,77.1309844,4.4,96.0,Mahipalpur,hotel,
ChIJpwfcnIsdDTkRozATce4XjIU,ChIJpwfcnIsdDTkRozATce4XjIU,Hotel Kian By Jmd Group,"India Postal Office, L-316, NH-8, beside Bank Of Baroda, L block, Mahipalpur Village, Mahipalpur, New Delhi",28.545249,77.1232746,4.7,2545.0,Mahipalpur,hotel,
ChIJJxUVzAkdDTkR3suKEjMZLts,ChIJJxUVzAkdDTkR3suKEjMZLts,Hotel View,"Mahipalpur Bypass Flyover, Mahipalpur Extension, Mahipalpur, New Delhi",28.5407949,77.1318738,4.3,352.0,Mahipalpur,hotel,
ChIJWxJ1vDscDTkRtxnxwLjdnK4,ChIJWxJ1vDscDTkRtxnxwLjdnK4,Oyo Hotel Metro Tower Near Ambience Mall,"Mata Chowk, Mahipalpur Extension, Mahipalpur, New Delhi",28.54201,77.12928409999999,3.5,616.0,Mahipalpur,hotel,
ChIJlbip0PAdDTkRf4CfOJtwHZI,ChIJlbip0PAdDTkRf4CfOJtwHZI,Hotel Ark Of Avalon - Near Delhi Airport,"Mata Chowk, K-806/1, near Delhi Airport, Mahipalpur Village, Mahipalpur, New Delhi",28.5422676,77.128199,3.6,1302.0,Mahipalpur,hotel,
ChIJQSiYSGkeDTkRXBZMMWIbY5s,ChIJQSiYSGkeDTkRXBZMMWIbY5s,Hotel Anand Bhawan,"of ILBS Hospital/Heritage School, 17 C, behind 2, near Gate No. 6, Bhawani Kunj, Vasant Kunj, New Delhi",28.5087131,77.1647095,4.2,821.0,Vasant Kunj,hotel,
ChIJAQAQ3iIeDTkRUX6NDxRGhiA,ChIJAQAQ3iIeDTkRUX6NDxRGhiA,Mauryan Elite Hotel Chhatarpur Metro Station,"C-83, 100 Feet Rd, DR Ambedkar Colony, Chhatarpur Enclave Phase 2, Chattarpur Enclave, Chhatarpur, New Delhi",28.5027843,77.18893489999999,4.4,329.0,Chhatarpur,hotel,
ChIJ7VpQfSMeDTkRq4Uup9eQgNI,ChIJ7VpQfSMeDTkRq4Uup9eQgNI,Hotel Star Suites Chattarpur,"near KANWAR SINGH TANWAR OFFICE, Chhatarpur Enclave Phase 2, Chattarpur Enclave, Chhatarpur, New Delhi",28.5020374,77.1859234,4.3,1481.0,Chhatarpur,hotel,
ChIJgfLBXRgeDTkRlsDBRnel4Ws,ChIJgfLBXRgeDTkRlsDBRnel4Ws,Mauryan Elite Hotel Qutab Minar Metro Station,"D-35/710, Gali Number 35, Pahari, Chhatarpur, New Delhi",28.5071775,77.1854633,4.7,553.0,Chhatarpur,hotel,
ChIJ6UcYhSEeDTkR6E7j3U9cv-0,ChIJ6UcYhSEeDTkR6E7j3U9cv-0,Amigosindia,"C-16, Street No. 10, DR Ambedkar Colony, Chhatarpur Enclave Phase 2, Chattarpur Enclave, Chhatarpur, New Delhi",28.5036781,77.1893954,4.5,2299.0,Chhatarpur,hotel,
ChIJD17xGwccDTkR56renr5AHfM,ChIJD17xGwccDTkR56renr5AHfM,Grand Notting Hills,"The Nitesh Hospitality Complex, Delhi-Gurgaon Expressway, NH-8, Avenue Bouganvillea, Rangpuri, near Shiv Murti, Delhi",28.5282583,77.1033691,3.8,175.0,near Shiv Murti,hotel,
ChIJZ-6qctYdDTkR9AxnmCK-SMw,ChIJZ-6qctYdDTkR9AxnmCK-SMw,Indira International Inn,"B - 32, Masoodpur, Vasant Kunj, New Delhi",28.5273578,77.1531382,4.0,582.0,Vasant Kunj,hotel,
ChIJLbvB2x4dDTkR3qHyJO5FV-g,ChIJLbvB2x4dDTkR3qHyJO5FV-g,Hotel Sky Wood At Airport,"KH-804, near Prem Motors, K-Block, Mahipalpur Extension, Mahipalpur, New Delhi",28.5428634,77.1286131,4.0,130.0,Mahipalpur,hotel,
ChIJAQAAMLD-DDkRdPtt8LsVujA,ChIJAQAAMLD-DDkRdPtt8LsVujA,"Radisson Blu Plaza Hotel, Delhi Airport","Near, Nh 8, Block R, Mahipalpur Extension, Mahipalpur, New Delhi",28.5434883,77.1199304,4.6,46272.0,Mahipalpur,hotel,
ChIJX_p5Lu0dDTkRqOKPEmR2EB4,ChIJX_p5Lu0dDTkRqOKPEmR2EB4,Hotel Jmk (Managed By Jmd Group),"Express Way, Plot No. 371, Gurgaon - Delhi Expy, near to IGI Airport Delhi, near Shiv Murti, Extn, Mahipalpur, New Delhi",28.536882,77.11568439999999,4.8,711.0,Mahipalpur,hotel,
ChIJf25pKZnhDDkRwGJaFMZCYAk,ChIJf25pKZnhDDkRwGJaFMZCYAk,Mauryan Signature Hotel Devli Khanpur,"Khanpur Extension, Sangam Vihar, New Delhi",28.5133681,77.2343712,4.7,214.0,Sangam Vihar,hotel,
ChIJI25rymXhDDkRpXprJDubtzQ,ChIJI25rymXhDDkRpXprJDubtzQ,Heistel Delhi,"Metro, 123, Saidulajab, Mehrauli - Badarpur Rd, near Saket, New Delhi",28.5195942,77.203761,4.0,434.0,near Saket,hotel,
ChIJFaVru3bjDDkRrUBWLmUZSM8,ChIJFaVru3bjDDkRrUBWLmUZSM8,The Desire Hostel,"C-13, Shivalik Rd, Block C, Malviya Nagar, New Delhi",28.5383863,77.2118856,4.1,659.0,Malviya Nagar,hotel,
ChIJTcaicyDjDDkRriIeJG6QFM8,ChIJTcaicyDjDDkRriIeJG6QFM8,Hotel Mayur,"No.3, A 68, near Market, Block A, Chittaranjan Park, New Delhi",28.5414685,77.24307739999999,4.1,143.0,Chittaranjan Park,hotel,
ChIJo4rzGLDhDDkRhQ81ZlWwock,ChIJo4rzGLDhDDkRhQ81ZlWwock,Mauryan Express Hotel Devli Khanpur,"H-137, Khanpur Village, Khanpur, New Delhi",28.5145862,77.2315428,4.9,293.0,Khanpur,hotel,
ChIJQxM3RNLjDDkRpfU_0WZcbw8,ChIJQxM3RNLjDDkRpfU_0WZcbw8,Rockland Hotel C R Park,"B207, Outer Ring Rd, Block B, Chittaranjan Park, New Delhi",28.5429119,77.24283989999999,3.8,2969.0,Chittaranjan Park,hotel,
ChIJveFwKoPhDDkRIqlykGWRMYA,ChIJveFwKoPhDDkRIqlykGWRMYA,Manya Residency Near Dlf Avenue Saket,"321, IGNOU Rd, Pocket E, Neb Sarai, Saket, New Delhi",28.5054917,77.1989418,3.1,31.0,Saket,hotel,
ChIJAYFTg5HhDDkR_v7Ha_GJtt8,ChIJAYFTg5HhDDkR_v7Ha_GJtt8,Zone Connect By The Park Saket New Delhi,"A1, DLF South Court, Saket District Centre, New Delhi",28.5274385,77.22057439999999,4.6,817.0,Saket District Centre,hotel,
ChIJB4eb5VziDDkR8DQnuhE4HhU,ChIJB4eb5VziDDkR8DQnuhE4HhU,Sky Inn By Twamev,"gate no 03, infront of max hospital, 135, New Delhi",28.5284314,77.2117937,4.6,69.0,135,hotel,
ChIJ4_cSyxPhDDkRRdBaWb4TUL4,ChIJ4_cSyxPhDDkRRdBaWb4TUL4,Hotel O Premium Rooms,"A, 138, Mehrauli - Badarpur Rd, Khanpur Extension, Khanpur, New Delhi",28.5144042,77.23164899999999,4.6,128.0,Khanpur,hotel,
ChIJed3qvkHhDDkRZz9hwNvIc1k,ChIJed3qvkHhDDkRZz9hwNvIc1k,Mauryan Elite Hotel @ Devli Khanpur,"A 20, Devli Rd, Pocket A, Duggal Colony, Khanpur, New Delhi",28.5112883,77.2327246,4.7,431.0,Khanpur,hotel,
ChIJTUJpHx3iDDkRYzj9vx7KJRE,ChIJTUJpHx3iDDkRYzj9vx7KJRE,Hotel Pearl Residency Inn,"C121, Block C, Shivalik Colony, Malviya Nagar, New Delhi",28.5379898,77.21011829999999,4.3,151.0,Malviya Nagar,hotel,
ChIJ3wz0KwfiDDkRjHFWQTiSUNA,ChIJ3wz0KwfiDDkRjHFWQTiSUNA,Qutub Residency Hotel,"Qutub Residency Hotel, 81, Sri Aurobindo Marg, Adchini, MMTC Colony, Adchini, New Delhi",28.5359307,77.1975272,3.6,679.0,Adchini,hotel,
ChIJ7xzv0_XhDDkRouVSxdtA7Kg,ChIJ7xzv0_XhDDkRouVSxdtA7Kg,Roomshala 170 Hotel Aura,"138, Hauz Rani Rd, Hauz Rani, Malviya Nagar, New Delhi",28.528656,77.212147,4.9,77.0,Malviya Nagar,hotel,
ChIJx-nhZO3hDDkRhvElsSXy5jE,ChIJx-nhZO3hDDkRhvElsSXy5jE,Hotel Saket 27,"J-27, Mandir Marg, Block J, Saket, New Delhi",28.5194118,77.21550359999999,4.3,2191.0,Saket,hotel,
ChIJtSU-60fhDDkRIFpzjZOFQ-o,ChIJtSU-60fhDDkRIFpzjZOFQ-o,Lemon Green Inn,"269-A, opposite Press Enclave Marg, New Colony, Hauz Rani, Malviya Nagar, New Delhi",28.5284614,77.209007,4.2,533.0,Malviya Nagar,hotel,
ChIJtaq-A5zjDDkRhbzhTkwimYg,ChIJtaq-A5zjDDkRhbzhTkwimYg,Bloom Hotel - Gk2,"E-586, IMB Marg, Block E, Greater Kailash II, Greater Kailash, New Delhi",28.5409371,77.2402838,4.6,965.0,Greater Kailash,hotel,
ChIJuXSu2CbhDDkR2BjuXI2YDLU,ChIJuXSu2CbhDDkR2BjuXI2YDLU,Hotel O Sunrise Villa,"A-24, Devli Rd, Khanpur Extension, Khanpur, New Delhi",28.511231,77.2330908,4.6,348.0,Khanpur,hotel,
ChIJhzHamC_iDDkRkUSrm3hnORw,ChIJhzHamC_iDDkRkUSrm3hnORw,Rockland Hotel Panchsheel Enclave,"C-30, near Chirag Delhi Flyover, Block C, Panchsheel Enclave, New Delhi",28.5421516,77.2298658,4.0,832.0,Panchsheel Enclave,hotel,
ChIJv5eWZj3jDDkR_tI3DXrwG3M,ChIJv5eWZj3jDDkR_tI3DXrwG3M,Super Hotel O Malviya Nagar Inn,"1st FloorTelephone Exchange Building, 19-B/1, Malviya Nagar, Delhi, New Delhi",28.5373129,77.20814,4.2,134.0,Delhi,hotel,
ChIJa11F3PThDDkRiXUu-XFCPsM,ChIJa11F3PThDDkRiXUu-XFCPsM,Hilton Garden Inn New Delhi/Saket,"A4, Saket District Centre, District Centre, Sector 6, Pushp Vihar, New Delhi",28.5278451,77.2174764,4.3,4742.0,Pushp Vihar,hotel,
ChIJD4ycINPjDDkR4Xvm3Q1Quq8,ChIJD4ycINPjDDkR4Xvm3Q1Quq8,Bloom Hotel - Cr Park,"2, Chittranjan Park Rd, opp. OS Communications, Block A, Chittaranjan Park, New Delhi",28.5425131,77.2417057,4.7,1915.0,Chittaranjan Park,hotel,
ChIJiRsZjhfjDDkRh-Hz8soazjI,ChIJiRsZjhfjDDkRh-Hz8soazjI,Kings Court Hotel Panchsheel Park,"Metro Station, Maharishi Dayanand Marg, near Panchsheel Park, Savitri Nagar, Savitri Nagar Village, Sheikh Sarai, Delhi, New Delhi",28.5397707,77.21748149999999,4.6,105.0,Delhi,hotel,
ChIJuVkOINPjDDkR4FBr49a3Org,ChIJuVkOINPjDDkR4FBr49a3Org,The J K Hotel C R Park,"A-5, Block A, Chittaranjan Park, New Delhi",28.5426334,77.24198439999999,4.4,521.0,Chittaranjan Park,hotel,
ChIJ87NRphjiDDkRMh3igGPGQUg,ChIJ87NRphjiDDkRMh3igGPGQUg,Beyond Hotel,"A-91, Shivalik Rd, Block C, Shivalik Colony, Malviya Nagar, New Delhi",28.5379585,77.2112239,3.9,305.0,Malviya Nagar,hotel,
ChIJX4jrIjbjDDkRXXZoolO_JAw,ChIJX4jrIjbjDDkRXXZoolO_JAw,"Fabhotel La Paz Stay - Hotel In Malviya Nagar, New Delhi","C 74, Shivalik Rd, Block C, Malviya Nagar, New Delhi",28.5374664,77.2107314,4.4,743.0,Malviya Nagar,hotel,
ChIJh11bAXrjDDkR9tb-KG0AsUU,ChIJh11bAXrjDDkR9tb-KG0AsUU,Hotel O Smart Stay Hotel,"Plot no.- C 5, Malviya Nagar, above KFC, block- C, near Haldiram KFC Sagar Ratna dominos, Landmark, New Delhi",28.5389986,77.21438719999999,4.2,10.0,Landmark,hotel,
ChIJPfpkEwHiDDkRiS9jVibNSdw,ChIJPfpkEwHiDDkRiS9jVibNSdw,Ahuja Residency Sage,"4, Shivalik Rd, Shivalik Enclave, Navjeevan Vihar, Malviya Nagar, New Delhi",28.5323221,77.2020234,4.6,133.0,Malviya Nagar,hotel,
ChIJmZQOztIdDTkRP7F2TwIcXdg,ChIJmZQOztIdDTkRP7F2TwIcXdg,Jmd Residency,"9920, C9, Gate No 5, Pocket 9, Sector C, Vasant Kunj, New Delhi",28.5372723,77.1441268,4.4,1095.0,Vasant Kunj,hotel,
ChIJl6486XvhDDkR4B-ArwFX0Ak,ChIJl6486XvhDDkR4B-ArwFX0Ak,Hotel O The Premium Villa,"A 20, Road, Pocket A, Devli, Khanpur, New Delhi",28.5112195,77.2326597,4.1,410.0,Khanpur,hotel,
ChIJB-shS9_jDDkRQQSbddJ0GOU,ChIJB-shS9_jDDkRQQSbddJ0GOU,The Grand New Delhi,"Nelson Mandela Marg, Pocket 4, Vasant Kunj II, Vasant Kunj, New Delhi",28.5392485,77.15246719999999,4.3,10521.0,Vasant Kunj,hotel,
ChIJby0WOwAfDTkR6PBzipNl_n8,ChIJby0WOwAfDTkR6PBzipNl_n8,Hotel Grand Arcasia,"147, Saket Rd, Block E, Saket, New Delhi",28.5225179,77.20728869999999,4.2,136.0,Saket,hotel,
ChIJIQA2Z7wfDTkRZw25k-8InI0,ChIJIQA2Z7wfDTkRZw25k-8InI0,Lemon Green Residency,"B, 3, Chattarpur Enclave Phase 2, Chhatarpur Enclave Phase 2, Chattarpur Enclave, Chhatarpur, New Delhi",28.502052,77.1889415,4.4,225.0,Chhatarpur,hotel,
ChIJ5c8bRRP9DDkRI_kpIfCtqB8,ChIJ5c8bRRP9DDkRI_kpIfCtqB8,Hotel O The Arrow Infront Of Max Hospital,"Happi Stays, Shakti Nagar, Civil Lines Tehsil, North Delhi, New Delhi",28.5289979,77.21178290000002,2.1,42.0,North Delhi,hotel,
ChIJsyRMG9PjDDkRu-_yoSGBWiQ,ChIJsyRMG9PjDDkRu-_yoSGBWiQ,Townhouse By Oyo Cr Park Near Lotus Temple,"A1, Savitri Flyover, near Savitri Cinema Complex, Block A, Chittaranjan Park, New Delhi",28.5425307,77.242631,3.5,776.0,Chittaranjan Park,hotel,
ChIJLQysRQDhDDkRwKEOpvjvpK8,ChIJLQysRQDhDDkRwKEOpvjvpK8,Urban Oasis,"khasra no. 210 and 211, Hno. 231, Hauz Rani Rd, New Colony, Hauz Rani, Malviya Nagar, New Delhi",28.5292437,77.2102183,4.8,185.0,Malviya Nagar,hotel,
ChIJdx3KI4vhDDkRjBieM5ZC8sI,ChIJdx3KI4vhDDkRjBieM5ZC8sI,"Svelte Delhi, A Member Of Radisson Individuals","Select Citywalk Mall, A-3, Saket District Centre, District Centre, Sector 6, Pushp Vihar, New Delhi",28.528237,77.2189558,4.2,2271.0,Pushp Vihar,hotel,
ChIJ_yPZ5d4fDTkRzAGMFkC6CGQ,ChIJ_yPZ5d4fDTkRzAGMFkC6CGQ,Nature View Homestay By Ginny,"281A, near Kishangarh Peepal Chowk Road, Garhwal Colony, Lakhi Nath Kuti, vasantkunj, New Delhi",28.5235879,77.17152,4.7,13.0,vasantkunj,hotel,
ChIJMyjsl_rhDDkRcU3rb0yGJ3s,ChIJMyjsl_rhDDkRcU3rb0yGJ3s,Hide-In Delhi,"3rd Floor, D-2, Saket, Near Saket Metro Gate No. 1, New Delhi",28.5203691,77.205226,4.2,703.0,Near Saket Metro Gate No. 1,hotel,
ChIJ27TmZdrjDDkR0csS3EblZWw,ChIJ27TmZdrjDDkR0csS3EblZWw,Hotel O Premium Rooms,"A-31/32, Near Axis Bank Begumpur, Malviya Nagar, New Delhi",28.5376643,77.2100875,3.3,44.0,Malviya Nagar,hotel,
ChIJozZZLu0fDTkRC6DaaoQIvf4,ChIJozZZLu0fDTkRC6DaaoQIvf4,Hotel Prime Residency,"383, Main Rd, Chattarpur Enclave, Chhatarpur, New Delhi",28.4983617,77.18497239999999,4.6,15.0,Chhatarpur,hotel,
ChIJgfNsgx3iDDkRVYjia-ScBMI,ChIJgfNsgx3iDDkRVYjia-ScBMI,Hotel O By Oyo Sagar Stay Inn,"C-5 Malviya Nagar, Main Market Road, near Max Hospital, Saket, New Delhi",28.5368662,77.21177279999999,4.0,84.0,Saket,hotel,
ChIJN-n7sWnhDDkR4H39boxluks,ChIJN-n7sWnhDDkR4H39boxluks,Micasa Homes,"287/1, New Colony, Hauz Rani, Malviya Nagar, New Delhi",28.5289716,77.2088902,4.8,93.0,Malviya Nagar,hotel,
ChIJk2gHn-nhDDkRuZScc5-PY8A,ChIJk2gHn-nhDDkRuZScc5-PY8A,Hotel Flourish Stays,"269-c/2, Hauz Rani Market Ln, New Colony, Hauz Rani, Malviya Nagar, New Delhi",28.5285451,77.2086786,4.6,96.0,Malviya Nagar,hotel,
ChIJNQbCLoPhDDkRFI2nnt7W9qE,ChIJNQbCLoPhDDkRFI2nnt7W9qE,Star Marigold,"S 27, Press Enclave Marg, opposite Select Citywalk Mall, next to lagoona emerald marriage hall, New Colony, Khirki Extension, Malviya Nagar, New Delhi",28.5304624,77.2169847,4.8,41.0,Malviya Nagar,hotel,
ChIJjeWqzSkdDTkRlyfZf8SJ0X0,ChIJjeWqzSkdDTkRlyfZf8SJ0X0,Hotel O Red Rose Residency,"2nd floor, Plot No - C 12, Main Road, above Premeshwari Devi Hospital, Masoodpur, Sector B, Vasant Kunj, Delhi, New Delhi",28.5268984,77.1525353,2.8,40.0,Delhi,hotel,
ChIJF8i-etEdDTkREtkYnwqAdDg,ChIJF8i-etEdDTkREtkYnwqAdDg,Captain Vishal Khanna'S Anchorage,"Block-A, D3, Church Rd, near Poorna Prajna Public School, Shanti Kunj Main, Vasant Kunj, New Delhi",28.5162347,77.15498590000001,4.6,249.0,Vasant Kunj,hotel,
ChIJEYi_bxviDDkRxJy_gHRETS0,ChIJEYi_bxviDDkRxJy_gHRETS0,Malviya Inn,"F Villa, 19-B-1 F, Sri Aurobindo Ln, Begumpur, New Delhi",28.537256,77.20809,4.2,12.0,Begumpur,hotel,
ChIJ5RjjCirlDDkR5wrzax-BZEs,ChIJ5RjjCirlDDkR5wrzax-BZEs,Hr Grand Hotel,"256/9, Main Road, behind Apollo Hospital, Pocket 10B, Jasola Vihar, New Delhi",28.5448673,77.29043589999999,4.6,962.0,Jasola Vihar,hotel,
ChIJZSEVrPHlDDkRZ5C2vrpZXRM,ChIJZSEVrPHlDDkRZ5C2vrpZXRM,Hotel Marigold Jasola,"Plot No.-81, behind Apollo hospital, near Pocket 10B, Jasola, Jasola Vihar, New Delhi",28.5456461,77.29193269999999,3.8,223.0,Jasola Vihar,hotel,
ChIJPdjkgibjDDkR_QptVlI3l0k,ChIJPdjkgibjDDkR_QptVlI3l0k,"Fabhotel Le Grand - Hotel In Kalkaji, New Delhi","L12, Main Rd, Block L, Kalkaji, New Delhi",28.5367585,77.2577414,3.2,698.0,Kalkaji,hotel,
ChIJBXnLrFvhDDkRAiQRIACRglQ,ChIJBXnLrFvhDDkRAiQRIACRglQ,Crowne Plaza New Delhi Okhla By Ihg,"Community Centre, Plot no.1, Pocket A, Okhla Phase I, Okhla Industrial Estate, New Delhi",28.5288244,77.27215149999999,4.5,22711.0,Okhla Industrial Estate,hotel,
ChIJn7p71dPjDDkRmAbO7nz1zME,ChIJn7p71dPjDDkRmAbO7nz1zME,Casa Royal,"B, 364, Block B, Chittaranjan Park, New Delhi",28.5426791,77.24620700000001,3.5,244.0,Chittaranjan Park,hotel,
ChIJtQK8YgDlDDkR2GhqfmSyzwE,ChIJtQK8YgDlDDkR2GhqfmSyzwE,Comfort Plaza Hotel,"256/9, Main Road, Pocket 10B, Jasola Vihar, New Delhi",28.5447248,77.290543,4.7,202.0,Jasola Vihar,hotel,
ChIJmWEg6snjDDkRKh3js-UGjvs,ChIJmWEg6snjDDkRKh3js-UGjvs,Via Happy Residency,"Police Station, near Near, Block D, C-6, Kalkaji, New Delhi",28.54626,77.25523,3.6,984.0,Kalkaji,hotel,
ChIJAw2759jjDDkReqlGzFG1rN8,ChIJAw2759jjDDkReqlGzFG1rN8,Hotel Royal Castle Grand,"D-616, opposite Deshbandhu Apartments, Block D, Chittaranjan Park, New Delhi",28.5375031,77.256405,4.0,567.0,Chittaranjan Park,hotel,
ChIJj2CkiW7jDDkRtk7vqwXeRTw,ChIJj2CkiW7jDDkRtk7vqwXeRTw,The Grand Jpm,"7/16, near IRENE Hospital, Block 6, Kalkaji, New Delhi",28.5446182,77.2592852,4.3,135.0,Kalkaji,hotel,
ChIJu9d5CfDjDDkRCegi4jcwD24,ChIJu9d5CfDjDDkRCegi4jcwD24,Fabhotel Jpm The Grand Bella,"B-273, service line, Block B, Chittaranjan Park, New Delhi",28.5436613,77.2446568,4.0,294.0,Chittaranjan Park,hotel,
ChIJk4WvZ3DjDDkRZ9zZPlkz7RU,ChIJk4WvZ3DjDDkRZ9zZPlkz7RU,Itsy Hotels Arien International,"E 189, Block E, Kalkaji, New Delhi",28.5446743,77.254182,4.1,283.0,Kalkaji,hotel,
ChIJ5RheowbkDDkRtDC1TjcYz1w,ChIJ5RheowbkDDkRtDC1TjcYz1w,Hotel Kundan Palace,"Sports Complex, Plot No.-3, next to Jasola Road, near Pkt-10B, Jasola, Jasola Vihar, New Delhi",28.5458594,77.2919338,3.8,1704.0,Jasola Vihar,hotel,
ChIJIYwrZt7jDDkRvGirDdAwW2Q,ChIJIYwrZt7jDDkRvGirDdAwW2Q,Hotel O Kalkaji Residency Bnb Near Lotus Temple,"Near, Plot No. 59-8 ICICI Bank Building Near Govindpuri, Kalkaji, Nehru Place, Delhi",28.540291,77.2613312,2.4,406.0,Nehru Place,hotel,
ChIJi4RsIRvnDDkRz11cKiGwPMU,ChIJi4RsIRvnDDkRz11cKiGwPMU,Hotel O Z-Heart Tuglakabad Railway Station,"D28, Block A, Vishwakarma Colony, Pul Pehladpur, New Delhi",28.5012647,77.28367039999999,2.6,14.0,Pul Pehladpur,hotel,
ChIJf6Yq7tHjDDkR9wn1DIoV_GM,ChIJf6Yq7tHjDDkR9wn1DIoV_GM,Virohaa Hotel New Delhi,"A-3, Nehru Place Flyover, Greater Kailash-1, Pamposh Enclave, Nehru Place, New Delhi",28.5452193,77.24710739999999,4.2,615.0,Nehru Place,hotel,
ChIJxx0yTpbjDDkRF3UBS7GPzO4,ChIJxx0yTpbjDDkRF3UBS7GPzO4,The Lime Stays Greater Kailash Metro Nearby Saket Select City Delhi -Hotels& 4Bhk Serviced Apartments In South Delhi,"E Block, 564, Main Road, above Open Oven, Greater Kailash - 2, Greater Kailash II, New Delhi",28.5394127,77.240312,4.1,356.0,Greater Kailash II,hotel,
ChIJ7Swth0zjDDkRBuB9zPA6NRw,ChIJ7Swth0zjDDkRBuB9zPA6NRw,Iris Suites,"F-19, Block F, Kalkaji, New Delhi",28.5411582,77.2546778,4.6,154.0,Kalkaji,hotel,
ChIJ5bX1UNLjDDkRFUd-LjbGr28,ChIJ5bX1UNLjDDkRFUd-LjbGr28,Hotel Kastor International,"B 216, Outer Ring Rd, Block B, Chittaranjan Park, New Delhi",28.5433059,77.2438714,3.8,1039.0,Chittaranjan Park,hotel,
ChIJoxuvkn_hDDkRxd31OthoEt8,ChIJoxuvkn_hDDkRxd31OthoEt8,Hotel O My Comfortable,"Ta-20a/1, opposite Reliance Fresh, Tughlakabad Extension, Tughlakabad, New Delhi",28.526098,77.2575239,2.3,99.0,Tughlakabad,hotel,
ChIJDdqRm4vnDDkRVPs6i90nqM4,ChIJDdqRm4vnDDkRVPs6i90nqM4,Triom Hotel,"B/147, Mehrauli - Badarpur Rd, near shiv mandir, Sharma Market, Pulpharadpur, Block A, Pul Pehladpur, New Delhi",28.4993929,77.29269169999999,3.8,132.0,Pul Pehladpur,hotel,
ChIJ85M8_BDlDDkRuHggVmVCRmA,ChIJ85M8_BDlDDkRuHggVmVCRmA,Hotel The Imperio,"51, Pocket 1 St, Pocket 1, Jasola Vihar, New Delhi",28.5400163,77.2946001,4.5,222.0,Jasola Vihar,hotel,
ChIJt1wO0R7kDDkRYdm-4PCgRAs,ChIJt1wO0R7kDDkRYdm-4PCgRAs,The Eden Hotel,"G-43, Jasola Rd, near Woodland & zudio Showroom, Shaheen Bagh, Kalindikunj, Okhla, New Delhi",28.5426544,77.3015741,4.2,616.0,Okhla,hotel,
ChIJlauOOPLnDDkRAsLWG3XzNmg,ChIJlauOOPLnDDkRAsLWG3XzNmg,Hotel Shyam Palace,"1- C, near MCD Dispensary, Main Market, Madanpur Khadar Village, Sarita Vihar, New Delhi",28.5330648,77.2980027,3.4,114.0,Sarita Vihar,hotel,
ChIJ-V35ZQLkDDkRAN9EIFb6qLA,ChIJ-V35ZQLkDDkRAN9EIFb6qLA,The Nanee Suites,"49, Pocket 1 St, near Apollo Hospital, Pocket 1, Jasola Vihar, New Delhi",28.539941,77.29440799999999,4.0,622.0,Jasola Vihar,hotel,
ChIJQQAAUALkDDkRPlvxqRwJGJo,ChIJQQAAUALkDDkRPlvxqRwJGJo,The Sentinel Hotel,"Plot 47, Pocket 1, Jasola Vihar, New Delhi",28.5398436,77.2941687,4.1,903.0,Jasola Vihar,hotel,
ChIJx_FdBwDnDDkRBnx9GzcApi8,ChIJx_FdBwDnDDkRBnx9GzcApi8,Hotel Banquesta,"Raipur Khadar, Sector 126, Noida",28.5400704,77.3375188,4.5,146.0,Sector 126,hotel,
ChIJKWnq_wPkDDkR5dlmfoAQhCE,ChIJKWnq_wPkDDkR5dlmfoAQhCE,Hotel Hc Grand,"HOTEL HC GRAND, PLOT NO 135, Pocket 2, Jasola Vihar, New Delhi",28.5448949,77.2936551,3.9,588.0,Jasola Vihar,hotel,
ChIJ8VV1bwLkDDkRXF4dKZb7rf0,ChIJ8VV1bwLkDDkRXF4dKZb7rf0,Jasmine Boutique Hotel Jasola,"50, Pocket 1 St, Pocket 1, Jasola Vihar, New Delhi",28.5400134,77.294573,4.1,589.0,Jasola Vihar,hotel,
ChIJgYEW9tHjDDkRY7NOQXZZSTU,ChIJgYEW9tHjDDkRY7NOQXZZSTU,The Pamposh,"A-5, Nehru Place Flyover, Greater Kailash-1, Pamposh Enclave, Greater Kailash, New Delhi",28.5449978,77.2467624,4.1,1157.0,Greater Kailash,hotel,
ChIJBbCOpAnlDDkRaY_Ew4Tetlk,ChIJBbCOpAnlDDkRaY_Ew4Tetlk,Zen Inn Luxury Hotel,"Plot No 10 Pocket, 2, Jasola Metro Rd, Pocket 10B, Jasola Vihar, New Delhi",28.5440784,77.29181729999999,4.3,87.0,Jasola Vihar,hotel,
ChIJr7zikkjjDDkRmaLEnWGPiYo,ChIJr7zikkjjDDkRmaLEnWGPiYo,Hotel O By Oyo Metro Residency,"G-67A T/F ,Kalkaji,New Delhi, T/F, G-67A, Kalkaji, New DelhiNew Delhi, Delhi",28.5412039,77.2598241,4.7,9.0,New DelhiNew Delhi,hotel,
ChIJNaMuONvjDDkRv5D1tbP4bIE,ChIJNaMuONvjDDkRv5D1tbP4bIE,The Bed And Rock,"Floor D, First, 7/16, Kalkaji Extension, New Delhi",28.5446904,77.25904609999999,4.7,224.0,Kalkaji Extension,hotel,
ChIJv3LFrLbjDDkRcD6s3AqKMl8,ChIJv3LFrLbjDDkRcD6s3AqKMl8,The Jpm Hotel'S,"THE JPM Express, B 273, Block B, Chittaranjan Park, New Delhi",28.5435504,77.2520265,3.9,31.0,Chittaranjan Park,hotel,
ChIJSy2Zdb3nDDkRPu34BuB3FtQ,ChIJSy2Zdb3nDDkRPu34BuB3FtQ,Thecapstone,"NH-19, Bolck B-1, Mohan Cooperative Industrial Estate, Badarpur, New Delhi",28.5161471,77.2963155,4.5,4.0,Badarpur,hotel,
ChIJFTlx8lXlDDkR7DbHlHQwh3c,ChIJFTlx8lXlDDkR7DbHlHQwh3c,Laxmi Mahal,"Laxmi Mahal, Plot 9, Pocket 2, Jasola Vihar, New Delhi",28.5441072,77.2918845,4.5,45.0,Jasola Vihar,hotel,
ChIJj5WWowbkDDkRZeORbR-RCbQ,ChIJj5WWowbkDDkRZeORbR-RCbQ,Hotel Rampal Palace,"plot no 81, Jasola, Jasola Vihar, New Delhi",28.5457748,77.2920048,3.6,320.0,Jasola Vihar,hotel,
ChIJd4yhs0LjDDkRl-UgerNidgU,ChIJd4yhs0LjDDkRl-UgerNidgU,Bloom Hotel - M Block Gk2,"E-512, Inder Mohan Bhardwaj Marg, Block E, Greater Kailash II, Greater Kailash, New Delhi",28.5362443,77.2386661,4.7,221.0,Greater Kailash,hotel,
ChIJCyc2Pa_mDDkRFDjbRorrdGg,ChIJCyc2Pa_mDDkRFDjbRorrdGg,Hira Palace,"1010/121 Chauhan Market Near Fire Station Sarita Vihar, Chauhan Market, near Pocket D, &E, New Delhi",28.5322969,77.2975627,4.1,553.0,&E,hotel,
ChIJl0oXUXPjDDkRr7CX9nQK4Hk,ChIJl0oXUXPjDDkRr7CX9nQK4Hk,The Nuvon Residency,"40/42, Main Rd, CP Park, Chittaranjan Park, New Delhi",28.5410205,77.2494621,5.0,124.0,Chittaranjan Park,hotel,
ChIJr_r0whMRDTkRvN55RzUgjOg,ChIJr_r0whMRDTkRvN55RzUgjOg,Oyo Home Rd Guest House Near Najafgarh Metro Station,"Deenpur, Goyla More, Najafgarh, New Delhi, Delhi",28.5916788,76.9877923,5.0,5.0,New Delhi,hotel,
ChIJpTgCIZobDTkREstZmkWNvdE,ChIJpTgCIZobDTkREstZmkWNvdE,My Hotel - Near Yashobhoomi Dwarka,"Pocket 9, Plot No 4, near Yashobhoomi Convention Centre, Sector 23b, Dwarka, New Delhi, Delhi",28.5644838,77.04254320000001,4.6,245.0,New Delhi,hotel,
ChIJNVRyWcgaDTkRj3BVa6ccnAo,ChIJNVRyWcgaDTkRj3BVa6ccnAo,"Radisson Blu Hotel, New Delhi Dwarka","Dwarka City Centre, Plot 4, Sector 13, Dwarka, New Delhi, Delhi",28.5964764,77.0362777,4.5,36559.0,New Delhi,hotel,
ChIJe1bK-MgaDTkRQq9FTKRnEPU,ChIJe1bK-MgaDTkRQq9FTKRnEPU,The Grand Parisian,"Plot no 84 10, opposite to Radisson blu Hotel, Pocket B, Sector 13, Dwarka, New Delhi, Delhi",28.5970319,77.03626229999999,4.2,1557.0,New Delhi,hotel,
ChIJSdIsddsbDTkRV8hWeRdlXpg,ChIJSdIsddsbDTkRV8hWeRdlXpg,Green Lotus Sai International,"metro station, Plot no37, near sector 12, Parmanand Colony, Pocket 8, Block B, sector-12B, Dwarka, Delhi",28.5934597,77.0429224,4.3,79.0,Dwarka,hotel,
ChIJg95hFcUaDTkRPEIHxlLFqD0,ChIJg95hFcUaDTkRPEIHxlLFqD0,Golden Palm Suites,"House 53, Sector -12 B, Dwarka, Dwarka Sub City, New Delhi",28.595069,77.041398,3.6,221.0,Dwarka Sub City,hotel,
ChIJi36xEZ8bDTkR4WthqzO9FOk,ChIJi36xEZ8bDTkR4WthqzO9FOk,The Royal Galaxy- Dwarka Sec.12,"B, Plot - 2, opp. Metro Station, near yashobhoomi, Sector 12 Dwarka, Delhi",28.5942371,77.0414909,3.8,280.0,Sector 12 Dwarka,hotel,
ChIJPU8dg1gaDTkR9av06rlNEBo,ChIJPU8dg1gaDTkR9av06rlNEBo,Green Orbit Hotel,"Pocket 7, 40, Sector 23b, Dwarka, New Delhi, Delhi",28.560419,77.041467,4.3,23.0,New Delhi,hotel,
ChIJf_i50DwbDTkRJKI6ATn2HHQ,ChIJf_i50DwbDTkRJKI6ATn2HHQ,"Fabhotel White House - Hotel In Dwarka, Bnb Near Dwarka Sector 17 New Delhi","Plot no. 38 Block, C, Pocket 8, Sector 17 Dwarka, Dwarka, New Delhi, Delhi",28.590026,77.03147410000001,4.4,139.0,New Delhi,hotel,
ChIJayqg-TUbDTkRcFyaA0O5Wog,ChIJayqg-TUbDTkRcFyaA0O5Wog,Fabhotel Sparkling,"Shaheed Bhagat Singh Nagar, Plot No. 138, behind OPG WORLD SCHOOL, Sector 19, Dwarka, New Delhi, Delhi",28.569466,77.0430811,4.1,83.0,New Delhi,hotel,
ChIJxWQtupobDTkR9JtPxAEP9Dc,ChIJxWQtupobDTkR9JtPxAEP9Dc,Via Dwarka Suites,"Hotel Dwarka Suites, Plot No: 2 G/F, Parmanand Colony, Pocket 8, Block B, Sector 12 Dwarka, B, New Delhi, Delhi",28.5940115,77.04187309999999,3.3,69.0,New Delhi,hotel,
ChIJ2QQhr8QaDTkRMce_qfoaI-A,ChIJ2QQhr8QaDTkRMce_qfoaI-A,Green Lotus La Wisteria Inn,"Plot no 52, Parmanand Colony, Pocket 8, Block B, SECTOR 12B DWARKA, Dwarka, Delhi",28.5949998,77.0415684,3.6,1177.0,Dwarka,hotel,
ChIJF6F7gOEaDTkRsbOosIh1sUk,ChIJF6F7gOEaDTkRsbOosIh1sUk,"Welcomhotel By Itc Hotels, Dwarka, New Delhi","District Center, Plot No.3, Sector 10 Dwarka, Dwarka, New Delhi, Delhi",28.5794045,77.056011,4.5,25818.0,New Delhi,hotel,
ChIJvc-DqwwbDTkRSoKQ3ptUOHE,ChIJvc-DqwwbDTkRSoKQ3ptUOHE,Mauryan Signature Hotel With Airport View,"Plot No. 253 GF, Block B, Sector 8 Dwarka, Dwarka, New Delhi, Delhi",28.570317,77.07927699999999,4.3,269.0,New Delhi,hotel,
ChIJiyN1kz8bDTkRA2ud_zDRLqM,ChIJiyN1kz8bDTkRA2ud_zDRLqM,Treebo Galaxy Rooms,"300-F, Palam Rd, near BRAHMA APARTMENT, Harijan Basti, Sector 7 Dwarka, Dwarka, New Delhi, Delhi",28.5897649,77.0752749,3.7,1197.0,New Delhi,hotel,
ChIJNY0f0Q8bDTkRlcDkJHBQLnM,ChIJNY0f0Q8bDTkRlcDkJHBQLnM,Roomshala 139 Hotel Rose Inn,"flat no 108, CRPF Flats, Sector 8 Dwarka, B, New Delhi, Delhi",28.574403,77.070303,4.7,17.0,New Delhi,hotel,
ChIJfxtgQFYaDTkRwu0tU9lGPGE,ChIJfxtgQFYaDTkRwu0tU9lGPGE,Hotel Moon Taj Near Yashobhoomi,"BLOCK-B, B-48, Street No. 3, MBR Enclave, Block B, Pochanpur Colony, Dwarka, New Delhi, Delhi",28.5597198,77.04907299999999,4.7,245.0,New Delhi,hotel,
ChIJ-yw3PGIbDTkRXAfYWuFspOY,ChIJ-yw3PGIbDTkRXAfYWuFspOY,Treebo Prime Elight,"L5, 1st floor, Opp Bhagat Chandra hospital, Dabri Palam Road, Ramphal Chowk Rd, New Delhi",28.5936671,77.0807864,4.6,370.0,Ramphal Chowk Rd,hotel,
ChIJ59PVuv4bDTkRw6GldlMth6I,ChIJ59PVuv4bDTkRw6GldlMth6I,Hotel Tms Grand,"B-189 Palam Extension, Landmark:, near IndusInd Bank, Part 1, Sector 7 Dwarka, New Delhi",28.5870594,77.0697617,4.6,502.0,Sector 7 Dwarka,hotel,
ChIJEYDU5mYbDTkRH-UsiC4Cu4E,ChIJEYDU5mYbDTkRH-UsiC4Cu4E,Hotel O Palam Formerly Lemonade,"Rz-20F, Syndicate market, Palam Colony, Raj Nagar II Extension, Palam, Delhi",28.5828552,77.0884535,3.9,294.0,Palam,hotel,
ChIJgePgPlwbDTkRe99VXOPJjJ4,ChIJgePgPlwbDTkRe99VXOPJjJ4,Hotel O Honey Inn,"32BGokul, Garden Road, Palam Village, Palam, Delhi",28.5904916,77.07556799999999,4.5,45.0,Palam,hotel,
ChIJxQtapR8bDTkRlecBFB8YTu4,ChIJxQtapR8bDTkRlecBFB8YTu4,"Nidra Hotel, Sector-10, Dwarka","Plot Number -2, New, Sector 10 Dwarka, Dwarka, Delhi",28.5830418,77.05869779999999,4.2,195.0,Dwarka,hotel,
ChIJQW0dhlAbDTkR27QFjwM29j4,ChIJQW0dhlAbDTkR27QFjwM29j4,Hotel Abode Inn,"Khasra No:- 23/20/01, Pochanpur Village, MBR Enclave, Sector 23, New Delhi",28.5592114,77.04849899999999,4.1,56.0,Sector 23,hotel,
ChIJjYjbl0gbDTkRCrRAMjT45Yg,ChIJjYjbl0gbDTkRCrRAMjT45Yg,Hotel O By Oyo Karan Stay,"A-12, SBI Wali Gali, Sector 7, Block A, Palam Extension, Dwarka, Delhi",28.5888086,77.07087369999999,3.3,118.0,Dwarka,hotel,
ChIJgXegMZgbDTkRJjWjnK4hf1U,ChIJgXegMZgbDTkRJjWjnK4hf1U,Hotel Homeaste,"B-429 AMBERHAI, Sector 19, Pocket 2, Dwarka, NEW DELHI",28.5808852,77.0463408,4.8,186.0,Dwarka,hotel,
ChIJ8b0cjakbDTkRswKAZj95Mjk,ChIJ8b0cjakbDTkRswKAZj95Mjk,Embellish Inn,"D-479, Ramphal Chowk Rd, Block D, Sector 7 Dwarka, Dwarka, New Delhi, Delhi",28.5847757,77.0696803,4.4,364.0,New Delhi,hotel,
ChIJwXfALvkaDTkRmyFhEbkG2JQ,ChIJwXfALvkaDTkRmyFhEbkG2JQ,Hotel Aerosky Prime,"METRO STATION, Plot No-19, Dwarka Sector 9, Dwarka, Delhi",28.577069,77.064508,4.9,37.0,Dwarka,hotel,
ChIJNZIqYG0bDTkRdTH5rWIGgSM,ChIJNZIqYG0bDTkRdTH5rWIGgSM,Jannat Residency Dwarka,"B-190 PALAM EXTN, Sector 7 Dwarka, Dwarka, Delhi",28.5871766,77.0698539,4.5,1390.0,Dwarka,hotel,
ChIJ22pMGCUbDTkRB0hRdA_VG8k,ChIJ22pMGCUbDTkRB0hRdA_VG8k,"Fabhotel Royal Galaxy I - Hotel In Dwarka, New Delhi","E-522, Ramphal Chowk Rd, Block F, Sector 7 Dwarka, Dwarka, New Delhi, Delhi",28.585164,77.07244399999999,3.1,91.0,New Delhi,hotel,
ChIJRZaLkZkbDTkRkJRD2nrcKFs,ChIJRZaLkZkbDTkRkJRD2nrcKFs,Holiday Inn Express New Delhi Int'L Airport T3,"Level 5 Indira Gandhi International Airport Terminal 3, New Delhi",28.555094,77.08443199999999,4.2,6764.0,Level 5 Indira Gandhi International Airport Terminal 3,hotel,
ChIJr1CxLkEbDTkRau7ByVr9-gc,ChIJr1CxLkEbDTkRau7ByVr9-gc,Hotel Aerostar Grand,"Plot No. 6, Pocket-A, Sector 23, Dwarka, New Delhi, Delhi",28.5646166,77.0503161,4.8,581.0,New Delhi,hotel,
ChIJlSDVKPIbDTkRFxNNJseitTI,ChIJlSDVKPIbDTkRFxNNJseitTI,Hotel O Downtown,"Metro Station, 45, Toganpur Village, Dwarka Sector 9, Dwarka, New Delhi, Delhi",28.5770042,77.0646278,3.6,31.0,New Delhi,hotel,
ChIJYfbuyGUbDTkREm2SGwov630,ChIJYfbuyGUbDTkREm2SGwov630,Hotel Castle Grand,"MBR Enclave, Block B, Sector 23, Dwarka, Delhi",28.5595215,77.0509066,3.8,126.0,Dwarka,hotel,
ChIJ8SaLJQcbDTkRDummRi-bBts,ChIJ8SaLJQcbDTkRDummRi-bBts,"Vivanta New Delhi, Dwarka","Service Rd, Sector 21, Dwarka, New Delhi, Delhi",28.558446,77.0630649,4.4,18578.0,New Delhi,hotel,
ChIJa5dF22oZDTkRQ2KjgHaw2d8,ChIJa5dF22oZDTkRQ2KjgHaw2d8,Stay Studio Hotel & Residences,"3410P, sector-23, Major Sushil Aima Marg, Palam Vihar, Gurugram",28.5095457,77.0445842,4.6,225.0,Palam Vihar,hotel,
ChIJZcuFGLkZDTkRsbttoM1gL2w,ChIJZcuFGLkZDTkRsbttoM1gL2w,The Galgotias Hotel,"The Galgotias Hotel, Sco 04, 07, Sector 23A, Gurugram",28.5045838,77.05310960000001,4.1,349.0,Sector 23A,hotel,
ChIJ4QSpaUwbDTkRTJLcTeZmT64,ChIJ4QSpaUwbDTkRTJLcTeZmT64,Dwarka Heritage Hotel,"Dwarka Sector 9, Dwarka, New Delhi, Delhi",28.5764134,77.0641201,4.9,33.0,New Delhi,hotel,
ChIJUXEBCwAbDTkReAT2lErQcEA,ChIJUXEBCwAbDTkReAT2lErQcEA,Hotel Dwarka Inn,"metro station, Plot no 21, near dwarka sec 9, toganpur village, Dwarka, Delhi",28.5769014,77.06452449999999,5.0,19.0,Dwarka,hotel,
ChIJd0ioAMQbDTkRQVSbRjEe7WY,ChIJd0ioAMQbDTkRQVSbRjEe7WY,Satvik By Chhabra Farm,"G -1, Pushpanjali Farms, Dwaraka Link Road, Bijwasan, New Delhi, Delhi",28.5427298,77.070925,4.2,3677.0,New Delhi,hotel,
ChIJrdT4SiEbDTkRIgX5tj9QnPs,ChIJrdT4SiEbDTkRIgX5tj9QnPs,Hotel O Lime Tree,"RZP-18/19, Raj Nagar Part-2, Palam Colony, Sector 8 Dwarka, Dwarka, Delhi",28.5753056,77.0765,4.3,39.0,Dwarka,hotel,
ChIJZQCmAjEZDTkRwrCenXr9HJ4,ChIJZQCmAjEZDTkRwrCenXr9HJ4,Fabhotel Amrit Luxury Inn,"Plot No. 1279, Sector 21, Gurugram",28.5148635,77.0749393,4.8,58.0,Sector 21,hotel,
ChIJDX40hD0bDTkRJ4CwNPbP0LI,ChIJDX40hD0bDTkRJ4CwNPbP0LI,Tms Residency - Hotel In Dwarka Delhi,"B-171, 3rd Floor Palam Extension, Part-1, Sector 7 Dwarka, Dwarka, Delhi",28.5868451,77.0713025,4.3,895.0,Dwarka,hotel,
ChIJW1fDLSUbDTkRityti1y0TWk,ChIJW1fDLSUbDTkRityti1y0TWk,Hotel Arch Plaza - Near Iicc Yashobhoomi,"91, Main Rd, near Indira Gandhi International Airport, Kapas Hera Extension, Kapas Hera, New Delhi",28.5307943,77.0857856,4.5,1024.0,Kapas Hera,hotel,
ChIJp5HEBvEbDTkRUZfbGY7nZsE,ChIJp5HEBvEbDTkRUZfbGY7nZsE,Ashok Country Resort,"30 Rajokri Road, D Block, Kapas Hera, New Delhi",28.5256383,77.09332289999999,4.0,1757.0,Kapas Hera,hotel,
ChIJHz6rlQ0ZDTkR3PLIrgWCYmM,ChIJHz6rlQ0ZDTkR3PLIrgWCYmM,Hotel Florainn,"Plot No.528, Old Delhi Gurugram Rd, near Hanuman Mandir, Dundahera Village, Sector 20, Gurugram",28.5124808,77.0752049,4.7,48.0,Sector 20,hotel,
ChIJ_2XTFpEbDTkR_wloHcUNR5g,ChIJ_2XTFpEbDTkR_wloHcUNR5g,Hotel O Kanchan Stays Near Palam Metro Station,"91, Chandar Vihar, Block B, Palam Extension, Dwarka, Delhi",28.586738,77.07016999999999,3.6,95.0,Dwarka,hotel,
ChIJKRCAWocZDTkRba7C87Hijs8,ChIJKRCAWocZDTkRba7C87Hijs8,Luminary Dynasty House,"2923, Sector 23, Gurugram",28.5130705,77.0486552,4.3,172.0,Sector 23,hotel,
ChIJqYTSZjIbDTkRQ_rOS4SGZQY,ChIJqYTSZjIbDTkRQ_rOS4SGZQY,Hotel Silver Crown,"C-31, Gali Number 2, MBR Enclave, MBR Enclave Pochanpur Colony, Sector 23, Dwarka, New Delhi, Delhi",28.5599186,77.0504124,4.1,267.0,New Delhi,hotel,
ChIJ34bw-9AbDTkRX4duKPn_Nqg,ChIJ34bw-9AbDTkRX4duKPn_Nqg,Hotel Bharat Vandana Stay,"A-Block, Main, CRPF Rd, Block A, Sector 8 Dwarka, Dwarka, Delhi",28.5745533,77.07073869999999,4.9,12.0,Dwarka,hotel,
ChIJYwWeSWEbDTkRDX74PgkC5qU,ChIJYwWeSWEbDTkRDX74PgkC5qU,The King Residency,"Plot no 20-B and 19 Major bhola ram enclave Dwarka sector 23-B opposite Yashobhoomi conventional centre pochanpur pur, New Delhi, Delhi",28.5606079,77.0484603,4.8,143.0,New Delhi,hotel,
ChIJbd9OQUMZDTkRVnrtcXUQNAA,ChIJbd9OQUMZDTkRVnrtcXUQNAA,Radisson Hotel Gurugram Udyog Vihar,"Plot No. 406, Udyog Vihar Phase 3 Rd, Udyog Vihar III, Sector 20, Gurugram",28.5097521,77.0922015,4.6,21494.0,Sector 20,hotel,
ChIJvaDLwhAbDTkR_36PfbUB4-0,ChIJvaDLwhAbDTkR_36PfbUB4-0,Fabhotel Dwarka Heritage,"Plot no 36, Dwarka Sector 9, Dwarka, New Delhi, Delhi",28.5765286,77.06423439999999,4.7,144.0,New Delhi,hotel,
ChIJ2zl8jRQbDTkRv1tqCweBkZY,ChIJ2zl8jRQbDTkRv1tqCweBkZY,Royal Residency,"C-357, Ramphal Chowk Rd, near PNB Bank, Block D, Sector 7 Dwarka, Dwarka, New Delhi, Delhi",28.5850611,77.0696225,3.8,23.0,New Delhi,hotel,
ChIJzeEXTeAbDTkRXRtjQda7RXg,ChIJzeEXTeAbDTkRXRtjQda7RXg,Calista Boutique Hotel Near Yashobhoomi,"2nd Floor, Gomti Tower, D Block, Kapas Hera Estate, New Delhi",28.5200658,77.08212329999999,4.6,52.0,Kapas Hera Estate,hotel,
ChIJF32jzq8bDTkRBUGw8qVoInQ,ChIJF32jzq8bDTkRBUGw8qVoInQ,Fabhotel Ishtara Auberge,"Gf, Rzg-2, Laxman Niwas, Block H, Raj Nagar II Extension, Palam, New Delhi, Delhi",28.5860966,77.07208159999999,4.0,76.0,New Delhi,hotel,
ChIJGSgZBUEcDTkRRd8_ULbNj6U,ChIJGSgZBUEcDTkRRd8_ULbNj6U,"De Pavilion Hotel, Delhi","250-A, Road No. 6, Block RZ, Mahipalpur Village, Mahipalpur, New Delhi",28.5505755,77.1309965,4.4,3300.0,Mahipalpur,hotel,
ChIJHaWKGvAdDTkR1l7uIkF9HwE,ChIJHaWKGvAdDTkR1l7uIkF9HwE,Hotel Airport City,"A -11, Rd Number 1, Block B, Mahipalpur Village, Mahipalpur, New Delhi",28.5469008,77.1263599,4.2,3178.0,Mahipalpur,hotel,
ChIJi2vT-3UcDTkROnoFPdqD-bA,ChIJi2vT-3UcDTkROnoFPdqD-bA,Centaur Hotel New Delhi Airport,"IGI Airport T3 Road, nr. Indira Gandhi International Airport, New Delhi",28.5489189,77.10292059999999,3.2,2813.0,nr. Indira Gandhi International Airport,hotel,
ChIJlU7xMJ4dDTkRS-CEa9X7JHw,ChIJlU7xMJ4dDTkRS-CEa9X7JHw,Hotel Earth,"A 392, Rd Number 1, Block B, Mahipalpur Village, Mahipalpur, New Delhi",28.5465282,77.1270631,3.9,846.0,Mahipalpur,hotel,
ChIJSyEeQxUcDTkRtP518kGmaNs,ChIJSyEeQxUcDTkRtP518kGmaNs,Hotel Mayda Inn- A Boutique Hotel By Mayda Hospitality Pvt. Ltd.,"253, Street Number 5, near Aerocity, Block A, Mahipalpur Village, Mahipalpur, New Delhi",28.5503518,77.1313909,4.3,1049.0,Mahipalpur,hotel,
ChIJQcH65xwdDTkRcF0kAI2f3WI,ChIJQcH65xwdDTkRcF0kAI2f3WI,Hotel Pearl Mahipalpur Delhi Airport @ 05 Minutes Walk To Aero City Metro Station,"Delhi Airport, A 92, Rd Number 2, near Aerocity, Block B, N.H-48, Mahipalpur, New Delhi",28.5478905,77.1269646,4.6,4170.0,Mahipalpur,hotel,
ChIJrU48_w_9DDkRAXDl9rxJ0kQ,ChIJrU48_w_9DDkRAXDl9rxJ0kQ,Hotel Airport Inn,"A-7, Street Number 1, near IGI Airport, Block B, Mahipalpur Extension, Mahipalpur, New Delhi",28.5470581,77.1259518,3.3,1955.0,Mahipalpur,hotel,
ChIJ01RYkd0dDTkRcowtxjOpraI,ChIJ01RYkd0dDTkRcowtxjOpraI,Foxoso Delhi Airport - T3,"10 A, near Vishal Mega Mart, L block, Mahipalpur Village, Mahipalpur, New Delhi",28.5461804,77.12388390000001,4.4,3081.0,Mahipalpur,hotel,
ChIJ6XCwlb0dDTkRLWxu1qjVv00,ChIJ6XCwlb0dDTkRLWxu1qjVv00,Hotel Mayda Prime By Mayda Hospitality Pvt. Ltd.,"407, Block A, Road, 4, Street No. 9, Mahipalpur, New Delhi",28.5487843,77.13032439999999,4.4,879.0,Mahipalpur,hotel,
ChIJxbmmUzkcDTkRupwAbVY8NHE,ChIJxbmmUzkcDTkRupwAbVY8NHE,Zenith Hotel - Delhi Airport,"A-293, National Highway-8, Near, IGI Rd, Block RZ, Mahipalpur Village, Mahipalpur, New Delhi",28.5508397,77.12980569999999,4.2,426.0,Mahipalpur,hotel,
ChIJc71sG0EcDTkRy3QIJsXVu6I,ChIJc71sG0EcDTkRy3QIJsXVu6I,Hotel Good Luck By Jmd Group,"A103, Rd Number 4, Block A, Mahipalpur Village, Mahipalpur, New Delhi",28.549517,77.12932020000001,4.2,1324.0,Mahipalpur,hotel,
ChIJo7kBM2ocDTkR2TXLzP1eBUk,ChIJo7kBM2ocDTkR2TXLzP1eBUk,"Holiday Inn New Delhi Int'L Airport, An Ihg Hotel","Asset Area 12 Hospitality District, Aerocity, New Delhi",28.5500782,77.1228015,4.7,30810.0,Aerocity,hotel,
ChIJLX-noAwdDTkRf90CzrP8goU,ChIJLX-noAwdDTkRf90CzrP8goU,Collection O Hotel Dolphin,"11, Vasant Vihar Tehsil, Delhi Transit Delhi Transit",28.5473699,77.1268161,3.9,83.0,Vasant Vihar Tehsil,hotel,
ChIJkf5hPkEcDTkRkw-x73G9OyM,ChIJkf5hPkEcDTkRkw-x73G9OyM,Hotel Smart Plaza Delhi Airport,"A Block Road No 4, Mahipalpur, New Delhi",28.5496383,77.130288,4.2,3729.0,Mahipalpur,hotel,
ChIJXcsvGhodDTkR2RGRqqx66ro,ChIJXcsvGhodDTkR2RGRqqx66ro,Moon Residency Hotel,"Block B, Mahipalpur Extension, Mahipalpur, New Delhi",28.5492525,77.1281145,4.5,454.0,Mahipalpur,hotel,
ChIJ-XvcAPgdDTkRFvBaEfggBoE,ChIJ-XvcAPgdDTkRFvBaEfggBoE,Hotel Clayton,"A 51, Rd Number 5, Airport, Block B, Mahipalpur Village, Mahipalpur, New Delhi",28.5493843,77.1300794,3.7,264.0,Mahipalpur,hotel,
ChIJ9_YcO0AcDTkR-IevngItAKw,ChIJ9_YcO0AcDTkR-IevngItAKw,Zed Hotel,"A BLOCK, RZ 71A, Rd Number 2, Block B, Mahipalpur Village, Mahipalpur, New Delhi",28.5476595,77.12636789999999,4.6,394.0,Mahipalpur,hotel,
ChIJ_2COEUEcDTkRRyJOt032yac,ChIJ_2COEUEcDTkRRyJOt032yac,Hotel The Paramont,"Block RZ, Mahipalpur Village, Mahipalpur, New Delhi",28.5496283,77.12937579999999,3.5,332.0,Mahipalpur,hotel,
ChIJJZbBIxcdDTkRWHSDuiBGNDc,ChIJJZbBIxcdDTkRWHSDuiBGNDc,Hotel Delhi 37,"A-147, National Highway, 08 Near, IGI Rd, Mahipalpur, New Delhi",28.5499733,77.1288707,4.4,960.0,Mahipalpur,hotel,
ChIJdaJqbSgdDTkRiKTTCgl1KSk,ChIJdaJqbSgdDTkRiKTTCgl1KSk,Hotel The Tark,"A 203 road no 4 lane, Street Number 7, near igi Airport, Mahipalpur, New Delhi",28.5488276,77.1293122,3.8,1422.0,Mahipalpur,hotel,
ChIJ7bfQAnIcDTkR6QuFSvjr3e4,ChIJ7bfQAnIcDTkR6QuFSvjr3e4,"Lemon Tree Hotel, Delhi Airport","Hotel Asset, Lemon Tree, 6, IGI Rd, Aerocity, New Delhi",28.5515877,77.1210468,3.9,3828.0,Aerocity,hotel,
ChIJkZedEMjiDDkRUK5PW7ktwd4,ChIJkZedEMjiDDkRUK5PW7ktwd4,Airport Hotel Delhi,"Indira Gandhi International Airport, Terminal 1, Opp, Domestic, Mehram Nagar, New Delhi",28.5653948,77.1227607,3.9,2583.0,Mehram Nagar,hotel,
ChIJzyidtTEdDTkR32S2ajuXbOs,ChIJzyidtTEdDTkR32S2ajuXbOs,Hotel Mayda Residency By Mayda Hospitality Pvt. Ltd.,"A 151, Road, 4, Street No. 9, Mahipalpur, New Delhi",28.5487605,77.1302297,4.3,165.0,Mahipalpur,hotel,
ChIJpaO1QngdDTkRH43WFRC6rSA,ChIJpaO1QngdDTkRH43WFRC6rSA,Hotel International Inn,"A-78, NH-8, near IGI Road, next to Hotel Star, Block RZ, Mahipalpur Village, Mahipalpur, New Delhi",28.5501005,77.1287997,3.9,2588.0,Mahipalpur,hotel,
ChIJq6qathkdDTkR-mtwPPIV2C8,ChIJq6qathkdDTkR-mtwPPIV2C8,Hotel White & Blue,"A-274 /11, NH-8, Mahipalpur, New Delhi",28.5481051,77.1262544,4.0,107.0,Mahipalpur,hotel,
ChIJd6srbPEdDTkR7DweAzHQPI4,ChIJd6srbPEdDTkR7DweAzHQPI4,Hotel Sun Plaza,"road no.2, 110037, near JET Airways Godown, Mahipalpur, New Delhi",28.5476349,77.1277523,3.4,172.0,Mahipalpur,hotel,
ChIJudcH0C8dDTkRk6QLFST8EMs,ChIJudcH0C8dDTkRk6QLFST8EMs,Olivia Hotels,"A-15/385, Rd Number 2, Block B, Mahipalpur Village, Mahipalpur, New Delhi",28.548383,77.1281807,4.1,1254.0,Mahipalpur,hotel,
ChIJP-z7CgAdDTkR7pLATQ2ZZwQ,ChIJP-z7CgAdDTkR7pLATQ2ZZwQ,Hotel West End @ Delhi Airport,"A - 167, Road No - 04, Block RZ, Mahipalpur Village, Mahipalpur, Delhi, New Delhi",28.5494564,77.13014360000001,4.4,388.0,Delhi,hotel,
ChIJa40AUI4dDTkR9i55mAwMWqE,ChIJa40AUI4dDTkR9i55mAwMWqE,Hotel Smart Inn Delhi Airport,"8, Road No. 6, Block RZ, Mahipalpur Village, Mahipalpur, New Delhi",28.5500058,77.130347,4.1,304.0,Mahipalpur,hotel,
ChIJQ3NDXD0dDTkRhr6qseSsSxg,ChIJQ3NDXD0dDTkRhr6qseSsSxg,Hotel Paragon Suites,"NH 8, KH, Plot No.260-A, Road No. 6, Block RZ, Mahipalpur Village, Mahipalpur, New Delhi",28.5505492,77.13135059999999,4.3,538.0,Mahipalpur,hotel,
ChIJBb3mYrQdDTkRv0Dx43jGpGQ,ChIJBb3mYrQdDTkRv0Dx43jGpGQ,Hotel Urban Tree,"KH-398/2, Rd Number 2, Block A, Mahipalpur Village, Mahipalpur, New Delhi",28.547678,77.1281419,4.6,1125.0,Mahipalpur,hotel,
ChIJ7Xa0GEEcDTkRE39X-CgUsG0,ChIJ7Xa0GEEcDTkRE39X-CgUsG0,Hotel O Marina,"156, Rd Number 4, Block B, Mahipalpur Extension, Mahipalpur, New Delhi",28.5494057,77.12971979999999,2.9,673.0,Mahipalpur,hotel,
ChIJd-3rnjD9DDkRh4jC5r1Deec,ChIJd-3rnjD9DDkRh4jC5r1Deec,Hotel The Class,"Hotel The Class NH-8, Mahipalpur, Delhi",28.5498576,77.128537,3.4,405.0,Mahipalpur,hotel,
ChIJC567cIwdDTkRsrbn8qAY9H4,ChIJC567cIwdDTkRsrbn8qAY9H4,Hotel Eurostar International Delhi Airport -T 3,"A-27/1, Rd Number 1, Block B, Mahipalpur Extension, Mahipalpur, Delhi, New Delhi",28.5465268,77.1270262,4.2,1018.0,Delhi,hotel,
ChIJqXNvIZUdDTkR25SLKrXqpcs,ChIJqXNvIZUdDTkR25SLKrXqpcs,Hotel Hsp Suites,"NH 8, near Delhi Airport, Block RZ, Mahipalpur Village, Mahipalpur, New Delhi",28.5501275,77.12996009999999,4.5,2286.0,Mahipalpur,hotel,
ChIJuWJbafgdDTkRgrD6U1ZCKtc,ChIJuWJbafgdDTkRgrD6U1ZCKtc,Pride Plaza Aerocity,"Asset 5-A, Hospitality District, Indira Gandhi International Airport, Aerocity, New Delhi",28.5528734,77.1230965,4.8,26004.0,Aerocity,hotel,
ChIJX6pW1UYcDTkRgiws2YCBsJw,ChIJX6pW1UYcDTkRgiws2YCBsJw,Hotel Le Seasons,"8 A, Metro Station, N.H, Rd Number 1, opposite Aerocity, A Block, Block B, Mahipalpur Extension, Mahipalpur, New Delhi",28.5473184,77.1254605,3.9,2251.0,Mahipalpur,hotel,
ChIJB1BnotkdDTkRWrfJkptd0f4,ChIJB1BnotkdDTkRWrfJkptd0f4,The Elevate Hotel,"Kh. 412 , Road No. 4, Street Number 7, Block A, New Delhi",28.5479275,77.1293228,4.2,1130.0,Block A,hotel,
ChIJG56hgj4cDTkR0kDH_XNxj1Y,ChIJG56hgj4cDTkR0kDH_XNxj1Y,The River Front Hotel,"No 391/1, A 32/C Kharsa, 339/2, Mahipalpur, New Delhi",28.5471851,77.1271214,4.5,154.0,Mahipalpur,hotel,
ChIJ7VH_h-IdDTkRFNSyL2_D5vs,ChIJ7VH_h-IdDTkRFNSyL2_D5vs,Oyo Hotel Royal Stay,"A 1028/1, Road No. 6, near NH-8, Block RZ, Mahipalpur Village, Mahipalpur, Delhi, New Delhi",28.5512384,77.1315249,3.5,62.0,Delhi,hotel,
ChIJC4a0GTAdDTkR08VLCKrqsfs,ChIJC4a0GTAdDTkR08VLCKrqsfs,Hotel Iconic,"A97,Road no4, Street Number 7, adjoining Skynet Courier, Mahipalpur, New Delhi",28.5486646,77.1293012,4.5,563.0,Mahipalpur,hotel,
ChIJY6PJh2kcDTkRybb5KBGcqIY,ChIJY6PJh2kcDTkRybb5KBGcqIY,Ibis New Delhi Aerocity,"IGI Rd, Aerocity, Ibis, New Delhi, Delhi",28.551431,77.123132,4.5,36151.0,New Delhi,hotel,
ChIJYZ4wOkEcDTkREEowD3Q59Fc,ChIJYZ4wOkEcDTkREEowD3Q59Fc,Hotel Mayank Residency,"A-230, Rd Number 2, near IGI Airport, A Block, Mahipalpur Extension, Mahipalpur, New Delhi",28.5476994,77.1270134,3.3,935.0,Mahipalpur,hotel,
ChIJe4zp0KMdDTkRm90YLrHBVg8,ChIJe4zp0KMdDTkRm90YLrHBVg8,"Taj Palace, New Delhi","2, Sardar Patel Marg, Diplomatic Enclave, Chanakyapuri, New Delhi",28.5950829,77.1709187,4.7,34696.0,Chanakyapuri,hotel,
ChIJUXcJCEEcDTkRoT8BaaFhuUI,ChIJUXcJCEEcDTkRoT8BaaFhuUI,Hotel Stanley - Near Delhi Airport,"RZ 175, Rd Number 4, Block RZ, Mahipalpur Village, Mahipalpur, New Delhi",28.5498118,77.1299222,4.1,1334.0,Mahipalpur,hotel,
ChIJu1A7MTIdDTkRPwUWrLom8yw,ChIJu1A7MTIdDTkRPwUWrLom8yw,Hotel The Glory I,"Street Number 7, Block-A, Plot No.410, Rd Number 4, Block B, Mahipalpur Extension, Mahipalpur, New Delhi",28.54906,77.12931999999999,4.3,426.0,Mahipalpur,hotel,
ChIJcSOPprgdDTkR02f7jAhRoFE,ChIJcSOPprgdDTkR02f7jAhRoFE,Hotel Trans International(Near Igi Airport),A-59 Road no 4 Mahipalpur Take left turn from Hotel Venus,28.5500921,77.12886290000002,4.1,1570.0,,hotel,
ChIJVVVVVYUbDTkRhQCZRO1qOUE,ChIJVVVVVYUbDTkRhQCZRO1qOUE,Hotel Castle Blue,"No.A-109, Road No-5, Near Hotel Lohias, Mahipalpur Extension, Block RZ, Mahipalpur Village, Mahipalpur, New Delhi",28.5503663,77.129753,3.6,747.0,Mahipalpur,hotel,
ChIJ7yY1S0AcDTkRZIaCEtrF_-A,ChIJ7yY1S0AcDTkRZIaCEtrF_-A,"Taurus Sarovar Portico Hotel, New Delhi","Igi Airport Road, Gurgaon - Delhi Expy, Mahipalpur Extension, Mahipalpur, New Delhi",28.5487183,77.1271697,3.8,5249.0,Mahipalpur,hotel,
ChIJFQ0O2UAcDTkRbl1w-7nT3-M,ChIJFQ0O2UAcDTkRbl1w-7nT3-M,Hotel O Ny Plaza,"407 Block A, 9, Rd Number 4, Block RZ, Mahipalpur Extension, Mahipalpur, Delhi, New Delhi",28.549781,77.1302786,3.4,415.0,Delhi,hotel,
ChIJN4KTK28dDTkRrF7WHMUJV3w,ChIJN4KTK28dDTkRrF7WHMUJV3w,Hotel Shanti Residency,"67 D/1, opposite old Canara Bank, Baba Gangnath Market, Munirka, New Delhi",28.5555074,77.1747402,4.2,221.0,Munirka,hotel,
ChIJTyIAIiXjDDkR2cdGhralCKc,ChIJTyIAIiXjDDkR2cdGhralCKc,Jrd Exotica || Business Hotel,"A-1/284, A-1/284, Chaudhary Harsukh Marg, Block A 1, Nauroji Nagar, Safdarjung Enclave, New Delhi",28.5669258,77.1993095,4.1,1549.0,Safdarjung Enclave,hotel,
ChIJVVVVJXjiDDkR8LEuFu326Ss,ChIJVVVVJXjiDDkR8LEuFu326Ss,Hotel Ambica Palace,"A-1/300, Block A 1, Nauroji Nagar, Safdarjung Enclave, New Delhi",28.5686454,77.1991709,3.6,552.0,Safdarjung Enclave,hotel,
ChIJPRLCi3biDDkRQx5dqErBzrk,ChIJPRLCi3biDDkRQx5dqErBzrk,The Orion - Greater Kailash - 3 Star Hotel In Delhi,"R, Block 53, Hansraj Gupta Rd, Phase 1, Block R, Greater Kailash I, Greater Kailash, New Delhi",28.5484041,77.2416854,4.0,1373.0,Greater Kailash,hotel,
ChIJfQoZ9HbiDDkRSibFdAucTrw,ChIJfQoZ9HbiDDkRSibFdAucTrw,Hotel Corporate Point,"A-2/7, Safdarjung Enclave, Opposite Bhikaiji Cama Place, Near Hyatt Hotel, New Delhi",28.5675105,77.1897017,3.8,637.0,Near Hyatt Hotel,hotel,
ChIJ9Xii03PiDDkRFaoIddnxtns,ChIJ9Xii03PiDDkRFaoIddnxtns,Hotel Park Residency,"D-1, Block D, Green Park, New Delhi",28.5573824,77.2049912,3.6,704.0,Green Park,hotel,
ChIJm_hMGRjjDDkRypFWdaJKIic,ChIJm_hMGRjjDDkRypFWdaJKIic,Mauryan Express Hotel @ Hauz Khas Fort,"87/B, Hauz Khas Village, Deer Park, Hauz Khas, New Delhi",28.5532534,77.1950975,4.4,327.0,Hauz Khas,hotel,
ChIJe0aRQU_jDDkRiANhTaAQknI,ChIJe0aRQU_jDDkRiANhTaAQknI,Jagannath B&B Hotel,"G 17/4, South Extension, Part 2, New Delhi",28.5657629,77.2168537,4.0,492.0,Part 2,hotel,
ChIJF7Cpu4YdDTkR64xYubWmXq4,ChIJF7Cpu4YdDTkR64xYubWmXq4,Hotel Veer Palace,"First Floor, B-2/3, Africa Ave, Block B 2, Safdarjung Enclave, New Delhi",28.5627486,77.18903949999999,4.0,452.0,Safdarjung Enclave,hotel,
ChIJNSFmGzPiDDkRIiHvp6YOd1c,ChIJNSFmGzPiDDkRIiHvp6YOd1c,Amara Hotel,"C-, 30, Hansraj Gupta Rd, Greater Kailash-1, C Block, Greater Kailash I, Greater Kailash, New Delhi",28.5481717,77.238469,4.1,1131.0,Greater Kailash,hotel,
ChIJHZoxKrPjDDkRG6jciOAg1Ic,ChIJHZoxKrPjDDkRG6jciOAg1Ic,Hotel Diplomat Residency,"56, Ring Rd, Block O, Lajpat Nagar III, Lajpat Nagar, New Delhi",28.5652059,77.2408779,4.1,696.0,Lajpat Nagar,hotel,
ChIJzUZZUdzjDDkRJKDEesqf9fQ,ChIJzUZZUdzjDDkRJKDEesqf9fQ,Comfy Stay Hotels,"Second floor, C193, Greater Kailash-1, M Block, Greater Kailash I, Greater Kailash, New Delhi",28.549248,77.236779,4.6,510.0,Greater Kailash,hotel,
ChIJZSlK1MrjDDkRjZgS3iDnj1w,ChIJZSlK1MrjDDkRjZgS3iDnj1w,Hotel Le Cadre,"E-23, Lala Lajpat Rai Rd, Block E, East of Kailash, New Delhi",28.5552604,77.2424832,3.7,983.0,East of Kailash,hotel,
ChIJx62cgXHiDDkRpfnRkuY4q2I,ChIJx62cgXHiDDkRpfnRkuY4q2I,"Hotel Exotica - Hotel In Green Park, New Delhi","E-5, Block E, Green Park Extension, Green Park, New Delhi",28.5591788,77.2031959,4.0,667.0,Green Park,hotel,
ChIJO-kFgCXjDDkRp0o0QV0kfuQ,ChIJO-kFgCXjDDkRp0o0QV0kfuQ,Oyo 820080 Green Park Residency,"gate number 4, metro station, 21D/1Block D, near Gurudwara Green park, Green Park, New Delhi",28.5590857,77.205928,2.7,96.0,Green Park,hotel,
ChIJo8imMzXjDDkR491FFKkskUk,ChIJo8imMzXjDDkR491FFKkskUk,"The Saga Hotel, Green Park | New Delhi","5, Block W, Arjun Nagar, Green Park, New Delhi",28.5591816,77.2006904,4.1,948.0,Green Park,hotel,
ChIJP8qaCJ_iDDkR0vVkDdWGYSU,ChIJP8qaCJ_iDDkR0vVkDdWGYSU,Samrat Hotel,"Plot No. 50B, Kautilya Marg, Chanakyapuri, New Delhi",28.5964291,77.19762539999999,4.0,7108.0,Chanakyapuri,hotel,
ChIJAzdTzS7jDDkRIt7HRR47yfc,ChIJAzdTzS7jDDkRIt7HRR47yfc,Park Inn By Radisson New Delhi Lajpat Nagar,"1&2, Ring Rd, Vikram Vihar, Lajpat Nagar 4, Lajpat Nagar, New Delhi",28.5639251,77.2348657,4.2,3556.0,Lajpat Nagar,hotel,
ChIJbYigBcvjDDkRStKjE7MFi4o,ChIJbYigBcvjDDkRStKjE7MFi4o,Jpm White House Bed & Breakfast,"Kailash Colony Metro Station, A-36, Bodofa Upendra Nath Brahma Rd, near New Delhi, Kailash Colony, Block A, East of Kailash, New Delhi",28.5534619,77.242839,4.0,133.0,East of Kailash,hotel,
ChIJTYaPJtkdDTkRueyL3cN2yXA,ChIJTYaPJtkdDTkRueyL3cN2yXA,Minimalist Poshtel & Suites,"T47, Hauz Khas Village, Deer Park, Hauz Khas, New Delhi",28.5525138,77.19416,4.0,782.0,Hauz Khas,hotel,
ChIJ_5tYXsvjDDkRSqUQm4XD8P0,ChIJ_5tYXsvjDDkRSqUQm4XD8P0,The Orion Express - Kailash Colony,"A-20, near Kailash Colony Metro Station, Kailash Colony, Block A, Greater Kailash, New Delhi",28.5558827,77.2411743,4.3,237.0,Greater Kailash,hotel,
ChIJT1_dZwDjDDkRnebfK5pM3Es,ChIJT1_dZwDjDDkRnebfK5pM3Es,South Inn - Green Park South Delhi,"E2, Block F, Green Park Extension, Green Park, New Delhi",28.559006,77.2032565,4.8,345.0,Green Park,hotel,
ChIJL0f22DLiDDkR3fcJSE_kmw8,ChIJL0f22DLiDDkR3fcJSE_kmw8,"Fabhotel Cabana - Hotel In Greater Kailash, New Delhi","R23, Greater Kailash-1, Block R, Greater Kailash I, Greater Kailash, New Delhi",28.5480236,77.23970829999999,3.8,890.0,Greater Kailash,hotel,
ChIJn4gzI1ziDDkR9O77oIjkc7E,ChIJn4gzI1ziDDkR9O77oIjkc7E,Skylink Suites,"H, 7, South Extension I, Block H, South Delhi, New Delhi",28.5713537,77.2216006,4.4,240.0,South Delhi,hotel,
ChIJR-WL4m3iDDkR4jurspZOnwQ,ChIJR-WL4m3iDDkR4jurspZOnwQ,Townhouse Green Park Residency 1,"60,5,2nd Yusuf Sarai, Green Park, New Delhi",28.5592017,77.20588409999999,2.8,132.0,Green Park,hotel,
ChIJyd-sPQDjDDkRfRiRKD5GJXg,ChIJyd-sPQDjDDkRfRiRKD5GJXg,Hotel Green Galaxy Green Park South Delhi,"G 42, upper ground, opposite Green park market, Block G, Green Park Extension, Green Park, New Delhi",28.5576745,77.2028483,4.8,572.0,Green Park,hotel,
ChIJKfbCnXodDTkRoHUFJ9xu2HQ,ChIJKfbCnXodDTkRoHUFJ9xu2HQ,Hotel Corporate Guest House,"A2, 5, Block A 2, Safdarjung Enclave, New Delhi",28.5679043,77.1897474,4.8,103.0,Safdarjung Enclave,hotel,
ChIJdYAAxLTjDDkRRUfNdj8TTyc,ChIJdYAAxLTjDDkRRUfNdj8TTyc,"Nuo By Jüsta, Greater Kailash","C, 22, S Swaran Singh Bhandari Marg, Greater Kailash-1, C Block, Greater Kailash I, Greater Kailash, New Delhi",28.5483207,77.2379942,4.3,656.0,Greater Kailash,hotel,
ChIJzedOOWzjDDkRHuh3Br0sIZA,ChIJzedOOWzjDDkRHuh3Br0sIZA,Hotel O By Oyo Kanak Palace,"Second Floor, I-95, Afghani Market, Lajpat Nagar II, Lajpat Nagar, New Delhi",28.5706759,77.2426338,4.3,162.0,Lajpat Nagar,hotel,
ChIJGwNKtJ_iDDkRzM29RVCaCN8,ChIJGwNKtJ_iDDkRzM29RVCaCN8,The Ashok,"50, Niti Marg, Diplomatic Enclave, Chanakyapuri, New Delhi",28.5970601,77.1958281,4.3,19442.0,Chanakyapuri,hotel,
ChIJ0YSsSrcdDTkRPyej8NVwQ3E,ChIJ0YSsSrcdDTkRPyej8NVwQ3E,"Fabhotel Veetara - Hotel In Safdarjung Enclave, New Delhi","A 2, Block A 2, Bhikaji Cama Place, Safdarjung Enclave, New Delhi",28.56695,77.1896,3.2,242.0,Safdarjung Enclave,hotel,
ChIJBeUtHnTiDDkR4Ubj5utSO8c,ChIJBeUtHnTiDDkR4Ubj5utSO8c,Deer Park Luxury Homestay,"Landmark: Backside of BANK OF BARODA, B-7/103, 1st Floor, Extn, Safdarjung Enclave, New Delhi",28.5588804,77.19904679999999,4.0,202.0,Safdarjung Enclave,hotel,
ChIJAQDARl7iDDkRPMvE7jjAm4s,ChIJAQDARl7iDDkRPMvE7jjAm4s,Red Maple Bed & Breakfast,"49, Amrit Nagar, New Delhi",28.5735364,77.2196364,4.1,342.0,Amrit Nagar,hotel,
ChIJ____Qq3jDDkRUN3S8QF_1Ec,ChIJ____Qq3jDDkRUN3S8QF_1Ec,Hotel Amar Inn By Quadis,"K-102, Road, near Central Market, Block K, Lajpat Nagar II, Jal Vihar, New Delhi",28.5669858,77.2464306,4.3,1360.0,Jal Vihar,hotel,
ChIJe1-rNqjjDDkR8ByQ3dve4Pc,ChIJe1-rNqjjDDkR8ByQ3dve4Pc,Hotel Kabli,"73, Masjid Rd, Jangpura, Bhogal, New Delhi",28.5797083,77.2494999,4.0,1185.0,Bhogal,hotel,
ChIJzRv4VzfjDDkRuKaA3fPk1zM,ChIJzRv4VzfjDDkRuKaA3fPk1zM,The Grand Orion,"Kailash Colony Metro Station, A-60, near Block A, Kailash Colony, Block A, Greater Kailash, New Delhi",28.5532613,77.2442545,4.3,661.0,Greater Kailash,hotel,
ChIJ9z9RjKzjDDkRkqMhtJ2HBNM,ChIJ9z9RjKzjDDkRkqMhtJ2HBNM,Hotel Amby Inn,"M13, Vinoba Puri, Block M, Lajpat Nagar II, Lajpat Nagar, New Delhi",28.5688589,77.2478828,3.9,570.0,Lajpat Nagar,hotel,
ChIJRTIaDoXjDDkRo05ATdzGmF4,ChIJRTIaDoXjDDkRo05ATdzGmF4,The Oakland Plaza Hotel Nehru Place,"Cc 27, Block G, Nehru Enclave, Kalkaji, New Delhi",28.5470728,77.2540353,4.0,453.0,Kalkaji,hotel,
ChIJ-UnEBH7jDDkRhJaGrJjZF4Y,ChIJ-UnEBH7jDDkRhJaGrJjZF4Y,The Orion Plaza Nehru Place,"CC26, Block G, Nehru Enclave, Kalkaji, New Delhi",28.5469949,77.2537826,4.0,2105.0,Kalkaji,hotel,
ChIJ5-z-Hc_jDDkRZyU2Wz8Mae4,ChIJ5-z-Hc_jDDkRZyU2Wz8Mae4,Eros Hotel New Delhi Nehru Place,"EROS HOTEL, Nehru Place, New Delhi",28.5499268,77.2491033,4.3,16045.0,Nehru Place,hotel,
ChIJ93r8-wbjDDkRlf30qg5Q_pM,ChIJ93r8-wbjDDkRlf30qg5Q_pM,Krishna Inn,"24, Jangpura Rd, Bhogal, New Delhi",28.5837356,77.2494822,3.9,515.0,Bhogal,hotel,
ChIJ51yNUgbjDDkRhRjK5RkEXn4,ChIJ51yNUgbjDDkRhRjK5RkEXn4,"South Delhi Inn - Hotel Near , Hazrat Nizamuddin Railway Station","Phase 2, 87, Dharamvir Mann Marg, Siddhartha Enclave, Hari Nagar Ashram, New Delhi",28.5747495,77.2574412,4.3,557.0,Hari Nagar Ashram,hotel,
ChIJifxgusrjDDkRyhoJd8vFkWI,ChIJifxgusrjDDkRyhoJd8vFkWI,Staybook@Southdelhi,"B-14, B Block, East of Kailash, New Delhi",28.5617553,77.2557075,3.2,23.0,East of Kailash,hotel,
ChIJzaSD0YLjDDkRNdQPGay3_OE,ChIJzaSD0YLjDDkRNdQPGay3_OE,Fabhotel Floyd,"C-19, Amar Colony, Lajpat Nagar IV, New Delhi",28.5628558,77.2434699,3.9,373.0,Lajpat Nagar IV,hotel,
ChIJI1C0ziziDDkRKofmqRF3WKE,ChIJI1C0ziziDDkRKofmqRF3WKE,The Athena Hotel,"Villa No. 19, Eastern Ave, Block E, Maharani Bagh, New Friends Colony, New Delhi",28.5718119,77.2660447,3.8,1180.0,New Friends Colony,hotel,
ChIJ75mawVXjDDkRgnu3gPfCRjc,ChIJ75mawVXjDDkRgnu3gPfCRjc,Rose Mallow Hotel Pvt. Ltd.,"C-18, NH-19, Block B, Friends Colony East, New Friends Colony, New Delhi",28.5635525,77.2654025,4.4,585.0,New Friends Colony,hotel,
ChIJKYv_S8jjDDkRIbrMlfnrKF8,ChIJKYv_S8jjDDkRIbrMlfnrKF8,Hotel Sunrise Ecostay,"30, Sant Nagar, East of Kailash, New Delhi",28.5549735,77.2484445,4.4,103.0,East of Kailash,hotel,
ChIJz6uJIQfjDDkR3gifjDKqsIQ,ChIJz6uJIQfjDDkR3gifjDKqsIQ,Oyo Tom & Jerry Near Lotus Temple,"16-F, Church Road, Bhogal, Teshil, New Delhi",28.583277,77.247258,3.3,494.0,Teshil,hotel,
ChIJm25SwA3kDDkRyLG31HJqNq0,ChIJm25SwA3kDDkRyLG31HJqNq0,Hotel River View,"Bhaskar Compound, B-9, Kalindi Kunj Rd, Abul Fazal Enclave Part 1, Part 1 Abul Fazal Enclave, Block E, Jamia Nagar, Okhla, New Delhi",28.5572348,77.2966881,3.9,1401.0,Okhla,hotel,
ChIJx6qqOlDkDDkROn5jLYb6oo4,ChIJx6qqOlDkDDkROn5jLYb6oo4,Hotel Fortune Inn By Aspl,"Admire stays Corporate Office A778, Naveen Nagar, Pocket A, Sector 19, Noida",28.5762027,77.3258199,4.0,538.0,Sector 19,hotel,
ChIJAeEer4jkDDkRnvYOsth2r2c,ChIJAeEer4jkDDkRnvYOsth2r2c,"Holiday Inn New Delhi Mayur Vihar Noida, An Ihg Hotel","District Centre, 13A, Mayur Place, Mayur Vihar, New Delhi, Delhi",28.590637,77.298442,4.5,21144.0,New Delhi,hotel,
ChIJ335bATblDDkR1WS3B174oYA,ChIJ335bATblDDkR1WS3B174oYA,Bellmont Hotel,"14/1, opp. Botanical Garden Metro Station, Harijan Basti, Arun Vihar, Sector 37, Noida",28.5637971,77.3388143,4.5,1910.0,Sector 37,hotel,
ChIJ-Q4xA7DlDDkRKbmDpYkiiUA,ChIJ-Q4xA7DlDDkRKbmDpYkiiUA,Hotel Aarkay Palace,"513, C Block, Sector 44, Noida",28.5545706,77.33723069999999,3.9,1009.0,Sector 44,hotel,
ChIJuYjlFNPjDDkRq-G603kqdxU,ChIJuYjlFNPjDDkRq-G603kqdxU,Saltstayz Select,"Plot Num, 77, Sukhdev Vihar, Okhla, New Delhi",28.5560713,77.2708244,4.5,1586.0,Okhla,hotel,
ChIJn8LrfyyvJzoRS4k22Vtcxl0,ChIJn8LrfyyvJzoRS4k22Vtcxl0,Mosaic Hotel Noida,"C-1, C Block, Pocket C, Sector 18, Noida",28.571066,77.3252488,4.1,2967.0,Sector 18,hotel,
ChIJmb7NnTHlDDkRlv2WNrp3Wio,ChIJmb7NnTHlDDkRlv2WNrp3Wio,Hotel Future Inn,"Awana Market, Jhundpura, Jhundpura Village, Sector 11, Noida",28.5964614,77.330721,4.6,132.0,Sector 11,hotel,
ChIJQRsr9UXlDDkRZm3Cf8qesPk,ChIJQRsr9UXlDDkRZm3Cf8qesPk,Golden Tree Hotel,"Golden Tree, C1/12, C-Block, Sector 31, Noida",28.5814751,77.34342749999999,4.3,558.0,Sector 31,hotel,
ChIJx_sVdgXlDDkR6EBNphWNsXc,ChIJx_sVdgXlDDkR6EBNphWNsXc,Raj Hotel Vip,"Atta, Atta Market, Nithari, Dadri, Sector 27, Noida",28.5716199,77.3275398,2.7,294.0,Sector 27,hotel,
ChIJqeUQpd3lDDkRAa1qCvUP7Lw,ChIJqeUQpd3lDDkRAa1qCvUP7Lw,Treebo Luxury Stay Premium Inn,"D-9, Block D, Sector 12, Noida",28.5918656,77.33778629999999,4.6,1057.0,Sector 12,hotel,
ChIJuXhKZJPjDDkRWaj_AQQKWGk,ChIJuXhKZJPjDDkRWaj_AQQKWGk,The Suryaa New Delhi,"MMA Rd, New Friends Colony, New Delhi",28.5611468,77.269517,4.3,20004.0,New Friends Colony,hotel,
ChIJSZffIU3kDDkRuDXcAje-AKo,ChIJSZffIU3kDDkRuDXcAje-AKo,Hotel P.K. Residency,"B 2, beside Cambridge Junior School, B Block, Pocket B, Sector 27, Noida",28.573897,77.331199,3.9,1299.0,Sector 27,hotel,
ChIJs4ooMwDjDDkRGtav5_A2V-U,ChIJs4ooMwDjDDkRGtav5_A2V-U,The Meriton,"N.S.I.C, Metro Station, NEHRU PLACE-2, near Okhla, Shambhu Dayal Bagh, Kalkaji, New Delhi",28.5539237,77.2647338,4.5,307.0,Kalkaji,hotel,
ChIJMZJZ7_zlDDkRz63Sj2pBYPs,ChIJMZJZ7_zlDDkRz63Sj2pBYPs,Hotel Diamond,"Hotel Diamond 18, opposite pillar no 80, main, Atta Market, Sector 27, Noida",28.5727729,77.3245239,3.2,71.0,Sector 27,hotel,
ChIJYWObOR_lDDkRC3aMeHig0Mw,ChIJYWObOR_lDDkRC3aMeHig0Mw,Iidl Suites,"Plot No 4A, District Centre, Mayur Place, Phase 1, Mayur Vihar, Delhi",28.5942016,77.2990021,4.2,4614.0,Mayur Vihar,hotel,
ChIJzyKBJd7lDDkRCBDbrwbxyt0,ChIJzyKBJd7lDDkRCBDbrwbxyt0,Hotel O Sathguru Residency Near New Ashok Nagar Metro Station,"A554, A554, Block A, New Ashok Nagar, Delhi",28.5935763,77.31033020000001,3.4,750.0,New Ashok Nagar,hotel,
ChIJka2EkL3lDDkRFeu9Eghc8xU,ChIJka2EkL3lDDkRFeu9Eghc8xU,Hotel O Jai Shree Hotel,"plot no-9, Noida, Nithari Village, Sector 31, Noida",28.576995,77.3399461,3.5,20.0,Sector 31,hotel,
ChIJE_C2GxfjDDkR-hXZcO33uF0,ChIJE_C2GxfjDDkR-hXZcO33uF0,Hotel Samrat Residency,"Shashtri Market, 707, Jangpura Rd, near Aggarwal Cement, Bhogal, New Delhi",28.5820083,77.25094659999999,3.9,189.0,Bhogal,hotel,
ChIJI6js6jjjDDkRfSHTcQtq7WQ,ChIJI6js6jjjDDkRfSHTcQtq7WQ,Classic Hotel Nizamuddin,"gate no 4, Nizamuddin raily station, 135/54 DDA flat, near railway station gate no4, Nizamuddin, Sarai Kale Khan",28.5846633,77.2529911,2.5,52.0,Nizamuddin,hotel,
ChIJqbcp5TjlDDkR7K7kvixY4OI,ChIJqbcp5TjlDDkR7K7kvixY4OI,Treebo Aviraj Inn,"A235, Sector 19 Rd, A Block, Pocket A, Sector 19, Noida",28.5794543,77.3229271,4.6,537.0,Sector 19,hotel,
ChIJ7aqq-vTkDDkRgQTJLDQBQlA,ChIJ7aqq-vTkDDkRgQTJLDQBQlA,"Lemon Tree Hotel, Noida","B-40B, Gautam Buddha Nagar, Block B, Sector 1, Noida",28.5889145,77.3139051,4.1,337.0,Sector 1,hotel,
ChIJPVegOR3lDDkRbWNzyX_u8BM,ChIJPVegOR3lDDkRbWNzyX_u8BM,Ahuja Residency Noida,"C Block, Sector 44, Noida",28.5542644,77.3349963,4.6,306.0,Sector 44,hotel,
ChIJ94OtjosHDTkRNzEsMJsW-jg,ChIJ94OtjosHDTkRNzEsMJsW-jg,Hotel O Om Villa Residency Near Lotus Temple,"B81, Iskcon Temple Road , Garhi, near Bye Church, near ZUDIO Showroom, Sant Nagar, East of Kailash, New Delhi, Delhi",28.5559928,77.2503961,4.3,246.0,New Delhi,hotel,
ChIJe6wA2_TjDDkR7Ojp3A0uKiI,ChIJe6wA2_TjDDkR7Ojp3A0uKiI,"Fabhotel Grand Boutique - Hotel In Kailash Colony, New Delhi","A - 56, Kailash Colony, Block A, Greater Kailash, New Delhi",28.5528699,77.2448904,3.2,244.0,Greater Kailash,hotel,
ChIJl_cOl7gPDTkR41IRTkO4u-I,ChIJl_cOl7gPDTkR41IRTkO4u-I,Hotel Taj Residency,"Plot No 6, Old Khaira Rd, East Krishna Vihar, New Big Bazar, Krishna vihar, Najafgarh, Delhi",28.6059766,76.972306,4.6,98.0,Najafgarh,hotel,
ChIJW9lffGEPDTkRKS5A-LwG5AU,ChIJW9lffGEPDTkRKS5A-LwG5AU,Hotel Hr Residency,"Tuda Mandi, Tehsil Rd, near Durga Mata mandir, Sai Baba Encl., Masudabad, Najafgarh, New Delhi, Delhi",28.6190802,76.9936871,4.9,267.0,New Delhi,hotel,
ChIJaV7NaqEPDTkRd7n9IfLtJik,ChIJaV7NaqEPDTkRd7n9IfLtJik,Hotel O Star Residency,"348/AB, Sai Baba Encl., Guru Nagar, Najafgarh, Delhi",28.6192658,76.99370739999999,4.2,36.0,Najafgarh,hotel,
ChIJixXicdkPDTkR2UeugUm5oMQ,ChIJixXicdkPDTkR2UeugUm5oMQ,Super Oyo Hotel Ashok Plaza,"4, Najafgarh Rd, Tura Mandi, Najafgarh Extension, Dharampura, Najafgarh, Delhi",28.6124952,76.9903222,4.3,6.0,Najafgarh,hotel,
ChIJncDqI14PDTkRUyoZNk0tnt8,ChIJncDqI14PDTkRUyoZNk0tnt8,All In One Hotel & Restaurant,"Old Roshanpura, Todarmal Colony, Najafgarh, New Delhi, Delhi",28.6054003,76.9866917,4.5,97.0,New Delhi,hotel,
ChIJ0cF1deEPDTkRDLaGNJL-R4M,ChIJ0cF1deEPDTkRDLaGNJL-R4M,New Code Live Del5215,"Reliance Digital, 579, Shivaji Marg, Tura Mandi, Dharampura, Najafgarh, Delhi",28.612351,76.99037299999999,5.0,2.0,Najafgarh,hotel,
ChIJicRbzksFDTkR6DUl_93l5Uk,ChIJicRbzksFDTkR6DUl_93l5Uk,Southwest Inn,"Building no 90, Block B -10, 4, Sector 13 Main Rd, opposite Radisson Gate, New Delhi",28.5973795,77.0357689,4.1,1265.0,opposite Radisson Gate,hotel,
ChIJq8lvdiIFDTkRB74NMBwT_Vk,ChIJq8lvdiIFDTkRB74NMBwT_Vk,Hotel O By Oyo Nawada Metro,"Metro Pillar No. 739, New 1159, Amar Enclave, 6, 74, Mohan Garden, Uttam Nagar, Delhi",28.6202885,77.0431292,3.0,803.0,Uttam Nagar,hotel,
ChIJczB9bWwFDTkRpHg0nEMBI0M,ChIJczB9bWwFDTkRpHg0nEMBI0M,Hotel Dwarka Inn,"A-4, Plot No, near Pillar No 801, Nishat Park, Sector 15 Dwarka, Kakrola, New Delhi, Delhi",28.6188981,77.027096,4.1,71.0,New Delhi,hotel,
ChIJM8VeA8kbDTkRx4Flhzxppg4,ChIJM8VeA8kbDTkRx4Flhzxppg4,The New Moon,"Plot no 44, 10, Pocket B, Sector 13, Dwarka, NEW DELHI",28.5994925,77.0357,4.5,130.0,Dwarka,hotel,
ChIJ0_y8CMkaDTkRQfaV0zBk2QE,ChIJ0_y8CMkaDTkRQfaV0zBk2QE,Hotel Shhaurya,"Plot no 16, near Iskon temple, Sector 13, Dwarka, New Delhi, Delhi",28.5981626,77.03661269999999,4.0,1003.0,New Delhi,hotel,
ChIJDVaYpxcFDTkRC2JgbXYnzpA,ChIJDVaYpxcFDTkRC2JgbXYnzpA,Hotel O Ethereal Inn,"F, 1/34, Block L, Mohan Garden, Uttam Nagar, Delhi",28.6262265,77.0392945,3.3,76.0,Uttam Nagar,hotel,
ChIJi6djbFgaDTkRSlSm1pL_cEI,ChIJi6djbFgaDTkRSlSm1pL_cEI,Green Lotus Residency,"Plot no 91, near Radisson Blu, Sector 13, Dwarka, New Delhi, Delhi",28.5974538,77.03563989999999,3.8,850.0,New Delhi,hotel,
ChIJTUFs_sgPDTkRRTNBP_KT_dg,ChIJTUFs_sgPDTkRRTNBP_KT_dg,Samar Hotel,"METRO PILLER NO :68, PLOT NO :76, 77, near NANGLI METRO, Ranaji Enclave, Najafgarh, Delhi",28.616001,77.00874069999999,5.0,5.0,Najafgarh,hotel,
ChIJXR3J6cQFDTkRjbqqOTC2dls,ChIJXR3J6cQFDTkRjbqqOTC2dls,Imperial Residency,"Metro Pillar No. 817, Plot No. 55, Hari Vihar, Sector 16A, Dwarka, New Delhi, Delhi",28.6180961,77.0236781,4.3,12.0,New Delhi,hotel,
ChIJRUCw2qIFDTkR48WVAJkMcjM,ChIJRUCw2qIFDTkR48WVAJkMcjM,Hotel O By Oyo S J Residency,"61/62-ABlock, A, near pillar no- 753, Gulab Bhag, Block D, Mansa Ram Park, Uttam Nagar, Delhi",28.6200913,77.0394168,2.3,51.0,Uttam Nagar,hotel,
ChIJz5hJI3IPDTkR00N5NdACfRs,ChIJz5hJI3IPDTkR00N5NdACfRs,Magnet Residency,"gate no 2, metro pillor, no 64, near nangli metro station, Ranaji Enclave, Najafgarh, New Delhi",28.616849,77.00967039999999,4.8,267.0,Najafgarh,hotel,
ChIJfRu5zIwFDTkR4eaDE_lLUMs,ChIJfRu5zIwFDTkR4eaDE_lLUMs,Hotel O Devika Inn,"31, 34Sewak Park, A Extension, Rama Park, Block A, Bhagwati Garden, Nawada, Delhi",28.6203379,77.0376461,4.0,61.0,Nawada,hotel,
ChIJyxiabjIFDTkRnY9RAXKGWzU,ChIJyxiabjIFDTkRnY9RAXKGWzU,Hotel O D Plaza,"Plot No 306-307, Old Palam Rd, Tara Nagar, Dwarka, Delhi",28.6131945,77.0297272,2.5,8.0,Dwarka,hotel,
ChIJPwc231QFDTkR8Y5XU62U7R4,ChIJPwc231QFDTkR8Y5XU62U7R4,Hotel O By Oyo Grand Luxury,"A2/202 Dugal Tara nagar , kakrola, south west, New Delhi, Delhi",28.6191638,76.9938758,5.0,2.0,New Delhi,hotel,
ChIJFT23yP8bDTkRm65IVfSQIsk,ChIJFT23yP8bDTkRm65IVfSQIsk,Hideaway Bed And Breakfast,"34, Pocket C, Sector 17 Dwarka, Dwarka, Delhi",28.5898353,77.0311731,4.5,135.0,Dwarka,hotel,
ChIJEZfQ9zQbDTkRxsEoCNGPATA,ChIJEZfQ9zQbDTkRxsEoCNGPATA,Mira International,"HOTEL MIRA INTERNATIONAL, PLOT NO. 103, opp. RILAIENS CENTER MALL, near RELIANCE MALL, POCKET-10, Sector 13, Dwarka, New Delhi, Delhi",28.598333,77.034514,3.8,72.0,New Delhi,hotel,
ChIJQRp7XsQFDTkRlE3NHxaGmWY,ChIJQRp7XsQFDTkRlE3NHxaGmWY,Oyo Flagship Blue Moon Residency,"Pillar No.744, Metro Station Nawada, 1, C-1, 19A, Mohan Garden, New Delhi, Delhi",28.6206383,77.0417015,4.1,16.0,New Delhi,hotel,
ChIJf71eU6wFDTkRg91tr_Fx31Y,ChIJf71eU6wFDTkRg91tr_Fx31Y,Hotel O By Oyo R S Residency,"metro station, Laal Building School, Shop no WZ,55, Chand nagar, Subhash Nagar, Delhi",28.6202633,77.0333938,2.3,15.0,Subhash Nagar,hotel,
ChIJR3a0cswFDTkR9VOW8hki9K4,ChIJR3a0cswFDTkR9VOW8hki9K4,Super Oyo Flagship Satguru Residency Dwarka,"Metro Pillars no 799, near R S Dhaba, Dwarka Mor, Block A, Sewak Park, Dwarka, Delhi",28.6191229,77.0328093,3.1,169.0,Dwarka,hotel,
ChIJ7UGbOM8aDTkRyL55gyT-jpg,ChIJ7UGbOM8aDTkRyL55gyT-jpg,Home Stay Dwarka & Hotel Tanish Regency,"21, Block A, Sector 12 Dwarka, Dwarka, Delhi",28.5959813,77.0407463,3.6,76.0,Dwarka,hotel,
ChIJuU4UWSEFDTkR_sveAJgD2-g,ChIJuU4UWSEFDTkR_sveAJgD2-g,Hotel O By Oyo Small Town,"Block C, Sewak Park, Uttam Nagar, Delhi",28.6201056,77.0388368,4.5,2.0,Uttam Nagar,hotel,
ChIJOTDUK3wFDTkR_mzMfRGI7jI,ChIJOTDUK3wFDTkR_mzMfRGI7jI,Hotel O Peak Inn,"Baba Haridas Chowk, Plot No- 87,88,89, 55Futa Road Gali no 36, Vipin Garden Extension Rd, Delhi",28.6305258,77.0255815,3.7,136.0,Vipin Garden Extension Rd,hotel,
ChIJfbu6VMgaDTkREnaExmD70RM,ChIJfbu6VMgaDTkREnaExmD70RM,Apple Tree Residency,"Plot No: 88, Sector 13, Dwarka, New Delhi, Delhi",28.59726,77.03596,3.9,99.0,New Delhi,hotel,
ChIJhe3AYQAbDTkRNLVRMwA8VFI,ChIJhe3AYQAbDTkRNLVRMwA8VFI,Hotel La Wisteria,"Hotel Green Lotus La Wisteria, Parmanand Colony, Pocket 8, Block B, Sector 12 Dwarka, Dwarka, New Delhi, Delhi",28.5950566,77.0415014,3.0,2.0,New Delhi,hotel,
ChIJzYWKVtgEDTkREkjqjzN6nas,ChIJzYWKVtgEDTkREkjqjzN6nas,All In One,"A-73 Opposit Pillar No, Matro Station 821, Dwarka, New Delhi",28.6172534,77.02315089999999,4.1,38.0,Dwarka,hotel,
ChIJgWst_o4FDTkREBbjHgEZyow,ChIJgWst_o4FDTkREBbjHgEZyow,Garvik Stay,"Plot no. 25, Gali Number 3, Dwarka Mor, Patel Garden, Sector 15 Dwarka, Kakrola, New delhi, Delhi",28.6156922,77.02893689999999,4.7,63.0,New delhi,hotel,
ChIJyYjLxBEFDTkROW8FHNZ98FM,ChIJyYjLxBEFDTkROW8FHNZ98FM,Hotel Raas Near Nawada Metro Station,"Pillar No 743, near Nawada Metro station, Block D, Mansa Ram Park, Uttam Nagar, Delhi",28.6202459,77.042157,3.6,27.0,Uttam Nagar,hotel,
ChIJKREHk7IbDTkRqiqzifn1WX8,ChIJKREHk7IbDTkRqiqzifn1WX8,Msk Residency,"Plot No 4, opposite CNG Station, Block A, Sector 12 Dwarka, Dwarka, New Delhi, Delhi",28.5972256,77.04230290000001,4.2,67.0,New Delhi,hotel,
ChIJ1cHW68oFDTkREy5Oee6PIYA,ChIJ1cHW68oFDTkREy5Oee6PIYA,Hotel Blossom Inn,"A39, Khasra no 6, 13/9, Nishat Park, Sector 15 Dwarka, Nawada, Dwarka, Delhi",28.6174185,77.0264322,3.4,5.0,Dwarka,hotel,
ChIJw88JQH8bDTkRQidfQEiNIMY,ChIJw88JQH8bDTkRQidfQEiNIMY,Super Hotel O Goyla Dairy Formerly Osho Inn,"Khasra No-6/24, Common Area, Plot No-10, PH 1, Qutub Vihar I, Block A, Goyla Dairy, Qutub Vihar, Delhi",28.5781397,77.0269429,4.2,139.0,Qutub Vihar,hotel,
ChIJmdMbDOMFDTkRLZQSShdTEFw,ChIJmdMbDOMFDTkRLZQSShdTEFw,Oyo Hotel Vihaan Regency,"C -22, 1, 739Shivaji Marg, near METRO PILLAR NO, Mohan Garden, Block D, Mansa Ram Park, Nawada, Delhi",28.6206364,77.0423859,3.5,17.0,Nawada,hotel,
ChIJKcrWLgAFDTkRlrckv8iYjfw,ChIJKcrWLgAFDTkRlrckv8iYjfw,Hotel Satguru In,"J28M+2MC, Block D, Sewak Park, Dwarka, Delhi",28.6150725,77.03413760000001,,,Dwarka,hotel,
ChIJs6KqbUwFDTkRsT_CP-hoENs,ChIJs6KqbUwFDTkRsT_CP-hoENs,Oyo Grand Hotel Near Dwarka Metro Station,"36 B, Suraj Vihar, Dwarka, Delhi",28.6130067,77.0296669,2.8,55.0,Dwarka,hotel,
ChIJN9BQGOwbDTkRiigfGvmr8Yo,ChIJN9BQGOwbDTkRiigfGvmr8Yo,Hotel Yuvraj,"28, kh no. 8, Left from hariyana medicos, 23, near ram Mandir, Block E, Block A, Qutub Vihar Phase 2, Goyla Village, Delhi",28.5784156,77.01943229999999,3.8,94.0,Goyla Village,hotel,
ChIJv1PxxrsFDTkRYvU1JXgaRds,ChIJv1PxxrsFDTkRYvU1JXgaRds,Hotel Prithvi Residency,"Diwan Estate, Metro station, B-7, Bhagwati Garden Rd, Dwarka Mor, Roshan Garden, Bhagwati Garden, Nawada, Delhi",28.6201117,77.0326355,3.4,17.0,Nawada,hotel,
ChIJ97ryQcUaDTkRMRQ3U8RDauM,ChIJ97ryQcUaDTkRMRQ3U8RDauM,Krishna Residency,"Plot - 2, Sector - 12 B Opp. Metro Station Sector-12, Dwarka, Delhi",28.5940024,77.0418862,3.3,314.0,Dwarka,hotel,
ChIJeZFe5kcPDTkRrhgPmHzFA_A,ChIJeZFe5kcPDTkRrhgPmHzFA_A,Oyo Hotel Silver Stone,"c Kh-164, Sai Baba Mandir, Plot A/3-c Kh-164 Plot A/3, Masudabad, Najafgarh, Delhi",28.613917,77.0003646,4.2,18.0,Najafgarh,hotel,
ChIJRRAaARsbDTkRAOMdB2wOkw4,ChIJRRAaARsbDTkRAOMdB2wOkw4,Fabexpress Aerosky Deluxe,"C8, 64, Pocket C, Sector 17 Dwarka, Dwarka, New Delhi, Delhi",28.591502,77.030345,3.6,152.0,New Delhi,hotel,
ChIJbVCvAvAFDTkRlzr9tZeOr3c,ChIJbVCvAvAFDTkRlzr9tZeOr3c,Hotel O S. Gambhir Hotel,"B3 & B8, near Metro Pillar No.764, Block C, Rama Park, Nawada, Delhi",28.619984,77.036374,3.0,194.0,Nawada,hotel,
ChIJb681I4YbDTkRsQz7dBn9LQM,ChIJb681I4YbDTkRsQz7dBn9LQM,Jaiminis Landmark,"Pkt-10 , Plot -86, Block - B, Sector 13, New Delhi",28.5971048,77.0361539,4.2,240.0,Sector 13,hotel,
ChIJlzKkDmkFDTkR741uQY0UNgg,ChIJlzKkDmkFDTkR741uQY0UNgg,Grand Vitara Hotel Dwarka,"333, Gali Number 40, Vipin Garden Extension, Vipin Garden, Nawada, Delhi",28.6233634,77.0260401,4.0,21.0,Nawada,hotel,
ChIJNU3GbwAFDTkRd1SNKICWQos,ChIJNU3GbwAFDTkRd1SNKICWQos,Hotel Rs Residency,"J29M+73Q, Gali No. 6A, Dwarka Mor, Block D, Bhagwati Garden, Nawada, Delhi",28.6182181,77.0327239,4.8,15.0,Nawada,hotel,
ChIJn9xREaAFDTkR6WxojxfAHQ4,ChIJn9xREaAFDTkR6WxojxfAHQ4,Collection O Dwarka Metro Station Formerly Jps Green,"B 2/314, Tara nagar, near Vegas Mall, Sector 15 Dwarka, Dwarka, Delhi",28.6136518,77.0288156,2.7,234.0,Dwarka,hotel,
ChIJj8YORkcFDTkR94RXl2cn8tE,ChIJj8YORkcFDTkR94RXl2cn8tE,Hotel O Silent Moon Hotel,"F Block, F-1/33 F, F-1, Mohan Garden, Delhi",28.6264558,77.03983579999999,4.4,5.0,Mohan Garden,hotel,
ChIJjayGAQAFDTkR_tXrPD-6ou8,ChIJjayGAQAFDTkR_tXrPD-6ou8,Royal Mini Guest House Dwark,"B, 2/314, Duggal Farm, Raju Enclave, Sector 15 Dwarka, Kakrola, Delhi",28.6137281,77.02888779999999,4.8,22.0,Kakrola,hotel,
ChIJd5cZPc8aDTkRE1xpc6mQ0Sg,ChIJd5cZPc8aDTkRE1xpc6mQ0Sg,Oyo Hotel Golden Tree Near Dwarka Sector 12 Metro Station,"Golden Tree 36, School Sector12A, near bal bharti, Dwarka, Delhi",28.5955261,77.03994000000002,2.9,310.0,Dwarka,hotel,
ChIJqQ3x2j0FDTkRHNMbO1tpnwo,ChIJqQ3x2j0FDTkRHNMbO1tpnwo,Hyatt Centric Janakpuri New Delhi,"Janakpuri District Center, Janakpuri, New Delhi, Delhi",28.6288785,77.0785077,3.9,13328.0,New Delhi,hotel,
ChIJQYncXHQFDTkRJ6acaW9_9Cs,ChIJQYncXHQFDTkRJ6acaW9_9Cs,Hotel Palazzo Inn,"13-14, Service Lane, A-2, Pankha Rd, Block A2, Janakpuri, New Delhi, Delhi",28.6209198,77.0716633,4.4,2195.0,New Delhi,hotel,
ChIJfQc6E2MbDTkR60ajQ_TItMw,ChIJfQc6E2MbDTkR60ajQ_TItMw,Hotel Grand Inn,"RZ a 70, Dabri - Palam Rd, Durgapuri & Dwarkapuri, Vaishali Colony, Mahavir Enclave, New Delhi, Delhi",28.6058266,77.08153469999999,4.2,441.0,New Delhi,hotel,
ChIJXXb5yrQbDTkR_05IqXAO8_w,ChIJXXb5yrQbDTkR_05IqXAO8_w,Sss Group Hotel Dwarka Delhi,"RZ-4 A, KH No. 83/2, Pipal Wali Gali, and, opposite Vishal Mega Mart, Mahavir Enclave Part 1, Mahavir Enclave, Delhi",28.5989024,77.0808443,4.6,629.0,Mahavir Enclave,hotel,
ChIJ2YQPmRgFDTkRpjzhL5Eas-U,ChIJ2YQPmRgFDTkRpjzhL5Eas-U,Hotel Malbork Inn,"A-3/249, Block A3, Janakpuri, New Delhi, Delhi",28.6241145,77.07925399999999,3.6,266.0,New Delhi,hotel,
ChIJMx8pT70EDTkRuLk3NLaTp4M,ChIJMx8pT70EDTkRuLk3NLaTp4M,Hotel D'Presidente,"B2B/12, Dharam Marg, Janak Puri Near Janak Puri East Metro Station Metro Pillar No. - 541, New Delhi",28.633118,77.0905246,3.8,450.0,Janak Puri Near Janak Puri East Metro Station Metro Pillar No. - 541,hotel,
ChIJ8eQZ5P4bDTkRHptlV4BmkLY,ChIJ8eQZ5P4bDTkRHptlV4BmkLY,Hotel Revive Inn,"RZ D 65 Raghu Nagar, Gali Number 7, Syndicate Enclave, New Delhi",28.6104861,77.0869076,4.6,113.0,Syndicate Enclave,hotel,
ChIJe54WwuEFDTkRx2ZedvVZh3o,ChIJe54WwuEFDTkRx2ZedvVZh3o,Hotel Rasso Inn Nawada,"Metro Pillar No. 739, Goverdhan Park, Block E, Mohan Garden, Uttam Nagar, Delhi",28.6219811,77.056231,5.0,9.0,Uttam Nagar,hotel,
ChIJ2QB-FpgEDTkRjMmKF58N8H0,ChIJ2QB-FpgEDTkRjMmKF58N8H0,Hotel Surya Plaza,"1/20, Main, Najafgarh Rd, opp. Metro Pillar No.532, Block 1, Tilak Nagar, New Delhi, Delhi",28.6353235,77.0924684,2.8,228.0,New Delhi,hotel,
ChIJGQWAe4kFDTkR2wBH2a60Dt4,ChIJGQWAe4kFDTkR2wBH2a60Dt4,Fabhotel Asp Royal Residency Inn,"Old Lal Dora, WZ-3, Nangli Jalib, Janakpuri, New Delhi, Delhi",28.6328302,77.0869684,3.9,175.0,New Delhi,hotel,
ChIJBbgsxsYEDTkRc2dRoyxQ5Cw,ChIJBbgsxsYEDTkRc2dRoyxQ5Cw,Hotel Aura44,"A-44, Chander Nagar, Janakpuri, New Delhi, Delhi",28.6262299,77.0752736,3.8,501.0,New Delhi,hotel,
ChIJF2RXUBEbDTkRc03qDshixcQ,ChIJF2RXUBEbDTkRc03qDshixcQ,Fabhotel Pingla Residency,"Metro Station, RZ-1A/13, Dabri - Palam Rd, near Dashrath Puri, Block B, Vijay Enclave, Mahavir Enclave, New Delhi, Delhi",28.604234,77.082782,3.3,29.0,New Delhi,hotel,
ChIJ4RfKFssFDTkRU4i5FR1_Mcc,ChIJ4RfKFssFDTkRU4i5FR1_Mcc,Hotel O By Oyo Grand,"Plot No A1, West, Block A, Sitapuri Part 1, Dabri, New Delhi, Delhi",28.6113678,77.08254219999999,3.6,10.0,New Delhi,hotel,
ChIJi154BwIFDTkREjsPJCSV5O4,ChIJi154BwIFDTkREjsPJCSV5O4,Fabhotel Twamev,"Killa Number 18, Plot Number 24, 2 & 19, Indra Park Extension, Uttam Nagar, New Delhi",28.622272,77.06824,3.9,114.0,Uttam Nagar,hotel,
ChIJgdyQHisbDTkRlN7jaSGm6Zw,ChIJgdyQHisbDTkRlN7jaSGm6Zw,Hotel Janvi Palace,"Plot No 47, Toganpur Village, Dwarka Sector 9, Dwarka, New Delhi, Delhi",28.5770819,77.06470379999999,4.2,25.0,New Delhi,hotel,
ChIJ10WSvbAbDTkR8nRvr9xv9cE,ChIJ10WSvbAbDTkR8nRvr9xv9cE,Collection I Hotel,"F 664, Ramphal Chowk Rd, Block H, Sector 7 Dwarka, Palam, New Delhi, Delhi",28.5861795,77.072063,4.4,21.0,New Delhi,hotel,
ChIJ46DoQ1AbDTkROjfRXbq6LiU,ChIJ46DoQ1AbDTkROjfRXbq6LiU,Fabhotel Silver Oak Bnb,"Plot No: 226 S/F, Amberhai, Sector 19, Dwarka, New Delhi",28.57716,77.04720999999999,3.9,39.0,Dwarka,hotel,
ChIJOWkXrRcbDTkROW7di1XMXsA,ChIJOWkXrRcbDTkROW7di1XMXsA,Hotel O By Oyo Surya Palace,"D 1, Block D, Palam Extension, 32, Ramphal Chowk Rd, behind Goyal Sons Shop, Sector 7 Dwarka, Palam, New Delhi",28.5840882,77.07074460000001,3.6,471.0,Palam,hotel,
ChIJeeAAHGsFDTkR0f2LZFlwN8I,ChIJeeAAHGsFDTkR0f2LZFlwN8I,Fabhotel Asp Royal Residency I,"1, WZ-1, Block WZ, Nangli Jalib, Janakpuri, New Delhi, Delhi",28.63273,77.08695999999999,4.0,32.0,New Delhi,hotel,
ChIJkfHo0wEbDTkRUlBuTJv40mE,ChIJkfHo0wEbDTkRUlBuTJv40mE,Townhouse Aerosky Grand Near Dwarka Sector 21 Metro Station,"Sector 23, Dwarka, Delhi",28.5647703,77.0502362,3.8,133.0,Dwarka,hotel,
ChIJjdR7GgEDDTkRk1PVg8rr8dE,ChIJjdR7GgEDDTkRk1PVg8rr8dE,Hotel Palm Grand - Naraina New Delhi,"A-1, near Metro Station Naraina Vihar, Shindi Colony, Naraina Vihar, Naraina, New Delhi",28.6247384,77.1353408,3.9,472.0,Naraina,hotel,
ChIJwzxOpWkcDTkRIODm_a6JlXA,ChIJwzxOpWkcDTkRIODm_a6JlXA,Novotel New Delhi Aerocity,"Asset No 2, Aerocity, New Delhi",28.5535952,77.1233112,4.6,21509.0,Aerocity,hotel,
ChIJCzkoDqcEDTkR80MrklwRG6U,ChIJCzkoDqcEDTkR80MrklwRG6U,Glory Villa Hotel,"AL/8B, Jail Rd, L-Block, Anand Vihar, Hari Nagar, New Delhi, Delhi",28.6273058,77.10059199999999,4.0,478.0,New Delhi,hotel,
ChIJn2NM8QP9DDkRe7eRmvljE_4,ChIJn2NM8QP9DDkRe7eRmvljE_4,Divine Inn Hotel Rajouri Garden,"2, Ring Rd, Block E, Mansarover Garden, New Delhi, Delhi",28.6452139,77.1278963,4.4,377.0,New Delhi,hotel,
ChIJ_8JzTlsDDTkRbbgJvd3R7J8,ChIJ_8JzTlsDDTkRbbgJvd3R7J8,Golden Tulip Essential,"District Center, Sub Plot Street Number 1C, Janakpuri, near Deen Dayal Upadhyay Hospital, Hari Nagar, New Delhi",28.6298111,77.1134378,3.8,3002.0,Hari Nagar,hotel,
ChIJ96cpUlsDDTkRK5rHUFLyRQc,ChIJ96cpUlsDDTkRK5rHUFLyRQc,Sk Premium Park,"1-B Sub District Center, Hari Nagar, New Delhi",28.6300639,77.11345860000002,3.9,3633.0,Hari Nagar,hotel,
ChIJ2-xcczADDTkR_bBvOkfwe2M,ChIJ2-xcczADDTkR_bBvOkfwe2M,Hotel Picasso Prive,"Plot No. A-14, HOTEL PICASSO PRIVE, near Audi Showroom, Shindi Colony, Naraina Vihar, Naraina, Delhi, New Delhi",28.6265217,77.13549429999999,4.0,958.0,Delhi,hotel,
ChIJwdp9bzADDTkRt_4Txb3SJn4,ChIJwdp9bzADDTkRt_4Txb3SJn4,Sarovar Portico Naraina,"A, 9, Ring Rd, Shindi Colony, Naraina Vihar, Naraina, New Delhi",28.626061,77.134912,4.1,2696.0,Naraina,hotel,
ChIJZ_Ph8UP9DDkR3ZwIJeTmtoA,ChIJZ_Ph8UP9DDkR3ZwIJeTmtoA,Hotel Signature Grand,"1A, Sub District center, Hari Enclave, Hari Nagar, New Delhi, Delhi",28.6304097,77.1134442,4.0,2997.0,New Delhi,hotel,
ChIJ37trROcDDTkRPHhZWFNd5xQ,ChIJ37trROcDDTkRPHhZWFNd5xQ,Hotel O Villa Deste,"Plot No S-6, Ajay Enclave, Meenakshi Garden, Subhash Nagar, Delhi",28.6374724,77.1068544,4.0,14.0,Subhash Nagar,hotel,
ChIJ8eXMjBQDDTkRB0vq5KGUuro,ChIJ8eXMjBQDDTkRB0vq5KGUuro,Hotel Jageer Palace,"6, Ring Rd, Block E, Mansarover Garden, New Delhi, Delhi",28.6389626,77.1300476,3.7,706.0,New Delhi,hotel,
ChIJA_gnLTQbDTkRVHz_FmDumIs,ChIJA_gnLTQbDTkRVHz_FmDumIs,Hotel Sunshine By The Premium Villa,"KH NO-6/11, TAMIL ENCLAVE, Block D, Vijay Enclave, Mahavir Enclave, New Delhi, Delhi",28.60466,77.076545,4.9,49.0,New Delhi,hotel,
ChIJSw2XgVADDTkRqIELwjHJgn8,ChIJSw2XgVADDTkRqIELwjHJgn8,Hotel Hari Nager By The Premium Villa,"FIRST FLOOR, BE-147, Hari Nagar, Block BE, Hari Nagar, New Delhi, Delhi",28.628243,77.1205595,4.8,359.0,New Delhi,hotel,
ChIJx2G4jXwDDTkRHWHRAX90qJg,ChIJx2G4jXwDDTkRHWHRAX90qJg,Malbork Inn,"J-13/63, Block J, Rajouri Garden Extension, Rajouri Garden, Delhi",28.6396125,77.1175112,4.1,257.0,Rajouri Garden,hotel,
ChIJCdCLTWgcDTkRgCe4U3CxnUo,ChIJCdCLTWgcDTkRgCe4U3CxnUo,Pullman New Delhi Aerocity,"Asset No 2, Indira Gandhi International Airport, Gmr Hospitality District, Aerocity, New Delhi",28.5538828,77.1236468,4.7,28348.0,Aerocity,hotel,
ChIJx3sMMbYFDTkRoVO9BC4gqLI,ChIJx3sMMbYFDTkRoVO9BC4gqLI,Hotel O A K Residency,"AV - B/219 First Floor, Street No 9, A, Lal Sai Marg, opposite Delhi Haat, Virender Nagar, Delhi",28.6239768,77.0983979,4.3,36.0,Virender Nagar,hotel,
ChIJ6UDMWr4DDTkR-s5z0b2N_Z8,ChIJ6UDMWr4DDTkR-s5z0b2N_Z8,Fabstays-Hotel Akash Continental,"CE-1, Shaheed Mangal Pandey Marg, CE-1, Nanak Pura, Hari Nagar, Delhi",28.6258489,77.11106070000001,3.7,248.0,Hari Nagar,hotel,
ChIJh-mR3oYFDTkRrvwH-wGgU5I,ChIJh-mR3oYFDTkRrvwH-wGgU5I,Hotel O Pp Residency,"G-176, Jail Rd, near Axis bank, Pocket UB, Asha Park, Tilak Nagar, Delhi",28.629283,77.100106,2.9,438.0,Tilak Nagar,hotel,
ChIJ27PwpZ0EDTkRwIoF5IlHPDI,ChIJ27PwpZ0EDTkRwIoF5IlHPDI,Hotel Golden Plam Tilak Nagar Market,"Jiwani Block, J3-5, Ganga Ram Vatika, Hind Nagar, Mukherji Park, Vishnu Garden, New Delhi, Delhi",28.642375,77.098744,4.6,10.0,New Delhi,hotel,
ChIJIX4qK5gCDTkRbm67bcxGI7I,ChIJIX4qK5gCDTkRbm67bcxGI7I,Hotel Livasa Inn,"7 A/38 WEA, Channa Market, Block-7A, Karol Bagh, New Delhi",28.645928,77.183082,4.6,2301.0,Karol Bagh,hotel,
ChIJ1QGaMpkCDTkRKj4GIDBC48o,ChIJ1QGaMpkCDTkRKj4GIDBC48o,Hotel Metro View,"17A, 3, Block 7, Block 10, WEA, Karol Bagh, New Delhi, Delhi",28.6451067,77.1895708,3.7,1238.0,New Delhi,hotel,
ChIJSy_yupgCDTkR3sp_8N4urK8,ChIJSy_yupgCDTkR3sp_8N4urK8,"Hotel Sarthak Palace, Karol Bagh, Delhi","14A 34, Shikha Rd, Channa Market, Block 14A, WEA, Karol Bagh, New Delhi, Delhi",28.6457941,77.18691319999999,3.8,1131.0,New Delhi,hotel,
ChIJK4wZZQADDTkRkyUH87huHo4,ChIJK4wZZQADDTkRkyUH87huHo4,Hotel Vedas Heritage,"8A-27, Block 8A, WEA, Karol Bagh, Delhi",28.6441229,77.1840351,4.7,41.0,Karol Bagh,hotel,
ChIJld5jYJgCDTkRDRSGiGrG4H0,ChIJld5jYJgCDTkRDRSGiGrG4H0,Hotel Kings Inn - Karol Bagh,"14A/7, Channa Market, Block 14A, WEA, Karol Bagh, New Delhi, Delhi",28.644705,77.18567449999999,3.7,955.0,New Delhi,hotel,
ChIJmTJKjpsCDTkR1STz4I0smpo,ChIJmTJKjpsCDTkR1STz4I0smpo,Hotel Sunstar Residency,"Block 8A, Channa Market, Block 8A, WEA, Karol Bagh, New Delhi, Delhi",28.6451509,77.18251339999999,4.1,1672.0,New Delhi,hotel,
ChIJLfQAWagDDTkRGM0hGwSrAyw,ChIJLfQAWagDDTkRGM0hGwSrAyw,Orana Aurnum Mayapuri | Hotel And Banquet,"A-15, near Govt. Press, Block A, Mayapuri Industrial Area Phase I, Mayapuri, New Delhi, Delhi",28.6329139,77.1266101,4.3,2292.0,New Delhi,hotel,
ChIJCbfAqZ4CDTkRb3axkMEgrnw,ChIJCbfAqZ4CDTkRb3axkMEgrnw,Hotel Emperor Palms Karol Bagh,"Metro Station, 15 A-7, W.E.A., Opp. New Bloom School, near Karol Bagh, Karol Bagh, Delhi",28.6459555,77.18795519999999,3.4,1196.0,Karol Bagh,hotel,
ChIJCbfAqZ4CDTkRXDM5WL-Z6nc,ChIJCbfAqZ4CDTkRXDM5WL-Z6nc,Hotel Radiance,"15A, 51, Ajmal Khan Rd, Block 15A, WEA, Karol Bagh, Delhi",28.6465605,77.1887251,3.7,392.0,Karol Bagh,hotel,
ChIJ76JImg0dDTkRVUXq0b3XW0A,ChIJ76JImg0dDTkRVUXq0b3XW0A,Embassy Suites Chankya Puri,"Dharam Marg, Block C, Diplomatic Enclave, Chanakyapuri, New Delhi",28.6028308,77.18888299999999,3.4,246.0,Chanakyapuri,hotel,
ChIJM6ES7xUdDTkRjzrscxEeS8g,ChIJM6ES7xUdDTkRjzrscxEeS8g,Hotel Diplomat,"9, Sardar Patel Marg, Diplomatic Enclave, Chanakyapuri, New Delhi",28.6065981,77.18836259999999,4.1,1556.0,Chanakyapuri,hotel,
ChIJtxG-LJkCDTkRg84qf1td3qg,ChIJtxG-LJkCDTkRg84qf1td3qg,Apra International,"15A/57, Lane 35, Block 15A, WEA, Karol Bagh, New Delhi, Delhi",28.6470221,77.18856130000002,3.2,996.0,New Delhi,hotel,
ChIJ374hXsgDDTkRRRix0z5YTcQ,ChIJ374hXsgDDTkRRRix0z5YTcQ,Hotel Spb 87,"Block no, Plot No. 2, 17A, WEA, Karol Bagh, New Delhi",28.6450415,77.1896829,3.4,565.0,Karol Bagh,hotel,
ChIJKxVFie8CDTkRIgB2qqYMcOs,ChIJKxVFie8CDTkRIgB2qqYMcOs,"Hotel Amrapali Grand - New Delhi , Patel Nagar , 4 Star Hotels","2/16, Karol Bagh, East Patel Nagar, New Delhi",28.6424613,77.17486389999999,4.2,2292.0,East Patel Nagar,hotel,
ChIJFzkmDJ4CDTkRPq2Xf7sdeik,ChIJFzkmDJ4CDTkRPq2Xf7sdeik,Hotel Cosmo Near Blk Max Hospital,"7A, 40, Bangali Pooja Rd, Channa Market, Channa Market, Block 7A, Sat Nagar, Karol Bagh, New Delhi, Delhi",28.6458523,77.1834657,4.3,311.0,New Delhi,hotel,
ChIJFzkmDJ4CDTkRf70JRh0UBes,ChIJFzkmDJ4CDTkRf70JRh0UBes,Hotel Sky Rich International,"17A/19, Block 7, Block 10, WEA, Karol Bagh, New Delhi, Delhi",28.6456306,77.1893181,3.9,702.0,New Delhi,hotel,
ChIJGbsb2uIDDTkRH8ymaGf-FEk,ChIJGbsb2uIDDTkRH8ymaGf-FEk,Hotel Royal Grand,"29, 11, near Pooja Park, Block 29, East Patel Nagar, Patel Nagar, New Delhi",28.6455023,77.1746816,3.3,198.0,Patel Nagar,hotel,
ChIJiTGgzpkCDTkRfjZ2Ar8ZSBU,ChIJiTGgzpkCDTkRfjZ2Ar8ZSBU,Hotel Sunstar Grand,"Channa Market, Channa Market, Block 7A, WEA, Karol Bagh, New Delhi, Delhi",28.6462613,77.1840598,4.3,933.0,New Delhi,hotel,
ChIJC-P-G5gCDTkRpV3HzHjERLA,ChIJC-P-G5gCDTkRpV3HzHjERLA,The Suncourt Hotel Yatri,"8A/33, Channa Market, Block 8A, WEA, Karol Bagh, New Delhi, Delhi",28.6447542,77.1840272,4.4,1636.0,New Delhi,hotel,
ChIJa2dbPJkCDTkRh57e5vMUkj4,ChIJa2dbPJkCDTkRh57e5vMUkj4,Hotel Persona International,"12A, 17, Saraswati Marg, Block 12A, WEA, Karol Bagh, New Delhi, Delhi",28.6470996,77.18748459999999,3.9,665.0,New Delhi,hotel,
ChIJ3bgkcZ8CDTkRTihSIjfk7w0,ChIJ3bgkcZ8CDTkRTihSIjfk7w0,Hotel Laffaire,"17A 12, Pusa Rd, Block 7, Block 10, WEA, Karol Bagh, Delhi",28.6451392,77.19027520000002,4.5,260.0,Karol Bagh,hotel,
ChIJg6CUT7IDDTkRVgUaYRZF5Ks,ChIJg6CUT7IDDTkRVgUaYRZF5Ks,Hotel Sanca International,"Metro Station, 13/26, opposite Hotel Jaypee Siddhartha In Gate, near Rajender Place, Block 13, East Patel Nagar, Patel Nagar, New Delhi",28.6430212,77.1754078,3.9,888.0,Patel Nagar,hotel,
ChIJYdNoMrwCDTkRFluyHeSqGoI,ChIJYdNoMrwCDTkRFluyHeSqGoI,Fabhotel Bharat Continental,"Shankar Rd, R-Block, Pocket J, Rajender Nagar Part 2, Rajinder Nagar, New Delhi",28.6397785,77.1774791,3.6,604.0,Rajinder Nagar,hotel,
ChIJf9AdFZ0DDTkROoUXx6i7QvM,ChIJf9AdFZ0DDTkROoUXx6i7QvM,Bloom Hotel - Karol Bagh,"17A/32, Gurudwara Rd, near Decor World, Block 10, WEA, Karol Bagh, New Delhi, Delhi",28.6454114,77.1905177,4.6,4891.0,New Delhi,hotel,
ChIJy2cTCzADDTkRQf0Uee9-tZ4,ChIJy2cTCzADDTkRQf0Uee9-tZ4,Alaya Stays By Elivaas Emperor Palms - Hotel In Delhi,"Saraswati Marg, Block 15A, WEA, Karol Bagh, Delhi",28.6460381,77.1879409,4.9,374.0,Karol Bagh,hotel,
ChIJk8qoSVIDDTkRAEGQnmvB3wY,ChIJk8qoSVIDDTkRAEGQnmvB3wY,Hotel Le Roi Express @ Karol Bagh,"4, W.E.A Brahampuri, Block 11A, WEA, Karol Bagh, New Delhi, Delhi",28.6460896,77.1857093,4.5,328.0,New Delhi,hotel,
ChIJY6Gyi5UCDTkRmjXmCUzwY6w,ChIJY6Gyi5UCDTkRmjXmCUzwY6w,Jaypee Siddharth - 5 Star Luxury Hotels In Delhi,"3, Rajendra Place, New Delhi",28.6427493,77.1754692,4.2,12168.0,Rajendra Place,hotel,
ChIJ9bGyTpwCDTkRpCJHmrLyp8g,ChIJ9bGyTpwCDTkRpCJHmrLyp8g,Hotel Regent Grand,"2/6, Pusa Rd, opposite Metro Pillar No. 167, Block 2, East Patel Nagar, Karol Bagh, New Delhi",28.6431118,77.1730617,4.1,2249.0,Karol Bagh,hotel,
ChIJq6qq6pMCDTkRqTr-63N3wDg,ChIJq6qq6pMCDTkRqTr-63N3wDg,Hotel Pals Inn,"Block-29/6, opposite Girdhari Lal Goswami Park, near Mother Dairy. 326, Main Market, Block 29, East Patel Nagar, Patel Nagar, New Delhi",28.6457862,77.1742048,4.0,430.0,Patel Nagar,hotel,
ChIJXRvWOpkCDTkRmsdHCqu8KnI,ChIJXRvWOpkCDTkRmsdHCqu8KnI,Hotel Pablas International,"12A/ 22, West Extension Area, Karol Bagh, Delhi",28.6470764,77.18776869999999,3.5,506.0,Karol Bagh,hotel,
ChIJq6q295cCDTkRHSmPwMHZeCk,ChIJq6q295cCDTkRHSmPwMHZeCk,Hotel Classic,"RBL Bank, near, 17A/59, Gurudwara Rd, Block 10, WEA, Karol Bagh, New Delhi, Delhi",28.6461847,77.1902327,3.7,84.0,New Delhi,hotel,
ChIJowM_upkCDTkRtKfuVBhKgdw,ChIJowM_upkCDTkRtKfuVBhKgdw,Hotel Sunstar Heights,"8A/41, Channa Market, Block 8A, WEA, Karol Bagh, New Delhi, Delhi",28.6452405,77.1833451,4.0,806.0,New Delhi,hotel,
ChIJLe0O0J0CDTkRqLWCYm9HSsE,ChIJLe0O0J0CDTkRqLWCYm9HSsE,Hotel Paradise Inn,"15A/49, Ajmal Khan Rd, near Jessa Ram Hospital, Block 15A, WEA, Karol Bagh, Delhi",28.6466259,77.1886274,4.4,1653.0,Karol Bagh,hotel,
ChIJCbfAqZ4CDTkRFi_5YrUbYzg,ChIJCbfAqZ4CDTkRFi_5YrUbYzg,Hotel Swaran Palace,"15A/33, W.E.A. Ajmal Khan Road, Karol Bagh, Delhi",28.6460689,77.18874290000001,3.8,620.0,Karol Bagh,hotel,
ChIJg4EYhZcCDTkRpG4TeF_9Xtw,ChIJg4EYhZcCDTkRpG4TeF_9Xtw,Hotel Shimla Heritage,"Plot No. 7A, 36, Channa Market, Block 7A, WEA, Karol Bagh, Delhi",28.6460188,77.182965,4.1,880.0,Karol Bagh,hotel,
ChIJa2MsH6MCDTkR2k0d3sh8BGU,ChIJa2MsH6MCDTkR2k0d3sh8BGU,Hotel Madonna,"53 / 7, Old Rajinder Nagar, Rajinder Nagar, New Delhi, Delhi",28.640084,77.184232,3.6,690.0,New Delhi,hotel,
ChIJebj_xJUCDTkRJTp1RhuuXcI,ChIJebj_xJUCDTkRJTp1RhuuXcI,East Inn Patel Nagar Delhi,"11/22, Main Market, Road, East Patel Nagar, New Delhi",28.6453102,77.1726355,3.3,331.0,East Patel Nagar,hotel,
ChIJR8UMrJgCDTkRNFgwNsDuAtI,ChIJR8UMrJgCDTkRNFgwNsDuAtI,Hotel Silver Arc,"17A/6, Block 7, Block 10, WEA, Karol Bagh, Delhi",28.6453128,77.1892575,4.0,407.0,Karol Bagh,hotel,
ChIJUy66hJ79DDkRvKr2xkN1Cms,ChIJUy66hJ79DDkRvKr2xkN1Cms,Hotel Star Villa,"98-99, Krishna Gali, Main Bazar, Kaseru Walan, Paharganj, New Delhi, Delhi",28.6421858,77.2177513,4.3,1190.0,New Delhi,hotel,
ChIJJ0FnHkH9DDkRTSUSlC-IXoo,ChIJJ0FnHkH9DDkRTSUSlC-IXoo,Hotel Golden Oasis Delhi,"901 Chandi Wali Street, Main Bazar Rd, near AXIS bank ATM, New Delhi",28.6417885,77.21487189999999,4.2,2893.0,near AXIS bank ATM,hotel,
ChIJtRHB2kD9DDkRUY0APHYy8cI,ChIJtRHB2kD9DDkRUY0APHYy8cI,Hotel Gold Regency,"4350, Main Bazar Rd, Bagichi Ramchander, Kaseru Walan, Paharganj, New Delhi, Delhi",28.6415426,77.21700659999999,4.9,6545.0,New Delhi,hotel,
ChIJUQbQB0L9DDkR4kMbtnRzQps,ChIJUQbQB0L9DDkR4kMbtnRzQps,Hotel Sun International- Budget Hotel Near New Delhi Railway Station,"7875, Arakashan Rd, Prem Nagar, Ram Nagar, Paharganj, New Delhi",28.6459274,77.2158383,4.0,3107.0,Paharganj,hotel,
ChIJ0yLaR0H9DDkR4ItbT8FxMO8,ChIJ0yLaR0H9DDkR4ItbT8FxMO8,Hotel Shelton,"5043, Main Bazar Rd, near six tooti chowk, Bazar Sangatrashan, Bharat Nagar, Paharganj, New Delhi",28.6409781,77.2131699,3.9,2826.0,Paharganj,hotel,
ChIJsWZJJEH9DDkRLIvrsH_SoIY,ChIJsWZJJEH9DDkRLIvrsH_SoIY,Hotel Hari Piorko,"4775 Main Bazar, Tooti Chowk, near 6, Paharganj, New Delhi",28.6410835,77.2139789,4.1,9885.0,Paharganj,hotel,
ChIJMdyRYz_9DDkR4yFKmyfjev0,ChIJMdyRYz_9DDkR4yFKmyfjev0,Hotel Pink City,"4252, Katra Neel Rd, opposite Railway Station, Ratan Lal Market, Kaseru Walan, Paharganj, New Delhi, Delhi",28.6424354,77.2179791,4.3,2051.0,New Delhi,hotel,
ChIJTWxjE0z9DDkRWK-rr0q_d7w,ChIJTWxjE0z9DDkRWK-rr0q_d7w,Hotel The Magic Tree - Paharganj New Delhi,"1826, 1827, Lakshmi Narayan St, Chuna Mandi, Paharganj, New Delhi",28.6408402,77.2100633,4.3,424.0,Paharganj,hotel,
ChIJfZabjD_9DDkR0siMJiwLzR8,ChIJfZabjD_9DDkR0siMJiwLzR8,Hotel Ajanta - Free Airport Pick Up Service,"8647, Arakashan Rd, Ram Nagar, Paharganj, New Delhi",28.6457644,77.2159437,4.6,4258.0,Paharganj,hotel,
ChIJ_z56lUH9DDkRhf379R0nNTM,ChIJ_z56lUH9DDkRhf379R0nNTM,Hotel Su Shree Continental,"3198/XV, Dispensary Lane, behind Revels Hotel, Bazar Sangatrashan, Ratan Lal Market, Sangatarshan, Paharganj, New Delhi",28.6443789,77.2132405,4.3,3068.0,Paharganj,hotel,
ChIJMxiT1OH9DDkRU1GuGjDKbsU,ChIJMxiT1OH9DDkRU1GuGjDKbsU,The Grand Uddhav,"4953-54, Ramdwara Rd, Bagichi Ramchander, Nehru Bazar, Paharganj, New Delhi",28.6401435,77.2132438,4.0,2563.0,Paharganj,hotel,
ChIJJZbTaLPiDDkR0iCsQ0HteV4,ChIJJZbTaLPiDDkR0iCsQ0HteV4,The Park,"15, Sansad Marg, Hanuman Road Area, Connaught Place, New Delhi",28.6288923,77.2161533,4.0,16236.0,Connaught Place,hotel,
ChIJ52FmthX9DDkRuV3TTavgdAA,ChIJ52FmthX9DDkRuV3TTavgdAA,"Le Roi Delhi Hotel, Paharganj","Railway Station, No.2206, Rajguru Marg, near New Delhi, Bazar Sangatrashan, Chuna Mandi, Paharganj, New Delhi",28.6443155,77.2107089,3.9,3978.0,Paharganj,hotel,
ChIJ832IbC79DDkRxvUL3edYTw4,ChIJ832IbC79DDkRxvUL3edYTw4,Hotel Glow Inn-3 Mins Walking From Ndls,"448, Chandi Wali Gali, Ratan Lal Market, Kaseru Walan, Paharganj, New Delhi",28.6422294,77.21491979999999,3.5,1254.0,Paharganj,hotel,
ChIJC4qlMTf9DDkRhRQpkx58hqI,ChIJC4qlMTf9DDkRhRQpkx58hqI,Hotel Bright,"M – 85, (outer circle) Connaught Place, Opp. Super Bazar, New Delhi",28.6328192,77.22276560000002,4.0,616.0,Opp. Super Bazar,hotel,
ChIJRyNm3GD9DDkRUDuZ6cJXPy4,ChIJRyNm3GD9DDkRUDuZ6cJXPy4,Hotel Prince Palace (The Green),"Part) Gali Thanedar Wali, 5116-17-18, Main Bazar Rd, near MyBar & restaurant, Bharat Nagar, Paharganj, New Delhi",28.6406662,77.21144,3.5,771.0,Paharganj,hotel,
ChIJf_1WQ0H9DDkRRBGIPpYPrC4,ChIJf_1WQ0H9DDkRRBGIPpYPrC4,Cottage Ganga Inn,"1532, Gali, Main Bazar Rd, behind Sams Bar, near R.K Ashram Metro, Bazar Sangatrashan, Paharganj, New Delhi",28.6414701,77.2124614,4.0,595.0,Paharganj,hotel,
ChIJu2YFVjb9DDkR0KTtXpZwXtA,ChIJu2YFVjb9DDkR0KTtXpZwXtA,The Corus Hotel,"B-49, Inner Cir, Block B, Connaught Place, New Delhi",28.6343015,77.2181495,3.7,463.0,Connaught Place,hotel,
ChIJVVVVVWj9DDkRiPICBGicnJk,ChIJVVVVVWj9DDkRiPICBGicnJk,Vishal Hotel,"1575/80, Main Bazar Rd, near khanna cinema, Chuna Mandi, Paharganj, New Delhi",28.6409209,77.21177109999999,3.5,577.0,Paharganj,hotel,
ChIJW0SQRxT9DDkRBGrOcSzO88g,ChIJW0SQRxT9DDkRBGrOcSzO88g,The Leena International- By Haveliya Hotels,"2/3 Main, Desh Bandhu Gupta Rd, Bazar Sangatrashan, Multani Dhanda, Paharganj, New Delhi",28.6456392,77.21133739999999,4.1,427.0,Paharganj,hotel,
ChIJDc1QIUf9DDkRvbhK8u3ZTlg,ChIJDc1QIUf9DDkRvbhK8u3ZTlg,Hotel Bajrang,"4630, Shora Kothi, 4630, Main Bazar Rd, Shora Kothi, Paharganj, New Delhi",28.6408114,77.2152454,3.4,485.0,Paharganj,hotel,
ChIJBz-A1bT9DDkRyCwXhKz5ZC8,ChIJBz-A1bT9DDkRyCwXhKz5ZC8,Hotel Nirmal Mahal,"1519 Gali, Mushtaq Rai Khanna Marg, behind Vivek hotel, Bazar Sangatrashan, Mantola Mohalla, Kaseru Walan, Paharganj, New Delhi",28.6416756,77.2127812,3.9,353.0,Paharganj,hotel,
ChIJf8BWKED9DDkRo0tNpcGElSk,ChIJf8BWKED9DDkRo0tNpcGElSk,Hotel Chanchal Deluxe,"8575, Arakashan Rd, Ram Nagar, Paharganj, New Delhi, Delhi",28.6454001,77.2171211,4.1,936.0,New Delhi,hotel,
ChIJT9rE5V_9DDkRMhhHsDLqGkY,ChIJT9rE5V_9DDkRMhhHsDLqGkY,Hotel Harsha International,"AK-22, Arakashan Rd, Ram Nagar, Paharganj, New Delhi",28.6456915,77.2151787,3.8,218.0,Paharganj,hotel,
ChIJGywLmWv9DDkRnxyK623ysBM,ChIJGywLmWv9DDkRnxyK623ysBM,Hotel Apple Villa @ Paharganj,"5114, Gali Thanedar, behind Sushant Travels private limited, Main Bazar, Bharat Nagar, Paharganj, New Delhi",28.6406594,77.21138669999999,4.0,274.0,Paharganj,hotel,
ChIJW2xl_aT9DDkRXJh6k_z5vC4,ChIJW2xl_aT9DDkRXJh6k_z5vC4,Hotel Ritz,"8567, Arakashan Rd, behind Shiela Cinema, Arya Nagar, Paharganj, New Delhi, Delhi",28.6453256,77.2168793,4.2,607.0,New Delhi,hotel,
ChIJAZTkm0D9DDkRMDezVFMRIKM,ChIJAZTkm0D9DDkRMDezVFMRIKM,The Gold Inn,"4653-54, shors kothi, Main Bazar Rd, Paharganj, New Delhi",28.6409316,77.21491929999999,3.8,705.0,Paharganj,hotel,
ChIJX7ZyGED9DDkRuBBONr3Eijs,ChIJX7ZyGED9DDkRuBBONr3Eijs,Hotel Elegance,"Plot No. 7885, 34, Arakashan Rd, Ram Nagar, Paharganj, Delhi, New Delhi",28.6460905,77.21507849999999,4.0,350.0,Delhi,hotel,
ChIJVT5iTz_9DDkRIMfaom19syQ,ChIJVT5iTz_9DDkRIMfaom19syQ,Hotel Sterling Inn,"442,Chandiwali Gali, Main Bazar Rd, near City Bank ATM, Paharganj, New Delhi",28.6421943,77.2148818,3.8,867.0,Paharganj,hotel,
ChIJV_KLIUD9DDkRyK187fZFk-k,ChIJV_KLIUD9DDkRyK187fZFk-k,Hotel Lav-Kush Deluxe,"7784-7800, Arakashan Rd, Prem Nagar, Ram Nagar, Paharganj, Delhi",28.645767,77.217281,3.9,1353.0,Paharganj,hotel,
ChIJwXk9hdr9DDkR2FSvNa9XuIo,ChIJwXk9hdr9DDkR2FSvNa9XuIo,Kaushal Palace Hotel,"House No 1520-22 Behind Vivek Hotel Sangatrashan Street, Main Bazar Rd, Paharganj, New Delhi",28.641502,77.2126955,3.7,176.0,Paharganj,hotel,
ChIJ3Z8udED9DDkRr00_4ufSiV0,ChIJ3Z8udED9DDkRr00_4ufSiV0,Hotel Palm D'Or,"8595/1, Opp New Delhi Station, Desh Bandhu Gupta Rd, Paharganj, New Delhi",28.6445328,77.21747189999999,3.5,1129.0,Paharganj,hotel,
ChIJ1xMztXH9DDkRrZ5RpRJu8zI,ChIJ1xMztXH9DDkRrZ5RpRJu8zI,Hotel Worth,"22, Krishna Market, Main Bazar Rd, Paharganj, Delhi",28.6403768,77.2103674,4.4,786.0,Paharganj,hotel,
ChIJ7_KbKp4CDTkRuZLvVbQuguc,ChIJ7_KbKp4CDTkRuZLvVbQuguc,Hotel Kingston Park,"Metro Pillar Number 88, Haldiram, 8/5 WEA Block 8 Near, Karol Bagh, New Delhi",28.6453312,77.1923679,3.8,766.0,Karol Bagh,hotel,
ChIJYfoVs1v9DDkRM9L-6Z-zHdg,ChIJYfoVs1v9DDkRM9L-6Z-zHdg,Hotel Klick International,"3357, Gali Hari Mandir, opp. Hotel Chopra International, Ratan Lal Market, Kaseru Walan, Paharganj, New Delhi",28.643408,77.214748,3.1,933.0,Paharganj,hotel,
ChIJU3oKZUD9DDkRkIDqiY8COb0,ChIJU3oKZUD9DDkRkIDqiY8COb0,Hotel Staywell Deluxe,"No. 3499-3500, Desh Bhandu Gupta Road, Ratan Lal Market, Arya Nagar, Paharganj, New Delhi",28.6443112,77.21561009999999,3.9,928.0,Paharganj,hotel,
ChIJAZTkm0D9DDkRAMiy3bHdGCY,ChIJAZTkm0D9DDkRAMiy3bHdGCY,Hotel O By Oyo Silver Palace,"614, Tooti Chowk, near 6, Mantola Mohalla, Kaseru Walan, Paharganj, Delhi, New Delhi",28.641933,77.21324229999999,2.2,1552.0,Delhi,hotel,
ChIJm6x4_EL9DDkR-nogAnARs0Y,ChIJm6x4_EL9DDkR-nogAnARs0Y,Fabstays-Hotel Heritage Inn,"Gali No-08, 2374, Rajguru Marg, near sita ram chole bhature, Chuna Mandi, Paharganj, New Delhi",28.642557,77.21053189999999,3.2,212.0,Paharganj,hotel,
ChIJG7ishgb9DDkRnIrNWT8PfPM,ChIJG7ishgb9DDkRnIrNWT8PfPM,Hotel Shanti Villa,"2466, Hotel shanti villa, 67, Nalwa St, Chuna Mandi, Paharganj, New Delhi",28.6418139,77.2116704,4.1,353.0,Paharganj,hotel,
ChIJ3S7zfJ8CDTkRI1ahIlccS5o,ChIJ3S7zfJ8CDTkRI1ahIlccS5o,"Fabhotel Marble Arch - Hotel In Karol Bagh, New Delhi","Shop No-8/6, W.E.A., Opposite Metro Pillar 88, Pusa Lane, Karol Bagh, New Delhi",28.6452523,77.1927378,3.2,1268.0,Karol Bagh,hotel,
ChIJ14q4-0D9DDkReBdC7Lapp0A,ChIJ14q4-0D9DDkReBdC7Lapp0A,Hotel Dollar Inn,"House No 904 Gali Chandi Wali, Main Bazar Rd, Paharganj",28.641767,77.215041,3.6,266.0,Main Bazar Rd,hotel,
ChIJ7zycekH9DDkRWd8FYsIVT3U,ChIJ7zycekH9DDkRWd8FYsIVT3U,Hotel Mother Palace,"1454, Ranjeet Gali, 1469, Sang Trashan Marg, near Sai baba mandir, Bazar Sangatrashan, Chuna Mandi, Paharganj, New Delhi",28.6423737,77.2124925,4.2,186.0,Paharganj,hotel,
ChIJ69cVdAD9DDkRKbdKKZC9RCA,ChIJ69cVdAD9DDkRKbdKKZC9RCA,Hotel Mayfair,"Tel Mandi, 4201, Ratan Lal Market, Aram Bagh, Paharganj, Delhi",28.6426946,77.2172507,4.1,261.0,Paharganj,hotel,
ChIJuQOV4UP9DDkR_zW0AORu0Os,ChIJuQOV4UP9DDkR_zW0AORu0Os,Hotel Cabana,"2313,Hotel Cabana Behind Imperial Cinema, Chuna Mandi, Paharganj, New Delhi",28.6410212,77.21163059999999,3.6,676.0,Paharganj,hotel,
ChIJ-cFw1QcDDTkRZHlhKN9WUNs,ChIJ-cFw1QcDDTkRZHlhKN9WUNs,Hotel O Delhi,"Metro Pillar No. 88, 8/32, opposite Multi Level Parking, behind Haldirams, Block 8, WEA, Karol Bagh, New Delhi, Delhi",28.6459773,77.1931693,4.4,1031.0,New Delhi,hotel,
ChIJtSaw3HP9DDkR67XUWkcGF0k,ChIJtSaw3HP9DDkR67XUWkcGF0k,Hotel Apple Inn,"8690-8691, Arakashan Rd, near St Anthony school, Arya Nagar, Paharganj, New Delhi",28.6448383,77.2157342,4.2,601.0,Paharganj,hotel,
ChIJq6qqp2r9DDkRR7me8ggUY5A,ChIJq6qqp2r9DDkRR7me8ggUY5A,Hotel Dream Palace @ New Delhi Railway Station,"hotel dream palace, Dream Palace, railway station, arkashan rd, 44, Arakashan Rd, near railway station, Ram Nagar, Paharganj, New Delhi",28.6459509,77.21468399999999,3.4,459.0,Paharganj,hotel,
ChIJFZZ_cMbiDDkRyR0HOWvIml0,ChIJFZZ_cMbiDDkRyR0HOWvIml0,Hotel C Park Inn,"1042, 15, Arya Samaj Rd, Block 27F, Naiwala, Karol Bagh, New Delhi, Delhi",28.6471762,77.19579790000002,4.3,1137.0,New Delhi,hotel,
ChIJLfHmQTf9DDkRvr36v6n2Heg,ChIJLfHmQTf9DDkRvr36v6n2Heg,Hotel Jukaso Down Town,"L1- Block, Middle Circle, Near Metro Staion Gate No. 3 & 4, Connaught Circus, New Delhi",28.6340695,77.2218515,3.4,926.0,Connaught Circus,hotel,
ChIJf7tphKv8DDkRN6Kwn9dLpAI,ChIJf7tphKv8DDkRN6Kwn9dLpAI,Solitaire Hotel,"Metro Station, A 134, 135 & 137, Vikas Marg, opposite Metro Pillar No: 37, near Laxmi Nagar, Veer Savarkar Block, Block A, Shakarpur, New Delhi, Delhi",28.6321012,77.2801732,3.7,732.0,New Delhi,hotel,
ChIJTyMFBar8DDkRR_cmTPi5jkw,ChIJTyMFBar8DDkRR_cmTPi5jkw,"Nirman Vihar Beacon, New Delhi","Metro Station, Plot No. 6, Patparganj Rd, near Nirman Vihar, Veer Savarkar Block, Dayanand Colony, Shakarpur, New Delhi, Delhi",28.6349754,77.2858248,3.9,708.0,New Delhi,hotel,
ChIJ0SRAJy7jDDkRFajeIphw03w,ChIJ0SRAJy7jDDkRFajeIphw03w,Midtown Hotel Delhi,"pillar 44, Metro Station Laxmi Nagar, R-3 F/F,main market R block Shakarpur, opposite Hira Sweets, New Delhi",28.6306151,77.2776023,4.7,567.0,opposite Hira Sweets,hotel,
ChIJixN4GUv9DDkRyd_Iu--GXgU,ChIJixN4GUv9DDkRyd_Iu--GXgU,Hotel Twamev,"69, Block G, Guru Nanak Pura, Laxmi Nagar, New Delhi, Delhi",28.6330787,77.2802707,4.3,627.0,New Delhi,hotel,
ChIJ_TgOBC77DDkRn-cT52fWX4g,ChIJ_TgOBC77DDkRn-cT52fWX4g,The Roseman Hotel & Suites,"Tower S-2, Cloud 9 Towers, Sector-1, Vaishali, Ghaziabad",28.641651,77.33459169999999,3.8,2453.0,Vaishali,hotel,
ChIJAQAAAKHThDkROOHqJK8SqEQ,ChIJAQAAAKHThDkROOHqJK8SqEQ,Lemon Tree Hotel Kaushambi,"East Delhi Mall, Plot No. 1, Anand Vihar, Kaushambi, Ghaziabad",28.6412521,77.31696529999999,4.1,6548.0,Kaushambi,hotel,
ChIJkVWZhsvkDDkRBjzrN61i9fQ,ChIJkVWZhsvkDDkRBjzrN61i9fQ,The Golden Palms Hotel & Spa,"J8H7+PX6 Police Headquarter, opp. East Delhi, I.P.Extension, Patparganj, New Delhi, Delhi",28.6292949,77.31490050000001,3.7,2294.0,New Delhi,hotel,
ChIJSW4lHx7lDDkR2uhhO7q7SH8,ChIJSW4lHx7lDDkR2uhhO7q7SH8,"Red Fox By Lemon Tree Hotels, East Delhi","Community Center, Plot No. 6, Mayur Vihar Phase III, Delhi",28.606904,77.332994,3.9,4254.0,Mayur Vihar Phase III,hotel,
ChIJ9f5mdiv7DDkRq-mRrFelJAo,ChIJ9f5mdiv7DDkRq-mRrFelJAo,"Radisson Blu Hotel, Kaushambi Delhi Ncr","H-3, Modipon Vihar, Sector 14, Kaushambi, Ghaziabad",28.6366854,77.3279336,4.4,29744.0,Kaushambi,hotel,
ChIJSYldhsvkDDkRzAmX8vxgfs0,ChIJSYldhsvkDDkRzAmX8vxgfs0,Park Inn By Radisson New Delhi Ip Extension,"Plot No. 6A, I.P.Extension, Patparganj, New Delhi, Delhi",28.6300461,77.3147027,4.4,8878.0,New Delhi,hotel,
ChIJExG1eyD7DDkRL_OZpZYiyHE,ChIJExG1eyD7DDkRL_OZpZYiyHE,Radisson Blu Towers Kaushambi Delhi Ncr,"Distt, CK II, Sector 14, Kaushambi, Ghaziabad",28.6393561,77.32679569999999,4.7,10551.0,Kaushambi,hotel,
ChIJLXu-o_3kDDkRQFo-tpFQDCk,ChIJLXu-o_3kDDkRQFo-tpFQDCk,Hotel Noida International,"Nagar Complex, Noida Rd, opposite Mercedes Showroom, Jhundpura, Jhundpura Village, Sector 11, Noida",28.5969233,77.3305341,3.6,3319.0,Sector 11,hotel,
ChIJSzkGUSv7DDkR43AJnSSLgjU,ChIJSzkGUSv7DDkR43AJnSSLgjU,Hotel Blue Stone,"Plot no-5, Seemant Vihar Society, Sector 14, Kaushambi, Ghaziabad",28.6340572,77.32679259999999,4.3,2787.0,Kaushambi,hotel,
ChIJPxUsCXj9DDkROxvTLja26mA,ChIJPxUsCXj9DDkROxvTLja26mA,Mannat Inn Hotel Laxmi Nagar,"Pillar No.29, 1/5, near Metro Station, Laxmi Nagar, Delhi",28.6303283,77.2761652,2.7,189.0,Laxmi Nagar,hotel,
ChIJia8n1w7jDDkRB1hLFYhbDH4,ChIJia8n1w7jDDkRB1hLFYhbDH4,Roomshala 121 Hotel Classic,"135/54 F/P, Block B, Sarai Kale Khan, New Delhi",28.5873984,77.25516379999999,3.9,183.0,Sarai Kale Khan,hotel,
ChIJUe6L_IT7DDkRZIuJu1OTSfA,ChIJUe6L_IT7DDkRZIuJu1OTSfA,Green Palms Hotel,"Pacific Mall, Dr Burman Rd, Plot Alpha, Sahibabad Industrial Area Site 4, Sahibabad, Ghaziabad",28.6465644,77.3200581,4.1,459.0,Sahibabad,hotel,
ChIJa2KZCt77DDkRKDW7Yi-oHV0,ChIJa2KZCt77DDkRKDW7Yi-oHV0,Grand Address Hotel & Banquet,"Plot - 1, Sector 3F, Sector 3, Vaishali, Ghaziabad",28.6440793,77.33502349999999,4.4,303.0,Vaishali,hotel,
ChIJtzXjyKv8DDkRasu5QY9A85k,ChIJtzXjyKv8DDkRasu5QY9A85k,Joey'S Hostel Delhi,"1/49 Lalita Park, Laxmi Nagar, Main Vikas Marg, New Delhi",28.6290914,77.27459499999999,4.3,2250.0,Main Vikas Marg,hotel,
ChIJW6btYiX7DDkR-wBnM_9K9bE,ChIJW6btYiX7DDkR-wBnM_9K9bE,Hotel Rousha Inn,"No. 1, Metro Station Gate, D-81, near kaushambi, Anand Vihar, Sahibabad, Ghaziabad",28.6451022,77.3232287,3.9,1030.0,Sahibabad,hotel,
ChIJY_EghyX7DDkRdLZUY8bAyvg,ChIJY_EghyX7DDkRdLZUY8bAyvg,Comfort Inn Grand,"no. 2, Metro Station Gate, Comfort INN Grand, KA-74, near Kaushambi, Kaushambi, Ghaziabad",28.6449432,77.324382,4.4,170.0,Kaushambi,hotel,
ChIJ73aJFo_7DDkRD75wIldcHf4,ChIJ73aJFo_7DDkRD75wIldcHf4,Hotel Green Palace Near Jagatpuri,"H.no.-A3, block A, A3, Anarkali Garden, Jagat Puri, Krishna Nagar, Delhi",28.6469625,77.2922225,2.7,155.0,Krishna Nagar,hotel,
ChIJ6_4lqtj8DDkR5K7EOXYtvCI,ChIJ6_4lqtj8DDkR5K7EOXYtvCI,Hotel Arina Inn,"38, Netaji Subhash Marg, Daryaganj, Delhi",28.6425251,77.240701,3.5,876.0,Daryaganj,hotel,
ChIJP6H9y4PjDDkRCjSUHsc5fjI,ChIJP6H9y4PjDDkRCjSUHsc5fjI,Anand Villa One,"S 164, above MTNL, School Block, Block S1, Part 1, Shakarpur, Delhi",28.6253838,77.2780265,4.6,235.0,Shakarpur,hotel,
ChIJA-zn7S77DDkRXJsksvK3hLw,ChIJA-zn7S77DDkRXJsksvK3hLw,Hotel Rajpath Residency,"D-31, EDM Mall Rd, Bhuapur Village, Kaushambi, Ghaziabad",28.641042,77.324631,3.6,537.0,Kaushambi,hotel,
ChIJDQCwFlb7DDkRc6G99BgmakY,ChIJDQCwFlb7DDkRc6G99BgmakY,East Inn Hotel,"E-364, opp. Metro Piller, Block E, Nirman Vihar, Preet Vihar, Delhi",28.636707,77.2877152,4.2,182.0,Preet Vihar,hotel,
ChIJYYEN1ewHDTkRc3o8PiMnX34,ChIJYYEN1ewHDTkRc3o8PiMnX34,Super Hotel O Raas Near Hira Sweet,"G-79, near Vijay chowk, Block G, Laxmi Nagar, Delhi",28.6336956,77.2811614,3.5,140.0,Laxmi Nagar,hotel,
ChIJ6dIL9O3lDDkR08PFnVJrs1I,ChIJ6dIL9O3lDDkR08PFnVJrs1I,Comfort Inn Hotel,"A-3, Phase 1, Block C, Acharya Niketan, Mayur Vihar, New Delhi, Delhi",28.6085363,77.2934039,3.2,110.0,New Delhi,hotel,
ChIJj9wYgTDjDDkRVGwv1YerDGY,ChIJj9wYgTDjDDkRVGwv1YerDGY,Royal Inn Hotel | Best Hotel In Nizamuddin Railway Station,"429/1, NH-19, Jangpura, Bhogal, Delhi, New Delhi",28.5852964,77.248875,4.6,467.0,Delhi,hotel,
ChIJL9PXUUv7DDkRRafKbKk_-Ts,ChIJL9PXUUv7DDkRRafKbKk_-Ts,Hotel S K Residency,"IP Extension HASANPUR DEPO, near RED CORAL BANQUET, Patparganj, New Delhi",28.6321468,77.3044391,4.0,4.0,Patparganj,hotel,
ChIJc4BAbZoJDTkRKKZrpsVFBFw,ChIJc4BAbZoJDTkRKKZrpsVFBFw,Hotel Beatific Epsilon,"The Beatific, main, Jhajjar Rd, Bahadurgarh, Nuna Majra",28.675451,76.88913,4.6,695.0,Bahadurgarh,hotel,
ChIJPWBpSw0MDTkRIJprdOzTE0U,ChIJPWBpSw0MDTkRIJprdOzTE0U,The Galaxy Resort | Banquet Hall In Bahadurgarh,"4 KM Milestone, Main Jhajjar Road, near Bypass Flyover, Bahadurgarh",28.6740916,76.8885799,4.1,640.0,near Bypass Flyover,hotel,
ChIJcyPwClgJDTkRpkzRG7inG44,ChIJcyPwClgJDTkRpkzRG7inG44,Hotel Royal Choice,"Metro Pillar No - 851, Rohtak Road, near PWD Rest House, Basant Vihar, Bahadurgarh",28.6916457,76.9292835,4.0,686.0,Basant Vihar,hotel,
ChIJZ8qlyNIODTkRGzLMscwXcVg,ChIJZ8qlyNIODTkRGzLMscwXcVg,Hotel Red Huts,"Metro Pillar Number - 873, Delhi Rohtak Corridor, opp. Nehru Park, Nehru Park, Bahadurgarh",28.695007,76.9241511,3.8,1843.0,Nehru Park,hotel,
ChIJqXNAFM4JDTkRv9fJ8SQ8ADM,ChIJqXNAFM4JDTkRv9fJ8SQ8ADM,Red Huts Continental,"Metro Pillar no- 885, Rohtak Road, Mahavir Park, Delhi, Bahadurgarh",28.6962195,76.9210282,4.6,1605.0,Delhi,hotel,
ChIJ1QmSeSYJDTkRiOphuniTwKA,ChIJ1QmSeSYJDTkRiOphuniTwKA,Hotel Raaz A Mystery,"opposite Civil Hospital, Mahavir Park, Bahadurgarh",28.6951849,76.9230975,4.4,33.0,Mahavir Park,hotel,
ChIJVYMKBmgNDTkRj8J6SsyjxSo,ChIJVYMKBmgNDTkRj8J6SsyjxSo,Hotel Krb Greens,"Minerva's West Side Mall, Sector 14, Bahadurgarh",28.6778817,76.89666860000001,4.5,42.0,Sector 14,hotel,
ChIJ95pIbxIMDTkRS4oadXUcB64,ChIJ95pIbxIMDTkRS4oadXUcB64,Hotel Daiwa Avenue 37,"AVENUE 37, HL City Rd, Sector 37, Bahadurgarh",28.67177079999999,76.8988543,3.4,38.0,Sector 37,hotel,
ChIJF8uqIgAJDTkREYIBZj_hsKE,ChIJF8uqIgAJDTkREYIBZj_hsKE,Royal Hotel And Restaurant,"Metro pillar no 874, rohtak facing road, opposite gollar mall, Sector 7, Mahavir Park, Bahadurgarh",28.6949406,76.9235405,4.4,7.0,Mahavir Park,hotel,
ChIJm-_MRdgJDTkRaZlhQn1wdRo,ChIJm-_MRdgJDTkRaZlhQn1wdRo,Star Hotel,"Pillar no 870, Model Town, Bahadurgarh",28.6913756,76.9314064,4.3,12.0,Model Town,hotel,
ChIJqaVBZgAJDTkRUZgxzV0qqI0,ChIJqaVBZgAJDTkRUZgxzV0qqI0,Hotel Sunrise In,"192, Nahara - Nahari Rd, Aggarwal Colony, Bahadurgarh",28.695446,76.933416,4.5,13.0,Aggarwal Colony,hotel,
ChIJp8uY-tEPDTkRouDrF1aZ94A,ChIJp8uY-tEPDTkRouDrF1aZ94A,Hotel Shree Ji,"MW8R+VM6, Najafgarh Bahadurgarh Road, Opp. MCD Toll Tax, Jharoda Border, Delhi",28.6671657,76.9416463,4.1,36.0,Jharoda Border,hotel,
ChIJ80jFb_AJDTkRlQqSwAF8FZs,ChIJ80jFb_AJDTkRlQqSwAF8FZs,Hotel O Sky,"2nd Floor, Plot no.- 11, Main, no 841, Rohtak - Bahadurgarh Rd, opposite Moti Mahal, Bahadurgarh, Delhi",28.6913056,76.93180559999999,5.0,5.0,Bahadurgarh,hotel,
ChIJKW3RBVIJDTkR_BVHmyNVYN4,ChIJKW3RBVIJDTkR_BVHmyNVYN4,Hotel Lyf Suites - Bahadurgarh,"12, Barahi Rd, Basant Vihar, Bahadurgarh",28.6927299,76.92922229999999,3.3,3.0,Basant Vihar,hotel,
ChIJnT-yG1cJDTkR5GYKsn2M7fU,ChIJnT-yG1cJDTkR5GYKsn2M7fU,Deep Hotel & Restaurant,"Mahavir Park, Bahadurgarh",28.6957664,76.9219591,3.6,333.0,Mahavir Park,hotel,
ChIJBbpSm1sJDTkRdKOUL6qnOIY,ChIJBbpSm1sJDTkRdKOUL6qnOIY,Oyo 37822 Deep Hotel And Resturant,"881 Brigadier Hoshiyar Singh metro, Mahavir Park,Metro Pillar no-881, Bahadurgarh",28.6958661,76.92191,3.6,48.0,Metro Pillar no-881,hotel,
ChIJ5XYHAwAJDTkRhk-aK3gljDQ,ChIJ5XYHAwAJDTkRhk-aK3gljDQ,The Empire State,"12, Barahi Rd, Basant Vihar, Bahadurgarh",28.6927299,76.92922229999999,5.0,10.0,Basant Vihar,hotel,
ChIJg301fAMJDTkRf7OGcLE3iAU,ChIJg301fAMJDTkRf7OGcLE3iAU,Hotel Bluebird Bahadurgarh,"MXQ2+W4R, MIE Part-A, Bahadurgarh",28.6901171,76.95032069999999,3.3,94.0,MIE Part-A,hotel,
ChIJYd2edCEPDTkRXh72EOAVeTg,ChIJYd2edCEPDTkRXh72EOAVeTg,Metroview Rooms & Celebration,"Plot no.12 near mcd tolltax, babaharidasnagar, Tikri Kalan, Bahadurgarh",28.6884582,76.9622498,4.3,322.0,Tikri Kalan,hotel,
ChIJy3f9XQAPDTkR9vF3NtOBWoI,ChIJy3f9XQAPDTkR9vF3NtOBWoI,Hotel D Downtown,"MXQ5+7RV, Rohtak Road, border, opposite pillar number 755, near nexa dealership tikri, MIE Part-B, Bahadurgarh",28.6881875,76.95956249999999,4.3,42.0,MIE Part-B,hotel,
ChIJTSydK80ODTkRjEXXevFZBSU,ChIJTSydK80ODTkRjEXXevFZBSU,Oyo 33443 Gateway Inn Hotel,"Rohtak - Delhi Rd, near MIE-7B, MIE Part-B, Bahadurgarh",28.68899,76.9517767,3.3,72.0,MIE Part-B,hotel,
ChIJs1sEqnMPDTkRLnqJlQn-Zs4,ChIJs1sEqnMPDTkRLnqJlQn-Zs4,Flagship Royal Mini Guest House Near Najafgarh Metro Station,"Plot no - 8/2, 9/1, Sai Baba Encl., Masudabad, Najafgarh, Delhi",28.6190858,76.9937843,3.9,75.0,Najafgarh,hotel,
ChIJr-JBHwAPDTkRfQSor5wNRiE,ChIJr-JBHwAPDTkRfQSor5wNRiE,Urban Retreat,"Rohtak - Delhi Rd, MIE Part-B, Delhi, Bahadurgarh",28.6847513,76.9467361,4.9,45.0,Delhi,hotel,
ChIJuf3nLdQODTkRvjBZOc2vxzc,ChIJuf3nLdQODTkRvjBZOc2vxzc,Live Under Del4726,"Tikri Kalan, Delhi",28.685246,76.961113,4.4,39.0,Tikri Kalan,hotel,
ChIJP74sbM4JDTkRYsiyuOAPek8,ChIJP74sbM4JDTkRYsiyuOAPek8,Oyo Metro View,"NH 9, near Mcd Toll Tax, Baba Haridas Nagar, Bahadurgarh, Delhi",28.6885081,76.961754,3.8,71.0,Bahadurgarh,hotel,
ChIJHfSvKvcFDTkR4vGMEzb0wDc,ChIJHfSvKvcFDTkR4vGMEzb0wDc,C-Pearls Hotel And Banquet,"Metro Pillar No. 511, Main Rohtak Rd, above Vishal Mega Mart, West Cabin Block, Mundka, New Delhi, Delhi",28.6826297,77.0337806,3.9,963.0,New Delhi,hotel,
ChIJpfgC7NwFDTkRHExGxyfrvek,ChIJpfgC7NwFDTkRHExGxyfrvek,Hotel O Jps Palace,"A15 Block A, mor metro station gate, 2, Gali Number 8, Block L, Sewak Park, Dwarka, Delhi",28.6260021,77.0386934,2.9,47.0,Dwarka,hotel,
ChIJjWa5JFAPDTkRDAWNgAmRllc,ChIJjWa5JFAPDTkRDAWNgAmRllc,City Park Resort,"Ghevra ,NH-10, Main Rohtak Rd, opp. Metro Pillar Number 631, Mundka, New Delhi",28.6846914,76.9992062,4.3,3738.0,Mundka,hotel,
ChIJIQRNwakFDTkRRR6RxHgzr8M,ChIJIQRNwakFDTkRRR6RxHgzr8M,Hazel Town House,"71/36, Mundka - Bakkarwala Rd, Saini Vihar, Friends Colony, Mundka, New Delhi, Delhi",28.6816807,77.0372202,4.3,73.0,New Delhi,hotel,
ChIJ5QdVesIFDTkR0Q9J7-vqSHw,ChIJ5QdVesIFDTkR0Q9J7-vqSHw,Townhouse Oak Hotel C Pearls,"Main Rohtak Rd, West Cabin Block, Mundka, Delhi",28.6825585,77.0339491,1.6,7.0,Mundka,hotel,
ChIJ_VWw2m0FDTkRNLPQlWkE8Bo,ChIJ_VWw2m0FDTkRNLPQlWkE8Bo,Hotel Shyam Residency,"B-91, Friends Enclave Firani Road, Railway Under Pass, near Balaji Dhawa, Mundka, Delhi",28.686305,77.0268231,2.9,27.0,Mundka,hotel,
ChIJW9pNqsgFDTkRuLtIJdxTt7I,ChIJW9pNqsgFDTkRuLtIJdxTt7I,Oyo 40798 All In One,"A, dwarka, 73, opposite metro pillar no. 822, Hari Vihar, Kakrola, Delhi",28.6172536,77.0231566,3.4,57.0,Kakrola,hotel,
ChIJnxC_F-UDDTkR2a5firDedko,ChIJnxC_F-UDDTkR2a5firDedko,Hotel O Relax Inn,"housing complex, 536, Dwarka Mor, Nishat Park, Sector 15 Dwarka, Kakrola, New Delhi, Delhi",28.618446,77.027863,4.0,9.0,New Delhi,hotel,
ChIJfQMZakYFDTkRoFBxu-hcf6A,ChIJfQMZakYFDTkRoFBxu-hcf6A,Hotel O By Oyo Dwarka Metro,"Hotel, Metro Station Kakrola, RZ-9A, Back of, opp. Dwarka, Nand Vihar, Sector 16A, Dwarka, Delhi",28.6136107,77.0205618,4.3,253.0,Dwarka,hotel,
ChIJQahY2GoFDTkRf9MrvyfY8Wo,ChIJQahY2GoFDTkRf9MrvyfY8Wo,Fabhotel Vihaan Regency,"C, 22/1, Regency, Mohan Garden, Uttam Nagar, New Delhi",28.6206616,77.0424492,3.2,11.0,Uttam Nagar,hotel,
ChIJLcI5v2MFDTkRw_UHGetjG_A,ChIJLcI5v2MFDTkRw_UHGetjG_A,Hotel The Golden Valley,"Pillar no.774, near Dwarka mod metro station, Block C, Sewak Park, Dwarka, Dwarkanull, Delhi",28.618988,77.033739,3.0,7.0,Dwarkanull,hotel,
ChIJs4RS1F8FDTkR5f4f0ryLlWo,ChIJs4RS1F8FDTkR5f4f0ryLlWo,Oyo Flagship Hotel Metro Inn,"plot no 1, Vipin Garden, Najafgarh, road, near SBI, Sector 15 Dwarka, Dwarka, Delhi",28.619423,77.027585,3.1,55.0,Dwarka,hotel,
ChIJH6jGmccFDTkR3zHqyC0B97E,ChIJH6jGmccFDTkR3zHqyC0B97E,Hotel O Star View Hotel Near Dwarka Mor Metro Station,"Mor Metro Station Gate, A10, Gali No 1, Dwarka, Gali No 2, Dwarka, Delhi",28.6184382,77.0326489,2.6,37.0,Dwarka,hotel,
ChIJ7Q6BTxMFDTkRFnrFY18zdcU,ChIJ7Q6BTxMFDTkRFnrFY18zdcU,Oyo Hotel Manali,"Metro Station, 67, More, adjacent Gate Number 2, Block C, Sewak Park, Dwarka, Delhi",28.6186802,77.0332487,3.1,105.0,Dwarka,hotel,
ChIJecUTHEUFDTkR29XTbwIDD8s,ChIJecUTHEUFDTkR29XTbwIDD8s,Oyo 25416 Hotel Dwarka Inn,"dwarka mod, metro station, C15, near honda showroom , pillar no 791, Delhi",28.6071722,77.0328291,3.2,68.0,pillar no 791,hotel,
ChIJPwgrXucFDTkRwjJyjNbunV0,ChIJPwgrXucFDTkRwjJyjNbunV0,Oyo Hotel The Tourist Palace Lavish Key Room'S,"Metro Pillar No 745, A-91, Main Najafgarh RoadOpposite, Mohan Garden, Nawada Extension, Uttam Nagar, Delhi",28.6203402,77.0414682,4.2,5.0,Uttam Nagar,hotel,
ChIJp7nlOVIPDTkRwHE6DmPJcVU,ChIJp7nlOVIPDTkRwHE6DmPJcVU,Oyo Shaurya Guest House Near Nangli Metro Station,"J285+CF4, Ranaji Mandir Rd, Jai Vihar Colony, Masudabad, Najafgarh, Delhi",28.6160108,77.00870660000001,4.2,21.0,Najafgarh,hotel,
ChIJk8AAxBEFDTkRijYHy1lzdPE,ChIJk8AAxBEFDTkRijYHy1lzdPE,Oyo Silverkey,"pillar no 740, Nawada Extension, Nawada, Delhi",28.620262,77.0430104,3.1,59.0,Nawada,hotel,
ChIJk93LUHsFDTkRUXPXSpxy6eE,ChIJk93LUHsFDTkRUXPXSpxy6eE,Oyo Flagship Dwarka Mor Metro Hotel,"Tehsil, 306, Patel Garden, Block A, Sewak Park, Patel Nagar, Delhi",28.6188986,77.0305128,2.2,10.0,Patel Nagar,hotel,
ChIJW5do3zkFDTkR4EgaTWFczG0,ChIJW5do3zkFDTkR4EgaTWFczG0,Tony Inn Hotel,"404, Bhera Enclave, Paschim Vihar, New Delhi, Delhi",28.6694976,77.0918508,4.1,503.0,New Delhi,hotel,
ChIJed7_0FcFDTkR-gZawBKRXdQ,ChIJed7_0FcFDTkR-gZawBKRXdQ,"Clay Inn Hotels, Paschim Vihar","A -331, Nilothi - Meera Bagh Rd, Block A, Red Light, Paschim Vihar, Delhi",28.6603543,77.0911043,4.1,572.0,Paschim Vihar,hotel,
ChIJFzlAtHoEDTkRWL-rjvV_XKE,ChIJFzlAtHoEDTkRWL-rjvV_XKE,"Radisson Blu Hotel, New Delhi Paschim Vihar","Outer Ring Rd, Sunder Vihar, Paschim Vihar, New Delhi, Delhi",28.6672398,77.0915818,4.4,27921.0,New Delhi,hotel,
ChIJ_RzqqisFDTkRYxg7FcLYFkg,ChIJ_RzqqisFDTkRYxg7FcLYFkg,Hotel Western Blu,"A7, Shubham Enclave, Reserve Bank Enclave, Paschim Vihar, New Delhi, Delhi",28.668067,77.09320079999999,4.5,601.0,New Delhi,hotel,
ChIJsehXBLEFDTkRRnCG_Agg_HY,ChIJsehXBLEFDTkRRnCG_Agg_HY,Hotel Comfort Inn,"74/3/8 khasra, Street No. 4, near Soniya hospital, Gulshan Park, Mundka, Delhi",28.6832966,77.0525542,4.2,47.0,Mundka,hotel,
ChIJHyrrFgYFDTkRCzPiQ2YZTo8,ChIJHyrrFgYFDTkRCzPiQ2YZTo8,Flagship Chahal Guest House Near Nangloi Railway Station Metro Station,"100 G-77, Nr. Nangloi railway metro station, Beside Sonia Hospital",28.6833492,77.05140209999999,3.8,776.0,Nr. Nangloi railway metro station,hotel,
ChIJ_5Hg9YIFDTkRXwEXjrDM4mM,ChIJ_5Hg9YIFDTkRXwEXjrDM4mM,The Royal Retreat Hotel,"A-333, Nilothi - Meera Bagh Rd, opposite SBI Bank, near Jana Small finance Bank, Block A, Meera Bagh, Paschim Vihar, Delhi",28.6602124,77.09110179999999,4.2,65.0,Paschim Vihar,hotel,
ChIJXdmXL30EDTkR5YJTrNiByBs,ChIJXdmXL30EDTkR5YJTrNiByBs,Hotel Picasso - Paschim Vihar,"B-374, Outer Ring Rd, Block B, Meera Bagh, Paschim Vihar, Delhi",28.6593956,77.0917202,4.1,1157.0,Paschim Vihar,hotel,
ChIJPQR11mkEDTkRFscLu0VKDTE,ChIJPQR11mkEDTkRFscLu0VKDTE,Twamev Residency,"near Sai Baba Mandir Road, PVC Market, Jawalapuri Extension, Paschim Vihar, Delhi",28.6704588,77.0794959,4.5,159.0,Paschim Vihar,hotel,
ChIJTfkiOAcFDTkRL9cLd2gw-Fw,ChIJTfkiOAcFDTkRL9cLd2gw-Fw,Hotel Millions,"3rd floor, Metro Station Nangloi, opposite Nangloi, Dharam Colony, JJ Colony No 1, Nangloi, Delhi",28.6823838,77.0648561,4.8,27.0,Nangloi,hotel,
ChIJ83sN18QEDTkR8THDqjoDwF8,ChIJ83sN18QEDTkR8THDqjoDwF8,Qotel Signature Coleman Janakpuri,"298, Block A1, Asalatpur Khadar, New Delhi, Delhi",28.62364,77.06857900000001,4.4,502.0,New Delhi,hotel,
ChIJ_9rw7eAFDTkRqnPuRhVAmcE,ChIJ_9rw7eAFDTkRqnPuRhVAmcE,Hotel O Blue Sky,"above bikaner cornerwala, Bhera Enclave, Paschim Vihar, Delhi",28.6700268,77.0878025,3.4,46.0,Paschim Vihar,hotel,
ChIJOdNvnNkFDTkRX4MD2_JUXeQ,ChIJOdNvnNkFDTkRX4MD2_JUXeQ,Hotel O The Paradise Inn,"A 110 , Umrav singh complex 3rd floor pillar number 374 near nangloi chowk new Delhi, 56, Delhi",28.682306,77.06863899999999,2.5,8.0,56,hotel,
ChIJD52m02gEDTkRjAvSWtdaO2E,ChIJD52m02gEDTkRjAvSWtdaO2E,Swastik Residency Paschimvihar By Twamev,"Guru Harkishan Nagar, Paschim Vihar, New Delhi, Delhi",28.67037899999999,77.08502399999999,4.9,76.0,New Delhi,hotel,
ChIJc2maTQAFDTkRh3AjPkXjtts,ChIJc2maTQAFDTkRh3AjPkXjtts,Hotel Classic Inn,"Najafgarh Rd, near Hanuman Mandir, Adhyapak Nagar, Kamruddin Nagar, Delhi",28.6685047,77.0560338,3.5,27.0,Kamruddin Nagar,hotel,
ChIJg4R_9YMFDTkRyOFMO5N_XAk,ChIJg4R_9YMFDTkRyOFMO5N_XAk,Fabhotel 19 West,"Rr-19, Main Rohtak Rd, Block RR, Mianwali Nagar, Paschim Vihar, New Delhi, Delhi",28.680178,77.085008,4.3,18.0,New Delhi,hotel,
ChIJpwL5yooFDTkRP-ehRCXFN38,ChIJpwL5yooFDTkRP-ehRCXFN38,Hotel O By Oyo Ar Residency,"405, First floor, Site 1 Pillar number 623, Shankar Garden, Vikaspuri, Delhi",28.627553,77.070556,4.2,86.0,Vikaspuri,hotel,
ChIJ6-1znNsFDTkRm7yVEo8cwTc,ChIJ6-1znNsFDTkRm7yVEo8cwTc,Fabhotel Moro Paschim Vihar,"74 Plot no, 74, National Market School Rd, near Naginlake Apartment, Bhera Enclave, Paschim Vihar, New Delhi, Delhi",28.6733327,77.09177009999999,4.2,341.0,New Delhi,hotel,
ChIJh58T-3wHDTkRAf1MFbIVc2Y,ChIJh58T-3wHDTkRAf1MFbIVc2Y,Super Hotel O Raas Near Near Paschim Vihar,"M -113, Guru Harkishan Nagar, Paschim Vihar, Delhi",28.6702656,77.0867033,3.3,83.0,Paschim Vihar,hotel,
ChIJBzhabYMFDTkRwDDnvz1r_Ms,ChIJBzhabYMFDTkRwDDnvz1r_Ms,Hotel Primeland,"B2B, 9, near Dharam Marg, Block B 2B, Janakpuri, New Delhi, Delhi",28.6328525,77.0906756,3.9,217.0,New Delhi,hotel,
ChIJ1SaUP0obDTkRbBiVtIz-s3A,ChIJ1SaUP0obDTkRbBiVtIz-s3A,Treebo Elegant Palace,"Second Floor, F-3, near Dabri - Palam Road, Main Shiv Market, Block A 1, Vijay Enclave, Mahavir Enclave, New Delhi, Delhi",28.6059511,77.0811473,3.7,76.0,New Delhi,hotel,
ChIJ64ybpDgFDTkRNm-JNcbqCuE,ChIJ64ybpDgFDTkRNm-JNcbqCuE,Saltstayz Premier - Paschim Vihar,"A-341, Block A, Meera Bagh, Paschim Vihar, Delhi",28.65919,77.0908998,4.6,537.0,Paschim Vihar,hotel,
ChIJaxDfKpMEDTkRrRoIsuSSnSM,ChIJaxDfKpMEDTkRrRoIsuSSnSM,Pelican,"J 15, near more super market, Block J, Vikaspuri, New Delhi, Delhi",28.6415665,77.0795452,3.8,130.0,New Delhi,hotel,
ChIJe3A-xMkEDTkR1g2PS6vXF5k,ChIJe3A-xMkEDTkR1g2PS6vXF5k,Desire Courtyard,"C1/1 Janakpuri, Pankha Rd, next to Bite Bikenar, side, New Delhi",28.6176209,77.07834509999999,4.5,158.0,side,hotel,
ChIJgSk2NVIFDTkRfuvFZDMRVkU,ChIJgSk2NVIFDTkRfuvFZDMRVkU,Western Blu Inn,"A-6, A1 Rd, Shubham Enclave, Reserve Bank Enclave, Paschim Vihar, Delhi",28.6678623,77.0932122,4.0,29.0,Paschim Vihar,hotel,
ChIJoRD2ulIbDTkRSe133WMqhaI,ChIJoRD2ulIbDTkRSe133WMqhaI,Rr Residency,"Laxmi Bangali Sweets Wali Gali More, RZ 80 Raghu Nagar Gali No 3, Pankha Rd, Dabri, New Delhi, Delhi",28.6113532,77.0895142,4.1,363.0,New Delhi,hotel,
ChIJ6VKu20AFDTkR0gckv0FCS3M,ChIJ6VKu20AFDTkR0gckv0FCS3M,Hotel O By Oyo Comfort,"74/3/8 khasra, Street No. 4, near Soniya hospital, Assam Timber Market, Gulshan Park, Mundka, Delhi",28.684503,77.0440189,4.5,23.0,Mundka,hotel,
ChIJ78FO7agFDTkRWu2o8J3LbLE,ChIJ78FO7agFDTkRWu2o8J3LbLE,Hotel O Plus One Hotel Residency,"Matiala Extension, Sukh Ram Park, Nagar, Delhi",28.6145183,77.04675859999999,3.0,214.0,Nagar,hotel,
ChIJ5XqZzjwFDTkRMQgkRgFzsz4,ChIJ5XqZzjwFDTkRMQgkRgFzsz4,Hotel Down Town,"A-17, opposite to RADISSON BLU HOTEL, Shubham Enclave, Reserve Bank Enclave, Paschim Vihar, New Delhi, Delhi",28.6689607,77.0932854,4.9,187.0,New Delhi,hotel,
ChIJmQYnvXEEDTkR0r7CgDsyI6Q,ChIJmQYnvXEEDTkR0r7CgDsyI6Q,Satyam Banquet & Hotel,"Dr KB Hegdewar Marg, Bhera Enclave, Paschim Vihar, New Delhi, Delhi",28.6726304,77.09305440000001,4.0,482.0,New Delhi,hotel,
ChIJVSz7rbgFDTkR72aXE2MlSsY,ChIJVSz7rbgFDTkR72aXE2MlSsY,Hotel 7 Star,"309, Block, Block 9, Sunder Vihar, Paschim Vihar, Delhi",28.6611864,77.0884065,4.8,188.0,Paschim Vihar,hotel,
ChIJqaoxLsUEDTkR-NjBX_zkwmo,ChIJqaoxLsUEDTkR-NjBX_zkwmo,Hotel Twamev Residency Uttam Nagar,"Twamev residency, Pankha Rd, Indra Park Extension, Indra Park, Ram Datt Enclave, Uttam Nagar, New Delhi, Delhi",28.6221834,77.06818009999999,4.5,506.0,New Delhi,hotel,
ChIJC5Q-kVUFDTkRJw9wSqEzoKY,ChIJC5Q-kVUFDTkRJw9wSqEzoKY,Hotel O Jps Lux,"487/5, Bhatnagar international School, BlockC, National Market, Mianwali Nagar, Paschim Vihar, Delhi",28.67412689999999,77.08828880000002,1.7,35.0,Paschim Vihar,hotel,
ChIJ3btan6QFDTkRqEJyaQ20wag,ChIJ3btan6QFDTkRqEJyaQ20wag,Hotel Allen Stay’S,"Uttam Nagar West, Block D, Uttam Nagar, Delhi",28.6222891,77.0588958,4.7,102.0,Uttam Nagar,hotel,
ChIJKSxZzWIEDTkRrhjAZD1JDX4,ChIJKSxZzWIEDTkRrhjAZD1JDX4,Hotel Lexus,"Metro Pillar No. 14, A-343, Block A, Meera Bagh, Paschim Vihar, New Delhi, Delhi",28.6591648,77.090902,4.6,159.0,New Delhi,hotel,
ChIJD6eyOWkEDTkRa5DoupugiDg,ChIJD6eyOWkEDTkRa5DoupugiDg,Parkash'S Bed And Breakfast,"M-279, Guru Harkishan Nagar, Paschim Vihar, New Delhi, Delhi",28.6721981,77.0842395,3.8,185.0,New Delhi,hotel,
ChIJF89697MFDTkRfrH0O-4wLtg,ChIJF89697MFDTkRfrH0O-4wLtg,Hotel O Mannat Bhera Enclave,"M-131, Guru Harikisan Nagar, Bhera Enclave, Paschim Vihar, Delhi",28.6702812,77.0847666,4.0,53.0,Paschim Vihar,hotel,
ChIJFT-i-PoDDTkRrnWEgdqRMJc,ChIJFT-i-PoDDTkRrnWEgdqRMJc,Hotel Yellow Chilli Britannia Chowk- Couple Friendly Local Id Accepted,"518, opposite Ram Mandir, Shree Nagar, Srinagar Garden, Shakurpur, Delhi",28.684523,77.1399716,4.3,431.0,Shakurpur,hotel,
ChIJlVva8wIDDTkROmiajVKodCw,ChIJlVva8wIDDTkROmiajVKodCw,Hotel Royal Saffron - Kirti Nagar,"Block B, 11-A, Kirti Nagar Main Rd, Black B, Namdhari Colony, Kirti Nagar, New Delhi, Delhi",28.6539573,77.1369898,4.1,544.0,New Delhi,hotel,
ChIJf-ojjVkDDTkRA5rECogctuM,ChIJf-ojjVkDDTkRA5rECogctuM,Qotel Comfort Golden Saffron Punjabi Bagh,"C, 71A, Shivaji Park Rd, Shivaji Park, Block S, West Punjabi Bagh, Punjabi Bagh, Delhi",28.67445519999999,77.12919,4.5,1472.0,Punjabi Bagh,hotel,
ChIJkcJp03YDDTkRH88qPNzHLkw,ChIJkcJp03YDDTkRH88qPNzHLkw,Hotel Eternity,"B-40, near Road Number 28, Block B, Vishal Enclave, Rajouri Garden, New Delhi, Delhi",28.6539586,77.1173219,4.1,923.0,New Delhi,hotel,
ChIJz6cFNNcDDTkR2sR2snMfXUM,ChIJz6cFNNcDDTkR2sR2snMfXUM,Ramada By Wyndham New Delhi Pitampura,"Plot No 10, Rd Number 42, Co-operative Group Housing Societies Pitampura, Pitampura, New Delhi, Delhi",28.6908752,77.1200416,3.8,2778.0,New Delhi,hotel,
ChIJd5LhshIDDTkRPxoMyHG_tgA,ChIJd5LhshIDDTkRPxoMyHG_tgA,Twamev Rajouri Garden By The Arrow,"metro station, Block A2, Block A, Rajouri Garden, New Delhi, Delhi",28.648087,77.125615,4.7,294.0,New Delhi,hotel,
ChIJM5oBwCkDDTkRcugcLbFClE8,ChIJM5oBwCkDDTkRcugcLbFClE8,Hotel Silver Saffron Paschim Vihar New Delhi,"A-1/4, near Metro Station Peera Garhi, A1 Block Paschim Vihar, A 2 Block, Paschim Vihar, New Delhi, Delhi",28.6788554,77.0974397,4.2,761.0,New Delhi,hotel,
ChIJPWZW_gkEDTkRvJ3DTtFoPVQ,ChIJPWZW_gkEDTkRvJ3DTtFoPVQ,"Hotel La, New Delhi","Road No - 43, Community Center, Plot A-1 & A-2, Mahaveer Hospital Road, nr. West Enclave, Mangolpuri Industrial Area Phase II, Phase 2, Pocket D, Industrial Area, Pitampura, New Delhi, Delhi",28.68698,77.10218689999999,4.0,3619.0,New Delhi,hotel,
ChIJQb2D4b8DDTkRq0dRnD7Y1VI,ChIJQb2D4b8DDTkRq0dRnD7Y1VI,Super Townhouse Grand Pacific Ocean,"Hotel grand pacific Ocean, Metro station, WZ 3, Chaudhary Tyagi Marg, near Moti Nagar, opposite Metro Pillar Number 323, Moti Nagar, Kailash Park, Basai Dara pur, Moti Nagar, Delhi",28.6568697,77.1377443,2.6,575.0,Moti Nagar,hotel,
ChIJ_XfWkV0DDTkRV-MWftStFZY,ChIJ_XfWkV0DDTkRV-MWftStFZY,Hotel The Luxe,"KH No-288, H.No-301 7-A, Plot No-26, near M2K Cinema, Sant Nagar, Rani Bagh, Delhi",28.6893289,77.1329161,4.8,49.0,Rani Bagh,hotel,
ChIJVyec7RQDDTkR4XxDwRD94Aw,ChIJVyec7RQDDTkR4XxDwRD94Aw,Hotel Home Stay Residency,"2nd floor, H.No. 4, B/15, next to Hadiram, Tilak Nagar, Delhi",28.6390806,77.1008636,4.4,9.0,Tilak Nagar,hotel,
ChIJD-BZ3TMDDTkRXdT-qrMpMYY,ChIJD-BZ3TMDDTkRXdT-qrMpMYY,Hotel Aman Deluxe,"A 30-31, Vishal Enclave, RAJOURI GARDEN, Tagore Garden Extension, New Delhi",28.6495134,77.12062039999999,3.5,702.0,Tagore Garden Extension,hotel,
ChIJI18Xu_8DDTkRFoel4lHlmjQ,ChIJI18Xu_8DDTkRFoel4lHlmjQ,Hotel Park View Rani Bagh Pitampura,"120, Shakti Vihar, Pitampura, Delhi",28.6920767,77.1306602,4.5,98.0,Pitampura,hotel,
ChIJx5sJWL8DDTkRLnwjpzfKFV0,ChIJx5sJWL8DDTkRLnwjpzfKFV0,The Castle Bed And Breakfast,"884, Rani Bagh Rd, near Punjab and Sindh Bank, Multani Mohalla, Rani Bagh, Pitampura, New Delhi, Delhi",28.6840083,77.1305496,3.7,92.0,New Delhi,hotel,
ChIJSS6OdLcFDTkRIf0z1kCxSfw,ChIJSS6OdLcFDTkRIf0z1kCxSfw,Udupi Hotel,"8A, DDA Community Center, Friends Tower, A 2B Block, Paschim Vihar, New Delhi, Delhi",28.6692723,77.10086179999999,4.5,36.0,New Delhi,hotel,
ChIJw2f9Y3YDDTkR7XalAEXGCGI,ChIJw2f9Y3YDDTkR7XalAEXGCGI,Fabhotel Grand Palazzo I,"2nd Floor, GN-4, Shivaji Enclave, Tagore Garden Extension, New Delhi, Delhi",28.65483,77.1199,4.6,95.0,New Delhi,hotel,
ChIJnSdHCZYDDTkR_BE827TPifk,ChIJnSdHCZYDDTkR_BE827TPifk,Hotel Royal Saffron By Majesta Stays,"Black B, 11-A, Kirti Nagar Main Rd, Black B, Namdhari Colony, Kirti Nagar, New Delhi, Delhi",28.6540333,77.1369759,4.7,236.0,New Delhi,hotel,
ChIJoXCAC4UCDTkR74kNa9O7gqI,ChIJoXCAC4UCDTkR74kNa9O7gqI,Hotel Sunshine Delhi,"17B, 21, Desh Bandhu Gupta Rd, behind MCD office Karol Bagh, Christian Colony, Block 17 B, Dev Nagar, Karol Bagh, Delhi",28.6577125,77.1828723,3.9,1565.0,Karol Bagh,hotel,
ChIJJ_yccvHhDDkRZT2M9nML5Y8,ChIJJ_yccvHhDDkRZT2M9nML5Y8,Golden Keys Inn,"B-2/15, Ambedkar Chowk, Ashok Vihar II, Pocket B 2, Phase 2, Ashok Vihar, New Delhi, Delhi",28.6913447,77.17642339999999,4.0,793.0,New Delhi,hotel,
ChIJfQEtoOsCDTkRZ6-PHF1QCG4,ChIJfQEtoOsCDTkRZ6-PHF1QCG4,Hotel Golden Grand,"202-203, Patel Rd, opp. METRO PILLAR NO, Block 1, East Patel Nagar, Patel Nagar, New Delhi, Delhi",28.6474807,77.1657585,4.1,1729.0,New Delhi,hotel,
ChIJUQAAACQCDTkROgV0toDmdlM,ChIJUQAAACQCDTkROgV0toDmdlM,Traditional Inn,"A 248, near Police Station, Bharat Nagar, Phase 4, Ashok Vihar IV, Ashok Vihar, New Delhi, Delhi",28.6825928,77.1751103,3.8,346.0,New Delhi,hotel,
ChIJe2r3TGoDDTkRE13K07ETc9I,ChIJe2r3TGoDDTkRE13K07ETc9I,Hotel B Continental,"8/14, Abdul Aziz Rd, Block 8, WEA, Karol Bagh, New Delhi, Delhi",28.6459992,77.192371,4.0,654.0,New Delhi,hotel,
ChIJ5xMxsdwDDTkRmPBTgKIUMbo,ChIJ5xMxsdwDDTkRmPBTgKIUMbo,Hotel The Gold Inn Karol Bagh,"12A/24, Block 12A, WEA, Karol Bagh, New Delhi, Delhi",28.6472154,77.1875211,4.5,321.0,New Delhi,hotel,
ChIJ3X0NsjECDTkRYoNaNClVwuE,ChIJ3X0NsjECDTkRYoNaNClVwuE,Hotel Lagoona And Banquet Hall,"Block C5, 13, behind Punjab Kesri, Block C5, Keshav Puram, Tri Nagar, New Delhi, Delhi",28.6960856,77.15735719999999,4.6,62.0,New Delhi,hotel,
ChIJ5X1AVYMCDTkRuXIfnpUxxSE,ChIJ5X1AVYMCDTkRuXIfnpUxxSE,Hotel Orchid Garden,"Plot No. 51, 1, Desh Bandhu Gupta Rd, Block 51, P&T Quarters, Karol Bagh, Delhi",28.6551558,77.1888843,3.8,707.0,Karol Bagh,hotel,
ChIJZV2pMp4CDTkRKjabTG-yEYc,ChIJZV2pMp4CDTkRKjabTG-yEYc,Hotel Tjs Grand,"16/7, opp. Satbhranwan School Road, Block 16, WEA, Karol Bagh, New Delhi, Delhi",28.6469149,77.1937506,3.4,513.0,New Delhi,hotel,
ChIJcxohOZ4CDTkR96khe3coRkg,ChIJcxohOZ4CDTkR96khe3coRkg,Hotel Benz International,"10175/1, W.E.A. karol bagh, new delhi-110005, behind bikanerwala, Delhi",28.6472944,77.1927872,3.5,498.0,behind bikanerwala,hotel,
ChIJ8Z_NJZ4DDTkReip6lwx436M,ChIJ8Z_NJZ4DDTkReip6lwx436M,Qotel Comfort Ashok Vihar,"A-2, Swami Narayan Rd, Block A, Phase 3, Ashok Vihar, Delhi",28.6843312,77.1826059,4.7,437.0,Ashok Vihar,hotel,
ChIJ9bGyTpwCDTkRUo-2hSFXffA,ChIJ9bGyTpwCDTkRUo-2hSFXffA,Hotel Krishna Palace,"4/36, W.E.A., Saraswati Marg, Karol Bagh, New Delhi",28.6485623,77.1876843,3.7,166.0,Karol Bagh,hotel,
ChIJadUD2mn9DDkR9T7bQcD1ErY,ChIJadUD2mn9DDkR9T7bQcD1ErY,Hotel Toronto,"Plot No. 10072, Central, 1, Multani Dhanda, Paharganj, New Delhi",28.6463864,77.20895519999999,3.8,1763.0,Paharganj,hotel,
ChIJKzbCdWv9DDkRY_EAFQaTaYc,ChIJKzbCdWv9DDkRY_EAFQaTaYc,Hotel Dreamland Dx Pahargnj,"8186/6 Gali No- 6 Arakashan Road Arya nagar, Multani Dhanda, New Delhi",28.6468761,77.212434,4.2,643.0,Multani Dhanda,hotel,
ChIJBS-HCGL9DDkRnvfrMTf9pDM,ChIJBS-HCGL9DDkRnvfrMTf9pDM,Hotel Bb Palace,"2638-2642, Bank Street, Gurudwara Rd, Karol Bagh, New Delhi",28.6508509,77.19476209999999,3.7,947.0,Karol Bagh,hotel,
ChIJq6qqp2r9DDkRJyXBgGO3brI,ChIJq6qqp2r9DDkRJyXBgGO3brI,Hotel Roma Deluxe,"8165, Arakashan Rd, Ram Nagar, Paharganj, New Delhi",28.646357,77.2135758,2.8,617.0,Paharganj,hotel,
ChIJUXQfIkD9DDkRcVucp8aFAD8,ChIJUXQfIkD9DDkRcVucp8aFAD8,Hotel Woodland Deluxe,"8235, 6, Arakashan Rd, Multani Dhanda, Paharganj, New Delhi",28.6467804,77.2126294,4.1,1752.0,Paharganj,hotel,
ChIJ3biBSov9DDkRTqlRipFxhOk,ChIJ3biBSov9DDkRTqlRipFxhOk,Flagship Kashish Residency Hotel Delhi,"Single Storey, G 17, Block G, Vijay Nagar, Delhi",28.6947993,77.2036893,2.2,97.0,Vijay Nagar,hotel,
ChIJV_KLIUD9DDkRW62Ipndqqnw,ChIJV_KLIUD9DDkRW62Ipndqqnw,Hotel Maharani Lodge,"Railway Station, 32, Ram Nagar, Arakashan Rd, near New Delhi, Arya Nagar, Paharganj, New Delhi",28.6461199,77.21485369999999,3.1,903.0,Paharganj,hotel,
ChIJTelod2r9DDkRNcR4Skjiyg4,ChIJTelod2r9DDkRNcR4Skjiyg4,Hotel Delhi Regency,"8184-85, Hotel Delhi Regency, Arakashan Rd, Multani Dhanda, Paharganj, New Delhi",28.6468514,77.2125164,3.6,601.0,Paharganj,hotel,
ChIJH91iSw79DDkRRbRLxoos7LI,ChIJH91iSw79DDkRRbRLxoos7LI,Hotel Amrit,"Near, Bus Stand Railway Station, opposite Fathehpuri, 855, Shyama Prasad Mukherjee Marg, Old Delhi, Delhi",28.6601641,77.22238949999999,3.6,431.0,Old Delhi,hotel,
ChIJq30zq979DDkRSrt4pkT7aSM,ChIJq30zq979DDkRSrt4pkT7aSM,Best Western Darbar,"9015-17, Desh Bandhu Gupta Rd, Bazar Sangatrashan, Multani Dhanda, Paharganj, New Delhi",28.6458869,77.2105089,4.2,706.0,Paharganj,hotel,
ChIJsRPVdQ79DDkR_oNDxRA6InE,ChIJsRPVdQ79DDkR_oNDxRA6InE,Hotel Le Mem,"railway station, Church Mission Rd, opposite old delhi, Cloth Market, Katra Ghel, Khari Baoli, Chandni Chowk, Delhi",28.66006699999999,77.2234812,3.5,1628.0,Chandni Chowk,hotel,
ChIJf7d4Yt36DDkRGKQZ09p4zI0,ChIJf7d4Yt36DDkRGKQZ09p4zI0,Banana Tree Hotel & Banquets,"Plot No. 14, 2, Plot Alpha, Sahibabad Industrial Area Site 4, Sahibabad, Ghaziabad",28.6613826,77.3349021,3.9,4395.0,Sahibabad,hotel,
ChIJKd2x_m37DDkR7eEb4D5R3GM,ChIJKd2x_m37DDkR7eEb4D5R3GM,Ginger East Delhi,"DDA Community Center, East End Club Delhi, Block C, Surajmal Vihar, New Delhi, Delhi",28.6656954,77.3037911,4.0,4907.0,New Delhi,hotel,
ChIJk4_wGzL7DDkR7ryPrhtrJuw,ChIJk4_wGzL7DDkR7ryPrhtrJuw,Qotel Comfort At Residency Kaushambi,"Plot No. D75, Sahibabad, Ghaziabad",28.6450165,77.32212679999999,3.9,2244.0,Sahibabad,hotel,
ChIJAQCTgEP7DDkR8z4l4Lv6Uhc,ChIJAQCTgEP7DDkR8z4l4Lv6Uhc,Ip Royal Hotel,"Plot No 46, Gate Number 1 Rd, near YAMUNA SPORTS COMPLEX, opp. Bharat Petroleum, Ram Vihar, Anand Vihar, New Delhi, Delhi",28.6585218,77.3103397,4.3,737.0,New Delhi,hotel,
ChIJq7-D7G77DDkR93Czw_SxpJ4,ChIJq7-D7G77DDkR93Czw_SxpJ4,The Leela Ambience Convention Hotel Delhi,"1, CBD, Maharaja Surajmal Marg, near YAMUNA SPORTS COMPLEX, Vishwas Nagar Extension, Vishwas Nagar, Shahdara, Delhi",28.6623572,77.3020918,4.5,23343.0,Shahdara,hotel,
ChIJtYbaLgD7DDkRnGLGPEVaYt0,ChIJtYbaLgD7DDkRnGLGPEVaYt0,Hotel Grand Arcasia Karkardooma - Anand Vihar,"20, Gagan Vihar, Krishna Nagar, New Delhi, Delhi",28.6459633,77.2966491,4.6,590.0,New Delhi,hotel,
ChIJYxr1NN_7DDkRDUsJ4DgCEyw,ChIJYxr1NN_7DDkRDUsJ4DgCEyw,Townhouse Dilshad Garden Near Dilshad Garden Metro Station,"D/59, Dilshad Colony Rd, Pocket E, Dilshad Colony New Simapuri, Dilshad Colony, Delhi",28.6878729,77.3239409,2.8,766.0,Dilshad Colony,hotel,
ChIJo_EVHzH7DDkRq0dEqPdaQ04,ChIJo_EVHzH7DDkRq0dEqPdaQ04,"Country Inn & Suites By Radisson, Sahibabad, Distt Ghaziabad (U.P.)","64/6, Site 4, Sahibabad Industrial Area Site 4, Sahibabad, Ghaziabad",28.6542459,77.3437423,4.6,40390.0,Sahibabad,hotel,
ChIJ3VgjA3L7DDkRMlHJajqQ8xA,ChIJ3VgjA3L7DDkRMlHJajqQ8xA,"Fortune Park, East Delhi - Member Itc Hotels' Group","Fortune Plot D, DDA Community Center, opp. to East End Club Delhi, Block C, Surajmal Vihar, New Delhi, Delhi",28.6654154,77.3037925,4.7,1138.0,New Delhi,hotel,
ChIJRz8fTtb7DDkR35WthLi8XWg,ChIJRz8fTtb7DDkR35WthLi8XWg,Hotel O Green Villa,"C-61, above S B I Bank, near Kosmos Hospital, Surya Niketan, Anand Vihar, New Delhi, Delhi",28.6548314,77.3101436,2.4,97.0,New Delhi,hotel,
ChIJoUe5i936DDkRrglOagh-Tcc,ChIJoUe5i936DDkRrglOagh-Tcc,L'Elegant Hotel & Banquets (Ace Manor),"1/5, Maharajpur, Sahibabad Industrial Area Site 4, Sahibabad, Ghaziabad",28.6558725,77.3412414,3.8,2195.0,Sahibabad,hotel,
ChIJbQkQQq38DDkRiO1-3Xdle-Y,ChIJbQkQQq38DDkRiO1-3Xdle-Y,Roomshala 156 Hotel Mannat Inn,"H.No. L- 2/4 G/F, Lalita Park, Laxmi Nagar, New Delhi, Delhi",28.630328,77.2760381,4.5,11.0,New Delhi,hotel,
ChIJ5WV5tSj7DDkR5C7fCFDWTps,ChIJ5WV5tSj7DDkR5C7fCFDWTps,Clarks Inn Kaushambi,"Plot No. 41, Behind Westend Mall, Kaushambi, Ghaziabad",28.6438716,77.326916,3.3,1559.0,Kaushambi,hotel,
ChIJHUReadH6DDkRo5MiseFGFZQ,ChIJHUReadH6DDkRo5MiseFGFZQ,Hotel Grand In Vaishali,"4, Shopprix Mall Rd, Sector 4, Vaishali, Ghaziabad",28.6440665,77.3398916,3.9,334.0,Vaishali,hotel,
ChIJVZv6HQD7DDkRuvanyn__P7A,ChIJVZv6HQD7DDkRuvanyn__P7A,Qotel Comfort Ip Residency East Delhi Preet Vihar,"130, Hargobind Enclave, Karkardooma, Anand Vihar, Delhi",28.6488948,77.3008665,4.5,499.0,Anand Vihar,hotel,
ChIJ6c81vdD6DDkRwSloTrOLG6E,ChIJ6c81vdD6DDkRwSloTrOLG6E,The Vaishali Inn,"339A, Yashoda Marg, near Chandralaxmi Hospital, Sector 4, Vaishali, Ghaziabad",28.6457765,77.33965239999999,4.0,1017.0,Vaishali,hotel,
ChIJgUNQnjTlDDkR1QhrUG9MRcE,ChIJgUNQnjTlDDkR1QhrUG9MRcE,Hotel The Emporio Grand,"4/353, Harshvardhan Marg, Sector 4, Vaishali, Ghaziabad",28.6504783,77.3426647,4.5,670.0,Vaishali,hotel,
ChIJbei8fiD9DDkR6sUO_0lx9Cg,ChIJbei8fiD9DDkR6sUO_0lx9Cg,Hotel Royal Afghan,"3663, Netaji Subhash Marg, near Sabzi Mandi, Kucha Chalan, Khabas Pura, Daryaganj, New Delhi, Delhi",28.6458923,77.24018720000001,3.9,256.0,New Delhi,hotel,
ChIJuYL0zDb7DDkRznsMPPI-ZsM,ChIJuYL0zDb7DDkRznsMPPI-ZsM,Hotel O Mayura Residency,"6/64, Karkari Rd, East Rohtas Nagar, Maharam Mohalla, Shahdara, Delhi",28.6658799,77.2938331,4.0,17.0,Shahdara,hotel,
ChIJ80WEYuD8DDkR2z_JnqJYSd0,ChIJ80WEYuD8DDkR2z_JnqJYSd0,Hotel Tara Palace Daryaganj,"4606 street, opposite Happy School, Daryaganj, New Delhi",28.6495864,77.2433367,4.0,637.0,Daryaganj,hotel,
ChIJs28LAX_7DDkRyHzGDbAs6YM,ChIJs28LAX_7DDkRyHzGDbAs6YM,Park Plaza Delhi Cbd Shahdara,"17/169, Plot 32, Central Business Dist, Karkari Rd, Bhikam Singh Colony, Block 17, Vishwas Nagar, Shahdara, Delhi",28.6590646,77.2981068,4.2,7353.0,Shahdara,hotel,
ChIJz0uozLL7DDkRn8ViMcXySzo,ChIJz0uozLL7DDkRn8ViMcXySzo,Fabhotel The Royal,"Bhishma Road Guru Gobind Singh, Indraprastha University East Delhi Campus, 9/111 & 9/112, Shastri Gali, Vishwas Nagar, Shahdara, New Delhi, Delhi",28.6658649,77.30069069999999,4.0,106.0,New Delhi,hotel,
ChIJt8hDrN_7DDkR4A_kFDaUU4Y,ChIJt8hDrN_7DDkR4A_kFDaUU4Y,Hotel Parth Paradise,"B18, Rampuri, Chander Nagar, Surya Nagar, Ghaziabad",28.6645274,77.3248792,3.4,741.0,Surya Nagar,hotel,
ChIJi4GTF0H7DDkR25QXfXu1Uac,ChIJi4GTF0H7DDkR25QXfXu1Uac,Hotel Aura Ip Grand Karkardooma,"Anand Vihar, New Delhi, Delhi",28.6507408,77.3058562,4.3,998.0,New Delhi,hotel,
ChIJYY9nHyf9DDkRjAdngMvn48Q,ChIJYY9nHyf9DDkRjAdngMvn48Q,Broadway- An Alivaa Collection Hotel,"4/15A, Asaf Ali Rd, Chatta lal Miya, Chandni Mahal, Chandni Chowk, New Delhi, Delhi",28.6409821,77.237909,4.1,739.0,New Delhi,hotel,
ChIJr8efdIv7DDkRnYHKsoANzwQ,ChIJr8efdIv7DDkRnYHKsoANzwQ,Mona Regency Hotel And Banquet,"C-189, Madhuban,Near Nirman Vihar Metro Station, Block C, Preet Vihar, New Delhi",28.6300305,77.286311,3.4,506.0,Preet Vihar,hotel,
ChIJw96ZnRD7DDkRW1EBfHRzjps,ChIJw96ZnRD7DDkRW1EBfHRzjps,Hotel Sunshine Park,"Chander Nagar, Near Anand Vihar Railway Terminal Ramprastha Colony, Block D, Surya Nagar Delhi, D-1, Dr Bhabha Marg, Surya Nagar, Ghaziabad",28.6638929,77.3212496,3.7,1150.0,Surya Nagar,hotel,
ChIJ6ykOwE37DDkR4kHteRFVpGg,ChIJ6ykOwE37DDkR4kHteRFVpGg,Greysky Residency Karkardooma New Delhi,"GF,2F,417, Jagriti Enclave Rd, above IDFC Bank, Anand Vihar, New Delhi, Delhi",28.652117,77.3073268,4.8,125.0,New Delhi,hotel,
ChIJxY54Sx_9DDkRgZ05aiuE6aQ,ChIJxY54Sx_9DDkRgZ05aiuE6aQ,Hotel The Rasa,"B, 7, Main Rd, Kanti Nagar East, Seelampur, Shahdara, Delhi",28.6711076,77.28040930000002,4.7,268.0,Shahdara,hotel,
ChIJa9fUXWDjDDkREFvr2Csh_lQ,ChIJa9fUXWDjDDkREFvr2Csh_lQ,Treebo Mona Grand,"PNB, C - 191, Madhuban Rd, Nirman Vihar, Preet Vihar, New Delhi, Delhi",28.6296041,77.2859955,4.0,212.0,New Delhi,hotel,
ChIJm1yegN_iDDkR2RLLVNyqbZ4,ChIJm1yegN_iDDkR2RLLVNyqbZ4,Ahuja Residency Sunder Nagar,"3, Sundar Nagar, New Delhi",28.6051467,77.2407807,4.2,659.0,Sundar Nagar,hotel,
ChIJUdP3Rpb7DDkRtlGlfq_41wA,ChIJUdP3Rpb7DDkRtlGlfq_41wA,Sk Klyde Grand,"Pacific Business Park, 37/1, Maharajpur, Sahibabad Industrial Area Site 4, Sahibabad, Ghaziabad",28.6532338,77.32685479999999,4.6,2961.0,Sahibabad,hotel,
ChIJKWvzBwD7DDkRBKbJTi6hyHk,ChIJKWvzBwD7DDkRBKbJTi6hyHk,Anand Retreat Hotel,"06, Sahibabad, Ghaziabad",28.6454144,77.3244416,4.0,4.0,Sahibabad,hotel,
ChIJW2w4ran8DDkRoFkWIhzXKxk,ChIJW2w4ran8DDkRoFkWIhzXKxk,Hotel Om,"C-15/219, Opposite Dist. Centre, Near V3S Mall, Near Guru Angad Nagar West, Laxmi Nagar, New Delhi",28.6383625,77.28420609999999,3.3,435.0,Laxmi Nagar,hotel,
ChIJp-rZp14LDTkR1a6LE5urPXE,ChIJp-rZp14LDTkR1a6LE5urPXE,Hotel Emmkay Residency,"Kasaar Rd, Sector 15, Sankhol, Bahadurgarh",28.7092552,76.8927077,3.9,641.0,Sankhol,hotel,
ChIJcc4_KG8EDTkR4zJt8puaXqY,ChIJcc4_KG8EDTkR4zJt8puaXqY,Club Platinum Resort,"Assaudha Turn, Rohtak - Delhi Rd, Bahadurgarh",28.7331383,76.8496917,4.3,1506.0,Rohtak - Delhi Rd,hotel,
ChIJKw-RLLoLDTkRAdERPB5Ob7U,ChIJKw-RLLoLDTkRAdERPB5Ob7U,Hotel Vc,"Rohtak Rd, Surya Nagar, Bahadurgarh, Sankhol",28.7183579,76.8886911,3.6,256.0,Bahadurgarh,hotel,
ChIJbW7dveILDTkRpbfTOIEo1U0,ChIJbW7dveILDTkRpbfTOIEo1U0,Haryana Tourism- Gauriyya Hotel And Restaurant,"National Highway 10, Sector 6, Opp: Devilal Park, Bahadurgarh",28.6989247,76.9171691,4.0,1611.0,Opp: Devilal Park,hotel,
ChIJBw4gkmQJDTkRCfSriSCLgGE,ChIJBw4gkmQJDTkRCfSriSCLgGE,Hotel White Hut,"Gali No. 5, near Civil Hospital, Nehru Park, Bahadurgarh",28.6976561,76.9251874,4.8,13.0,Nehru Park,hotel,
ChIJOSNn5jXnDDkRyFSXt2zfFnM,ChIJOSNn5jXnDDkRyFSXt2zfFnM,Super Oyo Flagship Hotel White Hut,"424, Gali Number 12, Nehru Park, Delhi, Bahadurgarh",28.6976633,76.92516119999999,4.2,15.0,Delhi,hotel,
ChIJRz9E5sELDTkRP0iz7bKL2qA,ChIJRz9E5sELDTkRP0iz7bKL2qA,Fun Town Amusement And Water Park,"Asuada Mod, Rohtak - Delhi Rd, Highway, Bahadurgarh, Asoda Todran",28.7329345,76.849156,3.8,1496.0,Bahadurgarh,hotel,
ChIJ8SvdaJsLDTkR_ZJVxtepIE4,ChIJ8SvdaJsLDTkR_ZJVxtepIE4,Oyo 67648 Funtown Resort,"Bus Stand, Main Bus Stand Asaudha, Kharkhoda Road, Main, Bahadurgarh",28.7328966,76.84914119999999,3.3,9.0,Main,hotel,
ChIJEZjKmqMJDTkR_YzJs9owIhI,ChIJEZjKmqMJDTkR_YzJs9owIhI,Themis Farmhouse – A Luxury Poolside Farm Stay: Delhi Ncr,"Themis Farm House, Jaunti, Delhi, Mukandpur",28.7349637,76.9617093,4.7,107.0,Delhi,hotel,
ChIJE94Ic8AHDTkRHl5uQ9veo-s,ChIJE94Ic8AHDTkRHl5uQ9veo-s,Hotel O Surya Gold Guest House Near Mundka Metro Station,"plot no. 111/3, main mundka karala, Madanpur Dabas Main Rd, near Mundka metro stationNear Mundka metro station, Rani Khera, Delhi",28.7077304,77.0284569,3.9,66.0,Rani Khera,hotel,
ChIJMU1KYbgHDTkRpsomFwCkbQ8,ChIJMU1KYbgHDTkRpsomFwCkbQ8,Hotel O Olive Saffron,"6, Pocket, 15-A, Pocket-1, Sector 24, Rohini, Delhi",28.7244,77.08896,3.4,274.0,Rohini,hotel,
ChIJ9W1BH1UHDTkR-atCKhI6R6Y,ChIJ9W1BH1UHDTkR-atCKhI6R6Y,The Crystal Palace,"A9 ground floor, Hiralal Market, Sector 20, Rohini, Delhi, New Delhi",28.71504999999999,77.07332269999999,4.4,238.0,Delhi,hotel,
ChIJ_xQYuMUGDTkRBSlXLNO45WY,ChIJ_xQYuMUGDTkRBSlXLNO45WY,Townhouse By Oyo Rohini Sector 24,"near Dominos, Pocket 27, Sector 24, Rohini, Dasghara, New Delhi",28.7328697,77.08626869999999,4.4,128.0,Dasghara,hotel,
ChIJT4ODZAAHDTkR9brqKcecYjw,ChIJT4ODZAAHDTkR9brqKcecYjw,Hotel Resto Relax,"Pocket 3, Plot number - 281 282, Pocket 1, Sector 22, Rohini, New Delhi, Delhi",28.7167552,77.0627257,4.7,9.0,New Delhi,hotel,
ChIJbfkmJQAHDTkRD-L97rM_8Bc,ChIJbfkmJQAHDTkRD-L97rM_8Bc,Hotel Town Stay,"q1, 77, Kanjhawala Rd, Pocket Q, Budh Vihar Phase I, Budh Vihar, Delhi",28.7107766,77.08105479999999,4.6,44.0,Budh Vihar,hotel,
ChIJ3yRDa7gGDTkRLrdOe3Q5vpU,ChIJ3yRDa7gGDTkRLrdOe3Q5vpU,Hotel Black Rose,"6, Pocket 15, Sector 24, Rohini, New Delhi, Delhi",28.7246079,77.0895563,3.2,31.0,New Delhi,hotel,
ChIJ77AkL1sHDTkRckJGkQC1VuY,ChIJ77AkL1sHDTkRckJGkQC1VuY,Hotel O R G Hotel,"First Floor, A 72, Kanjhawala Rd, near Rajni Gupta Hospital, Pocket Q, Budh Vihar Phase I, Budh Vihar, Delhi",28.70740229999999,77.0834065,4.4,29.0,Budh Vihar,hotel,
ChIJ0Rj-PycFDTkRFINOVE9Kols,ChIJ0Rj-PycFDTkRFINOVE9Kols,Swarg Residency Oyo Hotel,"Chaju Ram Colony, Yadav Park Extension, Kamrudinnagar mod, New Delhi, Delhi",28.6753245,77.05936609999999,4.4,87.0,New Delhi,hotel,
ChIJ8Z3G91sHDTkR4fx3eLbmUAU,ChIJ8Z3G91sHDTkR4fx3eLbmUAU,Townhouse Rohini Near Rithala Metro Station,"Pocket 27, Sector 24, Rohini, Delhi",28.731932,77.086912,3.4,96.0,Rohini,hotel,
ChIJvf9FOoEHDTkR93ALQAIeEZo,ChIJvf9FOoEHDTkR93ALQAIeEZo,Hotel 7 Star,"Plot no 36, Pocket 16, Sector 20, Rohini, New Delhi, Delhi",28.7119145,77.0729376,4.4,30.0,New Delhi,hotel,
ChIJq6VnJ58FDTkRsN01XXkz7gs,ChIJq6VnJ58FDTkRsN01XXkz7gs,Hotel Blue Sky,"first floor, bikaner sweets, 457, Bhera Enclave, Paschim Vihar, new delhi",28.6720788,77.09026150000001,5.0,3.0,Paschim Vihar,hotel,
ChIJtR6Xc-8HDTkRAo-EkgV3FkA,ChIJtR6Xc-8HDTkRAo-EkgV3FkA,Collection O By Oyo The Crystal Palace.,"9A, Hiralal Market, Near, Agra Pethe wala, Sector 20, Rohini, Delhi",28.7150626,77.0733107,4.0,146.0,Rohini,hotel,
ChIJUxuFTVgFDTkR-tVbVFQAC58,ChIJUxuFTVgFDTkR-tVbVFQAC58,Hotel R Crown Banquet & Rooms,"RZA-314, SUKKAR, Shani Bazar Rd, Chandan Vihar, New Delhi, Delhi",28.6639003,77.07437829999999,4.8,4.0,New Delhi,hotel,
ChIJVxBqNycHDTkRspbBVn_5Rag,ChIJVxBqNycHDTkRspbBVn_5Rag,Hotel Shagun & Banquets - Rohini Sector -20 I Budget Hotel In Rohini I Couple Friendly Stay I Banquet Facilities,"Plot No.127B, near Sbi Bank, Rohini Extension Sector 20, Pooth Kalan, Rohini, Delhi",28.7138526,77.07697399999999,4.3,103.0,Rohini,hotel,
ChIJMefpUh8FDTkRTvRW7W_PuCw,ChIJMefpUh8FDTkRTvRW7W_PuCw,Hotel 19 West,"19, Block, AB-1, AB Rd, Block RR, Mianwali Nagar, Paschim Vihar, New Delhi, Delhi",28.6800855,77.08656529999999,3.2,122.0,New Delhi,hotel,
ChIJMTVTdAAHDTkRL4vgks9_bAQ,ChIJMTVTdAAHDTkRL4vgks9_bAQ,Hotel O Ms Hotel Lakra Residency,"24 and23, Plot no 424, Mange Ram Park, Gram Sabha, Sector 23, Rohini, Delhi",28.7194105,77.0775297,2.2,9.0,Rohini,hotel,
ChIJLSTH2_wHDTkRl-rs7KjuUWo,ChIJLSTH2_wHDTkRl-rs7KjuUWo,Hotel O Shree Shyam Residency,"Palm City, 1173/1174, near 990 bus stand, Pocket A, Block A, Budh Vihar Phase II, Budh Vihar, Delhi",28.7213638,77.0863416,3.8,38.0,Budh Vihar,hotel,
ChIJs7GJ-NsFDTkRLD5mS5lSTCw,ChIJs7GJ-NsFDTkRLD5mS5lSTCw,Rama House,"Plot No 85, Bhera Enclave, Paschim Vihar, New Delhi, Delhi",28.6720788,77.09026150000001,4.7,82.0,New Delhi,hotel,
ChIJ_zxrm-cHDTkRc_Jjh14DsCg,ChIJ_zxrm-cHDTkRc_Jjh14DsCg,Townhouse Oak Iskcon Rohini/ Townhouse Oak Rohini Sector 23,"Plot No 118, Sector 23, Opposite Jheel Park Rohini, Budh Vihar, Delhi",28.7242371,77.0808419,2.3,3.0,Budh Vihar,hotel,
ChIJScWYucUGDTkR2nasp1YBYkU,ChIJScWYucUGDTkR2nasp1YBYkU,Hotel O By Oyo Rohini Sector 24,"104, above Axis Bank, Pocket 27, Sector 24, Rohini, Delhi",28.7321769,77.0880284,3.8,427.0,Rohini,hotel,
ChIJd6482AwFDTkRIzkWAxQEfIw,ChIJd6482AwFDTkRIzkWAxQEfIw,Hotel Vivah Residency,"25, Bhera Enclave, Paschim Vihar, New Delhi, Delhi",28.6704705,77.0927648,3.9,197.0,New Delhi,hotel,
ChIJma0ObAsFDTkRevQdGGCNZEQ,ChIJma0ObAsFDTkRevQdGGCNZEQ,Townhouse Sunder Vihar,"11567, Kanshi Ram Shah Marg, Block 9, Sunder Vihar, Paschim Vihar, Delhi",28.661155,77.08837199999999,3.4,125.0,Paschim Vihar,hotel,
ChIJ7eql54AFDTkRqeVDzk7JbSo,ChIJ7eql54AFDTkRqeVDzk7JbSo,Oyo Flagship Lal Residency,"126/132 126/132, opposite post office, Nangloi, Delhi",28.6799976,77.0655152,3.5,177.0,Nangloi,hotel,
ChIJUaBSPtUFDTkRyZQihsgC1wU,ChIJUaBSPtUFDTkRyZQihsgC1wU,Via Vat - Hotel In Meera Bagh,"A-338, Meera Bagh, Punjabi Bagh, Paschim Vihar, New Delhi",28.6596615,77.0909915,3.6,117.0,Paschim Vihar,hotel,
ChIJ50F8pDQFDTkRW4vVtMDV2Vg,ChIJ50F8pDQFDTkRW4vVtMDV2Vg,Fabhotel Mannat Bhera Enclave,"M-131, Guru Harkishan Nagar, Paschim Vihar, New Delhi, Delhi",28.6703875,77.08469319999999,3.0,2.0,New Delhi,hotel,
ChIJY-ctAJMHDTkRY5ucKDe0kz8,ChIJY-ctAJMHDTkRY5ucKDe0kz8,Hotel O Sweet Inn,"2nd floor, H.No 1/60, Kanjhawala Rd, Budh Vihar Phase I, Budh Vihar, Delhi",28.7105651,77.08095999999999,5.0,3.0,Budh Vihar,hotel,
ChIJr_HCO-kFDTkR_aDiWYPlg_g,ChIJr_HCO-kFDTkR_aDiWYPlg_g,Hotel Saffron Gold By F9 Hotels,"Plot no 74, 74, National Market School Rd, near nagin lake apartments, Bhera Enclave, Paschim Vihar, Delhi",28.6733378,77.0917175,4.1,577.0,Paschim Vihar,hotel,
ChIJe61PIQ8FDTkRhg9m7cdt9gg,ChIJe61PIQ8FDTkRhg9m7cdt9gg,Fabhotel Lee Way,"Metro Pillar Number 300, Plot No RR 9, Block A 7, Mianwali Nagar, Paschim Vihar, New Delhi, Delhi",28.6799476,77.0880269,3.5,83.0,New Delhi,hotel,
ChIJw-ezIEAFDTkRjI637nlIT1Y,ChIJw-ezIEAFDTkRjI637nlIT1Y,Spot On The Arrow,"W-195, W-190, Jwalapuri Rd, near SAI MANDIR, near Sai Baba Mandir Road, PVC Market, Jwalapuri, Paschim Vihar, Delhi",28.6706893,77.0793836,3.9,30.0,Paschim Vihar,hotel,
ChIJG6b9UeEDDTkRekt9szIwFig,ChIJG6b9UeEDDTkRekt9szIwFig,Hotel Goel Residency,"A-1/84, Sector-8, Rohini, Near Rohini East Metro Station, New Delhi",28.700554,77.1205987,4.0,1112.0,Near Rohini East Metro Station,hotel,
ChIJ52dGUtcDDTkR9ccRlGw9PG0,ChIJ52dGUtcDDTkR9ccRlGw9PG0,Hotel White Saffron By F9 Hotels,"182, Vaishali, Dakshini Pitampura, Pitampura, New Delhi, Delhi",28.7015649,77.13986729999999,4.2,620.0,New Delhi,hotel,
ChIJK3r5CKMDDTkR3boHlDA8KE4,ChIJK3r5CKMDDTkR3boHlDA8KE4,Hotel Shine Couple Friendlly | Rohini West Metro Station,"House No.18, 85, Pocket No, H-32, near Vishram Chowk, Sector 3, Rohini",28.7087561,77.1051207,4.8,700.0,Sector 3,hotel,
ChIJteDOQaoDDTkR671xxVVa6Dc,ChIJteDOQaoDDTkR671xxVVa6Dc,Hotel Season Couple Friendlly Near Pitampura Metro,"House No 167. 2nd floor, Ashiyana chowk, near Metro Station Pitampura, Kapil Vihar, Pitampura, New Delhi, Delhi",28.7002361,77.13563669999999,4.9,2516.0,New Delhi,hotel,
ChIJWRkUo-8DDTkRI5QgI0OqdsI,ChIJWRkUo-8DDTkRI5QgI0OqdsI,Hotel Ornate Inn,"COMMUNITY CENTER, PLOT NO. 06, adjoining JIMS COLLEGE, Sector 3, SEC 03, Rohini, Delhi",28.7030008,77.107777,3.6,274.0,Rohini,hotel,
ChIJc-0fwtYBDTkRsO8KJ3y5_gM,ChIJc-0fwtYBDTkRsO8KJ3y5_gM,Hotel O By Oyo Anshun Residency,"Pocket D, 315316 315 316, 16, Sector 7, Rohini, Delhi",28.71047739999999,77.1181445,2.6,335.0,Rohini,hotel,
ChIJ1eAJv3EBDTkRh-_kWmP5-nE,ChIJ1eAJv3EBDTkRh-_kWmP5-nE,Sun Moon Residency And Apartments,"56, 57 - C4, Sector 6 Rd, Pocket 4, Sector 6, Rohini, Delhi",28.7139704,77.1099617,4.4,205.0,Rohini,hotel,
ChIJda712aMDDTkRHVw3A7xAp0Q,ChIJda712aMDDTkRHVw3A7xAp0Q,Seven Seas Hotel,"12, Mangalam Place, Sector 3, Rohini, New Delhi, Delhi",28.7003667,77.11520060000001,4.3,11529.0,New Delhi,hotel,
ChIJw6EdanYDDTkR9EzmpV-p2Dw,ChIJw6EdanYDDTkR9EzmpV-p2Dw,Kings Court Hotel - Pitampura,"62, Samrat Enclave, Block L, Raj Nagar, Pitampura, Delhi",28.6862886,77.1423669,4.4,197.0,Pitampura,hotel,
ChIJ486HNRMBDTkRM1sl8rwuie4,ChIJ486HNRMBDTkRM1sl8rwuie4,Ap Holidays,"Pocket 8B, YES Bank Building, Plot No. 8, Sector 15, Rohini, Delhi",28.7300781,77.1327234,4.5,1837.0,Rohini,hotel,
ChIJBbwzvPMBDTkRPPGqzG0yUhc,ChIJBbwzvPMBDTkRPPGqzG0yUhc,Hotel Clark,"12a, street number 07, near D.T.U, Shabad Extension, Sector17, Rohini, Delhi",28.7436324,77.11713,3.8,25.0,Rohini,hotel,
ChIJIxJHPnEBDTkRdg5tnZH7IOY,ChIJIxJHPnEBDTkRdg5tnZH7IOY,Qotel Express Sandberry - Prashant Vihar,"ED Block, Prashant Vihar, Sector 14, Rohini, Delhi",28.7130403,77.1380362,4.5,350.0,Rohini,hotel,
ChIJmZbL1DwBDTkRTUDCMOLJz6s,ChIJmZbL1DwBDTkRTUDCMOLJz6s,Hotel Raaso Inn Rohini,"I5/91, Ram Krishna Marg, Pocket 5, Sector 16, Rohini, New Delhi, Delhi",28.7403323,77.1224739,4.5,72.0,New Delhi,hotel,
ChIJqUMw8V0DDTkRcqy-cZvfVvY,ChIJqUMw8V0DDTkRcqy-cZvfVvY,"Hotel Park Residency - Pitampura, Delhi","Metro Station, Block, Cd-4, Plot No 4, near by Pitampura, Block CD, Dakshini Pitampura, Pitampura, Delhi",28.7059614,77.1371193,3.8,481.0,Pitampura,hotel,
ChIJ3RlMdckBDTkR0pjpqymKelw,ChIJ3RlMdckBDTkR0pjpqymKelw,Crowne Plaza New Delhi Rohini By Ihg,"Twin District Centre, Swarn Jayanti Park, Sector 10, Rohini, New Delhi, Delhi",28.7200961,77.1100067,4.4,13235.0,New Delhi,hotel,
ChIJ13uwGBMBDTkREGuDRst9C8s,ChIJ13uwGBMBDTkREGuDRst9C8s,Qotel Comfort Church House Rohini Sector 15,"1st Floor, Above Axis Bank, Plot no. 2, Pocket, 8A, Manav Chowk, Rohini, Delhi",28.7314911,77.1340142,4.5,845.0,Rohini,hotel,
ChIJ14Hw8TkBDTkRkLqc_kOi0fY,ChIJ14Hw8TkBDTkRkLqc_kOi0fY,"Fabhotel The Chaitanyas - Hotel In Rohini, New Delhi","H-3/25, Sector 18, Rohini, New Delhi, Delhi",28.7406602,77.13320039999999,3.8,201.0,New Delhi,hotel,
ChIJ70yHFd4BDTkRDCBZqoNKwjY,ChIJ70yHFd4BDTkRDCBZqoNKwjY,Hotel Church House Rohini I Hotel In New Delhi,"Floor 1, B4 Rd, Sector 15, Rohini, New Delhi, Delhi",28.7314646,77.13390780000002,4.2,523.0,New Delhi,hotel,
ChIJTZYJvY8BDTkRMqD9vfIeu3I,ChIJTZYJvY8BDTkRMqD9vfIeu3I,Skymax Hotel,"C-1, 189-190, Rammurti Passi Marg, Sector 11, Rohini, New delhi",28.7307646,77.11717689999999,4.9,411.0,Rohini,hotel,
ChIJj3VBHVABDTkRbJf3b-WvsDs,ChIJj3VBHVABDTkRbJf3b-WvsDs,Royal Residency Rohini,"B-3/357, near Rajiv Gandhi Cancer institute, Pocket 3, Sector 6, Rohini, Delhi",28.71190829999999,77.1112038,4.4,18.0,Rohini,hotel,
ChIJM0-S5aAHDTkRRSCWC-TUc4o,ChIJM0-S5aAHDTkRRSCWC-TUc4o,Hotel O Vishwakarma Palace,"A-02 A-02, Sir Chotu Ram Marg, Hargovind Vihar, Pocket 2, Sector 4, Rohini, Delhi",28.7066161,77.1009327,3.0,673.0,Rohini,hotel,
ChIJhfP0934DDTkRb0xgy-Wsucs,ChIJhfP0934DDTkRb0xgy-Wsucs,Itsy Hotels Prime Stay,"Pocket-8B, Plot No. 3, Jail Road, Sector 19, Rohini, New Delhi, Delhi",28.7336942,77.1395521,3.9,254.0,New Delhi,hotel,
ChIJd9sdC4MHDTkRtaltQYd0h2s,ChIJd9sdC4MHDTkRtaltQYd0h2s,Fabhotel Moro Rohini Sector 4,"C, 48/49, 40 Feet Rd, near Saint Giri School, Vijay Vihar Phase II, Sector 4, Pocket N, Sector 4, Rohini, New Delhi, Delhi",28.7074569,77.09629079999999,3.9,119.0,New Delhi,hotel,
ChIJQzZSoT0BDTkR37w2w39jxbY,ChIJQzZSoT0BDTkR37w2w39jxbY,Aman Residency,"No. 3, C.S.C, Sector 6 Rd, DDA Market, Sector 6B, Rohini, Delhi",28.7123557,77.1126294,3.8,41.0,Rohini,hotel,
ChIJi6ULd0sDDTkRFFLZ17omh6Y,ChIJi6ULd0sDDTkRFFLZ17omh6Y,Fabhotel A One Pitampura Inn,"Vaishali, Dakshini Pitampura, Pitampura, New Delhi, Delhi",28.7015343,77.1398773,4.5,50.0,New Delhi,hotel,
ChIJwV3SeBABDTkRQtfVG9zEhOY,ChIJwV3SeBABDTkRQtfVG9zEhOY,Travellers Hotel,"Plot No-1&2, Sir Chotu Ram Marg, near Rajiv Gandhi Cancer Hospital, Pocket-B-8, Sector 5, Rohini, New Delhi, Delhi",28.7138185,77.1094604,4.7,140.0,New Delhi,hotel,
ChIJochkDJkBDTkRF4kn2GTWRng,ChIJochkDJkBDTkRF4kn2GTWRng,Sr Residency Delhi,"B-9/287, behind Rajiv Gandhi Cancer Hospital, Pocket 9, Sector 5, Rohini, Delhi",28.7161886,77.10895579999999,4.1,163.0,Rohini,hotel,
ChIJwcKwnhUDDTkRQWrXJ5HKiRk,ChIJwcKwnhUDDTkRQWrXJ5HKiRk,Treebo Mvm Residency,"Property bearing no 15, Block A, Pocket 3, Sector 3, Rohini, New Delhi",28.6979792,77.1089358,4.5,189.0,Rohini,hotel,
ChIJBUyBs_EBDTkR6NDsh_942IY,ChIJBUyBs_EBDTkR6NDsh_942IY,Gallivanto Inn,"Building no- 60, near primary school, Badli, Rohini, Delhi",28.7366762,77.1440515,4.5,1422.0,Rohini,hotel,
ChIJVVVVJdQDDTkRyYcuYnqjUqc,ChIJVVVVJdQDDTkRyYcuYnqjUqc,Hotel City Park- Hotels In Delhi,"City Park, Block KP, Poorvi Pitampura, Pitampura, Delhi",28.7056722,77.14332089999999,4.2,8269.0,Pitampura,hotel,
ChIJj1OudT0CDTkRtj84wg-cCE8,ChIJj1OudT0CDTkRtj84wg-cCE8,Mystique Melange,"C, 3/8, Ashok Vihar II, Pocket C 3, Phase 2, Ashok Vihar, Delhi",28.6964268,77.17058159999999,3.9,1985.0,Ashok Vihar,hotel,
ChIJ4WmKF40BDTkRhunQxIe-GlU,ChIJ4WmKF40BDTkRhunQxIe-GlU,Hotel Red Chilly Adarsh Nagar,"14, Sarai Pipal Thala, Mool Chand Nagar, Adarsh Nagar, New Delhi, Delhi",28.7198873,77.16999969999999,4.9,17.0,New Delhi,hotel,
ChIJVb3KwfkBDTkRSXdPeP0lRbs,ChIJVb3KwfkBDTkRSXdPeP0lRbs,Hotel Dev Palace,"A-4, Panchwati, opp. Metro Pillar No. 85,86, Just, Azadpur, Delhi",28.7145542,77.1725218,3.9,96.0,Azadpur,hotel,
ChIJoe00oYwBDTkR88z2B2LfPpE,ChIJoe00oYwBDTkR88z2B2LfPpE,"Seven Seas Guest House - Adarsh Nagar, Delhi","A-3, Sarai Pipal Thala Extension, Mool Chand Nagar, Adarsh Nagar, Delhi",28.7183725,77.16929329999999,3.8,492.0,Adarsh Nagar,hotel,
ChIJz9f-o84BDTkRWxCjQOpjWnQ,ChIJz9f-o84BDTkRWxCjQOpjWnQ,Hotel16,"A-16, GT Karnal Rd, Indira Nagar, Adarsh Nagar, Delhi",28.7169458,77.1707469,4.0,149.0,Adarsh Nagar,hotel,
ChIJVSfh4c8FDTkRe54mRvZAn0E,ChIJVSfh4c8FDTkRe54mRvZAn0E,Hotel O Leo Saffron By F Hotels,"HOUSE NO RP - 7 PLOT NO 7 GROUND FLOOR BLK-RP PITAMPURA CITY DELHI 110034, LANDMARK, Pitampura, Delhi",28.7006575,77.15026739999999,4.3,537.0,Pitampura,hotel,
ChIJSfJXLaADDTkR3n9-HoFizwU,ChIJSfJXLaADDTkR3n9-HoFizwU,Hotel Baba`S Inn,"Block QP, Qp60, Pitampura, New Delhi, Delhi",28.7011739,77.14963689999999,4.4,29.0,New Delhi,hotel,
ChIJB_YlZ60DDTkRk6N2H6cp11Q,ChIJB_YlZ60DDTkRk6N2H6cp11Q,Hotel O Sushma Ssadan,"Near, Swami Narayan Underpass Rd, Block C, Sawan Park, Ashok Vihar, Delhi",28.69167299999999,77.18478999999999,2.6,226.0,Ashok Vihar,hotel,
ChIJ9edIGvoDDTkRVxqbcgB6rm0,ChIJ9edIGvoDDTkRVxqbcgB6rm0,"Fabhotel Pp Residency - Hotel In Gujranwala Town, New Delhi","A, 330, Lala Achintaram Marg, Derawal Nagar, Gujranwala Town, New Delhi, Delhi",28.6996796,77.19012169999999,3.9,113.0,New Delhi,hotel,
ChIJWdsZcpYDDTkRbJ9VIM03aUs,ChIJWdsZcpYDDTkRbJ9VIM03aUs,Hotel Seventh Heaven I Britannia Chowk,"Block- B52, Ch Brahm Prakash Flyover, Rampura Industrial Area, Tri Nagar, Delhi",28.680839,77.1498687,4.4,120.0,Tri Nagar,hotel,
ChIJVc6eI2IDDTkRDzKffVzg-is,ChIJVc6eI2IDDTkRDzKffVzg-is,Hotel Mannat,"second floor, Ag-35, Ring Rd, above fab story, Block AG, Poorbi Shalimar Bag, Shalimar Bagh, Delhi",28.7016411,77.1627318,4.1,104.0,Shalimar Bagh,hotel,
ChIJh2pGUIICDTkRZPwKRwgklls,ChIJh2pGUIICDTkRZPwKRwgklls,Hotel Raj International Deluxe,"9835/87, Railway Station, Street No. 5, opp. Sarai Rohilla, Railway Colony, Karol Bagh, New Delhi, Delhi",28.6624994,77.1844461,4.4,729.0,New Delhi,hotel,
ChIJ02qaT-P9DDkRmOF-ajKFnjk,ChIJ02qaT-P9DDkRmOF-ajKFnjk,Five Elements Hotels - Delhi (Hotel North Avenue),"31, Bungalow Rd, Kamla Nagar, New Delhi, Delhi",28.6828119,77.2058223,4.1,1135.0,New Delhi,hotel,
ChIJQTyWH_v9DDkRWIAPGAhMUz0,ChIJQTyWH_v9DDkRWIAPGAhMUz0,Homestay Near Isbt Kashmiri Gate & Metro | Private Rooms & Dorms,"3rd Floor, 1546, Church Rd, behind Ritz Cinema, Kashmere Gate, New Delhi, Delhi",28.6667372,77.2308218,4.7,6345.0,New Delhi,hotel,
ChIJlyWNs-T9DDkRLPAb1o0WNH0,ChIJlyWNs-T9DDkRLPAb1o0WNH0,Hotel University Stay,"1825, 1827, Dr Bhim Rao Ambedkar Marg, Main Road, Malka Ganj, New Delhi, Delhi",28.6758473,77.2074876,3.5,39.0,New Delhi,hotel,
ChIJGY6rtYz9DDkROGiBI6lGJI4,ChIJGY6rtYz9DDkROGiBI6lGJI4,The Twenties Hotel Kamla Nagar,"B1 23, Near, Malka Ganj Post Office Roundabout, near Hansraj College, Malka Ganj, Delhi",28.67655259999999,77.2104477,3.3,137.0,Malka Ganj,hotel,
ChIJCxPaVwADDTkRQZ-4juHz88U,ChIJCxPaVwADDTkRQZ-4juHz88U,Hotel Pitrashish Premium & Grand,"36-37, New Rohtak Rd, near Liberty Cinema, Block 59, Karol Bagh, Delhi",28.6589296,77.191037,4.0,110.0,Karol Bagh,hotel,
ChIJHxgBSKEDDTkR2BDdp2oSkYg,ChIJHxgBSKEDDTkR2BDdp2oSkYg,Evora – Banquet Halls & Hotel | Perfect For Weddings & Events,"Britannia Chowk, B-3, Lawrence Rd, Dr Lohia Industrial Area, Keshav Puram, Shakurpur, New Delhi, Delhi",28.6824824,77.147262,4.1,1287.0,New Delhi,hotel,
ChIJW_GtJlH9DDkRLk8zWDBpE8g,ChIJW_GtJlH9DDkRLk8zWDBpE8g,The Comfort Inn,"5129, Sharif manzil, Balli Maran, New Krishna Cloth Market, Katra Nawab, Chandni Chowk, Delhi",28.6544737,77.2262753,4.0,82.0,Chandni Chowk,hotel,
ChIJYUkV8fX9DDkR-9ztjCtkqNw,ChIJYUkV8fX9DDkR-9ztjCtkqNw,"Venizia Sarovar Portico, Model Town","6, Bhama Shah Marg, Ishwar Colony, Kalyan Vihar, Delhi",28.6949745,77.195087,3.9,2521.0,Kalyan Vihar,hotel,
ChIJ7aqqqhn9DDkROmpPLJp4sS0,ChIJ7aqqqhn9DDkROmpPLJp4sS0,Hotel Tara Palace Chandni Chowk,"Old Cycle Market, 419, Esplande Rd, opposite Red Fort, Katra Mashru, Chandni Chowk, New Delhi, Delhi",28.6543252,77.2341975,4.0,731.0,New Delhi,hotel,
ChIJRZ8E8Qz9DDkRaDxap1se5-g,ChIJRZ8E8Qz9DDkRaDxap1se5-g,Hotel O Maharaja,"Shop No : 30-32-34, Address, Old Market, Main Bus Stand, Plot No : 30-32-34, opposite DTC Bus Stand, Timarpur, Delhi",28.7006541,77.22151219999999,3.4,28.0,Timarpur,hotel,
ChIJSY21bsX9DDkRkp0mg84Qa64,ChIJSY21bsX9DDkRkp0mg84Qa64,Wongdhen House,"Wongdhen house-15, 15 A, New Aruna Colony, Majnu-ka-tilla, New Aruna Nagar, Delhi",28.7027604,77.228816,4.2,730.0,New Aruna Nagar,hotel,
ChIJ77cDh5H9DDkRw4eomzQsdh4,ChIJ77cDh5H9DDkRw4eomzQsdh4,Hotel O The Signature Stay,"Plot no. -2520, Hudson Ln, nearby Landmark- Mr crust bakery, Hudson Lane, GTB Nagar, Delhi",28.6951539,77.2042654,3.3,85.0,GTB Nagar,hotel,
ChIJAQDviIUCDTkRGce6KapJ6xw,ChIJAQDviIUCDTkRGce6KapJ6xw,Hotel Sun View Internationa,"24B/9, Desh Bandhu Gupta Rd, Block 24 B, New, Karol Bagh, New Delhi, Delhi",28.6573621,77.1846645,4.3,170.0,New Delhi,hotel,
ChIJ-Ty9tEz9DDkRxhAk4j8Iu8s,ChIJ-Ty9tEz9DDkRxhAk4j8Iu8s,Hotel O The Bed Box,"37, Bungalow Rd, Block G, Kamla Nagar, Delhi",28.6826145,77.20540199999999,3.3,14.0,Kamla Nagar,hotel,
ChIJvfkKM1ICDTkRARQ_hfTtLF0,ChIJvfkKM1ICDTkRARQ_hfTtLF0,Super Hotel O By Oyo East Punjabi Bagh Near Metro Station,"House No 31, near Ashok Park Metro Station, Madan Park, Manohar Park, Block A, East Punjabi Bagh, Punjabi Bagh, Delhi",28.6708548,77.15304669999999,4.2,393.0,Punjabi Bagh,hotel,
ChIJ-XC0KyYBDTkRHfjsKAMwROE,ChIJ-XC0KyYBDTkRHfjsKAMwROE,Hotel O By Oyo Sai Palace,"A16 Keval park extension, Indra Nagar, A Block, Panchwathi, Azadpur, Delhi",28.7133376,77.1746178,2.9,134.0,Azadpur,hotel,
ChIJ306lNAADDTkRP-6e4yPnr8U,ChIJ306lNAADDTkRP-6e4yPnr8U,Ashoka Int Hotel Karol Bagh,"3381, Desh Bandhu Gupta Rd, Block 44Q, christian Society, Karol Bagh, New Delhi, Delhi",28.6531978,77.1916986,3.7,67.0,New Delhi,hotel,
ChIJLTUFPQABDTkR2v6CmEIy83o,ChIJLTUFPQABDTkR2v6CmEIy83o,Hotel 24 Star Inn,"Metro Pillor No. 074, 31, Kewal Park Extn., Opp Azadpur Sabzi Mandi &, Adarsh Nagar, Delhi",28.7122886,77.175145,4.9,325.0,Adarsh Nagar,hotel,
ChIJ__9Cj5v9DDkRsjHV7byyVaw,ChIJ__9Cj5v9DDkRsjHV7byyVaw,Hotel Green Snapper,"Valmiki mandir, 1825, Malka Ganj Road, Balmiki Mandir, Block G, Malka Ganj, Delhi",28.6759072,77.2074985,2.9,91.0,Malka Ganj,hotel,
ChIJ_____5wCDTkRudqX6MHuX78,ChIJ_____5wCDTkRudqX6MHuX78,Hotel Kochar International,"Central Government Residential Complex 2 Block-B, Guru Ravi Das Marg, behind Liberty Cinema, Block 18B, New Market, Karol Bagh, New Delhi, Delhi",28.6575582,77.1887229,3.5,206.0,New Delhi,hotel,
ChIJN4mrAP8DDTkRdYDOnNgL40w,ChIJN4mrAP8DDTkRdYDOnNgL40w,J60 Suites,"J60, Ashok Vihar Phase 1 Rd, J BLock, Phase 1, Ashok Vihar, Delhi",28.6875036,77.1722698,4.4,246.0,Ashok Vihar,hotel,
ChIJWeQkGvn9DDkR472-MKgiClU,ChIJWeQkGvn9DDkR472-MKgiClU,Hotel North Campus,"28 UA, Block UA, Jawahar Nagar, Kamla Nagar, Delhi",28.6787921,77.20781269999999,4.5,8.0,Kamla Nagar,hotel,
ChIJQXZOlAj9DDkRGt_aiGqrOHk,ChIJQXZOlAj9DDkRGt_aiGqrOHk,Hotel Green Castle (Heritage Hotel Overlooking Two Protected Monuments),"1418 to 1427, Lothiyan Marg, Inter State Bus Terminal, Kashmere Gate, Delhi",28.6663422,77.2293086,4.4,1596.0,Kashmere Gate,hotel,
ChIJ8Saeag4BDTkRpye1qynjXfI,ChIJ8Saeag4BDTkRpye1qynjXfI,Hotel New City - Hotel In Azadpur,"Block A, Mool Chand Nagar, Adarsh Nagar, New Delhi, Delhi",28.7177357,77.1700718,3.1,19.0,New Delhi,hotel,
ChIJMwA_YpT9DDkRzJ9fraVynnY,ChIJMwA_YpT9DDkRzJ9fraVynnY,Hotel O North Campus,"11, University, Kamla Nagar, Block UA, University Enclave, Civil Lines Tehsil, Delhi",28.6794941,77.2061166,2.3,58.0,Civil Lines Tehsil,hotel,
ChIJ8wb5Nwb9DDkRrQpokLfjOsU,ChIJ8wb5Nwb9DDkRrQpokLfjOsU,Hotel J'Joy Deluxe Karol Bagh,"16-67/68, Faiz Rd, Block 16, Karol Bagh, New Delhi, Delhi",28.653059,77.2022497,3.9,55.0,New Delhi,hotel,
ChIJO4hRhjABDTkREBVe20xj3tA,ChIJO4hRhjABDTkREBVe20xj3tA,Hotel Metro Park,"B-3, GT Karnal Rd, opp. Metro Pillar 113, Indira Visas Colony, Pocket B, Mahendra Park, Adarsh Nagar, Delhi",28.7219015,77.16590939999999,4.0,4.0,Adarsh Nagar,hotel,
ChIJs6yuI3QBDTkRG_R3QThdxY4,ChIJs6yuI3QBDTkRG_R3QThdxY4,Deventure Hotel,"District Centre, Outer Ring Rd, C and D Block, Crossing, Shalimar Bagh, New Delhi, Delhi",28.7264694,77.1468343,4.5,117.0,New Delhi,hotel,
ChIJ9cVfgg_9DDkRMQLzjeAJ-vY,ChIJ9cVfgg_9DDkRMQLzjeAJ-vY,Hotel O 83167 Golden Key Inn,"D-147, main road, hdfc bankKamla nagar, Kamla Nagar, Delhi",28.6833089,77.2018178,3.8,79.0,Kamla Nagar,hotel,
ChIJqx4kZTP5DDkR0tWpOf7Q3tM,ChIJqx4kZTP5DDkR0tWpOf7Q3tM,Hotel Red Flame Residency,"mavi complex, bus stand, C 83, Indrapuri Rd, opp. 2 NO, Block C, Indrapuri Colony, Loni, Ghaziabad",28.7344877,77.2882159,4.9,93.0,Loni,hotel,
ChIJBb6nI8D9DDkRwrBTMaXlXG4,ChIJBb6nI8D9DDkRwrBTMaXlXG4,Hotel Vcr Inn,"pillar no- 150, D-97, Main khajoori Pusta Road, opposite power House and Highway, Old Garhi Mendu Village, Bhajanpura, new delhi, Delhi",28.6995038,77.25580029999999,4.7,376.0,new delhi,hotel,
ChIJwavkUvL7DDkRm7mRe1PIo8Q,ChIJwavkUvL7DDkRm7mRe1PIo8Q,Flagship Royal Inn Near Shahdara Metro Station,"Home Vikas mall, 1/8534, 1/8534 R Block Vikas mall, Opp Shahdara Metro Station ShahdaraNear, Shahdara, Delhi",28.6755042,77.2880915,3.3,46.0,Shahdara,hotel,
ChIJTZiw9_P9DDkRCKU-wU7cgV8,ChIJTZiw9_P9DDkRCKU-wU7cgV8,Hotel Easy Stay Near East Azad Nagar Metro Station,"H, Metro Station, near East Azad Nagar, East Azad Nagar, Kaushik Puri, Krishna Nagar, Shahdara, Delhi",28.6640831,77.28325749999999,4.3,16.0,Shahdara,hotel,
ChIJGc7ytc77DDkRRxZ5OCed5kk,ChIJGc7ytc77DDkRRxZ5OCed5kk,Townhouse By Oyo Krishna Nagar Metro Station,"Khasra No. 319/1, Radheypuri Extension, Main Ring Road, Karkardooma, Shahdara, Delhi",28.6536485,77.2913076,4.7,30.0,Shahdara,hotel,
ChIJKZXZj4D7DDkRYQ-EvPj5E34,ChIJKZXZj4D7DDkRYQ-EvPj5E34,Hotel Family Inn,"B-25, Raj Block, Navin Shahdara, Shahdara, Delhi",28.6757625,77.2874865,4.9,10.0,Shahdara,hotel,
ChIJ6XfP3Yn7DDkR7EkhxIHNGO4,ChIJ6XfP3Yn7DDkR7EkhxIHNGO4,Pink Villa,"red light 60feet, Krishna nagar, Gali No 17, Delhi",28.661787,77.2878503,5.0,7.0,Gali No 17,hotel,
ChIJByYe3LL9DDkRVpIn7noONz0,ChIJByYe3LL9DDkRVpIn7noONz0,Hotel O By Oyo Vcr Inn,"G No-6, KH No-244/2, D-97, Kardam Puri Extension, Garhi, Bhajanpura, Mandu, Delhi",28.6995787,77.2886213,3.2,69.0,Mandu,hotel,
ChIJjTVekIr9DDkROSy1R9mJXRc,ChIJjTVekIr9DDkROSy1R9mJXRc,Hotel O Kashish Residency,"Metro gate no 3&4, 120, Mall Rd, GTB Nagar, Delhi",28.6981848,77.2057791,1.6,13.0,GTB Nagar,hotel,
ChIJbZrCzw39DDkR76CW6KVWgYs,ChIJbZrCzw39DDkR76CW6KVWgYs,New Royal Hotel,"1643, S.P. Mukerjee Marg, Opposite Old Delhi Railway Station, Katra Ghel, Khari Baoli, Old Delhi, Chandni Chowk, New Delhi",28.660746,77.22249939999999,3.5,627.0,Chandni Chowk,hotel,
ChIJp1raBtP9DDkRj02Yk5kcBcY,ChIJp1raBtP9DDkRj02Yk5kcBcY,Super Hotel O Super Siddhartha Guest House,"9/112, Pushta Rd, Kailash Nagar, Gandhi Nagar, Seelampur, New Delhi, Delhi",28.663092,77.257689,4.2,306.0,New Delhi,hotel,
ChIJe-euBg79DDkRqrpZ5Pzm8Qw,ChIJe-euBg79DDkRqrpZ5Pzm8Qw,Hotel Ashirwad,"72, Bagh Diwar, Bagh Deewar, Kucha Ghasiram, Fatehpur, New Delhi, Delhi",28.6587525,77.2235446,3.5,447.0,New Delhi,hotel,
ChIJL7sYP6T9DDkRKJECSyhpJpU,ChIJL7sYP6T9DDkRKJECSyhpJpU,Shree Delhi Gujarati Samaj,"2, Rajniwas Marg, Near St Xaviers Senior Secondary School, Civil Lines, New Delhi",28.6731441,77.2237057,4.1,2690.0,Civil Lines,hotel,
ChIJnyd0goQCDTkRajFw4m1a10A,ChIJnyd0goQCDTkRajFw4m1a10A,Hotel Sehej Inn,"Plot No. 51/3, Guru Ravi Das Marg, behind Liberty Cinema, near Sai Dham Karol Bagh, Block 51, P&T Quarters, Karol Bagh, New Delhi, Delhi",28.6573869,77.1888365,3.2,388.0,New Delhi,hotel,
ChIJb1VVVZoCDTkR55_HhaH8rMk,ChIJb1VVVZoCDTkR55_HhaH8rMk,Hotel Blue Sapphire,"3351-54, Bank St, Block 44Q, Christian Colony, Karol Bagh, New Delhi, Delhi",28.6528441,77.1907169,3.4,673.0,New Delhi,hotel,
ChIJB3eNuar9DDkRdLXjKjlGuaE,ChIJB3eNuar9DDkRdLXjKjlGuaE,Oyo Hotel Shivam In Farash Khana,"2003, Lalkuan Bazar Rd, Naya Bans, Farash Khana, Chandni Chowk, New Delhi, Delhi",28.654802,77.221432,2.7,66.0,New Delhi,hotel,
ChIJHR7ZdDj9DDkRSJTP7ahdEpY,ChIJHR7ZdDj9DDkRSJTP7ahdEpY,Hotel O By Oyo Kiiza Stay House,"2623, Hudson Ln, near NDPL Office, Hudson Lane, GTB Nagar, Delhi",28.6937795,77.2064316,2.0,64.0,GTB Nagar,hotel,
ChIJA-vXAVT9DDkRgea1TJCa_UU,ChIJA-vXAVT9DDkRgea1TJCa_UU,Hotel Beopari Niwas,"6478, Katra Bariyan, Rd, Fatehpuri, Chandni Chowk, New Delhi, Delhi",28.6560357,77.2224981,3.2,99.0,New Delhi,hotel,
ChIJZ3M-4pwCDTkRzGqi6XmAYD8,ChIJZ3M-4pwCDTkRzGqi6XmAYD8,Hotel O By Oyo Ashoka International,"3382, Desh Bandhu Gupta Rd, Christian Colony, Karol Bagh, Delhi",28.653443,77.191758,3.0,913.0,Karol Bagh,hotel,
ChIJSY_gO7D7DDkRmVyrZwyfxGw,ChIJSY_gO7D7DDkRmVyrZwyfxGw,Super Oyo Dream Town,"28/4, 17, Gali No. 16, Vishwas Nagar, Shahdara, Delhi",28.66034969999999,77.2890561,3.5,213.0,Shahdara,hotel,
ChIJnzfZxyH9DDkRB58ZTRYEcpA,ChIJnzfZxyH9DDkRB58ZTRYEcpA,Hotel O By Oyo Heaven Stay,"Shop no 106 First floor, Landmark, Street No, Mall Rd, near GTB Nagar, Kingsway Camp, GTB Nagar, Metro, Delhi",28.6981698,77.2063056,3.0,6.0,Metro,hotel,
ChIJD9sct5j9DDkRJe9FJUj54YI,ChIJD9sct5j9DDkRJe9FJUj54YI,Hotel O Royal Discovery,"43845, 1/15, Block 1, Roop Nagar, Delhi",28.6838038,77.1973493,2.6,5.0,Roop Nagar,hotel,
ChIJVVWF8pwCDTkRqM8xtxxMbm0,ChIJVVWF8pwCDTkRqM8xtxxMbm0,"Fabhotel De Gold - Hotel In Karol Bagh, New Delhi","Bank Street, Plot No 3505-3506, Pyare Lal Rd, near shiv shakti chikitshalay, Neta Ji Subhash Market, Block 32, Krishna Nagar, Karol Bagh, Delhi",28.6530331,77.1902945,3.7,1919.0,Karol Bagh,hotel,
ChIJw4-X1Tf5DDkRmtRsLfv7Gco,ChIJw4-X1Tf5DDkRmtRsLfv7Gco,"Hotel Vcr Inn, Loni","2 No, C-14, Main loni Road, chowk, Village, Laxmi Garden, Gharoti Khurd, Loni, Ghaziabad",28.7341426,77.2885348,4.8,91.0,Loni,hotel,
ChIJfYdgbx37DDkRNqrP_TGtdC0,ChIJfYdgbx37DDkRNqrP_TGtdC0,Hotel O By Oyo Kanha Palace,"part 31/10, Gali Number 7, Bhikam Singh Colony, Block 17, Vishwas Nagar, Shahdara, Delhi",28.6591567,77.290609,4.5,25.0,Shahdara,hotel,
ChIJH6vik5r9DDkRwaLCMAtRMBM,ChIJH6vik5r9DDkRwaLCMAtRMBM,Amitabh Guest House,"E-23, Bungalow Rd, Kamla Nagar, Delhi",28.68368289999999,77.2042156,4.0,291.0,Kamla Nagar,hotel,
ChIJMdVeUHz9DDkRUb0zQeex0LI,ChIJMdVeUHz9DDkRUb0zQeex0LI,Hotel O By Oyo Kashish Residency,"Shop No 26-A, Block UA, UAJawahar Nagar, Malka Ganj, Delhi",28.6798362,77.2082841,2.1,55.0,Malka Ganj,hotel,
ChIJR-G7XwX9DDkRB5h2b4-759I,ChIJR-G7XwX9DDkRB5h2b4-759I,New Frontier Hotel,"1649, Shyama Prasad Mukherjee Marg, near Novelty Cinema, opp. Railway Parking 18, Katra Ghel, Khari Baoli, Chandni Chowk, New Delhi, Delhi",28.6607787,77.2222932,3.5,399.0,New Delhi,hotel,
ChIJveR9BhL9DDkRzovn1p9-oZ8,ChIJveR9BhL9DDkRzovn1p9-oZ8,Hotel O The Signature Stay,"Landmark, Shop No 55 2nd Floor Mall Road, Station Gate No 1, Kingsway Camp, GTB Nagar, Delhi",28.698427,77.2065278,1.7,6.0,GTB Nagar,hotel,
ChIJxazGehoDDTkRgXpoZkzEoFY,ChIJxazGehoDDTkRgXpoZkzEoFY,Fabhotel Ashoka International,"Floor, 3382, Hotel Ashoka International, Ground 1, 2 3, Desh Bandhu Gupta Rd, Karol Bagh, New Delhi",28.6533238,77.1915138,4.4,11.0,Karol Bagh,hotel,
ChIJ1dTzbUD9DDkRixPcd_ToHAc,ChIJ1dTzbUD9DDkRixPcd_ToHAc,Hotel D Suites Dx Group,"M53R+7MM, Desh Bandhu Gupta Rd, Block 44Q, Chuna Mandi, Paharganj, New Delhi, Delhi",28.6532133,77.1916605,2.1,7.0,New Delhi,hotel,
ChIJPfl6An39DDkR9DyzbJAjrXA,ChIJPfl6An39DDkR9DyzbJAjrXA,Oyo Flagship 812491 Hotel Siddhartha Guest House,"9/22, Pushta Rd, Kailash Nagar, Gandhi Nagar, Seelampur, Delhi",28.6643191,77.25581,4.2,62.0,Seelampur,hotel,
ChIJI1fsiqb9DDkRxxtLxlsOTNA,ChIJI1fsiqb9DDkRxxtLxlsOTNA,Maidens Hotel,"7, Sham Nath Marg, Prema Kunj, Civil Lines, New Delhi, Delhi",28.674448,77.22619300000001,4.5,4784.0,New Delhi,hotel,
ChIJy9TCyKj7DDkRhTRHFi2RHQA,ChIJy9TCyKj7DDkRhTRHFi2RHQA,Hotel Fortune Stay By F9 Hotels,"A1, Loni Bhopura Rd, Panchsheel Enclave, Bhopura, Sahibabad, Ghaziabad",28.7092124,77.33167449999999,4.4,191.0,Sahibabad,hotel,
ChIJx5ugHAv7DDkRSmi3LJexcdw,ChIJx5ugHAv7DDkRSmi3LJexcdw,Hotel O Galaxy,"Loni Bhopura Rd, Panchsheel Enclave, Raj Bagh, Sahibabad, Ghaziabad",28.7086919,77.3317769,4.4,30.0,Sahibabad,hotel,
ChIJpXzVXgD7DDkROTg2qZrmdZE,ChIJpXzVXgD7DDkROTg2qZrmdZE,Hotel Grand Arcasia Dilshad Garden,"D59, Pocket E, Dilshad Colony New Simapuri, Dilshad Colony, New Delhi, Delhi",28.68888269999999,77.3234743,4.6,104.0,New Delhi,hotel,
ChIJh5Fhbsj7DDkRVWFOMmVGyy8,ChIJh5Fhbsj7DDkRVWFOMmVGyy8,Hotel O L'Elegant Hotel & Banquet By Ace Manor,"Maharajpur, Sahibabad Industrial Area Site 4, Sahibabad, Ghaziabad",28.6564398,77.34059069999999,2.7,22.0,Sahibabad,hotel,
ChIJnx2GLQv7DDkR4lgOVsS6N6E,ChIJnx2GLQv7DDkR4lgOVsS6N6E,Hotel Golden Residency,"metro station, Block C, Shaheed Nagar, Sahibabad, Ghaziabad",28.6771188,77.3319041,3.4,106.0,Sahibabad,hotel,
ChIJf89Sw6D5DDkRD8VTYAe8gtE,ChIJf89Sw6D5DDkRD8VTYAe8gtE,Hotel O City Guest House,"plot no, 01Main Road, near by HP petrol pump, Tila, Loni, Ghaziabad",28.7292194,77.3299957,4.7,7.0,Loni,hotel,
ChIJGX2GTD77DDkRkCEj_1vvVpQ,ChIJGX2GTD77DDkRkCEj_1vvVpQ,Roomshala 088 Hotel Green Villa,"C 61, near SBI Bank, DDA Flats, Anand Vihar, Delhi, New Delhi",28.65352,77.3124862,3.4,7.0,Delhi,hotel,
ChIJd-ZjPh_7DDkR1oqGuo5VE1E,ChIJd-ZjPh_7DDkR1oqGuo5VE1E,Hotel O Bollywood,"Street No 0885, Premises No 23-0885, C-37, M.S Park, Vishwas Nagar, Shahdara, Delhi",28.6634148,77.3020406,4.1,14.0,Shahdara,hotel,
ChIJY2tQYgD7DDkRiK5qtxTSXfk,ChIJY2tQYgD7DDkRiK5qtxTSXfk,The Royal Hotel,"10/120, Shankar Gali, Vishwas Nagar, Shahdara, New Delhi, Delhi",28.6658659,77.3007057,3.5,22.0,New Delhi,hotel,
ChIJ9zJVVgD7DDkRWOQxBwWX3G4,ChIJ9zJVVgD7DDkRWOQxBwWX3G4,The Aura Hotel & Banquet,"1/5932, Loni Rd, opposite Uttar Railway Ticket Ghar, East Rohtas Nagar, East Ram Nagar, Ram Nagar, Shahdara, Delhi",28.6760313,77.2922865,4.0,90.0,Shahdara,hotel,
ChIJK31TtXX7DDkRI07HmBH4rWE,ChIJK31TtXX7DDkRI07HmBH4rWE,Green Palms,"B Block, Plot No 17, near Jhilmil Metro Station, Jhilmil Industrial Area, Jhilmil Colony, New Delhi, Delhi",28.6748677,77.3128705,3.9,455.0,New Delhi,hotel,
ChIJgRHwEe_7DDkRC6q5bpveHsc,ChIJgRHwEe_7DDkRC6q5bpveHsc,Bharat Guest House By Mangal Hospitality,"B-1, Rampuri, Chander Nagar, Surya Nagar, Ghaziabad",28.6643029,77.3215123,4.8,61.0,Surya Nagar,hotel,
ChIJcfXKPeH5DDkRNcE1fMUKtKY,ChIJcfXKPeH5DDkRNcE1fMUKtKY,Oyo Flagship Hotel Royal Paradise,"PLOT NO-588, TEELA MOD, KHASRA ROAD, Tila More, Ghaziabad",28.7262975,77.334131,2.9,20.0,Tila More,hotel,
ChIJMw_YsOX7DDkRIA-FtYIrL60,ChIJMw_YsOX7DDkRIA-FtYIrL60,Hotel O Red Diamond Hotel,"Indian Oil petrol pump, Plot No-101Near, Bhopura, Ghaziabad",28.6962859,77.3323985,4.5,48.0,Bhopura,hotel,
ChIJScfQWH77DDkRSkN5qnZY4gs,ChIJScfQWH77DDkRSkN5qnZY4gs,Super Townhouse By Oyo Shahdara Near Yamuna Sports Complex Formerly Hotel Ipotel,"Hotel, 154, Subhash St, near Cross River Mall, Vishwas Nagar, Shahdara, Delhi",28.6652578,77.29930449999999,4.2,152.0,Shahdara,hotel,
ChIJJ_d6dAr7DDkRuT7Y-9pNcMA,ChIJJ_d6dAr7DDkRuT7Y-9pNcMA,Collection O 77161 Shalimar Bagh,"Khasra NO. 920, 209, Street No. 3, Sagar Market, Block A, Dilshad Garden, New Delhi, Delhi",28.678081,77.3135496,5.0,2.0,New Delhi,hotel,
ChIJ8fp48rP7DDkRB1sioTWEZE8,ChIJ8fp48rP7DDkRB1sioTWEZE8,Hotel O By Oyo Green Park Guest House,"Khasra No. 292, Property No. 296 Plot No. 2, opposite HP Petrol Pump, Amar Colony, East Gokalpur, Delhi",28.7052239,77.2914916,2.9,11.0,East Gokalpur,hotel,
ChIJl0GK5hX5DDkRotk6Zj4Dd1M,ChIJl0GK5hX5DDkRotk6Zj4Dd1M,Super Townhouse By Oyo Johri Enclave Metro Station Formerly Second Home,"Metro Station, Plot No. A2, Johripur Rd, near Auto Stand, Johri Enclave, Johripur Enclave, Johripur, Ghaziabad",28.7110081,77.2903807,4.1,44.0,Johripur,hotel,
ChIJ0fXfXH_7DDkREDM40klEACs,ChIJ0fXfXH_7DDkREDM40klEACs,Fabhotel Prime Shahdara,"1/5932, Kabool Nagar, Shahdara, New Delhi, Delhi",28.6760368,77.28975299999999,5.0,6.0,New Delhi,hotel,
ChIJTW2J7Yv7DDkRoaEMVYMmb-0,ChIJTW2J7Yv7DDkRoaEMVYMmb-0,Ajanta Hotel,"9/111, Subhash St, Vishwas Nagar, Shahdara, Delhi",28.6657762,77.2996625,3.4,341.0,Shahdara,hotel,
ChIJYbCLDMP7DDkR1-R0n48fg2I,ChIJYbCLDMP7DDkR1-R0n48fg2I,Fabhotel Prime Shanit - Hotel In Anand Vihar,"Plot no 46, Ram Vihar, Anand Vihar, New Delhi, Delhi",28.6588609,77.31038699999999,4.6,162.0,New Delhi,hotel,
ChIJCyUAlnH7DDkRGOw37CO42EY,ChIJCyUAlnH7DDkRGOw37CO42EY,Hotel Dream Palace,"18-quater, 10/124, near Guru Govind Singh University, Vishwas Nagar, Shahdara, Delhi",28.6667934,77.3011726,4.2,128.0,Shahdara,hotel,
ChIJ02TzQUn7DDkRNflvIGixm0c,ChIJ02TzQUn7DDkRNflvIGixm0c,Collection O Ggs Indraprastha University,"Plot no.154, Subhash St, near Cross River Mall, Vishwas Nagar, Shahdara, Delhi",28.66523,77.2992367,3.4,15.0,Shahdara,hotel,
ChIJK4VQrrf7DDkRieHJtHdj6j0,ChIJK4VQrrf7DDkRieHJtHdj6j0,Hotel O Galaxy,"D-540, D - 540, Wazirabad Rd, Amar Colony, Saboli, Delhi",28.699705,77.301127,4.1,64.0,Saboli,hotel,
ChIJuzFfhHP9DDkRoWxD6RIlgzY,ChIJuzFfhHP9DDkRoWxD6RIlgzY,Oyo Happy Times,"H-1, Vijay Chowk, Satnam park, Block H, Krishna Nagar, Delhi",28.6574009,77.2833686,4.6,24.0,Krishna Nagar,hotel,
ChIJO4bEjrL7DDkR_Sj7Ag-P-Pk,ChIJO4bEjrL7DDkR_Sj7Ag-P-Pk,Hotel O Santosh Residency,"7, 60 Feet Rd, Vishwas Nagar, Shahdara, Delhi",28.6655223,77.2954203,3.6,74.0,Shahdara,hotel,
ChIJtQyatR79DDkR7JSqzaRjKzM,ChIJtQyatR79DDkR7JSqzaRjKzM,Hotel O The Crown Guest House,"Plot 1 First Floor, chowk, Bikaner ke Uper, Block B, Khazoori Khas, Delhi",28.7049686,77.2565249,2.3,8.0,Khazoori Khas,hotel,
ChIJVfDBDED7DDkRZxEYfTxUVsg,ChIJVfDBDED7DDkRZxEYfTxUVsg,Hotel Ipotel,"9111, Vishwas Nagar, Shahdara, Delhi",28.6652577,77.2993043,4.2,103.0,Shahdara,hotel,
ChIJSxK4WHb9DDkRfUCoVOoXhdo,ChIJSxK4WHb9DDkRfUCoVOoXhdo,Hotel O 814205 Sonu Palace,"D-101, G No-6, Kh, 244/2, Garhi Mandu, Bhajanpura, Shahdara, Delhi",28.699417,77.25574999999999,3.2,9.0,Shahdara,hotel,
ChIJyRN6s1z7DDkRXyz-nBjM_D8,ChIJyRN6s1z7DDkRXyz-nBjM_D8,Fabhotel Bellmont - Hotel In Vivek Vihar,"Bank of Baroda, B-67 F/F, Maharaja Surajmal Marg, Vivek Vihar Phase 2, Shahdara, New Delhi",28.6710081,77.3028452,4.1,22.0,Shahdara,hotel,
ChIJu-J1KIL9DDkRr5qeJBYa8PM,ChIJu-J1KIL9DDkRr5qeJBYa8PM,Hotel O Dream Stay,"B 105, Gali no 8 East Azad Nagar, New delhi, Delhi 50, Delhi",28.664139,77.2790775,3.4,45.0,Delhi 50,hotel,
ChIJx1vzJccJDTkRvrtlOzNNBDw,ChIJx1vzJccJDTkRvrtlOzNNBDw,Suraaj Farms,"Suraaj Farms Salasar, Jaunti Rd, Jaunti, Delhi",28.7530587,76.95947629999999,4.7,199.0,Jaunti,hotel,
ChIJJUU734WpDTkReu71uFgc1lg,ChIJJUU734WpDTkReu71uFgc1lg,Super Townhouse By Oyo Dsidc Bawana Formerly Kanhaiya Residency,"number - 156/4, Plot number - 12 khasra, Ishwar Colony, extension, Delhi",28.7927337,77.03780809999999,4.7,59.0,extension,hotel,
ChIJLXBHITYHDTkRXDo-83ErgJ0,ChIJLXBHITYHDTkRXDo-83ErgJ0,Townhouse Oak Pooth Haveli,"Khasra No 154, plot no 385, near bawana industrial, pooth khurd, Kanjhawala, Delhi",28.7224037,77.0069184,3.0,11.0,Kanjhawala,hotel,
ChIJc3tLO9gHDTkR-Yt8o7HV9V0,ChIJc3tLO9gHDTkR-Yt8o7HV9V0,Hotel Ssensse,"House No.28, Pocket, 5A, Prahlad Vihar, Sector 25, Rohini, New Delhi, Delhi",28.7358809,77.09340120000002,4.0,220.0,New Delhi,hotel,
ChIJzVpPAUwHDTkRCd2U21g5PSs,ChIJzVpPAUwHDTkRCd2U21g5PSs,Dusky Hotel & Restaurant,"Lakhi Ram Park, C-110/111, Lakhi Ram Park, Sector 22, Rohini, Delhi",28.7123752,77.0572555,3.9,79.0,Rohini,hotel,
ChIJpdaR5mQHDTkRNN_caaPvuOs,ChIJpdaR5mQHDTkRNN_caaPvuOs,Hotel Red Saffron,"119, Pocket, 4 & 5, Prahladpur Rd, Pocket 9, Sector 23, Budh Vihar, Delhi",28.7240775,77.0809216,4.0,110.0,Budh Vihar,hotel,
ChIJm98tDSYHDTkRa_L9K5npxF8,ChIJm98tDSYHDTkRa_L9K5npxF8,Oyo Amazing House,"A, 1, Budh Vihar Phase I, Budh Vihar, Delhi",28.7037999,77.0879417,2.6,8.0,Budh Vihar,hotel,
ChIJeXalCScHDTkRdVQT8zcdM2s,ChIJeXalCScHDTkRdVQT8zcdM2s,Hotel O Rohini Sector 20 Formerly Yellow Saffron,"Hotel yellow saffron, Plot no. 36, Pocket 16, Sector 20, Rohini, Delhi",28.7119169,77.072934,4.4,218.0,Rohini,hotel,
ChIJb31uBhoHDTkRgNR0Ru405iE,ChIJb31uBhoHDTkRgNR0Ru405iE,Oyo Moody Moon Hotel Rohini,"Begumpur Rd, Pocket 3, Sector 22, Rohini, Delhi",28.718398,77.05824199999999,3.2,58.0,Rohini,hotel,
ChIJNQkZiF4HDTkRBq76ILZTk7M,ChIJNQkZiF4HDTkRBq76ILZTk7M,Qotel Hotel Rama Rohini Sector 24,"pkt, 27, Plot no. 10, Pocket 27, Sector 24, Rohini, New Delhi, Delhi",28.7332349,77.0867658,4.7,480.0,New Delhi,hotel,
ChIJu3tzx0EHDTkRNcc5Qf8-vLI,ChIJu3tzx0EHDTkRNcc5Qf8-vLI,Hotel O Sukun Villa,"Plot number - 38, Pocket 16, Sector 20, Rohini, Delhi",28.7120013,77.0727612,5.0,1.0,Rohini,hotel,
ChIJN6VWM40HDTkRhpq1Mo1G1UM,ChIJN6VWM40HDTkRhpq1Mo1G1UM,Hotel O The Crown Inn,"Plot 86, near by the gym, Begampur Extension, Sector 33, Begum Pur, Delhi",28.7223803,77.0666882,4.2,13.0,Begum Pur,hotel,
ChIJuS9QqWoHDTkRK828ZAauYDE,ChIJuS9QqWoHDTkRK828ZAauYDE,"Fabhotel Rama - Hotel In Rohini, New Delhi","Plot No. 10, Pocket 27, Sector 24, Rohini, New Delhi, Delhi",28.7332121,77.08673449999999,4.5,558.0,New Delhi,hotel,
ChIJ148ArrIHDTkRLtH_2Sfx9TM,ChIJ148ArrIHDTkRLtH_2Sfx9TM,Super Oyo Flagship Sk Residency Rohini Near Rithala Metro Station,"G-8, G-8, Prahladpur Rd, Manigram Park Extension, Rohini Extension, Rohini, Delhi",28.7192912,77.0774404,3.1,144.0,Rohini,hotel,
ChIJYbxMPKkHDTkRon3sfcme-3w,ChIJYbxMPKkHDTkRon3sfcme-3w,Hotel O Mannat Residency,"Main, Kanjhawala Rd, near Braham Shakti Hospital, Pooth Kalan, Rohini, Delhi",28.70980699999999,77.0809089,3.6,116.0,Rohini,hotel,
ChIJWVTdOtkGDTkRqhpoxf-FT6A,ChIJWVTdOtkGDTkRqhpoxf-FT6A,Hotel O Rohil Residency,"53/19, Bahadur Shah Marg, Bhawana Colony, Sector 31, Rohini, Delhi",28.7461878,77.0870655,3.4,407.0,Rohini,hotel,
ChIJ2UWUkp4HDTkRBo8KrLlPKjU,ChIJ2UWUkp4HDTkRBo8KrLlPKjU,Super Townhouse By Oyo Rohini Sector 23,"Plot Number 118, Pocket 4/5, Sector 23, Opposite Jheel Park Rohini, near Rohini Extension, Rohini Extension, Budh Vihar, Delhi",28.724162,77.08083549999999,3.6,481.0,Budh Vihar,hotel,
ChIJv7HZjfwHDTkRsAY2J5m3BfQ,ChIJv7HZjfwHDTkRsAY2J5m3BfQ,Hotel O Royal King Dx Near Rithala Metro Station,"Pocket 11, Sector 24, Rohini, Delhi",28.730977,77.087637,3.6,97.0,Rohini,hotel,
ChIJBb2AhdMHDTkRiuP5pxgamCA,ChIJBb2AhdMHDTkRiuP5pxgamCA,Oyo Hotel Royal Inn,"main 5, Prahladpur Road, Gram Sabha Main Rd, Mange Ram Park, Pooth Kalan, Delhi",28.7194602,77.0775505,2.8,32.0,Pooth Kalan,hotel,
ChIJIx-vIgAHDTkRbubTc7FHDgU,ChIJIx-vIgAHDTkRbubTc7FHDgU,Oyo Lord King Hotel,"Shiv Chowk, Sector 20, Rohini, Delhi",28.7090176,77.06661179999999,4.6,39.0,Rohini,hotel,
ChIJcYHejWQHDTkRoCglvFFeLcc,ChIJcYHejWQHDTkRoCglvFFeLcc,Oyo Hotel Rohini Inn Near Rithala Metro Station,"house no 4, adjoining Sec23, Manigram Park Extension, Rohini Extension, Rohini, Delhi",28.7195255,77.07755619999999,3.2,150.0,Rohini,hotel,
ChIJhZ5e-RYHDTkRUj9TQ7kXtYA,ChIJhZ5e-RYHDTkRUj9TQ7kXtYA,Rohil Residency By Mayur Group Of Hotels,"near MAHADEV CHOWK, Dagar Pana, Prahladpur Bangar, Sector 31, Rohini, Delhi",28.7499255,77.08014709999999,5.0,11.0,Rohini,hotel,
ChIJZ15qheAHDTkRTBlaPob9Hjs,ChIJZ15qheAHDTkRTBlaPob9Hjs,Townhouse Rama Hotel,"Plot no 10, Pocket 7, Sector 24, Rohini, Delhi",28.7333715,77.086691,3.1,136.0,Rohini,hotel,
ChIJA9WYaIEHDTkRTK-Lo25SbTA,ChIJA9WYaIEHDTkRTK-Lo25SbTA,Hotel 7 Star,"H-49 BegamPur Road, A, opp. Cng Pump, near GD Gonika Public School, Pocket 11, Sector 22, Rohini",28.7228852,77.0617084,4.5,75.0,Sector 22,hotel,
ChIJ67eVkr8GDTkRVc10q3eNuvE,ChIJ67eVkr8GDTkRVc10q3eNuvE,Fabhotel A One Rohini Sector 23,"Parle Point, Pocket 9, Umra Gam, Rohini, New Delhi, Delhi",28.7241289,77.0809672,4.6,32.0,New Delhi,hotel,
ChIJUc57VzMHDTkRg3Uh88w6Gbk,ChIJUc57VzMHDTkRg3Uh88w6Gbk,Hotel Sarvasa Residency By F9 Hotels,"104, Pocket 27, Sector 24, Rohini, New Delhi, Delhi",28.7321712,77.08802229999999,4.2,21.0,New Delhi,hotel,
ChIJQXI7f_gHDTkRunuuBt6reZg,ChIJQXI7f_gHDTkRunuuBt6reZg,Oyo Hotel Heritage,"Pkt 1, Rohini Sector-22, Plot No- 80, Pocket 1, Sector 22, Begum Pur, Delhi",28.7140357,77.06037239999999,4.6,10.0,Begum Pur,hotel,
ChIJ29BUF9oDDTkR6mXGVvaeoQs,ChIJ29BUF9oDDTkR6mXGVvaeoQs,Townhouse Vip Grand,"House no 35, Ramesh Enclave, Pocket 2, Sector 21, Rohini, Delhi",28.7100153,77.06318290000002,4.8,6.0,Rohini,hotel,
ChIJ09LJrqwHDTkR6EUOtQ_cFqg,ChIJ09LJrqwHDTkR6EUOtQ_cFqg,Hotel Blue Daimond Rohini,"House 97, pkt, 1, Rohini Sec 21 Rd, Sector 21, Rohini, New Delhi, Delhi",28.710286,77.0676391,4.4,16.0,New Delhi,hotel,
ChIJ83zzx1sHDTkRI1NK8xauAC4,ChIJ83zzx1sHDTkRI1NK8xauAC4,Hotel Otel Unwind,"Aman Vihar, Police Station, 415, Pocket 5, Sector 22, Rohini, Delhi",28.7196611,77.06394689999999,3.2,79.0,Rohini,hotel,
ChIJaWnPPIYFDTkR5G99LKfy-d0,ChIJaWnPPIYFDTkR5G99LKfy-d0,Hotel O Hotel Tj,"House No- 23Pocket - 3, Wine Shop, Wala Road, Sector 21, Rohini, Delhi",28.7113583,77.0635234,4.8,6.0,Rohini,hotel,
ChIJIaLpK2UHDTkRbIISKFozkdo,ChIJIaLpK2UHDTkRbIISKFozkdo,Hotel Green Olive,"Khasra No 24/23, 24/24 Village pooth kalan, Mange Ram Park, Sector 23, Rohini, Delhi",28.7191745,77.07743909999999,4.5,12.0,Rohini,hotel,
ChIJXeSnHXIHDTkRprqwYbtYCHg,ChIJXeSnHXIHDTkRprqwYbtYCHg,Hotel O Shiva Hotel,"A-49/ Kishan Colony Prahlad Vihar, Delhi, Delhi 48, Delhi",28.7451906,77.0860129,4.8,15.0,Delhi 48,hotel,
ChIJ5V5eFuAHDTkR47MCn7ul_ww,ChIJ5V5eFuAHDTkR47MCn7ul_ww,Fabexpress The Maharaja Grand,"127, Pooth Kalan, Kanjhawala Rd, Sector 20, Rohini, New Delhi",28.7138071,77.0769765,4.2,26.0,Rohini,hotel,
ChIJixLvaq8HDTkR3a-ToyPGxt8,ChIJixLvaq8HDTkR3a-ToyPGxt8,Super Hotel O Rohini Sector 20 Mait Formerly Maharaja Grand,"Khasra No-106/173, Extended Lal Dora, near Maharaja Agrasen Marg, Village Pooth Kalan, Institute, Rohini, Delhi",28.7140565,77.0768725,4.1,81.0,Rohini,hotel,
ChIJA4OXYoEHDTkROFZ398gVHHU,ChIJA4OXYoEHDTkROFZ398gVHHU,Hotel O By Oyo Kaushik Guest House,"A-72, Kanjhawala Rd, near Rajni Gupta Hospital, Pocket Q, Budh Vihar Phase I, Mein, Delhi",28.7074277,77.0834631,3.0,64.0,Mein,hotel,
ChIJf6e9W1IDDTkRjU22Y7Hx3lU,ChIJf6e9W1IDDTkRjU22Y7Hx3lU,Oyo Hotel Golden Key Inn,"indraprastha CNG pump, Plot no.90, Rohini Sec 21 Rd, Pocket 3, Sector 21, Rohini, Delhi",28.7123068,77.06337580000002,3.1,13.0,Rohini,hotel,
ChIJu8LlD5oGDTkRwBIgoNVPNuU,ChIJu8LlD5oGDTkRwBIgoNVPNuU,Collection O Hotel Yellow Saffron,"Pocket 12, Sector 20, Rohini, Delhi",28.7120708,77.0728146,3.6,150.0,Rohini,hotel,
ChIJ_RV61HsHDTkRAWWXg1KJw4k,ChIJ_RV61HsHDTkRAWWXg1KJw4k,Oyo Home 63962 Elegant Stay,"Plot No. 116 Pocket, 7, Pocket 5, Sector 22, Rohini, Delhi",28.71985489999999,77.0621519,3.1,46.0,Rohini,hotel,
ChIJD-_OOykHDTkRfcnV8lQwHtg,ChIJD-_OOykHDTkRfcnV8lQwHtg,Hotelhome Stay Rohini,"Plot no. 105, Pocket 27, Sector 24, Rohini, Delhi",28.7320089,77.08790259999999,4.1,13.0,Rohini,hotel,
ChIJdc7B-KMHDTkRNozX6LADra0,ChIJdc7B-KMHDTkRNozX6LADra0,Live On,"127, 127, Pooth Kalan, Rohini Tehsil, Delhi",28.7138457,77.0770106,3.3,41.0,Rohini Tehsil,hotel,
ChIJIVrBSmUHDTkR9fGMGA5NuAA,ChIJIVrBSmUHDTkR9fGMGA5NuAA,Oyo Silverkey Pooth Kalan Near Rithala Metro Station,"no 6/7/2, 37414, plot no old 4 khasra, Pooth Kalan, Delhi",28.709694,77.08068,3.8,49.0,Pooth Kalan,hotel,
ChIJoYZHA4UHDTkR0NeUuFoc3XQ,ChIJoYZHA4UHDTkR0NeUuFoc3XQ,Revking At Hotel Jageer Bawana,"92, G Block, G Block, DSIIDC Industrial Area, Sector 3, Bawana, New Delhi, Delhi",28.78113729999999,77.0475393,3.9,8.0,New Delhi,hotel,
ChIJxZnWx8oHDTkRUkMD7g_KF04,ChIJxZnWx8oHDTkRUkMD7g_KF04,Collection O Rohini Sector 21 Formerly Shelter Inn,"Plot No. 13, Sector 21, Rohini, Delhi",28.7109211,77.06450029999999,4.5,34.0,Rohini,hotel,
ChIJ78gy8y4HDTkRHZp1SwDEWHo,ChIJ78gy8y4HDTkRHZp1SwDEWHo,Hotel O Sk Tower Near Rithala Metro Station,"House No, G-1, Rajiv Nagar Extension, Rohini Extension, Rohini, Delhi",28.7192393,77.0774763,2.2,46.0,Rohini,hotel,
ChIJo0kq50oDDTkRW31gcMJK4TY,ChIJo0kq50oDDTkRW31gcMJK4TY,Capital O Stellar Inn Near M2K Cinemas Rohini,"DDA Market, CSC-1, Shukar bazar road, Sector 6, Rohini, Delhi",28.7090484,77.10940959999999,4.1,133.0,Rohini,hotel,
ChIJQ5QKh-cBDTkRdH8g2foHdjc,ChIJQ5QKh-cBDTkRdH8g2foHdjc,Gallivanto Inn - Rohini,"H, 3/27, Block A, Sector 18, Rohini, Delhi",28.7408932,77.1331861,4.5,294.0,Rohini,hotel,
ChIJM3l9UZoBDTkR2_ot_oWf6eg,ChIJM3l9UZoBDTkR2_ot_oWf6eg,Hotel Celebration Home,"Upper Ground Floor, Blk-H, Plot No 16, Pkt-2, Pocket 2, Sector 11, Rohini, New Delhi, Delhi",28.735849,77.112601,4.6,104.0,New Delhi,hotel,
ChIJ44xy620HDTkRZkVQGauKZBI,ChIJ44xy620HDTkRZkVQGauKZBI,Hotel O 24 Seven Stay,"594, Main Bhawan Road, near DTU College, Delhi Technological University, Shahbad Daulatpur Village, Delhi-42, Delhi",28.7454684,77.1159437,4.5,15.0,Delhi-42,hotel,
ChIJXaRnw_8BDTkREb1cB8_n2Xs,ChIJXaRnw_8BDTkREb1cB8_n2Xs,Super Townhouse Mannat Rohini 16,"I6, Tehsil, 92, Ram Krishna Marg, Pocket 5, Sector 16, Rohini, Alīpur, Delhi",28.7401886,77.1223371,3.3,367.0,Alīpur,hotel,
ChIJDYSnz5QBDTkRX_zVDWiJhWI,ChIJDYSnz5QBDTkRX_zVDWiJhWI,Hotel Spaark Residency,"metro station, B9 block house no 305 sector 5 rohini Delhi 85 behind rajiv gandhi cancer hospital and research institute Near rohini west and, Rithala, New Delhi",28.7162844,77.1088166,4.5,353.0,Rithala,hotel,
ChIJyUXaansBDTkRKVNqN84YfWs,ChIJyUXaansBDTkRKVNqN84YfWs,Karan Holidays,"E - 54, Main, Outer Ring Rd, Prashant Vihar, Sector 14, Rohini, New Delhi, Delhi",28.71463949999999,77.138621,3.8,364.0,New Delhi,hotel,
ChIJUXyGwzsBDTkRpCTgSan0Boc,ChIJUXyGwzsBDTkRpCTgSan0Boc,Hotel Green Arrow Rohini,"Hargovind Vihar, A 02, Sir Chotu Ram Marg, near Police Station, Pocket G-27, Sector 4, Rohini, Delhi",28.7059252,77.1026299,4.3,6.0,Rohini,hotel,
ChIJ74P05McBDTkRI1DrZsSufxA,ChIJ74P05McBDTkRI1DrZsSufxA,Oyo 90274 Hotel Knight Inn,"Alipur Tehsil, Shahbad Daulatpur Village, Rohini, Delhi",28.7455137,77.1096671,3.5,4.0,Rohini,hotel,
ChIJp4vc-_IHDTkRb_HfVWOCbec,ChIJp4vc-_IHDTkRb_HfVWOCbec,Super Hotel O By Oyo Iskcon Temple Rohini Formerly Golden Key,"3/27-28Pocket, 3, Pocket 3, Sector 25, Rohini, Delhi",28.7345483,77.0979835,4.0,34.0,Rohini,hotel,
ChIJdad-SAQBDTkR6-Y1PIrL3Tk,ChIJdad-SAQBDTkR6-Y1PIrL3Tk,Hotel O Moro,"Plot no 2, Garg trade centre, Anushka tower, Pocket 4, Sector 11, Rohini, Delhi",28.7343116,77.113643,2.7,18.0,Rohini,hotel,
ChIJpX4ZcV4DDTkRd-eCiR8vt7E,ChIJpX4ZcV4DDTkRd-eCiR8vt7E,Oyo Florence Residency Near M2K Cinemas Rohini,"East Metro, C9/116, above Andhra Bank, near Rohini, Pocket 9, Sector 8C, Rohini, Delhi",28.7057795,77.1269738,3.7,184.0,Rohini,hotel,
ChIJ1d-ok2QBDTkRPEamr4ALHlY,ChIJ1d-ok2QBDTkRPEamr4ALHlY,Aanya Residency,"B-9/58, Pocket 9, Sector 5, Rohini, Delhi",28.7156474,77.1068797,4.7,14.0,Rohini,hotel,
ChIJyd_rr2UBDTkRjfnsPvF7feY,ChIJyd_rr2UBDTkRjfnsPvF7feY,Hotel O Vp Grand,"Pocket 12, Pocket 13, Sector 7, Rohini, New Delhi, Delhi",28.7094871,77.11915429999999,3.7,3.0,New Delhi,hotel,
ChIJ0_UDiGcBDTkRZ9S_7mx5PVs,ChIJ0_UDiGcBDTkRZ9S_7mx5PVs,Oyo Twilight Inn Near Rohini Sector 18 Metro Station,"Plot-3, Near Ishan Hosput, Jail Road, pocket-B, Sector 19, Rohini, Delhi",28.733683,77.139654,5.0,2.0,Rohini,hotel,
ChIJD28IYhABDTkR33cJ9vppB2M,ChIJD28IYhABDTkR33cJ9vppB2M,Super Townhouse By Oyo Rohini Sector 18 Formerly Relic Stay,"1, PKT - 3, Near Samaypur Badli, Pocket 1, Sector 18, Rohini, Delhi",28.740304,77.133949,4.1,299.0,Rohini,hotel,
ChIJv9Wh8n8BDTkRiFIlyqavyjg,ChIJv9Wh8n8BDTkRiFIlyqavyjg,Hotel Knight Inn,"RWA Property, 84, Bawana Rd, near Vikram Dharam Kanta & Hanuman Mandir, Rama Enclave, Shahbad Daulatpur Village, Rohini, Delhi",28.74611,77.10943000000002,4.6,165.0,Rohini,hotel,
ChIJz2Og6PoBDTkRAgZCmM4Axi0,ChIJz2Og6PoBDTkRAgZCmM4Axi0,Hotel Sai Sharnam,"Plot No.-14-B, Shabad Extension, Sector17, Rohini, Delhi",28.7439967,77.1172493,,,Rohini,hotel,
ChIJiZo7fRYBDTkRiTXIZN7ndcM,ChIJiZo7fRYBDTkRiTXIZN7ndcM,Super Collection O By Oyo Sector 7 Rohini Formerly Giriraj Residency,"Plot no. 3A, Uday singh palace, Plot no. 3A, Uday singh palace, Naharpur village, Rohini, sector - 7, Delhi, Delhi",28.7070738,77.1146052,4.3,95.0,Delhi,hotel,
ChIJ5-GnwuYBDTkRenzp2BlV9aY,ChIJ5-GnwuYBDTkRenzp2BlV9aY,Hotel Delta 5,"Rohani, sector 17, Plot no-7, Gali no-7, near DTU collage, Shabad Extension, Sector17, Rohini, Delhi",28.74368359999999,77.1175801,2.6,5.0,Rohini,hotel,
ChIJeW9TomIBDTkRLs8ZjvIZbhY,ChIJeW9TomIBDTkRLs8ZjvIZbhY,Hotel O Sunshine,"PLOT NO. 14, Shabad Extension, Sector 17, Rohini, Delhi",28.7436326,77.1176942,3.9,11.0,Rohini,hotel,
ChIJr1JJFiEBDTkRFzuMhRJDDho,ChIJr1JJFiEBDTkRFzuMhRJDDho,Hotel O By Oyo La Bella,"A-28, behind rohini jail, near Haiderpur metro station, Sector 19, Rohini, Delhi",28.7311536,77.14195579999999,4.6,23.0,Rohini,hotel,
ChIJ91XVqDABDTkRs5l8m4h51Dk,ChIJ91XVqDABDTkRs5l8m4h51Dk,Fabhotel Moro Rohini Sector 11,"Garg trade centre, Anushka tower, Plot no 2, Pocket 4, Sector 11, Rohini, New Delhi, Delhi",28.73432,77.11363999999999,3.5,38.0,New Delhi,hotel,
ChIJW6e21DgADTkRH8BsMhBw3jQ,ChIJW6e21DgADTkRH8BsMhBw3jQ,Royale Avenue Bnb,"New, near Brijwasi Dairy, near Nathupura, Ibrahimpur, Delhi",28.7761555,77.176226,4.3,396.0,Ibrahimpur,hotel,
ChIJtYXzFm4BDTkRW6GmXG4mNII,ChIJtYXzFm4BDTkRW6GmXG4mNII,Hotel Naman Residency,"Khasra no 577, Nangli, Kadipur, Delhi",28.7731359,77.15211029999999,4.8,22.0,Kadipur,hotel,
ChIJ3xHFu-8BDTkRniKPVpPnnZA,ChIJ3xHFu-8BDTkRniKPVpPnnZA,Hotel Mid-Town,"1st floor, Ambay garden, Plot no 4, GT Karnal Rd, Swaroop Nagar, Siraspur, New delhi, Delhi",28.7573168,77.14772649999999,4.1,39.0,New delhi,hotel,
ChIJO4HVEPUBDTkRn0LyWHtKEs8,ChIJO4HVEPUBDTkRn0LyWHtKEs8,Hotel Blue Diamond,"Shah Alam Bandh Marg, Adarsh Nagar Extension, Adarsh Nagar, Delhi",28.7222472,77.1718094,3.3,139.0,Adarsh Nagar,hotel,
ChIJmY1WY2gBDTkRsmGgG-zn_90,ChIJmY1WY2gBDTkRsmGgG-zn_90,Hotel O Shipraj Inn,"A-35Shalimar Bag, Shalimar Village, Shalimar Bagh, Delhi",28.7212212,77.1599162,4.5,14.0,Shalimar Bagh,hotel,
ChIJtX7UPNYBDTkR6aBBviY-pB4,ChIJtX7UPNYBDTkR6aBBviY-pB4,Hotel O D2,"A-14Panchwati, Indra Nagar, A Block, Panchwathi, Azadpur, Delhi",28.7146269,77.1751171,3.0,19.0,Azadpur,hotel,
ChIJG6IcrxkBDTkRkey4OvsU8RA,ChIJG6IcrxkBDTkRkey4OvsU8RA,Hotel The Param Continental,"Plot No - 5&6, GT Karnal Rd, near Jhandewala Petrol Pump, Libaspur, Delhi",28.75698509999999,77.14778749999999,4.5,70.0,Libaspur,hotel,
ChIJ4x53ez8BDTkR5CIlTSFHw1g,ChIJ4x53ez8BDTkR5CIlTSFHw1g,Hotel O By Oyo Shri Sai Guest House,"Plot No. A-19, Mandi Marg, opp. Metro Pillar No. 78, near Adarsh Nagar, Kewal Park Extension, New Sabzi Mandi, Azadpur, Metro, Delhi",28.7136372,77.1722647,2.2,30.0,Metro,hotel,
ChIJdXj1neQBDTkRe6C6ogZuxoU,ChIJdXj1neQBDTkRe6C6ogZuxoU,Via Luxury Inn Adarsh Nagar,"Metro Pillar 101, Adarsh Nagar, Neqr, Azadpur, New Delhi",28.719208,77.168435,4.3,75.0,Azadpur,hotel,
ChIJPxKs_owBDTkRpqyMziMelqc,ChIJPxKs_owBDTkRpqyMziMelqc,"Hotel Shri Sai Deluxe - 1 Min From Adarsh Nagar Metro I Couple, Business And Family Friendly I Budget Hotel In Adarsh Nagar","A-7, Mandi, near Adarsh nagar metro station, opposite Metro pillar no 98, Sarai Pipal Thala, extn, Azadpur, New Delhi, Delhi",28.71864399999999,77.1688269,4.5,71.0,New Delhi,hotel,
ChIJMVA5uh0BDTkRYl-pVgvlkPc,ChIJMVA5uh0BDTkRYl-pVgvlkPc,Super Hotel O Shalimar Bagh Max Hospital,"Khasra No, Plot No.1, 1023/110, Gobind Mohalla, Haiderpur, Delhi",28.723465,77.1491735,4.5,37.0,Haiderpur,hotel,
ChIJvfDCaMerDTkRij3h8iw-1bM,ChIJvfDCaMerDTkRij3h8iw-1bM,Tivoli Garden Resort,"Tivoli Garden Resort, Main, GT Karnal Rd, opp. Sai Baba Mandir, Alipur, New Delhi, Delhi",28.7887921,77.14283340000001,4.0,7945.0,New Delhi,hotel,
ChIJzXc9YhUBDTkRsWv66_fqyqA,ChIJzXc9YhUBDTkRsWv66_fqyqA,Hotel Vintage Villas,"A-7, opp. metro pillar No. 84, Indra Nagar, A Block, Panchwathi, Azadpur, Delhi",28.7144765,77.1726621,4.4,70.0,Azadpur,hotel,
ChIJeVadFNoBDTkRI6lS8QVv_7k,ChIJeVadFNoBDTkRI6lS8QVv_7k,Hotel Aananda,"metro pillar no. 74, A-39, opp. Mandi out gate, Kewal Park Extension, Panchwathi, Adarsh Nagar, Delhi",28.7126923,77.17478659999999,3.9,12.0,Adarsh Nagar,hotel,
ChIJ5ywskdUBDTkReNdCgxAYPJI,ChIJ5ywskdUBDTkReNdCgxAYPJI,Hotal Capital Valley,"P5CC+QGM, Shah Alam Bandh Marg, Bhalswa Jahangirpuri, Adarsh Nagar, Delhi",28.7219661,77.17129760000002,3.1,16.0,Adarsh Nagar,hotel,
ChIJYZTxSwEBDTkRT9D2NJmj2bE,ChIJYZTxSwEBDTkRT9D2NJmj2bE,Oyo Krishna Cafe,"KH.NO. 40/4, LANDMARK MLA OFFICE, 26,27 1ST FLOOR, 28/2, Gali Number 1, Samaypur, Delhi",28.7445393,77.14488829999999,4.3,7.0,Samaypur,hotel,
ChIJO-1YhaoBDTkRSjyr7WIIzG4,ChIJO-1YhaoBDTkRSjyr7WIIzG4,Lotus Guest House,"Q42X+VMG, Libaspur Extension, Libaspur, Samaypur, Delhi",28.7521823,77.14920400000001,3.6,13.0,Samaypur,hotel,
ChIJ7fuzuzgBDTkRPKEENDxBLpw,ChIJ7fuzuzgBDTkRPKEENDxBLpw,Hotel D Crown | Hotel In Adarsh Nagar,"Gate no. 1, 100 no, Bus Stand, A-11, Adarsh Nagar, Metro Pillar No. 92-93 Near Adarsh Nagar Metro Station, Delhi",28.7173153,77.1703821,4.0,94.0,Metro Pillar No. 92-93 Near Adarsh Nagar Metro Station,hotel,
ChIJYY6UxeYBDTkRtEgy5tQBGbA,ChIJYY6UxeYBDTkRtEgy5tQBGbA,Collection O By Oyo Shalimar Bagh,"Plot No 902/790, Shalimar Village, Shalimar Bagh, Delhi",28.7219395,77.1560501,3.6,519.0,Shalimar Bagh,hotel,
ChIJZfR22t4DDTkRGeZis44ky1o,ChIJZfR22t4DDTkRGeZis44ky1o,Caspia Hotel - New Delhi,"District Centre, Crossing, Outer Ring Rd, opposite Galaxy Toyota, Haiderpur, Shalimar Bagh, New Delhi, Delhi",28.7258014,77.14440619999999,3.8,4629.0,New Delhi,hotel,
ChIJgzemOSMBDTkRxeLIHSnwjds,ChIJgzemOSMBDTkRxeLIHSnwjds,Hotel Starline Residency,"A-17 ,SECOND FLOOR, Sindh Bank, GT Karnal Rd, opposite Near Punjab, opp. Metro Pillar 146, Ramgarh, Ramgarh Village, Jahangirpuri, Delhi",28.730563,77.15961709999999,4.0,22.0,Jahangirpuri,hotel,
ChIJuwnUayoBDTkR7f2EijQM9g8,ChIJuwnUayoBDTkR7f2EijQM9g8,Oyo Hotel Prince Near Haiderpur Metro Station,"Tehsil, Haiderpur, Shalimar Bagh, Delhi",28.7237524,77.14461849999999,2.9,35.0,Shalimar Bagh,hotel,
ChIJQYtC9bIBDTkRtzYGNORyATo,ChIJQYtC9bIBDTkRtzYGNORyATo,Hotel O Blue Diamond,"opp. Metro Pillar No 102, near Sai Baba Mandir, Sanjay Nagar, Adarsh Nagar, Delhi",28.722285,77.1716723,2.5,26.0,Adarsh Nagar,hotel,
ChIJIaV9XGr_DDkR-mZh2s1Gu3g,ChIJIaV9XGr_DDkR-mZh2s1Gu3g,Super Hotel O By Oyo Burari New Delhi,"Plot No 2, 100 Foota Main Road, Chowk, opp. Delhi Grillz & Jharkhandi Dhaba, Burari, Delhi",28.755943,77.1973079,4.2,82.0,Burari,hotel,
ChIJzw_MWG0BDTkRVR_jgo6c2JM,ChIJzw_MWG0BDTkRVR_jgo6c2JM,Oyo Townhouse 670 Hotel 16 Near Adarsh Nagar Metro Station,"A, 16, Grand Trunk Rd, Indira Nagar, Adarsh Nagar, Delhi",28.71698,77.170585,1.9,10.0,Adarsh Nagar,hotel,
ChIJFU3egYQBDTkRy8oUiTdxJ8g,ChIJFU3egYQBDTkRy8oUiTdxJ8g,Hotel O Grand Seasons,"KH No 16\25, Near, Gali Number 14, Swaroop Nagar, Bhalswa, Delhi",28.75603439999999,77.16393400000001,3.4,12.0,Bhalswa,hotel,
ChIJdbSUpfABDTkRYe0f9XoVlwQ,ChIJdbSUpfABDTkRYe0f9XoVlwQ,Hotel O By Oyo Apna,"H. NO.- 318, DESU ROAD, SHALIMAR BAGH, DELHI LANDMARK- OPP. SAHAB SINGH VERMA SAMUDAYEK BHAWAN, Delhi",28.7196998,77.15897679999999,5.0,1.0,DELHI LANDMARK- OPP. SAHAB SINGH VERMA SAMUDAYEK BHAWAN,hotel,
ChIJaQpZ9tsdDTkRt-gxwpbrYSw,ChIJaQpZ9tsdDTkRt-gxwpbrYSw,Oyo Hotel Star,"roadMetro pillar 103, A-101, Shah Alam Bandh Marg, Sanjay Nagar, Jahangirpuri, Delhi",28.7202828,77.16874159999999,3.6,9.0,Jahangirpuri,hotel,
ChIJJ3-uAo0BDTkRkOIZi70cb_4,ChIJJ3-uAo0BDTkRkOIZi70cb_4,Fabhotel The Kailash Dev,"a 41 sarai pipal thala ext, Adarsh Nagar, New Delhi",28.7191421,77.1693823,3.8,497.0,Adarsh Nagar,hotel,
ChIJJ2zoZIoBDTkRM3l0by4TH_M,ChIJJ2zoZIoBDTkRM3l0by4TH_M,Sp Lodge,"H-21 , 1A, Mahendra Park, Jahangirpuri, Delhi",28.7230173,77.16928639999999,,,Jahangirpuri,hotel,
ChIJzbs7X9MBDTkR6P5MilgrDH8,ChIJzbs7X9MBDTkR6P5MilgrDH8,Oyo Flagship Hotel Gt Inn,"211, GT Karnal Rd, near metro pillar 114, Pocket B, Mahendra Park, Jahangirpuri, Delhi",28.7222819,77.1660402,2.7,7.0,Jahangirpuri,hotel,
ChIJiWLtVqP_DDkRLHUVE9GVOMo,ChIJiWLtVqP_DDkRLHUVE9GVOMo,Collection O Burari Post Office,"Plot No 2, 100 Foota Main Road, Chowk, opp. Delhi Grillz & Jharkhandi Dhaba, Burari, Delhi",28.7559454,77.1973216,5.0,4.0,Burari,hotel,
ChIJd877ErcBDTkRSFMpmZaG98k,ChIJd877ErcBDTkRSFMpmZaG98k,Hotel Bnb Palace,"1-B, near metro pillar no.-102, Sarai Pipal Thala, Mool Chand Nagar, Adarsh Nagar, Delhi",28.7202473,77.16924589999999,4.1,138.0,Adarsh Nagar,hotel,
ChIJ_cETkuP_DDkRhX8mgtJsk20,ChIJ_cETkuP_DDkRhX8mgtJsk20,Hotel O Stay Town,"48Street - 10, A-2 Block, Virendar Nagar, Block B, West Sant Nagar, Burari, Delhi",28.7386649,77.1963779,3.4,34.0,Burari,hotel,
ChIJtf6bT0X_DDkRyAZLrwRyr58,ChIJtf6bT0X_DDkRyAZLrwRyr58,Flexibay-Girls Hostel North Delhi,"1100, Mukherjee Nagar, New Delhi, Delhi",28.7154571,77.2176661,4.8,17.0,New Delhi,hotel,
ChIJm9DdoT8BDTkRN9g6WdwXbcg,ChIJm9DdoT8BDTkRN9g6WdwXbcg,Hotel O White Grace,"2nd Floor, Landmark, Plot No 60 KH NO 27/31/2, near Primary school, Badli, Rohini, Delhi",28.7365894,77.14410339999999,,,Rohini,hotel,
ChIJEeFFoyMBDTkR3or3ygSY_fU,ChIJEeFFoyMBDTkR3or3ygSY_fU,Oyo Hotel Relax Inn,"House no. 5, Khasra No. 431/64/2, 1st Landmark, opposite Tej Services station, Kewal Park Extension, Kewal Park, Azadpur, Delhi",28.7115757,77.1769143,5.0,1.0,Azadpur,hotel,
ChIJr2pE1N8BDTkR_szajQiBDpA,ChIJr2pE1N8BDTkR_szajQiBDpA,Hotel Paradise,"pillar no 118, metro, near jahangir Puri, Mahendra Park, Jahangirpuri, Delhi",28.7230278,77.1652912,4.7,115.0,Jahangirpuri,hotel,
ChIJZ03D9-X_DDkRDe5lPjcYyWg,ChIJZ03D9-X_DDkRDe5lPjcYyWg,Hotel O Signature Village Guest House,"Galli Number 6, Gopalpur Village, Delhi",28.7188309,77.2221319,3.3,384.0,Gopalpur Village,hotel,
ChIJMzNKkUYBDTkRBzsD5Gov384,ChIJMzNKkUYBDTkRBzsD5Gov384,Oyo Shalimar Residency Near Adarsh Nagar Metro Station,"police station, A 35 A 35, Shalimar Bagh Rd, Shalimar Village, Shalimar Bagh, Delhi",28.7212664,77.160066,3.7,59.0,Shalimar Bagh,hotel,
ChIJPWbQh00BDTkRxexTLzPCrVw,ChIJPWbQh00BDTkRxexTLzPCrVw,Hotel O Mayur Palace,"91/37, opposite B.D.O. Office, Alipur, Delhi",28.7932545,77.1395656,3.5,157.0,Alipur,hotel,
ChIJ61WTkQ8BDTkROsXSSW6I5SQ,ChIJ61WTkQ8BDTkROsXSSW6I5SQ,Hotel O Hotel Gold Star,"Pillar no. 113, B-3ATheke Wali Gali, Mahendra Park, Delhi",28.7238765,77.1683012,4.8,83.0,Mahendra Park,hotel,
ChIJO5LQI-XjDDkRitHWBr5ZqXU,ChIJO5LQI-XjDDkRitHWBr5ZqXU,Oyo Flagship 77798 Hotel Sai Guest House,"A-12, A-19, Mandi Marg, opp. Metro Pillar 78, Kewal Park Extension, Azadpur, Delhi",28.7134092,77.1745991,2.6,7.0,Azadpur,hotel,
ChIJq3VR8w3_DDkRPICGVj8ny_I,ChIJq3VR8w3_DDkRPICGVj8ny_I,Hotel Om Regency,"Shopping Paradise Complex 2nd & 3rd Floor , Plot No. 2 Sector C-4, Loni, Trans Delhi Signature City, Ghaziabad",28.7787867,77.2641615,4.1,13.0,Trans Delhi Signature City,hotel,
ChIJxTh6dqD_DDkRcDRMltyZr8E,ChIJxTh6dqD_DDkRcDRMltyZr8E,Hotel D K Residency,"E-33, Rameshwar Park, Loni, Ghaziabad",28.76493979999999,77.28225540000001,4.9,2301.0,Loni,hotel,
ChIJk8P9dub_DDkRontArtZB6bw,ChIJk8P9dub_DDkRontArtZB6bw,Hotel Dhama Residency,"Rameshwar Park, D-36, Delhi - Shamli - Saharanpur Rd, Loni, Ghaziabad",28.764177,77.2824511,4.6,112.0,Loni,hotel,
ChIJ_y1TYvz9DDkRN-aFtSMAKCs,ChIJ_y1TYvz9DDkRN-aFtSMAKCs,Oyo Hotel New Blue Umbrella,"A-20, Dhakka, Main Rd, opp. M.C.D. Colony, Kingsway Camp, Mukherjee Nagar, Delhi",28.7079465,77.2043664,3.1,1003.0,Mukherjee Nagar,hotel,
ChIJ8RAL_OL_DDkRfkpERnh9Ujo,ChIJ8RAL_OL_DDkRfkpERnh9Ujo,Hotel O Royal King Deluxe,"Chowk, above hariram sweets, Conductor Colony, Burari, Delhi",28.7545274,77.19891729999999,2.8,160.0,Burari,hotel,
ChIJNctazSv_DDkRSNHmM1PkiAA,ChIJNctazSv_DDkRSNHmM1PkiAA,Hotel Sunlight,"Khasra no 5/4, Street no 4, Wazirabad Rd, above New Era Gym, Sangam Vihar, Delhi=110084, Delhi",28.7263192,77.2185894,4.8,44.0,Delhi=110084,hotel,
ChIJLynd9bf_DDkR0EYotNf77BE,ChIJLynd9bf_DDkR0EYotNf77BE,Hotel Golden In Residency,"Kh 329 0pp baba colony gate, near by fish market, Burari",28.7526133,77.1986847,4.1,18.0,near by fish market,hotel,
ChIJE9OYdkHlDDkR8960E_5cjco,ChIJE9OYdkHlDDkR8960E_5cjco,Hotel O New Star Rooms,"Khasra no, 102Ghadi Chokhandinull, 102, Ajit Vihar, Burari Garhi, Burari, Noida, Delhi",28.7568843,77.1937162,4.9,7.0,Noida,hotel,
ChIJnz7FD6b9DDkRAwrb4dvt8Xw,ChIJnz7FD6b9DDkRAwrb4dvt8Xw,Hotel O Starlight,"10, Karawal Nagar Main Rd, Tumkirpur Extension, Tukhmirpur, Delhi",28.713155,77.2630839,4.5,8.0,Tukhmirpur,hotel,
ChIJFRvwjdj7DDkRxXDEolyF2gc,ChIJFRvwjdj7DDkRxXDEolyF2gc,Hotel O Vikal Stay Near Gokulpuri Metro Station,"East Gokalpur, Gokalpur, Delhi",28.7065815,77.2909348,4.3,43.0,Gokalpur,hotel,
ChIJoxaOpRD_DDkR2BsvcBL4zdw,ChIJoxaOpRD_DDkR2BsvcBL4zdw,Hotel O By Oyo Red Rose,"Khasra no-7, gali no-6, Main Jagatpur Rd, Sangam Vihar, Delhi",28.72787199999999,77.219658,4.2,15.0,Sangam Vihar,hotel,
ChIJf3Hgsir9DDkRm76px0vVAt4,ChIJf3Hgsir9DDkRm76px0vVAt4,Oyo Hotel Signature View Near Akshardham,"B-46/3, Main Wazirabad Road, Bhajanpura, Seelam Pur Tehsil, seelam pur, Delhi",28.7047683,77.2566253,3.7,46.0,seelam pur,hotel,
ChIJVee69IHnDDkRFJKRVfqe5nw,ChIJVee69IHnDDkRFJKRVfqe5nw,Flagship Mannat Guest House,"Saharanpur Rd, near Gate, Prem Nagar, Loni, New Delhi, Ghaziabad",28.7434661,77.2879385,4.1,28.0,New Delhi,hotel,
ChIJPwDEgOH9DDkRVZXlK8nS0nw,ChIJPwDEgOH9DDkRVZXlK8nS0nw,Terrace Garden Room,"438, Mukharji Nagar Rd, Mukherjee Nagar, Delhi",28.714502,77.2116065,4.4,81.0,Mukherjee Nagar,hotel,
ChIJedUlZhz_DDkRt5q5eHsolr0,ChIJedUlZhz_DDkRt5q5eHsolr0,Hotel O Evergreen Hotels,"extended lal dora, Plot No 701, main 100, foota road, Burari, Delhi",28.75388989999999,77.199022,5.0,4.0,Burari,hotel,
ChIJf9JJIkX_DDkRaznuubwpzmU,ChIJf9JJIkX_DDkRaznuubwpzmU,Hotel O Classic Inn,"Street no 12/6 Near Divine Hospital, Gali no 12, Jagatpur Road, Wazirabad, Delhi",28.7266033,77.2216105,3.4,46.0,Wazirabad,hotel,
ChIJseEZVyP_DDkRRmC3cXvC9uQ,ChIJseEZVyP_DDkRRmC3cXvC9uQ,Hotel O Golden Key Inn,"Plot No 32/1/1/1, opposite Transport Authority Road, Laldora, Jharoda, Burari, Delhi",28.730719,77.198593,3.9,7.0,Burari,hotel,
ChIJk1V_b6MdDTkREBke9zUcepg,ChIJk1V_b6MdDTkREBke9zUcepg,Hotel O Kd Homes,"kh no. 91, main road, Gali No. 11, near book shop, opposite mohalla clinic, Wazirabad, Delhi",28.7240925,77.2173195,3.5,12.0,Wazirabad,hotel,
ChIJ-wj47an9DDkRHSkcTjVxnn0,ChIJ-wj47an9DDkRHSkcTjVxnn0,Fabhotel Vishesh Villas,"Q-7, 1st, Car Market Road, near Anytime Fitness Gym, Model Town 1, Model Town Phase I, Mukherjee Nagar, New Delhi, Delhi",28.70536,77.19556000000001,4.6,11.0,New Delhi,hotel,
ChIJ6ztvUg3-DDkRLVhUcMEzffQ,ChIJ6ztvUg3-DDkRLVhUcMEzffQ,Oyo Vision Rooms Near Gtb Nagar Metro Station,"293, Gali Number 3/3, Sangam Vihar, Wazirabad, Delhi",28.7260858,77.2186868,3.4,88.0,Wazirabad,hotel,
ChIJu32QGTP_DDkRokwZ4k-ZmZ8,ChIJu32QGTP_DDkRokwZ4k-ZmZ8,Super Hotel O Sunlight,"1, Sangam Vihar Rd, Wazirabad, New Delhi, Delhi",28.726395,77.22,3.5,62.0,New Delhi,hotel,
ChIJjSsoDJj7DDkRUNvExHCukF8,ChIJjSsoDJj7DDkRUNvExHCukF8,Oyo 79682 Hotel Diamond,"NA, Loni Rd, Balraj Nagar, Jawahar Nagar, Ghaziabad",28.7181679,77.2898274,4.0,31.0,Jawahar Nagar,hotel,
ChIJE7CtJRT9DDkR9LyAsvfENVs,ChIJE7CtJRT9DDkR9LyAsvfENVs,Rajsheel Guest House,"D-Block, Karawal Nagar Main Rd, beside Reliance Smart Point, Dayalpur, Delhi",28.7187998,77.26582429999999,4.4,28.0,Dayalpur,hotel,
ChIJwZWDKw39DDkR1zt1pmv8KD4,ChIJwZWDKw39DDkR1zt1pmv8KD4,Hotel O Galaxy,"A-141, Karawal Nagar Main Rd, near TVS Showroom, Chandu Nagar, New Mustafabad, Delhi",28.7101745,77.262199,4.5,8.0,New Mustafabad,hotel,
ChIJVzbidAD_DDkRv-MDCrl-Ka0,ChIJVzbidAD_DDkRv-MDCrl-Ka0,Oyo Flagship Hotel Black Inn,"khasra no-867, third floor, khasra no, jockey showroom building, 1110, street main road, opposite red tape, Parvatiya Anchal, Maurya Enclave, Sant Nagar, Burari, Delhi",28.7466,77.19876099999999,3.1,16.0,Burari,hotel,
ChIJgVaLtj38DDkR9GuM4URH1aM,ChIJgVaLtj38DDkR9GuM4URH1aM,Oyo Hotel Royal City,"Tehsil, Wazirabad, Delhi",28.726928,77.220655,3.8,56.0,Wazirabad,hotel,
ChIJ48_OUif9DDkR9L9PyvviY4s,ChIJ48_OUif9DDkR9L9PyvviY4s,Townhouse Pr Inn,"Main Road, near Relaince Smart Point, Block D, Dayalpur, Tukhmirpur, Delhi",28.7189854,77.265791,4.1,197.0,Tukhmirpur,hotel,
ChIJi16N4ZT7DDkRVvNyN9qevRM,ChIJi16N4ZT7DDkRVvNyN9qevRM,Oyo Hotel Dev Inn,"290, Loni Gol Chaker Flyover, opp. HP Petrol pamp, Amar Colony, East Gokalpur, Gokalpur, Delhi",28.7046187,77.29121920000001,3.6,9.0,Gokalpur,hotel,
ChIJacydQs0BDTkRlTfsjoQdjLA,ChIJacydQs0BDTkRlTfsjoQdjLA,Hotel Z Black,"KH.NO.457/1, 1ST FLOOR NEAR SHALIMAR PALACE, Burari, Delhi",28.758606,77.193972,3.7,68.0,Burari,hotel,
ChIJcU_DX6j_DDkRgq0yuWNNbMg,ChIJcU_DX6j_DDkRgq0yuWNNbMg,Fusion Inn Burari,"Khasra No. 540 Main Road, opposite Shalimar Banquet Hall, Burari, New Delhi",28.7577997,77.1956849,4.1,107.0,Burari,hotel,
ChIJI-7G1TX9DDkR6Whnu2m6VrM,ChIJI-7G1TX9DDkR6Whnu2m6VrM,Flexibay -Affordable Hostel In North Delhi,"26/7, Indra Vikas Colony, Bhai Parmanand Colony, Mukherjee Nagar, New Delhi, Delhi",28.713737,77.2060968,4.6,20.0,New Delhi,hotel,
ChIJRxl2lZz9DDkRGh5PhQDS_SA,ChIJRxl2lZz9DDkRGh5PhQDS_SA,Oyo Flagship D C Palace,"street no 6A, near KD campus, opposite Ring Road, Gopalpur Village, Delhi",28.7188436,77.2221063,3.6,58.0,Gopalpur Village,hotel,
ChIJp0F4aBb8DDkRmpcKMi9qmR0,ChIJp0F4aBb8DDkRmpcKMi9qmR0,Oyo Flagship 813562 Hotel Crown Plaza,"D, Bhajanpura, 2, Wazirabad Rd, Chand Bagh, Delhi",28.7037544,77.2656205,4.7,3.0,Chand Bagh,hotel,
ChIJWxj8Q9_7DDkRST6AVsW1Emg,ChIJWxj8Q9_7DDkRST6AVsW1Emg,Hotel O Flagship Pubg,"G 21 first floor, main, Loni Rd, East Gokalpur, Gokalpur, Delhi",28.7048737,77.2915074,5.0,5.0,Gokalpur,hotel,
ChIJO4dvLpr9DDkRXrQkso5NLj4,ChIJO4dvLpr9DDkRXrQkso5NLj4,Hotel O By Oyo Decent Guest House,"A-18, behind Bikaner sweets, Shri Ram Colony, Block B, Khazoori Khas, Delhi",28.7050762,77.256911,4.1,7.0,Khazoori Khas,hotel,
ChIJN5fZNLn7DDkRY8ODIpzubIY,ChIJN5fZNLn7DDkRY8ODIpzubIY,Hotel O By Oyo Aj Guest House,"Metro Station, 822, Street 2, Indra Enclave, Gulab Vatika, Jawahar Nagar, Delhi, Ghaziabad",28.7125847,77.2902108,3.1,17.0,Delhi,hotel,
ChIJJbbr8_T_DDkR-ofOseudRO4,ChIJJbbr8_T_DDkR-ofOseudRO4,Spot On 69908 Hotel Blue Heart,"Ganga vihar ,pink City, near Eyecon Hospital, Loni, Ghaziabad",28.747273,77.26757099999999,3.1,67.0,Loni,hotel,
ChIJL7zi_d79DDkRJqh5RcB-sVU,ChIJL7zi_d79DDkRJqh5RcB-sVU,Ashok Maurya,"Verma Niwas, 100, above Geetanjali Studio, A Block, Nehru Vihar, Sudershan Park, New Delhi, Delhi",28.7124634,77.2207207,4.3,10.0,New Delhi,hotel,
ChIJVcq7PHb_DDkRvXTkH3L2FNM,ChIJVcq7PHb_DDkRvXTkH3L2FNM,Spot On Delhi Gold Hotel,"Block A, Loni, Ghaziabad",28.738668,77.26123,4.1,99.0,Loni,hotel,
ChIJAzDQxXn9DDkRYPf3fWJwA8M,ChIJAzDQxXn9DDkRYPf3fWJwA8M,Hotel O Ocean Guest House,"D-197/3, Main Rd, Brij Puri, New Mustafabad, Delhi",28.7046178,77.2746623,4.3,6.0,New Mustafabad,hotel,
ChIJE3OAKsb7DDkR9ddf6PCweXI,ChIJE3OAKsb7DDkR9ddf6PCweXI,Collection O Johri Enclave Metro Station Second Home,"Metro Station, Plot No. A2, Johripur Rd, near Auto Stand, Johri Enclave, Johripur Enclave, Johripur, Ghaziabad",28.7110277,77.2903668,5.0,3.0,Johripur,hotel,
ChIJeS1Ng48BDTkRzKyCcH8fBB8,ChIJeS1Ng48BDTkRzKyCcH8fBB8,Hotel O Impression 2 Guest House,"PMR Tower100, Foot Road, Kaushik Enclave, Indraprasth Colony, Burari, Delhi",28.7611296,77.18841689999999,3.7,6.0,Burari,hotel,
ChIJsfgyfjn_DDkR9NEHIHnv5AY,ChIJsfgyfjn_DDkR9NEHIHnv5AY,Flagship Hotel Happy Moments,"6, Gali No. 12, near divine hospital, Wazirabad, Delhi",28.7268051,77.220725,3.4,19.0,Wazirabad,hotel,
ChIJb75Ao-79DDkRsIlRbmeNhYw,ChIJb75Ao-79DDkRsIlRbmeNhYw,Hotel O Vishesh Villas,"Q7, 1st car market road, near anytime fitness, above amaira bakery, Model Town 1, Tagore Park, Model Town, Delhi",28.7053676,77.1955952,3.3,24.0,Model Town,hotel,
ChIJEefgc975DDkRMtvbFpfSpBo,ChIJEefgc975DDkRMtvbFpfSpBo,Rich Star Guest House,"Metro pillar no, metro station, 57, Phase 9, Shiv Vihar, Johripur, New Delhi, Ghaziabad",28.7291698,77.2840963,5.0,8.0,New Delhi,hotel,
ChIJC0pNFKb_DDkR6f4LYdcCE3w,ChIJC0pNFKb_DDkR6f4LYdcCE3w,Oyo 6207 Hotel Residency,"Street No.1, Ram Nagar, Plot No.42, Delhi",28.7507366,77.19807920000001,3.5,54.0,Plot No.42,hotel,
ChIJw8lJYrD5DDkRYxfhdw87qbM,ChIJw8lJYrD5DDkRYxfhdw87qbM,Oyo Dream Holiday Hotel,"NA, Param Hans Vihar, Laxmi Garden, Raj Nagar, Loni, Ghaziabad",28.73573,77.2889513,4.0,126.0,Loni,hotel,
ChIJbTT-v875DDkRfg30l_AE0wg,ChIJbTT-v875DDkRfg30l_AE0wg,Spot On Royal Blue Heart,"A-443, A-443, near Indrapuri Police Chowki, Laxmi Garden, Raj Nagar, Loni, Ghaziabad",28.73086219999999,77.28892499999999,3.5,43.0,Loni,hotel,
ChIJm4g7keH_DDkR2jybDy6_HRQ,ChIJm4g7keH_DDkR2jybDy6_HRQ,Spot On Diamond Hotel,"91, 1st floor, Wazirabad, Street Number 6, Gujjar Chowk, Delhi",28.72425,77.2174167,5.0,1.0,Gujjar Chowk,hotel,
ChIJk5n5hwb7DDkRRzu4ZFp60dg,ChIJk5n5hwb7DDkRRzu4ZFp60dg,Flagship Hotel Plaza Near Gokulpuri Metro Station,"C - 144, C-144 KH no. 796/423 Harijan Basti, Shahdara East, East Gokalpur, Delhi",28.7108595,77.3031568,3.9,28.0,East Gokalpur,hotel,
ChIJG2fuQYn7DDkRdUMU68JY8hM,ChIJG2fuQYn7DDkRdUMU68JY8hM,Hotel O Shakti Residency,"Khasra No- 718, Tyagi Rd, Krishna Vihar, Mandoli, Ghaziabad",28.7208924,77.3217772,3.6,12.0,Mandoli,hotel,
ChIJFeqBDI37DDkRUctSZRKKlJs,ChIJFeqBDI37DDkRUctSZRKKlJs,Hotel O Samrat,"629, Tilla Mode - Farukh Nagar Rd, Pipeline Road, Krishna Vihar, Loni, Ghaziabad",28.7258486,77.3339756,4.7,3.0,Loni,hotel,
ChIJKzAS1fPxDDkRIFxmqw8Crug,ChIJKzAS1fPxDDkRIFxmqw8Crug,Hotel O Ashray Hotel,"Shri Ram Colony, Plot No-01, Loni Bhopura Rd, Loni, Banthla, Ghaziabad",28.7343556,77.3225447,3.7,11.0,Banthla,hotel,
ChIJT0kDM8_7DDkRgnPVUAuR6fA,ChIJT0kDM8_7DDkRgnPVUAuR6fA,Flagship Crown Town Guest House,"B-2,3, Harsh Vihar, Jail Back Side, near by Mandoli, Bank Colony, Mandoli, Delhi",28.7052546,77.3134144,5.0,2.0,Mandoli,hotel,
ChIJnd_wn9j5DDkRNKbthWouCeo,ChIJnd_wn9j5DDkRNKbthWouCeo,Oyo Sunshine Residency Hotel,"Plot no 5, HS Palace, opp. Tithi Hospital, Tila Shahbazpur, Loni, Ghaziabad",28.7344116,77.32238389999999,3.4,5.0,Loni,hotel,
ChIJNd3Rgof7DDkRzKLLIAzxI6Y,ChIJNd3Rgof7DDkRzKLLIAzxI6Y,Oyo Classic Guest House Near Johari Enclave Metro Station,"Kh, Sewa Dham Rd, Saboli Extension, Mandoli, Delhi",28.7035345,77.3073582,3.5,37.0,Mandoli,hotel,
ChIJ1xyjNmH5DDkR74Qi8mkqu6Q,ChIJ1xyjNmH5DDkR74Qi8mkqu6Q,Oyo 84166 Hotel Dream,"Loni Dehat, Ghaziabad",28.743515,77.306145,4.1,47.0,Loni Dehat,hotel,
ChIJR4Lniwz7DDkR5BZxf723LKk,ChIJR4Lniwz7DDkR5BZxf723LKk,Townhouse F Hotels,"Plot No-5, Loni Bhopura Rd, Panchsheel Enclave, Bhopura, Sahibabad, Ghaziabad",28.7058692,77.3319253,3.6,16.0,Sahibabad,hotel,
ChIJ378Q6gb5DDkR__M5xEp30pQ,ChIJ378Q6gb5DDkR__M5xEp30pQ,Oyo Hotel Metro Inn,"Khasra No 1550, Ashok Vatika, Loni Rd, opp. Ganesh Hospital, Loni Dehat, Bagh Ranap, Ghaziabad",28.7442607,77.3031113,4.2,5.0,Bagh Ranap,hotel,
ChIJe921vQz7DDkRAdCP7xbNCEQ,ChIJe921vQz7DDkRAdCP7xbNCEQ,Hotel O By Oyo Hindon Airport Ghaziabad,"Krishna Vihar, Plot No. 627, Bhopura, Sahibabad, Ghaziabad",28.70300589999999,77.337953,4.2,26.0,Sahibabad,hotel,
ChIJy5hATaX5DDkRHI_obBJnPGs,ChIJy5hATaX5DDkRHI_obBJnPGs,Hotel O Flagship Sanrac Residency,"ST.Thomas School, 1B, Shri Ram colony, Village Banthala, opposite ST.Thomas School Loni, Ghaziabad, Uttar PradeshNear, Tila Shahbazpur, Ghaziabad",28.7354207,77.3217872,4.3,9.0,Tila Shahbazpur,hotel,
ChIJb0yEFbr7DDkR1DMZ_Stt7uI,ChIJb0yEFbr7DDkR1DMZ_Stt7uI,Hotel Golden Town,"Loni Bhopura Rd, Panchsheel Enclave, Ghaziabad",28.709221,77.33150499999999,4.0,1.0,Panchsheel Enclave,hotel,
ChIJJbQZ8ej5DDkRgU3unSid7-U,ChIJJbQZ8ej5DDkRgU3unSid7-U,Oyo 81535 Hotel Gold,"Loni, Ghaziabad, Uttar Pradesh, 201102, Loni, Ghaziabad",28.7316437,77.3008503,3.8,4.0,Loni,hotel,
ChIJTXTyo_f9DDkRj2PdyIQw41c,ChIJTXTyo_f9DDkRj2PdyIQw41c,Oyo Diamond Plus Near Johari Enclave Metro Station,"P737+QWC, F-2, Dayalpur Main Rd, Block B, Chand Bagh, Tukhmirpur, Delhi",28.7044899,77.2647391,3.8,4.0,Tukhmirpur,hotel,
ChIJW2SoYy_5DDkRo4lNAEzFY1I,ChIJW2SoYy_5DDkRo4lNAEzFY1I,Flagship Happy Guest House,"267, C89, Indrapuri Rd, Block C, Indrapuri Colony, Loni, Ghaziabad",28.733401,77.288259,3.5,62.0,Loni,hotel,
ChIJ10WgN8X_DDkRgi_2slwPS18,ChIJ10WgN8X_DDkRgi_2slwPS18,Spot On 76153 Hotel Golden Blue Heart,"Rameshwar Park, Mirkhera, Ghaziabad",28.747791,77.26916,3.0,23.0,Mirkhera,hotel,
ChIJH8ULB0b_DDkRKtTcs7p2nvc,ChIJH8ULB0b_DDkRKtTcs7p2nvc,Oyo Flagship Mannat Residency Near Shiv Vihar Metro Station,"Plot no. 1, Main Pushta Rd, near David School, Block A, DLF Ankur Vihar, Delhi, Ghaziabad",28.7378811,77.26107789999999,4.0,11.0,Delhi,hotel,
ChIJVU6JSPD5DDkRQUOY5xnNBmo,ChIJVU6JSPD5DDkRQUOY5xnNBmo,Hotel O By Oyo Foji Guest House,"Naveen Kunj, Loni Ghaziabad Rd, near Banthala, Flyover, Geetanjali Vihar, Loni, Ghaziabad",28.7415149,77.30560849999999,2.7,7.0,Loni,hotel,
ChIJ28LE6QX5DDkRdi9KWWQZLDw,ChIJ28LE6QX5DDkRdi9KWWQZLDw,Oyo Flagship Dev Inn Hotel,"291, C-86, Indrapuri Rd, Param Hans Vihar, Block C, Indrapuri Colony, Loni, Ghaziabad",28.7342071,77.2886238,3.3,7.0,Loni,hotel,
ChIJlRIZ9jv_DDkRp05iJfLCywQ,ChIJlRIZ9jv_DDkRp05iJfLCywQ,Spot On 88657 Hotel Dazi Star,"S1, Commercial Block Rd, Ankur Vihar, DLF Ankur Vihar, loni, Ghaziabad",28.7380553,77.2636417,3.5,13.0,loni,hotel,
ChIJO8odiof5DDkR6sAEYgbTDzs,ChIJO8odiof5DDkR6sAEYgbTDzs,Flagship Kd Residency,"Plot, Street Number 1, near Mukhiya Gate, Block B, Loni, Ghaziabad",28.744806,77.301056,5.0,2.0,Loni,hotel,
ChIJ0Y_ckAb_DDkRb_zWS8vZuMs,ChIJ0Y_ckAb_DDkRb_zWS8vZuMs,Spot On Vr Guest House,"H No-229, Plot No-K, Main, Sharafat Ali Marg, Naseeb Vihar, Loni, Ghaziabad",28.7602584,77.2490426,4.9,7.0,Loni,hotel,
ChIJacgOlAn7DDkRRMZnwujhhAE,ChIJacgOlAn7DDkRRMZnwujhhAE,Oyo 702291 White Rose Guest House,"Teela Mod, Loni Rd, near JFC, G.Z.B, Ghaziabad",28.7259484,77.3346719,4.5,4.0,G.Z.B,hotel,
ChIJEXvCGcb7DDkRYQ8mxzNzj5o,ChIJEXvCGcb7DDkRYQ8mxzNzj5o,Oyo Super Guest House,"101, Loni Rd, Indra Enclave, Johripur, Ghaziabad",28.71172,77.29044999999999,2.6,10.0,Johripur,hotel,
ChIJlQfy8_r5DDkRsSOPE7yCfw4,ChIJlQfy8_r5DDkRsSOPE7yCfw4,Oyo 68023 Red Guest House,"A268 Gurudwara road,opp shani mandir main Saharanpur delhi road indirapur, Loni, Ghaziabad",28.730158,77.28911,3.5,128.0,Loni,hotel,
ChIJn8WQdx3_DDkRm_6nU6G55Bc,ChIJn8WQdx3_DDkRm_6nU6G55Bc,Oyo Hotel B Vrindavan Society,"GF 01 self, Block A, Ankur Vihar, Ved Vihar, Ghaziabad",28.7343609,77.267275,5.0,1.0,Ved Vihar,hotel,
ChIJpReYhpb7DDkRSU_AvVk7Vwk,ChIJpReYhpb7DDkRSU_AvVk7Vwk,Hotel O By Oyo Sun Star Guest House,"pillar no 34, metro station, Plot no 1/3, near johri enclave, Gulab Vatika, Jawahar Nagar, Delhi, Ghaziabad",28.7145209,77.290076,3.7,3.0,Delhi,hotel,
ChIJ8X5p4sGpDTkRAn5CHmb8CgM,ChIJ8X5p4sGpDTkRAn5CHmb8CgM,Flagship Bawana Guest House,"Kanjhawala Rd, Bawana Village, Bawana, Delhi",28.7980266,77.0331197,3.8,19.0,Bawana,hotel,
ChIJGX1hmgGnDTkRwTt2J4U8sew,ChIJGX1hmgGnDTkRwTt2J4U8sew,Flagship 30760 Samaypur Badli,"5, Auchandi Main Rd, Daryapur, Mandir Mohalla, Samaypur, Delhi",28.812232,77.009914,4.3,3.0,Samaypur,hotel,
ChIJMWavIwCpDTkRz9RcEhXzSA4,ChIJMWavIwCpDTkRz9RcEhXzSA4,M2M Hotel,"26q, Bawana Rd, Swatantra Nagar, Narela, Delhi",28.8375682,77.0805341,3.6,21.0,Narela,hotel,
ChIJSdUxIfqpDTkRb6Y2Nt719Gs,ChIJSdUxIfqpDTkRb6Y2Nt719Gs,Oyo 60952 Shree Ji Guest House,"51, 359, Alipur Rd, Narela Mandi, Narela, Delhi",28.8424674,77.0902048,3.6,89.0,Narela,hotel,
ChIJP5TxuNIHDTkRFBc7GO5QuDQ,ChIJP5TxuNIHDTkRFBc7GO5QuDQ,Collection O 76735 7 Sun Motels And Resorts,"00, Puth Khurd Village, Main, Bawana Delhi Road, Sector 35, Rohini, Delhi",28.7627626,77.0558978,4.0,305.0,Rohini,hotel,
ChIJlyMMChcHDTkRR-fZqsAQqLc,ChIJlyMMChcHDTkRR-fZqsAQqLc,Spot On 29024 Jageer Palace,"B9, G Block, DSIIDC Industrial Area, Sector 3, Puth Khurd, Delhi",28.7810224,77.04769379999999,3.7,92.0,Puth Khurd,hotel,
ChIJG-4XjU6pDTkRLwJSSpKCeZo,ChIJG-4XjU6pDTkRLwJSSpKCeZo,Oyo 82817 Joy Rooms,"1st and 2nd Floor, Krishna Complex, Block N Sector 2, DSIDC, DSIIDC Industrial Area, Delhi",28.7938457,77.05295919999999,3.8,282.0,DSIIDC Industrial Area,hotel,
ChIJER_F-egHDTkRbHX8JGkVv2U,ChIJER_F-egHDTkRbHX8JGkVv2U,Collection O Hjp,"90, G Block, pkt-B, Sector 3, Bawana, Delhi",28.7810627,77.0476396,3.3,7.0,Bawana,hotel,
ChIJzabjO74BDTkRpMz3VDvN2Aw,ChIJzabjO74BDTkRpMz3VDvN2Aw,Hotel O By Oyo Alipur Narela,"Kh No 498, Alipur Ghari, Delhi",28.798011,77.12733399999999,4.2,150.0,Alipur Ghari,hotel,
ChIJcesj01GrDTkRrImwlYYttpM,ChIJcesj01GrDTkRrImwlYYttpM,Family Guest House,"GT Karnal Rd, Bakoli, Delhi",28.8167462,77.1380585,4.6,71.0,Bakoli,hotel,
ChIJtfVFi38ADTkRXdDWAReIZ2o,ChIJtfVFi38ADTkRXdDWAReIZ2o,Blue Sapphire Motel & Resort By Devam,"LAWN, Blue Sapphire, NH-1, GT Karnal Rd, opposite Shani Mandir, Alipur Village, Delhi",28.8061829,77.14198689999999,4.4,2034.0,Alipur Village,hotel,
ChIJP6tpxmiqDTkRK1TQg7pafpw,ChIJP6tpxmiqDTkRK1TQg7pafpw,Palm Green Hotel & Resort,"Main, GT Karnal Rd, 21/30, Bakoli, New Delhi, Delhi",28.8170493,77.13674739999999,4.1,6930.0,New Delhi,hotel,
ChIJczKllXuqDTkRLn-SdXvjeUs,ChIJczKllXuqDTkRLn-SdXvjeUs,Mh One Resort Hotel,"GT Karnal Rd, Alipur, Delhi",28.8074048,77.14192419999999,4.2,2209.0,Alipur,hotel,
ChIJJ9wSfkKqDTkRzfuvNoR76ds,ChIJJ9wSfkKqDTkRzfuvNoR76ds,Mantram By Royal Pepper Hotel & Resort,"Khampur New Delhi, Delhi India, New Delhi",28.8221509,77.1341667,4.1,938.0,Delhi India,hotel,
ChIJ1ykaSU0HDTkRaPYUsd4IX1w,ChIJ1ykaSU0HDTkRaPYUsd4IX1w,Hotel O Blue Star,"287, First floorOld, DAV school building, Main bus stand, Khera Khurd Village, Delhi",28.7741338,77.0988374,4.3,3.0,Khera Khurd Village,hotel,
ChIJ____b0MADTkRbiV2o9JWBTw,ChIJ____b0MADTkRbiV2o9JWBTw,"Lavanya Motel, North Delhi","G T Road, Palla Bakhtavarpur Road, Alipur, Alipur, Delhi",28.8043682,77.144016,4.2,2014.0,Alipur,hotel,
ChIJ13hb8gyrDTkRwoJ7oZSQY5g,ChIJ13hb8gyrDTkRwoJ7oZSQY5g,Sahib Farms & Resorts,"shubash chowk, SAHIB RESORTS, bani road, near nirmal hospital, Bakhtawarpur, Delhi",28.8075862,77.1670046,4.5,279.0,Bakhtawarpur,hotel,
ChIJVxkydJSrDTkRnG45rv9eC_g,ChIJVxkydJSrDTkRnG45rv9eC_g,Dreamy Orchard,"R5V3+WWW Vill. :- Janti Khurd, Border, opp. Binsar Farms, near Singhu, Hamidpur Village, Delhi, Sonipat",28.8447774,77.154843,4.9,420.0,Delhi,hotel,
ChIJNZsccdYBDTkRmA2oyKRyE9A,ChIJNZsccdYBDTkRmA2oyKRyE9A,Hotel City Grand,"Khasra No. 214, Guru Nanak Dev Colony, Bhalswa Dairy, Bhalswa, Delhi",28.7557341,77.17169229999999,4.2,44.0,Bhalswa,hotel,
ChIJO_r_o_cADTkRGwll3ggET_I,ChIJO_r_o_cADTkRGwll3ggET_I,Mohan Vilaas By Royal Pepper Hotel And Resorts,"Main G.T. Karnal Road, Oppt. Gurudwara Siraspur Village, Grand Trunk Rd, Nangli Puna, D-68, Burari, New Delhi",28.7675232,77.14543139999999,4.1,1516.0,Burari,hotel,
ChIJ1bSHNgLjDDkR4txUN5dzXiM,ChIJ1bSHNgLjDDkR4txUN5dzXiM,Flagship Hotel Max Near Samaypur Badli Metro Station,"khasra No.309/2, khadda Colony Pusta Road, Block G, Swaroop Nagar, Bhalswa, Delhi",28.764281,77.14829999999999,4.0,16.0,Bhalswa,hotel,
ChIJQ_bOxt8BDTkRAmvBpYtyb_U,ChIJQ_bOxt8BDTkRAmvBpYtyb_U,Manali Hotel Rooms,"Grand Trunk Rd, Nangli Puna, Delhi",28.7674798,77.1454212,3.7,70.0,Nangli Puna,hotel,
ChIJHaX0jFQADTkRvSmPOVLTtUc,ChIJHaX0jFQADTkRvSmPOVLTtUc,Splash Hotel,"8332-36, Street No. 5, Block B, Swaroop Nagar, Mahavir Enclave, New Delhi, Delhi",28.7571682,77.15307349999999,3.6,5.0,New Delhi,hotel,
ChIJmdW7GNgBDTkRKwUFKpM13zc,ChIJmdW7GNgBDTkRKwUFKpM13zc,Oyo Home Hotel Red Heart 2.0,"main 100, Foota road, Amrit Vihar, A Block, Shankarpura, Burari, Delhi",28.76375,77.18433,4.3,6.0,Burari,hotel,
ChIJ5xIjFAABDTkRPX5HONJzVLs,ChIJ5xIjFAABDTkRPX5HONJzVLs,Hotel O Naman Inn,"CN199, Khushk No 1, Kadipur, Delhi",28.7725047,77.1521672,4.8,4.0,Kadipur,hotel,
ChIJFfwScQABDTkRJvSz1Bp0JRM,ChIJFfwScQABDTkRJvSz1Bp0JRM,Hotel O By Oyo Golden Guest House Sant Nagar,"Swaroop Nagar Rd, near kathiya baba ashram, Swarrop Nagar, Bhalswa, Delhi",28.7571874,77.1730036,4.9,11.0,Bhalswa,hotel,
ChIJP9_r8jEBDTkRXzwQK51rT14,ChIJP9_r8jEBDTkRXzwQK51rT14,Hotel O By Oyo White Diamond,"Flat no 203 kh no 65, 29, opposite Shraddhanand college, Alipur Village, Delhi",28.7970494,77.1388849,3.3,17.0,Alipur Village,hotel,
ChIJI88zKgABDTkRTjxG8EH5ayY,ChIJI88zKgABDTkRTjxG8EH5ayY,Hotel Ns,"Q557+78Q, Gali Number 14, Swaroop Nagar, Bhalswa, Delhi",28.7582049,77.1633569,,,Bhalswa,hotel,
ChIJcyCyFDgBDTkRlbnFt0ewlWQ,ChIJcyCyFDgBDTkRlbnFt0ewlWQ,Hotel O Royal Plaza,"khasara no.47/1, main 60, futta road, A Block, Swaroop Nagar, Burari, Delhi",28.7582967,77.1854379,4.5,4.0,Burari,hotel,
ChIJVUoo7YYADTkRzH-CkpoBxOM,ChIJVUoo7YYADTkRzH-CkpoBxOM,Mithas Motels,"Jindpur Mod, 92 16, GT Karnal Rd, Alipur, Delhi",28.790144,77.14658159999999,4.2,888.0,Alipur,hotel,
ChIJFyrcK3cBDTkRAplBTYJQlag,ChIJFyrcK3cBDTkRAplBTYJQlag,Oyo Townhouse 963 Hotel The Victorian Palace Near Samaypur Badli Metro Station,"Main, GT Karnal Rd, opposite Jain Mandir, Nangli Puna, Delhi",28.7723333,77.1418391,4.3,22.0,Nangli Puna,hotel,
ChIJS-KftYABDTkRmu7Uh_Lzeqg,ChIJS-KftYABDTkRmu7Uh_Lzeqg,Oyo 46841 Aashiana Guest House,"Sai Baba Mandir, 411/1 Shop no 411/1, Laxmi Vihar, Burari, Delhi",28.762545,77.191074,3.1,39.0,Burari,hotel,
ChIJry5bF2YBDTkRNPLEn2_bbOI,ChIJry5bF2YBDTkRNPLEn2_bbOI,Oyo 82229 Jaishree Inn,"Saroop Vihar, Kaushik Enclave, Shankarpura, Burari, Delhi",28.76093139999999,77.1885626,3.8,5.0,Burari,hotel,
ChIJEXaERDFVDDkRSCbwxjjDzig,ChIJEXaERDFVDDkRSCbwxjjDzig,Anandam Farm,"Bandh Wali Gali, Sona Singh Colony, Jhangola, Delhi",28.834749,77.2010323,4.5,42.0,Jhangola,hotel,
ChIJidPBMyb_DDkRnxZAhIBYyYg,ChIJidPBMyb_DDkRnxZAhIBYyYg,Oyo 820297 Oyo Hotel Caili Guest House,"pal hotel ke Samne, Pavi Sadakpur, Delhi - Saharanpur Rd, Loni, Ghaziabad, Delhi",28.7833845,77.2869073,3.9,7.0,Ghaziabad,hotel,
ChIJL5ffIAf5DDkRmJFyFnI0A6A,ChIJL5ffIAf5DDkRmJFyFnI0A6A,Spot On Blue Heart Guest House,"plot no 18, Rekha garden, near Tronica city thana, Chauhan Patti, Ghaziabad",28.7643073,77.2414436,3.9,43.0,Chauhan Patti,hotel,
ChIJ68pMy4ujDTkRfdLW8KShqPs,ChIJ68pMy4ujDTkRfdLW8KShqPs,Hotel White Castle Kharkhoda,"Ward 9, Rd, Road bypass chowk, Barona, Kharkhoda",28.8675587,76.90634709999999,4.7,19.0,Barona,hotel,
ChIJF-8tweCjDTkRAnd96BosDoo,ChIJF-8tweCjDTkRAnd96BosDoo,Hotel Savera Inn,"Sapla road, near Delhi hospital, Kharkhoda",28.87259689999999,76.9052154,4.4,10.0,near Delhi hospital,hotel,
ChIJs8OMODejDTkRKBAolDAcW9k,ChIJs8OMODejDTkRKBAolDAcW9k,Oyo 44659 Hotel Savera Inn,"Main, Sampla - Sonipat Rd, near APG School, Kharkhoda",28.871188,76.906143,3.7,123.0,near APG School,hotel,
ChIJMZRygAijDTkRpnV6jgoMkYA,ChIJMZRygAijDTkRpnV6jgoMkYA,Golden City Hotel & Restaurant,"Rohtak - Sonipat Rd, Kharkhoda",28.8839763,76.8985634,4.5,20.0,Rohtak - Sonipat Rd,hotel,
ChIJAZRhEZWjDTkRjOCGULUsIM0,ChIJAZRhEZWjDTkRjOCGULUsIM0,Mehandi Resort,"Khanda Rd, Kharkhoda",28.8917569,76.8970934,4.3,78.0,Khanda Rd,hotel,
ChIJxZIOo2ujDTkR_roeBy2RXLw,ChIJxZIOo2ujDTkR_roeBy2RXLw,Oyo Hotel Unique Restaurant & Guest House Kharkhoda,"Rohtak - Sonipat Rd, Sonipat, Kharkhoda",28.8807515,76.9077349,4.6,11.0,Sonipat,hotel,
ChIJkYU2YgKlDTkR9mZuA6BHMHU,ChIJkYU2YgKlDTkR9mZuA6BHMHU,Oyo Sitara Hotel,"Khanda Bypass Rd, Sonipat",28.884425,76.9206433,1.0,1.0,Khanda Bypass Rd,hotel,
ChIJoVz4DZ2lDTkR10wvXvxoI6U,ChIJoVz4DZ2lDTkR10wvXvxoI6U,Oyo 69089 Tulip Home Stay,"Hotel Royal Inn NH334B, Sonipat Road, or, near Bypass, opposite Honda Showroom, Sonipat",28.8859067,76.920152,3.8,10.0,opposite Honda Showroom,hotel,
ChIJb0ZxgdSpDTkRliL_cFrDh4Q,ChIJb0ZxgdSpDTkRliL_cFrDh4Q,Hotel O Bal Gopal,"kh. no. 37/8, main safiyabaad road, Gali No. 15, Gautam Colony, Delhi",28.8625952,77.0858669,4.8,111.0,Gautam Colony,hotel,
ChIJ24_GvcapDTkR2ADVFniKmic,ChIJ24_GvcapDTkR2ADVFniKmic,Hotel O Happy Stay,"KH.NO.25/20/2, Rajeev Colony, Punjabi Bagh, Narela, Delhi",28.8588912,77.0928923,4.8,4.0,Narela,hotel,
ChIJV74mnnepDTkRmASnP8cOCy4,ChIJV74mnnepDTkRmASnP8cOCy4,Oyo 75433 Viraj Deluxe,"near ICICI Bank, Narela Mandi, Narela, Delhi",28.849164,77.09332,3.5,17.0,Narela,hotel,
ChIJC_BtMAmsDTkR0zDkFj0klCs,ChIJC_BtMAmsDTkR0zDkFj0klCs,Tdi Club Retreat Kundli Hotel,"TDI CLUB RETREAT : A block, Club Road , TDI City, Kundli, Sonipat",28.8938388,77.11748779999999,4.0,947.0,Kundli,hotel,
ChIJERGjA9qrDTkRDLW8qze8P0I,ChIJERGjA9qrDTkRDLW8qze8P0I,Hotel Sudhir,"Sudhir Hotel, Sector 58, Sonipat",28.8855276,77.1181598,3.5,664.0,Sector 58,hotel,
ChIJm5rPtlGrDTkR8sMpKe-1YS4,ChIJm5rPtlGrDTkR8sMpKe-1YS4,White House Residency,"Main, GT Karnal Rd, opposite KFC Restaurant, Kundli, Sonipat",28.8684253,77.12157719999999,4.0,125.0,Kundli,hotel,
ChIJNf0vlaKrDTkRaPkYfpVHJ70,ChIJNf0vlaKrDTkRaPkYfpVHJ70,Hotel Bell Air,"and Tyre Gallery, Main, G.T Road , Road, near TDI Mall, Piao, Kundli, Maniyari, Sonipat",28.8855128,77.1179028,4.0,13.0,Maniyari,hotel,
ChIJ_SPfEQOrDTkRvvuzVUspwgQ,ChIJ_SPfEQOrDTkRvvuzVUspwgQ,Hotel O By Oyo Happy Stay,"Gali no.- 6, B20 Sutriya colony, Plot no.- 105-106, Singhu Border Rd, Narela, Delhi",28.8575278,77.1071111,3.4,8.0,Narela,hotel,
ChIJOeYjR7WrDTkRgkC5GYzgCSc,ChIJOeYjR7WrDTkRgkC5GYzgCSc,Sydney Grand Hotel And Resort,"SYDNEY GRAND HOTEL, WATER PARK, MAIN, GT Karnal Rd, near JUST CHILL, Singhola, Delhi",28.849821,77.1273229,3.9,715.0,Singhola,hotel,
ChIJH9rmCoypDTkRE9KvTD1AIoA,ChIJH9rmCoypDTkRE9KvTD1AIoA,Hotel Orbit Haveli,"Plot No.43,Pkt.5,Near Vardhman Mall,Sec. A-6, Narela Landmark:- 3 Towers On building, opp. Mother Dairy",28.8533073,77.1018993,3.8,93.0,Narela Landmark:- 3 Towers On building,hotel,
ChIJHTk_xiSrDTkRuw-N0yZBD0I,ChIJHTk_xiSrDTkRuw-N0yZBD0I,Hotel O Best Bikaner Smart,"best bikaner, Singhu Border Rd, Narela, Delhi",28.8579202,77.10665569999999,3.2,46.0,Narela,hotel,
ChIJe7gYHwCrDTkR_a-YZabtmog,ChIJe7gYHwCrDTkR_a-YZabtmog,Hotel Nirvan,"1st Floor, Dilli Building, Namastay, Main, GT Karnal Rd, opp. Guru Tech Bahadurgarh Memorial, Vill, Singhola, Delhi",28.8530253,77.1248791,4.6,31.0,Singhola,hotel,
ChIJ66UarT6rDTkRyZa4JzJBuoY,ChIJ66UarT6rDTkRyZa4JzJBuoY,Hotel O Vats Tower,"1, Kundli, Sonipat",28.8821398,77.1086914,4.0,39.0,Kundli,hotel,
ChIJjU2t8HIBDTkRxUapQdDtARk,ChIJjU2t8HIBDTkRxUapQdDtARk,Super Hotel O Golden Palace,"kh.No 102Near Canara Bank Kundali, GT karnal road, border, main, Singhu, Delhi",28.85951469999999,77.1246355,3.8,12.0,Singhu,hotel,
ChIJj3OjmdKtDTkRvWh_wE1co6E,ChIJj3OjmdKtDTkRvWh_wE1co6E,Oyo 23668 Hotel The Hridhaan Regency,"Hotel The Hridhaan Regency Parker suites, NH1Jammu, Delhi Rd, Rai",28.8686668,77.12281779999999,3.6,56.0,Delhi Rd,hotel,
ChIJr1OuS62pDTkRGQUhFaXynZY,ChIJr1OuS62pDTkRGQUhFaXynZY,Hotel O Golden Key Inn Narela,"Plot no 0, Block A, Golden Key inn, opposite CPJ college, Sector A5, Narela, Delhi",28.8610593,77.0958307,2.5,11.0,Narela,hotel,
ChIJm0ebk2OpDTkR1k5tqktw8bg,ChIJm0ebk2OpDTkR1k5tqktw8bg,Oyo New Era Deluxe,"00, 220, Pocket-1, Sector A6, Narela, Delhi",28.8553797,77.1000257,3.4,70.0,Narela,hotel,
ChIJpTozLlOrDTkRpgHOFA2GJwQ,ChIJpTozLlOrDTkRpgHOFA2GJwQ,Oyo Golden Key In Narela,"Sector A5, Narela, Delhi",28.86312999999999,77.10392999999999,3.5,6.0,Narela,hotel,
ChIJt5NINK-rDTkR6hsYRxJory0,ChIJt5NINK-rDTkR6hsYRxJory0,Anantam Farm Delhi,"Hamidpur Village, Delhi, Sonipat",28.8417556,77.14258989999999,4.9,497.0,Delhi,hotel,
ChIJQ1QHIZqrDTkRcb5xBvj37zk,ChIJQ1QHIZqrDTkRcb5xBvj37zk,Oyo Flagship Tushir House,"63, Radha Swami Satsang, Marmurpur, Delhi",28.85791099999999,77.1058498,3.7,22.0,Marmurpur,hotel,
ChIJpRwQWB6rDTkRxLYyRyYlOo4,ChIJpRwQWB6rDTkRxLYyRyYlOo4,Oyo Hotel Mongoose Palace,"Steet No 9, Singhu Border Rd, near Rathi Hospital, Narela, Delhi",28.857662,77.1081147,3.7,15.0,Narela,hotel,
ChIJ7TBF3w6tDTkRxqHf-88bekw,ChIJ7TBF3w6tDTkRxqHf-88bekw,Oyo 38548 Hotel Deluxe Taj,"Parker Suites, NH 1, Grand Trunk Rd, near Parker Mall, Sersa, Kundli, Sonipat",28.8686668,77.12281779999999,3.3,3.0,Kundli,hotel,
ChIJT4jvxKGrDTkRnzdf-hiY6nU,ChIJT4jvxKGrDTkRnzdf-hiY6nU,Oyo 69507 Royal King Inn,"singhu border road, Ch Ramdev Marg, Marmurpur, Delhi",28.857682,77.10986199999999,3.4,109.0,Marmurpur,hotel,
ChIJ0ceq0e3nDDkRvQoyn2KosgA,ChIJ0ceq0e3nDDkRvQoyn2KosgA,Oyo Flagship 809454 Friends Guest House,"plot no 517, santram sarpanch complex, Amar Market N Block Nala Road, Hari nagar ext, saurabh vihar, Delhi",28.8577445,77.109887,5.0,1.0,saurabh vihar,hotel,
ChIJ_6r0CQmrDTkRA9wwZDVV-LE,ChIJ_6r0CQmrDTkRA9wwZDVV-LE,Spot On 60601 Best Bikaner,"41,42, Best Bikaner, opposite Radha Swami Satsang, Marmurpur, Delhi",28.8579275,77.106228,3.2,9.0,Marmurpur,hotel,
ChIJPbBju7WrDTkR4JTqvSWdJZc,ChIJPbBju7WrDTkR4JTqvSWdJZc,Oyo 83012 Raj Guest House,"Sector B4, Narela, Delhi",28.8376233,77.10673969999999,4.2,6.0,Narela,hotel,
ChIJ4xrnQuerDTkRFSt71MB3oMw,ChIJ4xrnQuerDTkRFSt71MB3oMw,Spot On Shri Ram Hotel,"Janti Kalan Rd, Sonipat",28.86048,77.151321,3.6,42.0,Janti Kalan Rd,hotel,
ChIJVbuUnf6rDTkR5fEqj8mUzJ0,ChIJVbuUnf6rDTkR5fEqj8mUzJ0,Flagship Sudhir Hotel,"Piau Maniyari, Industrial Area, 2, near Kundli, Sonipat",28.8802448,77.1186468,2.9,18.0,near Kundli,hotel,
ChIJMwNqEWWrDTkRswv8URSX3mg,ChIJMwNqEWWrDTkRswv8URSX3mg,Hotel O Shotel,"20, Sutriya Colony, Plot No. 1, Singhu Border Rd, opposite Radha Swami Satsang Bhawan, Narela, Delhi",28.8575056,77.1059377,,,Narela,hotel,
