google_place_id,cleanliness_score,service_score,location_score,value_for_money_score,staff_behavior_score
ChIJ--FGZrMZDTkRnNnjWOLxdmI,0.984307825565338,0.3334104733124453,0.5,0.4922457163556827,0.4999638584595232
ChIJ-5u-Vo0hDTkRbRiX9zTmtN8,0.49578761152224615,0.7477161541173699,0.5002052395720965,0.5002052395720965,0.7477161541173699
ChIJ-Q4xA7DlDDkRKbmDpYkiiUA,0.5000474154803669,0.9997392296791076,0.9997845739126205,0.9997727274894714,0.9997615615526835
ChIJ-SQyPM4_DTkR7vUfVVwEFyI,0.6668741262013403,0.5003802114806604,0.0008932221098802,0.0008932221098802,0.999764621257782
ChIJ-Ty9tEz9DDkRxhAk4j8Iu8s,0.5,0.019799424762216664,0.018046451388120933,0.5,0.0011159999994561
ChIJ-UnEBH7jDDkRhJaGrJjZF4Y,0.7498099230397202,0.0001878828479675,0.7497198008168198,0.6666254033868123,0.7997493761911756
ChIJ-V35ZQLkDDkRAN9EIFb6qLA,0.5017635407857597,0.5017131450586021,0.999874711036682,0.9997735619544984,0.750793838640675
ChIJ-VWydUYZDTkRCK1L0K_hslU,0.9987978041172028,0.5,0.5,0.9995799660682678,0.9992516040802002
ChIJ-XC0KyYBDTkRHfjsKAMwROE,0.0005864610429853,0.0005864610429853,0.5,0.000619592363364,0.0003738578234333
ChIJ-XvcAPgdDTkRFvBaEfggBoE,0.0006615590100408666,0.0002175717818317,0.5,0.0005765766788195667,0.00058421416906635
ChIJ-_yRL8EZDTkRpKoCJVWyNKU,0.9998403787612916,0.326852746172032,0.5,0.9796903133392334,0.5001375283027301
ChIJ-c-55sofDTkRvmWM-SVTms4,0.9997806151707967,0.5,0.9997872710227966,0.9993971586227416,0.9998071392377218
ChIJ-cFw1QcDDTkRZHlhKN9WUNs,0.5001003543875412,0.50195676041767,0.999831199645996,0.0004224867152515,0.5010418017991469
ChIJ-d8FwZ4ZDTkRRzTD7epgUdw,0.9998618364334106,0.9998822212219238,0.5,0.5,0.9998773336410522
ChIJ-wj47an9DDkRHSkcTjVxnn0,0.5,0.9998719692230225,0.5,0.9998375177383424,0.9998773336410522
ChIJ-yMuUIAZDTkRLIVVi0UXBZg,0.6701247862850627,0.5,0.9983452558517456,0.5052487510256469,0.3371011552129251
ChIJ-yucsxU9DTkR6A2GPxzocoo,0.9998132586479186,0.5,0.5,0.0013484333321684499,0.9998132586479186
ChIJ-yw3PGIbDTkRXAfYWuFspOY,0.3336080527321124,0.0005521567654795,0.5,0.0005133406375534,0.0005133406375534
ChIJ01RYkd0dDTkRcowtxjOpraI,0.9997665286064148,0.5027787791041192,0.9997665286064148,0.9997665286064148,0.25828919126070105
ChIJ02Bkw2gYDTkRTp9KZwPMeG8,0.9995406866073608,0.99956742922465,0.9997784495353699,0.5,0.9996978789567947
ChIJ02TzQUn7DDkRNflvIGixm0c,0.3336080978187965,0.5,0.0006123801382878999,0.000178633534233,0.0007373130356427
ChIJ02qaT-P9DDkRmOF-ajKFnjk,0.9997429966926574,0.9997261166572571,0.9995855093002319,0.9996749560038248,0.9997152835130692
ChIJ09LJrqwHDTkR6EUOtQ_cFqg,0.9996028542518616,0.9998297989368439,0.5,0.9998507499694824,0.9998175203800201
ChIJ09kc2dgZDTkRR7K_tp-Fgco,0.0006184123340062,0.0004097549244761,0.5,0.0004505427205003,0.0006153365247882333
ChIJ0QiWDhsVDTkRTsuxDtQTKxk,0.00044346397044129997,0.0006494141562143,0.0005196222919039,0.5,0.0037481325562111665
ChIJ0Rj-PycFDTkRFINOVE9Kols,0.999822348356247,0.9994101226329803,0.9998835325241088,0.999761164188385,0.9995565613110861
ChIJ0SRAJy7jDDkRFajeIphw03w,0.00639279629103835,0.5,0.5001182494888781,0.0123640643432736,0.5031221605604514
ChIJ0YSsSrcdDTkRPyej8NVwQ3E,0.0023216334666358,0.3554822504520416,0.5,0.00028384911274765,0.5
ChIJ0Y_ckAb_DDkRb_zWS8vZuMs,0.5,0.5,0.5,0.9959591031074524,0.5
ChIJ0_gWbwAZDTkR_RpnbSXlPFY,0.49991136515018303,0.0004749736108351,0.5,0.0001954977487912,0.4940304975170875
ChIJ0_y8CMkaDTkRQfaV0zBk2QE,0.5000878954451764,0.5020834845490753,0.9997566938400269,0.9404152035713196,0.9997275471687316
ChIJ0bhXzyPnDDkRtIidxqRxIhM,0.9998658498128256,0.9998502731323242,0.9998499751091003,0.5,0.9998658498128256
ChIJ0cF1deEPDTkRDLaGNJL-R4M,0.5,0.5,0.5,0.5,0.5
ChIJ0cKCfqgXDTkRtG8R8lMZzME,0.5094029000028967,0.5094029000028967,0.5,0.5,0.9998539090156554
ChIJ0fXfXH_7DDkREDM40klEACs,0.5,0.9998500347137452,0.5,0.5,0.5
ChIJ0yLaR0H9DDkR4ItbT8FxMO8,0.6676525333120177,0.9998565316200256,0.999496191740036,0.0032445366960018,0.7505742206121795
ChIJ10WSvbAbDTkR8nRvr9xv9cE,0.9997641444206238,0.5,0.5,0.5,0.9998085796833038
ChIJ10WgN8X_DDkRgi_2slwPS18,0.00284467503661285,0.5,0.5,0.0026879309298237,0.5
ChIJ13hb8gyrDTkRwoJ7oZSQY5g,0.999886393547058,0.5161182377487421,0.5,0.5,0.9998027384281158
ChIJ13o6losfDTkR7ugYxJNGxvo,0.5000770088954595,0.0002956384269054,0.5,0.5,0.33996192453196267
ChIJ13uwGBMBDTkREGuDRst9C8s,0.33477011015444685,0.25141828331834404,0.5000258451764239,0.5,0.5000025695626391
ChIJ148ArrIHDTkRLtH_2Sfx9TM,0.0007979920483194,0.5,0.5,0.00095501379109915,0.5
ChIJ14Hw8TkBDTkRkLqc_kOi0fY,0.5,0.5000503422852489,0.0002241853944724,0.999259889125824,0.4999525631828874
ChIJ14q4-0D9DDkReBdC7Lapp0A,0.0004708216971872333,0.5000826331379358,0.5,0.00041283237806050003,0.9996077418327332
ChIJ17YA13zcDDkRo3GFvGnqcYw,0.1244905069470405,0.5621242858469486,0.5,0.2174354344606399,0.2174354344606399
ChIJ1QGaMpkCDTkRKj4GIDBC48o,0.9998639822006226,0.9912006457646688,0.9998646974563599,0.9998453855514526,0.9933628439903259
ChIJ1QmSeSYJDTkRiOphuniTwKA,0.999525785446167,0.9998713731765748,0.5,0.49954072103719227,0.9967512488365173
ChIJ1Qnx2DA9DTkRdqk9S2x5zI0,0.9996953010559082,0.9977142363786697,0.5,0.5,0.9957135021686554
ChIJ1SaUP0obDTkRbBiVtIz-s3A,0.5001247453037648,0.5001330027880613,0.9998612403869628,0.5001412602723576,0.6666423828961948
ChIJ1bSHNgLjDDkR4txUN5dzXiM,0.49601367942523217,0.9998499155044556,0.5,0.5,0.4945085477957037
ChIJ1cHW68oFDTkREy5Oee6PIYA,0.5,0.5,0.0004443742509465,0.000304254819639,0.5
ChIJ1d-ok2QBDTkRPEamr4ALHlY,0.9998428374528885,0.5,0.9998028874397278,0.5,0.9998323321342468
ChIJ1dTzbUD9DDkRixPcd_ToHAc,0.5,0.5,0.5,0.0005782358930446,0.0045946179889142
ChIJ1eAJv3EBDTkRh-_kWmP5-nE,0.9998612403869628,0.9998612403869628,0.997804601987203,0.9991827607154846,0.7498049148125574
ChIJ1xMztXH9DDkRrZ5RpRJu8zI,0.999574601650238,0.742002185084857,0.9841214716434479,0.49997254391200835,0.5000114359427243
ChIJ1xyjNmH5DDkR74Qi8mkqu6Q,0.0004755716363433,0.6334524601697922,0.9984808564186096,0.5,0.5
ChIJ1ykaSU0HDTkRaPYUsd4IX1w,0.5,0.5,0.999521017074585,0.5,0.5
ChIJ1ywK05AZDTkRdgEqHoRr7Qc,0.00065724265004965,0.1250053211503351,0.1115734279155731,0.18298577592940996,0.1216473478416446
ChIJ2-xcczADDTkR_bBvOkfwe2M,0.5000048654619604,0.6648768833838403,0.0003413599770283,0.5000048654619604,0.33351894498143037
ChIJ22pMGCUbDTkRB0hRdA_VG8k,0.49985071362607414,0.00021427508181655,0.9994820952415466,0.5001206903834827,0.9994820952415466
ChIJ23KVO4gZDTkR8kPIdIcogHg,0.9998816847801208,0.9996044635772705,0.9984997510910034,0.5,0.9998806416988373
ChIJ27PwpZ0EDTkRwIoF5IlHPDI,0.5,0.999847412109375,0.9996748864650726,0.5000210235157283,0.9998133778572084
ChIJ27TmZdrjDDkR0csS3EblZWw,0.0025133611634373,0.0057937146048060995,0.5,0.004669350567079733,0.5054174582473934
ChIJ28LE6QX5DDkRdi9KWWQZLDw,0.0002025832363869,0.5,0.5,0.0042718584154499,0.0002025832363869
ChIJ29BUF9oDDTkR6mXGVvaeoQs,0.5,0.5,0.5,0.5,0.5
ChIJ2QB-FpgEDTkRjMmKF58N8H0,0.0003570854120576667,0.2000561862485483,0.9989720582962036,0.0002650915121193,0.9989720582962036
ChIJ2QQhr8QaDTkRMce_qfoaI-A,0.9998313188552856,0.9998313188552856,0.9998313188552856,0.5,0.000429037871072
ChIJ2Q_vUgAhDTkRG9JSfed_m9U,0.9998401204744974,0.9998166859149933,0.5,0.5,0.9998782873153687
ChIJ2Se7D0AZDTkRswVVBRehoeE,0.9964200258255004,0.5016912980063353,0.4983431344007839,0.7541238367557526,0.6656203053425996
ChIJ2TtPSgAZDTkR0nVA4pUDCkw,0.011167776527145125,0.0399599932134151,0.014188698323171834,0.0023992529604583,0.0399599932134151
ChIJ2UWUkp4HDTkRBo8KrLlPKjU,0.00040141787515793337,0.4979473909806984,0.0005477008526213,0.5,0.49587756083928985
ChIJ2YQPmRgFDTkRpjzhL5Eas-U,0.3356016808344671,0.40094868899905123,0.0027693344745785,0.0015220599161693499,0.3347701644621944
ChIJ2am72v89DTkROMLW-jN2w0w,0.9995933175086976,0.9908667802810668,0.9908667802810668,0.9995933175086976,0.4955361539978184
ChIJ2bwVBgAZDTkRah_u1EhEw20,0.9997861385345459,0.9996500015258788,0.5,0.5,0.9991834759712219
ChIJ2ewIwZTdDDkROBzUNEliaAg,0.9997605681419373,0.0036528524942696,0.9938207268714904,0.8674373626708984,0.9095651507377625
ChIJ2zl8jRQbDTkRv1tqCweBkZY,0.0001887082034954,0.00044110770249965,0.0010345933260396,0.0009782826818991001,0.0001887082034954
ChIJ3-PpEgYZDTkRA3FAMu-E6AI,0.9998463094234467,0.5001375651481794,0.9998463094234467,0.99986732006073,0.9998379647731781
ChIJ306lNAADDTkRP-6e4yPnr8U,0.0165611332728682,0.5000088253727881,0.5,0.0001955706102307,0.5018017217516899
ChIJ31qkaK4XDTkRRv1q3L_F6vs,0.5,0.5,0.5,0.999805986881256,0.5
ChIJ32Vw6zEVDTkRjhdgrT9Hq_Y,0.4840375148924067,0.33449502335861325,0.0014369415584951,0.5010027257958427,0.5
ChIJ335bATblDDkR1WS3B174oYA,0.667146141640842,0.5883539060596377,0.999874711036682,0.5,0.7502770239952952
ChIJ33rDkUkVDTkRBF6PlzwmTFw,0.0005860790746130667,0.027376704616472066,0.5,0.027147435835407366,0.0005157096020411332
ChIJ34bw-9AbDTkRX4duKPn_Nqg,0.5,0.9997839331626892,0.8019928733507792,0.5,0.9997574090957642
ChIJ374hXsgDDTkRRRix0z5YTcQ,0.0017314017604803,0.9998052716255188,0.6005942607240286,0.0003638122871052,0.7499680780965718
ChIJ378Q6gb5DDkR__M5xEp30pQ,0.0002048552560154,0.5,0.5,0.5,0.5
ChIJ37trROcDDTkRPHhZWFNd5xQ,0.5,0.0004182915436103,0.5,0.5,0.5
ChIJ3RlMdckBDTkR0pjpqymKelw,0.9998751878738404,0.9862110912799835,0.5,0.5,0.9826572934786478
ChIJ3S7zfJ8CDTkRI1ahIlccS5o,0.0009573388742864501,0.0011737214517779,0.000728915772924625,0.00103697538725095,0.0011319923602664999
ChIJ3SD_AlkVDTkR5vw23z7SA68,0.5001913614978548,0.0008904353599064,0.5,0.9996973276138306,0.9996408522129059
ChIJ3SQBg8chDTkRY0_2MuPDqv0,0.5565068572759627,0.7039733628431956,0.5,0.9989063739776612,0.5280619029072113
ChIJ3VQnN78ZDTkRmGxqa1UL0eo,0.3350643552451704,0.9997729659080504,0.9997729659080504,0.0002035410434473,0.3335617647195855
ChIJ3VgjA3L7DDkRMlHJajqQ8xA,0.9998830556869508,0.999835878610611,0.5934513211250305,0.5,0.8643865982691447
ChIJ3X0NsjECDTkRYoNaNClVwuE,0.0015366078732768,0.001142220040492225,0.5013551340671256,0.0002451688342262,0.20089022027677855
ChIJ3Z8udED9DDkRr00_4ufSiV0,0.00035498689976515,0.33102886644580093,0.6719053493191799,0.999688982963562,0.00035498689976515
ChIJ3a9ngjLfDDkRSKpG4qiY0Uc,0.5,0.0202623605728149,0.5,0.5095838904380798,0.9989054203033448
ChIJ3bgkcZ8CDTkRTihSIjfk7w0,0.0013133866013959,0.9996146957079569,0.9992629885673524,0.5,0.9996146957079569
ChIJ3biBSov9DDkRTqlRipFxhOk,0.0006216638139448499,0.000183637428563,0.0003917100839316,0.000183637428563,0.00060428879805835
ChIJ3btan6QFDTkRqEJyaQ20wag,0.0007175306721667667,0.0008472976624034,0.0008472976624034,0.0002319613849977,0.5001205498301715
ChIJ3f2tTHbeDDkRDf98bXDD7Zg,0.5,0.99982351064682,0.5,0.5001289161446039,0.6666472092523084
ChIJ3fq-Uc4ZDTkRlJf8KDLs0wo,0.7499723687942605,0.5,0.5,0.5,0.7501286984770559
ChIJ3wheEADnDDkRDzP-C5uNxr0,0.9998624324798584,0.9998684326807658,0.5,0.5,0.9998594522476196
ChIJ3wz0KwfiDDkRjHFWQTiSUNA,0.33737536761327647,0.5,0.9996145963668824,0.5000454419205198,0.9997383952140808
ChIJ3xHFu-8BDTkRniKPVpPnnZA,0.9984390139579772,0.9890153855085373,0.5,0.5,0.9984390139579772
ChIJ3yRDa7gGDTkRLrdOe3Q5vpU,0.00114024229696945,0.00096622304408805,0.0007589687011204,0.9933807849884032,0.0012118280428694
ChIJ3ydPH0rcDDkRphpP8-WHB1c,0.00045869765017407494,0.0004947925335727,0.0008000047528184,0.0004947925335727,0.0006367884925566
ChIJ40I_kCvnDDkRsOwVtnuR6I4,0.9510717988014221,0.9510717988014221,0.9990314543247223,0.9990314543247223,0.9510717988014221
ChIJ42FWKggdDTkRFzcocUxirBs,0.00041374700958835,0.3336468774650711,0.0004519525391515,0.00054696777078785,0.9998466968536376
ChIJ43idupk9DTkRjypZM1JQyko,0.5,0.4999353424500441,0.5,0.5,0.5001312331150984
ChIJ44xy620HDTkRZkVQGauKZBI,0.9995644390583038,0.9993812739849091,0.9996715784072876,0.5,0.9996241807937623
ChIJ46DoQ1AbDTkROjfRXbq6LiU,0.7500434551620856,0.5005815394688398,0.999884843826294,0.9991258978843688,0.6668707376035551
ChIJ486HNRMBDTkRM1sl8rwuie4,0.0010435969161335,0.0006600632914341,0.5,0.000827387382742,0.6667606239401115
ChIJ48E4IKoZDTkRUDIRdG8HzTI,0.99979966878891,0.9971803426742554,0.99979966878891,0.9962283372879028,0.9971392452716827
ChIJ48_OUif9DDkR9L9PyvviY4s,0.0013445420190691,0.0013445420190691,0.0004870460252277,0.5,0.40038295059930534
ChIJ498BU249DTkRkH_DKrBZgC0,0.9998263716697692,0.9998443424701691,0.5,0.5,0.9998263716697692
ChIJ4QSpaUwbDTkRTJLcTeZmT64,0.9991893768310546,0.6639111787080765,0.9997760653495787,0.3280291259288788,0.9992360770702362
ChIJ4RfKFssFDTkRU4i5FR1_Mcc,0.0003857150441035,0.0007451739293173501,0.5,0.0002958767363452,0.0006253543009127334
ChIJ4WmKF40BDTkRhunQxIe-GlU,0.995089590549469,0.5,0.9990422129631042,0.995089590549469,0.999866247177124
ChIJ4ZM2vkIXDTkRAXr06HcF9JI,0.5,0.5,0.5,0.5,0.5
ChIJ4ZO2ChQZDTkRpunIryEaAR8,0.9997310042381288,0.9997979700565338,0.5,0.9998383522033693,0.9994459003210068
ChIJ4_cSyxPhDDkRRdBaWb4TUL4,0.0003619654453359,0.9996482133865356,0.5,0.5,0.49868128053276445
ChIJ4aZIwh0XDTkRk3pS4f1_2cA,0.9998691082000732,0.5,0.5,0.5,0.5
ChIJ4bbuL5sZDTkRKr-J97a4G0s,0.5000018215432647,0.5,0.9989927411079408,0.5000324881330016,0.999853014945984
ChIJ4x53ez8BDTkR5CIlTSFHw1g,0.5,0.5025360127910972,0.9998480081558228,0.32960128786119947,0.4942472300463124
ChIJ4xrnQuerDTkRFSt71MB3oMw,0.0002000842359848,0.5,0.0002000842359848,0.5,0.0004472126020118
ChIJ5-GnwuYBDTkRenzp2BlV9aY,0.5,0.0001896895410027,0.5,0.5,0.5
ChIJ5-z-Hc_jDDkRZyU2Wz8Mae4,0.5005328871193342,0.6632914885800952,0.5694718107503528,0.001395983970724,0.5731502319298064
ChIJ50F8pDQFDTkRW4vVtMDV2Vg,0.5,0.9998499155044556,0.5,0.5,0.5
ChIJ51yNUgbjDDkRhRjK5RkEXn4,0.4999486317828996,0.9997239708900452,0.0008412439492531,0.9973342418670654,0.3336920460181621
ChIJ523s_LLgDDkReZgVUIHDaaA,0.5,0.5,0.5,0.0004336269921623,0.9998579025268556
ChIJ52FmthX9DDkRuV3TTavgdAA,0.5000489673875563,0.6665555136520803,0.9997223913669586,0.6664941804726064,0.6664941804726064
ChIJ52dGUtcDDTkR9ccRlGw9PG0,0.3346484589468066,0.0002222145703854,0.5,0.5014469692250714,0.9998206496238708
ChIJ59PVuv4bDTkRw6GldlMth6I,0.9996190965175629,0.5002189651713705,0.5,0.9997046987215678,0.999744787812233
ChIJ5QdVesIFDTkR0Q9J7-vqSHw,0.0002025554276769,0.5,0.5,0.007530072820372801,0.0001843704376369
ChIJ5RPXWkbnDDkRHPIEdZvEvnM,0.49992230173666025,0.999842643737793,0.5,0.5,0.0003679918590933
ChIJ5RheowbkDDkRtDC1TjcYz1w,0.9997542500495912,0.25014734810974915,0.999759078025818,0.49999964902235666,0.5000209862846532
ChIJ5RjjCirlDDkR5wrzax-BZEs,0.9998666048049928,0.3333870449666089,0.5,0.0008014070917852,0.5000069349262048
ChIJ5V5eFuAHDTkR47MCn7ul_ww,0.0017286258516833,0.5012328053126112,0.5,0.0017286258516833,0.0008484707213938
ChIJ5VpnAeYfDTkRYQ9sYR8yMGs,0.0007120159571059,0.33219025161815807,0.49784495370113296,0.9080207347869872,0.00111693577491675
ChIJ5WV5tSj7DDkR5C7fCFDWTps,0.5010612084297463,0.3342860969617807,0.0002068231988232,0.5,0.6664488696551416
ChIJ5X1AVYMCDTkRuXIfnpUxxSE,0.9996768832206726,0.9995855987071991,0.9995835721492767,0.9995835721492767,0.8381951302289963
ChIJ5X7CbgAZDTkR2E-ZjpnjZi8,0.674587077771624,0.5097902221605182,0.5097902221605182,0.9973257780075073,0.8037554901093245
ChIJ5XYHAwAJDTkRhk-aK3gljDQ,0.999859094619751,0.9998373985290528,0.5,0.5,0.999859094619751
ChIJ5XqZzjwFDTkRMQgkRgFzsz4,0.999847024679184,0.5000476103305118,0.9998132586479188,0.5,0.999847412109375
ChIJ5bX1UNLjDDkRFUd-LjbGr28,0.9998687505722046,0.9997593363126119,0.9998595714569092,0.9998595714569092,0.9998656908671061
ChIJ5bXEImgdDTkRTcDcVIVTblg,0.3337124402751215,0.5,0.5005579981516348,0.9970510005950928,0.999858856201172
ChIJ5c8bRRP9DDkRI_kpIfCtqB8,0.5,0.0003844076709356,0.5,0.0004516155167948,0.0003844076709356
ChIJ5dfWP_UdDTkRciVp85XPAk0,0.7499444221684826,0.6666710622084793,0.999788761138916,0.7499444221684826,0.7499444221684826
ChIJ5wVw0d0ZDTkRKhByqx1b0lQ,0.5,0.9976785778999328,0.9976785778999328,0.5,0.9992801696062088
ChIJ5xIjFAABDTkRPX5HONJzVLs,0.5,0.5,0.5172323342412709,0.5,0.5
ChIJ5xMxsdwDDTkRmPBTgKIUMbo,0.999146302541097,0.9991185863812765,0.9998644590377808,0.9998644590377808,0.9994167685508728
ChIJ5ybDRzjcDDkRl2FKQsRD4eo,0.0005132412188686,0.9998062551021576,0.5,0.5001376199361403,0.6667182794966114
ChIJ5ybFfAsXDTkR5slZzBjfm8o,0.5,0.998311161994934,0.5,0.00035508775908965,0.5
ChIJ5ywskdUBDTkReNdCgxAYPJI,0.00089906345965565,0.0002341536601306,0.5,0.5,0.6666365354564429
ChIJ5zP56pMfDTkR4iADY4sOufg,0.9997488856315612,0.000438108399976,0.000438108399976,0.9997488856315612,0.5001147162693087
ChIJ5ztBr_kZDTkR4LzBbqbWcSk,0.0002741494681686,0.00025598756474205,0.5,0.5,0.0036142673838184597
ChIJ6-1znNsFDTkRm7yVEo8cwTc,0.0011846875616659334,0.000250355922617,0.5,0.9998511075973512,0.33355409784902196
ChIJ61WTkQ8BDTkROsXSSW6I5SQ,0.0003470897499937,0.25048031734331744,0.001391252502799,0.0004014973528683,0.6666325966458923
ChIJ64_MiLE_DTkRGOHzyJ5UpDM,0.727084219455719,0.9996734857559204,0.5,0.5,0.8180047671000162
ChIJ64ybpDgFDTkRNm-JNcbqCuE,0.7416139637280139,0.0002477545931469,0.9836614429950714,0.4995664844609564,0.7497132067728671
ChIJ66UarT6rDTkRyZa4JzJBuoY,0.5,0.5,0.5,0.5,0.9998631477355956
ChIJ67eVkr8GDTkRVc10q3eNuvE,0.9998725652694702,0.9995875358581543,0.5,0.0003103180497419,0.9996701876322428
ChIJ68pMy4ujDTkRfdLW8KShqPs,0.999795377254486,0.991849422454834,0.991849422454834,0.5,0.999795377254486
ChIJ69cVdAD9DDkRKbdKKZC9RCA,0.6664943883079104,0.6664584268388959,0.7498050324065844,0.5,0.9994850158691406
ChIJ6RTDdCTnDDkRZaKJnxryIMs,0.5,0.5,0.9998725652694702,0.5,0.9998725652694702
ChIJ6UDMWr4DDTkR-s5z0b2N_Z8,0.0016791955761921,0.0036976314149796,0.5,0.5,0.00236383272567755
ChIJ6UcYhSEeDTkR6E7j3U9cv-0,0.999803364276886,0.9984450936317444,0.5,0.5000535504659638,0.7495888897101395
ChIJ6VKu20AFDTkR0gckv0FCS3M,0.5,0.9998717308044434,0.9998264908790588,0.5,0.9998264908790588
ChIJ6XCwlb0dDTkRLWxu1qjVv00,0.5,0.20209258657414467,0.00045484033762470004,0.00045484033762470004,0.002647919725859475
ChIJ6XGgrjLnDDkRe1YaEUjd_r8,0.5006587747484444,0.0084181586280465,0.5006587747484444,0.0002154180401703,0.5
ChIJ6XfP3Yn7DDkR7EkhxIHNGO4,0.5,0.994665026664734,0.2682218253612518,0.5,0.9998883008956908
ChIJ6YO4P9zdDDkR_N4aclI98Ng,0.5008900106477086,0.5008160975921783,0.5,0.0003749692987184,0.5001139325177064
ChIJ6_4lqtj8DDkR5K7EOXYtvCI,0.0005197753489483,0.000431730692071125,0.0003762479755096,0.00032934524642764997,0.0004242818104103
ChIJ6c81vdD6DDkRwSloTrOLG6E,0.5000454000837635,0.4912309758074116,0.9998420476913452,0.0002379347715759,0.5000448712271464
ChIJ6dIL9O3lDDkR08PFnVJrs1I,0.0009772705088835001,0.0005272882262943,0.0006997791933827,0.0006997791933827,0.0005272882262943
ChIJ6wyYSJndDDkRRdbX4at-Y-0,0.25217645641532727,0.9996939897537231,0.5,0.0003201886720489,0.5000070892128861
ChIJ6yMHonsZDTkRMN0eS43o7Tw,0.5001304856268689,0.25251277568168,0.9996321201324464,0.5,0.3338981306102747
ChIJ6ykOwE37DDkR4kHteRFVpGg,0.982280969619751,0.9471681714057922,0.9735272228717804,0.5,0.9893037438392639
ChIJ6ztvUg3-DDkRLVhUcMEzffQ,0.007918746753906167,0.5,0.0187095645815134,0.5,0.4985120359779102
ChIJ70yHFd4BDTkRDCBZqoNKwjY,0.7498805964714848,0.9996199309825896,0.9998718500137328,0.000386951258406,0.9996987730264664
ChIJ73aJFo_7DDkRD75wIldcHf4,0.010065402195323201,0.0005128143820911,0.5,0.0002906935987994,0.0003944837371818333
ChIJ73h-x7AfDTkRYODY5sS8TO8,0.002882499131374,0.0006926485802978,0.5,0.00032649876084175,0.000792922917753425
ChIJ74P05McBDTkRI1DrZsSufxA,0.5,0.5,0.5,0.5,0.5
ChIJ75mawVXjDDkRgnu3gPfCRjc,0.0003143444191664,0.6662229885599421,0.999190628528595,0.999190628528595,0.9994182189305624
ChIJ76JImg0dDTkRVUXq0b3XW0A,0.0061464551836252,0.0031220053788274,0.3542743207265933,0.5,0.004286391194909767
ChIJ76KgAiEiDTkRw62nMJ-4n7k,0.5,0.9997183978557587,0.5,0.9996328353881836,0.999763011932373
ChIJ76fRckIbDTkRIah0mfzCE08,0.9998208582401276,0.5021235551685094,0.5,0.5006121239857748,0.5013678395771421
ChIJ77AkL1sHDTkRckJGkQC1VuY,0.9995753169059752,0.9997023940086364,0.5,0.5,0.9997023940086364
ChIJ77cDh5H9DDkRw4eomzQsdh4,0.0005895433714613,0.0112354550510644,0.005793147720396449,0.00588763284031295,0.004067462490638667
ChIJ788UkOAeDTkR1IXMH3KeYTY,0.9998407363891602,0.5030913210939615,0.5,0.5,0.9996025363604227
ChIJ78FO7agFDTkRWu2o8J3LbLE,0.0003331053594592,0.0006381620187311499,0.5,0.00061691059090655,0.00046325723815234996
ChIJ78gy8y4HDTkRHZp1SwDEWHo,0.5,0.0057195499539375,0.000336187047651,0.0024400318943662,0.5
ChIJ78pTIgAfDTkRy0dLDmC0oRk,0.001090194331482,0.001090194331482,0.9998287856578827,0.9997896552085876,0.4006948939349967
ChIJ7Q6BTxMFDTkRFnrFY18zdcU,0.001357841872959325,0.0005008973676012499,0.5,0.0007909740088507,0.0006175036687636
ChIJ7TBF3w6tDTkRxqHf-88bekw,0.0020270640961825,0.5,0.998950719833374,0.0020270640961825,0.0020270640961825
ChIJ7U43gHXdDDkRxrQvQ2InjH8,0.5,0.5,0.9998756647109984,0.99980691075325,0.7499719801344327
ChIJ7UGbOM8aDTkRyL55gyT-jpg,0.20418251357041295,0.0002484438591636,0.000524915929418,0.0140013881027698,0.0063232500106096
ChIJ7UcKMUjhDDkRL-mPFW5-q7g,0.9998714327812195,0.0002103695296682,0.0002377776690991,0.0002103695296682,0.9998714327812195
ChIJ7VH_h-IdDTkRFNSyL2_D5vs,0.0011552449238175666,0.5,0.0006120579928392,0.002644325150564867,0.0067088594660162
ChIJ7VIOTVseDTkRdnOMsxb5ftI,0.997848649819692,0.5,0.993842363357544,0.5,0.9986593842506408
ChIJ7VpQfSMeDTkRq4Uup9eQgNI,0.004361426734249049,0.002232693877886,0.5,0.000280291395029,0.3349345596701217
ChIJ7W5mGAIWDTkRI2I_wKlwLRk,0.5,0.5,0.99977046251297,0.5,0.5
ChIJ7Xa0GEEcDTkRE39X-CgUsG0,0.0015773999766679001,0.5,0.5,0.002008199294020067,0.0003159543557558
ChIJ7YAuUx89DTkRFRi0TeqfJ7I,0.5,0.9998531341552734,0.5,0.5,0.6667285445728339
ChIJ7_KbKp4CDTkRuZLvVbQuguc,0.9998757441838583,0.6818045961360136,0.5227698367089033,0.5,0.9998784065246582
ChIJ7__72BTdDDkR4IspIyx07sM,0.5,0.5,0.5,0.0020130169141339,0.0004696372488979
ChIJ7aqq-vTkDDkRgQTJLDQBQlA,0.9996351599693298,0.9998620748519897,0.999426007270813,0.9998645782470704,0.8008810554631054
ChIJ7aqqqhn9DDkROmpPLJp4sS0,0.4991350530617637,0.7499407708164654,0.998008906841278,0.0002611992822494,0.6666599551196365
ChIJ7bfQAnIcDTkR6QuFSvjr3e4,0.8552765250205994,0.8914173990488052,0.5,0.7829855382442474,0.8914215415716171
ChIJ7eql54AFDTkRqeVDzk7JbSo,0.5,0.5,0.0002837859501596,0.0005275263829388999,0.5001077633642126
ChIJ7fAQv8_dDDkRYi2IELVDS38,0.9995294809341432,0.0004054384771734,0.9995294809341432,0.9995294809341432,0.0019003463676199
ChIJ7fRtZmwYDTkR1gC0XrYO20g,0.0032839508348842497,0.00038898897764735,0.0052087749354541,0.0048783151432871,0.0052087749354541
ChIJ7fuzuzgBDTkRPKEENDxBLpw,0.33758769956572604,0.3375866664185499,0.0120533993467688,0.0120533993467688,0.5031413177202921
ChIJ7wT_1n0jDTkRHes_l2DwAiI,0.25017515066792834,0.9998100399971008,0.5,0.5,0.9998100399971008
ChIJ7xjccFQfDTkRNLupqKY77ZM,0.999863624572754,0.999879002571106,0.9987137764692307,0.9997759461402892,0.9987099319696426
ChIJ7xzv0_XhDDkRouVSxdtA7Kg,0.9998247921466827,0.9985880851745605,0.9998058478037516,0.9973105192184448,0.9992979407310486
ChIJ7yY1S0AcDTkRZIaCEtrF_-A,0.500005340007192,0.27832425929955207,0.36939545831895276,0.0009452258018427,0.27832425929955207
ChIJ7zycekH9DDkRWd8FYsIVT3U,0.9595874945322672,0.5,0.6952405869960785,0.639313668012619,0.9416311681270599
ChIJ80WEYuD8DDkR2z_JnqJYSd0,0.7517855198821053,0.6691197397497793,0.5037593010347337,0.0076779848895967,0.9998213648796082
ChIJ80jFb_AJDTkRlQqSwAF8FZs,0.5,0.5,0.5,0.5,0.5
ChIJ832IbC79DDkRxvUL3edYTw4,0.9997394879659017,0.9996936619281769,0.8003794381394982,0.7505163487512618,0.9997625648975372
ChIJ83sN18QEDTkR8THDqjoDwF8,0.25032323545747204,0.25032323545747204,0.0006039438012521,0.0002188346697948,0.3036845797250862
ChIJ83zzx1sHDTkRI1NK8xauAC4,0.0006966378568903667,0.0008602037851232333,0.5,0.0006727075669914,0.0008137290181669
ChIJ845-Av8hDTkR92215ULZUa0,0.5,0.9998165369033813,0.999746859073639,0.5,0.9997940460840861
ChIJ845VBz0eDTkRn4taWpUHdMI,0.9998648166656494,0.9997158646583557,0.9997022449970245,0.5,0.9997158646583557
ChIJ85M8_BDlDDkRuHggVmVCRmA,0.00068835914134975,0.5001367614459012,0.0006832880317233,0.5,0.6668144399106192
ChIJ86e0i6sjDTkRzMsqrb9fdGU,0.0007715457565306,0.25030871933995513,0.5006235688924789,0.0005619033472612,0.25051263169007143
ChIJ87DHGs4ZDTkRx1Hiq-G3rsI,0.0231399331241846,0.4999703945359215,0.0231399331241846,0.9994305968284608,0.0002687338273972
ChIJ87NRphjiDDkRMh3igGPGQUg,0.5017054478994396,0.9993176460266112,0.0002760831266641,0.0002760831266641,0.5017179194837809
ChIJ88UPbKcfDTkRn5RuCRubLAI,0.4999020192408352,0.6664541425561765,0.5,0.4997494611525326,0.7951286591443931
ChIJ8RAL_OL_DDkRfkpERnh9Ujo,0.00082771299930752,0.0005630825653497251,0.5,0.0002434557973174,0.0009449098542972749
ChIJ8SaLJQcbDTkRDummRi-bBts,0.9997721314430237,0.9998080333073934,0.9997881054878236,0.5,0.9998080333073934
ChIJ8Saeag4BDTkRpye1qynjXfI,0.000470546685392,0.9997089505195618,0.9993159770965576,0.000470546685392,0.5
ChIJ8SoxXNoVDTkRR5Pv53WSjPk,0.5,0.5,0.5,0.5,0.5
ChIJ8SvdaJsLDTkR_ZJVxtepIE4,0.0003595886519178,0.0003595886519178,0.5,0.5,0.9998612403869628
ChIJ8VV1bwLkDDkRXF4dKZb7rf0,0.9997718334197998,0.9997718334197998,0.9283437728881836,0.9998681545257568,0.9283437728881836
ChIJ8X5p4sGpDTkRAn5CHmb8CgM,0.9837216734886168,0.5,0.500153347631567,0.0004764492914546,0.2803633213043213
ChIJ8XJNQSHnDDkR60BZUyvH0_8,0.4999149252544158,0.0003631761016246,0.4999149252544158,0.0002065787994069,0.3334140373384192
ChIJ8XxKq60YDTkR1qyuvd84B8k,0.9991602003574371,0.0004482566437218,0.5001608281891095,0.5,0.9991602003574371
ChIJ8Z3G91sHDTkR4fx3eLbmUAU,0.00112219090806315,0.005043648969149167,0.0004226689925417,0.0018217128235846,0.00112219090806315
ChIJ8Z_NJZ4DDTkReip6lwx436M,0.06613564689178014,0.5000349750043824,0.5328705767751671,0.5659399777650833,0.7104022204875946
ChIJ8b0cjakbDTkRswKAZj95Mjk,0.9996501207351683,0.00022819198056815,0.9830810129642485,0.00399813774129135,0.6554493338868874
ChIJ8eP7GADhDDkRFW6C7rXhNB0,0.7994967184582492,0.6666360037391618,0.498968025574868,0.0002382805541856,0.9991429050763448
ChIJ8eQZ5P4bDTkRHptlV4BmkLY,0.008979850448668,0.0020445541013032,0.0015929442597553,0.5043985215015709,0.500806318159448
ChIJ8eXMjBQDDTkRB0vq5KGUuro,0.0002468051898176,0.0006256343913264,0.0011075384682044,0.5,0.0005330948661139251
ChIJ8fp48rP7DDkRB1sioTWEZE8,0.5,0.5,0.999827206134796,0.5,0.999827206134796
ChIJ8wb5Nwb9DDkRrQpokLfjOsU,0.0006490706582553,0.025513973998992332,0.04130647913552815,0.0038140056713018,0.0012047077470923998
ChIJ91XVqDABDTkRs5l8m4h51Dk,0.20016643358103461,0.0002411719469819,0.0002409539520158,0.5,0.5000358162506017
ChIJ91zeLwDdDDkReFhf0mek_RM,0.9998095333576202,0.9993369976679484,0.9990683794021606,0.5,0.9995015144348145
ChIJ93r8-wbjDDkRlf30qg5Q_pM,0.3336828920000698,0.333667699524085,0.0002779249334707,0.00059546873671925,0.5004001798806711
ChIJ94OtjosHDTkRNzEsMJsW-jg,0.0008261457478511,0.0008977743564173,0.0014722959604114,0.0006572715064975666,0.0006095191007867666
ChIJ95pIbxIMDTkRS4oadXUcB64,0.9997079968452454,0.074779599905014,0.5,0.5,0.5194210121990182
ChIJ968tGgojDTkRObaW2xZSuXs,0.5000250135708483,0.0007391582475975,0.999835968017578,0.5,0.666813314310275
ChIJ96cpUlsDDTkRK5rHUFLyRQc,0.6664784379439274,0.9998307526111603,0.0002487980236764,0.9998761415481568,0.9997853636741638
ChIJ97W7F9EfDTkRidfrk_JoC5s,0.5,0.9998725056648253,0.5,0.5,0.999871826171875
ChIJ97ryQcUaDTkRMRQ3U8RDauM,0.5,0.0011837976829458666,0.5010097187478095,0.5,0.6672375309281051
ChIJ9QLLUI3dDDkRRkT-iEdX5Oo,0.9996376931667328,0.5,0.9997225403785706,0.9998509883880615,0.9995821118354797
ChIJ9UwfBWzdDDkRCkXnHDqFYAQ,0.010326833178017567,0.0003551356203388,0.5,0.0304273087531328,0.5
ChIJ9W1BH1UHDTkR-atCKhI6R6Y,0.3757068088161759,0.7499204874038696,0.5,0.5,0.7488571405410767
ChIJ9WJgCpwiDTkR9v_-VgD8zc4,0.5,0.9998325705528259,0.9998060166835785,0.5,0.9998233467340469
ChIJ9Xii03PiDDkRFaoIddnxtns,0.9997114837169646,0.6683902281026044,0.9991718530654908,0.3352775916428072,0.6009136763197602
ChIJ9YQiGwA9DTkRPjg7rABv8os,0.9997909863789877,0.5,0.9996991157531738,0.5,0.999741718173027
ChIJ9_LFpUoZDTkRmQc0nr3920Y,0.6664378442219459,0.0003169172559864,0.9994983077049255,0.5,0.9997378786404928
ChIJ9_YcO0AcDTkR-IevngItAKw,0.000286707712803,0.039154227823019,0.039154227823019,0.0002444569254294,0.013242547749541665
ChIJ9bGyTpwCDTkRUo-2hSFXffA,0.6663332000074055,0.37264982508592465,0.9995648264884948,0.372860446475291,0.49990323404927034
ChIJ9bGyTpwCDTkRpCJHmrLyp8g,0.5003601205535232,0.5004974794574082,0.999859094619751,0.5,0.6668684411173066
ChIJ9cVfgg_9DDkRMQLzjeAJ-vY,0.00088499569392295,0.3320107707016481,0.000191116152564,0.5,0.3316803395573516
ChIJ9edIGvoDDTkRVxqbcgB6rm0,0.5000718999654055,0.0004243589937686,0.5,0.5,0.33347454455603537
ChIJ9ewU6Ls_DTkRzsiQ4T9QLWo,0.9997217059135436,0.99980828166008,0.5,0.501454139710404,0.9997217059135436
ChIJ9f5mdiv7DDkRq-mRrFelJAo,0.9998830556869508,0.9998258550961813,0.5,0.5,0.9998432517051696
ChIJ9yKcCbQXDTkRW3uWCbf-uLQ,0.9998462200164796,0.9996608893076578,0.5,0.5,0.9997151792049408
ChIJ9z9RjKzjDDkRkqMhtJ2HBNM,0.9995821118354796,0.9997966527938843,0.9997051060199738,0.9995821118354796,0.9998764991760254
ChIJ9zJVVgD7DDkRWOQxBwWX3G4,0.500383695383789,0.999880075454712,0.999880075454712,0.5,0.6666710185042272
ChIJA-XE0cprDTkRwR3bG7Oc7JM,0.999862551689148,0.9998595714569092,0.5,0.5,0.999862551689148
ChIJA-vXAVT9DDkRgea1TJCa_UU,0.4902470950037241,0.9982414245605468,0.5,0.9993645548820496,0.33224172331392765
ChIJA-zn7S77DDkRXJsksvK3hLw,0.0008315500454045,0.3272204117965884,0.9998064637184144,0.49962346226675436,0.33335949152630434
ChIJA4OXYoEHDTkROFZ398gVHHU,0.0018379633838776,0.0028939063195139,0.5,0.5,0.0028939063195139
ChIJA4pw_H4ZDTkRyr1y9v30CQ4,0.9855623543262482,0.9997535347938538,0.9713065326213837,0.9713088572025299,0.9855623543262482
ChIJA5noYTHdDDkRzwENbOht5eU,0.0004676003591157,0.5002409742446616,0.5,0.5,0.0006315561477094
ChIJA5u7YpYZDTkRCEcqc98Pbak,0.0010427732486277,0.5003924319753422,0.5,0.5,0.9997420907020568
ChIJA9WYaIEHDTkRTK-Lo25SbTA,0.0003527443041093,0.0002665695792529,0.5,0.0001803948543965,0.249295456407708
ChIJAQA0MlMeDTkRBu02w_FNO1U,0.5,0.9998319943745931,0.5,0.9998252987861632,0.5
ChIJAQAAAKHThDkROOHqJK8SqEQ,0.5259072277694941,0.5259072277694941,0.6838778120776018,0.500021919455321,0.5259072277694941
ChIJAQAAMLD-DDkRdPtt8LsVujA,0.9998472481966019,0.9998107751210531,0.9998415410518646,0.9998036026954652,0.9998089820146561
ChIJAQAAwMoZDTkRW9hrHxvXr20,0.8890487849712372,0.9555202484130859,0.5,0.5,0.9444456547498703
ChIJAQAQ3iIeDTkRUX6NDxRGhiA,0.0004675625241361,0.00026159481058125,0.0002411539171589,0.0006169266416691,0.0005348146805772
ChIJAQB0mwAiDTkRGTqwPngT9Qg,0.9983081817626952,0.9998722672462463,0.0002803670358844,0.0002803670358844,0.7370876520872115
ChIJAQBA6eAYDTkRV0RzEJj5IE8,0.5001694908423815,0.4989161503108334,0.9998608827590942,0.9998608827590942,0.4989161503108334
ChIJAQBAAokZDTkRZxk3dwZd-4I,0.999171257019043,0.999849796295166,0.5,0.5,0.999849796295166
ChIJAQCTgEP7DDkR8z4l4Lv6Uhc,0.20008287708624267,0.0003256666677770667,0.0004088906862307,0.00036661286139855003,0.2500522336376889
ChIJAQDARl7iDDkRPMvE7jjAm4s,0.7476534445304424,0.9998607635498046,0.9998574256896972,0.5,0.6653186148032546
ChIJAQDviIUCDTkRGce6KapJ6xw,0.6716720464949807,0.9997865557670593,0.9997881054878235,0.015460074879229,0.9997798800468444
ChIJAWlbwzsZDTkRTD1NrIaIoJg,0.5,0.0008839057409204,0.5,0.0008839057409204,0.0008839057409204
ChIJAXp7bFcZDTkRkKdt_Lt46Tk,0.00158282561460505,0.5,0.5,0.00137670814001465,0.0010449513210914667
ChIJAYFTg5HhDDkR_v7Ha_GJtt8,0.6666350976156536,0.9997625152270001,0.9998761415481568,0.0002479599497746,0.9997625152270001
ChIJAYcyTJ0ZDTkRLMQcp2ZFyMc,0.25047051600631676,0.00085716421745015,0.9998401403427124,0.0014885483542457,0.250265845850663
ChIJAZRhEZWjDTkRjOCGULUsIM0,0.5,0.5,0.9998304843902588,0.0029413786251097,0.5
ChIJAZTkm0D9DDkRAMiy3bHdGCY,0.0005694143619620666,0.0006310413009487,0.0004748074279632,0.00055292436445595,0.0004748074279632
ChIJAZTkm0D9DDkRMDezVFMRIKM,0.9982900023460388,0.4997359792760107,0.999094545841217,0.9986402094364166,0.6653842913025679
ChIJA_gnLTQbDTkRVHz_FmDumIs,0.5,0.999767522017161,0.5,0.9997872710227966,0.9997613032658895
ChIJAaXhBdofDTkRjJVX_cRNLSQ,0.5,0.5006950747920199,0.5,0.5,0.9980004727840424
ChIJAd3619A9DTkR4UZYACYhK9E,0.9998259345690409,0.9998684525489806,0.9998611211776732,0.5,0.999830941359202
ChIJAeEer4jkDDkRnvYOsth2r2c,0.9998602072397867,0.9998564720153809,0.5,0.9998738765716552,0.9998579323291779
ChIJAw2759jjDDkReqlGzFG1rN8,0.00124402817164075,0.0011403694661566333,0.5,0.000810996996733525,0.0008937859917447
ChIJAx_1cQAjDTkRyUfJqOJ0uhw,0.9998635649681091,0.9993165731430054,0.5,0.5,0.9997289478778839
ChIJAxoZFF0-DTkRrQYeGhnCS1c,0.5,0.015091125096660048,0.3545042797923088,0.0013292137300595,0.03527273610234255
ChIJAy3yrrofDTkRo9pQpHva1MY,0.9998186528682709,0.5013998517533763,0.9997817873954772,0.5013998517533763,0.639838379388675
ChIJAzDQxXn9DDkRYPf3fWJwA8M,0.9998674392700196,0.5,0.5,0.5,0.5
ChIJAzPudb_dDDkR7Ky0lXG8OeI,0.6668695761278892,0.5004694690578617,0.5003823866718449,0.0008266438380814999,0.33374296782615903
ChIJAzdTzS7jDDkRIt7HRR47yfc,0.9994957248369852,0.9996294975280762,0.9996660947799684,0.5,0.9998456438382467
ChIJB-shS9_jDDkRQQSbddJ0GOU,0.5000720755488145,0.5000754134089219,0.9998586177825928,0.5,0.7499713071301811
ChIJB0f_eV8VDTkRZLamMeFD228,0.5,0.5,0.5,0.5,0.5
ChIJB1BnotkdDTkRWrfJkptd0f4,0.0004530811856966,0.00065921786881515,0.09829492730204943,0.293566346168518,0.5721519357102807
ChIJB1xm5avdDDkRF1xqDSafw50,0.500097637574072,0.9997687935829164,0.9997256696224214,0.00054729495604985,0.6667064825305715
ChIJB3eNuar9DDkRdLXjKjlGuaE,0.33358728798339143,0.5,0.0005781250656582,0.0011488714371807667,0.5004906351241516
ChIJB4eb5VziDDkR8DQnuhE4HhU,0.5,0.9998700618743896,0.999826967716217,0.5,0.9998639424641927
ChIJBS-HCGL9DDkRnvfrMTf9pDM,0.9997473508119583,0.9997301995754242,0.9996553957462311,0.9996920824050903,0.9996553957462311
ChIJBUyBs_EBDTkR6NDsh_942IY,0.9998429814974467,0.5000636162876617,0.9998039801915487,0.6666255714177775,0.7999190045404247
ChIJBVSGE6gbDTkRSmVkRqpoTi8,0.7498816871084273,0.5001905905082822,0.9998887777328492,0.5,0.6667566529164711
ChIJBWLPRSvfDDkR9hoirJEhMJI,0.5,0.5,0.5,0.0121930409222841,0.5
ChIJBXLyghI9DTkRRrOaOusMssk,0.7502005521964747,0.6006635991157964,0.0025157867930829,0.0019168176804668499,0.6006635991157964
ChIJBXnLrFvhDDkRAiQRIACRglQ,0.5,0.6678993424090246,0.0039357305504381,0.0039357305504381,0.9998877048492432
ChIJB_YlZ60DDTkRk6N2H6cp11Q,0.00142379134922515,0.00038933959149285,0.5,0.00038933959149285,0.00078325712820515
ChIJBb2AhdMHDTkRiuP5pxgamCA,0.0019059069163631,0.00043938001908825,0.5,0.0003698907967191,0.0033029445912688
ChIJBb3mYrQdDTkRv0Dx43jGpGQ,0.00798443233361465,0.00068658633972515,0.00848816236248235,0.0005973259685561,0.3337523542771426
ChIJBb6nI8D9DDkRwrBTMaXlXG4,0.0006481517339125,0.6003765153698624,0.5,0.5,0.6671201033750549
ChIJBbCOpAnlDDkRaY_Ew4Tetlk,0.999803900718689,0.9996792376041412,0.9997208515803019,0.9997208515803019,0.9997578263282776
ChIJBbgsxsYEDTkRc2dRoyxQ5Cw,0.0003590772103052,0.22634892043424765,0.0003590772103052,0.9989474415779114,0.30169848049020703
ChIJBbpSm1sJDTkRdKOUL6qnOIY,0.0017518154345452,0.9022846221923828,0.5,0.5,0.5
ChIJBbwzvPMBDTkRPPGqzG0yUhc,0.999750812848409,0.9997261464595795,0.9997279047966005,0.0023588191252201,0.9997450858354568
ChIJBcMcWOAjDTkRUzbA5iIK4lY,0.9997841517130533,0.9998071789741516,0.5,0.5,0.9998194694519043
ChIJBeUtHnTiDDkR4Ubj5utSO8c,0.5000161674834089,0.5,0.5,0.0002585345937404,0.9997457265853882
ChIJBevGfo4ZDTkRVZgGThgWOhM,0.5000838099513202,0.7499397277133539,0.9998542666435242,0.5,0.9998348206281662
ChIJBfnuD7sZDTkRo_vgFmqNTNs,0.9998484998941422,0.9956726829210916,0.5,0.5,0.9967187792062759
ChIJBw4gkmQJDTkRCfSriSCLgGE,0.5152054922655224,0.5151863591745496,0.5,0.5,0.0305429492145776
ChIJByYe3LL9DDkRVpIn7noONz0,0.0019655129872262,0.49994142478681164,0.9985311031341552,0.9985311031341552,0.00042435849900354997
ChIJBz-A1bT9DDkRyCwXhKz5ZC8,0.5000423922865593,0.500028169772122,0.9998675584793092,0.5,0.6792615999778112
ChIJBzhabYMFDTkRwDDnvz1r_Ms,0.0006008581840433,0.0007186499424278,0.5,0.9995102882385254,0.0004924955283058333
ChIJBztzF2_dDDkRL7U3jwZkoRM,0.9998493492603302,0.33349363411737915,0.5,0.0001882181386463,0.0003310800384497
ChIJC-P-G5gCDTkRpV3HzHjERLA,0.9996907512346903,0.9996709376573563,0.9996907512346903,0.9996037781238556,0.9996956586837769
ChIJC-svMT7nDDkRsnPyEfm6MSM,0.9997094571590424,0.9998039603233336,0.9998039603233336,0.9928080638249716,0.9893310070037842
ChIJC0pNFKb_DDkR6f4LYdcCE3w,0.6134406253695488,0.33256836704094894,0.7276304811239243,0.0004998739314032,0.15318511895020487
ChIJC3jSkMLnDDkRpbyJHHT6HjY,0.00042521580326135,0.0003887952188961,0.00041769298938256665,0.0005188192881178,0.0003887952188961
ChIJC4a0GTAdDTkR08VLCKrqsfs,0.4993788797582965,0.33367793046636507,0.99885493516922,0.999664306640625,0.6666801468236372
ChIJC4qlMTf9DDkRhRQpkx58hqI,0.9960543513298035,0.6674465116423866,0.6649039960466325,0.9998377561569214,0.7486474049510434
ChIJC567cIwdDTkRsrbn8qAY9H4,0.0003506782231852,0.9998824596405029,0.5002772745792754,0.5,0.500207293771382
ChIJC5Q-kVUFDTkRJw9wSqEzoKY,0.0004227756435284,0.000276201084489,0.0004842696653213,0.0003875700155428,0.0005911401603952751
ChIJC5jTgNcZDTkR3ajFCvQd1dI,0.512133626267314,0.5,0.5121193211525679,0.5,0.9998607635498047
ChIJC7kLf7ghDTkRxYDIWk_0mrg,0.9998660087585449,0.5,0.999869704246521,0.5,0.9998731017112732
ChIJCS9C0uhrDTkRa6WloDihzjA,0.18263954173016828,0.18364502792246637,0.5,0.5001490753202233,0.5
ChIJCUCbwIwZDTkRpOs1cXoyU2Q,0.99980229139328,0.8458656072616577,0.5,0.5,0.9485310316085815
ChIJCVKJb40hDTkRperhcYArmyI,0.5,0.5,0.999858856201172,0.5,0.5
ChIJCWY26SAhDTkR1Zlugtx6d1U,0.9987818598747252,0.999811589717865,0.999777466058731,0.5,0.9995648562908173
ChIJCXCAgNkfDTkRAOH3fheHj10,0.5,0.748472817678703,0.5,0.5,0.66663899171787
ChIJCYkD0ckZDTkROZqkEmNEa5k,0.9998537302017212,0.9998307029406229,0.9998527765274048,0.5,0.6666987409795789
ChIJC_BtMAmsDTkR0zDkFj0klCs,0.5,0.9998751878738403,0.0008819139329716,0.0008819139329716,0.5003748554154299
ChIJCbfAqZ4CDTkRFi_5YrUbYzg,0.000644934727461,0.33359500820127624,0.5,0.5,0.33371548689319747
ChIJCbfAqZ4CDTkRXDM5WL-Z6nc,0.2820899302023463,0.0003515112912282,0.9997706413269042,0.5,0.9997706413269042
ChIJCbfAqZ4CDTkRb3axkMEgrnw,0.00059844019415315,0.005821091772910767,0.0002453196793794,0.0002624048793222,0.0089450131345074
ChIJCcAUB0UUDTkRFVah_3Z_EA8,0.5,0.5,0.9997858107089996,0.5,0.5
ChIJCdCLTWgcDTkRgCe4U3CxnUo,0.9998672604560852,0.9998542070388794,0.5,0.5,0.9998363455136617
ChIJCfft_zQZDTkR-d687pw4YUI,0.4846678909816546,0.49168199181440286,0.656870580278337,0.5,0.25059760731528513
ChIJCxPaVwADDTkRQZ-4juHz88U,0.49993298594199587,0.9996662139892578,0.9996662139892578,0.9996662139892578,0.5000170552084455
ChIJCyUAlnH7DDkRGOw37CO42EY,0.63169109611772,0.6315144392622946,0.0014621552545577,0.500623163417913,0.9812368750572203
ChIJCyc2Pa_mDDkRFDjbRorrdGg,0.5001347825455013,0.9998082915941874,0.999739110469818,0.999739110469818,0.9998082915941874
ChIJCzkoDqcEDTkR80MrklwRG6U,0.4995584207354113,0.5006337490631267,0.9981911778450012,0.5,0.7499908818281256
ChIJD-BZ3TMDDTkRXdT-qrMpMYY,0.0031051049736560998,0.0003947016375605,0.3665466618258506,0.5,0.9997891783714294
ChIJD-_OOykHDTkRfcnV8lQwHtg,0.5,0.995736002922058,0.5,0.4980778110184473,0.5
ChIJD0MQIp89DTkRP3c_QnFrdws,0.999866247177124,0.5,0.5,0.5,0.999866247177124
ChIJD0RVhn8ZDTkRUF5yuCiz2QU,0.9997972995042801,0.9997643828392028,0.9997901717821757,0.9997643828392028,0.9997837245464325
ChIJD17xGwccDTkR56renr5AHfM,0.8529829780260721,0.8535183668136597,0.6397965318210481,0.49945185904653044,0.49864877586514916
ChIJD28IYhABDTkR33cJ9vppB2M,0.0021062067644379,0.0001989434094866,0.5,0.0012687509879469,0.5031834526453167
ChIJD30e-Uw8DTkRO7PU1hnBmnw,0.9998703400293986,0.5035554217174649,0.0072501990944147,0.9998606443405152,0.9998836517333984
ChIJD3l5JwYfDTkRrQ4zqTYjbfM,0.29902030288940296,0.4933891336986562,0.896481990814209,0.5,0.7123927345310221
ChIJD4ycINPjDDkR4Xvm3Q1Quq8,0.8740338683128357,0.0002419789379928,0.5,0.5827699051878881,0.9369431287050247
ChIJD52m02gEDTkRjAvSWtdaO2E,0.9997923970222472,0.5,0.999862790107727,0.5,0.9998389482498169
ChIJD6eyOWkEDTkRa5DoupugiDg,0.00060789324925275,0.0007460296619683,0.0007460296619683,0.0017085712170228,0.33367193763842806
ChIJD9sct5j9DDkRJe9FJUj54YI,0.5,0.5,0.5,0.5,0.5
ChIJDQCwFlb7DDkRc6G99BgmakY,0.6665363385885333,0.9996796250343323,0.9980365435282389,0.0002752764848992,0.9996947248776754
ChIJDQno1z4ZDTkRCYA0YtLlZos,0.9998643398284912,0.5,0.9998605251312256,0.9998605251312256,0.9998674869537354
ChIJDTI7CaIjDTkRKhz122Ji-Fk,0.9997271001338959,0.9997322261333466,0.99986732006073,0.5,0.99980328977108
ChIJDVaYpxcFDTkRC2JgbXYnzpA,0.5,0.0006428555352613,0.0032897149212658,0.0013324300525709,0.0003039356670342
ChIJDX40hD0bDTkRJ4CwNPbP0LI,0.9996503591537476,0.5,0.9929167628288269,0.9894900321960449,0.9945336878299713
ChIJDYSnz5QBDTkRX_zVDWiJhWI,0.6665468600306971,0.0489196591079235,0.5,0.5001521389058325,0.9997583031654358
ChIJDc1QIUf9DDkRvbhK8u3ZTlg,0.9995185732841492,0.5,0.9991019666194916,0.4995088893338106,0.9984546899795532
ChIJDdqRm4vnDDkRVPs6i90nqM4,0.0043876534327864,0.0010556543420534,0.0002755388268269,0.00147332558117335,0.0025033976417034
ChIJDeq9wUQZDTkRrwJeNPrH41U,0.000240538502112,0.00200265613966615,0.9998010993003844,0.5,0.5001223448489326
ChIJDfbvBQAXDTkRhozPcRxRaJ8,0.5042090159840882,0.5042834323830901,0.5042834323830901,0.9920694828033448,0.99972003698349
ChIJDylpYF8bDTkRrqi1VR5k0CU,0.9994764626026154,0.9991251826286316,0.5,0.5,0.9998277425765992
ChIJE-nHCOw9DTkRWoaV4qW-0B8,0.9998763799667358,0.5,0.5,0.0004467340186238,0.9998763799667358
ChIJE-uo-fwYDTkREmhTJ5h_HSI,0.9998778104782104,0.9959180355072021,0.9919582605361938,0.9818852543830872,0.9995723068714142
ChIJE1CbrsI9DTkRU9JuSU8YpDs,0.6974161714315414,0.4998620719852624,0.5,0.0003918650909326,0.9995105266571044
ChIJE36DOowgDTkRLAxRjfgu7bk,0.0005046725273132,0.001164331450127,0.0005046725273132,0.5,0.600390869146213
ChIJE3DvtxIjDTkRjoZAKwZ_L-A,0.0003210315626347,0.5000116382798296,0.3334994719771202,0.0002503609284758,0.9997536142667135
ChIJE3OAKsb7DDkR9ddf6PCweXI,0.5,0.5,0.5,0.5,0.5
ChIJE51owZ0ZDTkR2OgJJr4sDsI,0.9998278021812439,0.9998110135396322,0.9998413026332855,0.9998413026332855,0.9998146444559097
ChIJE7CtJRT9DDkR9LyAsvfENVs,0.9998268485069276,0.9998221099376678,0.5,0.5,0.999854177236557
ChIJE94Ic8AHDTkRHl5uQ9veo-s,0.9998200535774232,0.0008073181670624,0.6664600583608262,0.0003709830925799,0.5
ChIJE9OYdkHlDDkR8960E_5cjco,0.5,0.5,0.5,0.5,0.9997913241386414
ChIJE9ZNnEoYDTkRKUGTJncZXrI,0.500115834409371,0.5002454241039231,0.999881148338318,0.5,0.6668770586450895
ChIJERGjA9qrDTkRDLW8qze8P0I,0.000247455725912,0.4998553784389514,0.0662835463881492,0.0662835463881492,0.6884226078788439
ChIJER_F-egHDTkRbHX8JGkVv2U,0.5,0.9998622536659241,0.5,0.5,0.5
ChIJEXaERDFVDDkRSCbwxjjDzig,0.9955817262331644,0.999816596508026,0.9998318254947662,0.9994757771492004,0.9996706446011862
ChIJEXvCGcb7DDkRYQ8mxzNzj5o,0.5,0.5,0.5,0.5,0.5
ChIJEYDU5mYbDTkRH-UsiC4Cu4E,0.6723096501082182,0.666905422656176,0.5,0.5,0.9998669028282166
ChIJEYi_bxviDDkRxJy_gHRETS0,0.9989677369594574,0.9998434782028198,0.9973263343175253,0.9969708919525146,0.9998160898685455
ChIJEZfQ9zQbDTkRxsEoCNGPATA,0.9994784593582153,0.9997164607048036,0.9995577931404114,0.6664169113597987,0.7495753229231923
ChIJEZjKmqMJDTkR_YzJs9owIhI,0.9998636245727539,0.9998481273651124,0.5,0.5,0.9998684326807658
ChIJE_C2GxfjDDkR-hXZcO33uF0,0.00036076831747775,0.0018678007181733,0.0002433959452901,0.00023809841513865,0.0007813325161502
ChIJEct2-vnbDDkREpc6nVEm_CM,0.0004817750595975,0.000418285078922,0.9987510442733764,0.0003023870012839,0.000418285078922
ChIJEefgc975DDkRMtvbFpfSpBo,0.5,0.9997039139270782,0.5,0.999864101409912,0.5
ChIJEfscDYrdDDkRWnjQ9k_6njQ,0.9983325004577637,0.9996718168258666,0.9974572956562042,0.999321311712265,0.9974572956562042
ChIJExG1eyD7DDkRL_OZpZYiyHE,0.998251716295878,0.9986435770988464,0.9962549209594728,0.9962549209594728,0.9986369758844376
ChIJF-8tweCjDTkRAnd96BosDoo,0.5,0.999823033809662,0.999823033809662,0.5,0.9995356996854147
ChIJF1rwqbA_DTkRKDUXfcJj9g4,0.5006783721037209,0.9997668862342834,0.988153636455536,0.988153636455536,0.9939602613449097
ChIJF2RXUBEbDTkRc03qDshixcQ,0.0006840580463175999,0.0003452067903708,0.9998656511306764,0.5,0.3337445890744372
ChIJF32jzq8bDTkRBUGw8qVoInQ,0.5001293192617594,0.5,0.0005504032596945,0.5002983877784573,0.6667162027830879
ChIJF40SMosZDTkRch0ZBwZJygY,0.5,0.999847173690796,0.5002617572899908,0.5003476475831121,0.9998120963573456
ChIJF6F7gOEaDTkRsbOosIh1sUk,0.5000656445336062,0.7499627570068697,0.5000656445336062,0.00031636148924,0.5062055440066615
ChIJF73zruTnDDkR4fHFPKspu28,0.9997516721487045,0.9995515942573548,0.9997710585594176,0.9998117089271544,0.9997776865959167
ChIJF7Cpu4YdDTkR64xYubWmXq4,0.00027542287716638,0.0002492019702913,0.5,0.0002284734000568,0.0002537530090194
ChIJF7LqehsbDTkR6XzlZaqz00s,0.00051732012798305,0.5,0.9989798665046692,0.500275273428997,0.00051732012798305
ChIJF89697MFDTkRfrH0O-4wLtg,0.00113494609831825,0.0005783645756309,0.9998278617858888,0.9997633099555968,0.2505925245859543
ChIJF8BDSvUjDTkRmTGzo9MYiVg,0.8018290996551514,0.998597780863444,0.5,0.7028487026691437,0.8810431003570557
ChIJF8i-etEdDTkREtkYnwqAdDg,0.0020620254654204,0.0057402090169489,0.0003543812490534,0.5,0.0057402090169489
ChIJF8uqIgAJDTkREYIBZj_hsKE,0.5,0.9998610019683838,0.5,0.0001864924561232,0.5
ChIJFQ0O2UAcDTkRbl1w-7nT3-M,0.0009587885579094,0.0004031456483062,0.0012870370410382,0.0003163949586451,0.00072434244793835
ChIJFRvwjdj7DDkRxXDEolyF2gc,0.5,0.9998053908348083,0.5,0.003148408839479,0.9998517632484436
ChIJFT-i-PoDDTkRrnWEgdqRMJc,0.49976253823842853,0.9994444251060486,0.4994423030148028,0.00028017791919405003,0.5000636162003502
ChIJFT23yP8bDTkRm65IVfSQIsk,0.9997103214263916,0.9995724260807037,0.5,0.9998766183853148,0.9997103214263916
ChIJFTUAotnnDDkR1gMoIi3ORdc,0.9998492002487184,0.9998708963394164,0.9994372725486756,0.5,0.9998492002487184
ChIJFTlx8lXlDDkR7DbHlHQwh3c,0.6680451563249031,0.5,0.5,0.5,0.5022327499464154
ChIJFU3egYQBDTkRy8oUiTdxJ8g,0.5,0.5,0.5,0.00042054463119710003,0.999829649925232
ChIJFWRRdg0ZDTkRcAYp_1949Kg,0.5,0.9997983574867249,0.9996218681335448,0.7507168182637542,0.5016787904314697
ChIJFXSOmqDdDDkRvjkhVVsePg0,0.50041630276246,0.49758234032196924,0.5006866912008263,0.9941218495368958,0.7488212515891064
ChIJFXWsgMwZDTkRvXpQTNJyZlM,0.9997604489326477,0.9998293916384379,0.9997292011976242,0.9994255304336548,0.9997198184331259
ChIJFY4uPHjfDDkR79j1cq2_-W8,0.00052110571414225,0.0003001141012646,0.5,0.5,0.00052775911171915
ChIJFY7fg1cZDTkRPMAAI0HUMwA,0.00023925668938315,0.5000123152058222,0.49735123603750253,0.3316625579658042,0.5000123152058222
ChIJFZZ_cMbiDDkRyR0HOWvIml0,0.9997825384140014,0.9997912645339966,0.9997376203536987,0.5,0.9997825384140014
ChIJFaVru3bjDDkRrUBWLmUZSM8,0.25028356535767665,0.33359901814643905,0.5,0.9997081160545348,0.2525220247189281
ChIJFdnp4hTdDDkR_KMLdSsdEUU,0.00048523547108433337,0.3332739121154493,0.4998127590733929,0.0002321742213098,0.5000381767167709
ChIJFeqBDI37DDkRUctSZRKKlJs,0.5,0.5,0.5,0.5,0.5
ChIJFfwScQABDTkRJvSz1Bp0JRM,0.5,0.9998656511306764,0.5,0.9997695088386536,0.9998712539672852
ChIJFyrcK3cBDTkRAplBTYJQlag,0.5,0.9986304044723512,0.5,0.5,0.5
ChIJFzkmDJ4CDTkRPq2Xf7sdeik,0.9998276233673096,0.9998764991760254,0.33401754020208796,0.0008282122532060333,0.40043775186059066
ChIJFzkmDJ4CDTkRf70JRh0UBes,0.9998325109481812,0.9988259673118591,0.9978194236755372,0.5,0.6666637352803567
ChIJFzlAtHoEDTkRWL-rjvV_XKE,0.9793272614479064,0.9929959376653036,0.5,0.9793272614479064,0.9998380690813065
ChIJG-4XjU6pDTkRLwJSSpKCeZo,0.25056520804355387,0.0017018286744132,0.0017018286744132,0.0010731202783063,0.5
ChIJG2fuQYn7DDkRdUMU68JY8hM,0.5,0.0011415836634114,0.5,0.0011415836634114,0.9998136162757874
ChIJG56hgj4cDTkR0kDH_XNxj1Y,0.00114912382559845,0.33270537135346473,0.49841634073527524,0.00129579420899965,0.9976816773414612
ChIJG6IcrxkBDTkRkey4OvsU8RA,0.0017956183874048,0.0003680331428768,0.5,0.5,0.0012698884917578
ChIJG6OlprbnDDkRU-OAWAxCg60,0.9998390376567841,0.9998708367347717,0.9998663663864136,0.9976106882095336,0.9998390376567841
ChIJG6b9UeEDDTkRekt9szIwFig,0.9998027980327606,0.4999847773724469,0.9998027980327606,0.500015086334315,0.25032086378632806
ChIJG7ishgb9DDkRnIrNWT8PfPM,0.9996418058872222,0.999240666627884,0.66649134553154,0.6662953257230887,0.7996124958794099
ChIJG8FI6_UXDTkRHGRJJxf6O_w,0.9998309910297394,0.9998488624890646,0.9998506307601929,0.9998555183410645,0.9998565554618836
ChIJG8xOITwZDTkRA5LpEQ9_5hA,0.00022012946283210002,0.7158505916595459,0.997940957546234,0.5,0.5
ChIJGQWAe4kFDTkR2wBH2a60Dt4,0.0004053210432175,0.0004053210432175,0.9997196793556212,0.0004053210432175,0.5000625001994193
ChIJGSgZBUEcDTkRRd8_ULbNj6U,0.7446127809234895,0.9996964931488036,0.9917197227478027,0.5,0.9997888803482056
ChIJGT-mXoQ9DTkRq9y4I-4mxNQ,0.9997795224189758,0.5208905637264252,0.5,0.6804844737052917,0.9998099406560262
ChIJGTTB6-0ZDTkRdIDLpY_uLr4,0.9982963999112447,0.4980769677495118,0.995194971561432,0.0009589639375917,0.6654231631740307
ChIJGUDZB-YfDTkRTOuIuy7EK9Q,0.33364170085405925,0.9998449087142944,0.5,0.500079740799265,0.749961967128911
ChIJGVd7GyYZDTkR72EnTWRzVTM,0.9996295869350433,0.9997047781944275,0.9996295869350433,0.999541163444519,0.9997447490692138
ChIJGX2GTD77DDkRkCEj_1vvVpQ,0.5,0.5,0.5,0.5,0.5
ChIJGY6rtYz9DDkROGiBI6lGJI4,0.5010133377509192,0.33342460526425083,0.5000762956042308,0.0021448119077831,0.9998818635940552
ChIJGbsb2uIDDTkRH8ymaGf-FEk,0.3333738888225828,0.5000891966192285,0.99959796667099,0.2503296949143987,0.6667976821772754
ChIJGc7ytc77DDkRRxZ5OCed5kk,0.9997491538524628,0.5,0.5,0.9998194575309752,0.9996594190597534
ChIJGwNKtJ_iDDkRzM29RVCaCN8,0.0011320518096908,0.00105692702345545,0.5004740857402794,0.9998759031295776,0.4830204037716612
ChIJGywLmWv9DDkRnxyK623ysBM,0.0020124698276048998,0.00056745483016125,0.0032887971028684997,0.002297344142183,0.0032887971028684997
ChIJH6jGmccFDTkR3zHqyC0B97E,0.0002424431149847,0.00019234593492,0.5,0.0002424431149847,0.0002424431149847
ChIJH6vik5r9DDkRwaLCMAtRMBM,0.0013101660297252,0.9996943473815918,0.9993329644203186,0.9993329644203186,0.0013539160136133
ChIJH7uqMgAdDTkRR3AlYABkDHo,0.5190938581751349,0.5,0.8883613497018814,0.557163655757904,0.9987605810165405
ChIJH8ULB0b_DDkRKtTcs7p2nvc,0.5,0.5,0.5,0.5,0.5
ChIJH91iSw79DDkRRbRLxoos7LI,0.0014806196656232664,0.0003640232607722,0.9998619556427002,0.000247675954597,0.5018460577121004
ChIJH9Crl7sVDTkRASEZWnCtzjw,0.000278330175206,0.0001969811273738,0.9998679161071776,0.0001969811273738,0.5000565111695323
ChIJH9rmCoypDTkRE9KvTD1AIoA,0.9996488392353058,0.47852131590479985,0.9777368605136871,0.9997803568840028,0.7390850775700528
ChIJHR7ZdDj9DDkRSJTP7ahdEpY,0.00027540721930555004,0.0002516302629373,0.5,0.0007398711362232002,0.0002547789335949
ChIJHRhUZowjDTkR6J5dsol9s_Q,0.9998739957809448,0.5,0.5,0.5,0.5
ChIJHTk_xiSrDTkRuw-N0yZBD0I,0.000609964954492125,0.0017864406108856,0.00027347356081,0.0007169391513646333,0.0012775853295655
ChIJHUReadH6DDkRo5MiseFGFZQ,0.3360646915777275,0.9998592138290404,0.5027310175355523,0.0056028212420642,0.5012956267455592
ChIJHUkIOTQhDTkRvqg7VDi8YEI,0.5002536597603466,0.5983598810737021,0.9949202835559845,0.5983598810737021,0.5983598810737021
ChIJHY9kQ3oZDTkRFwMKA9zUHhA,0.00041222224535885,0.9998742341995239,0.5,0.00041222224535885,0.33356173601350747
ChIJHZoxKrPjDDkRG6jciOAg1Ic,0.9998204310735067,0.9998251497745514,0.9998336136341096,0.5,0.999798576037089
ChIJHZqb6wsZDTkR3n303iVwJq0,0.5277970507740974,0.5143361434020334,0.5286164358258246,0.5,0.7494815297104651
ChIJH_Tj8koYDTkRej_8iJE6pUE,0.9997986853122711,0.7501114335318562,0.9998561143875122,0.0009849773487076,0.66686078265775
ChIJHaWKGvAdDTkR1l7uIkF9HwE,0.9998261630535126,0.9995380838712057,0.9998714923858644,0.5038086851127445,0.9993713796138763
ChIJHcE1PUsYDTkRk6DOqjzqpVQ,0.9997860789299012,0.9998345971107483,0.9997860789299012,0.9997860789299012,0.9998040497303009
ChIJHd3Y2QjnDDkRX2J6RMZlSZ8,0.0011046248255297,0.0011046248255297,0.5,0.5,0.5
ChIJHfSvKvcFDTkR4vGMEzb0wDc,0.00075283754267725,0.0009050124208442333,0.5,0.5,0.00075283754267725
ChIJHfZfh2kZDTkRAs6yvHNDDwI,0.000252368117799,0.9998396635055542,0.5,0.0003024369070772,0.5999118932348211
ChIJHxgBSKEDDTkR2BDdp2oSkYg,0.9992544054985046,0.4999250760301947,0.5,0.5,0.6667847825835148
ChIJHyjs3C_dDDkRyM4BTCNh7Sw,0.7860269218683242,0.1447379738092422,0.7144548743963242,0.9993133246898651,0.5722381249070166
ChIJHyrrFgYFDTkRCzPiQ2YZTo8,0.5,0.9998433589935304,0.5,0.5,0.5005296794697642
ChIJHz6rlQ0ZDTkR3PLIrgWCYmM,0.9953970313072205,0.9994255900382996,0.9953970313072205,0.000466715049697,0.7475760456800344
ChIJHzfXMashDTkRWbUuOutv-AM,0.9997907280921936,0.9998663663864136,0.9480473846197128,0.9997907280921936,0.9998420278231303
ChIJI-7G1TX9DDkR6Whnu2m6VrM,0.4994666388665791,0.0004593354533426,0.5,0.5,0.4994666388665791
ChIJI18Xu_8DDTkRFoel4lHlmjQ,0.7425650343793676,0.9898743828137714,0.9994137287139891,0.0032765824871603,0.7438848310848697
ChIJI1C0ziziDDkRKofmqRF3WKE,0.5,0.25194830333930435,0.5,0.0060900123789906,0.001281481818296
ChIJI1fsiqb9DDkRxxtLxlsOTNA,0.9998289346694946,0.7641836619004607,0.685635237644116,0.5,0.7642122572287917
ChIJI25rymXhDDkRpXprJDubtzQ,0.9996143281459808,0.7498226022580637,0.4998104583937674,0.9998486042022704,0.5999195580603554
ChIJI2ZTnA0dDTkRcXxM3eh-bRw,0.9997559189796448,0.9997559189796448,0.9992919365564982,0.9992679953575134,0.9994096010923386
ChIJI5Qg-hYeDTkRJPOLBw0uKeQ,0.5,0.9998554885387421,0.99978369474411,0.0002100556594086,0.7499261818702507
ChIJI69JKUfcDDkRXn3xNhvAIp8,0.9973432421684265,0.9966210126876831,0.990119457244873,0.5,0.9978514432907104
ChIJI6js6jjjDDkRfSHTcQtq7WQ,0.0003811753558693,0.9083459973335266,0.9083459973335266,0.0002013774646911,0.0005663359188474
ChIJI7P9KOMXDTkRmTNCIVrNgU0,0.7513093863381073,0.6684591656861206,0.5,0.5,0.7513093863381073
ChIJIQA2Z7wfDTkRZw25k-8InI0,0.999849538008372,0.9995474815368652,0.9998821020126344,0.5,0.6707467067365845
ChIJIQRNwakFDTkRRR6RxHgzr8M,0.9998679161071776,0.9997696280479431,0.6796773336827755,0.9997099339962006,0.9997942000627518
ChIJIVrBSmUHDTkR9fGMGA5NuAA,0.5,0.0004476191243156,0.2711256973270792,0.9994427561759948,0.36053750768769527
ChIJIX4qK5gCDTkRbm67bcxGI7I,0.8688929677009583,0.9997851252555847,0.7498428225517273,0.9878641963005066,0.8748534321784973
ChIJIYwrZt7jDDkRvGirDdAwW2Q,0.5,0.25336177863937337,0.5,0.0048224139027297,0.0085105942562222
ChIJI_krrZ89DTkRYdUZzkyLz3Y,0.5000649839348625,0.33387460658559576,0.9989666938781738,0.6663655539159663,0.7497402801964199
ChIJIaLpK2UHDTkRbIISKFozkdo,0.5,0.9998537302017212,0.9998470544815063,0.5,0.9998586177825928
ChIJIaV9XGr_DDkR-mZh2s1Gu3g,0.5,0.9997373819351196,0.9996156692504884,0.5,0.6669807763149341
ChIJIagCv3IZDTkR_J9Y0e95QvU,0.0001866126985987,0.00020713695994340001,0.0002252433914691,0.0001890305284177,0.0002585833717603
ChIJIbuMAirnDDkR1HtuJqkJsPY,0.49999483083956875,0.00027099090220865,0.5,0.0111936368048191,0.5026542486884864
ChIJIx-vIgAHDTkRbubTc7FHDgU,0.9996381998062134,0.6675582949537784,0.999858021736145,0.981361210346222,0.7458991128369235
ChIJIxJHPnEBDTkRdg5tnZH7IOY,0.499934818908514,0.500303093198454,0.9989803433418274,0.5,0.5002587175404187
ChIJJ-iCsl7dDDkRD6VpV-uTHQw,0.6667206336278468,0.500163800898008,0.9998277425765992,0.5,0.6667206336278468
ChIJJ0FnHkH9DDkRTSUSlC-IXoo,0.7601791927590966,0.0823969170451164,0.6940425013502439,0.5,0.6802861305574576
ChIJJ3-uAo0BDTkRkOIZi70cb_4,0.5,0.1500013537006452,0.0009859753772616,0.5,0.2982956171035766
ChIJJ7UzRjYYDTkRpXiNxgs1P6I,0.00042307258991056666,0.00042307258991056666,0.0002371945447521,0.5,0.0002930889095296
ChIJJ7fCIwAfDTkReXn71Uz-ONM,0.5001332442916463,0.6667469907552004,0.999852418899536,0.9995241463184357,0.5001252260844922
ChIJJ9wSfkKqDTkRzfuvNoR76ds,0.0357190705835819,0.5,0.5,0.0135283302515745,0.999799907207489
ChIJJUU734WpDTkReu71uFgc1lg,0.952201763788859,0.5,0.5,0.5,0.9995183050632477
ChIJJWjGrxEeDTkRwBTPOhzPqgA,0.5,0.9997532963752748,0.5,0.5,0.9996411502361298
ChIJJZbBIxcdDTkRWHSDuiBGNDc,0.00033938144042615,0.996049463748932,0.996049463748932,0.0002892535121645,0.49816935863054823
ChIJJZbTaLPiDDkR0iCsQ0HteV4,0.9985583225886027,0.6835300028324127,0.7616116777062416,0.995951771736145,0.7625953033566475
ChIJJ_d6dAr7DDkRuT7Y-9pNcMA,0.5,0.5,0.5,0.5,0.5
ChIJJ_yccvHhDDkRZT2M9nML5Y8,0.5,0.6672909440627942,0.0029754233546554496,0.003822787432,0.7504190491163172
ChIJJbQZ8ej5DDkRgU3unSid7-U,0.5,0.5,0.5,0.0161785446107387,0.9998791217803956
ChIJJbbr8_T_DDkR-ofOseudRO4,0.0002642441540956,0.014170235954225,0.9985570311546326,0.5,0.9985570311546326
ChIJJbpqeAA_DTkRB8FYrn7TPF0,0.5,0.9997857213020324,0.5,0.9998229444026948,0.5
ChIJJfVl6mnfDDkRF7gDYYhtgvE,0.13718246301868925,0.00041018058254845,0.5,0.5,0.0003438071580603
ChIJJxUVzAkdDTkR3suKEjMZLts,0.4767779596877518,0.5000211485457839,0.0003028289938811,0.9292678833007812,0.5765626570791937
ChIJK31TtXX7DDkRI07HmBH4rWE,0.5,0.0014424385541739334,0.003415408777073,0.00039888733105423335,0.00039419360109603334
ChIJK3r5CKMDDTkR3boHlDA8KE4,0.00049337130622005,0.00049337130622005,0.5,0.49910666234791284,0.3335937618006331
ChIJK4VQrrf7DDkRieHJtHdj6j0,0.0003244487015763,0.5,0.0001783267362043,0.0004705706669483,0.5
ChIJK4wZZQADDTkRkyUH87huHo4,0.6668614431012733,0.9998674392700195,0.5,0.5,0.6668614431012733
ChIJK7IvNhUcDTkRJuiQWy3VMfE,0.6669411240921667,0.999616950750351,0.9996259212493896,0.6666255997455058,0.5001344094926026
ChIJK8q9_lrhDDkR6E6lBzzBCxQ,0.5,0.999829888343811,0.999825656414032,0.999885082244873,0.9998527050018311
ChIJKRCAWocZDTkRba7C87Hijs8,0.9998200535774231,0.5,0.9998123943805695,0.9998573064804076,0.9998025059700012
ChIJKREHk7IbDTkRqiqzifn1WX8,0.9997346699237823,0.5,0.9997346699237823,0.5,0.999774980545044
ChIJKST1WAIiDTkRsgzAHRBHBv4,0.9717916548252106,0.9998722871144613,0.5,0.9440107345581056,0.9998722871144613
ChIJKSxZzWIEDTkRrhjAZD1JDX4,0.0012992242700420001,0.5013846886577085,0.5,0.5,0.9997780919075012
ChIJKW3RBVIJDTkR_BVHmyNVYN4,0.9998583793640136,0.5,0.5,0.9934205412864684,0.9998583793640136
ChIJKWnq_wPkDDkR5dlmfoAQhCE,0.3336038333654869,0.5,0.9998835325241088,0.999545395374298,0.6668610199315784
ChIJKYKSWQAZDTkRGfvUj75CLA0,0.9998357892036438,0.998980700969696,0.9998705387115479,0.9998680353164672,0.9998438507318497
ChIJKYv_S8jjDDkRIbrMlfnrKF8,0.9996199309825897,0.99937504529953,0.9996426701545715,0.99937504529953,0.9996199309825897
ChIJKZXZj4D7DDkRYQ-EvPj5E34,0.9973004460334778,0.9985857903957367,0.5,0.5,0.9973004460334778
ChIJKagwI0YZDTkRYT__pYzMFyY,0.9998498956362406,0.9998469054698944,0.9992176294326782,0.9998359978199006,0.9995419184366862
ChIJKd2x_m37DDkR7eEb4D5R3GM,0.9998486936092377,0.9998042980829874,0.999826729297638,0.999826729297638,0.9998099058866501
ChIJKfbCnXodDTkRoHUFJ9xu2HQ,0.999729260802269,0.9995122253894806,0.9998544752597809,0.5,0.9997241497039795
ChIJKw-RLLoLDTkRAdERPB5Ob7U,0.5,0.4950221213512122,0.5,0.5,0.999624490737915
ChIJKxVFie8CDTkRIgB2qqYMcOs,0.5477087320759892,0.6641757550338904,0.9924578666687012,0.499546954408288,0.730217864116033
ChIJKzAS1fPxDDkRIFxmqw8Crug,0.9997888207435608,0.5,0.9997888207435608,0.5037149803247303,0.5007379142334685
ChIJKzbCdWv9DDkRY_EAFQaTaYc,0.00042193877743555003,0.00042193877743555003,0.0003973610000684,0.5,0.33350964220395934
ChIJL0f22DLiDDkR3fcJSE_kmw8,0.11806965464105207,0.4426887572432558,0.3324878860730678,0.0018852725625038,0.2564333665650338
ChIJL2zf1n8ZDTkRrIjmGANW7ks,0.9998299181461334,0.9998390078544617,0.5,0.9998708963394164,0.9998329679171244
ChIJL5ffIAf5DDkRmJFyFnI0A6A,0.0002009187155636,0.5,0.5,0.0002009187155636,0.0002009187155636
ChIJL7Vg9KHiDDkRSwZ_W8H-sIY,0.9973028898239136,0.9995587468147278,0.9984748760859171,0.5,0.999413400888443
ChIJL7sYP6T9DDkRKJECSyhpJpU,0.5,0.0005044157733209,0.9963380098342896,0.49845632241340354,0.0012309975281823001
ChIJL7zi_d79DDkRJqh5RcB-sVU,0.9997032284736632,0.5,0.9997032284736632,0.5,0.9997032284736632
ChIJL9PXUUv7DDkRRafKbKk_-Ts,0.5,0.5,0.5,0.5,0.5
ChIJLQysRQDhDDkRwKEOpvjvpK8,0.9987821877002716,0.9988901615142822,0.9998151361942291,0.5,0.998996090888977
ChIJLSTH2_wHDTkRl-rs7KjuUWo,0.9995355606079102,0.666426896835522,0.5,0.9991752505302428,0.7997815726906993
ChIJLTUFPQABDTkR2v6CmEIy83o,0.9994059085845948,0.9991270105044047,0.9987535178661346,0.9987535178661346,0.9998213052749634
ChIJLW-emhIXDTkR-6bqCk1VS9M,0.5,0.5,0.5,0.5,0.666629318400131
ChIJLX-noAwdDTkRf90CzrP8goU,0.5,0.33341148325901787,0.0002115748648066,0.5,0.2501570834865561
ChIJLXBHITYHDTkRXDo-83ErgJ0,0.5,0.5,0.5,0.001421482884325,0.5
ChIJLXu-o_3kDDkRQFo-tpFQDCk,0.00025171104789472497,0.0003002674784511,0.5,0.0002243329363409,0.25013153836334817
ChIJLZVJ9iYZDTkRMIJz2UHHjlY,0.999654859304428,0.9996131062507628,0.9996131062507628,0.9996131062507628,0.9996131459871928
ChIJL_M_RmYYDTkRorRddpAJS_E,0.0003251700254622,0.5,0.33468711021123454,0.4828970671223943,0.5
ChIJLbvB2x4dDTkR3qHyJO5FV-g,0.00033807709405659996,0.0003593372239265,0.0004901474361152332,0.0004923427186440334,0.00061351546901275
ChIJLc--96LnDDkRcxUjrcGUL18,0.463683967164252,0.5,0.6586405485868454,0.15963399619795374,0.463683967164252
ChIJLcI5v2MFDTkRw_UHGetjG_A,0.5000262319808826,0.5,0.5,0.5,0.999354749917984
ChIJLe0O0J0CDTkRqLWCYm9HSsE,0.7495584908174351,0.9986982345581056,0.9986982345581056,0.6661277377667526,0.6664689346216619
ChIJLfHmQTf9DDkRvr36v6n2Heg,0.4999050665064715,0.749496945150895,0.7509449463104829,0.9994311928749084,0.5011818831262644
ChIJLfQAWagDDTkRGM0hGwSrAyw,0.9997938573360443,0.7498754735570401,0.9997307658195496,0.9993938207626344,0.60075998371467
ChIJLynd9bf_DDkR0EYotNf77BE,0.5,0.5,0.5,0.5,0.9947459697723388
ChIJM0-S5aAHDTkRRSCWC-TUc4o,0.5,0.0016805120976641,0.5004540179506874,0.0129267992451787,0.5
ChIJM1VXRjQZDTkRoBS-7Y_b8qY,0.9996774593989054,0.9997178614139557,0.9995704889297485,0.9993019104003906,0.9996724724769592
ChIJM3l9UZoBDTkR2_ot_oWf6eg,0.5,0.00044738895667245003,0.9998132586479188,0.007392103318125,0.5002196152636316
ChIJM3miHicZDTkR72x_enKNSXo,0.9998786449432372,0.9998172521591187,0.5,0.9997592568397522,0.9997945626576742
ChIJM5oBwCkDDTkRcugcLbFClE8,0.999817818403244,0.9688359797000884,0.5,0.5,0.984182596206665
ChIJM6ES7xUdDTkRjzrscxEeS8g,0.9996484120686847,0.9359187334775924,0.9147647817929586,0.9996022284030914,0.9996922761201857
ChIJM8VeA8kbDTkRx4Flhzxppg4,0.9997430145740509,0.5,0.5,0.5,0.9998333752155304
ChIJM9UXNmEZDTkRS8oL7LSIarI,0.992037296295166,0.992037296295166,0.9710381031036377,0.5,0.9713343381881714
ChIJMTVTdAAHDTkRL4vgks9_bAQ,0.33721839575446205,0.5,0.5,0.5,0.3374877696235974
ChIJMU1KYbgHDTkRpsomFwCkbQ8,0.0009015548178770332,0.0003354478103574,0.5,0.00116355069621925,0.0007258413024828249
ChIJMV2w6CweDTkR-KXGpaExz2Q,0.0002282116474816,0.0006546354561578,0.0003338024835102,0.0002169200306525,0.0006628791416005249
ChIJMVA5uh0BDTkRYl-pVgvlkPc,0.0002867570146918,0.5000114436261355,0.5,0.5,0.749897176036029
ChIJMWavIwCpDTkRz9RcEhXzSA4,0.9990224838256836,0.7497304380885907,0.9994232952594757,0.5,0.999344527721405
ChIJMZJZ7_zlDDkRz63Sj2pBYPs,0.5,0.0049329479224979,0.0049329479224979,0.5000058803343563,0.0006737001094733667
ChIJMZRygAijDTkRpnV6jgoMkYA,0.5,0.9995680451393129,0.5,0.5,0.9998564720153807
ChIJMdVeUHz9DDkRUb0zQeex0LI,0.0005878359661437,0.0002727760002017,0.5,0.0009129746758844,0.0006995751173234999
ChIJMdfEwa4VDTkRNvWJPcjjKvs,0.5,0.0010680390987545,0.9996660947799684,0.5,0.5
ChIJMdyRYz_9DDkR4yFKmyfjev0,0.7149260009318823,0.6270907962073883,0.47054763116466347,0.0008463124395348,0.5003568162501324
ChIJMefpUh8FDTkRTvRW7W_PuCw,0.00035833656147585,0.4992176388477674,0.9989633560180664,0.9989633560180664,0.6659982068522368
ChIJMwA_YpT9DDkRzJ9fraVynnY,0.00058406623429615,0.0011448603084621,0.5,0.5,0.0008388250134885
ChIJMw_YsOX7DDkRIA-FtYIrL60,0.9996149241924286,0.9997705370187759,0.9996149241924286,0.9996828635533651,0.5
ChIJMx8pT70EDTkRuLk3NLaTp4M,0.5005337798502296,0.5005069875624031,0.9998778104782104,0.5,0.5005069875624031
ChIJMxiT1OH9DDkRU1GuGjDKbsU,0.0022053103893995,0.43853497235104444,0.6682681948877871,0.0954632402863353,0.2982515956973657
ChIJMyjsl_rhDDkRcU3rb0yGJ3s,0.6671393402696898,0.5001386373478454,0.5008871686877683,0.9996386766433716,0.9998131394386292
ChIJMzJPXKkjDTkRj4J1rgUw_A4,0.9998812079429626,0.9997283816337584,0.5004098763747605,0.0006958153680898,0.9998302658398946
ChIJMzNKkUYBDTkRBzsD5Gov384,0.9996789693832397,0.0017251576064154,0.9998730421066284,0.0018025278113782,0.2516609571466688
ChIJN-n7sWnhDDkR4H39boxluks,0.0078265089541673,0.503682822920382,0.0078265089541673,0.5,0.9985843002796174
ChIJN0M0yEMVDTkR3nuuH7KZn-Y,0.9991621971130371,0.5,0.5,0.5,0.9984540939331056
ChIJN4KTK28dDTkRrF7WHMUJV3w,0.996359884738922,0.9984239339828492,0.6654796259050878,0.5000394964881707,0.9991651376088461
ChIJN4mrAP8DDTkRdYDOnNgL40w,0.999884843826294,0.41675393262994476,0.5,0.5,0.33358770581738395
ChIJN5fZNLn7DDkRY8ODIpzubIY,0.5,0.01722871776291863,0.5,0.0002076473610941,0.0005927270103711001
ChIJN5u7MekfDTkRGGmz2C41TvQ,0.9997846484184265,0.9997791449228922,0.9998131692409515,0.5,0.9998169541358948
ChIJN6VWM40HDTkRhpq1Mo1G1UM,0.5,0.9996861219406128,0.5,0.5,0.5646284222602844
ChIJN7SyOloZDTkRk7RKye2AtZI,0.0021727881394326,0.5,0.9898480772972108,0.5000436406116933,0.6629414237492407
ChIJN9BQGOwbDTkRiigfGvmr8Yo,0.5005568669876084,0.333767115676892,0.5,0.5,0.7488050851934531
ChIJNQbCLoPhDDkRFI2nnt7W9qE,0.9989397327105204,0.9998303651809692,0.6898879036307335,0.998937745889028,0.8138734474778175
ChIJNQkZiF4HDTkRBq76ILZTk7M,0.0015627660128908335,0.9997803568840028,0.5,0.0018724413821473,0.500826399133075
ChIJNSFmGzPiDDkRIiHvp6YOd1c,0.999766488869985,0.9998741149902344,0.9990062117576599,0.9998451471328736,0.9994658589363098
ChIJNU3GbwAFDTkRd1SNKICWQos,0.999570369720459,0.5,0.9998449087142944,0.9998449087142944,0.9998449087142944
ChIJNVRyWcgaDTkRj3BVa6ccnAo,0.6666623837130222,0.4420468938515114,0.3840314879780635,0.33383071186350816,0.3840314879780635
ChIJNW7xfpUjDTkRnk6REafay-g,0.9998328685760498,0.9998739957809448,0.5005940470146015,0.5,0.9962114840745926
ChIJNWPPK70ZDTkRn_uuCZyjmRY,0.7522254202049226,0.7522376093547791,0.6696904385462403,0.0093561066314578,0.7522254202049226
ChIJNY0f0Q8bDTkRlcDkJHBQLnM,0.9997957646846771,0.9998590052127838,0.999728500843048,0.5,0.9998253732919693
ChIJNYCvH2QZDTkRjLl3MLSE4S0,0.49493723799241707,0.00052129605319345,0.8469463586807251,0.9997518658638,0.9129504263401031
ChIJNZIqYG0bDTkRdTH5rWIGgSM,0.5002900101535487,0.6667908057764481,0.999826043844223,0.5,0.7481356132921063
ChIJNZsccdYBDTkRmA2oyKRyE9A,0.25010019532419386,0.6665182217936186,0.5,0.9993067979812622,0.2502400874254817
ChIJN_BW_aHdDDkRZ9V9q_co6K8,0.5,0.9998430013656616,0.5,0.5,0.9994434714317322
ChIJNaMuONvjDDkRv5D1tbP4bIE,0.9996982415517172,0.9998745918273926,0.9996317028999329,0.9996948639551798,0.9997242540121078
ChIJNctazSv_DDkRSNHmM1PkiAA,0.5,0.9998018145561218,0.5,0.999704658985138,0.9997792541980745
ChIJNd3Rgof7DDkRzKLLIAzxI6Y,0.0008418529760092,0.0003465159388724,0.5,0.5,0.5
ChIJNf0vlaKrDTkRaPkYfpVHJ70,0.9565230011940002,0.9781921207904816,0.5,0.9565230011940002,0.9998397827148438
ChIJNzBkn5wjDTkRLU3D9sUlGGM,0.5,0.5,0.5,0.9916963577270508,0.5
ChIJO-1YhaoBDTkRSjyr7WIIzG4,0.49815960964770056,0.9953566193580629,0.5,0.5,0.49815960964770056
ChIJO-kFgCXjDDkRp0o0QV0kfuQ,0.20042084719752892,0.0015224373200908,0.33345426352267776,0.00023553693123776664,0.5006988125969656
ChIJO4HVEPUBDTkRn0LyWHtKEs8,0.000191942010133,0.9989829659461976,0.999858260154724,0.0335986353456974,0.999858260154724
ChIJO4bEjrL7DDkR_Sj7Ag-P-Pk,0.0003761005937121,0.0059207013303724,0.0069642341404687,0.5,0.00210486815194595
ChIJO4dvLpr9DDkRXrQkso5NLj4,0.5,0.992633044719696,0.992633044719696,0.5,0.992633044719696
ChIJO4hRhjABDTkREBVe20xj3tA,0.5042934762313961,0.5,0.5,0.9998034834861756,0.5045784758403897
ChIJO5LQI-XjDDkRitHWBr5ZqXU,0.5,0.5065427492372692,0.5,0.5,0.5
ChIJO5gx3G0ZDTkRyQkPGNTASN0,0.0005723932408727,0.9962246417999268,0.998754620552063,0.998754620552063,0.9974896311759949
ChIJO6S1YKjdDDkRgT-6xy2HcGU,0.500033477335819,0.5001358664267173,0.9998773336410522,0.0003261398184501,0.5000364868246834
ChIJOQBN0w8_DTkR2kC7ccAduAs,0.5,0.5,0.5,0.5,0.5
ChIJORerleg9DTkRUm59PSlICrE,0.4985722964920569,0.9997937083244324,0.5,0.9987531105677286,0.0003975405998062
ChIJOSNn5jXnDDkRyFSXt2zfFnM,0.5000779369584051,0.0022208506707102,0.5,0.5,0.000288911483949
ChIJOTDUK3wFDTkR_mzMfRGI7jI,0.00237981148529795,0.002709359396249,0.0587345734238624,0.002709359396249,0.35353887756355107
ChIJOTFgFrkZDTkRtGNiP_WDHVE,0.9694223999977112,0.6555233038476823,0.983100950717926,0.5,0.0003649635182227
ChIJOW1xC3znDDkRtLeKnObcRHE,0.6574875060468912,0.5,0.9997276961803436,0.99965500831604,0.7430657255463302
ChIJOWkXrRcbDTkROW7di1XMXsA,0.3353732021932956,0.9992719292640686,0.7774972319602966,0.5,0.6402503158897161
ChIJO_r_o_cADTkRGwll3ggET_I,0.5,0.9998147487640381,0.9998503029346466,0.5,0.9998380343119303
ChIJOdNvnNkFDTkRX4MD2_JUXeQ,0.0002950926718767,0.00025372645177405,0.5,0.0002644390042405,0.9998218417167664
ChIJOeYjR7WrDTkRgkC5GYzgCSc,0.0003094961284659,0.00718949732254255,0.5,0.00717736346996385,0.0048880743561312
ChIJOw9xHnqyvDsRI5yP40PhcsM,0.008673392483615249,0.0127675482654012,0.00026840683131005,0.0002558534324634,0.00035561884578775
ChIJP-7LeaE9DTkRHg0KCwS-sEQ,0.9988368153572084,0.9979907274246216,0.666362971571895,0.4996418811497279,0.7490338016359601
ChIJP-R4HAg9DTkR4EwItRUAaa8,0.997539758682251,0.999848484992981,0.998436152935028,0.5,0.997539758682251
ChIJP-z7CgAdDTkR7pLATQ2ZZwQ,0.0010821656323969,0.08194576622918244,0.08165619262823982,0.0030318468998302003,0.0023819531440191
ChIJP1vHsD_cDDkRdzvsWXI8hbc,0.5,0.2503999723921879,0.0002581191074568,0.5,0.3336699674643266
ChIJP5TxuNIHDTkRFBc7GO5QuDQ,0.5002100914134644,0.2502943413273897,0.0006717215874232,0.0005353390006348,0.33368802258822444
ChIJP6BH6_0VDTkRvwuF1c6Yb6k,0.9997791846593221,0.9998549222946168,0.5,0.9997645020484924,0.9997787475585938
ChIJP6H9y4PjDDkRCjSUHsc5fjI,0.9998892545700072,0.33671041335522506,0.9998452365398406,0.5,0.0008990440401248
ChIJP6tpxmiqDTkRK1TQg7pafpw,0.9998558759689332,0.7499458886995853,0.5,0.0002223641931777,0.9998594125111898
ChIJP74sbM4JDTkRYsiyuOAPek8,0.0004962368984706,0.0004962368984706,0.9996004700660706,0.5000483534822706,0.6667651816581687
ChIJP8qaCJ_iDDkR0vVkDdWGYSU,0.9995661079883575,0.3334916495368816,0.3334916495368816,0.5001085374969989,0.3336291343633396
ChIJP99idcvdDDkRAuPrzOLRVNE,0.5,0.5001114178303395,0.5,0.5,0.665642948190604
ChIJP9_r8jEBDTkRXzwQK51rT14,0.00038926073466423336,0.00031458404555445,0.5,0.0002518371329642,0.00039522562292400006
ChIJPQR11mkEDTkRFscLu0VKDTE,0.0022223545238375,0.9998245537281036,0.5,0.0022223545238375,0.999841034412384
ChIJPRLCi3biDDkRQx5dqErBzrk,0.6667054655748265,0.2502666436703293,0.5001341942843281,0.00032240127620744997,0.33360451410408126
ChIJPU8dg1gaDTkR9av06rlNEBo,0.99986732006073,0.999763548374176,0.9998127818107604,0.5,0.9996328353881836
ChIJPVegOR3lDDkRbWNzyX_u8BM,0.9995280504226683,0.9997561375300089,0.5,0.5,0.9997908115386963
ChIJPWBpSw0MDTkRIJprdOzTE0U,0.5,0.0002933893410954,0.5,0.5,0.9998812675476074
ChIJPWZW_gkEDTkRvJ3DTtFoPVQ,0.5,0.05604096806685747,0.08377573816687794,0.08367580824415195,0.03381856395280916
ChIJPWbQh00BDTkRxexTLzPCrVw,0.00043859648576465,0.0195156466215848,0.5,0.5,0.9997978806495668
ChIJPZDGPtsYDTkRAw_YJKEwTiE,0.9998094290494919,0.9997475743293762,0.9997589141130447,0.9997252821922302,0.9997700214385986
ChIJPbBju7WrDTkR4JTqvSWdJZc,0.5,0.5,0.5,0.1853013038635254,0.5
ChIJPdbsEubdDDkREN5Uabi4_aQ,0.999857097864151,0.9998540282249451,0.9998435974121094,0.5,0.7999300172523363
ChIJPdjkgibjDDkR_QptVlI3l0k,0.021623683744110136,0.0003724246053025,0.0635578408837318,0.5,0.0003724246053025
ChIJPegImFEVDTkRh7SAGGlzcY8,0.999697744846344,0.9996093213558197,0.5,0.9998557567596436,0.9998745918273926
ChIJPeq9RFDnDDkR3ThA8S-1P4Y,0.9998372197151184,0.5000086758373071,0.9998242259025574,0.0002365179534535,0.7999170793627854
ChIJPfl6An39DDkR9DyzbJAjrXA,0.4978852034837472,0.0005402090610004,0.9997484087944032,0.9962824881076813,0.9974377950032552
ChIJPfpkEwHiDDkRiS9jVibNSdw,0.7653531953692436,0.6871797144412994,0.5,0.5,0.8122558534145355
ChIJPw7BCdE9DTkRhBDLdYRoU2s,0.5000685093982611,0.9998751878738404,0.5,0.0010728596244007,0.5004740237491205
ChIJPwDEgOH9DDkRVZXlK8nS0nw,0.9997761845588684,0.5,0.9997453093528748,0.5,0.5
ChIJPwgrXucFDTkRwjJyjNbunV0,0.5002713946742005,0.9998160898685455,0.5,0.5,0.9997923970222472
ChIJPwpn3iIZDTkRtUmKOOXCCSw,0.0123745677992701,0.3438291335478425,0.5060651837848127,0.009983348398236499,0.2580545303499093
ChIJPxKs_owBDTkRpqyMziMelqc,0.9998109042644501,0.9998108545939127,0.5,0.9997603297233582,0.9998235106468201
ChIJPxUsCXj9DDkROxvTLja26mA,0.0003225235268473,0.0002366765402257,0.0002366765402257,0.0004386534856166,0.4999636007705703
ChIJQ0mCURIeDTkRxSzdLV_yWnw,0.9998736381530762,0.9998809099197388,0.9998832941055298,0.0744656398892402,0.9998857975006104
ChIJQ0vxHv8fDTkRUeYGo5JciUc,0.3343419776065275,0.5007286478357855,0.5,0.9997822642326356,0.9998354613780975
ChIJQ1QHIZqrDTkRcb5xBvj37zk,0.5,0.5,0.0297742541879415,0.5,0.5
ChIJQ1w43W4VDTkRLtF4zn4EqHM,0.5,0.5,0.5,0.5,0.5
ChIJQ3NDXD0dDTkRhr6qseSsSxg,0.5003620932766353,0.667031192414773,0.5,0.000399330368964,0.5006087774527259
ChIJQ5QKh-cBDTkRdH8g2foHdjc,0.7499154028046178,0.7999051425256767,0.9998058676719666,0.6666003620290818,0.9998240868250529
ChIJQQ-msLgZDTkRgftdjITVkXE,0.0014234619447961,0.0008946274174376751,0.5,0.5,0.5
ChIJQQAAUALkDDkRPlvxqRwJGJo,0.9989118774731954,0.9998664855957031,0.9998652935028076,0.5,0.9998734593391418
ChIJQRp7XsQFDTkRlE3NHxaGmWY,0.9978468120098114,0.5,0.9970122575759888,0.9970122575759888,0.7490512497461168
ChIJQRsr9UXlDDkRZm3Cf8qesPk,0.5,0.7502344357781112,0.5,0.5,0.750059876794694
ChIJQSiYSGkeDTkRXBZMMWIbY5s,0.9998561143875122,0.9998656511306763,0.9998663663864136,0.9998663663864136,0.9998601973056793
ChIJQTH0_aoZDTkR2bqpQS51Gh4,0.0003139784093946,0.33362695925946656,0.5,0.9998809099197388,0.5002720651973505
ChIJQTyWH_v9DDkRWIAPGAhMUz0,0.7497927424410591,0.5,0.6666062708827667,0.9993679225444794,0.9995834827423096
ChIJQW0dhlAbDTkR27QFjwM29j4,0.998905062675476,0.0004725148901343,0.998905062675476,0.6640313761308789,0.6637992955123385
ChIJQXI7f_gHDTkRunuuBt6reZg,0.9998613595962524,0.5,0.5,0.9924986958503724,0.9997087518374125
ChIJQXZOlAj9DDkRGt_aiGqrOHk,0.6595971627781788,0.6569189513102173,0.49787075282074506,0.9998764991760254,0.5082921928260475
ChIJQYncXHQFDTkRJ6acaW9_9Cs,0.6636052764952183,0.9941228826840719,0.9835494756698608,0.5,0.7522104759700596
ChIJQYtC9bIBDTkRtzYGNORyATo,0.5,0.5,0.5,0.00040351686038770003,0.5
ChIJQ_bOxt8BDTkRAmvBpYtyb_U,0.00219595096132245,0.00144723494304335,0.0004954853357047999,0.0021116251155034998,0.0023650098592042
ChIJQahY2GoFDTkRf9MrvyfY8Wo,0.5000426626356784,0.00058919531875285,0.5,0.000450940162409,0.4985735869558993
ChIJQb2D4b8DDTkRq0dRnD7Y1VI,0.0005490535404532501,0.0002492459752829,0.5,0.0005553400915232,0.0006735593390961
ChIJQcH65xwdDTkRcF0kAI2f3WI,0.6667993524655079,0.9996732771396638,0.5001803264312912,0.5002953200018965,0.9996911287307739
ChIJQw7XRwcjDTkRUpAE-J_C2JY,0.5,0.5,0.0008594642276875,0.5,0.5
ChIJQxM3RNLjDDkRpfU_0WZcbw8,0.5001276369730476,0.6665244258668584,0.99931800365448,0.5,0.5001074181491276
ChIJQyBpbkVrDTkRN-vCqZuLFWc,0.5,0.5402058064937592,0.5,0.5,0.5
ChIJQzZSoT0BDTkR37w2w39jxbY,0.0002493299834895,0.3018455798737705,0.9444059133529664,0.0003134625148959,0.0008153035450958999
ChIJQzynNDjcDDkRwyLgZhp-JWY,0.9998706579208374,0.7512718504294753,0.9998656511306763,0.9998706579208374,0.7512734895572066
ChIJR-G7XwX9DDkRB5h2b4-759I,0.3308254128302603,0.5948953298095148,0.6631027401890607,0.9847245216369628,0.9847245216369628
ChIJR-WL4m3iDDkR4jurspZOnwQ,0.5,0.0023823741357773,0.5,0.0023823741357773,0.0038607633323408
ChIJR1FVbAgiDTkR3NiZViDPc1w,0.000693501144269225,0.5,0.0004143775004195,0.0014625381445512,0.00046309277968245
ChIJR2D6ioQXDTkRBDwuY3-75P0,0.5,0.5,0.5,0.0079580228775739,0.0079580228775739
ChIJR3-TfVQZDTkRhVHU7cnbjZw,0.24925424234606902,0.3314008565357653,0.49701354496937705,0.24925424234606902,0.2507499762032239
ChIJR3VQqa0ZDTkRTEA4kYW9eMo,0.7491099647886585,0.49927242904232116,0.999843955039978,0.5,0.7490451751873479
ChIJR3a0cswFDTkR9VOW8hki9K4,0.14278749654962056,0.9998670816421508,0.5,0.5,0.0003344472206663
ChIJR4Lniwz7DDkR5BZxf723LKk,0.00078480903175655,0.0002622543252073,0.5,0.0005311584682203,0.3337845965482605
ChIJR5pu8ZwVDTkRx681RQEg5Bk,0.5,0.5,0.5,0.5,0.5
ChIJR72LhAciDTkRwAKmjg0lFv4,0.5,0.0003816748503595,0.5,0.5,0.0003816748503595
ChIJR7opKkHnDDkRu2lSbe2ecIE,0.5,0.999860684076945,0.4985127426625694,0.5,0.6667207464536963
ChIJR8UMrJgCDTkRNFgwNsDuAtI,0.6664430049422663,0.49991955568839325,0.9994986057281494,0.5998869755188935,0.9995856086413065
ChIJRQKY9bMYDTkRfXgi7aldg6E,0.999806582927704,0.9996060729026793,0.9994525015354156,0.5,0.9996918439865112
ChIJRRAaARsbDTkRAOMdB2wOkw4,0.5,0.0129161946315434,0.35032252210658044,0.5,0.33348149617086165
ChIJRRr_gFYjDTkRVtJ9ZdjdHTs,0.5,0.9998355209827422,0.5,0.9998553991317748,0.9998048901557922
ChIJRSLL8FUZDTkRdDJEkxGactk,0.0006230102735571,0.0002961942227557,0.5,0.0006230102735571,0.33358851457402733
ChIJRTIaDoXjDDkRo05ATdzGmF4,0.33372700036852615,0.5000515059946338,0.5008084075525403,0.6664210211116975,0.9998494386672974
ChIJRU-t04EYDTkRvvJW6Wqkwes,0.9996360689401627,0.9998596906661987,0.9998525381088257,0.999853014945984,0.9996397644281387
ChIJRUCw2qIFDTkR48WVAJkMcjM,0.0005421731135962334,0.0006876959523651,0.0005318667390383,0.0002579090360086,0.0003276937447177334
ChIJRU_hfK0ZDTkRmuwgwPQ_cDM,0.9996449649333954,0.9997535794973373,0.999793142080307,0.5,0.9997176130612692
ChIJRYVcMn8_DTkRjwOiyekkc18,0.9998576045036316,0.9998499602079391,0.9998346567153932,0.9995863835016886,0.9998629887898763
ChIJRZ8E8Qz9DDkRaDxap1se5-g,0.0005582747398875,0.5,0.5263727717101573,0.0005220643361099,0.5
ChIJRZaLkZkbDTkRkJRD2nrcKFs,0.999870777130127,0.5,0.9164480865001678,0.0007102981762727,0.7082386021429556
ChIJRdQiFUo8DTkRlKBQhTQKzPo,0.663940089289099,0.9901172518730164,0.6286633981702229,0.8842871785163879,0.09845664701424535
ChIJRxl2lZz9DDkRGh5PhQDS_SA,0.5,0.9998875856399536,0.9981149435043336,0.49958357383729896,0.33339344527727616
ChIJRyNm3GD9DDkRUDuZ6cJXPy4,0.0009976312867365,0.999736487865448,0.5,0.9998546838760376,0.999736487865448
ChIJRz8fTtb7DDkR35WthLi8XWg,0.0004420827899593,0.0002360246289754,0.5,0.0007563527906313,0.0004420827899593
ChIJRz9E5sELDTkRP0iz7bKL2qA,0.0003833065566141,0.3335358326730784,0.5,0.0003833065566141,0.3335358326730784
ChIJS-KftYABDTkRmu7Uh_Lzeqg,0.5,0.0002105089806718,0.5,0.9883216023445128,0.5
ChIJS0aYLBwjDTkRg1kvuwxqGGk,0.0078319134190678,0.8010080659762024,0.9976194500923156,0.5,0.8010080659762024
ChIJS49M_lcZDTkRKyK8H7uO5Gc,0.9998511473337809,0.9998338520526886,0.9998305837313334,0.9998338520526886,0.9998492002487183
ChIJS4Ok5QoZDTkRvuSk45jH_qw,0.4946270228683716,0.24840581510943593,0.0003611924767028,0.4946270228683716,0.0015694201283622334
ChIJS51qEH4ZDTkR5-RJJbhYIZk,0.6664860707436067,0.9994556705156962,0.9994556705156962,0.9997716546058656,0.9994897047678629
ChIJS6pNJr4ZDTkRU4iPl8B64uE,0.9998458623886108,0.9998672008514404,0.9998458623886108,0.9996767044067384,0.9998485445976257
ChIJS9nAr1DdDDkRYZcXozkGok0,0.999583383401235,0.9992882410685221,0.9991995990276337,0.9992882410685221,0.999422291914622
ChIJSQ2YOw8iDTkRoX6IDTHFSr8,0.48056242201710114,0.4895052947686053,0.9965278506278992,0.0003684844123199,0.0005832688184454499
ChIJSQVKhP4hDTkR2I0YM9eyqOA,0.9974667628606161,0.5,0.9992290437221527,0.5,0.9968649744987488
ChIJSS6OdLcFDTkRIf0z1kCxSfw,0.5,0.5166432149708271,0.5,0.5,0.8065388157963753
ChIJSUAGLTjcDDkReJYvgFOryxU,0.0056539429351687,0.5027534789405763,0.999853014945984,0.5,0.999853014945984
ChIJSW4lHx7lDDkR2uhhO7q7SH8,0.5000156180904014,0.0074291848577558,0.9996734857559204,0.5,0.9998023907343546
ChIJSXFOGecZDTkRR7ECThr6qcM,0.00044337255530985,0.500111266883323,0.5,0.5,0.25027731971931644
ChIJSY21bsX9DDkRkp0mg84Qa64,0.6242760330438614,0.3738849014043808,0.99980029463768,0.5290964618325233,0.6877290805180868
ChIJSY_gO7D7DDkRmVyrZwyfxGw,0.4024464594258461,0.0004167802399024,0.5,0.999671459197998,0.5029673814715352
ChIJSYldhsvkDDkRzAmX8vxgfs0,0.9997593760490417,0.9974770744641622,0.9997602701187134,0.9998308420181274,0.8077871084213257
ChIJSZffIU3kDDkRuDXcAje-AKo,0.5,0.4998685079044663,0.9994448721408844,0.5036873896606265,0.7497382589790504
ChIJSbK5LDjcDDkRNyRcRHo4DI0,0.5,0.5,0.9998408555984496,0.00034951890120275,0.2503309746680315
ChIJSbtGxVI8DTkR1n3vqBK1m5I,0.5,0.5005291738198139,0.5,0.0012037829728797,0.5003057160065509
ChIJSbvehE48DTkRMs0PN6iblgk,0.5,0.5,0.5,0.0005689247627742,0.0005689247627742
ChIJScWYucUGDTkR2nasp1YBYkU,0.49912245472660294,0.5,0.0006729643791913,0.9939985275268556,0.9977186520894369
ChIJScfQWH77DDkRSkN5qnZY4gs,0.2504175048452452,0.3335836715705227,0.5,0.0001870381238404,0.6668032399223497
ChIJSdIsddsbDTkRV8hWeRdlXpg,0.9994321664174398,0.9995193282763163,0.5,0.5,0.9995347261428833
ChIJSdUxIfqpDTkRb6Y2Nt719Gs,0.051748232639511095,0.5515495389699936,0.0519091879832558,0.0005878101801499,0.33356227222247975
ChIJSfJXLaADDTkR3n9-HoFizwU,0.0003083903866354,0.5,0.9996380805969238,0.4999644736089977,0.000872759905178
ChIJSfTjlIYXDTkRJjVdzF94PSM,0.52905468052874,0.0099661145359277,0.9985007047653198,0.994566798210144,0.40026601566933095
ChIJSfZsve4ZDTkR-sn6fGbQcH0,0.9998488227526346,0.9998637139797211,0.5,0.5,0.9998557686805725
ChIJSw2XgVADDTkRqIELwjHJgn8,0.0004353040712885,0.9998763799667358,0.0015823661815375,0.5000702552642906,0.9971394538879396
ChIJSweSUaznDDkRiDsGkG487WY,0.9973253011703491,0.9964565634727478,0.9981940388679504,0.5,0.9990153610706329
ChIJSxK4WHb9DDkRfUCoVOoXhdo,0.5,0.5000281086977337,0.5,0.5,0.5
ChIJSyEeQxUcDTkRtP518kGmaNs,0.33392877388784353,0.9998500347137452,0.9998500347137452,0.1632924973964691,0.5411556163744535
ChIJSy_yupgCDTkR3sp_8N4urK8,0.999850869178772,0.9996349811553955,0.9987852573394775,0.999850869178772,0.9985654950141907
ChIJSzkGUSv7DDkR43AJnSSLgjU,0.0104221785441041,0.9998532831668854,0.0104221785441041,0.0104221785441041,0.6700593857094646
ChIJT-DMdTkZDTkRiN-ft-zozUQ,0.9997348189353943,0.9998762607574464,0.9997952580451964,0.5,0.9997477531433105
ChIJT1_dZwDjDDkRnebfK5pM3Es,0.6000035325065255,0.0054752947762608,0.7494768530596048,0.9963549077510834,0.6000035325065255
ChIJT4ODZAAHDTkR9brqKcecYjw,0.9995978772640228,0.5,0.9997918009757996,0.9997918009757996,0.9996225237846375
ChIJT4jvxKGrDTkRnzdf-hiY6nU,0.0007180283428169,0.0034863345790654,0.5,0.5,0.5000067623332142
ChIJT6HNpJQZDTkRGu2XPHz05z8,0.5,0.9998478293418884,0.5,0.5,0.9998547434806824
ChIJT8kShEAZDTkRl2U1GRhAYN8,0.5006769706378691,0.9858020842075348,0.9998664855957032,0.5,0.5957190608372912
ChIJT9rE5V_9DDkRMhhHsDLqGkY,0.5000857754057506,0.9998115003108978,0.5000432189990532,0.9998115003108978,0.5000857754057506
ChIJTQ2erOLdDDkRB_-qK1Sz1Ek,0.999779224395752,0.999810665845871,0.999779224395752,0.5,0.999765932559967
ChIJTSw1U9UXDTkRPNDA5dxjbTw,0.005838026292622,0.501428214549378,0.9997883439064026,0.5423067808151245,0.501428214549378
ChIJTSydK80ODTkRjEXXevFZBSU,0.5526311360299586,0.0005365476827137,0.5,0.5,0.5
ChIJTUFs_sgPDTkRRTNBP_KT_dg,0.9998618364334106,0.9998648762702942,0.5,0.5,0.9998679161071776
ChIJTUJpHx3iDDkRYzj9vx7KJRE,0.3333567462056332,0.5,0.5,0.5,0.9984307885169984
ChIJTUvWM5MYDTkR3hEIs_noaC8,0.9998683929443359,0.9998389681180319,0.9997091889381408,0.9997091889381408,0.9998389681180319
ChIJTW2J7Yv7DDkRoaEMVYMmb-0,0.33350236940411077,0.9996912479400636,0.5,0.45413389722671127,0.6360080441615235
ChIJTWxjE0z9DDkRWK-rr0q_d7w,0.00043412391096349996,0.0186187504295958,0.0186187504295958,0.5001697494153632,0.0004525092372205
ChIJTYaPJtkdDTkRueyL3cN2yXA,0.3335426026508988,0.5001063923482434,0.5001137230865424,0.25021875165839447,0.3334896409360226
ChIJTZYJvY8BDTkRMqD9vfIeu3I,0.999831477801005,0.9998383820056915,0.999835580587387,0.999822437763214,0.999831199645996
ChIJTZiw9_P9DDkRCKU-wU7cgV8,0.9998613595962524,0.9996267557144164,0.5,0.5,0.9998004734516144
ChIJTcaicyDjDDkRriIeJG6QFM8,0.6651757583604194,0.4145868048653938,0.9975116550922394,0.6221939921379089,0.6647985801682808
ChIJTcnx04QbDTkRo45mfpW2-bg,0.49934218563794275,0.999716341495514,0.0005945020238868,0.5,0.9982857406139374
ChIJTeJUmFIeDTkRFeI22keK9so,0.9998384714126588,0.9996604919433594,0.5000587272807024,0.9996604919433594,0.7498544538102578
ChIJTelod2r9DDkRNcR4Skjiyg4,0.0049733007326722,0.3393400547405083,0.0169267784804105,0.508390492759645,0.0013803821057081
ChIJTfkiOAcFDTkRL9cLd2gw-Fw,0.5,0.9995929598808287,0.9998584985733032,0.5,0.996755450963974
ChIJTxZARVUZDTkRpaG7WjvgWiI,0.9998064339160919,0.9986047148704528,0.9998810291290284,0.9991888999938964,0.999425083398819
ChIJTyIAIiXjDDkR2cdGhralCKc,0.500036469034967,0.5,0.9998553792635599,0.0001861868950072,0.9998608082532883
ChIJTyMFBar8DDkRR_cmTPi5jkw,0.003255323438982733,0.005202988628298,0.005202988628298,0.5,0.003255323438982733
ChIJU3oKZUD9DDkRkIDqiY8COb0,0.3346826440247241,0.555810432046807,0.7149648405611515,0.3346826440247241,0.6663153770641657
ChIJU5ZfTy3nDDkREzNyq06aZjA,0.5,0.9998407363891602,0.9998489022254944,0.5,0.5
ChIJU5k0fwAZDTkRO_rImIrqbtA,0.5959053784608841,0.5959053784608841,0.9989867806434632,0.9994203746318818,0.7976674363017082
ChIJU6eIyfUXDTkRunuHeTS9MaA,0.49994293757481495,0.4995472714945207,0.9987151622772216,0.4995472714945207,0.0008499218771854333
ChIJUQ3mbVndDDkRlkR4HMW7AVA,0.9997857809066772,0.9997847080230713,0.5,0.9997416138648988,0.9997995734214783
ChIJUQAAACQCDTkROgV0toDmdlM,0.7504996400675736,0.5000131346459966,0.5,0.5,0.5006201565702213
ChIJUQXBdgXdDDkRanjpvTLK7f0,0.5,0.0002720031479839,0.5,0.5,0.9993959665298462
ChIJUQbQB0L9DDkR4kMbtnRzQps,0.4991944990179036,0.0002127968473359,0.9977838099002838,0.4999791723093949,0.33350827876711264
ChIJUVEwtnIfDTkRUKif-DLwqfg,0.0006350305629894,0.999514251947403,0.5,0.9993106126785278,0.999514251947403
ChIJUW2yCxEZDTkRJV_Mf597aw8,0.9996002912521362,0.9997453093528748,0.9998026192188263,0.5,0.9997137635946274
ChIJUXEBCwAbDTkReAT2lErQcEA,0.9997499585151672,0.5,0.9998306334018706,0.9997933506965636,0.9997933506965636
ChIJUXQfIkD9DDkRcVucp8aFAD8,0.9996768236160278,0.9995566755533218,0.9993934631347656,0.9996123313903809,0.9995240330696106
ChIJUXcJCEEcDTkRoT8BaaFhuUI,0.9998183846473694,0.5000784511357778,0.6649934526940342,0.5,0.9985807985067368
ChIJUXyGwzsBDTkRpCTgSan0Boc,0.9995725750923156,0.5,0.5,0.5,0.9995725750923156
ChIJU_13687dDDkRfu5EYp6gax4,0.9993021190166473,0.9988635778427124,0.9993541240692139,0.4998056296899449,0.7497906091011828
ChIJUa9kJyUZDTkRCLz0DgmLSlY,0.9998439252376556,0.9998592138290404,0.9996706545352936,0.999868392944336,0.9996894836425781
ChIJUaBSPtUFDTkRyZQihsgC1wU,0.0006356659869197333,0.002890148035172967,0.5,0.0008538031834177,0.0008398325880989
ChIJUc57VzMHDTkRg3Uh88w6Gbk,0.5,0.999836802482605,0.5,0.5,0.6880554432670275
ChIJUdP3Rpb7DDkRtlGlfq_41wA,0.5,0.999825100104014,0.99983012676239,0.5,0.9998161792755127
ChIJUdsPbuIdDTkRqpgi2i7xKkI,0.5,0.00022708368487650002,0.0002136372204404,0.0002296275342814,0.0007472269790014
ChIJUe6L_IT7DDkRZIuJu1OTSfA,0.7952832579612732,0.44829990543803433,0.0006335512734949,0.8960905969142914,0.5975220234928807
ChIJUx74utsZDTkRjuDrM8CnZM0,0.999596099058787,0.5,0.9997919201850891,0.9995981256167094,0.9994841814041138
ChIJUxuFTVgFDTkR-tVbVFQAC58,0.5,0.5,0.5,0.5,0.5
ChIJUy66hJ79DDkRvKr2xkN1Cms,0.5002950570196845,0.5001149212766903,0.6667999321362004,0.5002950570196845,0.5001149212766903
ChIJV4_uqVXdDDkRhSjJem1l21I,0.666651713870427,0.5000408113337471,0.5,0.5,0.666651713870427
ChIJV5-5zT8ZDTkRZVbc0L1G0SU,0.9998021125793456,0.9996016919612885,0.5,0.5,0.8414106667041777
ChIJV5m_Ty8dDTkRyHJJlJvPEAk,0.0001843577920226,0.0002538989647291,0.0005914535722695,0.0004226762684993,0.0001843577920226
ChIJV74mnnepDTkRmASnP8cOCy4,0.9975377321243286,0.999834418296814,0.9997742772102356,0.5,0.9986860752105713
ChIJVSfh4c8FDTkRe54mRvZAn0E,0.22756942239357159,0.2496364768812782,0.6813897490501404,0.0003192611329723,0.4988009704684373
ChIJVSz7rbgFDTkR72aXE2MlSsY,0.4997057694272371,0.7497817167677567,0.5,0.4997057694272371,0.9995007514953614
ChIJVT5iTz_9DDkRIMfaom19syQ,0.4999351377700805,0.0004274001548765,0.9990242719650269,0.5000837413099362,0.6666689172852784
ChIJVU6JSPD5DDkRQUOY5xnNBmo,0.5,0.5,0.5,0.5,0.5
ChIJVUoo7YYADTkRzH-CkpoBxOM,0.99912828207016,0.5006750404718332,0.0015211462741717,0.9993703961372375,0.0015211462741717
ChIJVVVVJXjiDDkR8LEuFu326Ss,0.333484951222393,0.2501724192952679,0.00030234987207215,0.0002474369903211,0.333484951222393
ChIJVVVVJdQDDTkRyYcuYnqjUqc,0.5006848436896689,0.33388331639192376,0.5,0.5,0.5003827743785223
ChIJVVVVVWj9DDkRiPICBGicnJk,0.0323980890185339,0.0001967635616892,0.1576808393001556,0.5,0.05349529067946907
ChIJVVVVVYUbDTkRhQCZRO1qOUE,0.9998559951782227,0.6639741244580364,0.9998530149459839,0.5,0.6639725747372722
ChIJVVWF8pwCDTkRqM8xtxxMbm0,0.6568632054453095,0.3237323294839976,0.333528392589263,0.492760712710151,0.2503234802206862
ChIJVWI3S-MfDTkRWw65C3hVwe8,0.0077702989801764,0.00119243166409425,0.0077702989801764,0.0045257241581566,0.33406653728646535
ChIJVYMKBmgNDTkRj8J6SsyjxSo,0.9998497366905212,0.9997822195291519,0.9997641444206238,0.5,0.9997999787330627
ChIJVYx7WkYZDTkRLSo5i62rT3Y,0.0005048289312981,0.99973597129186,0.99986732006073,0.5,0.9997920393943787
ChIJVZv6HQD7DDkRuvanyn__P7A,0.00041265540858145,0.5,0.5,0.0004089998304455333,0.0005014878188375999
ChIJV_KLIUD9DDkRW62Ipndqqnw,0.09746315770704916,0.4996462688723113,0.6361689567565918,0.0008716077136341,0.3185202822351129
ChIJV_KLIUD9DDkRyK187fZFk-k,0.5,0.7499975464088493,0.5,0.9998595714569092,0.6667195427871775
ChIJVb3KwfkBDTkRSXdPeP0lRbs,0.5,0.3333515390647031,0.9995800852775574,0.0001905391836771,0.3333515390647031
ChIJVbCrbc8jDTkRq4eovlKi9kE,0.9998352527618408,0.0003720875247381,0.5001484278618591,0.9986836314201356,0.333718224108452
ChIJVbuUnf6rDTkR5fEqj8mUzJ0,0.00091016167425545,0.5,0.5,0.001539300661534,0.5
ChIJVc-6iDLcDDkRYFx6THP4ASc,0.10918935966522736,0.15959997783647845,0.44208049401640886,0.10918935966522736,0.0083681233227252
ChIJVc6eI2IDDTkRDzKffVzg-is,0.5,0.9984009861946106,0.9984009861946106,0.9991208016872406,0.9997989336649576
ChIJVcq7PHb_DDkRvXTkH3L2FNM,0.5,0.5,0.5,0.5,0.5
ChIJVee69IHnDDkRFJKRVfqe5nw,0.5,0.9998499155044556,0.5,0.5,0.5
ChIJVfDBDED7DDkRZxEYfTxUVsg,0.5001499078935012,0.9997766017913818,0.0023651281371712,0.0023651281371712,0.3342354563840975
ChIJVxBqNycHDTkRspbBVn_5Rag,0.9998718500137328,0.5,0.9998159170150757,0.5,0.9998159170150757
ChIJVxkydJSrDTkRnG45rv9eC_g,0.9998494386672974,0.999886989593506,0.5,0.5,0.9998778343200684
ChIJVyec7RQDDTkR4XxDwRD94Aw,0.0004259542329236,0.5,0.9998666048049928,0.5,0.9998759031295776
ChIJVzbidAD_DDkRv-MDCrl-Ka0,0.0002379894431214,0.0002379894431214,0.0002379894431214,0.5,0.49997323156276247
ChIJW000QPcZDTkR2q-1cDbfges,0.9998693466186525,0.5,0.5,0.5,0.5
ChIJW0SQRxT9DDkRBGrOcSzO88g,0.5002865978822228,0.600199881294975,0.9998470544815063,0.5,0.666628429714668
ChIJW1fDLSUbDTkRityti1y0TWk,0.5000671052694088,0.9986470341682434,0.665803048594777,0.0002541350841056,0.6659496612070749
ChIJW2SoYy_5DDkRo4lNAEzFY1I,0.5,0.0002535157836973,0.5,0.0002535157836973,0.5
ChIJW2w4ran8DDkRoFkWIhzXKxk,0.9998151212930679,0.5,0.9998151212930679,0.5,0.49998421528289333
ChIJW2xl_aT9DDkRXJh6k_z5vC4,0.509570275869919,0.5187211651355028,0.9996137022972108,0.9994564453760783,0.6074620764469728
ChIJW5dO58MfDTkR0IkpjGctiBY,0.9933131635189056,0.3347429514784987,0.9929624199867249,0.5,0.6648057915347939
ChIJW5do3zkFDTkR4EgaTWFczG0,0.5,0.009724468800413825,0.518260484561324,0.0015531672397628,0.5001035331515594
ChIJW6btYiX7DDkR-wBnM_9K9bE,0.999810755252838,0.9998193979263306,0.9997456868489584,0.999792218208313,0.9997777044773102
ChIJW6e21DgADTkRH8BsMhBw3jQ,0.4998098130017752,0.0002768634003587,0.0003440345462877,0.4996295204618946,0.665936092477447
ChIJW9lffGEPDTkRKS5A-LwG5AU,0.999873399734497,0.9998636245727539,0.9998797178268432,0.5,0.9998383522033691
ChIJW9pNqsgFDTkRuLtIJdxTt7I,0.000309075898258,0.0016070960070161332,0.0003547148953657,0.5,0.0003547148953657
ChIJWRkUo-8DDTkRI5QgI0OqdsI,0.26417385324020864,0.028278912184759898,0.5,0.5,0.2504029450901725
ChIJWT9tW5AdDTkRrVM7VtKZjw8,0.9997144341468812,0.9997144341468812,0.5004174687201157,0.2631567473290488,0.3337412455778879
ChIJWUK7TDoZDTkRdp-9-g52j1k,0.9870358109474182,0.9870358109474182,0.9543734788894652,0.9771139621734618,0.7437092011095956
ChIJWUsSGaMZDTkRl5tZNykJQlM,0.00032252180972135,0.999672532081604,0.5,0.0002427000581519,0.00032252180972135
ChIJWVTdOtkGDTkRqhpoxf-FT6A,0.0004268570725495,0.00034556488390075004,0.5000191250437638,0.0004268570725495,0.0005148028285475
ChIJWWO7DjcYDTkRxCyu50Z5ppo,0.49953449329768773,0.5,0.49891248394851573,0.0004512880695983,0.9989599585533142
ChIJWWh9-XjdDDkR5HcuTf_TKY4,0.5000409237109125,0.33344922363176005,0.0002658234734553,0.0005143983289599,0.20034647104330355
ChIJWZJF18sYDTkRlMhB1jn6drk,0.7499719025290688,0.0013647328742081,0.9998179972171783,0.5,0.6004507522156928
ChIJW_GtJlH9DDkRLk8zWDBpE8g,0.9995144804318746,0.5012272751191631,0.9989557564258575,0.5,0.9994408190250397
ChIJWdjKacEZDTkRJ9Sdiz-wiEo,0.9998761415481568,0.0004618895472958,0.9998761415481568,0.0004618895472958,0.40010971190058625
ChIJWdsZcpYDDTkRbJ9VIM03aUs,0.49793252130621113,0.7987781873554922,0.5,0.9952867031097412,0.5002268232929055
ChIJWeQkGvn9DDkR472-MKgiClU,0.9997239708900452,0.9997774660587311,0.5000136441231007,0.5,0.5
ChIJWxJ1vDscDTkRtxnxwLjdnK4,0.0026191086857578995,0.0056024339864961,0.0056024339864961,0.0056024339864961,0.0008400408551096
ChIJX4jrIjbjDDkRXXZoolO_JAw,0.9997637867927551,0.9974878430366516,0.9974878430366516,0.9997601211071014,0.9997836550076803
ChIJX4oJPJ0ZDTkRtTXBpkiY5Bs,0.3333945711104509,0.0003085919015575,0.5,0.999637484550476,0.49997303822601674
ChIJX6pW1UYcDTkRgiws2YCBsJw,0.7662025820463896,0.6883181110024451,0.7662025820463896,0.532779600471258,0.6884717320402464
ChIJX7C574UZDTkRYfqnTVhY8-k,0.4997499182354659,0.5001098116481444,0.5,0.9991262555122375,0.9992963671684265
ChIJX7S4gF4ZDTkR1muRn56eJLM,0.5,0.9998543858528137,0.5,0.9997782111167908,0.6666090705451401
ChIJX7ZyGED9DDkRuBBONr3Eijs,0.20436895164311863,0.5011737580643967,0.0095932476688176,0.5000851591030369,0.5011737580643967
ChIJXRvWOpkCDTkRmsdHCqu8KnI,0.6661927496995,0.9996916651725769,0.9994943141937256,0.000367699743947,0.9996916651725769
ChIJXSzSTs8VDTkRG66LLYu27cE,0.9990942478179932,0.5,0.9918946027755737,0.9997889399528505,0.9997230966885885
ChIJXUHMYQ_fDDkRaJWmhG4TZa4,0.3334929336172839,0.5000742160627851,0.5000633084127911,0.9998427629470824,0.6666637316908842
ChIJXXRN7bsbDTkRiO1syjt3AM0,0.5,0.6667225273364844,0.9996474087238312,0.5001961159578059,0.5
ChIJXXb5yrQbDTkR_05IqXAO8_w,0.7505288218380883,0.9998527765274048,0.9997738599777222,0.9994398951530457,0.7505288218380883
ChIJX_nDWw4bDTkRyBuwCgrqmNQ,0.0010801559401442749,0.0012343417814311335,0.5,0.5,0.00165890292555555
ChIJX_p5Lu0dDTkRqOKPEmR2EB4,0.6667306247788171,0.999873161315918,0.5001639460679144,0.9998639822006226,0.6667367441890141
ChIJXaRnw_8BDTkREb1cB8_n2Xs,0.3349509508504222,0.0002481399278622,0.5,0.00149976266402515,0.25050900785572594
ChIJXcsvGhodDTkR2RGRqqx66ro,0.5006630392745137,0.9998725652694702,0.998893678188324,0.998893678188324,0.0002171991218347
ChIJXdmXL30EDTkR5YJTrNiByBs,0.9996720353762308,0.9998647769292196,0.5,0.5,0.9990558981895447
ChIJXeSnHXIHDTkRprqwYbtYCHg,0.5,0.5,0.9998437166213988,0.5,0.9998437166213988
ChIJXw3kOk8ZDTkR5BoYbGOlxWQ,0.5000050956878113,0.00022254404029803333,0.00022521690698335,0.334267220479281,0.5000299171369988
ChIJY-4p2XsVDTkRMuT0wXQAdrI,0.5,0.5,0.5,0.0002213769184891,0.0002531742211431
ChIJY009gVIXDTkR68MwDX50jN8,0.5,0.5,0.5,0.0001835332805057,0.9986371397972108
ChIJY1IE51RrDTkR9LtkvGG2rMs,0.5,0.5,0.9421097040176392,0.5,0.5
ChIJY2tQYgD7DDkRiK5qtxTSXfk,0.5,0.002735559750969133,0.5,0.0028527570733179,0.00320034303003916
ChIJY6Gyi5UCDTkRmjXmCUzwY6w,0.5,0.6668617729446851,0.5,0.5,0.8000468137324788
ChIJY6PJh2kcDTkRybb5KBGcqIY,0.9992419332265854,0.9992530792951584,0.9990509152412415,0.5,0.9993683457374573
ChIJYUkV8fX9DDkR-9ztjCtkqNw,0.9998396833737692,0.9998612801233927,0.9998396833737692,0.5,0.9998519569635391
ChIJYWObOR_lDDkRC3aMeHig0Mw,0.6669502222988134,0.5004931635339744,0.0011447562137618,0.9993127286434174,0.7998959162505344
ChIJYY6UxeYBDTkRtEgy5tQBGbA,0.0007224504176216668,0.0006402396247722,0.4999761393119115,0.0008868720033206,0.40030206585070116
ChIJYY9nHyf9DDkRjAdngMvn48Q,0.9998686909675598,0.9972627957661947,0.9992332756519318,0.9986067414283752,0.9995402991771698
ChIJYYEN1ewHDTkRc3o8PiMnX34,0.99909245967865,0.99909245967865,0.9994567334651948,0.5000434101675637,0.7497404089081101
ChIJYZ4wOkEcDTkREEowD3Q59Fc,0.0012180007567318333,0.0013283233129186,0.5,0.0018568927189335,0.0009061283199116
ChIJYZTxSwEBDTkRT9D2NJmj2bE,0.5,0.5,0.5,0.0005627720966003,0.5
ChIJY_BPJDYYDTkRkHZ4zEVDmxg,0.0002610494266264,0.5,0.9957833290100098,0.998279333114624,0.7485444796475349
ChIJY_EghyX7DDkRdLZUY8bAyvg,0.9998481273651124,0.9995502829551696,0.5001072693412425,0.5,0.666673230366238
ChIJYbCLDMP7DDkR1-R0n48fg2I,0.0011179290740983,0.5,0.0001912021834868,0.5,0.0001874010340543
ChIJYbW5sPMfDTkRNEz9-03Tl54,0.5,0.5,0.0006491080275736,0.0006491080275736,0.0006491080275736
ChIJYbdlwT3fDDkRR4j0lgH9GwQ,0.5,0.9998645782470704,0.5,0.5,0.5
ChIJYbxMPKkHDTkRon3sfcme-3w,0.001805199785546,0.0004658139368984,0.5,0.0024748927098698,0.0014936346633475498
ChIJYcr6_KTdDDkRa9EYt-jNc1Y,0.5,0.5,0.5,0.5,0.5
ChIJYcsBST0ZDTkR5eL0sZwm_rI,0.9998515844345093,0.9998500347137451,0.9998692274093628,0.9998692274093628,0.9998579621315002
ChIJYd2edCEPDTkRXh72EOAVeTg,0.7499330763093893,0.9998700618743896,0.6668632393508839,0.9998437166213988,0.9996275703112284
ChIJYdNoMrwCDTkRFluyHeSqGoI,0.9994329214096069,0.5,0.9997818171977997,0.999711811542511,0.5100636053830385
ChIJYdhm_qcYDTkRuOoWmtPIXio,0.0002520740090403,0.0002520740090403,0.5,0.5,0.0002520740090403
ChIJYfWy3MIYDTkReIo6KYRj6yw,0.6667485578024449,0.9998076558113098,0.9998449981212616,0.9998076558113098,0.7999871339299716
ChIJYfbuyGUbDTkREm2SGwov630,0.9997978806495668,0.2501601203584869,0.9997978806495668,0.9997978806495668,0.5000703585974406
ChIJYfoVs1v9DDkRM9L-6Z-zHdg,0.00040334781806445003,0.0002863968838937,0.0313322469592094,0.0025510082778055,0.00249343238829165
ChIJYwWeSWEbDTkRDX74PgkC5qU,0.805864504724741,0.9983163475990295,0.6765437585612138,0.9968307614326476,0.6775499048332373
ChIJYxr1NN_7DDkRDUsJ4DgCEyw,0.000581424337724425,0.0012238015187904,0.5,0.0009819223778322,0.0014656806597486
ChIJYy_XeOQbDTkRK2NfXsfpEEE,0.0004671191854868,0.4999705297886976,0.5,0.00038991235487625,0.5000575580634177
ChIJZ-6qctYdDTkR9AxnmCK-SMw,0.5,0.9436574578285216,0.5288545290629069,0.3831824164954014,0.9998553991317748
ChIJZ03D9-X_DDkRDe5lPjcYyWg,0.9997878670692444,0.9995242655277252,0.9998681545257568,0.9995466768741608,0.9996121327082316
ChIJZ15qheAHDTkRTBlaPob9Hjs,0.0007026777020655,0.0009392160961093334,0.0003113324346486,0.0003113324346486,0.0005874895141459334
ChIJZ3M-4pwCDTkRzGqi6XmAYD8,0.33122125318429124,0.5,0.9954772293567657,0.33117634975739446,0.6637314786591256
ChIJZ8qlyNIODTkRGzLMscwXcVg,0.5,0.9995055794715881,0.5,0.6664605807551803,0.49977711905376054
ChIJZQCmAjEZDTkRwrCenXr9HJ4,0.9998247027397156,0.750263240741333,0.9998247027397156,0.5,0.6670895176551616
ChIJZSEVrPHlDDkRZ5C2vrpZXRM,0.0013527873331137,0.5,0.5,0.5014338594628498,0.9996960163116456
ChIJZSK5CTYZDTkRfA7occujCkk,0.7998778292152564,0.9998331069946288,0.9997922778129578,0.999841809272766,0.9998024900754293
ChIJZSlK1MrjDDkRjZgS3iDnj1w,0.0009319145077217999,0.0029457231285049666,0.2506608187104575,0.0009319145077217999,0.00107407098403195
ChIJZSmFMJkZDTkRohYgeUnNxxI,0.9998197555541992,0.9997226238250733,0.5,0.9998197555541992,0.999851405620575
ChIJZV2pMp4CDTkRKjabTG-yEYc,0.0002232061815448,0.0003360119299031,0.5,0.0003360119299031,0.00066606912878335
ChIJZVHCl2ocDTkR4FUy2t2OM2c,0.9997090995311738,0.9997900873422623,0.9992912809054056,0.9984556436538696,0.9992912809054056
ChIJZYZCov4ZDTkR0xTOhZJFEAI,0.6663949676246071,0.5000376683310606,0.5,0.5,0.9996152917544047
ChIJZ_Ph8UP9DDkR3ZwIJeTmtoA,0.0007286555264727,0.0007286555264727,0.5,0.0011718170183788,0.40065125801193063
ChIJZazyR6vdDDkReF4YzZwjGLw,0.9997020959854126,0.7502617255668156,0.9998763799667358,0.999841809272766,0.8001846564467996
ChIJZcuFGLkZDTkRsbttoM1gL2w,0.00121191429207095,0.0012117999431211003,0.0017550555057823,0.00121168559417125,0.0014786142467830999
ChIJZfR22t4DDTkRGeZis44ky1o,0.9919984042644501,0.6613946423021844,0.9991562366485596,0.49967167751310626,0.6622685656038811
ChIJZyIlaxwZDTkRlnVSGo9liHo,0.9997439682483673,0.5004855224397033,0.5,0.5,0.7500688199652359
ChIJ_-A3ZQA9DTkRohlfyHDiSeU,0.5,0.5,0.5,0.5,0.9998795986175536
ChIJ_-aIgzIYDTkRBlQb3cm8lhA,0.0004241464484948,0.4997686180358869,0.9996271133422852,0.9986221492290497,0.9987461268901825
ChIJ_2COEUEcDTkRRyJOt032yac,0.9998538891474406,0.9998141725858053,0.9998171925544739,0.9997276663780212,0.9998338341712951
ChIJ_2UShLkZDTkRuxpjX8R1uP8,0.9988839030265808,0.999869465827942,0.999869465827942,0.5,0.9992049137751261
ChIJ_2XTFpEbDTkR_wloHcUNR5g,0.0045341100194490995,0.00400167843326925,0.9911513924598694,0.9911513924598694,0.0027920249461506666
ChIJ_4_TU0JrDTkRyysHVRMOMlY,0.5,0.5,0.5033381395041941,0.5,0.9990596175193788
ChIJ_5Hg9YIFDTkRXwEXjrDM4mM,0.9943499167760214,0.6421321050729603,0.5,0.9701928893725077,0.9634729325771332
ChIJ_5tYXsvjDDkRSqUQm4XD8P0,0.5000669872388243,0.9942938884099325,0.9997375309467316,0.9913749992847443,0.9956200271844864
ChIJ_6WIiowZDTkRWY5b3ANJGR8,0.5,0.9981585144996644,0.5,0.5,0.9992000659306844
ChIJ_6r0CQmrDTkRA9wwZDVV-LE,0.5,0.0121884075924754,0.5,0.0004997391952201,0.5
ChIJ_8JzTlsDDTkRbbgJvd3R7J8,0.748628112860024,0.8689885139465332,0.7381584048271179,0.0086310962215065,0.9982662200927734
ChIJ_9rw7eAFDTkRqnPuRhVAmcE,0.5,0.5,0.0004692014190368,0.0001990375021705,0.00023006239401483333
ChIJ_RV61HsHDTkRAWWXg1KJw4k,0.5000458576905658,0.9881657361984252,0.5,0.5,0.0002376275515416
ChIJ_RzqqisFDTkRYxg7FcLYFkg,0.5,0.400410185198416,0.9998818635940552,0.0008304365910589,0.5003051223502553
ChIJ_SPfEQOrDTkRvvuzVUspwgQ,0.5,0.00019747306942,0.9981051683425904,0.5,0.4991513207060052
ChIJ_TgOBC77DDkRn-cT52fWX4g,0.0003362758434377,0.20054037174559197,0.5,0.0008297343059287333,0.00044483733654485
ChIJ_VWw2m0FDTkRNLPQlWkE8Bo,0.00024067992490010002,0.0002687735250219,0.0002125863247783,0.0002125863247783,0.00024067992490010002
ChIJ_XGJiqsVDTkRsDGzPDq1p6Q,0.00314900605008,0.00314900605008,0.9994999170303344,0.00314900605008,0.5015095339622349
ChIJ_XfWkV0DDTkRV-MWftStFZY,0.9998666048049927,0.5,0.9998804330825806,0.9998667240142822,0.9998666048049927
ChIJ__9Cj5v9DDkRsjHV7byyVaw,0.0012336853105807501,0.000343009858625,0.5,0.0021243607625365,0.0013451220002025002
ChIJ____Qq3jDDkRUN3S8QF_1Ec,0.0017928707020472999,0.5054985266178846,0.5016132518649101,0.00988239446451185,0.40443624118634036
ChIJ_____1DcDDkRKENDYcDWJ98,0.9987592250108719,0.9998117983341217,0.9992617964744568,0.9977066516876221,0.9984221855799357
ChIJ_____28-DTkRl1V_FzJyhHA,0.9991887211799622,0.9991887211799622,0.9991779029369354,0.9996659755706788,0.9994273483753204
ChIJ_____5wCDTkRudqX6MHuX78,0.9689143896102905,0.3334413002836906,0.9689143896102905,0.3334040061502795,0.25012849161066697
ChIJ____b0MADTkRbiV2o9JWBTw,0.00265333912102505,0.2911808235512581,0.5,0.5,0.00265333912102505
ChIJ____v1M8DTkRORbMFsPZdfY,0.0033609389793127,0.7139756709220819,0.9263269007205963,0.6186715801401684,0.750696706760209
ChIJ____v_wYDTkRhZscYezopi4,0.5,0.9998772144317628,0.5,0.5,0.9998486340045929
ChIJ_aDnf8sVDTkRnJ0EHXJQld4,0.9997605681419371,0.9998829364776612,0.5,0.9923273921012878,0.9998468160629272
ChIJ_b5_2h8XDTkRH-3grjWSpsI,0.0817941948771476,0.5,0.0817941948771476,0.0817941948771476,0.521708948421292
ChIJ_cETkuP_DDkRhX8mgtJsk20,0.3334902563171151,0.000328998954501,0.99987530708313,0.5,0.9998801946640015
ChIJ_xQYuMUGDTkRBSlXLNO45WY,0.2005052797292592,0.0034441171737853,0.0001970333541976,0.497633983824926,0.2490432888480427
ChIJ_y1TYvz9DDkRN-aFtSMAKCs,0.001282187392159,0.5,0.0013557187048718,0.0020678155124187,0.0004230279591865
ChIJ_yPZ5d4fDTkRzAGMFkC6CGQ,0.9998571872711182,0.9960615038871764,0.9990778207778931,0.5,0.9998164474964142
ChIJ_z56lUH9DDkRhf379R0nNTM,0.49900496381451376,0.9998301565647125,0.5,0.5002512075298,0.9989900390307108
ChIJ_zxrm-cHDTkRc_Jjh14DsCg,0.5,0.5,0.5,0.5,0.5
ChIJa0S09SwYDTkRYlUWmvR1zMg,0.5,0.9997759163379669,0.000530231045559,0.000530231045559,0.7999267792794853
ChIJa11F3PThDDkRiXUu-XFCPsM,0.9367682933807373,0.9683371037244797,0.9367682933807373,0.5,0.9998580366373062
ChIJa1Ew2zQdDTkRoVtBcorX4Nw,0.0004721696022897,0.5019607124850153,0.5,0.0041367765516042,0.5010032048958237
ChIJa2KZCt77DDkRKDW7Yi-oHV0,0.00375603616703295,0.0002821505186147,0.5,0.0010837889858520667,0.002002789832961967
ChIJa2MsH6MCDTkR2k0d3sh8BGU,0.7509286117274313,0.9998311003049215,0.9998354315757751,0.33655060284460575,0.9998306334018706
ChIJa2dbPJkCDTkRh57e5vMUkj4,0.00047814485151315,0.5002061971172225,0.0005900756805203,0.0005071383590499,0.5000267159775831
ChIJa3V2bkYYDTkRXORa3zzhsTw,0.0004395884073649333,0.49711774285970023,0.989307940006256,0.0003800996637437,0.249874103203183
ChIJa40AUI4dDTkR9i55mAwMWqE,0.0007350511150434,0.33533258258830756,0.3343443605505551,0.4994345638551749,0.6662421447302525
ChIJa4Td0z8jDTkRPG1sCr5IS5o,0.0005761934444308,0.0006123406734938,0.0004171255859546,0.5,0.33450763356328633
ChIJa5dF22oZDTkRQ2KjgHaw2d8,0.9998575448989868,0.9998375773429871,0.5,0.9475122094154358,0.9893764972686767
ChIJa6yw1-AZDTkRqNKlmkNQJ_I,0.9998462994893392,0.9998364845911661,0.99987530708313,0.9998550415039062,0.9998429417610168
ChIJa8DmBlkZDTkRmCx2X4Z5BuU,0.9995269775390624,0.49641868927574256,0.9961073994636536,0.9997852444648744,0.0002456398506183
ChIJa8gPi4Y9DTkRTPXvb9eCpQg,0.9998713731765748,0.9998713731765748,0.9997393290201823,0.0002240717149106,0.9997666478157043
ChIJa9fUXWDjDDkREFvr2Csh_lQ,0.00267504985094995,0.0003162414359394,0.0043903975747525,0.0003162414359394,0.49966846856113994
ChIJaQdz0fEVDTkRUSxN6XkGWfo,0.0004605029535014,0.9997721314430236,0.5,0.5,0.5007248654146678
ChIJaQpZ9tsdDTkRt-gxwpbrYSw,0.9406038522720336,0.5,0.5,0.5,0.0005095612141303
ChIJaROo4qIXDTkRp83S4LarHGg,0.999680995941162,0.5,0.999763011932373,0.5,0.9998312294483185
ChIJaUH1g7YZDTkRwGo7eJ6sXow,0.9998553991317748,0.7999318858957849,0.5,0.5,0.7499663706839782
ChIJaV7NaqEPDTkRd7n9IfLtJik,0.5,0.5,0.5,0.4998859385959804,0.9972558617591858
ChIJaWaDFCkdDTkR0-v3D-Mz6BA,0.5001472330477554,0.0005699231405741666,0.5001472330477554,0.0002298376057296,0.4002489229547791
ChIJaWnPPIYFDTkR5G99LKfy-d0,0.5,0.9995038509368896,0.5,0.5,0.5
ChIJacclYuwZDTkR5UZdmKWu_90,0.9995662868022919,0.9998217225074768,0.9994659423828125,0.5,0.9995213150978088
ChIJacydQs0BDTkRlTfsjoQdjLA,0.9997848868370056,0.0003706479619722,0.5,0.9997089505195618,0.9998025894165039
ChIJadUD2mn9DDkR9T7bQcD1ErY,0.0009435554384253,0.0005122454167575999,0.5,0.0005122454167575999,0.5002440016469336
ChIJaf9ECAAZDTkRC8nY0G2d1SY,0.0013186289385581666,0.33434568318383145,0.9996728897094728,0.0005917269736528,0.999653458595276
ChIJawhvr7PnDDkRzK8CptG0rAo,0.00032356287556465,0.0002071286726277,0.5,0.0003895427798852,0.0002679333750468667
ChIJaxDfKpMEDTkRrRoIsuSSnSM,0.9998902082443236,0.0002989523636642,0.9998902082443236,0.5,0.6666379091814936
ChIJayXjcrfdDDkR3fX98P4X8t4,0.0008910405449569,0.3338420641569731,0.5,0.3339925345305043,0.3339925345305043
ChIJayqg-TUbDTkRcFyaA0O5Wog,0.9998810291290284,0.9997715353965759,0.5,0.6797582805156708,0.7535304501652718
ChIJazcHbn09DTkRy0dvrTlBckw,0.9998687505722046,0.500038234902604,0.9998103082180023,0.5,0.5003031588857993
ChIJb0ZxgdSpDTkRliL_cFrDh4Q,0.5,0.5,0.5,0.8801620602607727,0.9200557072957357
ChIJb1VVVZoCDTkR55_HhaH8rMk,0.999755561351776,0.9998509883880616,0.548456471413374,0.999755561351776,0.7741569485515356
ChIJb1sEEkEZDTkRDOPsDUSAn_U,0.9997032682100931,0.6665260715283997,0.9995129108428956,0.0002312430733582,0.6665023290115643
ChIJb31uBhoHDTkRgNR0Ru405iE,0.5,0.0011979685902284668,0.5,0.00116065514157525,0.0012725954875349
ChIJb681I4YbDTkRsQz7dBn9LQM,0.5,0.5,0.5,0.5,0.010816369249368967
ChIJb75Ao-79DDkRsIlRbmeNhYw,0.999815970659256,0.5,0.5,0.000437471200712,0.5
ChIJb9R_xAfdDDkR2AVEx0QfRhk,0.000444551265294,0.0011695626890286,0.5,0.00101866782642895,0.0002758203190751
ChIJb9VeCNMYDTkRcs0Bfr8neXo,0.5000076178694144,0.5000076178694144,0.9997137188911438,0.5,0.9998788436253866
ChIJbQ74MQkiDTkRYja2Bqk2fsE,0.9998759627342223,0.5030306866392492,0.9998806715011596,0.5,0.7514558876864611
ChIJbQkQQq38DDkRiO1-3Xdle-Y,0.9998828172683716,0.9998674392700196,0.845941424369812,0.5,0.9998828172683716
ChIJbRm2nIndDDkRSBeUA2LGd1I,0.0130366645753383,0.5064192395657301,0.902125597000122,0.5,0.6708826012909412
ChIJbTT-v875DDkRfg30l_AE0wg,0.9998679161071776,0.5,0.5,0.5,0.9976245760917664
ChIJbVCvAvAFDTkRlzr9tZeOr3c,0.3653872353257611,0.5,0.5,0.00039614236447955,0.30022268530835083
ChIJbW7dveILDTkRpbfTOIEo1U0,0.3335091046756133,0.5000737466034479,0.9998084902763367,0.5,0.00033410970354445
ChIJbYigBcvjDDkRStKjE7MFi4o,0.6669550061536332,0.6669897556615373,0.6669862588557104,0.0012909532524645,0.8001203608699143
ChIJbZrCzw39DDkR76CW6KVWgYs,0.00032339838799085,0.0272758789360523,0.014018733694683726,0.0142284188914345,0.5
ChIJbd9OQUMZDTkRVnrtcXUQNAA,0.999862790107727,0.9998704592386881,0.5,0.5,0.9998700320720673
ChIJbe0Wa9oZDTkR_jLO_rumWio,0.002329216241681267,0.005929634440690199,0.5,0.0060990992933511,0.00044427471584635
ChIJbei8fiD9DDkR6sUO_0lx9Cg,0.5,0.5,0.4985092172646545,0.4992846860368445,0.6656509530633533
ChIJbfkmJQAHDTkRD-L97rM_8Bc,0.47310796380043024,0.9980502128601074,0.5,0.9980502128601074,0.9998631477355956
ChIJbwpdFIXhDDkR1mfZ7FLaOV8,0.0006804303751171333,0.25047780844761286,0.5000326360604957,0.25043349239422236,0.40032078244839786
ChIJby0WOwAfDTkR6PBzipNl_n8,0.00036926372558805003,0.0004869224503636,0.0003389464982319,0.0006907339557074,0.0004800064489245
ChIJc-0fwtYBDTkRsO8KJ3y5_gM,0.0025424678460694403,0.00502493698149915,0.5,0.00422052858630195,0.0003163256333209
ChIJc2maTQAFDTkRh3AjPkXjtts,0.9970529079437256,0.9995279312133788,0.5,0.9995279312133788,0.9970529079437256
ChIJc3ZI9pobDTkRPtK8HE8mb4I,0.9997469186782838,0.9997366070747375,0.9764251112937927,0.5,0.984220564365387
ChIJc3tLO9gHDTkR-Yt8o7HV9V0,0.32125753728905687,0.8209327757358551,0.547479692439083,0.321293448418146,0.5002128531632479
ChIJc4BAbZoJDTkRKKZrpsVFBFw,0.999797910451889,0.9998270869255066,0.9998331268628439,0.5,0.9998426636060079
ChIJc71sG0EcDTkRy3QIJsXVu6I,0.5,0.9996878504753113,0.9996880292892456,0.9996878504753113,0.9993067681789398
ChIJc9nUFqgYDTkRLusxIdi-tzQ,0.9989370505015055,0.5,0.9985322654247284,0.5,0.9992765665054322
ChIJcSOPprgdDTkR02f7jAhRoFE,0.0062024006620049,0.5035889318678528,0.5,0.5030286614783108,0.9998584389686584
ChIJcU_DX6j_DDkRgq0yuWNNbMg,0.33337266067974264,0.5,0.5,0.9996519088745116,0.6665688837141107
ChIJcWZoJ0rnDDkR7ya1Tpcw6-k,0.5,0.6666619929795464,0.000334964133799,0.0006930249898383666,0.5001541728561278
ChIJcYHejWQHDTkRoCglvFFeLcc,0.33371850442684564,0.0007824091881047501,0.33371850442684564,0.5,0.0003248146385885
ChIJcZ7kEYMZDTkRGUFb1yxSQfg,0.99978240331014,0.7499485962107428,0.999763548374176,0.5,0.7999036711466033
ChIJcc4_KG8EDTkR4zJt8puaXqY,0.500070347901783,0.999495267868042,0.5,0.9998539686203004,0.749870635328989
ChIJcesj01GrDTkRrImwlYYttpM,0.9995964169502258,0.9998644590377808,0.9998644590377808,0.5,0.9997314512729645
ChIJcfBZzI0ZDTkRzkNr9l0ifhY,0.9997269809246063,0.6666351733341193,0.9997013608614603,0.5,0.9997478276491165
ChIJcfXKPeH5DDkRNcE1fMUKtKY,0.999733567237854,0.5,0.9859963059425354,0.9721673130989076,0.5
ChIJcxohOZ4CDTkR96khe3coRkg,0.99977445602417,0.5,0.99977445602417,0.9997522234916688,0.9996856053670248
ChIJcyCyFDgBDTkRlbnFt0ewlWQ,0.5,0.0046403217129409,0.5,0.5,0.5
ChIJcyPwClgJDTkRpkzRG7inG44,0.6889291554689407,0.9998531341552734,0.9998670816421508,0.5,0.9998531341552734
ChIJczB9bWwFDTkRpHg0nEMBI0M,0.5,0.9939735531806946,0.5,0.0020648490171879,0.5003773178905249
ChIJczKllXuqDTkRLn-SdXvjeUs,0.9998095631599426,0.5002108905464411,0.0007069213897921,0.0007069213897921,0.5002007428556681
ChIJd-3rnjD9DDkRh4jC5r1Deec,0.5,0.6669197634328157,0.9997425675392152,0.3337412271600139,0.5002226824835816
ChIJd-ZjPh_7DDkR1oqGuo5VE1E,0.9997674226760864,0.5,0.0001894433808047,0.9996659755706788,0.7480646719413926
ChIJd0OgBToZDTkRhlQmthdje-Y,0.9998801946640016,0.9998701214790344,0.5,0.5,0.9998753468195597
ChIJd0ioAMQbDTkRQVSbRjEe7WY,0.0064652021974325,0.0064652021974325,0.9991416931152344,0.5,0.751512588467449
ChIJd0vHMCweDTkRayozzfX4sGc,0.999706208705902,0.9998094042142233,0.999706208705902,0.5,0.9998170336087545
ChIJd4yhs0LjDDkRl-UgerNidgU,0.9998247027397156,0.9995176990826925,0.9998724460601808,0.5,0.9995981156826019
ChIJd5LhshIDDTkRPxoMyHG_tgA,0.0006099080783315,0.0006099080783315,0.0006099080783315,0.0006099080783315,0.666782628686633
ChIJd5cZPc8aDTkRE1xpc6mQ0Sg,0.0005089055969922667,0.0002033327327808,0.0007747145136818,0.0002033327327808,0.011059663200285232
ChIJd6482AwFDTkRIzkWAxQEfIw,0.0007809523764687,0.0007564832339994,0.0007564832339994,0.0010917930630967,0.0010917930630967
ChIJd6srbPEdDTkR7DweAzHQPI4,0.0006710368470521,0.00030862219864495003,0.5,0.0006184157876607667,0.0005762069874132
ChIJd877ErcBDTkRSFMpmZaG98k,0.5,0.5303473733365535,0.5,0.5,0.9998693466186525
ChIJd9sdC4MHDTkRtaltQYd0h2s,0.5,0.0007850216061342,0.0009627499384805,0.00045378624054135,0.0003002792072948
ChIJdQZbs-EXDTkReLc3La1x-IU,0.5,0.5,0.5,0.5,0.5
ChIJdXE5kq8ZDTkR3XRcDlA5Alk,0.5,0.6663143354380736,0.9993590116500854,0.5,0.0002078134202747
ChIJdXj1neQBDTkRe6C6ogZuxoU,0.33383396791759873,0.00080972205614665,0.5,0.5,0.6667005371224756
ChIJdYAAxLTjDDkRRUfNdj8TTyc,0.9997009634971619,0.9997903307278951,0.9997736215591431,0.5,0.9998515844345092
ChIJdZJtxyIVDTkRIE66YtbuTXM,0.5,0.9998898506164552,0.5,0.5,0.5
ChIJda6QOks8DTkRSYPBnAZZFs8,0.9998584985733032,0.9998730023701986,0.5,0.5,0.9998695850372314
ChIJda712aMDDTkRHVw3A7xAp0Q,0.9998012036085129,0.5000590499403187,0.999853104352951,0.5000310059549519,0.9998599886894226
ChIJdaJqbSgdDTkRiKTTCgl1KSk,0.0002135323593392,0.00031276858499035005,0.0005186688213143,0.0003458473268740667,0.00031276858499035005
ChIJdad-SAQBDTkR6-Y1PIrL3Tk,0.5,0.0002945661350773667,0.5,0.0001985314302146,0.000293098441034025
ChIJdb2nSwwZDTkR_qFicz-CfPw,0.9998810291290283,0.996009349822998,0.9921922981739044,0.9998264014720917,0.9947243134180704
ChIJdc7B-KMHDTkRNozX6LADra0,0.0003184330998919,0.0002802369053824,0.5,0.0224734805524349,0.0010161675842633334
ChIJdwQosSwhDTkRemMOwhgmgNM,0.5590755306184292,0.5002543068258091,0.9995277225971222,0.5,0.9994342029094696
ChIJdx3KI4vhDDkRjBieM5ZC8sI,0.9998713135719299,0.9922145485877991,0.9807299077510834,0.5,0.9903012961149216
ChIJdy7ZET3cDDkRwzZ86bC0Ick,0.0012128013186156333,0.002695667091757,0.0005169629002921,0.0005169629002921,0.500199294037884
ChIJdz8Zakw8DTkR_K7vS9toFgA,0.999861478805542,0.999861478805542,0.5,0.5,0.9998319745063782
ChIJe-euBg79DDkRqrpZ5Pzm8Qw,0.0003646896511781,0.5000667416170472,0.0003646896511781,0.9994538426399232,0.00036354947951615
ChIJe0aRQU_jDDkRiANhTaAQknI,0.7500180210190592,0.9998596906661987,0.999831348657608,0.9998750686645508,0.999841034412384
ChIJe0xCk5bdDDkR666iGLVq8iw,0.9998743534088136,0.6667037685886802,0.5,0.9998836517333984,0.7999738621816505
ChIJe1-rNqjjDDkR8ByQ3dve4Pc,0.9996030330657959,0.9996690551439921,0.9977198441823324,0.5,0.9996690551439921
ChIJe1bK-MgaDTkRQq9FTKRnEPU,0.5,0.9998235553503036,0.5,0.5,0.9998707175254822
ChIJe2RlJx0VDTkRrx8Vc-9ASYc,0.5,0.5,0.9997711777687072,0.9998419284820556,0.5
ChIJe2r3TGoDDTkRE13K07ETc9I,0.00035884045064445,0.00030310765335643335,0.0002549055498093,0.00030129623579943336,0.0003244915787945
ChIJe3A-xMkEDTkR1g2PS6vXF5k,0.7499718232429586,0.6666738408772895,0.5000847902847454,0.5000847902847454,0.9998583495616913
ChIJe3MwXDQYDTkRFSLBgYWqUOo,0.9992217123508454,0.5,0.9997939467430116,0.7610312923789024,0.9990382790565492
ChIJe4zp0KMdDTkRm90YLrHBVg8,0.5890664309263229,0.8355526864528656,0.9998817443847656,0.1782505214214325,0.8355526864528656
ChIJe54WwuEFDTkRx2ZedvVZh3o,0.5,0.9998761415481568,0.5,0.5,0.5
ChIJe61PIQ8FDTkRhg9m7cdt9gg,0.274071507883491,0.0008488963649142,0.9997349381446838,0.001387087162584,0.5
ChIJe6wA2_TjDDkR7Ojp3A0uKiI,0.0003065807977691,0.0002919450926128,0.5,0.002622682834044,0.0014646318159065499
ChIJe7gYHwCrDTkR_a-YZabtmog,0.714890991648038,0.9997807145118712,0.9986443916956582,0.7145955512921014,0.6292752477806061
ChIJe921vQz7DDkRAdCP7xbNCEQ,0.4969803970598149,0.9997151494026184,0.9998050332069396,0.9997151494026184,0.9997151494026184
ChIJeQIQJdXgDDkRfhn0uyMOrxQ,0.9998447895050048,0.3533840622258139,0.4119663834571838,0.5,0.5041143135167657
ChIJeS1Ng48BDTkRzKyCcH8fBB8,0.9997674822807312,0.001710275770165,0.5,0.5007068944396451,0.5007388790254481
ChIJeVadFNoBDTkRI6lS8QVv_7k,0.0004179697571089,0.0003878198040183,0.0003878198040183,0.0004481197101995,0.5
ChIJeW9TomIBDTkRLs8ZjvIZbhY,0.9981006979942322,0.5000324363500113,0.5,0.0002518524706829,0.9992612997690836
ChIJeXalCScHDTkRdVQT8zcdM2s,0.0125436345115304,0.5062007685191929,0.5,0.5,0.5001786549109966
ChIJeZFe5kcPDTkRrhgPmHzFA_A,0.5023796055465937,0.5,0.5,0.5,0.5
ChIJebj_xJUCDTkRJTp1RhuuXcI,0.00047840029583305,0.00038192993815749996,0.9991447925567628,0.0003722659312188,0.4997667241987074
ChIJecUTHEUFDTkR29XTbwIDD8s,0.00308515845972575,0.0034914027783088,0.0011414465261623,0.0192972496151924,0.0011414465261623
ChIJed3qvkHhDDkRZz9hwNvIc1k,0.0162735674530267,0.9998458325862885,0.9998655319213868,0.0084586236625909,0.9998521606127421
ChIJed7_0FcFDTkR-gZawBKRXdQ,0.5010532963788136,0.7504243517178111,0.5,0.2013938426971435,0.6672895304703464
ChIJed7uWW4jDTkRqkxrKc2dId0,0.9998753070831299,0.999876469373703,0.5,0.5,0.9998430848121643
ChIJedUlZhz_DDkRt5q5eHsolr0,0.5,0.5,0.5,0.5,0.5
ChIJeeAAHGsFDTkR0f2LZFlwN8I,0.05205921601009318,0.10300112215918486,0.10300112215918486,0.0005347519763745,0.00046930908865755
ChIJeeN3K_M9DTkRbW1ccwdONBI,0.0002214594569522,0.24764955556747725,0.5,0.329628644598415,0.24767610068374768
ChIJefT_XP8ZDTkRD_-feFIklCk,0.9998348206281662,0.9998640219370524,0.9997441172599792,0.9997943937778473,0.99984210729599
ChIJey3atz_cDDkRzaFat-06_cg,0.6665750830822313,0.9992611606915792,0.9990727007389069,0.5,0.9992611606915792
ChIJf-ojjVkDDTkRA5rECogctuM,0.5,0.9998551607131958,0.9916356801986694,0.5,0.9982112646102905
ChIJf25pKZnhDDkRwGJaFMZCYAk,0.5,0.5003352013009135,0.00137717268080445,0.5,0.3341927776151958
ChIJf3Hgsir9DDkRm76px0vVAt4,0.000633499585092,0.5,0.9073503017425536,0.5,0.5
ChIJf4aZlKIZDTkRZvUGFuf-IV4,0.7472496580448933,0.7472743194666691,0.6666734352863083,0.6630766526019821,0.7977731904480606
ChIJf6Yq7tHjDDkR9wn1DIoV_GM,0.5,0.990778386592865,0.9997666478157043,0.5,0.9960955858230591
ChIJf6e9W1IDDTkRjU22Y7Hx3lU,0.0014537243405357,0.5,0.5,0.5,0.0006896811197899333
ChIJf71eU6wFDTkRg91tr_Fx31Y,0.00073366544966114,0.00093560238019555,0.5,0.0006539232805758666,0.0013704075245186
ChIJf7d4Yt36DDkRGKQZ09p4zI0,0.5000668217835482,0.3334480789587057,0.9998700618743896,0.5,0.6666657957830466
ChIJf7tphKv8DDkRN6Kwn9dLpAI,0.23593276258179682,0.5,0.4710255895042792,0.0014900101086822999,0.0014900101086822999
ChIJf89Sw6D5DDkRD8VTYAe8gtE,0.5,0.1339446157217025,0.5,0.5,0.5
ChIJf8BWKED9DDkRo0tNpcGElSk,0.0002445258627024333,0.0002280496410094,0.047311104906839305,0.0002280496410094,0.03172704097232781
ChIJf9AdFZ0DDTkROoUXx6i7QvM,0.7469844791048672,0.7469954314583447,0.5000739341485314,0.9938818514347076,0.749957201158395
ChIJf9JJIkX_DDkRaznuubwpzmU,0.6633942695237541,0.9998624324798584,0.5,0.5,0.5
ChIJfQEtoOsCDTkRZ6-PHF1QCG4,0.999815046787262,0.6666516587817265,0.9995774626731873,0.5,0.7998219803383109
ChIJfQMZakYFDTkRoFBxu-hcf6A,0.0005875498657890666,0.0002521273563615,0.0004418076423462,0.0002521273563615,0.0002521273563615
ChIJfQc6E2MbDTkR60ajQ_TItMw,0.6690737352085611,0.9998373985290528,0.7517478276276961,0.5,0.6667638002351547
ChIJfQoZ9HbiDDkRSibFdAucTrw,0.0002191215316997,0.6666384587539748,0.5,0.0002191215316997,0.7492210008094844
ChIJfRu5zIwFDTkR4eaDE_lLUMs,0.5,0.20005983721057413,0.5,0.0005636638379655,0.0017293145647272
ChIJfRuk03LcDDkRjgXz8GpwXrc,0.9996345639228821,0.6552398111574197,0.9826352894306183,0.9998193383216858,0.6665726608189289
ChIJfSiOnxMcDTkRahjPqJOeN-g,0.9997991025447845,0.5007344912737607,0.7988401703536511,0.7486077463254333,0.7988401703536511
ChIJfUhqA8YjDTkRIhFkg-BOGCU,0.6672084336557115,0.0011545686429599,0.9998737573623656,0.0019161716336384,0.9997971057891846
ChIJfYdgbx37DDkRNqrP_TGtdC0,0.0002605719782877,0.5,0.5,0.5,0.999213933944702
ChIJfZabjD_9DDkR0siMJiwLzR8,0.9983872473239899,0.968899667263031,0.9985806047916412,0.9983872473239899,0.976513147354126
ChIJf_1WQ0H9DDkRRBGIPpYPrC4,0.9487914144992828,0.5,0.9994505047798157,0.9993999600410461,0.9589844107627868
ChIJf_RyNJQZDTkRAVspU3WJK8U,0.9998440742492676,0.9998396833737692,0.9998505910237631,0.9998505910237631,0.9998477578163147
ChIJf_i50DwbDTkRJKI6ATn2HHQ,0.9993808269500732,0.6667770491330884,0.5,0.9997993111610411,0.749920408896287
ChIJfbu6VMgaDTkREnaExmD70RM,0.9998080134391784,0.7496416361100273,0.5,0.5,0.0002089504268951
ChIJfxtgQFYaDTkRwu0tU9lGPGE,0.5004335787380113,0.5007423739880322,0.001005082624033,0.5,0.9998436868190764
ChIJfyoHSjznDDkR1l32qWnDa94,0.0005088876205263,0.0035679494467330502,0.5,0.5,0.3356329456388873
ChIJg301fAMJDTkRf7OGcLE3iAU,0.00056179151579265,0.0008820552029646,0.8591632843017578,0.5,0.0002415278286207
ChIJg4EYhZcCDTkRpG4TeF_9Xtw,0.8125424683094025,0.8123785356680552,0.9998376369476318,0.5,0.9996568113565445
ChIJg4R_9YMFDTkRyOFMO5N_XAk,0.8625339865684509,0.9998226761817932,0.5,0.5,0.8625339865684509
ChIJg6CUT7IDDTkRVgUaYRZF5Ks,0.9998343586921692,0.9998754262924194,0.9998157918453217,0.5,0.8058033507317305
ChIJg6ULUdEjDTkRnQiTUDS_J9s,0.9998494982719421,0.9998526573181152,0.5,0.5,0.9998636245727539
ChIJg7gqCGsZDTkRdaEehmo_1F8,0.5012823157012463,0.33442928744868056,0.9998243749141693,0.5012823157012463,0.6005837461561896
ChIJg95hFcUaDTkRPEIHxlLFqD0,0.0018010546918958,0.0003422822046559,0.5,0.0015537883349073,0.0014192047334896667
ChIJgRHwEe_7DDkRC6q5bpveHsc,0.5,0.9973779022693634,0.5,0.9950561225414276,0.9997536092996597
ChIJgSk2NVIFDTkRfuvFZDMRVkU,0.0943590551614761,0.5011940004769713,0.5,0.0025641163811087,0.9998762607574464
ChIJgSqaay0ZDTkR76AdQCpsw1s,0.9998334348201752,0.9996664166450501,0.9994418621063232,0.5,0.9996664166450501
ChIJgUNQnjTlDDkR1QhrUG9MRcE,0.7502817046188284,0.6671163613985603,0.9998258948326112,0.6670818105728055,0.6004451040411368
ChIJgVaLtj38DDkR9GuM4URH1aM,0.9996574640274047,0.9994325041770935,0.5,0.9997848272323608,0.9996574640274047
ChIJgWst_o4FDTkREBbjHgEZyow,0.999838188290596,0.9998664855957031,0.9997860789299012,0.5,0.9998394697904587
ChIJgXegMZgbDTkRJjWjnK4hf1U,0.500367581640603,0.6667899686726741,0.9997326731681824,0.5003467796195764,0.999753475189209
ChIJgYEW9tHjDDkRY7NOQXZZSTU,0.661167309130542,0.43540622367678833,0.9998089373111725,0.5,0.9998298287391663
ChIJganRVJAjDTkRuq61WMKx4NQ,0.9998074531555176,0.9997775554656982,0.9997915625572205,0.9998433589935304,0.9998455941677094
ChIJgdyQHisbDTkRlN7jaSGm6Zw,0.5,0.00027557920839165,0.0002565523027442,0.5002217020737589,0.6668640673936655
ChIJgePgPlwbDTkRe99VXOPJjJ4,0.9996094107627868,0.9997950196266174,0.0298376269638538,0.0298376269638538,0.0298376269638538
ChIJgfLBXRgeDTkRlsDBRnel4Ws,0.4998881136780255,0.0002920742554124,0.0002269262768095,0.33335610053715453,0.00024052663745043336
ChIJgfNsgx3iDDkRVYjia-ScBMI,0.00023850123398,0.9998655915260316,0.9998556971549988,0.00023938944650575,0.5000460561132059
ChIJgyqMzGPnDDkRQ20lUOXLQO8,0.9997753500938416,0.7499305295714294,0.9997922778129578,0.9998285472393036,0.9998051722844442
ChIJgz8jSOYZDTkRkPmx_o9V6-M,0.999643087387085,0.9997729063034058,0.9997841318448385,0.999800145626068,0.9997489303350449
ChIJgzemOSMBDTkRxeLIHSnwjds,0.9972455501556396,0.5001502638333476,0.5,0.5,0.49964280144195067
ChIJh-mR3oYFDTkRrvwH-wGgU5I,0.9948742985725404,0.2503152896097163,0.5,0.000310618779622,0.00051950945635325
ChIJh11bAXrjDDkR9tb-KG0AsUU,0.5004125891427975,0.9977993369102478,0.9987894296646118,0.5,0.3340622859929378
ChIJh2pGUIICDTkRZPwKRwgklls,0.7499285135272657,0.9995556175708771,0.5001238472468685,0.5,0.7498518768552458
ChIJh3MXlKUjDTkRo6ibACe4IOE,0.00059973099268965,0.0002431994653306,0.0014810534776188,0.0011271665571257,0.00059973099268965
ChIJh45apMkfDTkRsVm3VhUXE74,0.9997393488883972,0.9990196228027344,0.9998633861541748,0.5,0.9997677803039551
ChIJh56SAIDdDDkR9NSPmd20Q0c,0.6666697531569904,0.5,0.5,0.5,0.5000696263014106
ChIJh58T-3wHDTkRAf1MFbIVc2Y,0.5,0.002201655646786,0.5,0.002045786823146,0.5008959250990301
ChIJh5Fhbsj7DDkRVWFOMmVGyy8,0.0003502916079014,0.0007866853557061,0.5004098289646207,0.0007866853557061,0.0012681078903066332
ChIJh7ypMCkZDTkRa9qZat_uAfQ,0.0005724724032916,0.5001289656211155,0.9998893737792968,0.5,0.5010801061289385
ChIJhWenoXoZDTkR8_pA7WnKEAk,0.49740725135779945,0.6648880201973952,0.5,0.9943133592605592,0.5000464822514913
ChIJhZ5e-RYHDTkRUj9TQ7kXtYA,0.9998658895492554,0.9998546242713928,0.5,0.5,0.99985933303833
ChIJhZ7D7lLnDDkRW1iGj1Y99cw,0.5003495001292322,0.5,0.9998394548892975,0.5,0.9998595714569092
ChIJh_S5sis9DTkR1oUaarU1OPk,0.99985671043396,0.9998499155044556,0.999835968017578,0.5,0.999850869178772
ChIJh_fvpJ0fDTkRUtRf7hTB600,0.25040479385643266,0.25040479385643266,0.7498603165149689,0.25040479385643266,0.5002258743431108
ChIJhbQ2bW8ZDTkRgB6pJDAyXXc,0.666705763200298,0.500119918375276,0.9998655319213868,0.5,0.9997684359550476
ChIJhdCGIFUdDTkRzJqaue3kFuk,0.5,0.9794892966747284,0.5,0.5,0.9990002512931824
ChIJhe3AYQAbDTkRNLVRMwA8VFI,0.5,0.5,0.5,0.5,0.000429037871072
ChIJhe8U-lo_DTkRUQkm2haPpZ8,0.5008984392043203,0.5,0.999858021736145,0.5,0.5008984392043203
ChIJhfP0934DDTkRb0xgy-Wsucs,0.7499578101778752,0.9998507499694824,0.9998507499694824,0.5000639167119516,0.9998389681180319
ChIJhzHamC_iDDkRkUSrm3hnORw,0.9996468623479208,0.9998012483119965,0.9998085796833038,0.5,0.9998219609260559
ChIJi147UAAVDTkRWcXTa5zs4h4,0.9998655319213866,0.9996965130170187,0.999847650527954,0.5,0.9998655319213866
ChIJi154BwIFDTkREjsPJCSV5O4,0.00054747636022505,0.5,0.5,0.00050501010264265,0.00103432580363
ChIJi16N4ZT7DDkRVvNyN9qevRM,0.0005176739650778,0.0002450945030432,0.5,0.5,0.5062399939633906
ChIJi2vT-3UcDTkROnoFPdqD-bA,0.0006999578836257,0.33366361636338593,0.2512250241379661,0.0001861282944446,0.0001861282944446
ChIJi4GTF0H7DDkR25QXfXu1Uac,0.29575754181132646,0.4420079819246893,0.501188835944049,0.5,0.6289246621696899
ChIJi4RsIRvnDDkRz11cKiGwPMU,0.0004360621969681,0.0004382111364975,0.5,0.0004382111364975,0.0003523701889207
ChIJi6ULd0sDDTkRFFLZ17omh6Y,0.4922842891210166,0.48453544502262946,0.9683758616447448,0.5,0.0001870254491223
ChIJi6djbFgaDTkRSlSm1pL_cEI,0.9998710950215658,0.9996919631958008,0.6665852371952496,0.9998660087585448,0.6667643690210147
ChIJiRsZjhfjDDkRh-Hz8soazjI,0.5020267420914024,0.5020349675323814,0.9996784329414368,0.9997369945049286,0.9997113943099976
ChIJiTGgzpkCDTkRfjZ2Ar8ZSBU,0.6665165499434806,0.5976233970257454,0.9998236298561096,0.4999802424426889,0.7469364162971033
ChIJiWLtVqP_DDkRLHUVE9GVOMo,0.5,0.5,0.5,0.5,0.5
ChIJiZo7fRYBDTkRiTXIZN7ndcM,0.9989834427833557,0.5,0.9991000890731812,0.000729808176402,0.799332715861965
ChIJia8n1w7jDDkRB1hLFYhbDH4,0.00226285753888075,0.0025362819627237332,0.33456184724733856,0.0015423157213565665,0.999858021736145
ChIJicRbzksFDTkR6DUl_93l5Uk,0.6683804118074477,0.0007247314206324,0.7511939051328227,0.33536004211055115,0.7498711790976813
ChIJidaezV_dDDkRnRpQRPzREZc,0.9997766613960266,0.0003135165898129,0.9997891783714294,0.0003135165898129,0.5000166320969583
ChIJifxgusrjDDkRyhoJd8vFkWI,0.0014517049906620002,0.0005495616205735,0.4033994220662862,0.4020839967415668,0.00048007823352235
ChIJix1ZFWUYDTkRrJMXkJIv9mk,0.9998559951782228,0.999858856201172,0.999710738658905,0.5,0.999862790107727
ChIJixLvaq8HDTkR3a-ToyPGxt8,0.3982968198135495,0.0013431085972115,0.9926984906196594,0.0010352929821237,0.6633650982985273
ChIJixN4GUv9DDkRyd_Iu--GXgU,0.0011271632877954,0.5176938027143477,0.5,0.0016102141235023,0.5176938027143477
ChIJixO9pSwfDTkRnBicOK6DA54,0.9998675584793092,0.9998675584793092,0.9997745156288148,0.5,0.99983682235082
ChIJixXicdkPDTkR2UeugUm5oMQ,0.5,0.5,0.5,0.5,0.5
ChIJiyN1kz8bDTkRA2ud_zDRLqM,0.0008523131546098335,0.34046115016099066,0.0014885757118463,0.33400956079519045,0.33361397523549385
ChIJiz6C02gYDTkRQyDPMavhpE8,0.0024548594374209,0.5,0.5,0.3279407067263188,0.5
ChIJiziWrzAbDTkRdIPNjwNfI-o,0.9998588263988496,0.9998704195022584,0.9998709559440614,0.5,0.999856472015381
ChIJj0IpArTeDDkRBg2UFCSt5DI,0.5,0.5,0.5,0.5,0.9998214840888976
ChIJj1OudT0CDTkRtj84wg-cCE8,0.0011236373102292,0.22212544886860996,0.5,0.5,0.0021637319587171
ChIJj2CkiW7jDDkRtk7vqwXeRTw,0.0031600161455571,0.9874249994754792,0.9990331828594208,0.9982286095619202,0.9993161161740621
ChIJj3OjmdKtDTkRvWh_wE1co6E,0.5003281366662122,0.0056669698096811,0.9887717366218568,0.5302173271775246,0.9887717366218568
ChIJj3VBHVABDTkRbJf3b-WvsDs,0.5,0.999583899974823,0.5,0.999583899974823,0.999729057153066
ChIJj5WWowbkDDkRZeORbR-RCbQ,0.0007519310020143,0.0002626421919558,0.5000225724215852,0.9997994303703308,0.35538294473856996
ChIJj6f6_j8YDTkRRjtc27zzXbg,0.5,0.33363241919141723,0.5,0.0002429401356494,0.4673754495997855
ChIJj8YORkcFDTkR94RXl2cn8tE,0.5,0.5,0.5,0.5,0.5
ChIJj9ohA_sZDTkRzpldRlEu7O8,0.9998018741607666,0.9998490810394287,0.9998549620310465,0.9998314380645752,0.9998490810394287
ChIJj9wYgTDjDDkRVGwv1YerDGY,0.5000283805566141,0.9982926249504089,0.9987144470214844,0.9978708028793336,0.9988358914852142
ChIJjRnSLIwfDTkRSeSzIDKDY_s,0.9998644590377808,0.5077977431938051,0.9978103041648864,0.0061411298811435,0.0061411298811435
ChIJjSsoDJj7DDkRUNvExHCukF8,0.5,0.5,0.5,0.0011256509460508,0.5
ChIJjTVekIr9DDkROSy1R9mJXRc,0.0005472070527805667,0.0003899172879755,0.0003899172879755,0.5,0.0001960111985681
ChIJjU2t8HIBDTkRxUapQdDtARk,0.9993175268173218,0.9993175268173218,0.5,0.5,0.0015124299097806
ChIJjWa5JFAPDTkRDAWNgAmRllc,0.0004745549813378,0.5017974394213525,0.007581079378724,0.5,0.5017974394213525
ChIJjXIMuls9DTkRhBhavLC_ajo,0.9997179905573527,0.9997408092021942,0.9996508955955505,0.5,0.9998205304145812
ChIJjYjbl0gbDTkRCrRAMjT45Yg,0.0002738180046435,0.39251419710732677,0.5,0.001634618078242,0.5000934786366996
ChIJjayGAQAFDTkR_tXrPD-6ou8,0.9998242259025574,0.9996963739395142,0.5,0.0029459786601364,0.999748686949412
ChIJjdR7GgEDDTkRk1PVg8rr8dE,0.5,0.6689001278330883,0.5,0.5,0.6666847478869992
ChIJjeAJQbbdDDkRRcIeFMXXeRo,0.24520739026775115,0.5,0.5,0.9880732893943788,0.5
ChIJjeWqzSkdDTkRlyfZf8SJ0X0,0.00055637308105355,0.00043836179247585,0.5,0.001730421427055225,0.00055637308105355
ChIJjxDREmjhDDkR_q86XhG-KDE,0.7508458938682452,0.5,0.5020306103397161,0.0042853937484323,0.7508590366924182
ChIJjyeFQCMfDTkRJuuH8AyC5YE,0.6621215332173355,0.7470850638019328,0.49446782300219644,0.49446782300219644,0.6665470390144037
ChIJk1V_b6MdDTkREBke9zUcepg,0.5,0.5,0.5,0.0003543875063769,0.5
ChIJk2gHn-nhDDkRuZScc5-PY8A,0.9994152784347533,0.950227677822113,0.6513628177344799,0.5,0.7907542355358601
ChIJk4WvZ3DjDDkRZ9zZPlkz7RU,0.5013373577094171,0.5,0.4999823396210558,0.2514604027965106,0.668187506031245
ChIJk4_wGzL7DDkR7ryPrhtrJuw,0.0007413458661176001,0.5,0.6665829652920365,0.5,0.9993337988853455
ChIJk52GIJUjDTkRFLn_-Jkhn3Y,0.0013427780019506666,0.0033067851327359,0.9998784065246582,0.0033067851327359,0.994986891746521
ChIJk5n5hwb7DDkRRzu4ZFp60dg,0.0002916650119004,0.000218239147216,0.5,0.0005637873691739001,0.0003650908765848
ChIJk8AAxBEFDTkRijYHy1lzdPE,0.3371768179058563,0.9997898936271667,0.0003239935322199,0.49992465107061435,0.6666337591304909
ChIJk8P9dub_DDkRontArtZB6bw,0.9997146427631378,0.9997408787409464,0.5,0.5,0.8001198505749926
ChIJk8qoSVIDDTkRAEGQnmvB3wY,0.9990617434183756,0.9988547960917155,0.9990725070238113,0.5,0.9990779995918274
ChIJk93LUHsFDTkRUXPXSpxy6eE,0.0002190202212659,0.5,0.5,0.5,0.00115949947939945
ChIJkTyoKUkVDTkR8L5-ZWny4t8,0.9998620748519896,0.9590306878089904,0.9794212579727172,0.9794473946094512,0.9998369514942168
ChIJkUS0a7hrDTkR8_OhQzGLVjE,0.5,0.5,0.5,0.5,0.001931531005539
ChIJkVM5FkgYDTkRPZkgLsmOLLE,0.6691080903013548,0.7507178039522842,0.9994890987873077,0.5,0.9994081556797028
ChIJkVWZhsvkDDkRBjzrN61i9fQ,0.999168872833252,0.2503951036524086,0.4997020390655962,0.5,0.0006578357473092999
ChIJkZedEMjiDDkRUK5PW7ktwd4,0.9927340745925904,0.9140086531639099,0.892562985420227,0.8591726223627726,0.892562985420227
ChIJka2EkL3lDDkRFeu9Eghc8xU,0.4939279016107321,0.0020586750470101,0.0035893432796001,0.5,0.6620623238074282
ChIJkcJp03YDDTkRH88qPNzHLkw,0.9816407561302184,0.8508359789848328,0.9998767375946044,0.5,0.9953164905309676
ChIJkf5hPkEcDTkRkw-x73G9OyM,0.0003300359579346,0.5,0.0003531214606482,0.5,0.00031964578374749997
ChIJkfHo0wEbDTkRUlBuTJv40mE,0.027493512859412705,0.02061723046790568,0.0810576528310775,0.0008592640515416,0.0810576528310775
ChIJkfmYCz_nDDkRl-e30Xfjyuw,0.5,0.33346043997153174,0.9998406171798706,0.9998260140419006,0.25058957733926945
ChIJl-ab2zzdDDkR3F9f6h1Sy4U,0.0001864793011918,0.49994430941296736,0.5,0.0001864793011918,0.00038641504943364997
ChIJl-fnJmXnDDkRI72MNPOzSFA,0.9997866551081339,0.9998706579208374,0.5,0.9996289014816284,0.9998299777507782
ChIJl0GK5hX5DDkRotk6Zj4Dd1M,0.9997395873069764,0.5,0.5002376636548433,0.9986257553100586,0.5002376636548433
ChIJl0LO2F_dDDkRdoKJO5-Xlpw,0.0005363901145756,0.0049836649559438,0.5,0.0005363901145756,0.0004210114129818
ChIJl0oXUXPjDDkRr7CX9nQK4Hk,0.9997843503952026,0.5,0.9997791945934296,0.9998197257518768,0.9997994601726532
ChIJl3iEtgsXDTkRiPiStrNCuOo,0.9998253981272378,0.9998441636562347,0.5,0.5,0.9998393654823303
ChIJl6486XvhDDkR4B-ArwFX0Ak,0.5000634568132227,0.6666469115007203,0.5,0.5,0.7499060818154248
ChIJlQfy8_r5DDkRsSOPE7yCfw4,0.5,0.43751348706427956,0.9363757073879242,0.5,0.9997804760932922
ChIJlRIZ9jv_DDkRp05iJfLCywQ,0.5,0.0002175269910367,0.5,0.266129001895024,0.0002175269910367
ChIJlSDVKPIbDTkRFxNNJseitTI,0.5,0.5000562567583984,0.0002017107035499,0.5497395992279053,0.6997867425282797
ChIJlTs8-VIZDTkRsrFfQNWP92U,0.5,0.5,0.0003981083282269,0.0003981083282269,0.7499442569824168
ChIJlU7xMJ4dDTkRS-CEa9X7JHw,0.0004245778894982601,0.0001964672119356,0.5,0.00041058093969083335,0.00040750441257835
ChIJlVva8wIDDTkROmiajVKodCw,0.0011448372194232668,0.0006046365500272,0.0019015261204913,0.00038383439823515,0.0008404360909480199
ChIJl_0cXHwZDTkRFz_CkZcrn-I,0.0004629106939925,0.2501628593090572,0.5,0.00056693586520845,0.0006837219407315999
ChIJl_6HRQwZDTkRxKFsmlnUHXY,0.0002935936208814,0.0002982375784388667,0.0002050700422842,0.0002456895308569,0.5000715097266948
ChIJl_cOl7gPDTkR41IRTkO4u-I,0.99968421459198,0.9998558759689332,0.5,0.5,0.999708354473114
ChIJlauOOPLnDDkRAsLWG3XzNmg,0.25041546560532874,0.5,0.9981517195701599,0.5,0.49861530057387426
ChIJlbip0PAdDTkRf4CfOJtwHZI,0.3334165201037346,0.0001971401943592,0.9966182112693788,0.0002080984704662,0.2493007918783405
ChIJld5jYJgCDTkRDRSGiGrG4H0,0.9998326003551483,0.998721182346344,0.9991081357002258,0.9992034633954366,0.9998286664485931
ChIJlyMMChcHDTkRR-fZqsAQqLc,0.0012106632396656,0.0001975996565306,0.5,0.0093523395141043,0.5
ChIJlyWNs-T9DDkRLPAb1o0WNH0,0.0044270833022892,0.5000382823127438,0.5,0.00021913323871555,0.334834549309259
ChIJlzKkDmkFDTkR741uQY0UNgg,0.5,0.9998821020126344,0.5,0.0006307822186499,0.5
ChIJm-_MRdgJDTkRaZlhQn1wdRo,0.5,0.5,0.5,0.0002012767072301,0.0002012767072301
ChIJm053GEI-DTkRwKJuNdfAyLw,0.0002642081235535,0.9998639822006226,0.99704247713089,0.5,0.5015340191312134
ChIJm0ebk2OpDTkR1k5tqktw8bg,0.0003479290753602,0.0017085025319829,0.5,0.9965477585792542,0.0017085025319829
ChIJm0qIOasjDTkRA453tuikBoQ,0.8331701556841532,0.7498498558998108,0.8998123168945312,0.8748364001512527,0.8998123168945312
ChIJm1rJ0aEZDTkRC_bc4i_rPyI,0.754468689362208,0.6318318694829941,0.2638624012470245,0.6318318694829941,0.6666707258943158
ChIJm1yegN_iDDkR2RLLVNyqbZ4,0.9980605244636536,0.9992463986078898,0.9989685714244843,0.9980605244636536,0.9998201926549276
ChIJm25SwA3kDDkRyLG31HJqNq0,0.3336132593685761,0.0006250780425033999,0.9994985163211823,0.5,0.0006250780425033999
ChIJm3CI3S0ZDTkRAUh7BLkoMAg,0.5001171792391687,0.5001171792391687,0.6663977679175636,0.998952865600586,0.6667008774044613
ChIJm5rPtlGrDTkR8sMpKe-1YS4,0.9998468160629272,0.6666556645456391,0.0035444698296487,0.5,0.6677556502011915
ChIJm6x4_EL9DDkR-nogAnARs0Y,0.6666343030422771,0.001150454612798,0.9996349811553956,0.4999291193380487,0.9996349811553956
ChIJm8VGkugYDTkRs--928cKH1s,0.999697357416153,0.9997699856758118,0.9998531341552734,0.5,0.9997743666172028
ChIJm98tDSYHDTkRa_L9K5npxF8,0.5,0.5,0.5,0.5,0.0003684809344122
ChIJmQYnvXEEDTkR0r7CgDsyI6Q,0.9997825026512146,0.0002023417182499,0.5,0.9997825026512146,0.5025640246458352
ChIJmTB5HzUZDTkRTBavRM5qJO4,0.9998212655385336,0.9997906237840652,0.9997928738594055,0.5,0.9997964859008789
ChIJmTJKjpsCDTkR1STz4I0smpo,0.9998186528682709,0.5002494227155694,0.5,0.5003355363733135,0.6001521524798591
ChIJmWEg6snjDDkRKh3js-UGjvs,0.000332256895489925,0.00031050063262219997,0.996505856513977,0.00031050063262219997,0.5
ChIJmY1WY2gBDTkRsmGgG-zn_90,0.6664421449531801,0.9994127452373505,0.5,0.5,0.9992201626300812
ChIJmZQOztIdDTkRP7F2TwIcXdg,0.9998397827148438,0.9998638232549032,0.5,0.999797523021698,0.9998638232549032
ChIJmZbL1DwBDTkRTUDCMOLJz6s,0.6664747373530796,0.5000476801797049,0.4998400769691216,0.9997844099998474,0.3332743581365018
ChIJm_hMGRjjDDkRypFWdaJKIic,0.05001915546987823,0.0005031758337281,0.10807491878222204,0.2822422087192535,0.05001915546987823
ChIJma0ObAsFDTkRevQdGGCNZEQ,0.00075004686368625,0.0002389699075138,0.00031346611649495,0.0002728592080529,0.0006223852658876599
ChIJmaiOGEo8DTkRRhZyisMfsrA,0.99982750415802,0.9996654987335204,0.976150115331014,0.9643653333187103,0.964311420917511
ChIJmb7NnTHlDDkRlv2WNrp3Wio,0.49991379039420275,0.7498905552274664,0.5,0.9997465312480927,0.999732106924057
ChIJmbKGWigZDTkRnFzstL8pzNQ,0.9998190104961395,0.9997901916503906,0.9997570514678955,0.5,0.9998190104961395
ChIJmdMbDOMFDTkRLZQSShdTEFw,0.660292632644996,0.5,0.999847412109375,0.5,0.9998459815979004
ChIJmfR1D3gVDTkRA0J2rv-VB9M,0.9998559951782228,0.5,0.5,0.5,0.9998510777950287
ChIJmfptjLIYDTkRxeYtk28uQ4U,0.5,0.5,0.5,0.5,0.5
ChIJmfuSlfUiDTkRvusb7g244DQ,0.9996755123138428,0.5,0.9996755123138428,0.9996755123138428,0.9996755123138428
ChIJmxMf1OUZDTkRIJSsusHos68,0.799942185654072,0.9998789628346761,0.999877413113912,0.9998842477798462,0.799942185654072
ChIJmyas5kQfDTkRq1YVNY1ULj8,0.5002569839416537,0.9998513460159302,0.5,0.0006833642837591,0.6665978819170656
ChIJn2NM8QP9DDkRe7eRmvljE_4,0.9997361302375793,0.7478277917543892,0.9952479898929596,0.9997361302375793,0.7982224771054461
ChIJn31IGhI9DTkRkFdkJCaQLms,0.999805986881256,0.9989249110221864,0.5,0.0007770634256303,0.49985098722390836
ChIJn3sea8bdDDkRBNzpLJa0sM8,0.000271020195214,0.0003039688890566333,0.0003616097092162,0.9915618300437928,0.0001927215489558
ChIJn4Wvaj_dDDkR0OOyRUrFYsk,0.49814495811006054,0.5001450813724659,0.5002702252822928,0.00057218607980755,0.3994876682176255
ChIJn4gzI1ziDDkR9O77oIjkc7E,0.9995093941688538,0.9979939063390096,0.9992504715919496,0.5,0.5
ChIJn7p71dPjDDkRmAbO7nz1zME,0.33291504147443146,0.0032210548306466,0.006215734872967,0.0032210548306466,0.0022539378793832335
ChIJn8LrfyyvJzoRS4k22Vtcxl0,0.9997840523719788,0.9980554382006327,0.9997974038124084,0.9945117235183716,0.9987532496452332
ChIJn8WQdx3_DDkRm_6nU6G55Bc,0.5,0.5,0.5,0.9998563528060912,0.5
ChIJn90fB-IjDTkRa2h_IqLdOBk,0.9997708916664123,0.5,0.9996234178543092,0.9996234178543092,0.9997915824254354
ChIJn9xREaAFDTkR6WxojxfAHQ4,0.0005128752576031666,0.0009392375941388,0.5,0.5,0.0005123767574938333
ChIJnQTKoYYXDTkRU7pRAcKFALk,0.00030547011798863336,0.5,0.0002840225351974,0.00033045993768605,0.00039258965989570003
ChIJnQozcn8_DTkR60f2nzOlM_M,0.5,0.7498461140348809,0.5,0.5,0.999596913655599
ChIJnSdHCZYDDTkR_BE827TPifk,0.07556643897745134,0.07556643897745134,0.225154310464859,0.5,0.25063891526951915
ChIJnSnYFEsZDTkR6NLGDcS6Qvo,0.00031122350871246664,0.0006226715049706,0.5,0.0009804962901398,0.0002152810629922
ChIJnStO6bwZDTkRREJ25WLH6gQ,0.4022314270492643,0.33347218693234026,0.3371160774452922,0.2529043505783192,0.3371961685091567
ChIJnT-yG1cJDTkR5GYKsn2M7fU,0.00180651120899705,0.9998492896556854,0.5,0.00180651120899705,0.9998264908790588
ChIJnTjJeM49DTkRFBa_G4PhaXg,0.5,0.999864935874939,0.5,0.5,0.999864935874939
ChIJnWzx20U9DTkRPxUI9pMRna4,0.00044908731554939996,0.0005350130668374999,0.5,0.5,0.0012784638092852667
ChIJnYoZbzMZDTkRo083db9CdDs,0.33069929863753106,0.3307293530184931,0.5,0.000194517080672,0.19852525239402893
ChIJncDqI14PDTkRUyoZNk0tnt8,0.992884397506714,0.0002558917622081,0.997453490893046,0.5,0.7498641930724261
ChIJnx2GLQv7DDkR4lgOVsS6N6E,0.0059596672654151,0.5,0.5,0.5,0.5
ChIJnxC_F-UDDTkR2a5firDedko,0.0014974859077483,0.5,0.0003178886254318,0.0003178886254318,0.0014974859077483
ChIJnyd0goQCDTkRajFw4m1a10A,0.5003189447161276,0.5003189447161276,0.9997677206993104,0.6657958032446913,0.5000228840508498
ChIJnz7FD6b9DDkRAwrb4dvt8Xw,0.5,0.5,0.5,0.5,0.5
ChIJnzfZxyH9DDkRB58ZTRYEcpA,0.5,0.9989443421363832,0.5000659912475385,0.0014035224448889,0.9989443421363832
ChIJo0kq50oDDTkRW31gcMJK4TY,0.0003102571354247,0.6623326987222148,0.9993038475513458,0.9876499772071838,0.9876499772071838
ChIJo4rzGLDhDDkRhQ81ZlWwock,0.9997864663600922,0.5,0.9998437166213988,0.99963907400767,0.9997269630432128
ChIJo7kBM2ocDTkR2TXLzP1eBUk,0.7693645060062408,0.8461828629175822,0.8410829504330953,0.5,0.880775049328804
ChIJo8imMzXjDDkR491FFKkskUk,0.3345765972238344,0.0007950454601086,0.5,0.0007950454601086,0.40071118619525803
ChIJoRD2ulIbDTkRSe133WMqhaI,0.9997254014015198,0.49973778343701264,0.0002956671814899,0.49973778343701264,0.9994864165782928
ChIJoUDVS4MZDTkRqZ1d-JC_LcA,0.5,0.9998602867126464,0.5,0.5,0.6675679096952081
ChIJoUe5i936DDkRrglOagh-Tcc,0.0002067094465019,0.0007387896815392333,0.5,0.0002067094465019,0.0004628649985534
ChIJoVz4DZ2lDTkR10wvXvxoI6U,0.5,0.9998738169670105,0.5,0.5,0.999859631061554
ChIJoX0kXzAXDTkRppuT4Y98D3U,0.998944103717804,0.9994437098503112,0.9994162023067474,0.5,0.9994437098503112
ChIJoXCAC4UCDTkR74kNa9O7gqI,0.7984262009461721,0.9997631907463074,0.9998452663421632,0.7985066076119741,0.8487803414463997
ChIJoY6Dp7cfDTkRzEdiSCB7ErA,0.9994739592075348,0.7500676096533425,0.0014656905550509,0.9994739592075348,0.6669635217792044
ChIJoYZHA4UHDTkR0NeUuFoc3XQ,0.5,0.5,0.5,0.5,0.5
ChIJoZy0FF3dDDkRDl0o6XjtTAQ,0.0002176593552576,0.3334750404270987,0.5,0.5,0.9997880756855011
ChIJo_EVHzH7DDkRq0dEqPdaQ04,0.49896255997009564,0.3327990872882461,0.9935348033905028,0.5021345403511077,0.00243122923711775
ChIJochkDJkBDTkRF4kn2GTWRng,0.5000383668375433,0.5000623875093879,0.5,0.5000102816557046,0.25013910687266616
ChIJockhMFI_DTkRlyEKfQmbwZU,0.9998700618743896,0.999863862991333,0.5,0.9998700618743896,0.9998700618743896
ChIJoe00oYwBDTkR88z2B2LfPpE,0.5,0.5,0.9979241490364074,0.9985495209693908,0.49938832222687773
ChIJowM_upkCDTkRtKfuVBhKgdw,0.8926815390586853,0.9728830009698868,0.5,0.9998685121536256,0.9728830009698868
ChIJoxaOpRD_DDkR2BsvcBL4zdw,0.5,0.0008513578795827,0.5,0.9996429681777954,0.9996631145477296
ChIJoxuvkn_hDDkRxd31OthoEt8,0.5,0.0015800760593265,0.5,0.00161308672977605,0.0007353396455679
ChIJozZZLu0fDTkRC6DaaoQIvf4,0.5,0.9998672008514404,0.5,0.5,0.5
ChIJp-rZp14LDTkR1a6LE5urPXE,0.0022567892447113,0.3337002686942772,0.0022567892447113,0.5,0.00065444294887125
ChIJp0gsI8YVDTkRta54FAmE9x4,0.5,0.0003406403993722,0.5,0.0007058503688313,0.0004538735593087
ChIJp1raBtP9DDkRj02Yk5kcBcY,0.9998666048049928,0.5000089270361059,0.999741792678833,0.999847710132599,0.5999804625898832
ChIJp4vc-_IHDTkRb_HfVWOCbec,0.0003144376387353,0.9994025230407716,0.5,0.5,0.9994903802871704
ChIJp5HEBvEbDTkRUZfbGY7nZsE,0.9991321365038554,0.7480550655454863,0.9930549263954164,0.4973262744606473,0.9976128339767456
ChIJp6MyJTcZDTkRGFrLyjljPJk,0.0009395481320098,0.5003862083540298,0.5,0.0009395481320098,0.9989348649978638
ChIJp6qq6tofDTkRxTTgVXrcTZk,0.5004610741743818,0.5003344178549014,0.5,0.0008777499897405,0.0008477652445434999
ChIJp77fqcAdDTkRI_xm4ZpmmOU,0.07976405292477763,0.999857485294342,0.2386043816804886,0.2386043816804886,0.4129618800555666
ChIJp7nlOVIPDTkRwHE6DmPJcVU,0.5,0.5,0.5,0.5,0.5
ChIJp8uY-tEPDTkRouDrF1aZ94A,0.9991497993469238,0.5,0.996871292591095,0.6675664524858197,0.5
ChIJpReYhpb7DDkRSU_AvVk7Vwk,0.5,0.5,0.5,0.5,0.0004341282474342
ChIJpRwQWB6rDTkRxLYyRyYlOo4,0.5,0.5,0.5,0.0003833477094303,0.0003584471996873
ChIJpTcilaQ9DTkR5_-YMDv8bCY,0.000379176919523125,0.5,0.5,0.5,0.5
ChIJpTgCIZobDTkREstZmkWNvdE,0.9958924353122711,0.6634637343619639,0.9919662475585938,0.5,0.6641591020161286
ChIJpTozLlOrDTkRpgHOFA2GJwQ,0.5,0.5,0.5,0.5,0.5
ChIJpV-ywbQVDTkRqWm6FgM6WCM,0.5,0.5086046613287181,0.5,0.999887228012085,0.999887228012085
ChIJpX4ZcV4DDTkRd-eCiR8vt7E,0.41786085193355876,0.0028427101206034,0.5014762619975954,0.2358049303293228,0.25185359520837663
ChIJpXzVXgD7DDkROTg2qZrmdZE,0.2520029878796776,0.5001109492441173,0.5001109492441173,0.00131678045727305,0.00397149295895355
ChIJpaO1QngdDTkRH43WFRC6rSA,0.9943214654922484,0.32087182113900775,0.48107309565239115,0.489218346607231,0.3914543989871162
ChIJpdaR5mQHDTkRNN_caaPvuOs,0.006944680368178466,0.0007747334821033001,0.0013130389852449,0.5,0.25485576201026555
ChIJpdqtbN8jDTkRmuU5UArPQn0,0.8322873711585999,0.3378966758415723,0.22618644533213225,0.3332638354622759,0.6671775719538952
ChIJpfgC7NwFDTkRHExGxyfrvek,0.0002033304044743,0.5,0.5,0.00032627624023,0.3515337018907303
ChIJpwL5yooFDTkRP-ehRCXFN38,0.9998553991317748,0.00019851008255495,0.5,0.5000205887045012,0.3334193191258236
ChIJpwfcnIsdDTkRozATce4XjIU,0.5001292005908908,0.6006243272975553,0.00177187829103785,0.0031305025331676,0.6676161113816003
ChIJq0A_wPYbDTkRnV2bk_7Fzfc,0.9998823404312134,0.9998793601989746,0.0029819440096616,0.5024939454160631,0.999880850315094
ChIJq30zq979DDkRSrt4pkT7aSM,0.6664855421792405,0.9991907874743143,0.9991907874743143,0.5,0.9996799230575562
ChIJq3VR8w3_DDkRPICGVj8ny_I,0.9987975656986237,0.0058175316080451,0.5,0.5025788838975132,0.9985312223434448
ChIJq5SJS2YfDTkRQUWOxyoaoOE,0.6666511835064739,0.0024645590456202,0.500090947956778,0.5,0.6008811220992356
ChIJq6q295cCDTkRHSmPwMHZeCk,0.043874299444723805,0.6666926731122658,0.5410413518548012,0.0871727615594863,0.665086566354148
ChIJq6qathkdDTkR-mtwPPIV2C8,0.9373981356620789,0.6250719861515487,0.5000415796530432,0.9997950196266174,0.9373981356620789
ChIJq6qq6pMCDTkRqTr-63N3wDg,0.5,0.9998458623886108,0.5,0.9998602867126464,0.9964930415153503
ChIJq6qqatPgDDkRZcvXKuNHJ0M,0.9958076477050782,0.6647381546208635,0.9958076477050782,0.9939422011375428,0.0004891640273854
ChIJq6qqp2r9DDkRJyXBgGO3brI,0.20043964980868623,0.0002497587993275,0.5,0.9998480081558228,0.9998480081558228
ChIJq6qqp2r9DDkRR7me8ggUY5A,0.999524474143982,0.6664945222825434,0.5,0.0201710686087608,0.999524474143982
ChIJq6qqqg3cDDkRcNh5dl8gb9c,0.9998724460601808,0.6666482380339099,0.5,0.0002316508616786,0.7499519654593314
ChIJq6qqqtPgDDkRiU7ZAEq1d-8,0.5,0.9979122877120972,0.5,0.9959497451782228,0.9998748302459716
ChIJq7-D7G77DDkR93Czw_SxpJ4,0.9997840523719788,0.7499904064898146,0.5,0.999764621257782,0.7999516152194701
ChIJq8lvdiIFDTkRB74NMBwT_Vk,0.0003939246962544666,0.00050194490177085,0.5,0.00020864397083635,0.0003939246962544666
ChIJqQ3x2j0FDTkRHNMbO1tpnwo,0.6707436060532928,0.8023248801007867,0.6706855908657113,0.0131967114284634,0.8023248801007867
ChIJqQZUNaQVDTkRPeAeq486Mtk,0.0002515949890948,0.5,0.9997854828834534,0.0006546117947436,0.33356389655576396
ChIJqR0Lpo8dDTkRXtwuh1revik,0.0003912991087418,0.6666627309653753,0.500114944865345,0.5000748011370888,0.999804417292277
ChIJqUMw8V0DDTkRcqy-cZvfVvY,0.9996641576290131,0.6667375825539542,0.500210449390579,0.5001700911961962,0.6667375825539542
ChIJqXNAFM4JDTkRv9fJ8SQ8ADM,0.5,0.999834418296814,0.9985920786857604,0.5,0.5003881652664859
ChIJqXNvIZUdDTkR25SLKrXqpcs,0.9998266498247782,0.9998318403959274,0.9998093446095785,0.9997950792312622,0.9998266458511352
ChIJqYTSZjIbDTkRQ_rOS4SGZQY,0.0007573587548297666,0.5,0.0003786674933508,0.0003786674933508,0.00038313138065855
ChIJqZyTlRMXDTkRfIdgQno3Zws,0.99966961145401,0.9997081160545348,0.9997081160545348,0.9997081160545348,0.9996271729469299
ChIJq_mqsfIZDTkR7CQGzKLopiM,0.9998650550842284,0.5002982660371343,0.000573979166802,0.9998650550842284,0.9998650550842284
ChIJqaVBZgAJDTkRUZgxzV0qqI0,0.5021772829350084,0.9998256862163544,0.5,0.5,0.7503563795471564
ChIJqaoxLsUEDTkR-NjBX_zkwmo,0.00055465855984945,0.0003495748387649,0.5,0.3333173616071386,0.3333173616071386
ChIJqaqqZ4YXDTkRtQ-QBVfHHQI,0.5,0.9998492002487184,0.5,0.5,0.9998492002487184
ChIJqatSgMQfDTkRF9LVcrExTdM,0.5,0.9998713731765746,0.9997933506965636,0.5,0.999864101409912
ChIJqbcp5TjlDDkR7K7kvixY4OI,0.9997015595436096,0.5,0.9998749494552612,0.9997029900550842,0.9998206893603007
ChIJqdWdI88jDTkRl5jezmWbhyo,0.5000297521837637,0.000289730989607,0.00032921003730729996,0.00042500792187635003,0.20023985024017743
ChIJqe1N890ZDTkRmmIYeR-jjV8,0.9997029006481171,0.999652862548828,0.999652862548828,0.9998462200164796,0.9997029006481171
ChIJqeUQpd3lDDkRAa1qCvUP7Lw,0.9998685717582703,0.5,0.6664167089426579,0.0003166327369399,0.7497753384086536
ChIJqx4kZTP5DDkR0tWpOf7Q3tM,0.9997024834156036,0.6666269245809721,0.9997024834156036,0.9997024834156036,0.9997285207112631
ChIJqxGysiLcDDkRb_4pTjmeGHc,0.5,0.7016077773878351,0.998934805393219,0.998934805393219,0.7013879852602258
ChIJqyK42_sYDTkRv0equibh_ow,0.5,0.5,0.0127965286374092,0.3341926754898547,0.00136125406424975
ChIJqzx_of0hDTkR-rg9kq8jjq0,0.00024133503029585,0.5,0.5,0.0419504307210445,0.5
ChIJr-JBHwAPDTkRfQSor5wNRiE,0.9944334030151367,0.9944886863231659,0.9997605681419371,0.5,0.9998797178268432
ChIJr-UiyxHhDDkR9jmGwVikkO4,0.0001943255920195,0.00021771274623455002,0.5,0.00021771274623455002,0.0006116340591688
ChIJr1CxLkEbDTkRau7ByVr9-gc,0.9998333156108856,0.9997902661561966,0.9997767806053162,0.999794900417328,0.999804675579071
ChIJr1JJFiEBDTkRFzuMhRJDDho,0.9998026490211488,0.9998159408569336,0.5,0.5,0.9998310506343842
ChIJr1OuS62pDTkRGQUhFaXynZY,0.5,0.0613925978541374,0.5,0.9995604157447816,0.9995604157447816
ChIJr2pE1N8BDTkR_szajQiBDpA,0.000281446322333,0.9998632073402405,0.9998455047607422,0.6666272657263713,0.5000181462091859
ChIJr3G6agDdDDkRHk3tDePJCI4,0.999784767627716,0.7501968454162123,0.5,0.5,0.9996952712535858
ChIJr3w57d8ZDTkReaF1ZGBlgvM,0.9998608231544495,0.9998680949211121,0.999869704246521,0.5,0.9998688399791718
ChIJr4AGGVvhDDkRG_xKgOWkQAQ,0.010065131054337366,0.014110446558333899,0.0283737406134605,0.0009980585891753,0.0009980585891753
ChIJr7zikkjjDDkRmaLEnWGPiYo,0.5,0.5,0.9997933506965636,0.982224017381668,0.982224017381668
ChIJr8LuNvwYDTkRLfjeI091NkU,0.999610036611557,0.9997015992800394,0.9998781681060792,0.9998781681060792,0.9997457414865494
ChIJr8efdIv7DDkRnYHKsoANzwQ,0.999848484992981,0.5003672516031656,0.6668609960664375,0.5,0.9998294413089752
ChIJr8v4rd0fDTkRYHHvdeASgxA,0.5,0.5,0.5,0.9998676776885986,0.9998306035995485
ChIJrQm2IkQZDTkR-GCn7nUAuSQ,0.5000149775514728,0.5000836600374896,0.999805510044098,0.5000149775514728,0.6666714184490653
ChIJrU48_w_9DDkRAXDl9rxJ0kQ,0.0063210576772689,0.5,0.0004573318292386,0.00436895975144575,0.5
ChIJrVtbefw9DTkRPqlo2vY-j1s,0.5125768780708313,0.5,0.5,0.5,0.5125768780708313
ChIJr_HCO-kFDTkR_aDiWYPlg_g,0.21677492022718065,0.0009009938803501,0.0003869840584229,0.7704227566719055,0.38882704451680183
ChIJr_r0whMRDTkRvN55RzUgjOg,0.99941086769104,0.99941086769104,0.5,0.5,0.5
ChIJrcOxu7MVDTkRwGNFDz8XwIA,0.9998777508735656,0.9996998906135559,0.5,0.5,0.9997614622116089
ChIJrcVbzE3fDDkR0ONLilZcnO0,0.5,0.5,0.0005839304649271,0.5,0.5
ChIJrdHmZoQZDTkRmwGZkcfPj4Y,0.9998336583375931,0.9998225688934326,0.9997647404670716,0.9997714757919312,0.9998225688934326
ChIJrdT4SiEbDTkRIgX5tj9QnPs,0.33352239355735946,0.000661575468257,0.5,0.000661575468257,0.000661575468257
ChIJrwaFLOAfDTkRPIo2B_lkjSU,0.999881148338318,0.3329428380432849,0.5,0.0002533007645979,0.749541873956332
ChIJry5bF2YBDTkRNPLEn2_bbOI,0.5,0.5,0.5,0.0003213195304851,0.0003213195304851
ChIJs1sEqnMPDTkRLnqJlQn-Zs4,0.9996367692947388,0.5002903305285143,0.5,0.5,0.999687522649765
ChIJs28LAX_7DDkRyHzGDbAs6YM,0.9997375011444092,0.9997072666883469,0.999439299106598,0.5,0.9996997863054276
ChIJs4RS1F8FDTkR5f4f0ryLlWo,0.33595963421976194,0.659820398548618,0.0003806378226727,0.5,0.979844570159912
ChIJs4ooMwDjDDkRGtav5_A2V-U,0.560118705034256,0.624016739660874,0.5000812156358734,0.5,0.5300589523394592
ChIJs5LeHAAXDTkRhHmVT0FLf6Q,0.5,0.5,0.5,0.5,0.9998206496238708
ChIJs5RrKf8hDTkRAqpHTQgqjBI,0.9998471438884735,0.9998389184474945,0.5,0.5,0.9998711347579956
ChIJs6KqbUwFDTkRsT_CP-hoENs,0.4971177319821436,0.5,0.5,0.00051077257376155,0.33341287035727873
ChIJs6yuI3QBDTkRG_R3QThdxY4,0.5,0.33389949744256825,0.9998321533203124,0.0008487084414809,0.6667874448467046
ChIJs7GJ-NsFDTkRLD5mS5lSTCw,0.9998655716578165,0.9998758435249329,0.9996727705001831,0.9994864463806152,0.9997107744216919
ChIJs8OMODejDTkRKBAolDAcW9k,0.5,0.33693941292585805,0.5,0.9988921284675598,0.6697487061222395
ChIJsRPVdQ79DDkR_oNDxRA6InE,0.23249524706625374,0.5,0.4821152396907564,0.5,0.4639463048079051
ChIJsTX1574ZDTkRYBEzBecVO8s,0.9992603659629822,0.5,0.5,0.5,0.9997872710227966
ChIJsWZJJEH9DDkRLIvrsH_SoIY,0.9997117072343826,0.9997939666112264,0.9996965527534485,0.9997304081916808,0.9997248888015747
ChIJsbue63QfDTkRhBwRIuFCTN8,0.33342289984284434,0.9998313188552856,0.9998313188552856,0.9987832903862,0.9991488059361776
ChIJseEZVyP_DDkRRmC3cXvC9uQ,0.5,0.5,0.0004347386711742,0.5,0.5
ChIJsea-6yc-DTkRx23SJV-zrfo,0.5,0.5,0.441136232111603,0.5,0.5
ChIJsehXBLEFDTkRRnCG_Agg_HY,0.9997296184301376,0.999695360660553,0.5,0.999614119529724,0.9996537963549296
ChIJsfgyfjn_DDkR9NEHIHnv5AY,0.0001857974421,0.5,0.5,0.5,0.5
ChIJsyRMG9PjDDkRu-_yoSGBWiQ,0.0015350712249831,0.0007867527310736,0.0024775879865046,0.0039998027496039,0.00260070996591815
ChIJt1wO0R7kDDkRYdm-4PCgRAs,0.9998601675033569,0.9993526637554169,0.9996016174554825,0.9998793601989746,0.8033592477440834
ChIJt3KdyTsZDTkRnrRRDF9xwo0,0.9995960593223572,0.002791415696265133,0.5,0.00397382075607305,0.5003832620568573
ChIJt3LeD7_nDDkRPvWAjIqtFk8,0.0002472531341481,0.0002472531341481,0.5,0.0008994520176202,0.5
ChIJt4qyPQAfDTkRBMvujBJs42E,0.9991946369409561,0.9971936345100404,0.9989380041758219,0.9997506737709044,0.999868392944336
ChIJt5NINK-rDTkR6hsYRxJory0,0.999853014945984,0.5,0.999875783920288,0.5,0.9998576641082764
ChIJt7Z0krEVDTkRQK6XaPH4h6I,0.9998836517333984,0.9998133778572084,0.9998133778572084,0.7423078517119089,0.6676044930548718
ChIJt8hDrN_7DDkR4A_kFDaUU4Y,0.5,0.6679511697341999,0.0012565905926749,0.5,0.750858458224684
ChIJtQK8YgDlDDkR2GhqfmSyzwE,0.5,0.00026945128774965,0.5,0.5,0.33357966314360965
ChIJtQuDZvIZDTkRoGzaPPVdMss,0.9971591234207153,0.9971747398376464,0.9971747398376464,0.4988008531508967,0.9980473319689431
ChIJtQyatR79DDkR7JSqzaRjKzM,0.0003911827516276,0.0004038753540953,0.5,0.0004038753540953,0.0003911827516276
ChIJtR4NW0jcDDkRUETZGgY6mIY,0.6872826190665364,0.5868558051685492,0.5,0.7325940728187561,0.9302287846803665
ChIJtR6Xc-8HDTkRAo-EkgV3FkA,0.5,0.5,0.9997982382774352,0.000768185382185,0.5113266734406351
ChIJtRHB2kD9DDkRUY0APHYy8cI,0.33513541139351827,0.333731408182454,0.5,0.33513541139351827,0.20124184255837463
ChIJtRsd1IMjDTkRhi5TIH7xu98,0.0010212897177552,0.04344851891316156,0.5007071826257742,0.0856639891862869,0.9997865557670592
ChIJtSU-60fhDDkRIFpzjZOFQ-o,0.9986481070518494,0.9990973472595215,0.9994466503461202,0.9986481070518494,0.9992474615573883
ChIJtSaw3HP9DDkR67XUWkcGF0k,0.9997490644454956,0.999846339225769,0.6670387899503112,0.7502424058038741,0.7502486046869308
ChIJtTHggW4YDTkRq1i72xHmz6E,0.9998210370540619,0.5,0.5,0.5,0.9998210370540619
ChIJtX7UPNYBDTkR6aBBviY-pB4,0.5,0.2509680640650913,0.0014893378829583,0.5,0.0011359133641235
ChIJtYXzFm4BDTkRW6GmXG4mNII,0.5,0.9998523592948914,0.5,0.5,0.9998548030853271
ChIJtYbaLgD7DDkRnGLGPEVaYt0,0.00042157873394895005,0.5,0.5,0.00042157873394895005,0.9998579025268555
ChIJtYj0-CfdDDkRAGrPizQfakk,0.5239996816962956,0.0482166223227977,0.9997827410697936,0.5,0.7618884099647403
ChIJtaHuZ1AZDTkRyrznyfcQis8,0.999875545501709,0.9998718500137328,0.9995005428791046,0.5,0.999675452709198
ChIJtaq-A5zjDDkRhbzhTkwimYg,0.9997195154428482,0.9998769760131836,0.9998680353164672,0.9998680353164672,0.9997259616851807
ChIJtdwaGPMYDTkRQK0oAP05IEI,0.999836564064026,0.999836564064026,0.5,0.5,0.6670430377901843
ChIJteDOQaoDDTkR671xxVVa6Dc,0.5000836251419969,0.9997598528862,0.9998102486133575,0.0002854218473657,0.6667166233916456
ChIJtf6bT0X_DDkRyAZLrwRyr58,0.9991306662559509,0.9996387958526612,0.9998841285705566,0.8743886351585388,0.9997614622116089
ChIJtfVFi38ADTkRXdDWAReIZ2o,0.5,0.9998714923858643,0.9798403680324554,0.9998687505722046,0.9998687505722046
ChIJtwsPvxsXDTkRbnLWQkgcsoU,0.6654625229227046,0.9989517629146576,0.5,0.5,0.9998879432678224
ChIJtxG-LJkCDTkRg84qf1td3qg,0.0004238808711912666,0.00034649826799669996,0.4991244257835205,0.4994597815675661,0.00047947624625517494
ChIJtzXjyKv8DDkRasu5QY9A85k,0.5,0.5,0.9997525215148926,0.9998170733451844,0.9997943788766861
ChIJtzflUNEhDTkRCosTp3T0fO8,0.21651194755395403,0.3727218013140372,0.0006488489452749,0.0003106564108747,0.3328402405701732
ChIJtzqgI2U-DTkRsyjuU_lRS18,0.5,0.0067276265472173,0.0067276265472173,0.0067276265472173,0.9996814727783204
ChIJu-834kAZDTkR5lRXhrM4Sm4,0.0010105004766955666,0.0005771197029389,0.0005177687271498,0.0005771197029389,0.009961404808564073
ChIJu-J1KIL9DDkRr5qeJBYa8PM,0.0002164885081583,0.0012782721314579,0.5,0.49790805800148513,0.0012782721314579
ChIJu1A7MTIdDTkRPwUWrLom8yw,0.3888400735595495,0.5178672500769608,0.5008429996669291,0.2773589305579662,0.33381834389486653
ChIJu20mEizdDDkRR9N1osWYkaM,0.5,0.2503553989008651,0.9998685121536256,0.0005176944832782667,0.0002520833513699
ChIJu2YFVjb9DDkR0KTtXpZwXtA,0.99758842587471,0.9966752131779989,0.9966738621393839,0.9949968457221985,0.9970072865486145
ChIJu32QGTP_DDkRokwZ4k-ZmZ8,0.0031868633232079,0.5,0.9360675811767578,0.5,0.31414710260772455
ChIJu85bG-QVDTkRHw-yR_kKZU4,0.9997660517692566,0.5,0.5,0.5,0.9998076260089874
ChIJu8LlD5oGDTkRwBIgoNVPNuU,0.0003365402517374,0.5018372058402747,0.5,0.5,0.0006865870309411001
ChIJu9d5CfDjDDkRCegi4jcwD24,0.6777294240891932,0.5166557673364877,0.9989466965198517,0.5,0.6777294240891932
ChIJuQOV4UP9DDkR_zW0AORu0Os,0.9997849663098654,0.9996060729026794,0.9997383654117584,0.0329124629497528,0.7580694034695625
ChIJuS9QqWoHDTkRK828ZAauYDE,0.0005513899377547,0.5,0.5,0.0007657088572159,0.0028256729419808497
ChIJuU4UWSEFDTkR_sveAJgD2-g,0.5,0.5,0.5,0.5,0.5
ChIJuVkOINPjDDkR4FBr49a3Org,0.6667986995307729,0.7500907247012947,0.9998379747072855,0.9998599290847778,0.8000271729426458
ChIJuWJbafgdDTkRgrD6U1ZCKtc,0.9998062998056412,0.7999111404933501,0.6666063849988859,0.0003305032441858,0.749922393624729
ChIJuWdhYEQcDTkRSaDfih8YwjA,0.3335839010154207,0.33383912723123405,0.9998596906661988,0.0004380191676318,0.6667810109017106
ChIJuWuDHAA9DTkRJKgWuC2hdIE,0.0012014976236969,0.999756932258606,0.9997946918010712,0.5,0.999670386314392
ChIJuXLbfLffDDkRxy1PB4zL1WA,0.500361221638741,0.6668307500464531,0.9831409454345704,0.5,0.7966912458767184
ChIJuXSu2CbhDDkR2BjuXI2YDLU,0.9904412031173706,0.999638020992279,0.5,0.5,0.9966769417126974
ChIJuXhKZJPjDDkRWaj_AQQKWGk,0.9998199343681335,0.6671983600050831,0.6671645641714955,0.5,0.8002187609905377
ChIJuYL0zDb7DDkRznsMPPI-ZsM,0.5,0.5,0.0003240522346459,0.5,0.5
ChIJuYjlFNPjDDkRq-G603kqdxU,0.00033259259362236664,0.0003098254164797,0.0017170897529770668,0.0018177252204622666,0.00033259259362236664
ChIJuZcQSHoYDTkR8OykqL6oCRA,0.3100405153430377,0.00028802428278135,0.46485418143856805,0.00033533500391053333,0.4648922821943415
ChIJudcH0C8dDTkRk6QLFST8EMs,0.9988049268722534,0.49985746059974184,0.5,0.50008503634308,0.4998634508665417
ChIJuf3nLdQODTkRvjBZOc2vxzc,0.5,0.5,0.5,0.5,0.999879002571106
ChIJufECNbAfDTkRsAyk2MG1b1w,0.5,0.5,0.5,0.5,0.3334443667699815
ChIJuwDMPGMZDTkRwLNEZhvujiY,0.5003782220228459,0.0002878420782508,0.5,0.9994473457336426,0.33320403848968755
ChIJuwnUayoBDTkR7f2EijQM9g8,0.0063154592935461,0.3376940288192903,0.0122175551950931,0.5,0.00080355865065935
ChIJuzFfhHP9DDkRoWxD6RIlgzY,0.00036732231092165003,0.5,0.9997655749320984,0.9998371601104736,0.9998577237129211
ChIJv1JvttIYDTkR6QQG8Hbu9Io,0.9998730421066284,0.999871778488159,0.999881148338318,0.5,0.999871778488159
ChIJv1PxxrsFDTkRYvU1JXgaRds,0.5,0.00445812055841085,0.0021573370613623003,0.002196409914176867,0.0041081910021603
ChIJv3LFrLbjDDkRcD6s3AqKMl8,0.5,0.999774158000946,0.9991344511508942,0.5,0.9980033040046692
ChIJv5eWZj3jDDkR_tI3DXrwG3M,0.996665894985199,0.996665894985199,0.4985956474847626,0.4999276578746503,0.9982152581214905
ChIJv7HZjfwHDTkRsAY2J5m3BfQ,0.0002446000580675,0.5,0.3132584989070892,0.15675154948257833,0.9989934265613556
ChIJv95cHRgZDTkRuOlyYk0-h9g,0.9998321056365966,0.9998514503240585,0.9997990727424622,0.9998234808444977,0.9998321056365966
ChIJv9Wh8n8BDTkRiFIlyqavyjg,0.49969773722114036,0.5016557043418287,0.5,0.5,0.7503877165727317
ChIJvaDLwhAbDTkR_36PfbUB4-0,0.9988052050272622,0.7493145185508183,0.7492229509152821,0.9982873797416686,0.9990671277046204
ChIJvbq6qMAYDTkR_ir2j3Ddu6g,0.9992300271987916,0.5,0.3337254351354204,0.5,0.49974061525426805
ChIJvc-DqwwbDTkRSoKQ3ptUOHE,0.5000957159791142,0.0014939178945496,0.666766607920484,0.9998330175876617,0.25057978460972663
ChIJveFwKoPhDDkRIqlykGWRMYA,0.01485619450977535,0.9997283816337584,0.5022123558446764,0.0170785346999764,0.9997283816337584
ChIJveR9BhL9DDkRzovn1p9-oZ8,0.49823561808443634,0.5,0.5,0.5,0.0027236510068178
ChIJvf9FOoEHDTkR93ALQAIeEZo,0.9979471266269684,0.5,0.9990543723106384,0.0002712826535571,0.0002712826535571
ChIJvfDCaMerDTkRij3h8iw-1bM,0.5,0.999822199344635,0.5,0.5,0.9998758733272552
ChIJvfkKM1ICDTkRARQ_hfTtLF0,0.49996242149791215,0.5,0.0010003110801335,0.0005996424588374,0.9993574321269989
ChIJvwz3f_wYDTkRppCWpizlKPk,0.6664410302425191,0.7997475665441016,0.5,0.5000457569040009,0.7497189096648071
ChIJw-ezIEAFDTkRjI637nlIT1Y,0.00046223387471394997,0.0004701877769548,0.0004542799724731,0.0004542799724731,0.5001069286663551
ChIJw1-SozIZDTkRl1rQPEknUFw,0.9997994601726532,0.9996635019779205,0.5,0.5,0.9990096886952718
ChIJw2f9Y3YDDTkR7XalAEXGCGI,0.0007981322705745,0.000256098297541,0.5000787378376117,0.0002520225534681,0.5000787378376117
ChIJw38BrVMZDTkR5GJOODWBotg,0.823060154914856,0.8231439590454102,0.9997897744178772,0.5,0.9114350825548172
ChIJw4-X1Tf5DDkRmtRsLfv7Gco,0.9998048841953278,0.9997736811637878,0.5,0.00775226065889,0.9998469352722168
ChIJw5YvHgAfDTkRBy56MNY2nl0,0.9998008807500204,0.7497195813630242,0.9998658895492554,0.0008843197720125,0.7997106483438984
ChIJw6EdanYDDTkR9EzmpV-p2Dw,0.0006787262245779499,0.0003202161460649,0.0039375070482492,0.0003202161460649,0.0006787262245779499
ChIJw7qPDAoZDTkRV-2mY2VsxR4,0.33363096104585566,0.0002150158106815,0.9995275735855104,0.0005618731277839,0.33363096104585566
ChIJw88JQH8bDTkRQidfQEiNIMY,0.6656401432798399,0.49948538825265126,0.9982970058917999,0.9997864365577698,0.6661097307029801
ChIJw8MNqtEYDTkR-YsYLWK7GI4,0.9994670748710632,0.9994670748710632,0.9995352625846863,0.9997236132621764,0.9997236132621764
ChIJw8lJYrD5DDkRYxfhdw87qbM,0.9991399049758912,0.9991399049758912,0.5,0.5,0.9989891350269318
ChIJw96ZnRD7DDkRW1EBfHRzjps,0.33309677413005073,0.3169137715691855,0.9503257274627686,0.5,0.4874040124632302
ChIJw9i-ZDMaDTkRsJ7qB0K3hFw,0.9997734824816386,0.999778131643931,0.9997892826795578,0.5,0.9998035877943039
ChIJwRQsIVYZDTkRTOvbeNZacZU,0.5,0.9998751878738404,0.5,0.5,0.5
ChIJwRT3qCUeDTkRecFelntewZs,0.9998304843902588,0.9998477697372437,0.9998304843902588,0.9998472332954407,0.9998598992824554
ChIJwV3SeBABDTkRQtfVG9zEhOY,0.9998698234558104,0.9998470942179362,0.999833345413208,0.5,0.9998487383127213
ChIJwXfALvkaDTkRmyFhEbkG2JQ,0.9998843669891356,0.0153746213763952,0.5076294941827654,0.5,0.9997652322053909
ChIJwXk9hdr9DDkR2FSvNa9XuIo,0.0015586197841912,0.5,0.5003087245568167,0.0015586197841912,0.33405868963260826
ChIJwZWDKw39DDkR1zt1pmv8KD4,0.5,0.5,0.5,0.9998088479042052,0.9998088479042052
ChIJwavkUvL7DDkRm7mRe1PIo8Q,0.0007483207252031333,0.0007530366419814,0.0004182939592283,0.333681020468551,0.0006711107998853001
ChIJwcKwnhUDDTkRQWrXJ5HKiRk,0.5811075862264261,0.7254486515012104,0.5,0.9017664790153505,0.7254486515012104
ChIJwdd2QAA9DTkR6N23pH_BlSc,0.49996091723733105,0.7499165054105106,0.999787449836731,0.5,0.999787449836731
ChIJwdp9bzADDTkRt_4Txb3SJn4,0.9995897114276886,0.9995450377464294,0.9995312889417013,0.9997361898422241,0.9996418476104736
ChIJwyNkcvcjDTkRi9Q6m8AgXBg,0.9998695850372314,0.9998615980148317,0.5,0.5,0.9998577237129211
ChIJwyap0C4ZDTkRoNal--atvHU,0.03702101793411803,0.9998682737350464,0.5,0.00140480717527675,0.5011937760282308
ChIJwzxOpWkcDTkRIODm_a6JlXA,0.999867836634318,0.9998658001422882,0.9960718154907228,0.5,0.9991070032119751
ChIJx-nhZO3hDDkRhvElsSXy5jE,0.9998088876406351,0.9998335440953573,0.9998294115066528,0.5,0.9998117983341217
ChIJx0bOHEgZDTkRcxDTz1N9ASc,0.5,0.5009263576939702,0.9996213912963868,0.999658703804016,0.9997433423995972
ChIJx1vzJccJDTkRvrtlOzNNBDw,0.9998706579208374,0.5,0.9990663230419159,0.5,0.9998776316642761
ChIJx2G4jXwDDTkRHWHRAX90qJg,0.6985720992088318,0.8792079448699951,0.9997579455375671,0.9998408555984496,0.8490497171878815
ChIJx3sMMbYFDTkRoVO9BC4gqLI,0.6560760000623608,0.9997207522392272,0.9994937181472778,0.0003161607019137,0.9996808767318726
ChIJx5sJWL8DDTkRLnwjpzfKFV0,0.9984344045321146,0.9990187088648478,0.5,0.5,0.99734628200531
ChIJx5ugHAv7DDkRSmi3LJexcdw,0.5012791737681254,0.9997982382774352,0.9997982382774352,0.9997982382774352,0.9997982382774352
ChIJx62cgXHiDDkRpfnRkuY4q2I,0.72701055475045,0.636062074607859,0.9768101722002029,0.500226570526138,0.9692701498667399
ChIJx6BZam8ZDTkRL_TARoK8i_w,0.5,0.999861478805542,0.9997588992118835,0.0187813863158226,0.6666139533626847
ChIJx6k4HM4ZDTkRPN4jwRg4X8M,0.0023385777603834,0.9998441934585572,0.9992146492004396,0.0052715330384671,0.5022430911194533
ChIJx6m1uo7dDDkR12u8JLX6V1I,0.99976780017217,0.9996311664581299,0.9997766613960266,0.9995089769363403,0.9998096227645874
ChIJx6qqOlDkDDkROn5jLYb6oo4,0.00059046334354205,0.2505041131807957,0.0010385990608483,0.00059046334354205,0.25034173174208263
ChIJxQtapR8bDTkRlecBFB8YTu4,0.0010511354388048,0.5,0.5,0.0116476016119122,0.5
ChIJxTh6dqD_DDkRcDRMltyZr8E,0.9998327493667604,0.9998639225959778,0.5,0.5,0.9998522400856018
ChIJxWQtupobDTkR9JtPxAEP9Dc,0.2608093887465657,0.0215753839584067,0.0012299979571253,0.0008171196823241,0.5208016578108072
ChIJxY54Sx_9DDkRgZ05aiuE6aQ,0.9949183662732443,0.9949183662732443,0.9997429847717285,0.5,0.7472909475909546
ChIJxZIOo2ujDTkR_roeBy2RXLw,0.5,0.5,0.5,0.5,0.5
ChIJxZnWx8oHDTkRUkMD7g_KF04,0.5124462281528395,0.4833300331956707,0.9664776921272278,0.5,0.9823327660560608
ChIJx_FdBwDnDDkRBnx9GzcApi8,0.33354296583759907,0.3285182438703486,0.771064817905426,0.5,0.462789632671047
ChIJx_sVdgXlDDkR6EBNphWNsXc,0.999658703804016,0.5074121850266238,0.500033898410038,0.9992134273052216,0.5152357481420039
ChIJxaP-LEYjDTkRKwrd-f1rgd0,0.5001839211327024,0.33352007979798753,0.000825009890832,0.0012835432280553,0.5025521437637508
ChIJxazGehoDDTkRgXpoZkzEoFY,0.5000281392494799,0.9998397827148438,0.5,0.5,0.9998633861541748
ChIJxbmmUzkcDTkRupwAbVY8NHE,0.028698637198734365,0.00034372003574385,0.0429691621684469,0.0003024089091923,0.042798740032594595
ChIJxfD7FZwiDTkRP3SrCV-mTAE,0.9954948425292968,0.9989572525024414,0.9976443946361542,0.5,0.9989572525024414
ChIJxx0yTpbjDDkRF3UBS7GPzO4,0.0005516248638741,0.0006044135079719,0.3337466706288978,0.0006044135079719,0.5000942563492571
ChIJxydUCQAZDTkRTbnjfN2N-1I,0.9998605251312256,0.999795118967692,0.999869167804718,0.9998778104782104,0.9998236417770385
ChIJxzEBJLMZDTkR3JmM3HkM_qQ,0.00348806899273765,0.6685177474282682,0.00348806899273765,0.6664144243501747,0.0066430536098778
ChIJy2cTCzADDTkRQf0Uee9-tZ4,0.9997859597206116,0.9998404681682587,0.9998151858647665,0.994679868221283,0.9985334128141403
ChIJy3f9XQAPDTkR9vF3NtOBWoI,0.9956087470054626,0.5,0.9997569918632508,0.9956087470054626,0.7534068585373461
ChIJy5hATaX5DDkRHI_obBJnPGs,0.5,0.5,0.0443850718438625,0.5,0.9998501539230348
ChIJy6Pl_f8fDTkR21i3BZN30L4,0.9998397827148438,0.7498786639480386,0.9998332560062408,0.5,0.999739021062851
ChIJy9TCyKj7DDkRhTRHFi2RHQA,0.4030609923356678,0.8059055209159851,0.5,0.5,0.9028731882572174
ChIJyRKgd5E9DTkRQ-_q9wDDy3I,0.9998512268066406,0.9998614937067032,0.5,0.5,0.9998532384634018
ChIJyRN6s1z7DDkRXyz-nBjM_D8,0.0003474356781225,0.9979502558708192,0.5,0.0003474356781225,0.7995121479441878
ChIJyUXaansBDTkRKVNqN84YfWs,0.9996269345283508,0.769247779250145,0.5112168118357658,0.0230265706777572,0.7115980200469494
ChIJyYjLxBEFDTkROW8FHNZ98FM,0.5,0.5,0.5,0.5,0.999854564666748
ChIJyd-sPQDjDDkRfRiRKD5GJXg,0.6685340536447862,0.5,0.6685340536447862,0.9983291029930116,0.9998356103897096
ChIJyd_rr2UBDTkRjfnsPvF7feY,0.5,0.0001779413432814,0.0001779413432814,0.5,0.5
ChIJyfOaOSndDDkR3m2wNPTZ4I0,0.005279096119920675,0.00961012882180505,0.001379506313242,0.5,0.0006521991454064499
ChIJyfblicYYDTkRYmMn8f1coPg,0.33477174379125546,0.5024261586368084,0.9998005032539368,0.9998005032539368,0.9998005032539368
ChIJyx6PzRIZDTkR_rpcf2iugfY,0.9998813072840372,0.9998713334401449,0.9998751878738404,0.5,0.9998766899108886
ChIJyxiabjIFDTkRnY9RAXKGWzU,0.5,0.000440219999291,0.5,0.5,0.000440219999291
ChIJz0uozLL7DDkRn8ViMcXySzo,0.24990456755767804,0.33309962200776977,0.9963810443878174,0.5024521546438336,0.4986094084524666
ChIJz16IJ_3dDDkRmEAza-Hp2Os,0.668354527403911,0.5,0.0053598172962665,0.5,0.8009559728205204
ChIJz1izm5IjDTkRNiCBlzrxrNk,0.0050678229890763,0.00332677423284615,0.0050678229890763,0.00463395169936115,0.0034292910713702
ChIJz2AwM0IeDTkRE2lvAzLoGH4,0.9998751878738404,0.7999169500486459,0.9998751878738404,0.5,0.9997990926106771
ChIJz2kv2TwZDTkRxLds7WNtqJY,0.0010342312743887,0.7501479614002164,0.0010342312743887,0.5004385567153803,0.5000729554449208
ChIJz5G7EdPgDDkR3nBZAmkk6QM,0.5,0.9993632435798644,0.9988906383514404,0.5,0.9996658563613892
ChIJz5hJI3IPDTkR00N5NdACfRs,0.7995826292491983,0.5,0.9993966668844223,0.5,0.500035238379496
ChIJz6cFNNcDDTkR2sR2snMfXUM,0.5,0.0033409229945391,0.5,0.001181012368761,0.46805230848258356
ChIJz6mMvD4cDTkRC1x5YWUVypU,0.9998835325241088,0.0004361522151157,0.667060968078052,0.9996055960655212,0.9996055960655212
ChIJz6uJIQfjDDkR3gifjDKqsIQ,0.1578961490595247,0.0004637597012333,0.0003199502534698,0.00081097739166575,0.0004637597012333
ChIJz9f-o84BDTkRWxCjQOpjWnQ,0.44700522912899027,0.5000240970985033,0.5,0.5,0.6667138728468368
ChIJzRv4VzfjDDkRuKaA3fPk1zM,0.7359917362531027,0.7359846631685892,0.8751561443010966,0.7911024689674377,0.8954878151416779
ChIJzUZZUdzjDDkRJKDEesqf9fQ,0.9997642636299132,0.9982690811157227,0.5007151357713154,0.9982361495494843,0.9997971951961516
ChIJzVpPAUwHDTkRCd2U21g5PSs,0.8748123645782471,0.5,0.6251950771838892,0.5,0.7000630785012618
ChIJzXc9YhUBDTkRsWv66_fqyqA,0.4997726275178138,0.39987028411705977,0.5,0.0004458753877163667,0.39987028411705977
ChIJzYWKVtgEDTkREkjqjzN6nas,0.0063203359022736,0.0063203359022736,0.9822570085525513,0.5,0.00443678267765785
ChIJzZI0VEkZDTkR29_RofPvWQE,0.9998689889907836,0.9998807907104492,0.9998689889907836,0.0071514719165861,0.7516857652226463
ChIJzaSD0YLjDDkRNdQPGay3_OE,0.0003346174707985,0.999872088432312,0.5,0.9998517036437988,0.7500064256673795
ChIJzabjO74BDTkRpMz3VDvN2Aw,0.5,0.5000237784988711,0.0228036995977163,0.01152296852524155,0.0228036995977163
ChIJzbs7X9MBDTkR6P5MilgrDH8,0.00023760766392413334,0.5,0.5,0.0001821825426304,0.000265320224571
ChIJzduWdHEZDTkRBKRB3ET9eV8,0.3339768871082924,0.0016629231395199,0.6665576279434996,0.5001338690926787,0.500586784502957
ChIJzeEXTeAbDTkRXRtjQda7RXg,0.3403829314435522,0.34038805744300277,0.5033560614101589,0.9975371062755585,0.9983122944831848
ChIJzedOOWzjDDkRHuh3Br0sIZA,0.5,0.00046956611913625,0.0003831133362837,0.0011414939751072,0.00039216261939140003
ChIJzw_MWG0BDTkRVR_jgo6c2JM,0.0005681471084244,0.5,0.5,0.5,0.5
ChIJzyKBJd7lDDkRCBDbrwbxyt0,0.0008758182520977667,0.0034912785049527,0.00047134075430215,0.001684773247689,0.5
ChIJzyidtTEdDTkR32S2ajuXbOs,0.05770535994088274,0.08195240865461524,0.07625591824762519,0.0112203592434525,0.05099687471132099
