google_place_id,hotel_id,trust_score,popularity_score,rating_score,sentiment_score,budget_category,area_cluster
ChIJpV-ywbQVDTkRqWm6FgM6WCM,ChIJpV-ywbQVDTkRqWm6FgM6WCM,0.7500992054159974,0.4314460575440993,4.6,0.6068608885630965,Mid-Range,Other
ChIJm053GEI-DTkRwKJuNdfAyLw,ChIJm053GEI-DTkRwKJuNdfAyLw,0.7105566213921053,0.6932555143518563,3.9,0.600046572892461,Mid-Range,Imt Manesar
ChIJkTyoKUkVDTkR8L5-ZWny4t8,ChIJkTyoKUkVDTkR8L5-ZWny4t8,0.7503423747096928,0.47417625665573304,4.0,0.8291362732648848,Mid-Range,Other
ChIJAxoZFF0-DTkRrQYeGhnCS1c,ChIJAxoZFF0-DTkRrQYeGhnCS1c,0.635538250821179,0.6212160638350902,3.9,0.4129370585782453,Budget,Manesar
ChIJkUS0a7hrDTkR8_OhQzGLVjE,ChIJkUS0a7hrDTkR8_OhQzGLVjE,0.6800478767983552,0.2996445504991384,4.0,0.7251613246335182,Mid-Range,Other
ChIJ64_MiLE_DTkRGOHzyJ5UpDM,ChIJ64_MiLE_DTkRGOHzyJ5UpDM,0.6004027094613806,0.5258619587925035,3.6,0.4913784482516348,Luxury,Other
ChIJockhMFI_DTkRlyEKfQmbwZU,ChIJockhMFI_DTkRlyEKfQmbwZU,0.8426015211522326,0.2143472170767782,4.7,0.999863862991333,Mid-Range,Gurugram
ChIJhe8U-lo_DTkRUQkm2haPpZ8,ChIJhe8U-lo_DTkRUQkm2haPpZ8,0.7078003693430801,0.20453922631468055,4.5,0.6672183000482619,Mid-Range,Manesar
ChIJu85bG-QVDTkRHw-yR_kKZU4,ChIJu85bG-QVDTkRHw-yR_kKZU4,0.8670843606782019,0.20453922631468055,4.9,0.9998076260089874,Mid-Range,Other
ChIJOQBN0w8_DTkR2kC7ccAduAs,ChIJOQBN0w8_DTkR2kC7ccAduAs,0.7128510336228955,0.16679455498454923,3.8,0.9998787641525269,Mid-Range,Manesar
ChIJsea-6yc-DTkRx23SJV-zrfo,ChIJsea-6yc-DTkRx23SJV-zrfo,0.6916471728337068,0.2520918884069095,4.4,0.6265529931212465,Luxury,Other
ChIJQ1w43W4VDTkRLtF4zn4EqHM,ChIJQ1w43W4VDTkRLtF4zn4EqHM,0.37220786896954594,0.2520918884069095,3.5,0.0003099592286161,Luxury,Other
ChIJQyBpbkVrDTkRN-vCqZuLFWc,ChIJQyBpbkVrDTkRN-vCqZuLFWc,0.5784399318619919,0.34793896801864493,3.9,0.4161541623674566,Mid-Range,Other
ChIJjXIMuls9DTkRhBhavLC_ajo,ChIJjXIMuls9DTkRhBhavLC_ajo,0.9098563734091537,0.7806884965618124,4.3,0.9997717022895812,Budget,Gurugram
ChIJtzqgI2U-DTkRsyjuU_lRS18,ChIJtzqgI2U-DTkRsyjuU_lRS18,0.606523806712172,0.6237698098895316,3.7,0.4036257039755583,Budget,Imt Manesar
ChIJl3iEtgsXDTkRiPiStrNCuOo,ChIJl3iEtgsXDTkRiPiStrNCuOo,0.8656255255555733,0.32262470913604485,4.7,0.999844765663147,Mid-Range,Other
ChIJI_krrZ89DTkRYdUZzkyLz3Y,ChIJI_krrZ89DTkRYdUZzkyLz3Y,0.7920459536501331,0.5760643536496014,4.7,0.6002589246607386,Budget,Other
ChIJP6BH6_0VDTkRvwuF1c6Yb6k,ChIJP6BH6_0VDTkRvwuF1c6Yb6k,0.9238845962857907,0.4090784526293611,5.0,0.999814796447754,Budget,Other
ChIJRYVcMn8_DTkRjwOiyekkc18,ChIJRYVcMn8_DTkRjwOiyekkc18,0.8904585271262748,0.5020917828517661,4.6,0.9997026920318604,Budget,Manesar
ChIJaROo4qIXDTkRp83S4LarHGg,ChIJaROo4qIXDTkRp83S4LarHGg,0.7144872320819018,0.2996445504991384,3.6,0.999773895740509,Mid-Range,Other
ChIJJbpqeAA_DTkRB8FYrn7TPF0,ChIJJbpqeAA_DTkRB8FYrn7TPF0,0.7721297822258332,0.2580997673088359,4.1,0.999810536702474,Mid-Range,Imt Manesar
ChIJa0S09SwYDTkRYlUWmvR1zMg,ChIJa0S09SwYDTkRYlUWmvR1zMg,0.8764067205111962,0.8606901742036644,4.4,0.7999267792794853,Luxury,Manesar
ChIJ0QiWDhsVDTkRTsuxDtQTKxk,ChIJ0QiWDhsVDTkRTsuxDtQTKxk,0.43944103302935766,0.4400716508009945,3.7,0.0023908309463876,Budget,Other
ChIJoX0kXzAXDTkRppuT4Y98D3U,ChIJoX0kXzAXDTkRppuT4Y98D3U,0.8247499899218189,0.1935748254816269,4.6,0.9994253714879354,Mid-Range,Other
ChIJDfbvBQAXDTkRhozPcRxRaJ8,ChIJDfbvBQAXDTkRhozPcRxRaJ8,0.7094362828026234,0.32548923710511923,4.0,0.8000458614900708,Mid-Range,Other
ChIJ498BU249DTkRkH_DKrBZgC0,ChIJ498BU249DTkRkH_DKrBZgC0,0.8594965603069621,0.2313194968117582,4.8,0.9998377561569214,Mid-Range,Imt Manesar
ChIJnTjJeM49DTkRFBa_G4PhaXg,ChIJnTjJeM49DTkRFBa_G4PhaXg,0.8284856700190761,0.32262470913604485,4.9,0.8001011434709653,Mid-Range,Manesar
ChIJ_____28-DTkRl1V_FzJyhHA,ChIJ_____28-DTkRl1V_FzJyhHA,0.6850901171769347,0.6964041658930418,3.7,0.6014591939107049,Mid-Range,Imt Manesar
ChIJRdQiFUo8DTkRlKBQhTQKzPo,ChIJRdQiFUo8DTkRlKBQhTQKzPo,0.6614761468211451,0.5037691221701405,3.8,0.6142008169554174,Mid-Range,Imt Manesar
ChIJ-yucsxU9DTkR6A2GPxzocoo,ChIJ-yucsxU9DTkR6A2GPxzocoo,0.6866988871877991,0.5604959411985173,4.4,0.4054405012226197,Mid-Range,Manesar
ChIJORerleg9DTkRUm59PSlICrE,ChIJORerleg9DTkRUm59PSlICrE,0.7693037448358332,0.4079220425584051,4.8,0.5994044881372247,Mid-Range,Imt Manesar
ChIJqZyTlRMXDTkRfIdgQno3Zws,ChIJqZyTlRMXDTkRfIdgQno3Zws,0.8771804718651575,0.2520918884069095,4.9,0.9997508645057678,Mid-Range,Other
ChIJ31qkaK4XDTkRRv1q3L_F6vs,ChIJ31qkaK4XDTkRRv1q3L_F6vs,0.8643210675586849,0.12904988365441794,5.0,0.999805986881256,Mid-Range,Manesar
ChIJnQozcn8_DTkR60f2nzOlM_M,ChIJnQozcn8_DTkR60f2nzOlM_M,0.7440122789423419,0.5509887255400446,3.9,0.7997537241899408,Budget,Imt Manesar
ChIJ9ewU6Ls_DTkRzsiQ4T9QLWo,ChIJ9ewU6Ls_DTkRzsiQ4T9QLWo,0.7551459569691792,0.35226950760219694,4.3,0.8004636744502932,Budget,Other
ChIJF1rwqbA_DTkRKDUXfcJj9g4,ChIJF1rwqbA_DTkRKDUXfcJj9g4,0.747696475770374,0.38419417055549543,4.2,0.7974977539852262,Budget,Imt Manesar
ChIJmfR1D3gVDTkRA0J2rv-VB9M,ChIJmfR1D3gVDTkRA0J2rv-VB9M,0.87192537265658,0.35226950760219694,4.7,0.9998276591300964,Budget,Manesar
ChIJe2RlJx0VDTkRrx8Vc-9ASYc,ChIJe2RlJx0VDTkRrx8Vc-9ASYc,0.7695371284219374,0.18114441303409567,5.0,0.6679877531714736,Budget,Other
ChIJs5LeHAAXDTkRhHmVT0FLf6Q,ChIJs5LeHAAXDTkRhHmVT0FLf6Q,0.8780600297873765,0.1935748254816269,5.0,0.9998524387677512,Mid-Range,Other
ChIJY-4p2XsVDTkRMuT0wXQAdrI,ChIJY-4p2XsVDTkRMuT0wXQAdrI,0.6185585840258384,0.223219623947779,4.2,0.5000473506297567,Mid-Range,Manesar
ChIJE1CbrsI9DTkRU9JuSU8YpDs,ChIJE1CbrsI9DTkRU9JuSU8YpDs,0.4853519338173508,0.3032955993753565,3.6,0.2791435785067733,Mid-Range,Manesar
ChIJ7W5mGAIWDTkRI2I_wKlwLRk,ChIJ7W5mGAIWDTkRI2I_wKlwLRk,0.8403673765727041,0.3914140521329489,4.4,0.9998166561126708,Mid-Range,Other
ChIJ-SQyPM4_DTkR7vUfVVwEFyI,ChIJ-SQyPM4_DTkR7vUfVVwEFyI,0.7920688877102432,0.5265152233231355,4.3,0.8000302288564853,Budget,Imt Manesar
ChIJa8gPi4Y9DTkRTPXvb9eCpQg,ChIJa8gPi4Y9DTkRTPXvb9eCpQg,0.824384710512567,0.5537014683563196,4.5,0.7998626863904065,Mid-Range,Other
ChIJh_S5sis9DTkR1oUaarU1OPk,ChIJh_S5sis9DTkR1oUaarU1OPk,0.9351641264973044,0.5870499908951089,4.8,0.9998547315597536,Mid-Range,Imt Manesar
ChIJBXLyghI9DTkRRrOaOusMssk,ChIJBXLyghI9DTkRRrOaOusMssk,0.8053135597969041,0.8878358505139838,4.3,0.6006635991157964,Luxury,New Delhi
ChIJ2am72v89DTkROMLW-jN2w0w,ChIJ2am72v89DTkROMLW-jN2w0w,0.734910551554244,0.5915271225654928,3.9,0.7441998861177126,Mid-Range,Other
ChIJpTcilaQ9DTkR5_-YMDv8bCY,ChIJpTcilaQ9DTkR5_-YMDv8bCY,0.3795427922524976,0.47360339445656996,3.2,0.0006260327238123,Mid-Range,Other
ChIJrVtbefw9DTkRPqlo2vY-j1s,ChIJrVtbefw9DTkRPqlo2vY-j1s,0.7679378012549599,0.3713337812992298,4.6,0.7028486142400652,Mid-Range,Other
ChIJdz8Zakw8DTkR_K7vS9toFgA,ChIJdz8Zakw8DTkR_K7vS9toFgA,0.8664332589665367,0.5764458698130733,4.3,0.9998290657997132,Budget,Imt Manesar
ChIJTSw1U9UXDTkRPNDA5dxjbTw,ChIJTSw1U9UXDTkRPNDA5dxjbTw,0.769469056309288,0.6059001056464804,4.7,0.5096039278025273,Mid-Range,Other
ChIJGT-mXoQ9DTkRq9y4I-4mxNQ,ChIJGT-mXoQ9DTkRq9y4I-4mxNQ,0.8337210666655359,0.5225250490678999,4.6,0.8082439541816712,Mid-Range,Other
ChIJwdd2QAA9DTkR6N23pH_BlSc,ChIJwdd2QAA9DTkR6N23pH_BlSc,0.7124798024316243,0.4523990307935275,4.3,0.5999788686400279,Mid-Range,Other
ChIJda6QOks8DTkRSYPBnAZZFs8,ChIJda6QOks8DTkRSYPBnAZZFs8,0.9371860911265198,0.7840231647661507,4.5,0.999876880645752,Mid-Range,Imt Manesar
ChIJyRKgd5E9DTkRQ-_q9wDDy3I,ChIJyRKgd5E9DTkRQ-_q9wDDy3I,0.9353812362077212,0.5880636830925053,4.8,0.9998594403266908,Mid-Range,Other
ChIJ1Qnx2DA9DTkRdqk9S2x5zI0,ChIJ1Qnx2DA9DTkRdqk9S2x5zI0,0.8308487385045856,0.5366805650560723,4.1,0.9981373190879822,Mid-Range,Manesar
ChIJG8FI6_UXDTkRHGRJJxf6O_w,ChIJG8FI6_UXDTkRHGRJJxf6O_w,0.9259862445226081,0.8563968492438796,4.3,0.9998565554618836,Luxury,Other
ChIJnWzx20U9DTkRPxUI9pMRna4,ChIJnWzx20U9DTkRPxUI9pMRna4,0.41814128959131897,0.46705764472674444,3.5,0.0009720872621982,Mid-Range,Other
ChIJSbvehE48DTkRMs0PN6iblgk,ChIJSbvehE48DTkRMs0PN6iblgk,0.49236071696562445,0.5659798477575022,3.9,0.0009889111533993,Budget,Gurugram
ChIJD0MQIp89DTkRP3c_QnFrdws,ChIJD0MQIp89DTkRP3c_QnFrdws,0.8743156879417996,0.23877065754814755,4.9,0.999652373790741,Budget,Imt Manesar
ChIJuWuDHAA9DTkRJKgWuC2hdIE,ChIJuWuDHAA9DTkRJKgWuC2hdIE,0.7471542557389292,0.3779858829355023,4.2,0.799937090696767,Mid-Range,Gurugram
ChIJP-R4HAg9DTkR4EwItRUAaa8,ChIJP-R4HAg9DTkR4EwItRUAaa8,0.8381754175643532,0.31966922872828646,4.5,0.9991094470024108,Mid-Range,Manesar
ChIJ7YAuUx89DTkRFRi0TeqfJ7I,ChIJ7YAuUx89DTkRFRi0TeqfJ7I,0.7836711494722282,0.2996445504991384,4.6,0.7999556710361503,Budget,Manesar
ChIJ9YQiGwA9DTkRPjg7rABv8os,ChIJ9YQiGwA9DTkRPjg7rABv8os,0.858356846911436,0.4135655773021257,4.5,0.999768078327179,Mid-Range,Other
ChIJeeN3K_M9DTkRbW1ccwdONBI,ChIJeeN3K_M9DTkRbW1ccwdONBI,0.4005693098492955,0.3386222175183568,3.1,0.1981851724383885,Budget,Other
ChIJ_-A3ZQA9DTkRohlfyHDiSeU,ChIJ_-A3ZQA9DTkRohlfyHDiSeU,0.7690758059691813,0.18114441303409567,4.2,0.9998751282691956,Mid-Range,Imt Manesar
ChIJE-nHCOw9DTkRWoaV4qW-0B8,ChIJE-nHCOw9DTkRWoaV4qW-0B8,0.35981649084498735,0.1935748254816269,2.7,0.3338154239657645,Budget,Other
ChIJPw7BCdE9DTkRhBDLdYRoU2s,ChIJPw7BCdE9DTkRhBDLdYRoU2s,0.3792490253171337,0.3101942966885136,2.5,0.4003113217360806,Mid-Range,Manesar
ChIJ____v1M8DTkRORbMFsPZdfY,ChIJ____v1M8DTkRORbMFsPZdfY,0.8371406939070694,0.6567777573898492,4.5,0.7711272144224495,Mid-Range,Other
ChIJSfTjlIYXDTkRJjVdzF94PSM,ChIJSfTjlIYXDTkRJjVdzF94PSM,0.6657582753254885,0.5415137935002718,4.0,0.5191261721774936,Luxury,Other
ChIJ3SD_AlkVDTkR5vw23z7SA68,ChIJ3SD_AlkVDTkR5vw23z7SA68,0.7667466437048579,0.47009015435990575,4.2,0.7999441626830958,Luxury,Other
ChIJAd3619A9DTkR4UZYACYhK9E,ChIJAd3619A9DTkR4UZYACYhK9E,0.8674795808343588,0.2690641681418895,4.8,0.9996964335441588,Mid-Range,Imt Manesar
ChIJSbtGxVI8DTkR1n3vqBK1m5I,ChIJSbtGxVI8DTkR1n3vqBK1m5I,0.8768645656381276,0.8627516153900433,4.4,0.7999875441426412,Mid-Range,Other
ChIJn31IGhI9DTkRkFdkJCaQLms,ChIJn31IGhI9DTkRkFdkJCaQLms,0.7150061665378941,0.358409522528563,4.0,0.7955571169964969,Mid-Range,Other
ChIJD30e-Uw8DTkRO7PU1hnBmnw,ChIJD30e-Uw8DTkRO7PU1hnBmnw,0.7981817815071953,0.3032955993753565,4.7,0.8013367552310229,Mid-Range,Imt Manesar
ChIJmaiOGEo8DTkRRhZyisMfsrA,ChIJmaiOGEo8DTkRRhZyisMfsrA,0.9121825287537602,0.5003836649536477,4.8,0.9855993032455443,Mid-Range,Imt Manesar
ChIJP-7LeaE9DTkRHg0KCwS-sEQ,ChIJP-7LeaE9DTkRHg0KCwS-sEQ,0.7338623869223604,0.31661683023411846,4.2,0.7991880717920139,Mid-Range,Other
ChIJazcHbn09DTkRy0dvrTlBckw,ChIJazcHbn09DTkRy0dvrTlBckw,0.6538986303890939,0.4268137678954004,3.9,0.6000869306881214,Mid-Range,Imt Manesar
ChIJ9WJgCpwiDTkR9v_-VgD8zc4,ChIJ9WJgCpwiDTkR9v_-VgD8zc4,0.9323784878395264,0.8239863720600283,4.4,0.999832570552826,Luxury,Other
ChIJWdjKacEZDTkRJ9Sdiz-wiEo,ChIJWdjKacEZDTkRJ9Sdiz-wiEo,0.7327134166521019,0.5973324120216549,4.7,0.4001097119005862,Budget,Sector 38
ChIJMzJPXKkjDTkRj4J1rgUw_A4,ChIJMzJPXKkjDTkRj4J1rgUw_A4,0.7431417048940948,0.5962615231451273,4.3,0.6001764856511727,Mid-Range,Other
ChIJxfD7FZwiDTkRP3SrCV-mTAE,ChIJxfD7FZwiDTkRP3SrCV-mTAE,0.8519804920460823,0.509802971169484,4.3,0.9989572525024414,Mid-Range,Other
ChIJ0cKCfqgXDTkRtG8R8lMZzME,ChIJ0cKCfqgXDTkRtG8R8lMZzME,0.7045484084031263,0.4593492585888129,4.7,0.4038187420519533,Mid-Range,Other
ChIJ09kc2dgZDTkRR7K_tp-Fgco,ChIJ09kc2dgZDTkRR7K_tp-Fgco,0.4140293307698083,0.400664617195975,3.1,0.199012345355004,Budget,Sector 38
ChIJn90fB-IjDTkRa2h_IqLdOBk,ChIJn90fB-IjDTkRa2h_IqLdOBk,0.8885545596265442,0.4305378570371057,4.7,0.9997708916664124,Budget,Other
ChIJI7P9KOMXDTkRmTNCIVrNgU0,ChIJI7P9KOMXDTkRmTNCIVrNgU0,0.8370588882474472,0.6116822700712014,4.5,0.8009344629012048,Budget,Other
ChIJtQuDZvIZDTkRoGzaPPVdMss,ChIJtQuDZvIZDTkRoGzaPPVdMss,0.8334121064874994,0.47186334727891105,4.7,0.7993833578657358,Mid-Range,Sector 38
ChIJFXWsgMwZDTkRvXpQTNJyZlM,ChIJFXWsgMwZDTkRvXpQTNJyZlM,0.9289586885726455,0.4955180066837979,4.9,0.9997592091560364,Mid-Range,Sector 38
ChIJxaP-LEYjDTkRKwrd-f1rgd0,ChIJxaP-LEYjDTkRKwrd-f1rgd0,0.6125057807105851,0.5172840884028617,4.4,0.2016992767748888,Mid-Range,Other
ChIJw7qPDAoZDTkRV-2mY2VsxR4,ChIJw7qPDAoZDTkRV-2mY2VsxR4,0.6903217452637479,0.5228641744469175,4.5,0.4002170801220927,Mid-Range,Sector 38
ChIJtTHggW4YDTkRq1i72xHmz6E,ChIJtTHggW4YDTkRq1i72xHmz6E,0.9206614976911145,0.5814489144479454,4.7,0.9997987508773803,Mid-Range,Sector 38
ChIJm3CI3S0ZDTkRAUh7BLkoMAg,ChIJm3CI3S0ZDTkRAUh7BLkoMAg,0.8391879902152475,0.6234256697061392,4.5,0.7997789368964732,Luxury,Sector 38
ChIJ2bwVBgAZDTkRah_u1EhEw20,ChIJ2bwVBgAZDTkRah_u1EhEw20,0.8970194454029011,0.34569573143422866,4.9,0.99953111410141,Budget,Sector 38
ChIJ2TtPSgAZDTkR0nVA4pUDCkw,ChIJ2TtPSgAZDTkR0nVA4pUDCkw,0.42649895765866275,0.3068088394720208,3.8,0.0090007021353812,Budget,Sector 38
ChIJ02Bkw2gYDTkRTp9KZwPMeG8,ChIJ02Bkw2gYDTkRTp9KZwPMeG8,0.9033598948882553,0.6877780631733106,4.4,0.9996829152107238,Budget,Other
ChIJZyIlaxwZDTkRlnVSGo9liHo,ChIJZyIlaxwZDTkRlnVSGo9liHo,0.8170808342193682,0.581629146476342,4.4,0.8000178030692041,Budget,Other
ChIJgz8jSOYZDTkRkPmx_o9V6-M,ChIJgz8jSOYZDTkRkPmx_o9V6-M,0.907964815136771,0.3968120751380856,4.9,0.9997604608535766,Budget,Sector 38
ChIJcZ7kEYMZDTkRGUFb1yxSQfg,ChIJcZ7kEYMZDTkRGUFb1yxSQfg,0.8526686732704167,0.5616188717461532,4.7,0.7999036711466033,Mid-Range,Sector 38
ChIJF8BDSvUjDTkRmTGzo9MYiVg,ChIJF8BDSvUjDTkRmTGzo9MYiVg,0.8323736799447184,0.46949150397785566,4.5,0.8810431003570557,Budget,Other
ChIJiz6C02gYDTkRQyDPMavhpE8,ChIJiz6C02gYDTkRQyDPMavhpE8,0.6299523113527844,0.4314460575440993,4.2,0.3969419589382596,Mid-Range,Other
ChIJ4bbuL5sZDTkRKr-J97a4G0s,ChIJ4bbuL5sZDTkRKr-J97a4G0s,0.8491486676120759,0.545313905360443,4.7,0.799740625868435,Mid-Range,Sector 38
ChIJrdHmZoQZDTkRmwGZkcfPj4Y,ChIJrdHmZoQZDTkRmwGZkcfPj4Y,0.9265655633074976,0.6091715338383822,4.7,0.9998225688934326,Mid-Range,Sector 38
ChIJU6eIyfUXDTkRunuHeTS9MaA,ChIJU6eIyfUXDTkRunuHeTS9MaA,0.5102655453101889,0.600913230933329,3.5,0.2004871281562372,Budget,Other
ChIJz1izm5IjDTkRNiCBlzrxrNk,ChIJz1izm5IjDTkRNiCBlzrxrNk,0.48996484110630667,0.3641694923263474,4.2,0.0030195712170097,Mid-Range,Other
ChIJF40SMosZDTkRch0ZBwZJygY,ChIJF40SMosZDTkRch0ZBwZJygY,0.8472785460207451,0.47360339445656996,4.8,0.8000193013809621,Budget,Sector 38
ChIJHY9kQ3oZDTkRFwMKA9zUHhA,ChIJHY9kQ3oZDTkRFwMKA9zUHhA,0.7359366002287179,0.6250208830257262,4.2,0.600086735287914,Mid-Range,Other
ChIJE3DvtxIjDTkRjoZAKwZ_L-A,ChIJE3DvtxIjDTkRjoZAKwZ_L-A,0.7760298221272282,0.813680990465061,4.2,0.599980581185082,Budget,Gurugram
ChIJS0aYLBwjDTkRg1kvuwxqGGk,ChIJS0aYLBwjDTkRg1kvuwxqGGk,0.8319643801317664,0.6501197060019712,4.4,0.8010080659762024,Budget,Other
ChIJS49M_lcZDTkRKyK8H7uO5Gc,ChIJS49M_lcZDTkRKyK8H7uO5Gc,0.9618528047288207,0.7125506930702198,4.8,0.999839961528778,Mid-Range,Other
ChIJ86e0i6sjDTkRzMsqrb9fdGU,ChIJ86e0i6sjDTkRzMsqrb9fdGU,0.6635552074314351,0.6965614565194599,4.5,0.2005224860215094,Budget,Other
ChIJaUH1g7YZDTkRwGo7eJ6sXow,ChIJaUH1g7YZDTkRwGo7eJ6sXow,0.8693169948415622,0.7023497104269879,4.6,0.7999318858957849,Mid-Range,Gurugram
ChIJUx74utsZDTkRjuDrM8CnZM0,ChIJUx74utsZDTkRjuDrM8CnZM0,0.872965898127104,0.48237126474882813,4.5,0.999687886238098,Mid-Range,Other
ChIJBevGfo4ZDTkRVZgGThgWOhM,ChIJBevGfo4ZDTkRVZgGThgWOhM,0.871917244294549,0.6520831586266501,4.7,0.7999264144338667,Mid-Range,Gurugram
ChIJ6yMHonsZDTkRMN0eS43o7Tw,ChIJ6yMHonsZDTkRMN0eS43o7Tw,0.7627285088038165,0.7357099103665569,4.7,0.4019366445718333,Budget,Sector 57
ChIJWUsSGaMZDTkRl5tZNykJQlM,ChIJWUsSGaMZDTkRl5tZNykJQlM,0.6173496350433262,0.5423412639583347,4.4,0.2001769560592947,Mid-Range,Other
ChIJtaHuZ1AZDTkRyrznyfcQis8,ChIJtaHuZ1AZDTkRyrznyfcQis8,0.9109511683423323,0.47360339445656996,4.8,0.9995932698249816,Mid-Range,Other
ChIJzZI0VEkZDTkR29_RofPvWQE,ChIJzZI0VEkZDTkR29_RofPvWQE,0.8914953397651346,0.6795367760999621,4.8,0.8013224576599896,Budget,Sector 57
ChIJ1ywK05AZDTkRdgEqHoRr7Qc,ChIJ1ywK05AZDTkRdgEqHoRr7Qc,0.568109213535262,0.5274866041051129,4.3,0.0974087113223503,Mid-Range,Other
ChIJBcMcWOAjDTkRUzbA5iIK4lY,ChIJBcMcWOAjDTkRUzbA5iIK4lY,0.9060473723993293,0.45020858117598517,4.8,0.9998194694519044,Mid-Range,Gurugram
ChIJV5-5zT8ZDTkRZVbc0L1G0SU,ChIJV5-5zT8ZDTkRZVbc0L1G0SU,0.837479115107088,0.6789689611762815,4.7,0.6740604846738278,Budget,Other
ChIJm0qIOasjDTkRA453tuikBoQ,ChIJm0qIOasjDTkRA453tuikBoQ,0.8865264216300349,0.6334402972092167,4.6,0.8998123168945312,Mid-Range,Other
ChIJTUvWM5MYDTkR3hEIs_noaC8,ChIJTUvWM5MYDTkR3hEIs_noaC8,0.8751937946214488,0.5551484894132765,4.4,0.9998194694519044,Budget,Other
ChIJRRr_gFYjDTkRVtJ9ZdjdHTs,ChIJRRr_gFYjDTkRVtJ9ZdjdHTs,0.9114493795718122,0.538128336283779,4.7,0.9998048901557922,Mid-Range,Sector 57
ChIJVbCrbc8jDTkRq4eovlKi9kE,ChIJVbCrbc8jDTkRq4eovlKi9kE,0.6949324180568981,0.6072771990076169,4.4,0.4000599813414737,Budget,Other
ChIJwyap0C4ZDTkRoNal--atvHU,ChIJwyap0C4ZDTkRoNal--atvHU,0.6040747088279127,0.5711585919664239,4.2,0.2226901211717631,Mid-Range,Other
ChIJtRsd1IMjDTkRhi5TIH7xu98,ChIJtRsd1IMjDTkRhi5TIH7xu98,0.6372018647448701,0.5964152635823635,4.4,0.2263519843982066,Mid-Range,Other
ChIJ5ztBr_kZDTkR4LzBbqbWcSk,ChIJ5ztBr_kZDTkR4LzBbqbWcSk,0.5075932583247503,0.5711585919664239,4.0,0.0036142673838184,Mid-Range,Gurugram
ChIJDQno1z4ZDTkRCYA0YtLlZos,ChIJDQno1z4ZDTkRCYA0YtLlZos,0.8924798702214932,0.5113480657867013,4.6,0.9998674869537354,Mid-Range,Other
ChIJa4Td0z8jDTkRPG1sCr5IS5o,ChIJa4Td0z8jDTkRPG1sCr5IS5o,0.5855183509398527,0.516562458327211,4.2,0.2009249322814867,Mid-Range,Other
ChIJuZcQSHoYDTkR8OykqL6oCRA,ChIJuZcQSHoYDTkR8OykqL6oCRA,0.513831983625411,0.4516745927904628,3.8,0.1861581138800829,Mid-Range,Other
ChIJjyeFQCMfDTkRJuuH8AyC5YE,ChIJjyeFQCMfDTkRJuuH8AyC5YE,0.8214186034916713,0.4813193912566148,4.6,0.797153841771069,Mid-Range,Other
ChIJ3-PpEgYZDTkRA3FAMu-E6AI,ChIJ3-PpEgYZDTkRA3FAMu-E6AI,0.8661621684991864,0.5625075640667904,4.8,0.7999382367182989,Mid-Range,Other
ChIJSXFOGecZDTkRR7ECThr6qcM,ChIJSXFOGecZDTkRR7ECThr6qcM,0.6614838666156635,0.4559389939601579,4.6,0.3127784325042739,Mid-Range,Other
ChIJCUCbwIwZDTkRpOs1cXoyU2Q,ChIJCUCbwIwZDTkRpOs1cXoyU2Q,0.8665598964425594,0.49820347599344156,4.5,0.9690542578697204,Mid-Range,Other
ChIJhbQ2bW8ZDTkRgB6pJDAyXXc,ChIJhbQ2bW8ZDTkRgB6pJDAyXXc,0.8009805061962223,0.5556258741189108,4.8,0.6002221621805802,Budget,Other
ChIJg6ULUdEjDTkRnQiTUDS_J9s,ChIJg6ULUdEjDTkRnQiTUDS_J9s,0.9240760246586852,0.5349129838447931,4.8,0.9998584508895874,Mid-Range,Other
ChIJN7SyOloZDTkRk7RKye2AtZI,ChIJN7SyOloZDTkRk7RKye2AtZI,0.6544034067453907,0.4188864433914587,4.4,0.398620639485307,Mid-Range,Sector 38
ChIJix1ZFWUYDTkRrJMXkJIv9mk,ChIJix1ZFWUYDTkRrJMXkJIv9mk,0.925995038991312,0.5439744604732639,4.8,0.9998323798179628,Mid-Range,Sector 38
ChIJNW7xfpUjDTkRnk6REafay-g,ChIJNW7xfpUjDTkRnk6REafay-g,0.7822295663889385,0.48444001240945217,4.3,0.7972402323503047,Mid-Range,Other
ChIJ-d8FwZ4ZDTkRRzTD7epgUdw,ChIJ-d8FwZ4ZDTkRRzTD7epgUdw,0.9149710178661304,0.42962070859781437,4.9,0.9998481154441834,Mid-Range,Sector 57
ChIJganRVJAjDTkRuq61WMKx4NQ,ChIJganRVJAjDTkRuq61WMKx4NQ,0.8921864250795687,0.5725584651670446,4.5,0.9998074531555176,Budget,Other
ChIJ5X7CbgAZDTkR2E-ZjpnjZi8,ChIJ5X7CbgAZDTkR2E-ZjpnjZi8,0.8709428707428534,0.5792584648304031,4.8,0.8037554901093245,Luxury,Sector 57
ChIJR3VQqa0ZDTkRTEA4kYW9eMo,ChIJR3VQqa0ZDTkRTEA4kYW9eMo,0.8068448482860866,0.5844663889823761,4.8,0.5993762080615852,Budget,Other
ChIJx0bOHEgZDTkRcxDTz1N9ASc,ChIJx0bOHEgZDTkRcxDTz1N9ASc,0.6319593918063273,0.3856836393487762,3.8,0.6004078501253389,Budget,Gurugram
ChIJVYx7WkYZDTkRLSo5i62rT3Y,ChIJVYx7WkYZDTkRLSo5i62rT3Y,0.8765254285967975,0.6112903123822879,4.8,0.7998987629893236,Budget,Other
ChIJmTB5HzUZDTkRTBavRM5qJO4,ChIJmTB5HzUZDTkRTBavRM5qJO4,0.9441144348631303,0.6292178131381893,4.8,0.9997964859008788,Mid-Range,Gurugram
ChIJRU-t04EYDTkRvvJW6Wqkwes,ChIJRU-t04EYDTkRvvJW6Wqkwes,0.8416157817459203,0.5849888776145759,4.1,0.9996797442436218,Mid-Range,Other
ChIJqe1N890ZDTkRmmIYeR-jjV8,ChIJqe1N890ZDTkRmmIYeR-jjV8,0.809524004757022,0.43585872312643875,4.1,0.9985121369361878,Mid-Range,Other
ChIJ-VWydUYZDTkRCK1L0K_hslU,ChIJ-VWydUYZDTkRCK1L0K_hslU,0.7458378691563063,0.42293446435577203,4.1,0.8075119853019714,Mid-Range,Sector 38
ChIJSfZsve4ZDTkR-sn6fGbQcH0,ChIJSfZsve4ZDTkR-sn6fGbQcH0,0.9660826331971454,0.6074137945032744,5.0,0.9998557686805724,Mid-Range,Sector 57
ChIJR3-TfVQZDTkRhVHU7cnbjZw,ChIJR3-TfVQZDTkRhVHU7cnbjZw,0.6978115075895948,0.5593592993165449,4.5,0.3993627315881894,Mid-Range,Other
ChIJefT_XP8ZDTkRD_-feFIklCk,ChIJefT_XP8ZDTkRD_-feFIklCk,0.8909524451120338,0.44170484731592363,4.7,0.99984210729599,Mid-Range,Other
ChIJKST1WAIiDTkRsgzAHRBHBv4,ChIJKST1WAIiDTkRsgzAHRBHBv4,0.8661399383602001,0.5918503514096412,4.3,0.988640034198761,Mid-Range,Other
ChIJx6BZam8ZDTkRL_TARoK8i_w,ChIJx6BZam8ZDTkRL_TARoK8i_w,0.7912354297707461,0.5045965926282034,4.8,0.6036969450418838,Mid-Range,Other
ChIJ845-Av8hDTkR92215ULZUa0,ChIJ845-Av8hDTkR92215ULZUa0,0.9598988724074878,0.8908992908046224,4.5,0.9998165369033812,Mid-Range,Gurugram
ChIJBfnuD7sZDTkRo_vgFmqNTNs,ChIJBfnuD7sZDTkRo_vgFmqNTNs,0.9029105943436456,0.5016676827397029,4.7,0.9973482251167296,Mid-Range,Other
ChIJmxMf1OUZDTkRIJSsusHos68,ChIJmxMf1OUZDTkRIJSsusHos68,0.8795633275128708,0.6880080566530902,4.7,0.799942185654072,Budget,Other
ChIJHzfXMashDTkRWbUuOutv-AM,ChIJHzfXMashDTkRWbUuOutv-AM,0.8691024810871486,0.3386222175183568,4.8,0.958411180973053,Mid-Range,Gurugram
ChIJ7xjccFQfDTkRNLupqKY77ZM,ChIJ7xjccFQfDTkRNLupqKY77ZM,0.8453092663787214,0.5409580317684104,4.2,0.9989437460899352,Budget,Other
ChIJZYZCov4ZDTkR0xTOhZJFEAI,ChIJZYZCov4ZDTkR0xTOhZJFEAI,0.8178128703626101,0.5725584651670446,4.9,0.6000260674627498,Budget,Sector 57
ChIJQ0vxHv8fDTkRUeYGo5JciUc,ChIJQ0vxHv8fDTkRUeYGo5JciUc,0.7301509893851292,0.5346150961871148,4.3,0.6005563107552007,Budget,Sector 53
ChIJaf9ECAAZDTkRC8nY0G2d1SY,ChIJaf9ECAAZDTkRC8nY0G2d1SY,0.7295466002443658,0.581629146476342,4.7,0.4006525608012453,Mid-Range,Sector 53
ChIJ0_gWbwAZDTkR_RpnbSXlPFY,ChIJ0_gWbwAZDTkR_RpnbSXlPFY,0.7831667217764221,0.5384152080472859,4.7,0.5975274997093948,Mid-Range,Sector 57
ChIJFY7fg1cZDTkRPMAAI0HUMwA,ChIJFY7fg1cZDTkRPMAAI0HUMwA,0.7929117375788427,0.644610877115675,4.6,0.5989416017808253,Budget,Sector 53
ChIJfUhqA8YjDTkRIhFkg-BOGCU,ChIJfUhqA8YjDTkRIhFkg-BOGCU,0.7228031600394631,0.6878931309427058,4.0,0.6003400909306947,Mid-Range,Other
ChIJ-5u-Vo0hDTkRbRiX9zTmtN8,ChIJ-5u-Vo0hDTkRbRiX9zTmtN8,0.8658075902776317,0.6260321281207478,4.7,0.7981438123853877,Mid-Range,Other
ChIJDTI7CaIjDTkRKhz122Ji-Fk,ChIJDTI7CaIjDTkRKhz122Ji-Fk,0.9376403357035429,0.6612469266544017,4.7,0.9998181462287904,Mid-Range,Other
ChIJAYcyTJ0ZDTkRLMQcp2ZFyMc,ChIJAYcyTJ0ZDTkRLMQcp2ZFyMc,0.5066756453448875,0.5215001967321914,3.6,0.2005103863513795,Mid-Range,Sector 53
ChIJYcsBST0ZDTkR5eL0sZwm_rI,ChIJYcsBST0ZDTkR5eL0sZwm_rI,0.8935526116201856,0.3914140521329489,4.8,0.9998525381088256,Budget,Sector 57
ChIJ7wT_1n0jDTkRHes_l2DwAiI,ChIJ7wT_1n0jDTkRHes_l2DwAiI,0.5495971908409177,0.47360339445656996,4.0,0.2003072029590839,Mid-Range,Other
ChIJ78pTIgAfDTkRy0dLDmC0oRk,ChIJ78pTIgAfDTkRy0dLDmC0oRk,0.4818241605611714,0.2918825720663544,3.3,0.4006948939349967,Budget,Sector 53
ChIJpdqtbN8jDTkRmuU5UArPQn0,ChIJpdqtbN8jDTkRmuU5UArPQn0,0.7408655822943042,0.43234548302977444,4.7,0.5356529539683834,Mid-Range,Other
ChIJFWRRdg0ZDTkRcAYp_1949Kg,ChIJFWRRdg0ZDTkRcAYp_1949Kg,0.7883011937360108,0.2580997673088359,4.7,0.8004978282377124,Mid-Range,Other
ChIJA4pw_H4ZDTkRyr1y9v30CQ4,ChIJA4pw_H4ZDTkRyr1y9v30CQ4,0.8438456801334865,0.47474561508864666,4.8,0.7884979269379983,Mid-Range,Sector 53
ChIJ76KgAiEiDTkRw62nMJ-4n7k,ChIJ76KgAiEiDTkRw62nMJ-4n7k,0.8912905649573324,0.8183836426241888,4.1,0.9997827053070067,Mid-Range,Other
ChIJYdhm_qcYDTkRuOoWmtPIXio,ChIJYdhm_qcYDTkRuOoWmtPIXio,0.18123226383878469,0.16679455498454923,2.2,0.0002520740090403,Mid-Range,Sector 57
ChIJacclYuwZDTkR5UZdmKWu_90,ChIJacclYuwZDTkR5UZdmKWu_90,0.9116482820360918,0.4769888516730629,4.8,0.9995213150978088,Mid-Range,Sector 53
ChIJh3MXlKUjDTkRo6ibACe4IOE,ChIJh3MXlKUjDTkRo6ibACe4IOE,0.37750749429070996,0.3386222175183568,3.4,0.0009007606655358,Budget,Other
ChIJHUkIOTQhDTkRvqg7VDi8YEI,ChIJHUkIOTQhDTkRvqg7VDi8YEI,0.6970722090299291,0.44488771508665215,4.2,0.5983598810737021,Budget,Other
ChIJ5zP56pMfDTkR4iADY4sOufg,ChIJ5zP56pMfDTkR4iADY4sOufg,0.5720148588634095,0.3410402707054878,3.9,0.4006146963598439,Mid-Range,Sector 53
ChIJAXp7bFcZDTkRkKdt_Lt46Tk,ChIJAXp7bFcZDTkRkKdt_Lt46Tk,0.608133547987997,0.5504868924455442,4.4,0.1658598507638088,Mid-Range,Sector 53
ChIJ8XxKq60YDTkR1qyuvd84B8k,ChIJ8XxKq60YDTkR1qyuvd84B8k,0.6596076154294123,0.16679455498454923,4.0,0.7496605142732733,Mid-Range,Sector 53
ChIJ-_yRL8EZDTkRpKoCJVWyNKU,ChIJ-_yRL8EZDTkRpKoCJVWyNKU,0.7591586549120859,0.42775885026245947,4.7,0.5960480853100307,Mid-Range,Sector 53
ChIJs5RrKf8hDTkRAqpHTQgqjBI,ChIJs5RrKf8hDTkRAqpHTQgqjBI,0.9440067320088538,0.7536177739926339,4.6,0.9998589307069778,Luxury,Gurugram
ChIJAQA0MlMeDTkRBu02w_FNO1U,ChIJAQA0MlMeDTkRBu02w_FNO1U,0.8538008594807036,0.20453922631468055,4.8,0.999838799238205,Budget,Other
ChIJIagCv3IZDTkR_J9Y0e95QvU,ChIJIagCv3IZDTkR_J9Y0e95QvU,0.4247146594644002,0.3501294176361872,3.7,0.0161943211045581,Budget,Sector 53
ChIJE36DOowgDTkRLAxRjfgu7bk,ChIJE36DOowgDTkRLAxRjfgu7bk,0.7831333382185909,0.721463198935417,4.4,0.600390869146213,Mid-Range,Other
ChIJed7uWW4jDTkRqkxrKc2dId0,ChIJed7uWW4jDTkRqkxrKc2dId0,0.9510715738693744,0.6618573538488639,4.8,0.9998430848121644,Mid-Range,Other
ChIJw1-SozIZDTkRl1rQPEknUFw,ChIJw1-SozIZDTkRl1rQPEknUFw,0.8949038853057735,0.336139675368766,4.9,0.9992708563804626,Budget,Sector 53
ChIJRQKY9bMYDTkRfXgi7aldg6E,ChIJRQKY9bMYDTkRfXgi7aldg6E,0.8775923371008911,0.31661683023411846,4.8,0.9996918439865112,Mid-Range,Sector 53
ChIJHRhUZowjDTkR6J5dsol9s_Q,ChIJHRhUZowjDTkR6J5dsol9s_Q,0.8586424339767086,0.10226961315734028,5.0,0.9998605251312256,Mid-Range,Other
ChIJqzx_of0hDTkR-rg9kq8jjq0,ChIJqzx_of0hDTkR-rg9kq8jjq0,0.4177876859637282,0.3914140521329489,3.6,0.0086261554388328,Mid-Range,Gurugram
ChIJAx_1cQAjDTkRyUfJqOJ0uhw,ChIJAx_1cQAjDTkRyUfJqOJ0uhw,0.8468940783542422,0.4593492585888129,4.8,0.8083169922232628,Mid-Range,Other
ChIJtzflUNEhDTkRCosTp3T0fO8,ChIJtzflUNEhDTkRCosTp3T0fO8,0.6507175762546944,0.7529055301692916,3.9,0.3727218013140372,Luxury,Gurugram
ChIJbQ74MQkiDTkRYja2Bqk2fsE,ChIJbQ74MQkiDTkRYja2Bqk2fsE,0.79958621671979,0.3101942966885136,4.7,0.8011396523565052,Budget,Sector 57
ChIJSQVKhP4hDTkR2I0YM9eyqOA,ChIJSQVKhP4hDTkR2I0YM9eyqOA,0.6564445122910099,0.31661683023411846,4.0,0.6398646414279938,Budget,Other
ChIJVWI3S-MfDTkRWw65C3hVwe8,ChIJVWI3S-MfDTkRWw65C3hVwe8,0.5704199737064708,0.3811417720613274,4.3,0.2022147249663248,Mid-Range,Other
ChIJSQ2YOw8iDTkRoX6IDTHFSr8,ChIJSQ2YOw8iDTkRoX6IDTHFSr8,0.6803168858155108,0.5638248947327972,3.9,0.5915509373415262,Mid-Range,Sector 57
ChIJNzBkn5wjDTkRLU3D9sUlGGM,ChIJNzBkn5wjDTkRLU3D9sUlGGM,0.5901687799888728,0.10226961315734028,3.0,0.9916963577270508,Budget,Sector 57
ChIJmfptjLIYDTkRxeYtk28uQ4U,ChIJmfptjLIYDTkRxeYtk28uQ4U,0.3067760764889208,0.10226961315734028,3.0,0.1034369394183158,Mid-Range,Sector 53
ChIJ3SQBg8chDTkRY0_2MuPDqv0,ChIJ3SQBg8chDTkRY0_2MuPDqv0,0.559574612137213,0.37471923851572264,3.7,0.4225029680121224,Mid-Range,Other
ChIJCWY26SAhDTkR1Zlugtx6d1U,ChIJCWY26SAhDTkR1Zlugtx6d1U,0.8600618713405077,0.6718021408348259,4.1,0.9996212244033812,Mid-Range,Other
ChIJqdWdI88jDTkRl5jezmWbhyo,ChIJqdWdI88jDTkRl5jezmWbhyo,0.5415145736554661,0.49820347599344156,3.9,0.2002398502401774,Budget,Sector 57
ChIJR72LhAciDTkRwAKmjg0lFv4,ChIJR72LhAciDTkRwAKmjg0lFv4,0.0,0.06452494182720897,1.0,0.0003816748503595,Mid-Range,Other
ChIJ968tGgojDTkRObaW2xZSuXs,ChIJ968tGgojDTkRObaW2xZSuXs,0.6945688721797915,0.4305378570371057,4.2,0.600080053016427,Mid-Range,Other
ChIJC7kLf7ghDTkRxYDIWk_0mrg,ChIJC7kLf7ghDTkRxYDIWk_0mrg,0.923370893326885,0.5940820634117353,4.7,0.99986891746521,Mid-Range,Other
ChIJwyNkcvcjDTkRi9Q6m8AgXBg,ChIJwyNkcvcjDTkRi9Q6m8AgXBg,0.8120193202065507,0.2580997673088359,4.4,0.9998393654823304,Mid-Range,Sector 57
ChIJk52GIJUjDTkRFLn_-Jkhn3Y,ChIJk52GIJUjDTkRFLn_-Jkhn3Y,0.566241281008831,0.31661683023411846,3.9,0.3988004234997788,Mid-Range,Other
ChIJN5u7MekfDTkRGGmz2C41TvQ,ChIJN5u7MekfDTkRGGmz2C41TvQ,0.8512302815894303,0.44251082476271125,4.4,0.9998005747795105,Mid-Range,Other
ChIJc9nUFqgYDTkRLusxIdi-tzQ,ChIJc9nUFqgYDTkRLusxIdi-tzQ,0.7352194003225855,0.5228641744469175,3.4,0.9992765665054322,Budget,Other
ChIJCVKJb40hDTkRperhcYArmyI,ChIJCVKJb40hDTkRperhcYArmyI,0.6883487227083068,0.31966922872828646,4.3,0.6128295151516795,Mid-Range,Other
ChIJ2Q_vUgAhDTkRG9JSfed_m9U,ChIJ2Q_vUgAhDTkRG9JSfed_m9U,0.8392629667471003,0.4487191123827044,4.3,0.9998183131217956,Luxury,Gurugram
ChIJM3miHicZDTkR72x_enKNSXo,ChIJM3miHicZDTkR72x_enKNSXo,0.850808398499337,0.3779858829355023,4.5,0.9998281955718994,Mid-Range,Sector 53
ChIJR1FVbAgiDTkR3NiZViDPc1w,ChIJR1FVbAgiDTkR3NiZViDPc1w,0.37987294142803923,0.3501294176361872,3.4,0.000643495740951,Mid-Range,Sector 57
ChIJJfVl6mnfDDkRF7gDYYhtgvE,ChIJJfVl6mnfDDkRF7gDYYhtgvE,0.5321609155040709,0.42093245572077237,4.3,0.0557693111797561,Luxury,Other
ChIJYbdlwT3fDDkRR4j0lgH9GwQ,ChIJYbdlwT3fDDkRR4j0lgH9GwQ,0.8350734789174894,0.5541863122314439,4.1,0.9997087478637696,Mid-Range,Other
ChIJK8q9_lrhDDkR6E6lBzzBCxQ,ChIJK8q9_lrhDDkR6E6lBzzBCxQ,0.8917984960324798,0.44566671388853635,4.7,0.9998527050018312,Mid-Range,Other
ChIJmfuSlfUiDTkRvusb7g244DQ,ChIJmfuSlfUiDTkRvusb7g244DQ,0.8686487743112048,0.1498222752495692,5.0,0.9995223879814148,Mid-Range,Other
ChIJ13o6losfDTkR7ugYxJNGxvo,ChIJ13o6losfDTkR7ugYxJNGxvo,0.6119120236039156,0.5235387412652964,3.9,0.4040017832361627,Budget,Chhatarpur
ChIJdwQosSwhDTkRemMOwhgmgNM,ChIJdwQosSwhDTkRemMOwhgmgNM,0.7415568562844952,0.3660129152098967,4.6,0.6237080454360694,Budget,Other
ChIJ7fRtZmwYDTkR1gC0XrYO20g,ChIJ7fRtZmwYDTkR1gC0XrYO20g,0.3925749670095851,0.4067510860676074,3.4,0.0027086467423941,Mid-Range,Gurugram
ChIJufECNbAfDTkRsAyk2MG1b1w,ChIJufECNbAfDTkRsAyk2MG1b1w,0.5771572849000677,0.3660129152098967,3.9,0.4000845657981699,Mid-Range,Gurugram
ChIJh_fvpJ0fDTkRUtRf7hTB600,ChIJh_fvpJ0fDTkRUtRf7hTB600,0.7655497940501974,0.4268137678954004,4.5,0.7000437096110546,Mid-Range,Other
ChIJYbW5sPMfDTkRNEz9-03Tl54,ChIJYbW5sPMfDTkRNEz9-03Tl54,0.4333511954341736,0.10226961315734028,3.0,0.5001710124488454,Mid-Range,Other
ChIJU1FwGXDeDDkRzzTKRRRe3EY,ChIJU1FwGXDeDDkRzzTKRRRe3EY,0.6649954809525658,0.5666167246789751,4.0,0.5,Luxury,Other
ChIJidaezV_dDDkRnRpQRPzREZc,ChIJidaezV_dDDkRnRpQRPzREZc,0.68677634802508,0.2690641681418895,4.4,0.5999711413518526,Mid-Range,Other
ChIJuXLbfLffDDkRxy1PB4zL1WA,ChIJuXLbfLffDDkRxy1PB4zL1WA,0.8418595834451821,0.4531178746249257,4.8,0.7966912458767184,Budget,Other
ChIJ3f2tTHbeDDkRDf98bXDD7Zg,ChIJ3f2tTHbeDDkRDf98bXDD7Zg,0.649006754439435,0.27887215890398714,4.1,0.6000483558687847,Mid-Range,New Industrial Township
ChIJ3a9ngjLfDDkRSKpG4qiY0Uc,ChIJ3a9ngjLfDDkRSKpG4qiY0Uc,0.7720265941333719,0.47417625665573304,4.7,0.6054361134767532,Mid-Range,Other
ChIJ6wyYSJndDDkRRdbX4at-Y-0,ChIJ6wyYSJndDDkRRdbX4at-Y-0,0.565200017362691,0.43234548302977444,3.7,0.4017176093766466,Budget,Other
ChIJXUHMYQ_fDDkRaJWmhG4TZa4,ChIJXUHMYQ_fDDkRaJWmhG4TZa4,0.5609974770383593,0.4769888516730629,3.6,0.4004496868234127,Mid-Range,Other
ChIJj0IpArTeDDkRBg2UFCSt5DI,ChIJj0IpArTeDDkRBg2UFCSt5DI,0.7849960263963307,0.1935748254816269,4.3,0.9998214840888976,Mid-Range,Other
ChIJrcVbzE3fDDkR0ONLilZcnO0,ChIJrcVbzE3fDDkR0ONLilZcnO0,0.4761584531408711,0.3660129152098967,4.0,0.0418495385480734,Budget,Other
ChIJBWLPRSvfDDkR9hoirJEhMJI,ChIJBWLPRSvfDDkR9hoirJEhMJI,0.47482934344780797,0.41784632292161916,3.4,0.2531280032744689,Budget,Other
ChIJFY4uPHjfDDkR79j1cq2_-W8,ChIJFY4uPHjfDDkR79j1cq2_-W8,0.5888976544653047,0.3900141789323282,4.0,0.379215794627089,Budget,Other
ChIJ17YA13zcDDkRo3GFvGnqcYw,ChIJ17YA13zcDDkRo3GFvGnqcYw,0.6148367093293554,0.5657665834864768,3.7,0.4683502878411673,Budget,Other
ChIJbRm2nIndDDkRSBeUA2LGd1I,ChIJbRm2nIndDDkRSBeUA2LGd1I,0.6773138222216498,0.6250208830257262,3.8,0.5830075466481504,Mid-Range,Other
ChIJ9QLLUI3dDDkRRkT-iEdX5Oo,ChIJ9QLLUI3dDDkRRkT-iEdX5Oo,0.8974664111617499,0.4102206732614377,4.8,0.9995821118354796,Budget,New Industrial Township
ChIJe0xCk5bdDDkR666iGLVq8iw,ChIJe0xCk5bdDDkR666iGLVq8iw,0.868993702899043,0.6382667680174953,4.7,0.7999738621816505,Mid-Range,New Industrial Township
ChIJtR4NW0jcDDkRUETZGgY6mIY,ChIJtR4NW0jcDDkRUETZGgY6mIY,0.7860668380083109,0.7611387695511939,4.0,0.7498018480837345,Mid-Range,New Industrial Township
ChIJP1vHsD_cDDkRdzvsWXI8hbc,ChIJP1vHsD_cDDkRdzvsWXI8hbc,0.6082145016017663,0.748962313263893,4.0,0.200463309319457,Mid-Range,New Industrial Township
ChIJ5ybDRzjcDDkRl2FKQsRD4eo,ChIJ5ybDRzjcDDkRl2FKQsRD4eo,0.7196739934877057,0.6237698098895316,3.6,0.7999476523254998,Mid-Range,New Industrial Township
ChIJtYj0-CfdDDkRAGrPizQfakk,ChIJtYj0-CfdDDkRAGrPizQfakk,0.7344464699441576,0.47863650200582836,4.4,0.6096723600174301,Mid-Range,New Industrial Township
ChIJSbK5LDjcDDkRNyRcRHo4DI0,ChIJSbK5LDjcDDkRNyRcRHo4DI0,0.606816067655844,0.5054167725029061,3.9,0.4001104513881728,Luxury,New Industrial Township
ChIJQzynNDjcDDkRwyLgZhp-JWY,ChIJQzynNDjcDDkRwyLgZhp-JWY,0.7877571369032537,0.7548022105017324,3.9,0.8009909205138683,Mid-Range,New Industrial Township
ChIJey3atz_cDDkRzaFat-06_cg,ChIJey3atz_cDDkRzaFat-06_cg,0.7447556711534001,0.7751364258331616,4.0,0.6109853283734992,Mid-Range,New Industrial Township
ChIJUQ3mbVndDDkRlkR4HMW7AVA,ChIJUQ3mbVndDDkRlkR4HMW7AVA,0.8394160229875994,0.44946682574870767,4.3,0.9997995734214784,Mid-Range,Other
ChIJVc-6iDLcDDkRYFx6THP4ASc,ChIJVc-6iDLcDDkRYFx6THP4ASc,0.5600297462096441,0.42489432229338514,4.0,0.2654794736823532,Mid-Range,New Industrial Township
ChIJPdbsEubdDDkREN5Uabi4_aQ,ChIJPdbsEubdDDkREN5Uabi4_aQ,0.8562053360258028,0.8282072013097816,4.3,0.7999300172523363,Mid-Range,Other
ChIJI69JKUfcDDkRXn3xNhvAIp8,ChIJI69JKUfcDDkRXn3xNhvAIp8,0.9949243344017086,0.933521406498111,4.7,0.9978514432907104,Luxury,Other
ChIJU_13687dDDkRfu5EYp6gax4,ChIJU_13687dDDkRfu5EYp6gax4,0.7887699075106614,0.5113480657867013,4.3,0.7998014213400892,Mid-Range,Other
ChIJl-ab2zzdDDkR3F9f6h1Sy4U,ChIJl-ab2zzdDDkR3F9f6h1Sy4U,0.6370907327134204,0.5228641744469175,4.1,0.4000377141986972,Budget,New Industrial Township
ChIJqxGysiLcDDkRb_4pTjmeGHc,ChIJqxGysiLcDDkRb_4pTjmeGHc,0.7110187498229986,0.5788883259189451,3.7,0.7610731829889119,Budget,New Industrial Township
ChIJWWh9-XjdDDkR5HcuTf_TKY4,ChIJWWh9-XjdDDkR5HcuTf_TKY4,0.536314506483485,0.536095092600475,3.8,0.2003464710433035,Mid-Range,New Industrial Township
ChIJEct2-vnbDDkREpc6nVEm_CM,ChIJEct2-vnbDDkREpc6nVEm_CM,0.5840186267063291,0.760771550875438,3.8,0.2000848369178129,Mid-Range,New Industrial Township
ChIJFXSOmqDdDDkRvjkhVVsePg0,ChIJFXSOmqDdDDkRvjkhVVsePg0,0.5662091916141275,0.32826824387976544,3.4,0.5992655674926937,Mid-Range,New Industrial Township
ChIJHyjs3C_dDDkRyM4BTCNh7Sw,ChIJHyjs3C_dDDkRyM4BTCNh7Sw,0.7526935150805277,0.42489432229338514,4.2,0.7860269218683242,Mid-Range,New Industrial Township
ChIJTQ2erOLdDDkRB_-qK1Sz1Ek,ChIJTQ2erOLdDDkRB_-qK1Sz1Ek,0.87855046538757,0.5709568804821098,4.4,0.9998016119003296,Luxury,Other
ChIJz16IJ_3dDDkRmEAza-Hp2Os,ChIJz16IJ_3dDDkRmEAza-Hp2Os,0.7906523552287988,0.3309666882836649,4.6,0.8009559728205204,Mid-Range,Other
ChIJjeAJQbbdDDkRRcIeFMXXeRo,ChIJjeAJQbbdDDkRRcIeFMXXeRo,0.7336261716465041,0.7297433038277928,3.8,0.6896967017964926,Luxury,Other
ChIJA5noYTHdDDkRzwENbOht5eU,ChIJA5noYTHdDDkRzwENbOht5eU,0.5214038277862132,0.3410402707054878,4.0,0.2003140053537208,Mid-Range,New Industrial Township
ChIJr3G6agDdDDkRHk3tDePJCI4,ChIJr3G6agDdDDkRHk3tDePJCI4,0.6910862964674955,0.3641694923263474,3.8,0.8000765928300098,Mid-Range,Other
ChIJdy7ZET3cDDkRwzZ86bC0Ick,ChIJdy7ZET3cDDkRwzZ86bC0Ick,0.5656162770792573,0.43585872312643875,3.7,0.4006801639683545,Budget,New Industrial Township
ChIJZazyR6vdDDkReF4YzZwjGLw,ChIJZazyR6vdDDkReF4YzZwjGLw,0.7212469975080373,0.4433098838628281,3.9,0.8001846564467996,Mid-Range,Other
ChIJn4Wvaj_dDDkR0OOyRUrFYsk,ChIJn4Wvaj_dDDkR0OOyRUrFYsk,0.49802133691615236,0.43234548302977444,3.2,0.3994876682176255,Mid-Range,Other
ChIJ91zeLwDdDDkReFhf0mek_RM,ChIJ91zeLwDdDDkReFhf0mek_RM,0.9143887092862112,0.48990284865530626,4.8,0.9995015144348144,Luxury,New Industrial Township
ChIJFdnp4hTdDDkR_KMLdSsdEUU,ChIJFdnp4hTdDDkR_KMLdSsdEUU,0.47952426456698777,0.39415218522369466,3.6,0.2003064119693589,Luxury,New Industrial Township
ChIJS9nAr1DdDDkRYZcXozkGok0,ChIJS9nAr1DdDDkRYZcXozkGok0,0.8274616066015765,0.5474177195007338,4.2,0.9386960029602052,Mid-Range,Other
ChIJoZy0FF3dDDkRDl0o6XjtTAQ,ChIJoZy0FF3dDDkRDl0o6XjtTAQ,0.5945924446115213,0.4479653445915689,3.9,0.400097967023612,Budget,Other
ChIJEfscDYrdDDkRWnjQ9k_6njQ,ChIJEfscDYrdDDkRWnjQ9k_6njQ,0.8316142354091496,0.5395539355626587,4.1,0.9986210942268372,Mid-Range,Other
ChIJ7__72BTdDDkR4IspIyx07sM,ChIJ7__72BTdDDkR4IspIyx07sM,0.6141671392565673,0.26374330205255647,4.1,0.500933790790441,Luxury,Other
ChIJ6YO4P9zdDDkR_N4aclI98Ng,ChIJ6YO4P9zdDDkR_N4aclI98Ng,0.48312691219202986,0.36036938046617617,3.2,0.4007870023779105,Mid-Range,Other
ChIJBztzF2_dDDkRL7U3jwZkoRM,ChIJBztzF2_dDDkRL7U3jwZkoRM,0.710309285302947,0.5045965926282034,4.2,0.6000439429597464,Mid-Range,Other
ChIJfRuk03LcDDkRjgXz8GpwXrc,ChIJfRuk03LcDDkRjgXz8GpwXrc,0.795558704289675,0.5534580961560319,4.3,0.7930067125649657,Mid-Range,New Industrial Township
ChIJO6S1YKjdDDkRgT-6xy2HcGU,ChIJO6S1YKjdDDkRgT-6xy2HcGU,0.5718179115784248,0.4658164288236393,3.7,0.4001466173474909,Mid-Range,Other
ChIJ3ydPH0rcDDkRphpP8-WHB1c,ChIJ3ydPH0rcDDkRphpP8-WHB1c,0.36992746002969384,0.5534580961560319,3.0,0.0005848272994625,Mid-Range,Other
ChIJJ-iCsl7dDDkRD6VpV-uTHQw,ChIJJ-iCsl7dDDkRD6VpV-uTHQw,0.7254789598809968,0.4688889788090837,4.4,0.5880631563835778,Budget,New Industrial Township
ChIJu20mEizdDDkRR9N1osWYkaM,ChIJu20mEizdDDkRR9N1osWYkaM,0.6178700894947398,0.5445125533795373,4.4,0.2003607299586292,Mid-Range,New Industrial Township
ChIJV4_uqVXdDDkRhSjJem1l21I,ChIJV4_uqVXdDDkRhSjJem1l21I,0.6991176741743473,0.5271639354507254,3.6,0.7999203252926236,Mid-Range,Other
ChIJ9UwfBWzdDDkRCkXnHDqFYAQ,ChIJ9UwfBWzdDDkRCkXnHDqFYAQ,0.24647837855429036,0.3386222175183568,2.4,0.0068728516140253,Mid-Range,Other
ChIJP99idcvdDDkRAuPrzOLRVNE,ChIJP99idcvdDDkRAuPrzOLRVNE,0.7078721999480834,0.6190732369396106,4.0,0.5994207704556175,Mid-Range,New Industrial Township
ChIJ2ewIwZTdDDkROBzUNEliaAg,ChIJ2ewIwZTdDDkROBzUNEliaAg,0.7102980317103925,0.47244698438561405,3.9,0.7464417421258985,Budget,Other
ChIJ7fAQv8_dDDkRYi2IELVDS38,ChIJ7fAQv8_dDDkRYi2IELVDS38,0.5295862353715398,0.4384092885261062,3.9,0.2027147391811013,Mid-Range,New Industrial Township
ChIJN_BW_aHdDDkRZ9V9q_co6K8,ChIJN_BW_aHdDDkRZ9V9q_co6K8,0.8632955369427473,0.12904988365441794,5.0,0.996591587861379,Mid-Range,Other
ChIJb9R_xAfdDDkR2AVEx0QfRhk,ChIJb9R_xAfdDDkR2AVEx0QfRhk,0.531184323606212,0.5321970429999837,3.8,0.1868652463395846,Mid-Range,New Industrial Township
ChIJyfOaOSndDDkR3m2wNPTZ4I0,ChIJyfOaOSndDDkR3m2wNPTZ4I0,0.30391331649053366,0.42489432229338514,2.7,0.004380832449533,Budget,Other
ChIJYcr6_KTdDDkRa9EYt-jNc1Y,ChIJYcr6_KTdDDkRa9EYt-jNc1Y,0.4027738767012014,0.28341402619143596,3.2,0.2002339090977329,Budget,New Industrial Township
ChIJl0LO2F_dDDkRdoKJO5-Xlpw,ChIJl0LO2F_dDDkRdoKJO5-Xlpw,0.43750036331539155,0.49506279886431465,3.6,0.0013139427726855,Budget,Other
ChIJayXjcrfdDDkR3fX98P4X8t4,ChIJayXjcrfdDDkR3fX98P4X8t4,0.45996239063893263,0.48893315432882295,3.3,0.2008048221119679,Budget,New Industrial Township
ChIJB1xm5avdDDkRF1xqDSafw50,ChIJB1xm5avdDDkRF1xqDSafw50,0.5309487173218697,0.336139675368766,3.6,0.4001650126359891,Budget,Other
ChIJUQXBdgXdDDkRanjpvTLK7f0,ChIJUQXBdgXdDDkRanjpvTLK7f0,0.7491639818131695,0.2143472170767782,4.6,0.7486621060306788,Budget,New Industrial Township
ChIJSUAGLTjcDDkReJYvgFOryxU,ChIJSUAGLTjcDDkReJYvgFOryxU,0.5138953133186729,0.31661683023411846,3.5,0.4013951213506516,Mid-Range,New Industrial Township
ChIJ_____1DcDDkRKENDYcDWJ98,ChIJ_____1DcDDkRKENDYcDWJ98,0.772665360588437,0.44946682574870767,3.8,0.998911201953888,Mid-Range,Other
ChIJi147UAAVDTkRWcXTa5zs4h4,ChIJi147UAAVDTkRWcXTa5zs4h4,0.8910398051488102,0.3871496509632538,4.8,0.9948193907737732,Mid-Range,Other
ChIJCcAUB0UUDTkRFVah_3Z_EA8,ChIJCcAUB0UUDTkRFVah_3Z_EA8,0.6730223850630119,0.2918825720663544,3.9,0.749982107685355,Mid-Range,Other
ChIJoUDVS4MZDTkRqZ1d-JC_LcA,ChIJoUDVS4MZDTkRqZ1d-JC_LcA,0.7861990921905098,0.685741005662299,4.0,0.8004815584048629,Luxury,Other
ChIJXSzSTs8VDTkRG66LLYu27cE,ChIJXSzSTs8VDTkRG66LLYu27cE,0.8392230581910031,0.3309666882836649,4.5,0.9948615074157716,Budget,Other
ChIJR5pu8ZwVDTkRx681RQEg5Bk,ChIJR5pu8ZwVDTkRx681RQEg5Bk,0.8247330209290825,0.1935748254816269,4.6,0.9993721842765808,Budget,Other
ChIJA-XE0cprDTkRwR3bG7Oc7JM,ChIJA-XE0cprDTkRwR3bG7Oc7JM,0.8649998025605155,0.31966922872828646,4.7,0.9998538345098495,Mid-Range,Other
ChIJCS9C0uhrDTkRa6WloDihzjA,ChIJCS9C0uhrDTkRa6WloDihzjA,0.5741856459521579,0.4167944494294059,4.1,0.2735826411575545,Mid-Range,Other
ChIJhcCsOMkVDTkRDS5i7HH0pus,ChIJhcCsOMkVDTkRDS5i7HH0pus,0.6991655709454542,0.10226961315734028,5.0,0.5,Mid-Range,Other
ChIJ33rDkUkVDTkRBF6PlzwmTFw,ChIJ33rDkUkVDTkRBF6PlzwmTFw,0.4398865835095821,0.42093245572077237,3.7,0.016546817269409,Mid-Range,Other
ChIJY1IE51RrDTkR9LtkvGG2rMs,ChIJY1IE51RrDTkR9LtkvGG2rMs,0.5176746509308392,0.16679455498454923,3.6,0.4714558383566327,Budget,Gurugram
ChIJ_4_TU0JrDTkRyysHVRMOMlY,ChIJ_4_TU0JrDTkRyysHVRMOMlY,0.6275904303442329,0.1935748254816269,4.3,0.5064530894160271,Mid-Range,Other
ChIJt7Z0krEVDTkRQK6XaPH4h6I,ChIJt7Z0krEVDTkRQK6XaPH4h6I,0.8071368276005555,0.7034264710645534,4.5,0.6459846597630531,Luxury,Other
ChIJ8SoxXNoVDTkRR5Pv53WSjPk,ChIJ8SoxXNoVDTkRR5Pv53WSjPk,0.7930197610964382,0.2313194968117582,4.3,0.9998077750205994,Mid-Range,Other
ChIJMdfEwa4VDTkRNvWJPcjjKvs,ChIJMdfEwa4VDTkRNvWJPcjjKvs,0.5984099412105698,0.2580997673088359,3.4,0.7469738233485259,Budget,Other
ChIJEfP0F2gVDTkRFEASRM18OvY,ChIJEfP0F2gVDTkRFEASRM18OvY,0.4434108556883376,0.1498222752495692,3.0,0.5,Budget,Gurugram
ChIJaQdz0fEVDTkRUSxN6XkGWfo,ChIJaQdz0fEVDTkRUSxN6XkGWfo,0.6766296610761803,0.24566935486130465,4.6,0.5004308135030442,Mid-Range,Other
ChIJLUMOqANrDTkRUnxDCCSW460,ChIJLUMOqANrDTkRUnxDCCSW460,0.5543222758742095,0.0,4.07404718693285,0.5,Mid-Range,Other
ChIJ_XGJiqsVDTkRsDGzPDq1p6Q,ChIJ_XGJiqsVDTkRsDGzPDq1p6Q,0.8323541304824348,0.4090784526293611,4.8,0.7962571925483644,Budget,Other
ChIJ_aDnf8sVDTkRnJ0EHXJQld4,ChIJ_aDnf8sVDTkRnJ0EHXJQld4,0.8285753108600549,0.3386222175183568,4.4,0.9980504393577576,Budget,Other
ChIJL_M_RmYYDTkRorRddpAJS_E,ChIJL_M_RmYYDTkRorRddpAJS_E,0.5824460426426739,0.4626389936235164,3.8,0.3939108046179171,Budget,Other
ChIJ4aZIwh0XDTkRk3pS4f1_2cA,ChIJ4aZIwh0XDTkRk3pS4f1_2cA,0.8251144732322926,0.31966922872828646,4.4,0.9998381972312927,Luxury,Gurugram
ChIJN0M0yEMVDTkR3nuuH7KZn-Y,ChIJN0M0yEMVDTkR3nuuH7KZn-Y,0.73627636829508,0.2143472170767782,4.7,0.6666008069490393,Budget,Other
ChIJH9Crl7sVDTkRASEZWnCtzjw,ChIJH9Crl7sVDTkRASEZWnCtzjw,0.7089072389405799,0.3730418991973482,4.4,0.6000191974686458,Mid-Range,Other
ChIJrcOxu7MVDTkRwGNFDz8XwIA,ChIJrcOxu7MVDTkRwGNFDz8XwIA,0.9084037386552504,0.523874200416022,4.7,0.9997614622116088,Mid-Range,Other
ChIJPegImFEVDTkRh7SAGGlzcY8,ChIJPegImFEVDTkRh7SAGGlzcY8,0.9350634038206355,0.524208455042967,4.9,0.999766719341278,Mid-Range,Other
ChIJtwsPvxsXDTkRbnLWQkgcsoU,ChIJtwsPvxsXDTkRbnLWQkgcsoU,0.8476263427428943,0.4764330899412014,4.8,0.7992229635827244,Mid-Range,Other
ChIJB0f_eV8VDTkRZLamMeFD228,ChIJB0f_eV8VDTkRZLamMeFD228,0.5927704935924398,0.10226961315734028,3.0,0.9998511075973512,Mid-Range,Manesar
ChIJ43idupk9DTkRjypZM1JQyko,ChIJ43idupk9DTkRjypZM1JQyko,0.7371400971007112,0.3309666882836649,4.2,0.7998950773791875,Budget,Gurugram
ChIJqQZUNaQVDTkRPeAeq486Mtk,ChIJqQZUNaQVDTkRPeAeq486Mtk,0.6936982834967765,0.42962070859781437,4.2,0.5979627326363698,Mid-Range,Other
ChIJdZJtxyIVDTkRIE66YtbuTXM,ChIJdZJtxyIVDTkRIE66YtbuTXM,0.5973759226482497,0.28774456577498797,3.7,0.5989696209318935,Mid-Range,Other
ChIJ32Vw6zEVDTkRjhdgrT9Hq_Y,ChIJ32Vw6zEVDTkRjhdgrT9Hq_Y,0.6897136593787775,0.3543615015642497,4.3,0.5939795586280525,Budget,Other
ChIJe_7OFZoXDTkRoDVLEQfnHHU,ChIJe_7OFZoXDTkRoDVLEQfnHHU,0.6911374624668677,0.06452494182720897,5.0,0.5,Budget,Manesar
ChIJY009gVIXDTkR68MwDX50jN8,ChIJY009gVIXDTkR68MwDX50jN8,0.6253819781842278,0.3309666882836649,4.1,0.4912697270883654,Mid-Range,Other
ChIJR2D6ioQXDTkRBDwuY3-75P0,ChIJR2D6ioQXDTkRBDwuY3-75P0,0.46492217826564697,0.3856836393487762,3.5,0.2018503403407521,Budget,Other
ChIJp0gsI8YVDTkRta54FAmE9x4,ChIJp0gsI8YVDTkRta54FAmE9x4,0.44471661888488295,0.35640751389356334,3.4,0.1997025943273911,Budget,Other
ChIJ5ybFfAsXDTkR5slZzBjfm8o,ChIJ5ybFfAsXDTkR5slZzBjfm8o,0.5565301520037463,0.32826824387976544,3.8,0.4022611469321417,Mid-Range,Other
ChIJdQZbs-EXDTkReLc3La1x-IU,ChIJdQZbs-EXDTkReLc3La1x-IU,0.8589189567100374,0.12904988365441794,5.0,0.9828737378120422,Mid-Range,Other
ChIJS51qEH4ZDTkR5-RJJbhYIZk,ChIJS51qEH4ZDTkR5-RJJbhYIZk,0.7742210620557738,0.5054167725029061,4.2,0.7998207248398101,Mid-Range,Other
ChIJWWO7DjcYDTkRxCyu50Z5ppo,ChIJWWO7DjcYDTkRxCyu50Z5ppo,0.7222491283132615,0.7489026211723395,3.9,0.5995972201111727,Budget,Other
ChIJw38BrVMZDTkR5GJOODWBotg,ChIJw38BrVMZDTkR5GJOODWBotg,0.8410860942178934,0.4479653445915689,4.5,0.9227018594741822,Budget,Other
ChIJHcE1PUsYDTkRk6DOqjzqpVQ,ChIJHcE1PUsYDTkRk6DOqjzqpVQ,0.8300250760601058,0.5928133580693498,4.0,0.9998004555702208,Mid-Range,Other
ChIJ_2UShLkZDTkRuxpjX8R1uP8,ChIJ_2UShLkZDTkRuxpjX8R1uP8,0.8796936745655276,0.5143633840917362,4.5,0.9994471907615662,Mid-Range,Other
ChIJvwz3f_wYDTkRppCWpizlKPk,ChIJvwz3f_wYDTkRppCWpizlKPk,0.7945443116194779,0.7260775824298975,4.0,0.7997475665441016,Budget,Other
ChIJhWenoXoZDTkR8_pA7WnKEAk,ChIJhWenoXoZDTkR8_pA7WnKEAk,0.6263604674857646,0.5355059145983454,4.0,0.3996438633766956,Mid-Range,Other
ChIJE9ZNnEoYDTkRKUGTJncZXrI,ChIJE9ZNnEoYDTkRKUGTJncZXrI,0.7233783849341499,0.6283498365600062,4.1,0.6001719252206386,Mid-Range,Other
ChIJAQAAwMoZDTkRW9hrHxvXr20,ChIJAQAAwMoZDTkRW9hrHxvXr20,0.9203624769370525,0.8339608027262679,4.4,0.955520248413086,Budget,Other
ChIJu-834kAZDTkR5lRXhrM4Sm4,ChIJu-834kAZDTkR5lRXhrM4Sm4,0.46654020885773756,0.4964217983810349,3.8,0.0080964179825968,Mid-Range,Other
ChIJX4oJPJ0ZDTkRtTXBpkiY5Bs,ChIJX4oJPJ0ZDTkRtTXBpkiY5Bs,0.5929081485035681,0.5756812674563431,3.7,0.3930081337108276,Budget,Other
ChIJUW2yCxEZDTkRJV_Mf597aw8,ChIJUW2yCxEZDTkRJV_Mf597aw8,0.8515506930878969,0.5066336501392149,4.3,0.999722981452942,Mid-Range,Other
ChIJv95cHRgZDTkRuOlyYk0-h9g,ChIJv95cHRgZDTkRuOlyYk0-h9g,0.9235549758294445,0.5325027569482707,4.8,0.9998321056365966,Mid-Range,Other
ChIJj6f6_j8YDTkRRjtc27zzXbg,ChIJj6f6_j8YDTkRRjtc27zzXbg,0.7441877678417802,0.7031340420902918,4.2,0.5738735614315373,Mid-Range,Other
ChIJJ7UzRjYYDTkRpXiNxgs1P6I,ChIJJ7UzRjYYDTkRpXiNxgs1P6I,0.546527224995093,0.7590205936698043,4.0,0.0004066414752742,Mid-Range,Other
ChIJ9yKcCbQXDTkRW3uWCbf-uLQ,ChIJ9yKcCbQXDTkRW3uWCbf-uLQ,0.8576544231676805,0.34793896801864493,4.6,0.9996508240699769,Budget,Other
ChIJkVM5FkgYDTkRPZkgLsmOLLE,ChIJkVM5FkgYDTkRPZkgLsmOLLE,0.7274449445712661,0.7067249918231804,4.0,0.6023346171714365,Budget,Other
ChIJ4ZO2ChQZDTkRpunIryEaAR8,ChIJ4ZO2ChQZDTkRpunIryEaAR8,0.8465338318509804,0.2958444386389672,4.6,0.9995243906974792,Mid-Range,Other
ChIJDeq9wUQZDTkRrwJeNPrH41U,ChIJDeq9wUQZDTkRrwJeNPrH41U,0.6027618925971777,0.715716875919074,4.0,0.2055364049156195,Mid-Range,Other
ChIJHfZfh2kZDTkRAs6yvHNDDwI,ChIJHfZfh2kZDTkRAs6yvHNDDwI,0.8270189721655128,0.6160128096547535,4.9,0.5999118932348211,Budget,Other
ChIJRSLL8FUZDTkRdDJEkxGactk,ChIJRSLL8FUZDTkRdDJEkxGactk,0.6257196100787521,0.5232020688781126,3.8,0.4891710721538402,Mid-Range,Other
ChIJGTTB6-0ZDTkRdIDLpY_uLr4,ChIJGTTB6-0ZDTkRdIDLpY_uLr4,0.7560752188957254,0.6582123890753627,4.3,0.5994144101743586,Mid-Range,Other
ChIJg7gqCGsZDTkRdaEehmo_1F8,ChIJg7gqCGsZDTkRdaEehmo_1F8,0.819509774138143,0.6422000499959715,4.8,0.6005837461561896,Mid-Range,Other
ChIJL2zf1n8ZDTkRrIjmGANW7ks,ChIJL2zf1n8ZDTkRrIjmGANW7ks,0.9004714686905567,0.4864637837128357,4.7,0.9998390197753906,Mid-Range,Other
ChIJl_6HRQwZDTkRxKFsmlnUHXY,ChIJl_6HRQwZDTkRxKFsmlnUHXY,0.5453723848201264,0.3914140521329489,4.1,0.2001912986423121,Budget,Other
ChIJGVd7GyYZDTkR72EnTWRzVTM,ChIJGVd7GyYZDTkR72EnTWRzVTM,0.8446146484034592,0.5989907359557148,4.1,0.9997447490692138,Mid-Range,Other
ChIJyfblicYYDTkRYmMn8f1coPg,ChIJyfblicYYDTkRYmMn8f1coPg,0.6186019183881575,0.6207441246058331,3.8,0.4018335097294766,Mid-Range,Other
ChIJxydUCQAZDTkRTbnjfN2N-1I,ChIJxydUCQAZDTkRTbnjfN2N-1I,0.9301282887216676,0.6259203085114013,4.7,0.9998236417770384,Mid-Range,Other
ChIJuwDMPGMZDTkRwLNEZhvujiY,ChIJuwDMPGMZDTkRwLNEZhvujiY,0.6704899592668141,0.6168799199763136,4.2,0.4003796332806814,Mid-Range,Other
ChIJS4Ok5QoZDTkRvuSk45jH_qw,ChIJS4Ok5QoZDTkRvuSk45jH_qw,0.6169814550034405,0.6050639639748128,4.3,0.1988744745322037,Mid-Range,Other
ChIJ48E4IKoZDTkRUDIRdG8HzTI,ChIJ48E4IKoZDTkRUDIRdG8HzTI,0.8245696670691575,0.4332363014410051,4.7,0.7974191878107376,Mid-Range,Sector 43
ChIJO5gx3G0ZDTkRyQkPGNTASN0,ChIJO5gx3G0ZDTkRyQkPGNTASN0,0.6397634520547696,0.5366805650560723,4.1,0.3992040957091376,Budget,Other
ChIJa6yw1-AZDTkRqNKlmkNQJ_I,ChIJa6yw1-AZDTkRqNKlmkNQJ_I,0.8984782338834588,0.6020768687548681,4.5,0.9998494148254394,Mid-Range,Other
ChIJd0OgBToZDTkRhlQmthdje-Y,ChIJd0OgBToZDTkRhlQmthdje-Y,0.9066577751997926,0.6404936716229086,4.5,0.9998759746551512,Mid-Range,Other
ChIJAQBA6eAYDTkRV0RzEJj5IE8,ChIJAQBA6eAYDTkRV0RzEJj5IE8,0.7118903284754811,0.5752965982577903,4.1,0.5995328570395941,Budget,Sector 43
ChIJtdwaGPMYDTkRQK0oAP05IEI,ChIJtdwaGPMYDTkRQK0oAP05IEI,0.72291485858565,0.6259203085114013,4.1,0.6003387445118278,Mid-Range,Other
ChIJX7C574UZDTkRYfqnTVhY8-k,ChIJX7C574UZDTkRYfqnTVhY8-k,0.7662381992445078,0.5803601322866748,4.5,0.5998371877183672,Budget,Other
ChIJZSK5CTYZDTkRfA7occujCkk,ChIJZSK5CTYZDTkRfA7occujCkk,0.8311959142049008,0.5232020688781126,4.6,0.7998778292152564,Mid-Range,Sector 43
ChIJ-yMuUIAZDTkRLIVVi0UXBZg,ChIJ-yMuUIAZDTkRLIVVi0UXBZg,0.7414182531501692,0.5860251385594003,4.3,0.6015987954684533,Mid-Range,Other
ChIJT-DMdTkZDTkRiN-ft-zozUQ,ChIJT-DMdTkZDTkRiN-ft-zozUQ,0.9371544221120178,0.5340164458050647,4.9,0.99978209733963,Budget,Other
ChIJCfft_zQZDTkR-d687pw4YUI,ChIJCfft_zQZDTkR-d687pw4YUI,0.6331688177119132,0.6380705828793656,3.9,0.394274017191492,Mid-Range,Other
ChIJw8MNqtEYDTkR-YsYLWK7GI4,ChIJw8MNqtEYDTkR-YsYLWK7GI4,0.7359456022241416,0.625359186778756,4.2,0.5998894150950946,Mid-Range,Other
ChIJoY6Dp7cfDTkRzEdiSCB7ErA,ChIJoY6Dp7cfDTkRzEdiSCB7ErA,0.8196599819553323,0.5312738306702829,4.5,0.8000053668860346,Mid-Range,Other
ChIJvbq6qMAYDTkR_ir2j3Ddu6g,ChIJvbq6qMAYDTkR_ir2j3Ddu6g,0.7184535530388015,0.6550755888630876,4.5,0.4002518131979741,Mid-Range,Other
ChIJ3VQnN78ZDTkRmGxqa1UL0eo,ChIJ3VQnN78ZDTkRmGxqa1UL0eo,0.6904195785424954,0.6968752427050666,4.7,0.2011830142757389,Budget,Other
ChIJOTFgFrkZDTkRtGNiP_WDHVE,ChIJOTFgFrkZDTkRtGNiP_WDHVE,0.8205581077430751,0.7204960233408689,4.7,0.5933389694313519,Budget,Sector 43
ChIJmbKGWigZDTkRnFzstL8pzNQ,ChIJmbKGWigZDTkRnFzstL8pzNQ,0.9059431025893699,0.5747165975429543,4.6,0.999820637702942,Mid-Range,Sector 43
ChIJS6pNJr4ZDTkRU4iPl8B64uE,ChIJS6pNJr4ZDTkRU4iPl8B64uE,0.9191568232059061,0.5801774240561128,4.7,0.9959301948547364,Mid-Range,Other
ChIJZSmFMJkZDTkRohYgeUnNxxI,ChIJZSmFMJkZDTkRohYgeUnNxxI,0.9049828886108225,0.5703491102258005,4.6,0.9997226238250732,Mid-Range,Other
ChIJ23KVO4gZDTkR8kPIdIcogHg,ChIJ23KVO4gZDTkR8kPIdIcogHg,0.9005382044871322,0.6746293806745862,4.4,0.9996044635772704,Mid-Range,Sector 43
ChIJq5SJS2YfDTkRQUWOxyoaoOE,ChIJq5SJS2YfDTkRQUWOxyoaoOE,0.7795839561422052,0.6415401700731959,4.5,0.6008811220992356,Mid-Range,Other
ChIJAQB0mwAiDTkRGTqwPngT9Qg,ChIJAQB0mwAiDTkRGTqwPngT9Qg,0.7897849007320444,0.7365319008163617,4.2,0.6945269021787681,Mid-Range,Other
ChIJl_0cXHwZDTkRFz_CkZcrn-I,ChIJl_0cXHwZDTkRFz_CkZcrn-I,0.5954364597551517,0.5016676827397029,4.3,0.2002752027881797,Mid-Range,Other
ChIJm1rJ0aEZDTkRC_bc4i_rPyI,ChIJm1rJ0aEZDTkRC_bc4i_rPyI,0.6719146980138971,0.49506279886431465,3.8,0.6527233816101216,Mid-Range,Sector 43
ChIJ3fq-Uc4ZDTkRlJf8KDLs0wo,ChIJ3fq-Uc4ZDTkRlJf8KDLs0wo,0.754828324972471,0.5258619587925035,4.5,0.6004064620705322,Budget,Sector 43
ChIJPZDGPtsYDTkRAw_YJKEwTiE,ChIJPZDGPtsYDTkRAw_YJKEwTiE,0.7971290607934768,0.6256962655306019,3.7,0.9997700214385986,Mid-Range,Other
ChIJv1JvttIYDTkR6QQG8Hbu9Io,ChIJv1JvttIYDTkR6QQG8Hbu9Io,0.8776046707940828,0.5664049161380226,4.4,0.999871778488159,Budget,Other
ChIJh7ypMCkZDTkRa9qZat_uAfQ,ChIJh7ypMCkZDTkRa9qZat_uAfQ,0.6370785725081766,0.5844663889823761,4.0,0.40059812318068,Mid-Range,Other
ChIJHZqb6wsZDTkR3n303iVwJq0,ChIJHZqb6wsZDTkR3n303iVwJq0,0.8106176758642607,0.647139174888496,4.7,0.6110864793998189,Budget,Other
ChIJgSqaay0ZDTkR76AdQCpsw1s,ChIJgSqaay0ZDTkR76AdQCpsw1s,0.9452975954495073,0.6349756230544532,4.8,0.99966641664505,Budget,Other
ChIJb9VeCNMYDTkRcs0Bfr8neXo,ChIJb9VeCNMYDTkRcs0Bfr8neXo,0.8772148631454808,0.5519843480101899,4.9,0.7999303533229977,Mid-Range,Other
ChIJy6Pl_f8fDTkR21i3BZN30L4,ChIJy6Pl_f8fDTkR21i3BZN30L4,0.7250379233986675,0.2740972756911478,4.2,0.7998752507613972,Budget,Chhatarpur
ChIJM1VXRjQZDTkRoBS-7Y_b8qY,ChIJM1VXRjQZDTkRoBS-7Y_b8qY,0.9407952676849817,0.8637393845465942,4.4,0.9997119188308716,Mid-Range,Sector 53
ChIJ845VBz0eDTkRn4taWpUHdMI,ChIJ845VBz0eDTkRn4taWpUHdMI,0.7555934505445681,0.47809051912933465,4.1,0.8013189467601478,Mid-Range,Chhatarpur
ChIJU5k0fwAZDTkRO_rImIrqbtA,ChIJU5k0fwAZDTkRO_rImIrqbtA,0.7977968380054408,0.3713337812992298,4.5,0.8381047427654267,Mid-Range,Gurugram
ChIJ2Se7D0AZDTkRswVVBRehoeE,ChIJ2Se7D0AZDTkRswVVBRehoeE,0.6440400777032202,0.4664391054836876,4.0,0.5011029568442609,Mid-Range,Gurugram
ChIJixO9pSwfDTkRnBicOK6DA54,ChIJixO9pSwfDTkRnBicOK6DA54,0.7623973672805043,0.5609467402082439,4.5,0.6007408358156681,Mid-Range,Other
ChIJsbue63QfDTkRhBwRIuFCTN8,ChIJsbue63QfDTkRhBwRIuFCTN8,0.649647094708558,0.47009015435990575,3.8,0.599576759696356,Mid-Range,Other
ChIJG8xOITwZDTkRA5LpEQ9_5hA,ChIJG8xOITwZDTkRA5LpEQ9_5hA,0.5653339050825019,0.45867712705090363,3.8,0.3429161678795935,Budget,Other
ChIJt3KdyTsZDTkRnrRRDF9xwo0,ChIJt3KdyTsZDTkRnrRRDF9xwo0,0.5554142662162318,0.5611713237033928,3.9,0.201828154240502,Mid-Range,Gurugram
ChIJT8kShEAZDTkRl2U1GRhAYN8,ChIJT8kShEAZDTkRl2U1GRhAYN8,0.7606512076882198,0.5602697203980311,4.5,0.5957190608372912,Mid-Range,Other
ChIJb1sEEkEZDTkRDOPsDUSAn_U,ChIJb1sEEkEZDTkRDOPsDUSAn_U,0.7488604550643466,0.4932193759807653,4.5,0.6034626329987077,Mid-Range,Gurugram
ChIJPwpn3iIZDTkRtUmKOOXCCSw,ChIJPwpn3iIZDTkRtUmKOOXCCSw,0.644660761823426,0.42391955094071704,4.3,0.4063947842339985,Mid-Range,Other
ChIJNWPPK70ZDTkRn_uuCZyjmRY,ChIJNWPPK70ZDTkRn_uuCZyjmRY,0.8969412510099757,0.704490919200437,4.8,0.8017558982595802,Budget,Other
ChIJnStO6bwZDTkRREJ25WLH6gQ,ChIJnStO6bwZDTkRREJ25WLH6gQ,0.7210408595289393,0.5392705569158556,4.7,0.4022314270492643,Mid-Range,Other
ChIJnYoZbzMZDTkRo083db9CdDs,ChIJnYoZbzMZDTkRo083db9CdDs,0.584687552626673,0.6412559261467393,4.0,0.1985252523940289,Mid-Range,Other
ChIJKagwI0YZDTkRYT__pYzMFyY,ChIJKagwI0YZDTkRYT__pYzMFyY,0.8642146313923302,0.5037691221701405,4.4,0.999659550189972,Mid-Range,Sector 43
ChIJz2AwM0IeDTkRE2lvAzLoGH4,ChIJz2AwM0IeDTkRE2lvAzLoGH4,0.8829363749764128,0.8914045109049907,4.4,0.7999169500486459,Mid-Range,Other
ChIJWUK7TDoZDTkRdp-9-g52j1k,ChIJWUK7TDoZDTkRdp-9-g52j1k,0.7423040535689461,0.5638248947327972,3.9,0.7858420566655695,Mid-Range,Gurugram
ChIJAWlbwzsZDTkRTD1NrIaIoJg,ChIJAWlbwzsZDTkRTD1NrIaIoJg,0.5144688009869481,0.2958444386389672,3.3,0.5003742419939954,Mid-Range,Gurugram
ChIJA5u7YpYZDTkRCEcqc98Pbak,ChIJA5u7YpYZDTkRCEcqc98Pbak,0.7045101011841136,0.2520918884069095,4.4,0.6668702529277653,Mid-Range,Sector 43
ChIJD3l5JwYfDTkRrQ4zqTYjbfM,ChIJD3l5JwYfDTkRrQ4zqTYjbfM,0.6938752235038929,0.47244698438561405,4.2,0.5699664787040092,Mid-Range,Other
ChIJWZJF18sYDTkRlMhB1jn6drk,ChIJWZJF18sYDTkRlMhB1jn6drk,0.729442794451586,0.7189438097049816,4.0,0.6004507522156928,Mid-Range,Sector 43
ChIJKYKSWQAZDTkRGfvUj75CLA0,ChIJKYKSWQAZDTkRGfvUj75CLA0,0.9100503231474145,0.4067510860676074,4.9,0.999671220779419,Luxury,Sector 43
ChIJ73h-x7AfDTkRYODY5sS8TO8,ChIJ73h-x7AfDTkRYODY5sS8TO8,0.5771620944897359,0.5261891640980573,4.6,0.0016488082706927,Mid-Range,Other
ChIJzduWdHEZDTkRBKRB3ET9eV8,ChIJzduWdHEZDTkRBKRB3ET9eV8,0.6200081395646103,0.6918885321730733,3.7,0.4004781979019753,Mid-Range,Other
ChIJdb2nSwwZDTkR_qFicz-CfPw,ChIJdb2nSwwZDTkR_qFicz-CfPw,0.954474752145363,0.6824470372134531,4.8,0.9967834711074828,Mid-Range,Sector 43
ChIJ788UkOAeDTkR1IXMH3KeYTY,ChIJ788UkOAeDTkR1IXMH3KeYTY,0.8024213084868222,0.6987360671801403,4.1,0.8009980502538383,Mid-Range,Other
ChIJUa9kJyUZDTkRCLz0DgmLSlY,ChIJUa9kJyUZDTkRCLz0DgmLSlY,0.9072177392110109,0.5809061151631686,4.6,0.999689483642578,Budget,Other
ChIJQ0mCURIeDTkRxSzdLV_yWnw,ChIJQ0mCURIeDTkRxSzdLV_yWnw,0.8361842775187068,0.7742765721464929,4.2,0.8147969022393227,Luxury,Other
ChIJrwaFLOAfDTkRPIo2B_lkjSU,ChIJrwaFLOAfDTkRPIo2B_lkjSU,0.6927661356800867,0.6101044388473773,3.9,0.5997185436310246,Luxury,Other
ChIJwRT3qCUeDTkRecFelntewZs,ChIJwRT3qCUeDTkRecFelntewZs,0.9129558230208423,0.8576213024193502,4.2,0.999864673614502,Mid-Range,Other
ChIJw5YvHgAfDTkRBy56MNY2nl0,ChIJw5YvHgAfDTkRBy56MNY2nl0,0.9087141310142404,0.7004097509718766,4.9,0.7997106483438984,Mid-Range,Chhatarpur
ChIJAy3yrrofDTkRo9pQpHva1MY,ChIJAy3yrrofDTkRo9pQpHva1MY,0.7295654342771472,0.34793896801864493,4.5,0.639838379388675,Mid-Range,Other
ChIJGUDZB-YfDTkRTOuIuy7EK9Q,ChIJGUDZB-YfDTkRTOuIuy7EK9Q,0.7266307598540509,0.5187107801377314,4.3,0.600125463551376,Mid-Range,Chhatarpur
ChIJt4qyPQAfDTkRBMvujBJs42E,ChIJt4qyPQAfDTkRBMvujBJs42E,0.908639190041447,0.400664617195975,4.9,0.9993058443069458,Mid-Range,Chhatarpur
ChIJ88UPbKcfDTkRn5RuCRubLAI,ChIJ88UPbKcfDTkRn5RuCRubLAI,0.7766000156736051,0.336139675368766,4.5,0.7951286591443931,Mid-Range,Other
ChIJqatSgMQfDTkRF9LVcrExTdM,ChIJqatSgMQfDTkRF9LVcrExTdM,0.9034725490589549,0.750559699117258,4.3,0.9998482584953308,Mid-Range,Other
ChIJ7VIOTVseDTkRdnOMsxb5ftI,ChIJ7VIOTVseDTkRdnOMsxb5ftI,0.8408796776734413,0.5830585766905744,4.1,0.9986593842506408,Mid-Range,Other
ChIJUVEwtnIfDTkRUKif-DLwqfg,ChIJUVEwtnIfDTkRUKif-DLwqfg,0.5422150274928405,0.32262470913604485,3.7,0.4028211808297783,Budget,Other
ChIJMV2w6CweDTkR-KXGpaExz2Q,ChIJMV2w6CweDTkR-KXGpaExz2Q,0.46137150105299907,0.48341138521866767,3.8,0.0005693506944225,Budget,Other
ChIJjRnSLIwfDTkRSeSzIDKDY_s,ChIJjRnSLIwfDTkRSeSzIDKDY_s,0.615544345656772,0.3032955993753565,3.8,0.6038822758942841,Mid-Range,Delhi
ChIJmyas5kQfDTkRq1YVNY1ULj8,ChIJmyas5kQfDTkRq1YVNY1ULj8,0.8057491021311244,0.3410402707054878,4.7,0.799892472627107,Budget,Delhi
ChIJJWjGrxEeDTkRwBTPOhzPqgA,ChIJJWjGrxEeDTkRwBTPOhzPqgA,0.8823318016769455,0.7764114954793065,4.1,0.9996840000152588,Mid-Range,Chhatarpur
ChIJr8v4rd0fDTkRYHHvdeASgxA,ChIJr8v4rd0fDTkRYHHvdeASgxA,0.8364599379771099,0.2740972756911478,4.6,0.9824471235275268,Mid-Range,Other
ChIJd0vHMCweDTkRayozzfX4sGc,ChIJd0vHMCweDTkRayozzfX4sGc,0.8810199630766641,0.7700206952947003,4.1,0.9998327374458312,Mid-Range,Other
ChIJAaXhBdofDTkRjJVX_cRNLSQ,ChIJAaXhBdofDTkRjJVX_cRNLSQ,0.8403735055049583,0.8165685231198748,4.2,0.7997328858356922,Mid-Range,Other
ChIJ97W7F9EfDTkRidfrk_JoC5s,ChIJ97W7F9EfDTkRidfrk_JoC5s,0.9083937206325117,0.8361615540936762,4.2,0.999871826171875,Mid-Range,Other
ChIJh45apMkfDTkRsVm3VhUXE74,ChIJh45apMkfDTkRsVm3VhUXE74,0.9289700522909354,0.7459914321093729,4.5,0.9994792103767396,Mid-Range,Chhatarpur
ChIJI5Qg-hYeDTkRJPOLBw0uKeQ,ChIJI5Qg-hYeDTkRJPOLBw0uKeQ,0.7995771644589389,0.749497826611771,4.0,0.7999089258810272,Mid-Range,Chhatarpur
ChIJp6qq6tofDTkRxTTgVXrcTZk,ChIJp6qq6tofDTkRxTTgVXrcTZk,0.6403204789900568,0.5998829774213225,4.0,0.4004817529115826,Mid-Range,Chhatarpur
ChIJJ7fCIwAfDTkReXn71Uz-ONM,ChIJJ7fCIwAfDTkReXn71Uz-ONM,0.7182162997068079,0.2918825720663544,4.6,0.5999701831373385,Budget,Other
ChIJCXCAgNkfDTkRAOH3fheHj10,ChIJCXCAgNkfDTkRAOH3fheHj10,0.6618541278754928,0.3410402707054878,4.1,0.5988714528502895,Mid-Range,Other
ChIJr4AGGVvhDDkRG_xKgOWkQAQ,ChIJr4AGGVvhDDkRG_xKgOWkQAQ,0.4546760104662052,0.49776124326821414,3.7,0.0116832572559359,Mid-Range,Other
ChIJW5dO58MfDTkR0IkpjGctiBY,ChIJW5dO58MfDTkR0IkpjGctiBY,0.6468992301628907,0.46133701696529456,3.8,0.5967993426835164,Mid-Range,Chhatarpur
ChIJ5VpnAeYfDTkRYQ9sYR8yMGs,ChIJ5VpnAeYfDTkRYQ9sYR8yMGs,0.5737641276949441,0.5033526122422379,3.7,0.3812226690468378,Budget,Other
ChIJTeJUmFIeDTkRFeI22keK9so,ChIJTeJUmFIeDTkRFeI22keK9so,0.7961254297549502,0.2958444386389672,4.7,0.7998588151996956,Mid-Range,Other
ChIJA84Ws3QfDTkRLTRtRiMx5Dw,ChIJA84Ws3QfDTkRLTRtRiMx5Dw,0.6911374624668677,0.06452494182720897,5.0,0.5,Mid-Range,Other
ChIJt7mqyyUeDTkRsB0jEaRI9cY,ChIJt7mqyyUeDTkRsB0jEaRI9cY,0.6911374624668677,0.06452494182720897,5.0,0.5,Mid-Range,Chhatarpur
ChIJjxDREmjhDDkR_q86XhG-KDE,ChIJjxDREmjhDDkR_q86XhG-KDE,0.8401659467720353,0.43924418034293156,4.8,0.8006318804807961,Budget,Other
ChIJL7Vg9KHiDDkRSwZ_W8H-sIY,ChIJL7Vg9KHiDDkRSwZ_W8H-sIY,0.8447835914158083,0.5384152080472859,4.2,0.9989912986755372,Mid-Range,Other
ChIJ-c-55sofDTkRvmWM-SVTms4,ChIJ-c-55sofDTkRvmWM-SVTms4,0.9183434241576575,0.44566671388853635,4.9,0.9997211694717408,Budget,Other
ChIJcWZoJ0rnDDkR7ya1Tpcw6-k,ChIJcWZoJ0rnDDkR7ya1Tpcw6-k,0.6824065283342846,0.6729568632884907,4.2,0.400346017954871,Mid-Range,Other
ChIJ40I_kCvnDDkRsOwVtnuR6I4,ChIJ40I_kCvnDDkRsOwVtnuR6I4,0.855027709849452,0.759154401100616,4.0,0.9672740936279296,Mid-Range,Other
ChIJU5ZfTy3nDDkREzNyq06aZjA,ChIJU5ZfTy3nDDkREzNyq06aZjA,0.8553620677731001,0.649339982204362,4.1,0.9998650431632996,Luxury,Other
ChIJbwpdFIXhDDkR1mfZ7FLaOV8,ChIJbwpdFIXhDDkR1mfZ7FLaOV8,0.6524045037283478,0.656938257108208,4.0,0.4003207824483978,Mid-Range,Other
ChIJ6XGgrjLnDDkRe1YaEUjd_r8,ChIJ6XGgrjLnDDkRe1YaEUjd_r8,0.6340789570697772,0.6308237726961006,3.9,0.4019579433574108,Mid-Range,Other
ChIJq6qqatPgDDkRZcvXKuNHJ0M,ChIJq6qqatPgDDkRZcvXKuNHJ0M,0.816699704941186,0.7699968962881568,4.1,0.7982447005575523,Mid-Range,Other
ChIJq6qqqtPgDDkRiU7ZAEq1d-8,ChIJq6qqqtPgDDkRiU7ZAEq1d-8,0.7642523639772274,0.5154694146898892,4.2,0.761873310804367,Luxury,Other
ChIJG6OlprbnDDkRU-OAWAxCg60,ChIJG6OlprbnDDkRU-OAWAxCg60,0.8690225990840288,0.2143472170767782,4.9,0.9993441343307496,Mid-Range,Other
ChIJr-UiyxHhDDkR9jmGwVikkO4,ChIJr-UiyxHhDDkR9jmGwVikkO4,0.5003289447733726,0.379577200550308,3.3,0.4002327682799659,Budget,Other
ChIJOW1xC3znDDkRtLeKnObcRHE,ChIJOW1xC3znDDkRtLeKnObcRHE,0.8034873126317822,0.3386222175183568,4.7,0.79441520832479,Budget,Other
ChIJ3wheEADnDDkRDzP-C5uNxr0,ChIJ3wheEADnDDkRDzP-C5uNxr0,0.894711658260806,0.4593492585888129,4.7,0.9998619556427002,Mid-Range,Other
ChIJhZ7D7lLnDDkRW1iGj1Y99cw,ChIJhZ7D7lLnDDkRW1iGj1Y99cw,0.7375753790324878,0.27887215890398714,4.3,0.7943224344053306,Mid-Range,Other
ChIJ523s_LLgDDkReZgVUIHDaaA,ChIJ523s_LLgDDkReZgVUIHDaaA,0.7735574029697687,0.2520918884069095,4.6,0.7999571568216197,Budget,Other
ChIJq6qqqg3cDDkRcNh5dl8gb9c,ChIJq6qqqg3cDDkRcNh5dl8gb9c,0.881292549467648,0.8836557316620314,4.4,0.7999304349010344,Luxury,Other
ChIJ8eP7GADhDDkRFW6C7rXhNB0,ChIJ8eP7GADhDDkRFW6C7rXhNB0,0.7142296012612663,0.4113490484538237,3.9,0.7994967184582492,Mid-Range,Other
ChIJHd3Y2QjnDDkRX2J6RMZlSZ8,ChIJHd3Y2QjnDDkRX2J6RMZlSZ8,0.4528638540504627,0.1935748254816269,3.4,0.3337942220387048,Mid-Range,Other
ChIJIbuMAirnDDkR1HtuJqkJsPY,ChIJIbuMAirnDDkR1HtuJqkJsPY,0.5351563922938853,0.5403989321082416,3.3,0.4021806121862027,Budget,Other
ChIJz5G7EdPgDDkR3nBZAmkk6QM,ChIJz5G7EdPgDDkR3nBZAmkk6QM,0.8317991558920906,0.4769888516730629,4.2,0.9992440938949584,Mid-Range,Other
ChIJeQIQJdXgDDkRfhn0uyMOrxQ,ChIJeQIQJdXgDDkRfhn0uyMOrxQ,0.5543014079785983,0.49460535414238904,3.8,0.2843840172863565,Mid-Range,Other
ChIJ7UcKMUjhDDkRL-mPFW5-q7g,ChIJ7UcKMUjhDDkRL-mPFW5-q7g,0.6769767891313909,0.24566935486130465,4.4,0.5848521768406499,Mid-Range,Other
ChIJ6RTDdCTnDDkRZaKJnxryIMs,ChIJ6RTDdCTnDDkRZaKJnxryIMs,0.6345150767132599,0.2690641681418895,3.5,0.8111646428704262,Mid-Range,Sector 43
ChIJ8XJNQSHnDDkR60BZUyvH0_8,ChIJ8XJNQSHnDDkR60BZUyvH0_8,0.6012699690257367,0.7791695896563892,3.9,0.2002250123041449,Mid-Range,Other
ChIJkfmYCz_nDDkRl-e30Xfjyuw,ChIJkfmYCz_nDDkRl-e30Xfjyuw,0.6399174360236567,0.6605553771906421,3.9,0.4004368646797956,Mid-Range,Other
ChIJPeq9RFDnDDkR3ThA8S-1P4Y,ChIJPeq9RFDnDDkR3ThA8S-1P4Y,0.8036662677738033,0.5187107801377314,4.4,0.7999170793627854,Mid-Range,Sector 43
ChIJfyoHSjznDDkR1l32qWnDa94,ChIJfyoHSjznDDkR1l32qWnDa94,0.5371443485416404,0.663141371634919,3.6,0.2015833224315429,Mid-Range,Other
ChIJl-fnJmXnDDkRI72MNPOzSFA,ChIJl-fnJmXnDDkRI72MNPOzSFA,0.8403640258780607,0.3914140521329489,4.4,0.9998061537742616,Mid-Range,Other
ChIJSweSUaznDDkRiDsGkG487WY,ChIJSweSUaznDDkRiDsGkG487WY,0.8946475788373086,0.2740972756911478,5.0,0.9981624285380044,Mid-Range,Sector 43
ChIJAzPudb_dDDkR7Ky0lXG8OeI,ChIJAzPudb_dDDkR7Ky0lXG8OeI,0.6234078384295592,0.3954916301108739,4.2,0.4003987353644334,Budget,Other
ChIJ0bhXzyPnDDkRtIidxqRxIhM,ChIJ0bhXzyPnDDkRtIidxqRxIhM,0.8228765717535872,0.43411867594877973,4.2,0.9998574733734132,Mid-Range,New Delhi
ChIJC-svMT7nDDkRsnPyEfm6MSM,ChIJC-svMT7nDDkRsnPyEfm6MSM,0.8370234805755439,0.38859293279771673,4.4,0.9912163734436036,Budget,Other
ChIJF73zruTnDDkR4fHFPKspu28,ChIJF73zruTnDDkR4fHFPKspu28,0.910391559352383,0.34569573143422866,5.0,0.9997776865959168,Budget,Other
ChIJR7opKkHnDDkRu2lSbe2ecIE,ChIJR7opKkHnDDkRu2lSbe2ecIE,0.6996500608532964,0.4055652125326968,3.8,0.7993215075111948,Mid-Range,Other
ChIJ5RPXWkbnDDkRHPIEdZvEvnM,ChIJ5RPXWkbnDDkRHPIEdZvEvnM,0.8036999217389258,0.2690641681418895,4.8,0.7997869715560227,Budget,Sector 43
ChIJFTUAotnnDDkR1gMoIi3ORdc,ChIJFTUAotnnDDkR1gMoIi3ORdc,0.870479062204056,0.34569573143422866,4.7,0.9996768951416016,Mid-Range,Other
ChIJLc--96LnDDkRcxUjrcGUL18,ChIJLc--96LnDDkRcxUjrcGUL18,0.6275802152001732,0.38268048169870145,4.1,0.463683967164252,Mid-Range,Other
ChIJC3jSkMLnDDkRpbyJHHT6HjY,ChIJC3jSkMLnDDkRpbyJHHT6HjY,0.34697673719064404,0.2580997673088359,3.3,0.0005541744962101,Mid-Range,Other
ChIJgyqMzGPnDDkRQ20lUOXLQO8,ChIJgyqMzGPnDDkRQ20lUOXLQO8,0.8121935447508205,0.3713337812992298,4.7,0.7998961081320886,Mid-Range,Other
ChIJx6m1uo7dDDkR12u8JLX6V1I,ChIJx6m1uo7dDDkR12u8JLX6V1I,0.8202353622087241,0.42193884188562675,4.2,0.99969881772995,Mid-Range,Other
ChIJn3sea8bdDDkRBNzpLJa0sM8,ChIJn3sea8bdDDkRBNzpLJa0sM8,0.44638658363600947,0.3660129152098967,3.4,0.1985332916519837,Budget,Other
ChIJh56SAIDdDDkR9NSPmd20Q0c,ChIJh56SAIDdDDkR9NSPmd20Q0c,0.7305430894705754,0.47474561508864666,4.4,0.6000316207646392,Mid-Range,Other
ChIJ7U43gHXdDDkRxrQvQ2InjH8,ChIJ7U43gHXdDDkRxrQvQ2InjH8,0.7870308074014686,0.3779858829355023,4.5,0.7999252154666465,Mid-Range,Other
ChIJt3LeD7_nDDkRPvWAjIqtFk8,ChIJt3LeD7_nDDkRPvWAjIqtFk8,0.2402045861990499,0.1935748254816269,2.6,0.0005733525758841,Luxury,New Delhi
ChIJawhvr7PnDDkRzK8CptG0rAo,ChIJawhvr7PnDDkRzK8CptG0rAo,0.45417656485485486,0.5124902864187779,3.7,0.0002984445891342,Budget,Other
ChIJsYk_4vYfDTkRxhcIXPEuN-8,ChIJsYk_4vYfDTkRxhcIXPEuN-8,0.6911374624668677,0.06452494182720897,5.0,0.5,Mid-Range,Gurugram
ChIJQw7XRwcjDTkRUpAE-J_C2JY,ChIJQw7XRwcjDTkRUpAE-J_C2JY,0.008180543702524102,0.10226961315734028,1.0,0.0008594642276875,Mid-Range,Gurugram
ChIJ_b5_2h8XDTkRH-3grjWSpsI,ChIJ_b5_2h8XDTkRH-3grjWSpsI,0.5698044845847647,0.487459406182981,3.6,0.4210737942717969,Mid-Range,Other
ChIJLW-emhIXDTkR-6bqCk1VS9M,ChIJLW-emhIXDTkR-6bqCk1VS9M,0.7338321669958192,0.3856836393487762,4.1,0.7947154784225858,Mid-Range,Other
ChIJ4ZM2vkIXDTkRAXr06HcF9JI,ChIJ4ZM2vkIXDTkRAXr06HcF9JI,0.7700206301731761,0.10226961315734028,5.0,0.7220864295959473,Mid-Range,Other
ChIJq_mqsfIZDTkR7CQGzKLopiM,ChIJq_mqsfIZDTkR7CQGzKLopiM,0.6907151387678632,0.5372623782849241,4.0,0.6001846542349085,Budget,Other
ChIJQTH0_aoZDTkR2bqpQS51Gh4,ChIJQTH0_aoZDTkR2bqpQS51Gh4,0.6824570268608906,0.6862105643556893,3.7,0.6000018319697119,Mid-Range,Other
ChIJiziWrzAbDTkRdIPNjwNfI-o,ChIJiziWrzAbDTkRdIPNjwNfI-o,0.8799651382056342,0.3900141789323282,4.7,0.9998641967773436,Mid-Range,New Delhi
ChIJW000QPcZDTkR2q-1cDbfges,ChIJW000QPcZDTkR2q-1cDbfges,0.7582076822856566,0.1935748254816269,4.1,0.9991900622844696,Luxury,Other
ChIJqaqqZ4YXDTkRtQ-QBVfHHQI,ChIJqaqqZ4YXDTkRtQ-QBVfHHQI,0.6097524459974468,0.18114441303409567,4.2,0.5004957395140082,Mid-Range,Other
ChIJCYkD0ckZDTkROZqkEmNEa5k,ChIJCYkD0ckZDTkROZqkEmNEa5k,0.7843579901251277,0.49038393403398284,4.3,0.7999488991859834,Mid-Range,Other
ChIJdXE5kq8ZDTkR3XRcDlA5Alk,ChIJdXE5kq8ZDTkR3XRcDlA5Alk,0.6774141923341378,0.5252040775131123,4.4,0.3998666813742602,Mid-Range,Other
ChIJnQTKoYYXDTkRU7pRAcKFALk,ChIJnQTKoYYXDTkRU7pRAcKFALk,0.4496608094207482,0.4286944341535564,3.8,0.0003416019084397,Mid-Range,Other
ChIJT6HNpJQZDTkRGu2XPHz05z8,ChIJT6HNpJQZDTkRGu2XPHz05z8,0.8444239131489191,0.34793896801864493,4.5,0.9998480916023256,Mid-Range,Other
ChIJYy_XeOQbDTkRK2NfXsfpEEE,ChIJYy_XeOQbDTkRK2NfXsfpEEE,0.6658797198662849,0.5954889891381056,4.2,0.4001900279952678,Mid-Range,Other
ChIJsTX1574ZDTkRYBEzBecVO8s,ChIJsTX1574ZDTkRYBEzBecVO8s,0.8663266551132343,0.26374330205255647,4.8,0.9996299743652344,Mid-Range,Other
ChIJr3w57d8ZDTkReaF1ZGBlgvM,ChIJr3w57d8ZDTkReaF1ZGBlgvM,0.8947130269618173,0.5218430693613924,4.6,0.9998703718185424,Mid-Range,Other
ChIJH_Tj8koYDTkRej_8iJE6pUE,ChIJH_Tj8koYDTkRej_8iJE6pUE,0.7061734800143713,0.6099717377363983,4.0,0.6001640088215936,Mid-Range,Other
ChIJ9_LFpUoZDTkRmQc0nr3920Y,ChIJ9_LFpUoZDTkRmQc0nr3920Y,0.6611440952138246,0.53638828910612,3.3,0.7997472642571666,Budget,Other
ChIJlTs8-VIZDTkRsrFfQNWP92U,ChIJlTs8-VIZDTkRsrFfQNWP92U,0.798779335029974,0.4332363014410051,4.5,0.7999159115483053,Budget,Other
ChIJz2kv2TwZDTkRxLds7WNtqJY,ChIJz2kv2TwZDTkRxLds7WNtqJY,0.6987200958492209,0.5749103329169135,4.0,0.6001765668392182,Mid-Range,Other
ChIJC5jTgNcZDTkR3ajFCvQd1dI,ChIJC5jTgNcZDTkR3ajFCvQd1dI,0.6600598054908741,0.6756842340420728,4.0,0.4118180621182546,Mid-Range,Other
ChIJ_6WIiowZDTkRWY5b3ANJGR8,ChIJ_6WIiowZDTkRWY5b3ANJGR8,0.8742528424499852,0.23877065754814755,4.9,0.9994553923606871,Mid-Range,Other
ChIJf4aZlKIZDTkRZvUGFuf-IV4,ChIJf4aZlKIZDTkRZvUGFuf-IV4,0.7677854343794152,0.4157305542656336,4.3,0.7977731904480606,Mid-Range,Gurugram
ChIJj9ohA_sZDTkRzpldRlEu7O8,ChIJj9ohA_sZDTkRzpldRlEu7O8,0.929787498068973,0.5618418414661358,4.8,0.9998077869415284,Mid-Range,Other
ChIJTxZARVUZDTkRpaG7WjvgWiI,ChIJTxZARVUZDTkRpaG7WjvgWiI,0.9391477638352231,0.4813193912566148,5.0,0.9994946837425231,Mid-Range,Other
ChIJDylpYF8bDTkRrqi1VR5k0CU,ChIJDylpYF8bDTkRrqi1VR5k0CU,0.7511094145656312,0.3968120751380856,4.2,0.7997832526103593,Mid-Range,Other
ChIJ--FGZrMZDTkRnNnjWOLxdmI,ChIJ--FGZrMZDTkRnNnjWOLxdmI,0.6473238043889225,0.4632832163578625,3.8,0.5968326518806861,Mid-Range,Other
ChIJp6MyJTcZDTkRGFrLyjljPJk,ChIJp6MyJTcZDTkRGFrLyjljPJk,0.8344860068808634,0.4764330899412014,4.7,0.7997028708690778,Mid-Range,Other
ChIJY_BPJDYYDTkRkHZ4zEVDmxg,ChIJY_BPJDYYDTkRkHZ4zEVDmxg,0.7637187141657948,0.5201159360789595,4.1,0.7987696371390485,Mid-Range,Other
ChIJIQAAADAYDTkRr-j3eVMKaeI,ChIJIQAAADAYDTkRr-j3eVMKaeI,0.5543222758742095,0.0,4.07404718693285,0.5,Mid-Range,Other
ChIJX7S4gF4ZDTkR1muRn56eJLM,ChIJX7S4gF4ZDTkR1muRn56eJLM,0.6915561690126754,0.31661683023411846,4.0,0.7499177916688495,Mid-Range,Other
ChIJwRQsIVYZDTkRTOvbeNZacZU,ChIJwRQsIVYZDTkRTOvbeNZacZU,0.5458449954542527,0.1935748254816269,3.7,0.5002321227220818,Budget,Other
ChIJe3MwXDQYDTkRFSLBgYWqUOo,ChIJe3MwXDQYDTkRFSLBgYWqUOo,0.7104348665507482,0.379577200550308,3.9,0.8087838232517243,Mid-Range,Other
ChIJE51owZ0ZDTkR2OgJJr4sDsI,ChIJE51owZ0ZDTkR2OgJJr4sDsI,0.8820505320979308,0.5248733851099727,4.5,0.999827802181244,Budget,Other
ChIJbe0Wa9oZDTkR_jLO_rumWio,ChIJbe0Wa9oZDTkR_jLO_rumWio,0.43616222783160946,0.48596195061833514,3.6,0.0031869545782682,Mid-Range,Other
ChIJxzEBJLMZDTkR3JmM3HkM_qQ,ChIJxzEBJLMZDTkR3JmM3HkM_qQ,0.6301370467970546,0.549729033603689,4.0,0.4019990053260699,Mid-Range,Other
ChIJRU_hfK0ZDTkRmuwgwPQ_cDM,ChIJRU_hfK0ZDTkRmuwgwPQ_cDM,0.9035151057590447,0.4384092885261062,4.8,0.9997485876083374,Mid-Range,Gurugram
ChIJ87DHGs4ZDTkRx1Hiq-G3rsI,ChIJ87DHGs4ZDTkRx1Hiq-G3rsI,0.6605841184597593,0.4516745927904628,3.9,0.6044678838457912,Budget,Other
ChIJ_-aIgzIYDTkRBlQb3cm8lhA,ChIJ_-aIgzIYDTkRBlQb3cm8lhA,0.7285386010674745,0.6532583386973849,4.1,0.5997403170971666,Mid-Range,Other
ChIJQQ-msLgZDTkRgftdjITVkXE,ChIJQQ-msLgZDTkRgftdjITVkXE,0.47831010107916444,0.4999516928857564,3.9,0.0009677614085375,Budget,Other
ChIJM9UXNmEZDTkRS8oL7LSIarI,ChIJM9UXNmEZDTkRS8oL7LSIarI,0.7122993388081219,0.42962070859781437,3.9,0.7812654425040819,Budget,Other
ChIJAQBAAokZDTkRZxk3dwZd-4I,ChIJAQBAAokZDTkRZxk3dwZd-4I,0.8420624227005459,0.1498222752495692,4.8,0.9995240867137908,Luxury,Other
ChIJa3V2bkYYDTkRXORa3zzhsTw,ChIJa3V2bkYYDTkRXORa3zzhsTw,0.6303715117153968,0.7446885877276265,3.7,0.3977608705637976,Mid-Range,Other
ChIJx6k4HM4ZDTkRPN4jwRg4X8M,ChIJx6k4HM4ZDTkRPN4jwRg4X8M,0.5729652260939602,0.4067510860676074,3.8,0.4014529614592902,Budget,Other
ChIJr8LuNvwYDTkRLfjeI091NkU,ChIJr8LuNvwYDTkRLfjeI091NkU,0.8991050813931528,0.7301458945671203,4.3,0.9997681736946106,Mid-Range,Other
ChIJE-uo-fwYDTkREmhTJ5h_HSI,ChIJE-uo-fwYDTkREmhTJ5h_HSI,0.8814820313402887,0.7801564925216219,4.1,0.99452383518219,Mid-Range,Other
ChIJBVSGE6gbDTkRSmVkRqpoTi8,ChIJBVSGE6gbDTkRSmVkRqpoTi8,0.7623453696875856,0.6241126825187326,4.4,0.6001338942442089,Mid-Range,Other
ChIJOw9xHnqyvDsRI5yP40PhcsM,ChIJOw9xHnqyvDsRI5yP40PhcsM,0.5318151294078957,0.6150118342727531,4.1,0.0086325683456379,Mid-Range,Gurugram
ChIJqyK42_sYDTkRv0equibh_ow,ChIJqyK42_sYDTkRv0equibh_ow,0.5886443999828286,0.5889000751843347,4.1,0.2041647355712484,Mid-Range,Other
ChIJcfBZzI0ZDTkRzkNr9l0ifhY,ChIJcfBZzI0ZDTkRzkNr9l0ifhY,0.8271571811727864,0.44170484731592363,4.7,0.7998837338527665,Mid-Range,Sector 43
ChIJ76fRckIbDTkRIah0mfzCE08,ChIJ76fRckIbDTkRIah0mfzCE08,0.7529070272445983,0.5158351904594659,4.5,0.6010689039248973,Mid-Range,Other
ChIJTcnx04QbDTkRo45mfpW2-bg,ChIJTcnx04QbDTkRo45mfpW2-bg,0.7836573845924903,0.7751364258331616,4.8,0.3995846098317998,Mid-Range,Other
ChIJX_nDWw4bDTkRyBuwCgrqmNQ,ChIJX_nDWw4bDTkRyBuwCgrqmNQ,0.6389153411940679,0.6925471892623294,4.8,0.000968047522474,Mid-Range,Delhi
ChIJNYCvH2QZDTkRjLl3MLSE4S0,ChIJNYCvH2QZDTkRjLl3MLSE4S0,0.703262955513724,0.5860251385594003,4.1,0.5653390621300787,Mid-Range,Other
ChIJF7LqehsbDTkR6XzlZaqz00s,ChIJF7LqehsbDTkR6XzlZaqz00s,0.6759027743885172,0.6428552851749194,4.2,0.4000285234389594,Budget,Gurugram
ChIJrQm2IkQZDTkR-GCn7nUAuSQ,ChIJrQm2IkQZDTkR-GCn7nUAuSQ,0.6344743332606478,0.6978619780013362,3.8,0.4001717309787637,Mid-Range,Other
ChIJXw3kOk8ZDTkR5BoYbGOlxWQ,ChIJXw3kOk8ZDTkR5BoYbGOlxWQ,0.5555820448928187,0.5012416416592678,4.0,0.2006404904706869,Mid-Range,Gurugram
ChIJyx6PzRIZDTkR_rpcf2iugfY,ChIJyx6PzRIZDTkR_rpcf2iugfY,0.8780820061508372,0.3811417720613274,4.7,0.9998766899108886,Budget,Other
ChIJc3ZI9pobDTkRPtK8HE8mb4I,ChIJc3ZI9pobDTkRPtK8HE8mb4I,0.8549721795385159,0.47417625665573304,4.4,0.990418803691864,Mid-Range,Other
ChIJnSnYFEsZDTkR6NLGDcS6Qvo,ChIJnSnYFEsZDTkR6NLGDcS6Qvo,0.4469322276226615,0.4157305542656336,3.8,0.000431785947876,Budget,Other
ChIJ____v_wYDTkRhZscYezopi4,ChIJ____v_wYDTkRhZscYezopi4,0.9151522008086745,0.8055012336775184,4.3,0.9998289942741394,Mid-Range,Other
ChIJa8DmBlkZDTkRmCx2X4Z5BuU,ChIJa8DmBlkZDTkRmCx2X4Z5BuU,0.7980274879591258,0.5570435128902238,4.3,0.7983545321563724,Mid-Range,Other
ChIJm8VGkugYDTkRs--928cKH1s,ChIJm8VGkugYDTkRs--928cKH1s,0.9123053966718008,0.7921725004159809,4.3,0.9997918605804444,Mid-Range,Sector 43
ChIJYfWy3MIYDTkReIo6KYRj6yw,ChIJYfWy3MIYDTkReIo6KYRj6yw,0.7391311269360837,0.4651895590231839,4.0,0.7999871339299716,Mid-Range,Sector 43
ChIJLZVJ9iYZDTkRMIJz2UHHjlY,ChIJLZVJ9iYZDTkRMIJz2UHHjlY,0.798269414368635,0.3811417720613274,4.1,0.9997139811515808,Mid-Range,Other
ChIJf_RyNJQZDTkRAVspU3WJK8U,ChIJf_RyNJQZDTkRAVspU3WJK8U,0.8834839133964041,0.5315825865539534,4.5,0.9998477578163149,Budget,Other
ChIJXXRN7bsbDTkRiO1syjt3AM0,ChIJXXRN7bsbDTkRiO1syjt3AM0,0.7656900416568112,0.4523990307935275,4.7,0.6000931231421418,Mid-Range,Gurugram
ChIJ5wVw0d0ZDTkRKhByqx1b0lQ,ChIJ5wVw0d0ZDTkRKhByqx1b0lQ,0.7941763522205427,0.47474561508864666,4.4,0.7994822214939632,Mid-Range,Gurugram
ChIJD0RVhn8ZDTkRUF5yuCiz2QU,ChIJD0RVhn8ZDTkRUF5yuCiz2QU,0.8850319531230486,0.4764330899412014,4.6,0.9997995615005492,Budget,Gurugram
ChIJw9i-ZDMaDTkRsJ7qB0K3hFw,ChIJw9i-ZDMaDTkRsJ7qB0K3hFw,0.924249023835875,0.5358009697220254,4.8,0.9998087048530578,Budget,New Delhi
ChIJuWdhYEQcDTkRSaDfih8YwjA,ChIJuWdhYEQcDTkRSaDfih8YwjA,0.5813737316939828,0.6979652390364256,3.4,0.4003322814824059,Mid-Range,Mahipalpur
ChIJ5dfWP_UdDTkRciVp85XPAk0,ChIJ5dfWP_UdDTkRciVp85XPAk0,0.8730065761406566,0.8447027729881422,4.4,0.7999277142866049,Mid-Range,Mahipalpur
ChIJWT9tW5AdDTkRrVM7VtKZjw8,ChIJWT9tW5AdDTkRrVM7VtKZjw8,0.7107259775244448,0.715716875919074,4.8,0.2106031577219255,Budget,Other
ChIJI2ZTnA0dDTkRcXxM3eh-bRw,ChIJI2ZTnA0dDTkRcXxM3eh-bRw,0.8741024119469784,0.6131054916074318,4.3,0.999427330493927,Mid-Range,Other
ChIJfSiOnxMcDTkRahjPqJOeN-g,ChIJfSiOnxMcDTkRahjPqJOeN-g,0.8029261606029935,0.7043464819122083,4.1,0.7988401703536511,Mid-Range,Other
ChIJK7IvNhUcDTkRJuiQWy3VMfE,ChIJK7IvNhUcDTkRJuiQWy3VMfE,0.7573553250451952,0.7880302311263774,4.1,0.6002148500527256,Luxury,Mahipalpur
ChIJaWaDFCkdDTkR0-v3D-Mz6BA,ChIJaWaDFCkdDTkR0-v3D-Mz6BA,0.6752393604462877,0.7019056023372263,4.1,0.4002489229547791,Mid-Range,Mahipalpur
ChIJZVHCl2ocDTkR4FUy2t2OM2c,ChIJZVHCl2ocDTkR4FUy2t2OM2c,0.9305106682591178,0.6906687554005712,4.6,0.9995231986045836,Mid-Range,Other
ChIJz6mMvD4cDTkRC1x5YWUVypU,ChIJz6mMvD4cDTkRC1x5YWUVypU,0.7496647897502425,0.43924418034293156,4.6,0.6003005177946761,Mid-Range,Mahipalpur
ChIJV5m_Ty8dDTkRyHJJlJvPEAk,ChIJV5m_Ty8dDTkRyHJJlJvPEAk,0.6422670289530683,0.8071605751461279,4.4,0.1017312414740444,Mid-Range,Mahipalpur
ChIJUdsPbuIdDTkRqpgi2i7xKkI,ChIJUdsPbuIdDTkRqpgi2i7xKkI,0.5567396286046042,0.6818967509986825,4.2,0.000498720712494,Mid-Range,Mahipalpur
ChIJhdCGIFUdDTkRzJqaue3kFuk,ChIJhdCGIFUdDTkRzJqaue3kFuk,0.8069191425889158,0.48392711957707635,4.5,0.7916352539788931,Mid-Range,Mahipalpur
ChIJ5bXEImgdDTkRTcDcVIVTblg,ChIJ5bXEImgdDTkRTcDcVIVTblg,0.6388360085194597,0.46767210117277475,4.2,0.4006361144478433,Mid-Range,Mahipalpur
ChIJa1Ew2zQdDTkRoVtBcorX4Nw,ChIJa1Ew2zQdDTkRoVtBcorX4Nw,0.7553157587347903,0.6399178565070297,4.8,0.4008969978371169,Mid-Range,Mahipalpur
ChIJH7uqMgAdDTkRR3AlYABkDHo,ChIJH7uqMgAdDTkRR3AlYABkDHo,0.7556835363259214,0.4268137678954004,4.4,0.7107858103350736,Mid-Range,Mahipalpur
ChIJq0A_wPYbDTkRnV2bk_7Fzfc,ChIJq0A_wPYbDTkRnV2bk_7Fzfc,0.6294767752620731,0.6613999091269382,3.8,0.4088155487552285,Mid-Range,Other
ChIJ42FWKggdDTkRFzcocUxirBs,ChIJ42FWKggdDTkRFzcocUxirBs,0.6353366958023067,0.5012416416592678,4.6,0.200621590722585,Mid-Range,Other
ChIJp77fqcAdDTkRI_xm4ZpmmOU,ChIJp77fqcAdDTkRI_xm4ZpmmOU,0.532719062952613,0.5855084500159704,3.1,0.4478014258726034,Budget,Mahipalpur
ChIJqR0Lpo8dDTkRXtwuh1revik,ChIJqR0Lpo8dDTkRXtwuh1revik,0.783915704524672,0.42585899220677387,4.4,0.7999125708302017,Luxury,Mahipalpur
ChIJpwfcnIsdDTkRozATce4XjIU,ChIJpwfcnIsdDTkRozATce4XjIU,0.8249116122613209,0.7300362696513057,4.7,0.6006243272975553,Mid-Range,Mahipalpur
ChIJJxUVzAkdDTkR3suKEjMZLts,ChIJJxUVzAkdDTkR3suKEjMZLts,0.7249405625398061,0.5461084178384882,4.3,0.5765626570791937,Mid-Range,Mahipalpur
ChIJWxJ1vDscDTkRtxnxwLjdnK4,ChIJWxJ1vDscDTkRtxnxwLjdnK4,0.4465366762432199,0.5980898597611469,3.5,0.0026191086857578,Budget,Mahipalpur
ChIJlbip0PAdDTkRf4CfOJtwHZI,ChIJlbip0PAdDTkRf4CfOJtwHZI,0.6012253228198537,0.6676796668568434,3.6,0.3994116894871695,Mid-Range,Mahipalpur
ChIJQSiYSGkeDTkRXBZMMWIbY5s,ChIJQSiYSGkeDTkRXBZMMWIbY5s,0.8634330375207029,0.6247946622252402,4.2,0.999859380722046,Mid-Range,Other
ChIJAQAQ3iIeDTkRUX6NDxRGhiA,ChIJAQAQ3iIeDTkRUX6NDxRGhiA,0.5530865986405215,0.5398364541818974,4.4,0.0004222808027406,Mid-Range,Chhatarpur
ChIJ7VpQfSMeDTkRq4Uup9eQgNI,ChIJ7VpQfSMeDTkRq4Uup9eQgNI,0.6340703982670406,0.6796624882238446,4.3,0.2027053064957726,Mid-Range,Chhatarpur
ChIJgfLBXRgeDTkRlsDBRnel4Ws,ChIJgfLBXRgeDTkRlsDBRnel4Ws,0.7303683370102538,0.5880636830925053,4.7,0.3989385020977352,Mid-Range,Chhatarpur
ChIJ6UcYhSEeDTkR6E7j3U9cv-0,ChIJ6UcYhSEeDTkR6E7j3U9cv-0,0.8598070297598234,0.7205770062199108,4.5,0.7996392113622278,Mid-Range,Chhatarpur
ChIJD17xGwccDTkR56renr5AHfM,ChIJD17xGwccDTkR56renr5AHfM,0.6877662964885627,0.4813193912566148,3.8,0.7115705304342554,Mid-Range,Other
ChIJZ-6qctYdDTkR9AxnmCK-SMw,ChIJZ-6qctYdDTkR9AxnmCK-SMw,0.6726465833653918,0.5928133580693498,4.0,0.5065170130226762,Budget,Other
ChIJLbvB2x4dDTkR3qHyJO5FV-g,ChIJLbvB2x4dDTkR3qHyJO5FV-g,0.4816223689906026,0.4538312100203575,4.0,0.0004299778840504,Mid-Range,Mahipalpur
ChIJAQAAMLD-DDkRdPtt8LsVujA,ChIJAQAAMLD-DDkRdPtt8LsVujA,0.9963968679996936,1.0,4.6,0.999814522266388,Luxury,Mahipalpur
ChIJX_p5Lu0dDTkRqOKPEmR2EB4,ChIJX_p5Lu0dDTkRqOKPEmR2EB4,0.8765815436946245,0.6114211484032461,4.8,0.7999874248169363,Mid-Range,Mahipalpur
ChIJf25pKZnhDDkRwGJaFMZCYAk,ChIJf25pKZnhDDkRwGJaFMZCYAk,0.7136322214148951,0.4999516928857564,4.7,0.4052225421764888,Mid-Range,Other
ChIJI25rymXhDDkRpXprJDubtzQ,ChIJI25rymXhDDkRpXprJDubtzQ,0.6966478034917504,0.5655528295152028,4.0,0.5999195580603554,Mid-Range,Other
ChIJFaVru3bjDDkRrUBWLmUZSM8,ChIJFaVru3bjDDkRrUBWLmUZSM8,0.5912694429309584,0.6043613960091064,4.1,0.2020850611734203,Budget,Other
ChIJTcaicyDjDDkRriIeJG6QFM8,ChIJTcaicyDjDDkRriIeJG6QFM8,0.7033140830253451,0.4626389936235164,4.1,0.647756744956132,Mid-Range,Other
ChIJo4rzGLDhDDkRhQ81ZlWwock,ChIJo4rzGLDhDDkRhQ81ZlWwock,0.9360875929752598,0.5290833810527406,4.9,0.9997269630432128,Mid-Range,Other
ChIJQxM3RNLjDDkRpfU_0WZcbw8,ChIJQxM3RNLjDDkRpfU_0WZcbw8,0.6443558162381353,0.744375680496578,3.8,0.4001348835998214,Mid-Range,Other
ChIJveFwKoPhDDkRIqlykGWRMYA,ChIJveFwKoPhDDkRIqlykGWRMYA,0.3999468976917984,0.32262470913604485,3.1,0.2068993040127679,Mid-Range,Other
ChIJAYFTg5HhDDkR_v7Ha_GJtt8,ChIJAYFTg5HhDDkR_v7Ha_GJtt8,0.788949715220154,0.6243405646731398,4.6,0.600036673800787,Mid-Range,Other
ChIJB4eb5VziDDkR8DQnuhE4HhU,ChIJB4eb5VziDDkR8DQnuhE4HhU,0.8678349653940655,0.3954916301108739,4.6,0.9998587012290956,Budget,Other
ChIJ4_cSyxPhDDkRRdBaWb4TUL4,ChIJ4_cSyxPhDDkRRdBaWb4TUL4,0.6882490459275794,0.4523990307935275,4.6,0.3990305558865657,Mid-Range,Other
ChIJed3qvkHhDDkRZz9hwNvIc1k,ChIJed3qvkHhDDkRZz9hwNvIc1k,0.7911403972541863,0.5649086067808567,4.7,0.6048577345907689,Mid-Range,Other
ChIJTUJpHx3iDDkRYzj9vx7KJRE,ChIJTUJpHx3iDDkRYzj9vx7KJRE,0.6518243003769214,0.46767210117277475,4.3,0.3996796440129401,Budget,Other
ChIJ3wz0KwfiDDkRjHFWQTiSUNA,ChIJ3wz0KwfiDDkRjHFWQTiSUNA,0.5895266467811869,0.6071404027837526,3.6,0.4031031441001687,Mid-Range,Other
ChIJ7xzv0_XhDDkRouVSxdtA7Kg,ChIJ7xzv0_XhDDkRouVSxdtA7Kg,0.9096790013165956,0.4055652125326968,4.9,0.9992979407310486,Mid-Range,Other
ChIJx-nhZO3hDDkRhvElsSXy5jE,ChIJx-nhZO3hDDkRhvElsSXy5jE,0.8961310171024109,0.7160998745495267,4.3,0.9998103499412536,Mid-Range,Other
ChIJtSU-60fhDDkRIFpzjZOFQ-o,ChIJtSU-60fhDDkRIFpzjZOFQ-o,0.7914511151501742,0.5846408779061685,4.2,0.8010101273655892,Budget,Other
ChIJtaq-A5zjDDkRhbzhTkwimYg,ChIJtaq-A5zjDDkRhbzhTkwimYg,0.9197604023254516,0.6398215400849993,4.6,0.9997259616851808,Mid-Range,Other
ChIJuXSu2CbhDDkR2BjuXI2YDLU,ChIJuXSu2CbhDDkR2BjuXI2YDLU,0.8990018926172566,0.5450475537807705,4.6,0.9978436350822448,Mid-Range,Other
ChIJhzHamC_iDDkRkUSrm3hnORw,ChIJhzHamC_iDDkRkUSrm3hnORw,0.837062182389266,0.6260321281207478,4.0,0.999711549282074,Mid-Range,Other
ChIJv5eWZj3jDDkR_tI3DXrwG3M,ChIJv5eWZj3jDDkR_tI3DXrwG3M,0.6999555858175118,0.45663111472159,4.2,0.5995685363071971,Budget,Delhi
ChIJa11F3PThDDkRiXUu-XFCPsM,ChIJa11F3PThDDkRiXUu-XFCPsM,0.9033805036310593,0.7879517570955235,4.3,0.974631714820862,Budget,Other
ChIJD4ycINPjDDkR4Xvm3Q1Quq8,ChIJD4ycINPjDDkR4Xvm3Q1Quq8,0.8668133922882015,0.703572341786887,4.7,0.7496028987516183,Mid-Range,Other
ChIJiRsZjhfjDDkRh-Hz8soazjI,ChIJiRsZjhfjDDkRh-Hz8soazjI,0.8125013131842449,0.43411867594877973,4.6,0.80067084049806,Mid-Range,Delhi
ChIJuVkOINPjDDkR4FBr49a3Org,ChIJuVkOINPjDDkR4FBr49a3Org,0.8172743905446543,0.5825251092501829,4.4,0.8000271729426458,Mid-Range,Other
ChIJ87NRphjiDDkRMh3igGPGQUg,ChIJ87NRphjiDDkRMh3igGPGQUg,0.6130596025166565,0.532807470194446,3.9,0.4014195749448845,Mid-Range,Other
ChIJX4jrIjbjDDkRXXZoolO_JAw,ChIJX4jrIjbjDDkRXXZoolO_JAw,0.8877371007417598,0.6155136673672537,4.4,0.9988914608955384,Budget,Other
ChIJh11bAXrjDDkR9tb-KG0AsUU,ChIJh11bAXrjDDkR9tb-KG0AsUU,0.6505389879439231,0.223219623947779,4.2,0.6002859757980332,Budget,Other
ChIJPfpkEwHiDDkRiS9jVibNSdw,ChIJPfpkEwHiDDkRiS9jVibNSdw,0.8208385030330893,0.4559389939601579,4.6,0.8122558534145355,Mid-Range,Other
ChIJmZQOztIdDTkRP7F2TwIcXdg,ChIJmZQOztIdDTkRP7F2TwIcXdg,0.8957145308746323,0.6515749327223179,4.4,0.99985488653183,Mid-Range,Other
ChIJl6486XvhDDkR4B-ArwFX0Ak,ChIJl6486XvhDDkR4B-ArwFX0Ak,0.7088355744097607,0.5602697203980311,4.1,0.5999760263832286,Mid-Range,Other
ChIJB-shS9_jDDkRQQSbddJ0GOU,ChIJB-shS9_jDDkRQQSbddJ0GOU,0.863278378871678,0.8621255768700429,4.3,0.7994873458635993,Mid-Range,Other
ChIJby0WOwAfDTkR6PBzipNl_n8,ChIJby0WOwAfDTkR6PBzipNl_n8,0.5090971089204456,0.45800010724069096,4.2,0.0004335577716119,Mid-Range,Other
ChIJIQA2Z7wfDTkRZw25k-8InI0,ChIJIQA2Z7wfDTkRZw25k-8InI0,0.8014139789566624,0.5045965926282034,4.4,0.8022670166566968,Mid-Range,Chhatarpur
ChIJ5c8bRRP9DDkRI_kpIfCtqB8,ChIJ5c8bRRP9DDkRI_kpIfCtqB8,0.20816859033772936,0.3501294176361872,2.1,0.00412408655975,Mid-Range,Other
ChIJsyRMG9PjDDkRu-_yoSGBWiQ,ChIJsyRMG9PjDDkRu-_yoSGBWiQ,0.4506978100986612,0.619553701560202,3.5,0.0013524408161174,Budget,Other
ChIJLQysRQDhDDkRwKEOpvjvpK8,ChIJLQysRQDhDDkRwKEOpvjvpK8,0.9134959851528159,0.4864637837128357,4.8,0.998996090888977,Mid-Range,Other
ChIJdx3KI4vhDDkRjBieM5ZC8sI,ChIJdx3KI4vhDDkRjBieM5ZC8sI,0.8811239296760571,0.7194367842741304,4.2,0.9922145485877992,Luxury,Other
ChIJ_yPZ5d4fDTkRzAGMFkC6CGQ,ChIJ_yPZ5d4fDTkRzAGMFkC6CGQ,0.8490128068556233,0.24566935486130465,4.7,0.9990778207778932,Budget,Other
ChIJMyjsl_rhDDkRcU3rb0yGJ3s,ChIJMyjsl_rhDDkRcU3rb0yGJ3s,0.7329115890805145,0.6103692749110328,4.2,0.6003729503019712,Mid-Range,Other
ChIJ27TmZdrjDDkR0csS3EblZWw,ChIJ27TmZdrjDDkR0csS3EblZWw,0.43197073139785236,0.3543615015642497,3.3,0.2027828595339088,Mid-Range,Other
ChIJozZZLu0fDTkRC6DaaoQIvf4,ChIJozZZLu0fDTkRC6DaaoQIvf4,0.8386137125969204,0.2580997673088359,4.6,0.9998628695805868,Mid-Range,Chhatarpur
ChIJgfNsgx3iDDkRVYjia-ScBMI,ChIJgfNsgx3iDDkRVYjia-ScBMI,0.6643505732043695,0.4135655773021257,4.0,0.6000127145875013,Budget,Other
ChIJN-n7sWnhDDkR4H39boxluks,ChIJN-n7sWnhDDkR4H39boxluks,0.8367918452938616,0.42293446435577203,4.8,0.8009293202310801,Mid-Range,Other
ChIJk2gHn-nhDDkRuZScc5-PY8A,ChIJk2gHn-nhDDkRuZScc5-PY8A,0.8075806978735712,0.42585899220677387,4.6,0.7907542355358601,Budget,Other
ChIJNQbCLoPhDDkRFI2nnt7W9qE,ChIJNQbCLoPhDDkRFI2nnt7W9qE,0.8249703966567519,0.34793896801864493,4.8,0.8138734474778175,Mid-Range,Other
ChIJjeWqzSkdDTkRlyfZf8SJ0X0,ChIJjeWqzSkdDTkRlyfZf8SJ0X0,0.29943529440910865,0.34569573143422866,2.8,0.0014774193638004,Mid-Range,Delhi
ChIJF8i-etEdDTkREtkYnwqAdDg,ChIJF8i-etEdDTkREtkYnwqAdDg,0.702263819495451,0.5139917675759166,4.6,0.4018963077047374,Mid-Range,Other
ChIJEYi_bxviDDkRxJy_gHRETS0,ChIJEYi_bxviDDkRxJy_gHRETS0,0.7808423584699316,0.23877065754814755,4.2,0.9983384370803832,Budget,Other
ChIJ5RjjCirlDDkR5wrzax-BZEs,ChIJ5RjjCirlDDkR5wrzax-BZEs,0.7283751137490727,0.6395319914422644,4.6,0.4000454511318821,Mid-Range,Other
ChIJZSEVrPHlDDkRZ5C2vrpZXRM,ChIJZSEVrPHlDDkRZ5C2vrpZXRM,0.5933693765875129,0.5037691221701405,3.8,0.4007285596831934,Mid-Range,Other
ChIJPdjkgibjDDkR_QptVlI3l0k,ChIJPdjkgibjDDkR_QptVlI3l0k,0.4762549101803712,0.6097057666595005,3.2,0.2130233035888523,Mid-Range,Other
ChIJBXnLrFvhDDkRAiQRIACRglQ,ChIJBXnLrFvhDDkRAiQRIACRglQ,0.9054810357197929,0.9337512174753848,4.5,0.8006825995631516,Mid-Range,Other
ChIJn7p71dPjDDkRmAbO7nz1zME,ChIJn7p71dPjDDkRmAbO7nz1zME,0.5054758380072182,0.5121111013177606,3.5,0.2446758020872948,Mid-Range,Other
ChIJtQK8YgDlDDkR2GhqfmSyzwE,ChIJtQK8YgDlDDkR2GhqfmSyzwE,0.6471018628643521,0.49460535414238904,4.7,0.2002555784012656,Mid-Range,Other
ChIJmWEg6snjDDkRKh3js-UGjvs,ChIJmWEg6snjDDkRKh3js-UGjvs,0.531926688851698,0.6416347255039642,3.6,0.1995669768191873,Mid-Range,Other
ChIJAw2759jjDDkReqlGzFG1rN8,ChIJAw2759jjDDkReqlGzFG1rN8,0.5109069757860021,0.5903869006197126,4.0,0.0011818329483502,Mid-Range,Other
ChIJj2CkiW7jDDkRtk7vqwXeRTw,ChIJj2CkiW7jDDkRtk7vqwXeRTw,0.7758148255184212,0.4573181275341834,4.3,0.7952152761630714,Mid-Range,Other
ChIJu9d5CfDjDDkRCegi4jcwD24,ChIJu9d5CfDjDDkRCegi4jcwD24,0.7547756453811639,0.5293994757998772,4.0,0.8062163330614567,Mid-Range,Other
ChIJk4WvZ3DjDDkRZ9zZPlkz7RU,ChIJk4WvZ3DjDDkRZ9zZPlkz7RU,0.63807222962863,0.5258619587925035,4.1,0.4011155721265823,Mid-Range,Other
ChIJ5RheowbkDDkRtDC1TjcYz1w,ChIJ5RheowbkDDkRtDC1TjcYz1w,0.6333465263784706,0.6927111279256347,3.8,0.4000706596882082,Luxury,Other
ChIJIYwrZt7jDDkRvGirDdAwW2Q,ChIJIYwrZt7jDDkRvGirDdAwW2Q,0.3559858719322597,0.5593592993165449,2.4,0.2029525063349865,Mid-Range,Other
ChIJi4RsIRvnDDkRz11cKiGwPMU,ChIJi4RsIRvnDDkRz11cKiGwPMU,0.31667821718726613,0.2520918884069095,2.6,0.2012591259437613,Mid-Range,Other
ChIJf6Yq7tHjDDkR9wn1DIoV_GM,ChIJf6Yq7tHjDDkR9wn1DIoV_GM,0.8565201278255941,0.5979388624635016,4.2,0.9960955858230592,Mid-Range,Other
ChIJxx0yTpbjDDkRF3UBS7GPzO4,ChIJxx0yTpbjDDkRF3UBS7GPzO4,0.5785760687738603,0.5471573282439923,4.1,0.2004352932155597,Budget,Other
ChIJ7Swth0zjDDkRBuB9zPA6NRw,ChIJ7Swth0zjDDkRBuB9zPA6NRw,0.7240980984363181,0.46949150397785566,4.6,0.5,Mid-Range,Other
ChIJ5bX1UNLjDDkRFUd-LjbGr28,ChIJ5bX1UNLjDDkRFUd-LjbGr28,0.8148987265222533,0.6466927001065527,3.8,0.9998025536537172,Mid-Range,Other
ChIJoxuvkn_hDDkRxd31OthoEt8,ChIJoxuvkn_hDDkRxd31OthoEt8,0.2522040388742567,0.4286944341535564,2.3,0.0064377487724413,Mid-Range,Other
ChIJDdqRm4vnDDkRVPs6i90nqM4,ChIJDdqRm4vnDDkRVPs6i90nqM4,0.4557086285177949,0.4552416887252435,3.8,0.0015995739959179,Mid-Range,Other
ChIJ85M8_BDlDDkRuHggVmVCRmA,ChIJ85M8_BDlDDkRuHggVmVCRmA,0.6862000744447959,0.5033526122422379,4.5,0.4003059202746953,Mid-Range,Other
ChIJt1wO0R7kDDkRYdm-4PCgRAs,ChIJt1wO0R7kDDkRYdm-4PCgRAs,0.8075985289200072,0.5980898597611469,4.2,0.8426562130451203,Mid-Range,Other
ChIJlauOOPLnDDkRAsLWG3XzNmg,ChIJlauOOPLnDDkRAsLWG3XzNmg,0.526673504036809,0.44170484731592363,3.4,0.3997214367962441,Luxury,Other
ChIJ-V35ZQLkDDkRAN9EIFb6qLA,ChIJ-V35ZQLkDDkRAN9EIFb6qLA,0.7674560360258701,0.5989907359557148,4.0,0.7995672775432467,Mid-Range,Other
ChIJQQAAUALkDDkRPlvxqRwJGJo,ChIJQQAAUALkDDkRPlvxqRwJGJo,0.8518427032606571,0.6336464762826213,4.1,0.9992963671684264,Mid-Range,Other
ChIJx_FdBwDnDDkRBnx9GzcApi8,ChIJx_FdBwDnDDkRBnx9GzcApi8,0.6978837157917231,0.4645584392255316,4.5,0.462789632671047,Mid-Range,Other
ChIJKWnq_wPkDDkR5dlmfoAQhCE,ChIJKWnq_wPkDDkR5dlmfoAQhCE,0.6894102931662395,0.5937665044194342,3.9,0.6000920261431019,Mid-Range,Other
ChIJ8VV1bwLkDDkRXF4dKZb7rf0,ChIJ8VV1bwLkDDkRXF4dKZb7rf0,0.8253179026551517,0.5939244176270861,4.1,0.9426390290260316,Mid-Range,Other
ChIJgYEW9tHjDDkRY7NOQXZZSTU,ChIJgYEW9tHjDDkRY7NOQXZZSTU,0.7488679082972959,0.6566974036398555,4.1,0.661167309130542,Mid-Range,Other
ChIJBbCOpAnlDDkRaY_Ew4Tetlk,ChIJBbCOpAnlDDkRaY_Ew4Tetlk,0.7688983255172637,0.4167944494294059,4.3,0.8005521467886865,Budget,Other
ChIJr7zikkjjDDkRmaLEnWGPiYo,ChIJr7zikkjjDDkRmaLEnWGPiYo,0.8388368388675385,0.2143472170767782,4.7,0.9880639314651488,Budget,Other
ChIJNaMuONvjDDkRv5D1tbP4bIE,ChIJNaMuONvjDDkRv5D1tbP4bIE,0.90421340291248,0.504183776813819,4.7,0.9997543215751648,Mid-Range,Other
ChIJv3LFrLbjDDkRcD6s3AqKMl8,ChIJv3LFrLbjDDkRcD6s3AqKMl8,0.6950266710004652,0.32262470913604485,3.9,0.798457065463299,Mid-Range,Other
ChIJSy2Zdb3nDDkRPu34BuB3FtQ,ChIJSy2Zdb3nDDkRPu34BuB3FtQ,0.642812557529801,0.1498222752495692,4.5,0.5,Mid-Range,Other
ChIJFTlx8lXlDDkR7DbHlHQwh3c,ChIJFTlx8lXlDDkR7DbHlHQwh3c,0.7826999268522629,0.35640751389356334,4.5,0.8007361847907305,Mid-Range,Other
ChIJj5WWowbkDDkRZeORbR-RCbQ,ChIJj5WWowbkDDkRZeORbR-RCbQ,0.5779622377752296,0.5372623782849241,3.6,0.4134412824234459,Luxury,Other
ChIJd4yhs0LjDDkRl-UgerNidgU,ChIJd4yhs0LjDDkRl-UgerNidgU,0.9039143631029023,0.5029342303533152,4.7,0.9996500492095948,Mid-Range,Other
ChIJCyc2Pa_mDDkRFDjbRorrdGg,ChIJCyc2Pa_mDDkRFDjbRorrdGg,0.778552753925492,0.5880636830925053,4.1,0.7999666041345336,Luxury,Other
ChIJl0oXUXPjDDkRr7CX9nQK4Hk,ChIJl0oXUXPjDDkRr7CX9nQK4Hk,0.9323011895493305,0.44946682574870767,5.0,0.999269986152649,Mid-Range,Other
ChIJr_r0whMRDTkRvN55RzUgjOg,ChIJr_r0whMRDTkRvN55RzUgjOg,0.8722231161349365,0.16679455498454923,5.0,0.99941086769104,Budget,New Delhi
ChIJpTgCIZobDTkREstZmkWNvdE,ChIJpTgCIZobDTkREstZmkWNvdE,0.8282978990670594,0.5124902864187779,4.6,0.7979355470975861,Mid-Range,New Delhi
ChIJNVRyWcgaDTkRj3BVa6ccnAo,ChIJNVRyWcgaDTkRj3BVa6ccnAo,0.8360802249939365,0.9780676777008163,4.5,0.5536100254190387,Luxury,New Delhi
ChIJe1bK-MgaDTkRQq9FTKRnEPU,ChIJe1bK-MgaDTkRQq9FTKRnEPU,0.8123205201418644,0.6843179489525855,4.2,0.799971318372991,Mid-Range,New Delhi
ChIJSdIsddsbDTkRV8hWeRdlXpg,ChIJSdIsddsbDTkRV8hWeRdlXpg,0.830517575727269,0.4079220425584051,4.3,0.9996050119400024,Mid-Range,Dwarka
ChIJg95hFcUaDTkRPEIHxlLFqD0,ChIJg95hFcUaDTkRPEIHxlLFqD0,0.4391438238203716,0.5029342303533152,3.6,0.0012175456969998,Mid-Range,Other
ChIJi36xEZ8bDTkR4WthqzO9FOk,ChIJi36xEZ8bDTkR4WthqzO9FOk,0.6295299815597252,0.5248733851099727,3.8,0.5,Mid-Range,Other
ChIJPU8dg1gaDTkR9av06rlNEBo,ChIJPU8dg1gaDTkR9av06rlNEBo,0.8066754136210815,0.2958444386389672,4.3,0.9995931029319765,Mid-Range,New Delhi
ChIJf_i50DwbDTkRJKI6ATn2HHQ,ChIJf_i50DwbDTkRJKI6ATn2HHQ,0.7911775655025893,0.4600165719380828,4.4,0.799902257102076,Mid-Range,New Delhi
ChIJayqg-TUbDTkRcFyaA0O5Wog,ChIJayqg-TUbDTkRcFyaA0O5Wog,0.7420998579870159,0.41246390984585385,4.1,0.8027760207653045,Mid-Range,New Delhi
ChIJxWQtupobDTkR9JtPxAEP9Dc,ChIJxWQtupobDTkR9JtPxAEP9Dc,0.44268279024811197,0.3954916301108739,3.3,0.2089383989165071,Mid-Range,New Delhi
ChIJ2QQhr8QaDTkRMce_qfoaI-A,ChIJ2QQhr8QaDTkRMce_qfoaI-A,0.5995082591716797,0.6582914462466433,3.6,0.4002885793510359,Budget,Dwarka
ChIJF6F7gOEaDTkRsbOosIh1sUk,ChIJF6F7gOEaDTkRsbOosIh1sUk,0.8455681820379276,0.9456869360576206,4.5,0.6049360157107003,Luxury,New Delhi
ChIJvc-DqwwbDTkRSoKQ3ptUOHE,ChIJvc-DqwwbDTkRSoKQ3ptUOHE,0.6634425456400677,0.521156056548799,4.3,0.4004396282020025,Mid-Range,New Delhi
ChIJiyN1kz8bDTkRA2ud_zDRLqM,ChIJiyN1kz8bDTkRA2ud_zDRLqM,0.5507131185931853,0.659858651840757,3.7,0.2046347690455149,Mid-Range,New Delhi
ChIJNY0f0Q8bDTkRlcDkJHBQLnM,ChIJNY0f0Q8bDTkRlcDkJHBQLnM,0.8542296740588646,0.2690641681418895,4.7,0.9998329043388366,Budget,New Delhi
ChIJfxtgQFYaDTkRwu0tU9lGPGE,ChIJfxtgQFYaDTkRwu0tU9lGPGE,0.7148280908114619,0.5124902864187779,4.7,0.4006117847049608,Luxury,New Delhi
ChIJ-yw3PGIbDTkRXAfYWuFspOY,ChIJ-yw3PGIbDTkRXAfYWuFspOY,0.6458425149950848,0.5507381471556665,4.6,0.2005531127448193,Mid-Range,Other
ChIJ59PVuv4bDTkRw6GldlMth6I,ChIJ59PVuv4bDTkRw6GldlMth6I,0.8430899065901764,0.5790735793404571,4.6,0.7999104053014889,Mid-Range,Other
ChIJEYDU5mYbDTkRH-UsiC4Cu4E,ChIJEYDU5mYbDTkRH-UsiC4Cu4E,0.6130500369164947,0.5293994757998772,3.9,0.4036615890159737,Mid-Range,Other
ChIJgePgPlwbDTkRe99VXOPJjJ4,ChIJgePgPlwbDTkRe99VXOPJjJ4,0.6891033055253926,0.35640751389356334,4.5,0.5073691383258846,Budget,Other
ChIJxQtapR8bDTkRlecBFB8YTu4,ChIJxQtapR8bDTkRlecBFB8YTu4,0.5807887199476847,0.4913387097226093,4.2,0.2029163206461816,Mid-Range,Dwarka
ChIJQW0dhlAbDTkR27QFjwM29j4,ChIJQW0dhlAbDTkR27QFjwM29j4,0.6691910685300418,0.37636688884848807,4.1,0.5983171081519686,Budget,Other
ChIJjYjbl0gbDTkRCrRAMjT45Yg,ChIJjYjbl0gbDTkRCrRAMjT45Yg,0.4618747063106431,0.44488771508665215,3.3,0.2361623654956929,Budget,Dwarka
ChIJgXegMZgbDTkRJjWjnK4hf1U,ChIJgXegMZgbDTkRJjWjnK4hf1U,0.8501150555790661,0.48696292600033547,4.8,0.8000036358018405,Mid-Range,Dwarka
ChIJ8b0cjakbDTkRswKAZj95Mjk,ChIJ8b0cjakbDTkRswKAZj95Mjk,0.6809332033973109,0.5492203448319317,4.4,0.3948857419280102,Budget,New Delhi
ChIJwXfALvkaDTkRmyFhEbkG2JQ,ChIJwXfALvkaDTkRmyFhEbkG2JQ,0.8327771048022682,0.3386222175183568,4.9,0.8028871100395918,Mid-Range,Dwarka
ChIJNZIqYG0bDTkRdTH5rWIGgSM,ChIJNZIqYG0bDTkRdTH5rWIGgSM,0.8494775262936428,0.6737634226757313,4.5,0.7984717145678587,Mid-Range,Dwarka
ChIJ22pMGCUbDTkRB0hRdA_VG8k,ChIJ22pMGCUbDTkRB0hRdA_VG8k,0.4187112491601061,0.42093245572077237,3.1,0.2001753477874444,Mid-Range,New Delhi
ChIJRZaLkZkbDTkRkJRD2nrcKFs,ChIJRZaLkZkbDTkRkJRD2nrcKFs,0.7670091679689918,0.8210072437889171,4.2,0.566822286270326,Budget,Other
ChIJr1CxLkEbDTkRau7ByVr9-gc,ChIJr1CxLkEbDTkRau7ByVr9-gc,0.9363400057402127,0.5926535471913231,4.8,0.999804675579071,Mid-Range,New Delhi
ChIJlSDVKPIbDTkRFxNNJseitTI,ChIJlSDVKPIbDTkRFxNNJseitTI,0.5343891765501003,0.32262470913604485,3.6,0.4199586845352314,Mid-Range,New Delhi
ChIJYfbuyGUbDTkREm2SGwov630,ChIJYfbuyGUbDTkREm2SGwov630,0.5181498191789035,0.45094447286268013,3.8,0.2001785826083505,Mid-Range,Dwarka
ChIJ8SaLJQcbDTkRDummRi-bBts,ChIJ8SaLJQcbDTkRDummRi-bBts,0.9517368814020691,0.9150530570878215,4.4,0.9997979402542114,Mid-Range,New Delhi
ChIJa5dF22oZDTkRQ2KjgHaw2d8,ChIJa5dF22oZDTkRQ2KjgHaw2d8,0.8876967907190461,0.5045965926282034,4.6,0.9893764972686768,Budget,Other
ChIJZcuFGLkZDTkRsbttoM1gL2w,ChIJZcuFGLkZDTkRsbttoM1gL2w,0.5185580380864444,0.545313905360443,4.1,0.0135451393434777,Mid-Range,Other
ChIJ4QSpaUwbDTkRTJLcTeZmT64,ChIJ4QSpaUwbDTkRTJLcTeZmT64,0.8504598423375785,0.32826824387976544,4.9,0.8652141153812408,Mid-Range,New Delhi
ChIJUXEBCwAbDTkReAT2lErQcEA,ChIJUXEBCwAbDTkReAT2lErQcEA,0.8961936125082682,0.27887215890398714,5.0,0.9998250246047974,Budget,Dwarka
ChIJd0ioAMQbDTkRQVSbRjEe7WY,ChIJd0ioAMQbDTkRQVSbRjEe7WY,0.8296682848572635,0.7642789504090871,4.2,0.801038409397006,Mid-Range,New Delhi
ChIJrdT4SiEbDTkRIgX5tj9QnPs,ChIJrdT4SiEbDTkRIgX5tj9QnPs,0.5617752320032375,0.3433971007311961,4.3,0.2002819643035763,Mid-Range,Dwarka
ChIJZQCmAjEZDTkRwrCenXr9HJ4,ChIJZQCmAjEZDTkRwrCenXr9HJ4,0.8273329325254328,0.379577200550308,4.8,0.8001863692654296,Budget,Other
ChIJDX40hD0bDTkRJ4CwNPbP0LI,ChIJDX40hD0bDTkRJ4CwNPbP0LI,0.8770682354605142,0.6328190058245585,4.3,0.9955809950828552,Mid-Range,Dwarka
ChIJW1fDLSUbDTkRityti1y0TWk,ChIJW1fDLSUbDTkRityti1y0TWk,0.7799735433945792,0.6453402819333671,4.5,0.5995688273047562,Mid-Range,Other
ChIJp5HEBvEbDTkRUZfbGY7nZsE,ChIJp5HEBvEbDTkRUZfbGY7nZsE,0.7876267251192696,0.6955607643042667,4.0,0.7984097916865721,Luxury,Other
ChIJHz6rlQ0ZDTkR3PLIrgWCYmM,ChIJHz6rlQ0ZDTkR3PLIrgWCYmM,0.809664708573206,0.36228882606819135,4.7,0.7979997537040617,Budget,Other
ChIJ_2XTFpEbDTkR_wloHcUNR5g,ChIJ_2XTFpEbDTkR_wloHcUNR5g,0.4860375051770022,0.42489432229338514,3.6,0.2002266019582748,Budget,Dwarka
ChIJKRCAWocZDTkRba7C87Hijs8,ChIJKRCAWocZDTkRba7C87Hijs8,0.845851439488381,0.47971895389518543,4.3,0.9998025059700012,Mid-Range,Other
ChIJqYTSZjIbDTkRQ_rOS4SGZQY,ChIJqYTSZjIbDTkRQ_rOS4SGZQY,0.5091346159324784,0.5204639357873668,4.1,0.0005752331693656,Mid-Range,New Delhi
ChIJ34bw-9AbDTkRX4duKPn_Nqg,ChIJ34bw-9AbDTkRX4duKPn_Nqg,0.8364943627434044,0.23877065754814755,4.9,0.8811061024665833,Budget,Dwarka
ChIJYwWeSWEbDTkRDX74PgkC5qU,ChIJYwWeSWEbDTkRDX74PgkC5qU,0.8468113407468845,0.4626389936235164,4.8,0.805864504724741,Mid-Range,New Delhi
ChIJbd9OQUMZDTkRVnrtcXUQNAA,ChIJbd9OQUMZDTkRVnrtcXUQNAA,0.9812325078277883,0.9286244757277633,4.6,0.9998673915863036,Luxury,Other
ChIJvaDLwhAbDTkR_36PfbUB4-0,ChIJvaDLwhAbDTkR_36PfbUB4-0,0.8315754051942501,0.4632832163578625,4.7,0.7993465318519156,Mid-Range,New Delhi
ChIJ2zl8jRQbDTkRv1tqCweBkZY,ChIJ2zl8jRQbDTkRv1tqCweBkZY,0.4852950644733784,0.2958444386389672,3.8,0.2005994357314193,Mid-Range,New Delhi
ChIJzeEXTeAbDTkRXRtjQda7RXg,ChIJzeEXTeAbDTkRXRtjQda7RXg,0.7357897661814625,0.3695937341215708,4.6,0.6032446013763547,Mid-Range,Other
ChIJF32jzq8bDTkRBUGw8qVoInQ,ChIJF32jzq8bDTkRBUGw8qVoInQ,0.6624329621340009,0.4043640369818747,4.0,0.6001365598058327,Mid-Range,New Delhi
ChIJGSgZBUEcDTkRRd8_ULbNj6U,ChIJGSgZBUEcDTkRRd8_ULbNj6U,0.8521978110683196,0.7542118760198633,4.4,0.7950324755627662,Mid-Range,Mahipalpur
ChIJHaWKGvAdDTkR1l7uIkF9HwE,ChIJHaWKGvAdDTkR1l7uIkF9HwE,0.8268477664168168,0.7507062280528919,4.2,0.8012463243678212,Mid-Range,Mahipalpur
ChIJi2vT-3UcDTkROnoFPdqD-bA,ChIJi2vT-3UcDTkROnoFPdqD-bA,0.5000058876962746,0.7393530201515939,3.2,0.201036306048627,Mid-Range,Other
ChIJlU7xMJ4dDTkRS-CEa9X7JHw,ChIJlU7xMJ4dDTkRS-CEa9X7JHw,0.5052835027433408,0.6275836609296537,3.9,0.0004245778894982,Mid-Range,Mahipalpur
ChIJSyEeQxUcDTkRtP518kGmaNs,ChIJSyEeQxUcDTkRtP518kGmaNs,0.7007137843087906,0.6475835185177833,4.3,0.4329767466115299,Budget,Mahipalpur
ChIJQcH65xwdDTkRcF0kAI2f3WI,ChIJQcH65xwdDTkRcF0kAI2f3WI,0.8212265127314836,0.775988409842961,4.6,0.6001057446235791,Mid-Range,Mahipalpur
ChIJrU48_w_9DDkRAXDl9rxJ0kQ,ChIJrU48_w_9DDkRAXDl9rxJ0kQ,0.4429900171424015,0.7054957534674913,3.3,0.0032319480902514,Budget,Mahipalpur
ChIJ01RYkd0dDTkRcowtxjOpraI,ChIJ01RYkd0dDTkRcowtxjOpraI,0.7269071739295491,0.7478215660265124,4.4,0.4065846587298438,Mid-Range,Mahipalpur
ChIJ6XCwlb0dDTkRLWxu1qjVv00,ChIJ6XCwlb0dDTkRLWxu1qjVv00,0.636848217837341,0.6311416665061841,4.4,0.2020925865741446,Mid-Range,Mahipalpur
ChIJxbmmUzkcDTkRupwAbVY8NHE,ChIJxbmmUzkcDTkRupwAbVY8NHE,0.5370067286836165,0.5638248947327972,4.2,0.017362954589771,Mid-Range,Mahipalpur
ChIJc71sG0EcDTkRy3QIJsXVu6I,ChIJc71sG0EcDTkRy3QIJsXVu6I,0.8094207397665473,0.6692382846207092,4.2,0.8009354245848954,Mid-Range,Mahipalpur
ChIJo7kBM2ocDTkR2TXLzP1eBUk,ChIJo7kBM2ocDTkR2TXLzP1eBUk,0.9712589142472994,0.9621415952164074,4.7,0.9045949816703795,Budget,Other
ChIJLX-noAwdDTkRf90CzrP8goU,ChIJLX-noAwdDTkRf90CzrP8goU,0.5232744833833027,0.41246390984585385,3.9,0.2002282514586112,Mid-Range,Other
ChIJkf5hPkEcDTkRkw-x73G9OyM,ChIJkf5hPkEcDTkRkw-x73G9OyM,0.5746742167216086,0.7655858483067426,4.2,0.0009197399573167,Mid-Range,Mahipalpur
ChIJXcsvGhodDTkR2RGRqqx66ro,ChIJXcsvGhodDTkR2RGRqqx66ro,0.7640488238377664,0.5697373458318125,4.5,0.6000567186216358,Mid-Range,Mahipalpur
ChIJ-XvcAPgdDTkRFvBaEfggBoE,ChIJ-XvcAPgdDTkRFvBaEfggBoE,0.45578811739916975,0.51941600937114,3.7,0.0007325083104659,Mid-Range,Mahipalpur
ChIJ9_YcO0AcDTkR-IevngItAKw,ChIJ9_YcO0AcDTkR-IevngItAKw,0.6494420349179656,0.5565733613171766,4.6,0.2079452204779954,Mid-Range,Mahipalpur
ChIJ_2COEUEcDTkRRyJOt032yac,ChIJ_2COEUEcDTkRRyJOt032yac,0.7524797453629357,0.5406789016834466,3.5,0.9998338341712952,Mid-Range,Mahipalpur
ChIJJZbBIxcdDTkRWHSDuiBGNDc,ChIJJZbBIxcdDTkRWHSDuiBGNDc,0.7652992749110419,0.6393384574565729,4.4,0.5992420286114793,Mid-Range,Mahipalpur
ChIJdaJqbSgdDTkRiKTTCgl1KSk,ChIJdaJqbSgdDTkRiKTTCgl1KSk,0.5022595374007224,0.6758806952059268,3.8,0.0004149759246501,Mid-Range,Mahipalpur
ChIJ7bfQAnIcDTkR6QuFSvjr3e4,ChIJ7bfQAnIcDTkR6QuFSvjr3e4,0.8263392778146084,0.768024376825155,3.9,0.9131070971488952,Mid-Range,Other
ChIJkZedEMjiDDkRUK5PW7ktwd4,ChIJkZedEMjiDDkRUK5PW7ktwd4,0.8188403616194884,0.7314154032253312,3.9,0.91400865316391,Mid-Range,Other
ChIJzyidtTEdDTkR32S2ajuXbOs,ChIJzyidtTEdDTkR32S2ajuXbOs,0.5468317638856247,0.4758739902810327,4.3,0.0651255832635797,Mid-Range,Mahipalpur
ChIJpaO1QngdDTkRH43WFRC6rSA,ChIJpaO1QngdDTkRH43WFRC6rSA,0.6521615046738197,0.7315953565262725,3.9,0.3914543989871162,Budget,Mahipalpur
ChIJq6qathkdDTkR-mtwPPIV2C8,ChIJq6qathkdDTkR-mtwPPIV2C8,0.7248998643326132,0.43585872312643875,4.0,0.7749348900513724,Mid-Range,Mahipalpur
ChIJd6srbPEdDTkR7DweAzHQPI4,ChIJd6srbPEdDTkR7DweAzHQPI4,0.4073826952408994,0.47971895389518543,3.4,0.0004763962933792,Mid-Range,Mahipalpur
ChIJudcH0C8dDTkRk6QLFST8EMs,ChIJudcH0C8dDTkRk6QLFST8EMs,0.730901141958142,0.6641856593413055,4.1,0.5998605292174033,Mid-Range,Mahipalpur
ChIJP-z7CgAdDTkR7pLATQ2ZZwQ,ChIJP-z7CgAdDTkR7pLATQ2ZZwQ,0.5722821043439478,0.5551484894132765,4.4,0.0503801984974415,Mid-Range,Delhi
ChIJa40AUI4dDTkR9i55mAwMWqE,ChIJa40AUI4dDTkR9i55mAwMWqE,0.6397680783411085,0.5325027569482707,4.1,0.4020038016373292,Budget,Mahipalpur
ChIJQ3NDXD0dDTkRhr6qseSsSxg,ChIJQ3NDXD0dDTkRhr6qseSsSxg,0.6771076266242751,0.5855084500159704,4.3,0.400369540695101,Mid-Range,Mahipalpur
ChIJBb3mYrQdDTkRv0Dx43jGpGQ,ChIJBb3mYrQdDTkRv0Dx43jGpGQ,0.6697543896785267,0.6540887618099113,4.6,0.2066015200573019,Mid-Range,Mahipalpur
ChIJ7Xa0GEEcDTkRE39X-CgUsG0,ChIJ7Xa0GEEcDTkRE39X-CgUsG0,0.368110009405266,0.6063153768790331,2.9,0.0013167323661036,Mid-Range,Mahipalpur
ChIJd-3rnjD9DDkRh4jC5r1Deec,ChIJd-3rnjD9DDkRh4jC5r1Deec,0.6155871552336378,0.559130295969598,3.4,0.6001266594947083,Mid-Range,Mahipalpur
ChIJC567cIwdDTkRsrbn8qAY9H4,ChIJC567cIwdDTkRsrbn8qAY9H4,0.6763783430029155,0.6447937648239855,4.2,0.4002268147422,Mid-Range,Delhi
ChIJqXNvIZUdDTkR25SLKrXqpcs,ChIJqXNvIZUdDTkR25SLKrXqpcs,0.9235631448497024,0.7200493538036388,4.5,0.9998266458511352,Mid-Range,Mahipalpur
ChIJuWJbafgdDTkRgrD6U1ZCKtc,ChIJuWJbafgdDTkRgrD6U1ZCKtc,0.9477960431516304,0.9463551507718048,4.8,0.7999111404933501,Mid-Range,Other
ChIJX6pW1UYcDTkRgiws2YCBsJw,ChIJX6pW1UYcDTkRgiws2YCBsJw,0.7200834581907963,0.7186137036371202,3.9,0.6130018063529861,Mid-Range,Mahipalpur
ChIJB1BnotkdDTkRWrfJkptd0f4,ChIJB1BnotkdDTkRWrfJkptd0f4,0.6968415633326793,0.6545012118137812,4.2,0.4578946194786112,Mid-Range,Other
ChIJG56hgj4cDTkR0kDH_XNxj1Y,ChIJG56hgj4cDTkR0kDH_XNxj1Y,0.6788346411200128,0.46949150397785566,4.5,0.3997939516324549,Mid-Range,Mahipalpur
ChIJ7VH_h-IdDTkRFNSyL2_D5vs,ChIJ7VH_h-IdDTkRFNSyL2_D5vs,0.4012010155696213,0.3856836393487762,3.5,0.0021242280898149,Budget,Delhi
ChIJC4a0GTAdDTkR08VLCKrqsfs,ChIJC4a0GTAdDTkR08VLCKrqsfs,0.7682061750328658,0.5897290193403213,4.5,0.5997596399975009,Mid-Range,Mahipalpur
ChIJY6PJh2kcDTkRybb5KBGcqIY,ChIJY6PJh2kcDTkRybb5KBGcqIY,0.9780739710757926,0.9770229796437615,4.5,0.9993683457374573,Mid-Range,New Delhi
ChIJYZ4wOkEcDTkREEowD3Q59Fc,ChIJYZ4wOkEcDTkREEowD3Q59Fc,0.42773026020897403,0.636884709344455,3.3,0.0011428212805185,Mid-Range,Mahipalpur
ChIJe4zp0KMdDTkRm90YLrHBVg8,ChIJe4zp0KMdDTkRm90YLrHBVg8,0.9515833157779958,0.9731989390744878,4.7,0.8355526864528656,Luxury,Other
ChIJUXcJCEEcDTkRoT8BaaFhuUI,ChIJUXcJCEEcDTkRoT8BaaFhuUI,0.7956339346450899,0.6699382113285287,4.1,0.798922436038265,Mid-Range,Mahipalpur
ChIJu1A7MTIdDTkRPwUWrLom8yw,ChIJu1A7MTIdDTkRPwUWrLom8yw,0.6440577785812066,0.5638248947327972,4.3,0.3112345785601064,Mid-Range,Mahipalpur
ChIJcSOPprgdDTkR02f7jAhRoFE,ChIJcSOPprgdDTkR02f7jAhRoFE,0.6724499139006272,0.6850914705503919,4.1,0.4027151685615536,Mid-Range,Other
ChIJVVVVVYUbDTkRhQCZRO1qOUE,ChIJVVVVVYUbDTkRhQCZRO1qOUE,0.6960748707018172,0.6160128096547535,3.6,0.7311504509183578,Mid-Range,Mahipalpur
ChIJ7yY1S0AcDTkRZIaCEtrF_-A,ChIJ7yY1S0AcDTkRZIaCEtrF_-A,0.5990264137358772,0.7974057937673524,3.8,0.2227020626800367,Mid-Range,Mahipalpur
ChIJFQ0O2UAcDTkRbl1w-7nT3-M,ChIJFQ0O2UAcDTkRbl1w-7nT3-M,0.4250431870747654,0.5613953666841924,3.4,0.0013800842803902,Mid-Range,Delhi
ChIJN4KTK28dDTkRrF7WHMUJV3w,ChIJN4KTK28dDTkRrF7WHMUJV3w,0.7734024092085753,0.5029342303533152,4.2,0.798909786727745,Mid-Range,Other
ChIJTyIAIiXjDDkR2cdGhralCKc,ChIJTyIAIiXjDDkR2cdGhralCKc,0.7989106483915159,0.6838387210546338,4.1,0.7999258839816321,Mid-Range,Other
ChIJVVVVJXjiDDkR8LEuFu326Ss,ChIJVVVVJXjiDDkR8LEuFu326Ss,0.5206927856110471,0.5878954991017031,3.6,0.2001818459015339,Luxury,Other
ChIJPRLCi3biDDkRQx5dqErBzrk,ChIJPRLCi3biDDkRQx5dqErBzrk,0.6556956777272303,0.6726187233831408,4.0,0.400182916567428,Mid-Range,Other
ChIJfQoZ9HbiDDkRSibFdAucTrw,ChIJfQoZ9HbiDDkRSibFdAucTrw,0.7412699349970961,0.6012055068832813,3.8,0.7993469983251998,Mid-Range,Other
ChIJ9Xii03PiDDkRFaoIddnxtns,ChIJ9Xii03PiDDkRFaoIddnxtns,0.6533515277363702,0.6105014109354725,3.6,0.6009136763197602,Mid-Range,Other
ChIJm_hMGRjjDDkRypFWdaJKIic,ChIJm_hMGRjjDDkRypFWdaJKIic,0.580456961543432,0.5392705569158556,4.4,0.0865885667852125,Mid-Range,Other
ChIJe0aRQU_jDDkRiANhTaAQknI,ChIJe0aRQU_jDDkRiANhTaAQknI,0.7629537322625441,0.5772042431608497,4.0,0.7999796911492012,Mid-Range,Other
ChIJF7Cpu4YdDTkR64xYubWmXq4,ChIJF7Cpu4YdDTkR64xYubWmXq4,0.5061385084070178,0.5693272578840848,4.0,0.0002754228771663,Luxury,Other
ChIJNSFmGzPiDDkRIiHvp6YOd1c,ChIJNSFmGzPiDDkRIiHvp6YOd1c,0.8563499781262579,0.6545834829756433,4.1,0.9994658589363098,Mid-Range,Other
ChIJHZoxKrPjDDkRG6jciOAg1Ic,ChIJHZoxKrPjDDkRG6jciOAg1Ic,0.8468528863665759,0.6094390334867852,4.1,0.9997946977615356,Mid-Range,Other
ChIJzUZZUdzjDDkRJKDEesqf9fQ,ChIJzUZZUdzjDDkRJKDEesqf9fQ,0.8432934080354181,0.5805424826164582,4.6,0.7995689865900204,Budget,Other
ChIJZSlK1MrjDDkRjZgS3iDnj1w,ChIJZSlK1MrjDDkRjZgS3iDnj1w,0.5459908699405052,0.6415401700731959,3.7,0.2020457852166145,Mid-Range,Other
ChIJx62cgXHiDDkRpfnRkuY4q2I,ChIJx62cgXHiDDkRpfnRkuY4q2I,0.7630942267909268,0.6054829735956193,4.0,0.781567566934973,Mid-Range,Other
ChIJO-kFgCXjDDkRp0o0QV0kfuQ,ChIJO-kFgCXjDDkRp0o0QV0kfuQ,0.3666636372127832,0.42585899220677387,2.7,0.2004208471975289,Budget,Other
ChIJo8imMzXjDDkR491FFKkskUk,ChIJo8imMzXjDDkR491FFKkskUk,0.6618303180238868,0.6381687271305101,4.1,0.400711186195258,Mid-Range,Other
ChIJP8qaCJ_iDDkR0vVkDdWGYSU,ChIJP8qaCJ_iDDkR0vVkDdWGYSU,0.6882321702646153,0.8256244357374625,4.0,0.4001607245765626,Mid-Range,Other
ChIJAzdTzS7jDDkRIt7HRR47yfc,ChIJAzdTzS7jDDkRIt7HRR47yfc,0.8923649923346042,0.761164944108821,4.2,0.9996294975280762,Budget,Other
ChIJbYigBcvjDDkRStKjE7MFi4o,ChIJbYigBcvjDDkRStKjE7MFi4o,0.737206081710773,0.4559389939601579,4.0,0.8001203608699143,Mid-Range,Other
ChIJTYaPJtkdDTkRueyL3cN2yXA,ChIJTYaPJtkdDTkRueyL3cN2yXA,0.6445458817090074,0.6202697805803141,4.0,0.400134553614771,Mid-Range,Other
ChIJ_5tYXsvjDDkRSqUQm4XD8P0,ChIJ_5tYXsvjDDkRSqUQm4XD8P0,0.7873201132640673,0.5094126569138612,4.3,0.7965474929660559,Mid-Range,Other
ChIJT1_dZwDjDDkRnebfK5pM3Es,ChIJT1_dZwDjDDkRnebfK5pM3Es,0.7984898624029343,0.5442438957223944,4.8,0.6000035325065255,Budget,Other
ChIJL0f22DLiDDkR3fcJSE_kmw8,ChIJL0f22DLiDDkR3fcJSE_kmw8,0.5792975696715997,0.63229807657714,3.8,0.2709362497553229,Mid-Range,Other
ChIJn4gzI1ziDDkR9O77oIjkc7E,ChIJn4gzI1ziDDkR9O77oIjkc7E,0.8015309780833845,0.5105787241053805,4.4,0.7986456483136862,Mid-Range,Other
ChIJR-WL4m3iDDkR4jurspZOnwQ,ChIJR-WL4m3iDDkR4jurspZOnwQ,0.3231436152441168,0.4552416887252435,2.8,0.0027575838612392,Mid-Range,Other
ChIJyd-sPQDjDDkRfRiRKD5GJXg,ChIJyd-sPQDjDDkRfRiRKD5GJXg,0.8725255629488593,0.5912027674861633,4.8,0.8007533748634159,Mid-Range,Other
ChIJKfbCnXodDTkRoHUFJ9xu2HQ,ChIJKfbCnXodDTkRoHUFJ9xu2HQ,0.9022175670121843,0.43234548302977444,4.8,0.9997241497039796,Mid-Range,Other
ChIJdYAAxLTjDDkRRUfNdj8TTyc,ChIJdYAAxLTjDDkRRUfNdj8TTyc,0.8722393433236987,0.603937295897043,4.3,0.9996999025344848,Mid-Range,Other
ChIJzedOOWzjDDkRHuh3Br0sIZA,ChIJzedOOWzjDDkRHuh3Br0sIZA,0.5260088525922327,0.47417625665573304,4.3,0.0009905627288389,Budget,Other
ChIJGwNKtJ_iDDkRzM29RVCaCN8,ChIJGwNKtJ_iDDkRzM29RVCaCN8,0.8074491210181859,0.9192844729487284,4.3,0.5863915036432445,Mid-Range,Other
ChIJ0YSsSrcdDTkRPyej8NVwQ3E,ChIJ0YSsSrcdDTkRPyej8NVwQ3E,0.41038647867757444,0.5113480657867013,3.2,0.0721386431221617,Mid-Range,Other
ChIJBeUtHnTiDDkR4Ubj5utSO8c,ChIJBeUtHnTiDDkR4Ubj5utSO8c,0.7452102312609865,0.49460535414238904,4.0,0.7994308053341228,Budget,Other
ChIJAQDARl7iDDkRPMvE7jjAm4s,ChIJAQDARl7iDDkRPMvE7jjAm4s,0.7684631370668961,0.543433239102287,4.1,0.7980955759063363,Mid-Range,Other
ChIJ____Qq3jDDkRUN3S8QF_1Ec,ChIJ____Qq3jDDkRUN3S8QF_1Ec,0.6967447846150292,0.6717337678507843,4.3,0.4044362411863403,Budget,Other
ChIJe1-rNqjjDDkR8ByQ3dve4Pc,ChIJe1-rNqjjDDkR8ByQ3dve4Pc,0.8436726689039077,0.6589214981515372,4.0,0.9985050559043884,Mid-Range,Other
ChIJzRv4VzfjDDkRuKaA3fPk1zM,ChIJzRv4VzfjDDkRuKaA3fPk1zM,0.8219297098345577,0.6046430598051954,4.3,0.8415400624275208,Mid-Range,Other
ChIJ9z9RjKzjDDkRkqMhtJ2HBNM,ChIJ9z9RjKzjDDkRkqMhtJ2HBNM,0.8163186212473736,0.5908772782958578,3.9,0.9997966527938844,Budget,Other
ChIJRTIaDoXjDDkRo05ATdzGmF4,ChIJRTIaDoXjDDkRo05ATdzGmF4,0.6358427182148169,0.5695325276774856,4.0,0.4066803981142584,Mid-Range,Other
ChIJ-UnEBH7jDDkRhJaGrJjZF4Y,ChIJ-UnEBH7jDDkRhJaGrJjZF4Y,0.7916302145336565,0.7123740520047176,4.0,0.7997493761911756,Mid-Range,Other
ChIJ5-z-Hc_jDDkRZyU2Wz8Mae4,ChIJ5-z-Hc_jDDkRZyU2Wz8Mae4,0.853160646203191,0.9014086677662889,4.3,0.7415858355117961,Mid-Range,Other
ChIJ93r8-wbjDDkRlf30qg5Q_pM,ChIJ93r8-wbjDDkRlf30qg5Q_pM,0.5592415370299502,0.5814489144479454,3.9,0.2003058679489185,Budget,Other
ChIJ51yNUgbjDDkRhRjK5RkEXn4,ChIJ51yNUgbjDDkRhRjK5RkEXn4,0.6776951482472252,0.5887333968701759,4.3,0.4000610900693573,Budget,Other
ChIJifxgusrjDDkRyhoJd8vFkWI,ChIJifxgusrjDDkRyhoJd8vFkWI,0.39311640908925194,0.2958444386389672,3.2,0.1616768283362034,Budget,Other
ChIJzaSD0YLjDDkRNdQPGay3_OE,ChIJzaSD0YLjDDkRNdQPGay3_OE,0.6804050006970176,0.5514878678275444,3.9,0.6000518071552505,Mid-Range,Other
ChIJI1C0ziziDDkRKofmqRF3WKE,ChIJI1C0ziziDDkRKofmqRF3WKE,0.563073917821045,0.6585282157178736,3.8,0.2025984578998759,Mid-Range,Other
ChIJ75mawVXjDDkRgnu3gPfCRjc,ChIJ75mawVXjDDkRgnu3gPfCRjc,0.7556741098256,0.5932911511469264,4.4,0.5997713419666979,Mid-Range,Other
ChIJKYv_S8jjDDkRIbrMlfnrKF8,ChIJKYv_S8jjDDkRIbrMlfnrKF8,0.7215679635053741,0.43234548302977444,4.4,0.600166951934807,Budget,Other
ChIJz6uJIQfjDDkR3gifjDKqsIQ,ChIJz6uJIQfjDDkR3gifjDKqsIQ,0.4350066959028758,0.5775811255120287,3.3,0.0634856325748841,Budget,Other
ChIJm25SwA3kDDkRyLG31HJqNq0,ChIJm25SwA3kDDkRyLG31HJqNq0,0.702566584778771,0.6744966795636074,3.9,0.5875086800893768,Mid-Range,Other
ChIJx6qqOlDkDDkROn5jLYb6oo4,ChIJx6qqOlDkDDkROn5jLYb6oo4,0.573454335512003,0.5855084500159704,4.0,0.2004811052058357,Budget,Other
ChIJAeEer4jkDDkRnvYOsth2r2c,ChIJAeEer4jkDDkRnvYOsth2r2c,0.9676116376591534,0.9270962315197455,4.5,0.9998599529266358,Budget,New Delhi
ChIJ335bATblDDkR1WS3B174oYA,ChIJ335bATblDDkR1WS3B174oYA,0.8149749043055063,0.7033290967736792,4.5,0.6706170590594411,Mid-Range,Other
ChIJ-Q4xA7DlDDkRKbmDpYkiiUA,ChIJ-Q4xA7DlDDkRKbmDpYkiiUA,0.7638277730839806,0.6439679256745925,3.9,0.7998768091143574,Luxury,Other
ChIJuYjlFNPjDDkRq-G603kqdxU,ChIJuYjlFNPjDDkRq-G603kqdxU,0.5977188557380468,0.686034757290049,4.5,0.0011843746586236,Budget,Other
ChIJn8LrfyyvJzoRS4k22Vtcxl0,ChIJn8LrfyyvJzoRS4k22Vtcxl0,0.8752076524577949,0.7443129726372935,4.1,0.9987532496452332,Mid-Range,Other
ChIJmb7NnTHlDDkRlv2WNrp3Wio,ChIJmb7NnTHlDDkRlv2WNrp3Wio,0.8167263930797684,0.4552416887252435,4.6,0.7998318229394499,Budget,Other
ChIJQRsr9UXlDDkRZm3Cf8qesPk,ChIJQRsr9UXlDDkRZm3Cf8qesPk,0.7416511488938755,0.5889000751843347,4.3,0.6004121539881453,Mid-Range,Other
ChIJx_sVdgXlDDkR6EBNphWNsXc,ChIJx_sVdgXlDDkR6EBNphWNsXc,0.4548746733197292,0.5293994757998772,2.7,0.4078804530727211,Mid-Range,Other
ChIJqeUQpd3lDDkRAa1qCvUP7Lw,ChIJqeUQpd3lDDkRAa1qCvUP7Lw,0.8577758854845094,0.6482900859599178,4.6,0.7997974540689029,Budget,Other
ChIJuXhKZJPjDDkRWaj_AQQKWGk,ChIJuXhKZJPjDDkRWaj_AQQKWGk,0.8762333480252001,0.9219370796791467,4.3,0.8002187609905377,Mid-Range,Other
ChIJSZffIU3kDDkRuDXcAje-AKo,ChIJSZffIU3kDDkRuDXcAje-AKo,0.7055010900200008,0.6674650917017039,3.9,0.6013942494755611,Mid-Range,Other
ChIJs4ooMwDjDDkRGtav5_A2V-U,ChIJs4ooMwDjDDkRGtav5_A2V-U,0.7639672778712322,0.5334139206362926,4.5,0.624016739660874,Mid-Range,Other
ChIJMZJZ7_zlDDkRz63Sj2pBYPs,ChIJMZJZ7_zlDDkRz63Sj2pBYPs,0.4275283607058563,0.39811405179630743,3.2,0.2013570972630986,Mid-Range,Other
ChIJYWObOR_lDDkRC3aMeHig0Mw,ChIJYWObOR_lDDkRC3aMeHig0Mw,0.8337971906784951,0.7854050079358023,4.2,0.7998959162505344,Mid-Range,Other
ChIJzyKBJd7lDDkRCBDbrwbxyt0,ChIJzyKBJd7lDDkRCBDbrwbxyt0,0.43671144228995706,0.6163854178116852,3.4,0.0012927546515129,Mid-Range,Other
ChIJka2EkL3lDDkRFeu9Eghc8xU,ChIJka2EkL3lDDkRFeu9Eghc8xU,0.5695361589223862,0.28341402619143596,3.5,0.5979296806268394,Mid-Range,Other
ChIJE_C2GxfjDDkR-hXZcO33uF0,ChIJE_C2GxfjDDkR-hXZcO33uF0,0.47579895037004716,0.488444492767926,3.9,0.0007683364878175,Mid-Range,Other
ChIJI6js6jjjDDkRfSHTcQtq7WQ,ChIJI6js6jjjDDkRfSHTcQtq7WQ,0.32226429234307974,0.3695937341215708,2.5,0.182100091263419,Mid-Range,Other
ChIJqbcp5TjlDDkR7K7kvixY4OI,ChIJqbcp5TjlDDkR7K7kvixY4OI,0.907353907092848,0.5853355812316818,4.6,0.9971633076667784,Budget,Other
ChIJ7aqq-vTkDDkRgQTJLDQBQlA,ChIJ7aqq-vTkDDkRgQTJLDQBQlA,0.7690610735717069,0.5420662569235041,4.1,0.8008810554631054,Mid-Range,Other
ChIJPVegOR3lDDkRbWNzyX_u8BM,ChIJPVegOR3lDDkRbWNzyX_u8BM,0.8970843182719074,0.533111189268394,4.6,0.9997908115386964,Mid-Range,Other
ChIJ94OtjosHDTkRNzEsMJsW-jg,ChIJ94OtjosHDTkRNzEsMJsW-jg,0.5340791481884027,0.5128679332392954,4.3,0.0004914562014163,Mid-Range,New Delhi
ChIJe6wA2_TjDDkR7Ojp3A0uKiI,ChIJe6wA2_TjDDkR7Ojp3A0uKiI,0.3879318867631131,0.5121111013177606,3.2,0.0012488084903451,Mid-Range,Other
ChIJl_cOl7gPDTkR41IRTkO4u-I,ChIJl_cOl7gPDTkR41IRTkO4u-I,0.8744955558496793,0.42775885026245947,4.6,0.999224019050598,Luxury,Other
ChIJW9lffGEPDTkRKS5A-LwG5AU,ChIJW9lffGEPDTkRKS5A-LwG5AU,0.9342898166843883,0.5204639357873668,4.9,0.9998383522033693,Mid-Range,New Delhi
ChIJaV7NaqEPDTkRd7n9IfLtJik,ChIJaV7NaqEPDTkRd7n9IfLtJik,0.6744441253491159,0.336139675368766,4.2,0.5999336414330173,Mid-Range,Other
ChIJixXicdkPDTkR2UeugUm5oMQ,ChIJixXicdkPDTkR2UeugUm5oMQ,0.7821799251997578,0.18114441303409567,4.3,0.9992817044258118,Budget,Other
ChIJncDqI14PDTkRUyoZNk0tnt8,ChIJncDqI14PDTkRUyoZNk0tnt8,0.7969514223029549,0.4268137678954004,4.5,0.7984682339592837,Mid-Range,New Delhi
ChIJ0cF1deEPDTkRDLaGNJL-R4M,ChIJ0cF1deEPDTkRDLaGNJL-R4M,0.8585163360415172,0.10226961315734028,5.0,0.99946528673172,Mid-Range,Other
ChIJicRbzksFDTkR6DUl_93l5Uk,ChIJicRbzksFDTkR6DUl_93l5Uk,0.7314693960551824,0.6649980309779907,4.1,0.6011000703903846,Budget,Other
ChIJq8lvdiIFDTkRB74NMBwT_Vk,ChIJq8lvdiIFDTkRB74NMBwT_Vk,0.38466197759616083,0.6227335489447071,3.0,0.0005847170919877,Budget,Other
ChIJczB9bWwFDTkRpHg0nEMBI0M,ChIJczB9bWwFDTkRpHg0nEMBI0M,0.6740985803613804,0.39811405179630743,4.1,0.5992009890731425,Budget,New Delhi
ChIJM8VeA8kbDTkRx4Flhzxppg4,ChIJM8VeA8kbDTkRx4Flhzxppg4,0.8050646356840528,0.4538312100203575,4.5,0.8058864708989859,Mid-Range,Dwarka
ChIJ0_y8CMkaDTkRQfaV0zBk2QE,ChIJ0_y8CMkaDTkRQfaV0zBk2QE,0.7097090914438173,0.6434132677461541,4.0,0.5889515927119646,Mid-Range,New Delhi
ChIJDVaYpxcFDTkRC2JgbXYnzpA,ChIJDVaYpxcFDTkRC2JgbXYnzpA,0.3782765747787161,0.4043640369818747,3.3,0.0011501354660139,Budget,Other
ChIJi6djbFgaDTkRSlSm1pL_cEI,ChIJi6djbFgaDTkRSlSm1pL_cEI,0.747149001064607,0.6280222474351204,3.8,0.7998963775695301,Mid-Range,New Delhi
ChIJTUFs_sgPDTkRRTNBP_KT_dg,ChIJTUFs_sgPDTkRRTNBP_KT_dg,0.8719997111368025,0.16679455498454923,5.0,0.9987106323242188,Mid-Range,Other
ChIJXR3J6cQFDTkRjbqqOTC2dls,ChIJXR3J6cQFDTkRjbqqOTC2dls,0.6351445533444129,0.23877065754814755,4.3,0.5,Mid-Range,New Delhi
ChIJRUCw2qIFDTkR48WVAJkMcjM,ChIJRUCw2qIFDTkR48WVAJkMcjM,0.23735487577384276,0.3678205412025655,2.3,0.0004774768254719,Budget,Other
ChIJz5hJI3IPDTkR00N5NdACfRs,ChIJz5hJI3IPDTkR00N5NdACfRs,0.8571062387580706,0.5204639357873668,4.8,0.7995826292491983,Mid-Range,Other
ChIJfRu5zIwFDTkR4eaDE_lLUMs,ChIJfRu5zIwFDTkR4eaDE_lLUMs,0.5305013624323375,0.38419417055549543,4.0,0.2000598372105741,Budget,Other
ChIJyxiabjIFDTkRnY9RAXKGWzU,ChIJyxiabjIFDTkRnY9RAXKGWzU,0.22920073929470489,0.20453922631468055,2.5,0.000440219999291,Mid-Range,Dwarka
ChIJPwc231QFDTkR8Y5XU62U7R4,ChIJPwc231QFDTkR8Y5XU62U7R4,0.6991655709454542,0.10226961315734028,5.0,0.5,Budget,New Delhi
ChIJFT23yP8bDTkRm65IVfSQIsk,ChIJFT23yP8bDTkRm65IVfSQIsk,0.8675882881138852,0.4573181275341834,4.5,0.999534523487091,Mid-Range,Dwarka
ChIJEZfQ9zQbDTkRxsEoCNGPATA,ChIJEZfQ9zQbDTkRxsEoCNGPATA,0.6984307345065396,0.3993980695823625,3.8,0.799611108348472,Mid-Range,New Delhi
ChIJQRp7XsQFDTkRlE3NHxaGmWY,ChIJQRp7XsQFDTkRlE3NHxaGmWY,0.7093307480004167,0.26374330205255647,4.1,0.7992123657255433,Budget,New Delhi
ChIJf71eU6wFDTkRg91tr_Fx31Y,ChIJf71eU6wFDTkRg91tr_Fx31Y,0.21409953457886835,0.2580997673088359,2.3,0.0007336654496611,Budget,Other
ChIJR3a0cswFDTkR9VOW8hki9K4,ChIJR3a0cswFDTkR9VOW8hki9K4,0.4582135134082471,0.47809051912933465,3.1,0.2858849392912815,Budget,Dwarka
ChIJ7UGbOM8aDTkRyL55gyT-jpg,ChIJ7UGbOM8aDTkRyL55gyT-jpg,0.48293291790370746,0.4043640369818747,3.6,0.2041825135704129,Budget,Dwarka
ChIJuU4UWSEFDTkR_sveAJgD2-g,ChIJuU4UWSEFDTkR_sveAJgD2-g,0.7885964793959284,0.10226961315734028,4.5,0.9886434674263,Budget,Other
ChIJOTDUK3wFDTkR_mzMfRGI7jI,ChIJOTDUK3wFDTkR_mzMfRGI7jI,0.5103543009448623,0.45800010724069096,3.7,0.2127074041898595,Budget,Other
ChIJfbu6VMgaDTkREnaExmD70RM,ChIJfbu6VMgaDTkREnaExmD70RM,0.6542328007158452,0.4286944341535564,3.9,0.5998805687879212,Mid-Range,New Delhi
ChIJhe3AYQAbDTkRNLVRMwA8VFI,ChIJhe3AYQAbDTkRNLVRMwA8VFI,0.27391215509429945,0.10226961315734028,3.0,0.000429037871072,Mid-Range,New Delhi
ChIJzYWKVtgEDTkREkjqjzN6nas,ChIJzYWKVtgEDTkREkjqjzN6nas,0.6605083242972141,0.3410402707054878,4.1,0.5946531977970153,Mid-Range,Dwarka
ChIJgWst_o4FDTkREBbjHgEZyow,ChIJgWst_o4FDTkREBbjHgEZyow,0.8793493367620613,0.3871496509632538,4.7,0.9998437285423278,Budget,Other
ChIJyYjLxBEFDTkROW8FHNZ98FM,ChIJyYjLxBEFDTkROW8FHNZ98FM,0.5902257742419941,0.3101942966885136,3.6,0.6032585434848443,Mid-Range,Other
ChIJKREHk7IbDTkRqiqzifn1WX8,ChIJKREHk7IbDTkRqiqzifn1WX8,0.8140605217277755,0.3927931857069744,4.2,0.999774980545044,Mid-Range,New Delhi
ChIJ1cHW68oFDTkREy5Oee6PIYA,ChIJ1cHW68oFDTkREy5Oee6PIYA,0.5002347932405273,0.16679455498454923,3.4,0.500126092309074,Budget,Dwarka
ChIJw88JQH8bDTkRQidfQEiNIMY,ChIJw88JQH8bDTkRQidfQEiNIMY,0.7006325180576009,0.4600165719380828,4.2,0.5994333253067452,Budget,Other
ChIJmdMbDOMFDTkRLZQSShdTEFw,ChIJmdMbDOMFDTkRLZQSShdTEFw,0.5665870060381247,0.2690641681418895,3.5,0.5982524972874671,Budget,Other
ChIJKcrWLgAFDTkRlrckv8iYjfw,ChIJKcrWLgAFDTkRlrckv8iYjfw,0.5543222758742095,0.0,4.07404718693285,0.5,Mid-Range,Dwarka
ChIJs6KqbUwFDTkRsT_CP-hoENs,ChIJs6KqbUwFDTkRsT_CP-hoENs,0.4326025928662402,0.37471923851572264,2.8,0.3995248599443585,Budget,Dwarka
ChIJN9BQGOwbDTkRiigfGvmr8Yo,ChIJN9BQGOwbDTkRiigfGvmr8Yo,0.6398115913969791,0.42391955094071704,3.8,0.5995289919403148,Mid-Range,Other
ChIJv1PxxrsFDTkRYvU1JXgaRds,ChIJv1PxxrsFDTkRYvU1JXgaRds,0.42692838154600726,0.2690641681418895,3.4,0.2021764591452665,Mid-Range,Other
ChIJ97ryQcUaDTkRMRQ3U8RDauM,ChIJ97ryQcUaDTkRMRQ3U8RDauM,0.533613205754633,0.5355059145983454,3.3,0.4006056963000446,Mid-Range,Dwarka
ChIJeZFe5kcPDTkRrhgPmHzFA_A,ChIJeZFe5kcPDTkRrhgPmHzFA_A,0.6616046984641778,0.2740972756911478,4.2,0.6010516438516789,Budget,Other
ChIJRRAaARsbDTkRAOMdB2wOkw4,ChIJRRAaARsbDTkRAOMdB2wOkw4,0.49848226176965327,0.46828252836723694,3.6,0.2103076833358499,Mid-Range,New Delhi
ChIJbVCvAvAFDTkRlzr9tZeOr3c,ChIJbVCvAvAFDTkRlzr9tZeOr3c,0.47300124377015745,0.490862545955057,3.0,0.3653872353257611,Mid-Range,Other
ChIJb681I4YbDTkRsQz7dBn9LQM,ChIJb681I4YbDTkRsQz7dBn9LQM,0.6460068100121193,0.5105787241053805,4.2,0.3945076905452879,Mid-Range,Other
ChIJlzKkDmkFDTkR741uQY0UNgg,ChIJlzKkDmkFDTkR741uQY0UNgg,0.6400287844806973,0.28774456577498797,4.0,0.6076597469393163,Mid-Range,Other
ChIJNU3GbwAFDTkRd1SNKICWQos,ChIJNU3GbwAFDTkRd1SNKICWQos,0.8651385238766185,0.2580997673088359,4.8,0.99966828028361,Mid-Range,Other
ChIJn9xREaAFDTkR6WxojxfAHQ4,ChIJn9xREaAFDTkR6WxojxfAHQ4,0.3203777096395763,0.5082317977781322,2.7,0.0004281217465176,Mid-Range,Dwarka
ChIJj8YORkcFDTkR94RXl2cn8tE,ChIJj8YORkcFDTkR94RXl2cn8tE,0.4764345713284829,0.16679455498454923,4.4,0.0088605703786015,Mid-Range,Other
ChIJjayGAQAFDTkR_tXrPD-6ou8,ChIJjayGAQAFDTkR_tXrPD-6ou8,0.808733589593999,0.2918825720663544,4.8,0.8003521122969687,Mid-Range,Other
ChIJd5cZPc8aDTkRE1xpc6mQ0Sg,ChIJd5cZPc8aDTkRE1xpc6mQ0Sg,0.35452787041580164,0.5343162522271295,2.9,0.006744612098555,Budget,Dwarka
ChIJqQ3x2j0FDTkRHNMbO1tpnwo,ChIJqQ3x2j0FDTkRHNMbO1tpnwo,0.8156920090801625,0.8841388796974032,3.9,0.8023248801007867,Luxury,New Delhi
ChIJQYncXHQFDTkRJ6acaW9_9Cs,ChIJQYncXHQFDTkRJ6acaW9_9Cs,0.7829401528671419,0.7162695916677999,4.4,0.6032477583736181,Budget,New Delhi
ChIJfQc6E2MbDTkR60ajQ_TItMw,ChIJfQc6E2MbDTkR60ajQ_TItMw,0.7240605529456737,0.5670389014279129,4.2,0.6015173866646364,Budget,New Delhi
ChIJXXb5yrQbDTkR_05IqXAO8_w,ChIJXXb5yrQbDTkR_05IqXAO8_w,0.8476977516744574,0.6000308564255544,4.6,0.8003816084004939,Mid-Range,Other
ChIJ2YQPmRgFDTkRpjzhL5Eas-U,ChIJ2YQPmRgFDTkRpjzhL5Eas-U,0.5703296016789605,0.5201159360789595,3.6,0.4009486889990512,Budget,New Delhi
ChIJMx8pT70EDTkRuLk3NLaTp4M,ChIJMx8pT70EDTkRuLk3NLaTp4M,0.6075041735192125,0.5689153553820077,3.8,0.4016015122877434,Mid-Range,Other
ChIJ8eQZ5P4bDTkRHptlV4BmkLY,ChIJ8eQZ5P4bDTkRHptlV4BmkLY,0.6868896055185661,0.4408918306756971,4.6,0.402441024617292,Budget,Other
ChIJe54WwuEFDTkRx2ZedvVZh3o,ChIJe54WwuEFDTkRx2ZedvVZh3o,0.7450566910539549,0.2143472170767782,5.0,0.5691216439008713,Budget,Other
ChIJ2QB-FpgEDTkRjMmKF58N8H0,ChIJ2QB-FpgEDTkRjMmKF58N8H0,0.3968489466155134,0.5058241683985916,2.8,0.2000561862485483,Mid-Range,New Delhi
ChIJGQWAe4kFDTkR2wBH2a60Dt4,ChIJGQWAe4kFDTkR2wBH2a60Dt4,0.6019212985136201,0.4813193912566148,3.9,0.400833323050756,Budget,New Delhi
ChIJBbgsxsYEDTkRc2dRoyxQ5Cw,ChIJBbgsxsYEDTkRc2dRoyxQ5Cw,0.6030106990475131,0.5788883259189451,3.8,0.3808686246629804,Mid-Range,New Delhi
ChIJF2RXUBEbDTkRc03qDshixcQ,ChIJF2RXUBEbDTkRc03qDshixcQ,0.48687940675068453,0.31661683023411846,3.3,0.4000504331372213,Mid-Range,New Delhi
ChIJ4RfKFssFDTkRU4i5FR1_Mcc,ChIJ4RfKFssFDTkRU4i5FR1_Mcc,0.379460949681201,0.223219623947779,3.6,0.0006253543009127,Budget,New Delhi
ChIJi154BwIFDTkREjsPJCSV5O4,ChIJi154BwIFDTkREjsPJCSV5O4,0.4659920704281871,0.44170484731592363,3.9,0.0011896465031895,Mid-Range,Other
ChIJgdyQHisbDTkRlN7jaSGm6Zw,ChIJgdyQHisbDTkRlN7jaSGm6Zw,0.603743932528371,0.3032955993753565,4.2,0.400228672119556,Luxury,New Delhi
ChIJ10WSvbAbDTkR8nRvr9xv9cE,ChIJ10WSvbAbDTkR8nRvr9xv9cE,0.7549660746709119,0.28774456577498797,4.4,0.801249816827476,Mid-Range,New Delhi
ChIJ46DoQ1AbDTkROjfRXbq6LiU,ChIJ46DoQ1AbDTkROjfRXbq6LiU,0.6999398820011842,0.3433971007311961,3.9,0.8000086572952568,Mid-Range,Dwarka
ChIJOWkXrRcbDTkROW7di1XMXsA,ChIJOWkXrRcbDTkROW7di1XMXsA,0.6171213460409501,0.5731520260319349,3.6,0.5122542376688216,Budget,Other
ChIJeeAAHGsFDTkR0f2LZFlwN8I,ChIJeeAAHGsFDTkR0f2LZFlwN8I,0.46751939291528094,0.32548923710511923,4.0,0.0417872569581959,Mid-Range,New Delhi
ChIJkfHo0wEbDTkRUlBuTJv40mE,ChIJkfHo0wEbDTkRUlBuTJv40mE,0.46068395990096744,0.4559389939601579,3.8,0.0167292653990443,Mid-Range,Dwarka
ChIJjdR7GgEDDTkRk1PVg8rr8dE,ChIJjdR7GgEDDTkRk1PVg8rr8dE,0.6761420932686084,0.5733490415839662,3.9,0.5721161346300505,Mid-Range,Other
ChIJwzxOpWkcDTkRIODm_a6JlXA,ChIJwzxOpWkcDTkRIODm_a6JlXA,0.9810037236251207,0.9286894145609428,4.6,0.9991070032119752,Mid-Range,Other
ChIJCzkoDqcEDTkR80MrklwRG6U,ChIJCzkoDqcEDTkR80MrklwRG6U,0.6986380023787635,0.574522458132469,4.0,0.6001778381876648,Mid-Range,New Delhi
ChIJn2NM8QP9DDkRe7eRmvljE_4,ChIJn2NM8QP9DDkRe7eRmvljE_4,0.8103077824365236,0.5524781943333255,4.4,0.7982224771054461,Budget,New Delhi
ChIJ_8JzTlsDDTkRbbgJvd3R7J8,ChIJ_8JzTlsDDTkRbbgJvd3R7J8,0.7557588290429036,0.7454043076873624,3.8,0.748628112860024,Mid-Range,Other
ChIJ96cpUlsDDTkRK5rHUFLyRQc,ChIJ96cpUlsDDTkRK5rHUFLyRQc,0.7256083539174405,0.7631585999611707,3.9,0.6006223119038623,Mid-Range,Other
ChIJ2-xcczADDTkR_bBvOkfwe2M,ChIJ2-xcczADDTkR_bBvOkfwe2M,0.7120014345990224,0.6391445202747866,4.0,0.5989824907795992,Mid-Range,Delhi
ChIJwdp9bzADDTkRt_4Txb3SJn4,ChIJwdp9bzADDTkRt_4Txb3SJn4,0.8735953609762572,0.7353997829939201,4.1,0.9996418476104736,Mid-Range,Other
ChIJZ_Ph8UP9DDkR3ZwIJeTmtoA,ChIJZ_Ph8UP9DDkR3ZwIJeTmtoA,0.6712932452338769,0.7452491838161257,4.0,0.4006512580119306,Mid-Range,New Delhi
ChIJ37trROcDDTkRPHhZWFNd5xQ,ChIJ37trROcDDTkRPHhZWFNd5xQ,0.5450402563476683,0.2520918884069095,4.0,0.3336983921277957,Mid-Range,Other
ChIJ8eXMjBQDDTkRB0vq5KGUuro,ChIJ8eXMjBQDDTkRB0vq5KGUuro,0.47513845260191484,0.6107651216319101,3.7,0.0004843352566239,Luxury,New Delhi
ChIJA_gnLTQbDTkRVHz_FmDumIs,ChIJA_gnLTQbDTkRVHz_FmDumIs,0.9010337243522533,0.3641694923263474,4.9,0.9997975349426268,Mid-Range,New Delhi
ChIJSw2XgVADDTkRqIELwjHJgn8,ChIJSw2XgVADDTkRqIELwjHJgn8,0.7354207361128037,0.5479363270458767,4.8,0.3998595269338693,Mid-Range,New Delhi
ChIJx2G4jXwDDTkRHWHRAX90qJg,ChIJx2G4jXwDDTkRHWHRAX90qJg,0.7887030557513007,0.5169239726207364,4.1,0.8792079448699951,Budget,Other
ChIJCdCLTWgcDTkRgCe4U3CxnUo,ChIJCdCLTWgcDTkRgCe4U3CxnUo,1.0000000000000002,0.9543890743405828,4.7,0.9998487114906311,Mid-Range,Other
ChIJx3sMMbYFDTkRoVO9BC4gqLI,ChIJx3sMMbYFDTkRoVO9BC4gqLI,0.7495137240113751,0.336139675368766,4.3,0.7935633575485553,Mid-Range,Other
ChIJ6UDMWr4DDTkR-s5z0b2N_Z8,ChIJ6UDMWr4DDTkR-s5z0b2N_Z8,0.4546788543442885,0.513618661611164,3.7,0.0011205588118172,Budget,Other
ChIJh-mR3oYFDTkRrvwH-wGgU5I,ChIJh-mR3oYFDTkRrvwH-wGgU5I,0.4231099915525546,0.5664049161380226,2.9,0.2003143554436974,Mid-Range,Other
ChIJ27PwpZ0EDTkRwIoF5IlHPDI,ChIJ27PwpZ0EDTkRwIoF5IlHPDI,0.7673884901054311,0.223219623947779,4.6,0.7998696378723252,Mid-Range,New Delhi
ChIJIX4qK5gCDTkRbm67bcxGI7I,ChIJIX4qK5gCDTkRbm67bcxGI7I,0.9035709789952899,0.720657918709653,4.6,0.8950912952423096,Budget,Karol Bagh
ChIJ1QGaMpkCDTkRKj4GIDBC48o,ChIJ1QGaMpkCDTkRKj4GIDBC48o,0.8034332478593169,0.6629912267417439,3.7,0.9946664094924926,Mid-Range,New Delhi
ChIJSy_yupgCDTkR3sp_8N4urK8,ChIJSy_yupgCDTkR3sp_8N4urK8,0.8163871102629958,0.6545834829756433,3.8,0.9992071866989136,Luxury,New Delhi
ChIJK4wZZQADDTkRkyUH87huHo4,ChIJK4wZZQADDTkRkyUH87huHo4,0.80727239631897,0.34793896801864493,4.7,0.8000679185264744,Mid-Range,Karol Bagh
ChIJld5jYJgCDTkRDRSGiGrG4H0,ChIJld5jYJgCDTkRDRSGiGrG4H0,0.7998330097625436,0.638852854823902,3.7,0.9994741559028626,Budget,New Delhi
ChIJmTJKjpsCDTkR1STz4I0smpo,ChIJmTJKjpsCDTkR1STz4I0smpo,0.7366862712850709,0.6909473842035797,4.1,0.6001521524798591,Mid-Range,New Delhi
ChIJLfQAWagDDTkRGM0hGwSrAyw,ChIJLfQAWagDDTkRGM0hGwSrAyw,0.7697088138541794,0.7202932573848838,4.3,0.60075998371467,Mid-Range,New Delhi
ChIJCbfAqZ4CDTkRb3axkMEgrnw,ChIJCbfAqZ4CDTkRb3axkMEgrnw,0.501282884220546,0.659780915039924,3.4,0.1747536306327674,Mid-Range,Karol Bagh
ChIJCbfAqZ4CDTkRXDM5WL-Z6nc,ChIJCbfAqZ4CDTkRXDM5WL-Z6nc,0.6907395507570074,0.5561008231776977,3.7,0.7127022073371336,Mid-Range,Karol Bagh
ChIJ76JImg0dDTkRVUXq0b3XW0A,ChIJ76JImg0dDTkRVUXq0b3XW0A,0.48252684672297486,0.5128679332392954,3.4,0.2139071361161768,Mid-Range,Other
ChIJM6ES7xUdDTkRjzrscxEeS8g,ChIJM6ES7xUdDTkRjzrscxEeS8g,0.8464650879664896,0.684258180209866,4.1,0.9486997604370118,Mid-Range,Other
ChIJtxG-LJkCDTkRg84qf1td3qg,ChIJtxG-LJkCDTkRg84qf1td3qg,0.479128199879152,0.6427619620457122,3.2,0.1999918115878244,Mid-Range,New Delhi
ChIJ374hXsgDDTkRRRix0z5YTcQ,ChIJ374hXsgDDTkRRRix0z5YTcQ,0.6223146277082984,0.5900585411484343,3.4,0.6005942607240286,Mid-Range,Karol Bagh
ChIJKxVFie8CDTkRIgB2qqYMcOs,ChIJKxVFie8CDTkRIgB2qqYMcOs,0.7683426562524779,0.7202932573848838,4.2,0.6381445981562137,Mid-Range,Other
ChIJFzkmDJ4CDTkRPq2Xf7sdeik,ChIJFzkmDJ4CDTkRPq2Xf7sdeik,0.6663046194432951,0.5346150961871148,4.3,0.4004377518605906,Mid-Range,New Delhi
ChIJFzkmDJ4CDTkRf70JRh0UBes,ChIJFzkmDJ4CDTkRf70JRh0UBes,0.6927579649826598,0.6102369510599138,3.9,0.5996045921143377,Mid-Range,New Delhi
ChIJGbsb2uIDDTkRH8ymaGf-FEk,ChIJGbsb2uIDDTkRH8ymaGf-FEk,0.5243850703067428,0.49275275939681074,3.3,0.4001833492657169,Mid-Range,Other
ChIJiTGgzpkCDTkRfjZ2Ar8ZSBU,ChIJiTGgzpkCDTkRfjZ2Ar8ZSBU,0.7509251627473603,0.6366855866726219,4.3,0.5976233970257454,Mid-Range,New Delhi
ChIJC-P-G5gCDTkRpV3HzHjERLA,ChIJC-P-G5gCDTkRpV3HzHjERLA,0.9036073533610937,0.6889223899812437,4.4,0.9996956586837769,Mid-Range,New Delhi
ChIJa2dbPJkCDTkRh57e5vMUkj4,ChIJa2dbPJkCDTkRh57e5vMUkj4,0.6280479335018636,0.6052038435106555,3.9,0.4001343978568911,Mid-Range,New Delhi
ChIJ3bgkcZ8CDTkRTihSIjfk7w0,ChIJ3bgkcZ8CDTkRTihSIjfk7w0,0.7530603233558507,0.518000167422974,4.5,0.6001060736714863,Mid-Range,Karol Bagh
ChIJg6CUT7IDDTkRVgUaYRZF5Ks,ChIJg6CUT7IDDTkRVgUaYRZF5Ks,0.7631919789281072,0.6320888858967758,3.9,0.8058033507317305,Mid-Range,Other
ChIJYdNoMrwCDTkRFluyHeSqGoI,ChIJYdNoMrwCDTkRFluyHeSqGoI,0.6512981986702941,0.5962615231451273,3.6,0.6039710285607726,Mid-Range,Other
ChIJf9AdFZ0DDTkROoUXx6i7QvM,ChIJf9AdFZ0DDTkROoUXx6i7QvM,0.8873790133447647,0.7908311526493628,4.6,0.7975574233336374,Mid-Range,New Delhi
ChIJy2cTCzADDTkRQf0Uee9-tZ4,ChIJy2cTCzADDTkRQf0Uee9-tZ4,0.940610512795556,0.5517364389060478,4.9,0.9988014578819276,Budget,Karol Bagh
ChIJk8qoSVIDDTkRAEGQnmvB3wY,ChIJk8qoSVIDDTkRAEGQnmvB3wY,0.8849337948986484,0.5395539355626587,4.5,0.9990779995918274,Mid-Range,New Delhi
ChIJY6Gyi5UCDTkRmjXmCUzwY6w,ChIJY6Gyi5UCDTkRmjXmCUzwY6w,0.8530427740660004,0.8756630169574124,4.2,0.8000468137324788,Luxury,Other
ChIJ9bGyTpwCDTkRpCJHmrLyp8g,ChIJ9bGyTpwCDTkRpCJHmrLyp8g,0.7692377293935486,0.7185309938905972,4.1,0.683791603334248,Mid-Range,Karol Bagh
ChIJq6qq6pMCDTkRqTr-63N3wDg,ChIJq6qq6pMCDTkRqTr-63N3wDg,0.8141059007027115,0.5646928713109803,4.0,0.968650758266449,Budget,Other
ChIJXRvWOpkCDTkRmsdHCqu8KnI,ChIJXRvWOpkCDTkRmsdHCqu8KnI,0.6333509988558959,0.5798109282536353,3.5,0.6003514778974932,Mid-Range,Karol Bagh
ChIJq6q295cCDTkRHSmPwMHZeCk,ChIJq6q295cCDTkRHSmPwMHZeCk,0.629708732499452,0.4135655773021257,3.7,0.6164321446092799,Mid-Range,New Delhi
ChIJowM_upkCDTkRtKfuVBhKgdw,ChIJowM_upkCDTkRtKfuVBhKgdw,0.8295893808688034,0.6230802525618132,4.0,0.9782568931579588,Mid-Range,New Delhi
ChIJLe0O0J0CDTkRqLWCYm9HSsE,ChIJLe0O0J0CDTkRqLWCYm9HSsE,0.8399776055745534,0.689884128605965,4.4,0.7996149160899222,Budget,Karol Bagh
ChIJCbfAqZ4CDTkRFi_5YrUbYzg,ChIJCbfAqZ4CDTkRFi_5YrUbYzg,0.5496502967487168,0.5986914115383751,3.8,0.2004149788117501,Luxury,Karol Bagh
ChIJg4EYhZcCDTkRpG4TeF_9Xtw,ChIJg4EYhZcCDTkRpG4TeF_9Xtw,0.815613957859956,0.6312473903262793,4.1,0.8873412311077118,Mid-Range,Karol Bagh
ChIJa2MsH6MCDTkR2k0d3sh8BGU,ChIJa2MsH6MCDTkR2k0d3sh8BGU,0.6532567031583693,0.6086342174052636,3.6,0.6018612560816108,Mid-Range,New Delhi
ChIJebj_xJUCDTkRJTp1RhuuXcI,ChIJebj_xJUCDTkRJTp1RhuuXcI,0.47069486381055325,0.5403989321082416,3.3,0.2001339148409897,Budget,Other
ChIJR8UMrJgCDTkRNFgwNsDuAtI,ChIJR8UMrJgCDTkRNFgwNsDuAtI,0.695368662815053,0.5595877406915236,4.0,0.5998869755188935,Mid-Range,Karol Bagh
ChIJUy66hJ79DDkRvKr2xkN1Cms,ChIJUy66hJ79DDkRvKr2xkN1Cms,0.7565363448279144,0.6593131260475641,4.3,0.6001259277923964,Mid-Range,New Delhi
ChIJJ0FnHkH9DDkRTSUSlC-IXoo,ChIJJ0FnHkH9DDkRTSUSlC-IXoo,0.7686375640180241,0.7419625761313076,4.2,0.6246227376163006,Mid-Range,Other
ChIJtRHB2kD9DDkRUY0APHYy8cI,ChIJtRHB2kD9DDkRUY0APHYy8cI,0.7427759433533067,0.817943836240118,4.9,0.2012418425583746,Mid-Range,New Delhi
ChIJUQbQB0L9DDkR4kMbtnRzQps,ChIJUQbQB0L9DDkR4kMbtnRzQps,0.6716294866368846,0.7486035852146198,4.0,0.3994688975508325,Budget,Paharganj
ChIJ0yLaR0H9DDkR4ItbT8FxMO8,ChIJ0yLaR0H9DDkR4ItbT8FxMO8,0.7843707081223997,0.7397820822749901,3.9,0.8003899966832251,Mid-Range,Paharganj
ChIJsWZJJEH9DDkRLIvrsH_SoIY,ChIJsWZJJEH9DDkRLIvrsH_SoIY,0.8993413276759087,0.8563215490872254,4.1,0.9997248888015748,Mid-Range,Paharganj
ChIJMdyRYz_9DDkR4yFKmyfjev0,ChIJMdyRYz_9DDkR4yFKmyfjev0,0.7597373615996826,0.7099559988175865,4.3,0.5763972042244859,Mid-Range,New Delhi
ChIJTWxjE0z9DDkRWK-rr0q_d7w,ChIJTWxjE0z9DDkRWK-rr0q_d7w,0.6746724350846475,0.5633878525516949,4.3,0.4074837986379861,Mid-Range,Paharganj
ChIJfZabjD_9DDkR0siMJiwLzR8,ChIJfZabjD_9DDkR0siMJiwLzR8,0.943064039766739,0.7779319925652973,4.6,0.9806946992874146,Mid-Range,Paharganj
ChIJ_z56lUH9DDkRhf379R0nNTM,ChIJ_z56lUH9DDkRhf379R0nNTM,0.8388842024968088,0.7474280789907459,4.3,0.7994918123004027,Mid-Range,Paharganj
ChIJMxiT1OH9DDkRU1GuGjDKbsU,ChIJMxiT1OH9DDkRU1GuGjDKbsU,0.6802835455942112,0.7306920910113858,4.0,0.4385349723510444,Mid-Range,Paharganj
ChIJJZbTaLPiDDkR0iCsQ0HteV4,ChIJJZbTaLPiDDkR0iCsQ0HteV4,0.8351076505710832,0.9025101987181259,4.0,0.809266597032547,Mid-Range,Other
ChIJ52FmthX9DDkRuV3TTavgdAA,ChIJ52FmthX9DDkRuV3TTavgdAA,0.7271943068493559,0.7716015259615397,3.9,0.5999646681040758,Mid-Range,Paharganj
ChIJ832IbC79DDkRxvUL3edYTw4,ChIJ832IbC79DDkRxvUL3edYTw4,0.7151145599262912,0.6641856593413055,3.5,0.8003794381394982,Budget,Paharganj
ChIJC4qlMTf9DDkRhRQpkx58hqI,ChIJC4qlMTf9DDkRhRQpkx58hqI,0.7670456867030682,0.5980898597611469,4.0,0.7988816724158824,Mid-Range,Other
ChIJRyNm3GD9DDkRUDuZ6cJXPy4,ChIJRyNm3GD9DDkRUDuZ6cJXPy4,0.5778995182324718,0.6189527323097243,3.5,0.4004511264152824,Luxury,Paharganj
ChIJf_1WQ0H9DDkRRBGIPpYPrC4,ChIJf_1WQ0H9DDkRRBGIPpYPrC4,0.8174396674279346,0.5948663124780572,4.0,0.9589844107627868,Budget,Paharganj
ChIJu2YFVjb9DDkR0KTtXpZwXtA,ChIJu2YFVjb9DDkR0KTtXpZwXtA,0.784733259964931,0.5715607084171292,3.7,0.9970072865486144,Mid-Range,Other
ChIJVVVVVWj9DDkRiPICBGicnJk,ChIJVVVVVWj9DDkRiPICBGicnJk,0.45474461535190724,0.5920115459323219,3.5,0.0323980890185339,Mid-Range,Paharganj
ChIJW0SQRxT9DDkRBGrOcSzO88g,ChIJW0SQRxT9DDkRBGrOcSzO88g,0.7097094772537517,0.5640426487820017,4.1,0.600199881294975,Mid-Range,Paharganj
ChIJDc1QIUf9DDkRvbhK8u3ZTlg,ChIJDc1QIUf9DDkRvbhK8u3ZTlg,0.6827742017746385,0.5758730076139102,3.4,0.7995543487137183,Mid-Range,Paharganj
ChIJBz-A1bT9DDkRyCwXhKz5ZC8,ChIJBz-A1bT9DDkRyCwXhKz5ZC8,0.6179304700004993,0.5463717555348572,3.9,0.4076438504242105,Mid-Range,Paharganj
ChIJf8BWKED9DDkRo0tNpcGElSk,ChIJf8BWKED9DDkRo0tNpcGElSk,0.5398388540291674,0.6369841111836786,4.1,0.0191337572992779,Mid-Range,New Delhi
ChIJT9rE5V_9DDkRMhhHsDLqGkY,ChIJT9rE5V_9DDkRMhhHsDLqGkY,0.5969815761692499,0.5016676827397029,3.8,0.4134515126352198,Mid-Range,Paharganj
ChIJGywLmWv9DDkRnxyK623ysBM,ChIJGywLmWv9DDkRnxyK623ysBM,0.4967168165500019,0.5228641744469175,4.0,0.0017196826811413,Mid-Range,Paharganj
ChIJW2xl_aT9DDkRXJh6k_z5vC4,ChIJW2xl_aT9DDkRXJh6k_z5vC4,0.7322706107963346,0.5967219848271927,4.2,0.6074620764469728,Mid-Range,New Delhi
ChIJAZTkm0D9DDkRMDezVFMRIKM,ChIJAZTkm0D9DDkRMDezVFMRIKM,0.7431224980374097,0.6106333596656971,3.8,0.7988683931180276,Budget,Paharganj
ChIJX7ZyGED9DDkRuBBONr3Eijs,ChIJX7ZyGED9DDkRuBBONr3Eijs,0.5662020300336329,0.5455794970201683,4.0,0.2043689516431186,Mid-Range,Delhi
ChIJVT5iTz_9DDkRIMfaom19syQ,ChIJVT5iTz_9DDkRIMfaom19syQ,0.6837312987539612,0.6298635254168001,3.8,0.5998939057521057,Budget,Paharganj
ChIJV_KLIUD9DDkRyK187fZFk-k,ChIJV_KLIUD9DDkRyK187fZFk-k,0.7059960297757188,0.6712537456489321,3.9,0.6004198076960165,Mid-Range,Paharganj
ChIJwXk9hdr9DDkR2FSvNa9XuIo,ChIJwXk9hdr9DDkR2FSvNa9XuIo,0.5115663292293479,0.48184681370764826,3.7,0.2006085528002586,Luxury,Paharganj
ChIJ3Z8udED9DDkRr00_4ufSiV0,ChIJ3Z8udED9DDkRr00_4ufSiV0,0.5863471851502667,0.6544188678777726,3.5,0.403285204351414,Mid-Range,Paharganj
ChIJ1xMztXH9DDkRrZ5RpRJu8zI,ChIJ1xMztXH9DDkRrZ5RpRJu8zI,0.8233262605985513,0.6207441246058331,4.4,0.7935166683979332,Mid-Range,Paharganj
ChIJ7_KbKp4CDTkRuZLvVbQuguc,ChIJ7_KbKp4CDTkRuZLvVbQuguc,0.7480063999026139,0.6183478580984555,3.8,0.8090333811938762,Mid-Range,Karol Bagh
ChIJYfoVs1v9DDkRM9L-6Z-zHdg,ChIJYfoVs1v9DDkRM9L-6Z-zHdg,0.40310156049057266,0.6366855866726219,3.1,0.0074132864654529,Mid-Range,Paharganj
ChIJU3oKZUD9DDkRkIDqiY8COb0,ChIJU3oKZUD9DDkRkIDqiY8COb0,0.6895020420170954,0.6361859085346839,3.9,0.5720999988378026,Budget,Paharganj
ChIJAZTkm0D9DDkRAMiy3bHdGCY,ChIJAZTkm0D9DDkRAMiy3bHdGCY,0.29133222088844846,0.6840187207502676,2.2,0.0005306769366142,Budget,Delhi
ChIJm6x4_EL9DDkR-nogAnARs0Y,ChIJm6x4_EL9DDkR-nogAnARs0Y,0.5125095165338401,0.4990816882954259,3.2,0.4004082738247234,Budget,Paharganj
ChIJG7ishgb9DDkRnIrNWT8PfPM,ChIJG7ishgb9DDkRnIrNWT8PfPM,0.7695721075349771,0.5463717555348572,4.1,0.7996124958794099,Mid-Range,Paharganj
ChIJ3S7zfJ8CDTkRI1ahIlccS5o,ChIJ3S7zfJ8CDTkRI1ahIlccS5o,0.4203770238800137,0.6652183620005838,3.2,0.000872575334506,Mid-Range,Karol Bagh
ChIJ14q4-0D9DDkReBdC7Lapp0A,ChIJ14q4-0D9DDkReBdC7Lapp0A,0.5072063691409925,0.5201159360789595,3.6,0.203096714959247,Budget,Other
ChIJ7zycekH9DDkRWd8FYsIVT3U,ChIJ7zycekH9DDkRWd8FYsIVT3U,0.7243333806696557,0.48696292600033547,4.2,0.6557565150782466,Luxury,Paharganj
ChIJ69cVdAD9DDkRKbdKKZC9RCA,ChIJ69cVdAD9DDkRKbdKKZC9RCA,0.7636691078978097,0.5183561518475664,4.1,0.7997873419080861,Mid-Range,Paharganj
ChIJuQOV4UP9DDkR_zW0AORu0Os,ChIJuQOV4UP9DDkR_zW0AORu0Os,0.7181174897484657,0.6067288038217232,3.6,0.8064296543598175,Mid-Range,Paharganj
ChIJ-cFw1QcDDTkRZHlhKN9WUNs,ChIJ-cFw1QcDDTkRZHlhKN9WUNs,0.7034333539813816,0.6459738562751545,4.4,0.4009073432651348,Mid-Range,New Delhi
ChIJtSaw3HP9DDkR67XUWkcGF0k,ChIJtSaw3HP9DDkR67XUWkcGF0k,0.79355527777495,0.5957987724974919,4.2,0.8001667687669396,Budget,Paharganj
ChIJq6qqp2r9DDkRR7me8ggUY5A,ChIJq6qqp2r9DDkRR7me8ggUY5A,0.5554942571256103,0.5707547309703416,3.4,0.4040232710191048,Luxury,Paharganj
ChIJFZZ_cMbiDDkRyR0HOWvIml0,ChIJFZZ_cMbiDDkRyR0HOWvIml0,0.8831425745228558,0.6550755888630876,4.3,0.9997825384140014,Budget,New Delhi
ChIJLfHmQTf9DDkRvr36v6n2Heg,ChIJLfHmQTf9DDkRvr36v6n2Heg,0.6321587907295162,0.6359852838587798,3.4,0.6008317450759932,Mid-Range,Other
ChIJf7tphKv8DDkRN6Kwn9dLpAI,ChIJf7tphKv8DDkRN6Kwn9dLpAI,0.5359622594930763,0.6141270635999418,3.7,0.1888877490360755,Mid-Range,New Delhi
ChIJTyMFBar8DDkRR_cmTPi5jkw,ChIJTyMFBar8DDkRR_cmTPi5jkw,0.502613542064139,0.6110280873818852,3.9,0.0030929650238248,Mid-Range,New Delhi
ChIJ0SRAJy7jDDkRFajeIphw03w,ChIJ0SRAJy7jDDkRFajeIphw03w,0.7320228236210677,0.5903869006197126,4.7,0.4025754742964637,Mid-Range,Other
ChIJixN4GUv9DDkRyd_Iu--GXgU,ChIJixN4GUv9DDkRyd_Iu--GXgU,0.6186808713624231,0.5997348631282017,4.3,0.2077538190584163,Mid-Range,New Delhi
ChIJ_TgOBC77DDkRn-cT52fWX4g,ChIJ_TgOBC77DDkRn-cT52fWX4g,0.5768980034609478,0.7266101778304801,3.8,0.2005403717455919,Mid-Range,Other
ChIJAQAAAKHThDkROOHqJK8SqEQ,ChIJAQAAAKHThDkROOHqJK8SqEQ,0.7669540582633074,0.8179864890764142,4.1,0.6103300548478728,Mid-Range,Other
ChIJkVWZhsvkDDkRBjzrN61i9fQ,ChIJkVWZhsvkDDkRBjzrN61i9fQ,0.6259621944041743,0.7203744167741465,3.7,0.4001498574885772,Mid-Range,New Delhi
ChIJSW4lHx7lDDkR2uhhO7q7SH8,ChIJSW4lHx7lDDkR2uhhO7q7SH8,0.7289924798778524,0.7778445226846896,3.9,0.6014388214971405,Mid-Range,Other
ChIJ9f5mdiv7DDkRq-mRrFelJAo,ChIJ9f5mdiv7DDkRq-mRrFelJAo,0.9610696778233085,0.958863836000865,4.4,0.9998432517051696,Luxury,Other
ChIJSYldhsvkDDkRzAmX8vxgfs0,ChIJSYldhsvkDDkRzAmX8vxgfs0,0.8758582152251398,0.8463208474070875,4.4,0.8077871084213257,Budget,New Delhi
ChIJExG1eyD7DDkRL_OZpZYiyHE,ChIJExG1eyD7DDkRL_OZpZYiyHE,0.9801252889165212,0.8623906140052909,4.7,0.9988861918449402,Luxury,Other
ChIJLXu-o_3kDDkRQFo-tpFQDCk,ChIJLXu-o_3kDDkRQFo-tpFQDCk,0.5561758255349766,0.7547461491850198,3.6,0.2001652841863687,Mid-Range,Other
ChIJSzkGUSv7DDkR43AJnSSLgjU,ChIJSzkGUSv7DDkR43AJnSSLgjU,0.8376648381281652,0.7384889171412031,4.3,0.8016293065622448,Mid-Range,Other
ChIJPxUsCXj9DDkROxvTLja26mA,ChIJPxUsCXj9DDkROxvTLja26mA,0.3799129155950606,0.488444492767926,2.7,0.2002254064078442,Budget,Other
ChIJia8n1w7jDDkRB1hLFYhbDH4,ChIJia8n1w7jDDkRB1hLFYhbDH4,0.5392544823715405,0.48545739754798134,3.9,0.201653258956503,Mid-Range,Other
ChIJUe6L_IT7DDkRZIuJu1OTSfA,ChIJUe6L_IT7DDkRZIuJu1OTSfA,0.6978698984011815,0.5707547309703416,4.1,0.5586154626042117,Mid-Range,Other
ChIJa2KZCt77DDkRKDW7Yi-oHV0,ChIJa2KZCt77DDkRKDW7Yi-oHV0,0.551890004738786,0.5321970429999837,4.4,0.0017646458349189,Mid-Range,Other
ChIJtzXjyKv8DDkRasu5QY9A85k,ChIJtzXjyKv8DDkRasu5QY9A85k,0.8966476337196189,0.7185723579497482,4.3,0.9997812986373902,Budget,Other
ChIJW6btYiX7DDkR-wBnM_9K9bE,ChIJW6btYiX7DDkR-wBnM_9K9bE,0.8280120358563166,0.6458836092360088,3.9,0.999777328968048,Budget,Other
ChIJY_EghyX7DDkRdLZUY8bAyvg,ChIJY_EghyX7DDkRdLZUY8bAyvg,0.7951330532745726,0.47863650200582836,4.4,0.7998869581439066,Budget,Other
ChIJ73aJFo_7DDkRD75wIldcHf4,ChIJ73aJFo_7DDkRD75wIldcHf4,0.31472185627967997,0.47009015435990575,2.7,0.0081283104023895,Luxury,Other
ChIJ6_4lqtj8DDkR5K7EOXYtvCI,ChIJ6_4lqtj8DDkR5K7EOXYtvCI,0.45279162782781823,0.6308237726961006,3.5,0.000401873057126,Budget,Other
ChIJP6H9y4PjDDkRCjSUHsc5fjI,ChIJP6H9y4PjDDkRCjSUHsc5fjI,0.764953028005241,0.508627084204726,4.6,0.6019643426290713,Mid-Range,Other
ChIJA-zn7S77DDkRXJsksvK3hLw,ChIJA-zn7S77DDkRXJsksvK3hLw,0.646453244853157,0.5853355812316818,3.6,0.5960690806503408,Mid-Range,Other
ChIJDQCwFlb7DDkRc6G99BgmakY,ChIJDQCwFlb7DDkRc6G99BgmakY,0.7695508801823867,0.48495009485604174,4.2,0.7988270684843883,Budget,Other
ChIJYYEN1ewHDTkRc3o8PiMnX34,ChIJYYEN1ewHDTkRc3o8PiMnX34,0.6078997665552575,0.4606791356859033,3.5,0.5999989295843988,Mid-Range,Other
ChIJ6dIL9O3lDDkR08PFnVJrs1I,ChIJ6dIL9O3lDDkR08PFnVJrs1I,0.435542294630898,0.4384092885261062,3.2,0.199612291943049,Budget,New Delhi
ChIJj9wYgTDjDDkRVGwv1YerDGY,ChIJj9wYgTDjDDkRVGwv1YerDGY,0.8181151578560839,0.572359767517246,4.6,0.7261060153658037,Budget,Delhi
ChIJL9PXUUv7DDkRRafKbKk_-Ts,ChIJL9PXUUv7DDkRRafKbKk_-Ts,0.41688867046934996,0.1498222752495692,4.0,0.0002028203598456,Mid-Range,Other
ChIJc4BAbZoJDTkRKKZrpsVFBFw,ChIJc4BAbZoJDTkRKKZrpsVFBFw,0.9133025169626512,0.6093053797472605,4.6,0.9998286247253418,Mid-Range,Other
ChIJPWBpSw0MDTkRIJprdOzTE0U,ChIJPWBpSw0MDTkRIJprdOzTE0U,0.752655899915713,0.6016422073569678,4.1,0.7097437650721986,Luxury,Other
ChIJcyPwClgJDTkRpkzRG7inG44,ChIJcyPwClgJDTkRpkzRG7inG44,0.7304480002745126,0.6080937815559317,4.0,0.6775014644488693,Mid-Range,Other
ChIJZ8qlyNIODTkRGzLMscwXcVg,ChIJZ8qlyNIODTkRGzLMscwXcVg,0.7623941968818028,0.7000067641365278,3.8,0.7996908826404251,Mid-Range,Other
ChIJqXNAFM4JDTkRv9fJ8SQ8ADM,ChIJqXNAFM4JDTkRv9fJ8SQ8ADM,0.8660440097402717,0.6871426353573505,4.6,0.799811168492306,Mid-Range,Delhi
ChIJ1QmSeSYJDTkRiOphuniTwKA,ChIJ1QmSeSYJDTkRiOphuniTwKA,0.7627738521340728,0.32826824387976544,4.4,0.7987065452965908,Mid-Range,Other
ChIJVYMKBmgNDTkRj8J6SsyjxSo,ChIJVYMKBmgNDTkRj8J6SsyjxSo,0.8448744610950724,0.3501294176361872,4.5,0.9997999787330628,Mid-Range,Other
ChIJ95pIbxIMDTkRS4oadXUcB64,ChIJ95pIbxIMDTkRS4oadXUcB64,0.5740983289002524,0.3410402707054878,3.4,0.6154784091282636,Mid-Range,Other
ChIJF8uqIgAJDTkREYIBZj_hsKE,ChIJF8uqIgAJDTkREYIBZj_hsKE,0.7184948045022479,0.1935748254816269,4.4,0.7497149530681781,Mid-Range,Other
ChIJm-_MRdgJDTkRaZlhQn1wdRo,ChIJm-_MRdgJDTkRaZlhQn1wdRo,0.6670040614184051,0.23877065754814755,4.3,0.5998596920806449,Mid-Range,Other
ChIJqaVBZgAJDTkRUZgxzV0qqI0,ChIJqaVBZgAJDTkRUZgxzV0qqI0,0.6954825522588785,0.24566935486130465,4.5,0.6011895384639502,Mid-Range,Other
ChIJp8uY-tEPDTkRouDrF1aZ94A,ChIJp8uY-tEPDTkRouDrF1aZ94A,0.7249435203835333,0.336139675368766,4.1,0.7998844230547547,Mid-Range,Other
ChIJ80jFb_AJDTkRlQqSwAF8FZs,ChIJ80jFb_AJDTkRlQqSwAF8FZs,0.8723644652455197,0.16679455498454923,5.0,0.9998539090156556,Mid-Range,Other
ChIJKW3RBVIJDTkR_BVHmyNVYN4,ChIJKW3RBVIJDTkR_BVHmyNVYN4,0.6373222148836468,0.12904988365441794,3.3,0.996639460325241,Mid-Range,Other
ChIJnT-yG1cJDTkR5GYKsn2M7fU,ChIJnT-yG1cJDTkR5GYKsn2M7fU,0.6383428577745517,0.5409580317684104,3.6,0.6002331072988454,Mid-Range,Other
ChIJBbpSm1sJDTkRdKOUL6qnOIY,ChIJBbpSm1sJDTkRdKOUL6qnOIY,0.5646406793356304,0.36228882606819135,3.6,0.4883355380734429,Budget,Other
ChIJ5XYHAwAJDTkRhk-aK3gljDQ,ChIJ5XYHAwAJDTkRhk-aK3gljDQ,0.8832034482738436,0.223219623947779,5.0,0.9962106496095656,Mid-Range,Other
ChIJg301fAMJDTkRf7OGcLE3iAU,ChIJg301fAMJDTkRf7OGcLE3iAU,0.5643533240911792,0.42391955094071704,3.3,0.5713477086450439,Mid-Range,Other
ChIJYd2edCEPDTkRXh72EOAVeTg,ChIJYd2edCEPDTkRXh72EOAVeTg,0.7944427189794715,0.5378405777437043,4.3,0.7999204734223895,Mid-Range,Other
ChIJy3f9XQAPDTkR9vF3NtOBWoI,ChIJy3f9XQAPDTkR9vF3NtOBWoI,0.7541522994163631,0.3501294176361872,4.3,0.7987759042531252,Mid-Range,Other
ChIJTSydK80ODTkRjEXXevFZBSU,ChIJTSydK80ODTkRjEXXevFZBSU,0.5112282982453072,0.3993980695823625,3.3,0.4211815325252246,Budget,Other
ChIJs1sEqnMPDTkRLnqJlQn-Zs4,ChIJs1sEqnMPDTkRLnqJlQn-Zs4,0.6489250113780437,0.4031471593455658,3.9,0.6002754753804765,Mid-Range,Other
ChIJr-JBHwAPDTkRfQSor5wNRiE,ChIJr-JBHwAPDTkRfQSor5wNRiE,0.8987134869899729,0.35640751389356334,4.9,0.9976996898651124,Mid-Range,Delhi
ChIJuf3nLdQODTkRvjBZOc2vxzc,ChIJuf3nLdQODTkRvjBZOc2vxzc,0.7167297734908645,0.3433971007311961,4.4,0.6443011645848552,Mid-Range,Other
ChIJP74sbM4JDTkRYsiyuOAPek8,ChIJP74sbM4JDTkRYsiyuOAPek8,0.6345158462953973,0.39811405179630743,3.8,0.6001337992609479,Budget,Other
ChIJHfSvKvcFDTkR4vGMEzb0wDc,ChIJHfSvKvcFDTkR4vGMEzb0wDc,0.5079563273994246,0.6396286077597985,3.9,0.0007722520153037,Mid-Range,New Delhi
ChIJpfgC7NwFDTkRHExGxyfrvek,ChIJpfgC7NwFDTkRHExGxyfrvek,0.48767670471241553,0.36036938046617617,2.9,0.5400477649440291,Luxury,Dwarka
ChIJjWa5JFAPDTkRDAWNgAmRllc,ChIJjWa5JFAPDTkRDAWNgAmRllc,0.7795216159709762,0.7658101912516572,4.3,0.6011723770818207,Luxury,Other
ChIJIQRNwakFDTkRRR6RxHgzr8M,ChIJIQRNwakFDTkRRR6RxHgzr8M,0.7677664954185395,0.400664617195975,4.3,0.8077577866613865,Mid-Range,New Delhi
ChIJ5QdVesIFDTkR0Q9J7-vqSHw,ChIJ5QdVesIFDTkR0Q9J7-vqSHw,0.10866327256074154,0.1935748254816269,1.6,0.0049400224786949,Mid-Range,Other
ChIJ_VWw2m0FDTkRNLPQlWkE8Bo,ChIJ_VWw2m0FDTkRNLPQlWkE8Bo,0.30482735121212917,0.3101942966885136,2.9,0.000379111766233,Mid-Range,Other
ChIJW9pNqsgFDTkRuLtIJdxTt7I,ChIJW9pNqsgFDTkRuLtIJdxTt7I,0.44815172355893373,0.3779858829355023,3.4,0.1960839261882938,Budget,Other
ChIJnxC_F-UDDTkR2a5firDedko,ChIJnxC_F-UDDTkR2a5firDedko,0.4308376952189304,0.2143472170767782,4.0,0.00090768726659,Budget,New Delhi
ChIJfQMZakYFDTkRoFBxu-hcf6A,ChIJfQMZakYFDTkRoFBxu-hcf6A,0.5347902230649446,0.5154694146898892,4.3,0.000985911587486,Budget,Dwarka
ChIJQahY2GoFDTkRf9MrvyfY8Wo,ChIJQahY2GoFDTkRf9MrvyfY8Wo,0.4552897981293251,0.2313194968117582,3.2,0.3995682631619274,Mid-Range,Other
ChIJLcI5v2MFDTkRw_UHGetjG_A,ChIJLcI5v2MFDTkRw_UHGetjG_A,0.452648277024234,0.1935748254816269,3.0,0.4997851891494065,Mid-Range,Other
ChIJs4RS1F8FDTkR5f4f0ryLlWo,ChIJs4RS1F8FDTkR5f4f0ryLlWo,0.47187546382512846,0.37471923851572264,3.1,0.3976208221283741,Budget,Dwarka
ChIJH6jGmccFDTkR3zHqyC0B97E,ChIJH6jGmccFDTkR3zHqyC0B97E,0.2711320958952512,0.3386222175183568,2.6,0.000813549524173,Mid-Range,Dwarka
ChIJ7Q6BTxMFDTkRFnrFY18zdcU,ChIJ7Q6BTxMFDTkRFnrFY18zdcU,0.35801142602504604,0.43411867594877973,3.1,0.0011284376436378,Budget,Dwarka
ChIJecUTHEUFDTkR29XTbwIDD8s,ChIJecUTHEUFDTkR29XTbwIDD8s,0.4275212673978032,0.39415218522369466,3.2,0.2039761085470672,Budget,Other
ChIJPwgrXucFDTkRwjJyjNbunV0,ChIJPwgrXucFDTkRwjJyjNbunV0,0.6078632075823629,0.16679455498454923,4.2,0.5041407271346543,Budget,Other
ChIJp7nlOVIPDTkRwHE6DmPJcVU,ChIJp7nlOVIPDTkRwHE6DmPJcVU,0.7915762439355654,0.28774456577498797,4.2,0.9993332028388976,Budget,Other
ChIJk8AAxBEFDTkRijYHy1lzdPE,ChIJk8AAxBEFDTkRijYHy1lzdPE,0.5385011550495277,0.3811417720613274,3.1,0.6021691311907489,Budget,Other
ChIJk93LUHsFDTkRUXPXSpxy6eE,ChIJk93LUHsFDTkRUXPXSpxy6eE,0.19334502294644304,0.223219623947779,2.2,0.0006013083591823,Budget,Other
ChIJW5do3zkFDTkR4EgaTWFczG0,ChIJW5do3zkFDTkR4EgaTWFczG0,0.5877369998544272,0.5792584648304031,4.1,0.2077483422064687,Budget,New Delhi
ChIJed7_0FcFDTkR-gZawBKRXdQ,ChIJed7_0FcFDTkR-gZawBKRXdQ,0.7283814891195257,0.5912027674861633,4.1,0.6406182499136776,Budget,Paschim Vihar
ChIJFzlAtHoEDTkRWL-rjvV_XKE,ChIJFzlAtHoEDTkRWL-rjvV_XKE,0.9585070016500602,0.9529762644251056,4.4,0.9957359075546264,Luxury,New Delhi
ChIJ_RzqqisFDTkRYxg7FcLYFkg,ChIJ_RzqqisFDTkRYxg7FcLYFkg,0.7058961892058143,0.5957987724974919,4.5,0.400410185198416,Mid-Range,New Delhi
ChIJsehXBLEFDTkRRnCG_Agg_HY,ChIJsehXBLEFDTkRRnCG_Agg_HY,0.8071315414950224,0.36036938046617617,4.2,0.999672818183899,Budget,Other
ChIJHyrrFgYFDTkRCzPiQ2YZTo8,ChIJHyrrFgYFDTkRCzPiQ2YZTo8,0.6816506092198686,0.619553701560202,3.8,0.6002454573637805,Mid-Range,Other
ChIJ_5Hg9YIFDTkRXwEXjrDM4mM,ChIJ_5Hg9YIFDTkRXwEXjrDM4mM,0.7440415797003174,0.3900141789323282,4.2,0.7821619282010943,Mid-Range,Paschim Vihar
ChIJXdmXL30EDTkR5YJTrNiByBs,ChIJXdmXL30EDTkR5YJTrNiByBs,0.8566688038031774,0.6566974036398555,4.1,0.9990558981895448,Mid-Range,Paschim Vihar
ChIJPQR11mkEDTkRFscLu0VKDTE,ChIJPQR11mkEDTkRFscLu0VKDTE,0.8072379795657475,0.47244698438561405,4.5,0.80028803255409,Mid-Range,Paschim Vihar
ChIJTfkiOAcFDTkRL9cLd2gw-Fw,ChIJTfkiOAcFDTkRL9cLd2gw-Fw,0.8758665197659996,0.3101942966885136,4.8,0.9985641717910768,Mid-Range,Other
ChIJ83sN18QEDTkR8THDqjoDwF8,ChIJ83sN18QEDTkR8THDqjoDwF8,0.6388712134048193,0.5790735793404571,4.4,0.2431454743666108,Mid-Range,New Delhi
ChIJ_9rw7eAFDTkRqnPuRhVAmcE,ChIJ_9rw7eAFDTkRqnPuRhVAmcE,0.3817293964037576,0.358409522528563,3.4,0.0009422545845154,Mid-Range,Paschim Vihar
ChIJOdNvnNkFDTkRX4MD2_JUXeQ,ChIJOdNvnNkFDTkRX4MD2_JUXeQ,0.3567054398766741,0.20453922631468055,2.5,0.4000879518280271,Budget,Other
ChIJD52m02gEDTkRjAvSWtdaO2E,ChIJD52m02gEDTkRjAvSWtdaO2E,0.909596121616204,0.4043640369818747,4.9,0.9998389482498168,Mid-Range,New Delhi
ChIJc2maTQAFDTkRh3AjPkXjtts,ChIJc2maTQAFDTkRh3AjPkXjtts,0.6410689280023336,0.3101942966885136,3.5,0.8042867943644524,Budget,Other
ChIJg4R_9YMFDTkRyOFMO5N_XAk,ChIJg4R_9YMFDTkRyOFMO5N_XAk,0.7873931300788913,0.2740972756911478,4.3,0.9536532759666444,Mid-Range,New Delhi
ChIJpwL5yooFDTkRP-ehRCXFN38,ChIJpwL5yooFDTkRP-ehRCXFN38,0.5638244147998109,0.4157305542656336,4.2,0.2001492389303166,Budget,Other
ChIJ6-1znNsFDTkRm7yVEo8cwTc,ChIJ6-1znNsFDTkRm7yVEo8cwTc,0.5911200954438088,0.5431614438330373,4.2,0.2007502513763029,Mid-Range,New Delhi
ChIJh58T-3wHDTkRAf1MFbIVc2Y,ChIJh58T-3wHDTkRAf1MFbIVc2Y,0.4438571329105993,0.41246390984585385,3.3,0.2013043777551501,Mid-Range,Paschim Vihar
ChIJBzhabYMFDTkRwDDnvz1r_Ms,ChIJBzhabYMFDTkRwDDnvz1r_Ms,0.54219313876036,0.5012416416592678,3.9,0.2003412849531742,Mid-Range,New Delhi
ChIJ1SaUP0obDTkRbBiVtIz-s3A,ChIJ1SaUP0obDTkRbBiVtIz-s3A,0.620811725573771,0.4043640369818747,3.7,0.5946799357654526,Luxury,New Delhi
ChIJ64ybpDgFDTkRNm-JNcbqCuE,ChIJ64ybpDgFDTkRNm-JNcbqCuE,0.8423001577821009,0.5853355812316818,4.6,0.7932603673019912,Budget,Paschim Vihar
ChIJaxDfKpMEDTkRrRoIsuSSnSM,ChIJaxDfKpMEDTkRrRoIsuSSnSM,0.5831453425805178,0.4538312100203575,3.8,0.4019745296158361,Mid-Range,New Delhi
ChIJe3A-xMkEDTkR1g2PS6vXF5k,ChIJe3A-xMkEDTkR1g2PS6vXF5k,0.8070064500469802,0.47186334727891105,4.5,0.799951423285529,Mid-Range,Other
ChIJgSk2NVIFDTkRfuvFZDMRVkU,ChIJgSk2NVIFDTkRfuvFZDMRVkU,0.5862464497087562,0.31661683023411846,4.0,0.4198374866507947,Budget,Paschim Vihar
ChIJoRD2ulIbDTkRSe133WMqhaI,ChIJoRD2ulIbDTkRSe133WMqhaI,0.7701350807379491,0.5489649542366611,4.1,0.7996482666989323,Mid-Range,New Delhi
ChIJ6VKu20AFDTkR0gckv0FCS3M,ChIJ6VKu20AFDTkR0gckv0FCS3M,0.8333439846605737,0.2958444386389672,4.5,0.9998491108417512,Budget,Other
ChIJ78FO7agFDTkRWu2o8J3LbLE,ChIJ78FO7agFDTkRWu2o8J3LbLE,0.35860161225361636,0.4999516928857564,3.0,0.0007562921731732,Mid-Range,Other
ChIJ5XqZzjwFDTkRMQgkRgFzsz4,ChIJ5XqZzjwFDTkRMQgkRgFzsz4,0.8634919872594126,0.487459406182981,4.9,0.7999343220901209,Mid-Range,New Delhi
ChIJmQYnvXEEDTkR0r7CgDsyI6Q,ChIJmQYnvXEEDTkR0r7CgDsyI6Q,0.6990524351054316,0.5752965982577903,4.0,0.600960732952808,Mid-Range,New Delhi
ChIJVSz7rbgFDTkR72aXE2MlSsY,ChIJVSz7rbgFDTkR72aXE2MlSsY,0.8502583989022193,0.4879532525061165,4.8,0.7997927100688684,Mid-Range,Paschim Vihar
ChIJqaoxLsUEDTkR-NjBX_zkwmo,ChIJqaoxLsUEDTkR-NjBX_zkwmo,0.638651990745957,0.5798109282536353,4.5,0.2003001154167577,Mid-Range,New Delhi
ChIJC5Q-kVUFDTkRJw9wSqEzoKY,ChIJC5Q-kVUFDTkRJw9wSqEzoKY,0.1503295033390121,0.33358910996909846,1.7,0.000528152345214,Mid-Range,Paschim Vihar
ChIJ3btan6QFDTkRqEJyaQ20wag,ChIJ3btan6QFDTkRqEJyaQ20wag,0.6974944472986311,0.4314460575440993,4.7,0.400311106457957,Budget,Other
ChIJKSxZzWIEDTkRrhjAZD1JDX4,ChIJKSxZzWIEDTkRrhjAZD1JDX4,0.6293120836432663,0.47244698438561405,4.6,0.2009346263832412,Mid-Range,New Delhi
ChIJD6eyOWkEDTkRa5DoupugiDg,ChIJD6eyOWkEDTkRa5DoupugiDg,0.584089415404343,0.4864637837128357,3.8,0.3831785601214506,Mid-Range,New Delhi
ChIJF89697MFDTkRfrH0O-4wLtg,ChIJF89697MFDTkRfrH0O-4wLtg,0.5916916036692985,0.3713337812992298,4.0,0.4004266816598828,Mid-Range,Paschim Vihar
ChIJFT-i-PoDDTkRrnWEgdqRMJc,ChIJFT-i-PoDDTkRrnWEgdqRMJc,0.7363461894395926,0.5649086067808567,4.3,0.5997787262313068,Mid-Range,Other
ChIJlVva8wIDDTkROmiajVKodCw,ChIJlVva8wIDDTkROmiajVKodCw,0.5232730672981984,0.586538975081628,4.1,0.000840436090948,Mid-Range,New Delhi
ChIJf-ojjVkDDTkRA5rECogctuM,ChIJf-ojjVkDDTkRA5rECogctuM,0.9143370708450732,0.6790954419207224,4.5,0.9982112646102904,Mid-Range,Other
ChIJkcJp03YDDTkRH88qPNzHLkw,ChIJkcJp03YDDTkRH88qPNzHLkw,0.8239305973217136,0.6356835337936328,4.1,0.9104512810707092,Mid-Range,New Delhi
ChIJz6cFNNcDDTkR2sR2snMfXUM,ChIJz6cFNNcDDTkR2sR2snMfXUM,0.6349178931142689,0.7381879259243195,3.8,0.374678049259819,Mid-Range,New Delhi
ChIJd5LhshIDDTkRPxoMyHG_tgA,ChIJd5LhshIDDTkRPxoMyHG_tgA,0.8458382536854633,0.5293994757998772,4.7,0.7999741620966233,Mid-Range,New Delhi
ChIJM5oBwCkDDTkRcugcLbFClE8,ChIJM5oBwCkDDTkRcugcLbFClE8,0.80406493379122,0.6177390278472294,4.2,0.8184811502695084,Mid-Range,New Delhi
ChIJPWZW_gkEDTkRvJ3DTtFoPVQ,ChIJPWZW_gkEDTkRvJ3DTtFoPVQ,0.5579907636487579,0.7627992784810635,4.0,0.0338185639528091,Mid-Range,New Delhi
ChIJQb2D4b8DDTkRq0dRnD7Y1VI,ChIJQb2D4b8DDTkRq0dRnD7Y1VI,0.3248589315704633,0.5916888772779344,2.6,0.0005025719379772,Mid-Range,Other
ChIJ_XfWkV0DDTkRV-MWftStFZY,ChIJ_XfWkV0DDTkRV-MWftStFZY,0.8877623137997852,0.3641694923263474,4.8,0.9998666048049928,Mid-Range,Other
ChIJVyec7RQDDTkR4XxDwRD94Aw,ChIJVyec7RQDDTkR4XxDwRD94Aw,0.6752536484886594,0.2143472170767782,4.4,0.60033263056539,Budget,Other
ChIJD-BZ3TMDDTkRXdT-qrMpMYY,ChIJD-BZ3TMDDTkRXdT-qrMpMYY,0.5589007800692868,0.6102369510599138,3.5,0.3467124496120959,Mid-Range,Other
ChIJI18Xu_8DDTkRFoel4lHlmjQ,ChIJI18Xu_8DDTkRFoel4lHlmjQ,0.7323124361890644,0.42775885026245947,4.5,0.595235262683127,Mid-Range,Other
ChIJx5sJWL8DDTkRLnwjpzfKFV0,ChIJx5sJWL8DDTkRLnwjpzfKFV0,0.6897586965606711,0.42193884188562675,3.7,0.7990691618964775,Mid-Range,New Delhi
ChIJSS6OdLcFDTkRIf0z1kCxSfw,ChIJSS6OdLcFDTkRIf0z1kCxSfw,0.7802403431210979,0.336139675368766,4.5,0.8065388157963753,Mid-Range,New Delhi
ChIJw2f9Y3YDDTkR7XalAEXGCGI,ChIJw2f9Y3YDDTkR7XalAEXGCGI,0.6189933358370132,0.42489432229338514,4.6,0.2002935609081759,Mid-Range,New Delhi
ChIJnSdHCZYDDTkR_BE827TPifk,ChIJnSdHCZYDDTkR_BE827TPifk,0.664616238272805,0.5090206992249477,4.7,0.2455419943085871,Budget,New Delhi
ChIJoXCAC4UCDTkR74kNa9O7gqI,ChIJoXCAC4UCDTkR74kNa9O7gqI,0.7339920284832674,0.684794722407523,3.9,0.6791424891329371,Mid-Range,Karol Bagh
ChIJJ_yccvHhDDkRZT2M9nML5Y8,ChIJJ_yccvHhDDkRZT2M9nML5Y8,0.7089386017944589,0.6215684547174328,4.0,0.6010997967794538,Budget,New Delhi
ChIJfQEtoOsCDTkRZ6-PHF1QCG4,ChIJfQEtoOsCDTkRZ6-PHF1QCG4,0.8010528276705081,0.6940661709719635,4.1,0.7998219803383109,Mid-Range,New Delhi
ChIJUQAAACQCDTkROgV0toDmdlM,ChIJUQAAACQCDTkROgV0toDmdlM,0.6657514732796228,0.5445125533795373,3.8,0.6004390120855533,Budget,New Delhi
ChIJe2r3TGoDDTkRE13K07ETc9I,ChIJe2r3TGoDDTkRE13K07ETc9I,0.5137875183842642,0.6036534852699267,4.0,0.0013661480887094,Mid-Range,New Delhi
ChIJ5xMxsdwDDTkRmPBTgKIUMbo,ChIJ5xMxsdwDDTkRmPBTgKIUMbo,0.8846160591456105,0.5375519269276591,4.5,0.9994167685508728,Budget,New Delhi
ChIJ3X0NsjECDTkRYoNaNClVwuE,ChIJ3X0NsjECDTkRYoNaNClVwuE,0.6108437736298211,0.3856836393487762,4.6,0.2008902202767785,Mid-Range,New Delhi
ChIJ5X1AVYMCDTkRuXIfnpUxxSE,ChIJ5X1AVYMCDTkRuXIfnpUxxSE,0.7557254179803574,0.6108966973620662,3.8,0.8381951302289963,Mid-Range,Karol Bagh
ChIJZV2pMp4CDTkRKjabTG-yEYc,ChIJZV2pMp4CDTkRKjabTG-yEYc,0.49285221659931666,0.5810874001544201,3.4,0.2007910877699032,Mid-Range,New Delhi
ChIJcxohOZ4CDTkR96khe3coRkg,ChIJcxohOZ4CDTkR96khe3coRkg,0.7601092437177488,0.5783303433477104,3.5,0.998646593093872,Mid-Range,Other
ChIJ8Z_NJZ4DDTkReip6lwx436M,ChIJ8Z_NJZ4DDTkReip6lwx436M,0.7982402462534569,0.5661926245669118,4.7,0.6262553222943097,Mid-Range,Other
ChIJ9bGyTpwCDTkRUo-2hSFXffA,ChIJ9bGyTpwCDTkRUo-2hSFXffA,0.5815834003902611,0.4764330899412014,3.7,0.4236775615048828,Luxury,Karol Bagh
ChIJadUD2mn9DDkR9T7bQcD1ErY,ChIJadUD2mn9DDkR9T7bQcD1ErY,0.6340954150703043,0.6958779360372899,3.8,0.4003067533660214,Mid-Range,Paharganj
ChIJKzbCdWv9DDkRY_EAFQaTaYc,ChIJKzbCdWv9DDkRY_EAFQaTaYc,0.6037156509314142,0.6020768687548681,4.2,0.2009525140281766,Mid-Range,Other
ChIJBS-HCGL9DDkRnvfrMTf9pDM,ChIJBS-HCGL9DDkRnvfrMTf9pDM,0.7997360913271335,0.6380705828793656,3.7,0.9996918916702272,Luxury,Karol Bagh
ChIJq6qqp2r9DDkRJyXBgGO3brI,ChIJq6qqp2r9DDkRJyXBgGO3brI,0.41662781719407166,0.5982406125286485,2.8,0.2004396498086862,Mid-Range,Paharganj
ChIJUXQfIkD9DDkRcVucp8aFAD8,ChIJUXQfIkD9DDkRcVucp8aFAD8,0.8650278135821207,0.6952956265186842,4.1,0.9995240330696106,Mid-Range,Paharganj
ChIJ3biBSov9DDkRTqlRipFxhOk,ChIJ3biBSov9DDkRTqlRipFxhOk,0.23659695834826808,0.4268137678954004,2.2,0.0004397271608467,Mid-Range,Other
ChIJV_KLIUD9DDkRW62Ipndqqnw,ChIJV_KLIUD9DDkRW62Ipndqqnw,0.48258396235721784,0.6336464762826213,3.1,0.2585671293199993,Mid-Range,Paharganj
ChIJTelod2r9DDkRNcR4Skjiyg4,ChIJTelod2r9DDkRNcR4Skjiyg4,0.5878114371038669,0.5957987724974919,3.6,0.4052881181240081,Mid-Range,Paharganj
ChIJH91iSw79DDkRRbRLxoos7LI,ChIJH91iSw79DDkRRbRLxoos7LI,0.5163879678755078,0.5649086067808567,3.6,0.2020135214144829,Mid-Range,Other
ChIJq30zq979DDkRSrt4pkT7aSM,ChIJq30zq979DDkRSrt4pkT7aSM,0.7965365327953812,0.6107651216319101,4.2,0.7995335782296025,Mid-Range,Paharganj
ChIJsRPVdQ79DDkR_oNDxRA6InE,ChIJsRPVdQ79DDkR_oNDxRA6InE,0.588064102297619,0.6884663458917568,3.5,0.3859683503629639,Mid-Range,Other
ChIJf7d4Yt36DDkRGKQZ09p4zI0,ChIJf7d4Yt36DDkRGKQZ09p4zI0,0.7291785478556514,0.7808792761622975,3.9,0.5999988596013281,Mid-Range,Other
ChIJKd2x_m37DDkR7eEb4D5R3GM,ChIJKd2x_m37DDkR7eEb4D5R3GM,0.8722143408277263,0.791135119657689,4.0,0.999822986125946,Mid-Range,New Delhi
ChIJk4_wGzL7DDkR7ryPrhtrJuw,ChIJk4_wGzL7DDkR7ryPrhtrJuw,0.7158746348072487,0.7183238974456992,3.9,0.6000029735499993,Mid-Range,Other
ChIJAQCTgEP7DDkR8z4l4Lv6Uhc,ChIJAQCTgEP7DDkR8z4l4Lv6Uhc,0.6194292655085316,0.6147598995761182,4.3,0.2000828770862426,Mid-Range,New Delhi
ChIJq7-D7G77DDkR93Czw_SxpJ4,ChIJq7-D7G77DDkR93Czw_SxpJ4,0.9057912558080603,0.9363062138032504,4.5,0.7999516152194701,Luxury,Shahdara
ChIJtYbaLgD7DDkRnGLGPEVaYt0,ChIJtYbaLgD7DDkRnGLGPEVaYt0,0.78252871698721,0.5940820634117353,4.6,0.6000831822748296,Mid-Range,New Delhi
ChIJYxr1NN_7DDkRDUsJ4DgCEyw,ChIJYxr1NN_7DDkRDUsJ4DgCEyw,0.35716677351867027,0.6183478580984555,2.8,0.0006615239457459,Mid-Range,Other
ChIJo_EVHzH7DDkRq0dEqPdaQ04,ChIJo_EVHzH7DDkRq0dEqPdaQ04,0.8660122180270974,0.9873442862657791,4.6,0.5995770873560105,Budget,Other
ChIJ3VgjA3L7DDkRMlHJajqQ8xA,ChIJ3VgjA3L7DDkRMlHJajqQ8xA,0.9104199634128439,0.6551573541855054,4.7,0.9185589671134948,Luxury,New Delhi
ChIJRz8fTtb7DDkR35WthLi8XWg,ChIJRz8fTtb7DDkR35WthLi8XWg,0.2634210211766097,0.4268137678954004,2.4,0.0011831048730527,Mid-Range,New Delhi
ChIJoUe5i936DDkRrglOagh-Tcc,ChIJoUe5i936DDkRrglOagh-Tcc,0.5775283161611129,0.7162695916677999,3.8,0.2094097331428202,Mid-Range,Other
ChIJbQkQQq38DDkRiO1-3Xdle-Y,ChIJbQkQQq38DDkRiO1-3Xdle-Y,0.715375179247798,0.2313194968117582,4.5,0.6731070922251092,Budget,New Delhi
ChIJ5WV5tSj7DDkR5C7fCFDWTps,ChIJ5WV5tSj7DDkR5C7fCFDWTps,0.565693586086944,0.6844373714366839,3.3,0.4018700472952332,Budget,Other
ChIJHUReadH6DDkRo5MiseFGFZQ,ChIJHUReadH6DDkRo5MiseFGFZQ,0.6149399536577235,0.5412363273825181,3.9,0.4016940651694312,Mid-Range,Other
ChIJVZv6HQD7DDkRuvanyn__P7A,ChIJVZv6HQD7DDkRuvanyn__P7A,0.5745920408463674,0.5785167094031255,4.5,0.0003749290975974,Mid-Range,Other
ChIJ6c81vdD6DDkRwSloTrOLG6E,ChIJ6c81vdD6DDkRwSloTrOLG6E,0.7123841378243247,0.6447023658833219,4.0,0.5964767963538179,Budget,Other
ChIJgUNQnjTlDDkR1QhrUG9MRcE,ChIJgUNQnjTlDDkR1QhrUG9MRcE,0.7718643789532408,0.6059001056464804,4.5,0.6004451040411368,Mid-Range,Other
ChIJbei8fiD9DDkR6sUO_0lx9Cg,ChIJbei8fiD9DDkR6sUO_0lx9Cg,0.6089809233065785,0.516562458327211,3.9,0.399465466759284,Mid-Range,New Delhi
ChIJuYL0zDb7DDkRznsMPPI-ZsM,ChIJuYL0zDb7DDkRznsMPPI-ZsM,0.6017382708970804,0.2690641681418895,4.0,0.5000964610080699,Mid-Range,Shahdara
ChIJ80WEYuD8DDkR2z_JnqJYSd0,ChIJ80WEYuD8DDkR2z_JnqJYSd0,0.7684870746958532,0.6012055068832813,4.0,0.8013224269263446,Luxury,Other
ChIJs28LAX_7DDkRyHzGDbAs6YM,ChIJs28LAX_7DDkRyHzGDbAs6YM,0.9067802189234003,0.8287785788945798,4.2,0.999736487865448,Mid-Range,Shahdara
ChIJz0uozLL7DDkRn8ViMcXySzo,ChIJz0uozLL7DDkRn8ViMcXySzo,0.6050622573806577,0.4349927651275838,4.0,0.3998960213328246,Mid-Range,New Delhi
ChIJt8hDrN_7DDkR4A_kFDaUU4Y,ChIJt8hDrN_7DDkR4A_kFDaUU4Y,0.6277852072930794,0.6152630889828754,3.4,0.6009380846982821,Mid-Range,Other
ChIJi4GTF0H7DDkR25QXfXu1Uac,ChIJi4GTF0H7DDkR25QXfXu1Uac,0.7457575918671672,0.6429485148407869,4.3,0.5772509990667458,Mid-Range,New Delhi
ChIJYY9nHyf9DDkRjAdngMvn48Q,ChIJYY9nHyf9DDkRjAdngMvn48Q,0.8475602389557139,0.6150118342727531,4.1,0.99829660654068,Mid-Range,New Delhi
ChIJr8efdIv7DDkRnYHKsoANzwQ,ChIJr8efdIv7DDkRnYHKsoANzwQ,0.6200467543435576,0.5798109282536353,3.4,0.6003176337690093,Mid-Range,Other
ChIJw96ZnRD7DDkRW1EBfHRzjps,ChIJw96ZnRD7DDkRW1EBfHRzjps,0.6090485407342273,0.656132976882444,3.7,0.389963726195856,Mid-Range,Other
ChIJ6ykOwE37DDkR4kHteRFVpGg,ChIJ6ykOwE37DDkR4kHteRFVpGg,0.9026924066661158,0.45020858117598517,4.8,0.989303743839264,Mid-Range,New Delhi
ChIJxY54Sx_9DDkRgZ05aiuE6aQ,ChIJxY54Sx_9DDkRgZ05aiuE6aQ,0.7797734192137317,0.5208106394044729,4.7,0.5986279911361635,Mid-Range,Shahdara
ChIJa9fUXWDjDDkREFvr2Csh_lQ,ChIJa9fUXWDjDDkREFvr2Csh_lQ,0.5555697821920201,0.4990816882954259,4.0,0.2020420234592165,Mid-Range,New Delhi
ChIJm1yegN_iDDkR2RLLVNyqbZ4,ChIJm1yegN_iDDkR2RLLVNyqbZ4,0.8589648688340007,0.6043613960091064,4.2,0.9994766354560852,Mid-Range,Other
ChIJUdP3Rpb7DDkRtlGlfq_41wA,ChIJUdP3Rpb7DDkRtlGlfq_41wA,0.9419740953382937,0.7441245952099317,4.6,0.9998166680335998,Mid-Range,Other
ChIJKWvzBwD7DDkRBKbJTi6hyHk,ChIJKWvzBwD7DDkRBKbJTi6hyHk,0.5763453235826466,0.1498222752495692,4.0,0.5,Mid-Range,Other
ChIJW2w4ran8DDkRoFkWIhzXKxk,ChIJW2w4ran8DDkRoFkWIhzXKxk,0.6674386039273404,0.5657665834864768,3.3,0.7998910945985699,Mid-Range,Other
ChIJp-rZp14LDTkR1a6LE5urPXE,ChIJp-rZp14LDTkR1a6LE5urPXE,0.6274746116052872,0.601787320112133,3.9,0.4006150734669063,Mid-Range,Other
ChIJcc4_KG8EDTkR4zJt8puaXqY,ChIJcc4_KG8EDTkR4zJt8puaXqY,0.8248989171995835,0.6812197311884699,4.3,0.7997955618367996,Luxury,Other
ChIJKw-RLLoLDTkRAdERPB5Ob7U,ChIJKw-RLLoLDTkRAdERPB5Ob7U,0.6953613710458529,0.516562458327211,3.6,0.7952143086120487,Mid-Range,Other
ChIJbW7dveILDTkRpbfTOIEo1U0,ChIJbW7dveILDTkRpbfTOIEo1U0,0.7226148418101244,0.6874897699308519,4.0,0.6000187380472198,Mid-Range,Other
ChIJBw4gkmQJDTkRCfSriSCLgGE,ChIJBw4gkmQJDTkRCfSriSCLgGE,0.7852280352875685,0.24566935486130465,4.8,0.7574856677092612,Mid-Range,Other
ChIJOSNn5jXnDDkRyFSXt2zfFnM,ChIJOSNn5jXnDDkRyFSXt2zfFnM,0.5942379770832253,0.2580997673088359,4.2,0.400563983869506,Budget,Delhi
ChIJRz9E5sELDTkRP0iz7bKL2qA,ChIJRz9E5sELDTkRP0iz7bKL2qA,0.6307918585757566,0.6805999565050507,3.8,0.4001374833489535,Mid-Range,Other
ChIJ8SvdaJsLDTkR_ZJVxtepIE4,ChIJ8SvdaJsLDTkR_ZJVxtepIE4,0.5496126479693804,0.2143472170767782,3.3,0.6648597696718449,Budget,Other
ChIJEZjKmqMJDTkR_YzJs9owIhI,ChIJEZjKmqMJDTkR_YzJs9owIhI,0.8897164078557658,0.43585872312643875,4.7,0.9998653173446655,Budget,Delhi
ChIJE94Ic8AHDTkRHl5uQ9veo-s,ChIJE94Ic8AHDTkRHl5uQ9veo-s,0.6463698714381628,0.3914140521329489,3.9,0.6000887763802893,Mid-Range,Other
ChIJMU1KYbgHDTkRpsomFwCkbQ8,ChIJMU1KYbgHDTkRpsomFwCkbQ8,0.4166289670138582,0.5228641744469175,3.4,0.0006942124979104,Mid-Range,Rohini
ChIJ9W1BH1UHDTkR-atCKhI6R6Y,ChIJ9W1BH1UHDTkR-atCKhI6R6Y,0.7061198117332734,0.509802971169484,4.4,0.5001083032693714,Luxury,Delhi
ChIJ_xQYuMUGDTkRBSlXLNO45WY,ChIJ_xQYuMUGDTkRBSlXLNO45WY,0.5983241076698161,0.4523990307935275,4.4,0.2005052797292592,Budget,Other
ChIJT4ODZAAHDTkR9brqKcecYjw,ChIJT4ODZAAHDTkR9brqKcecYjw,0.8425450090818203,0.2143472170767782,4.7,0.9996867328882216,Mid-Range,New Delhi
ChIJbfkmJQAHDTkRD-L97rM_8Bc,ChIJbfkmJQAHDTkRD-L97rM_8Bc,0.791715460936831,0.3543615015642497,4.6,0.7886916041374207,Budget,Other
ChIJ3yRDa7gGDTkRLrdOe3Q5vpU,ChIJ3yRDa7gGDTkRLrdOe3Q5vpU,0.41092610920117956,0.32262470913604485,3.2,0.1996456194319761,Mid-Range,New Delhi
ChIJ77AkL1sHDTkRckJGkQC1VuY,ChIJ77AkL1sHDTkRckJGkQC1VuY,0.8241760778063891,0.31661683023411846,4.4,0.9989318450291952,Mid-Range,Other
ChIJ0Rj-PycFDTkRFINOVE9Kols,ChIJ0Rj-PycFDTkRFINOVE9Kols,0.8457125738838218,0.4167944494294059,4.4,0.9996502518653868,Budget,New Delhi
ChIJ8Z3G91sHDTkR4fx3eLbmUAU,ChIJ8Z3G91sHDTkR4fx3eLbmUAU,0.4474777312601149,0.42585899220677387,3.4,0.1620559744129422,Mid-Range,Rohini
ChIJvf9FOoEHDTkR93ALQAIeEZo,ChIJvf9FOoEHDTkR93ALQAIeEZo,0.7606009530163047,0.31966922872828646,4.4,0.7976285382232163,Mid-Range,New Delhi
ChIJq6VnJ58FDTkRsN01XXkz7gs,ChIJq6VnJ58FDTkRsN01XXkz7gs,0.7048616045592057,0.12904988365441794,5.0,0.5,Mid-Range,Paschim Vihar
ChIJtR6Xc-8HDTkRAo-EkgV3FkA,ChIJtR6Xc-8HDTkRAo-EkgV3FkA,0.6090594300123093,0.4645584392255316,4.0,0.3927142157306661,Budget,Rohini
ChIJUxuFTVgFDTkR-tVbVFQAC58,ChIJUxuFTVgFDTkR-tVbVFQAC58,0.8420314354308438,0.1498222752495692,4.8,0.9994269609451294,Mid-Range,New Delhi
ChIJVxBqNycHDTkRspbBVn_5Rag,ChIJVxBqNycHDTkRspbBVn_5Rag,0.8357796107578394,0.43234548302977444,4.3,0.9998159170150756,Budget,Rohini
ChIJMefpUh8FDTkRTvRW7W_PuCw,ChIJMefpUh8FDTkRTvRW7W_PuCw,0.5651497667044816,0.4479653445915689,3.2,0.5994801971886773,Mid-Range,New Delhi
ChIJMTVTdAAHDTkRL4vgks9_bAQ,ChIJMTVTdAAHDTkRL4vgks9_bAQ,0.27204749972821207,0.2143472170767782,2.2,0.2531994367091101,Mid-Range,Rohini
ChIJLSTH2_wHDTkRl-rs7KjuUWo,ChIJLSTH2_wHDTkRl-rs7KjuUWo,0.6860726992085602,0.3410402707054878,3.8,0.7997815726906993,Mid-Range,Other
ChIJs7GJ-NsFDTkRLD5mS5lSTCw,ChIJs7GJ-NsFDTkRLD5mS5lSTCw,0.8844540131634215,0.4113490484538237,4.7,0.999710774421692,Mid-Range,New Delhi
ChIJ_zxrm-cHDTkRc_Jjh14DsCg,ChIJ_zxrm-cHDTkRc_Jjh14DsCg,0.1868880726254283,0.12904988365441794,2.3,0.001475955476053,Mid-Range,Other
ChIJScWYucUGDTkR2nasp1YBYkU,ChIJScWYucUGDTkR2nasp1YBYkU,0.6695310645488072,0.5640426487820017,3.8,0.5992656103800982,Budget,Rohini
ChIJd6482AwFDTkRIzkWAxQEfIw,ChIJd6482AwFDTkRIzkWAxQEfIw,0.5404827395912555,0.4922837920896685,3.9,0.2009521497762761,Mid-Range,New Delhi
ChIJma0ObAsFDTkRevQdGGCNZEQ,ChIJma0ObAsFDTkRevQdGGCNZEQ,0.4011525588485452,0.45020858117598517,3.4,0.0006223852658876,Mid-Range,Paschim Vihar
ChIJ7eql54AFDTkRqeVDzk7JbSo,ChIJ7eql54AFDTkRqeVDzk7JbSo,0.4850134136185053,0.48237126474882813,3.5,0.2003654185158666,Budget,Other
ChIJUaBSPtUFDTkRyZQihsgC1wU,ChIJUaBSPtUFDTkRyZQihsgC1wU,0.42690008540855184,0.444102142377517,3.6,0.0020624522410798,Mid-Range,Paschim Vihar
ChIJ50F8pDQFDTkRW4vVtMDV2Vg,ChIJ50F8pDQFDTkRW4vVtMDV2Vg,0.4333073493379189,0.10226961315734028,3.0,0.5000335822769557,Mid-Range,New Delhi
ChIJY-ctAJMHDTkRY5ucKDe0kz8,ChIJY-ctAJMHDTkRY5ucKDe0kz8,0.7048616045592057,0.12904988365441794,5.0,0.5,Budget,Other
ChIJr_HCO-kFDTkR_aDiWYPlg_g,ChIJr_HCO-kFDTkR_aDiWYPlg_g,0.579554781310555,0.5920115459323219,4.1,0.1736001349578145,Mid-Range,Paschim Vihar
ChIJe61PIQ8FDTkRhg9m7cdt9gg,ChIJe61PIQ8FDTkRhg9m7cdt9gg,0.505164233152964,0.41246390984585385,3.5,0.3101305761490948,Mid-Range,New Delhi
ChIJw-ezIEAFDTkRjI637nlIT1Y,ChIJw-ezIEAFDTkRjI637nlIT1Y,0.5673305213612729,0.31966922872828646,3.9,0.400179580488475,Mid-Range,Paschim Vihar
ChIJG6b9UeEDDTkRekt9szIwFig,ChIJG6b9UeEDDTkRekt9szIwFig,0.6515335410860924,0.6530077603130068,4.0,0.400211188843241,Mid-Range,Other
ChIJ52dGUtcDDTkR9ccRlGw9PG0,ChIJ52dGUtcDDTkR9ccRlGw9PG0,0.6667547163815368,0.5986914115383751,4.2,0.4007976482069352,Mid-Range,New Delhi
ChIJK3r5CKMDDTkR3boHlDA8KE4,ChIJK3r5CKMDDTkR3boHlDA8KE4,0.8123778368050268,0.6099717377363983,4.8,0.5997151111834682,Mid-Range,Other
ChIJteDOQaoDDTkR671xxVVa6Dc,ChIJteDOQaoDDTkR671xxVVa6Dc,0.8510849489929586,0.7289698528559163,4.9,0.6000390289817006,Mid-Range,New Delhi
ChIJWRkUo-8DDTkRI5QgI0OqdsI,ChIJWRkUo-8DDTkRI5QgI0OqdsI,0.5104323610846193,0.5228641744469175,3.6,0.2113760292500955,Budget,Rohini
ChIJc-0fwtYBDTkRsO8KJ3y5_gM,ChIJc-0fwtYBDTkRsO8KJ3y5_gM,0.31483774861385067,0.5415137935002718,2.6,0.0025424678460694,Budget,Rohini
ChIJ1eAJv3EBDTkRh-_kWmP5-nE,ChIJ1eAJv3EBDTkRh-_kWmP5-nE,0.7987541426928877,0.4959709993713083,4.4,0.7996804839931428,Mid-Range,Rohini
ChIJda712aMDDTkRHVw3A7xAp0Q,ChIJda712aMDDTkRHVw3A7xAp0Q,0.8652181500512747,0.8706418082595164,4.3,0.7998898313904647,Mid-Range,New Delhi
ChIJw6EdanYDDTkR9EzmpV-p2Dw,ChIJw6EdanYDDTkR9EzmpV-p2Dw,0.5433548461756427,0.4922837920896685,4.4,0.0016210797068196,Mid-Range,Other
ChIJ486HNRMBDTkRM1sl8rwuie4,ChIJ486HNRMBDTkRM1sl8rwuie4,0.7280164941100562,0.6997033750132717,4.5,0.4004738131305203,Mid-Range,Rohini
ChIJBbwzvPMBDTkRPPGqzG0yUhc,ChIJBbwzvPMBDTkRPPGqzG0yUhc,0.6781997283814898,0.3032955993753565,3.8,0.8002678324934095,Mid-Range,Rohini
ChIJIxJHPnEBDTkRdg5tnZH7IOY,ChIJIxJHPnEBDTkRdg5tnZH7IOY,0.7588658166339931,0.5455794970201683,4.5,0.5999164553999435,Mid-Range,Rohini
ChIJmZbL1DwBDTkRTUDCMOLJz6s,ChIJmZbL1DwBDTkRTUDCMOLJz6s,0.6639892161414301,0.3993980695823625,4.5,0.3999917573295534,Budget,New Delhi
ChIJqUMw8V0DDTkRcqy-cZvfVvY,ChIJqUMw8V0DDTkRcqy-cZvfVvY,0.6721344888805166,0.5751036659325894,3.8,0.6000517108826898,Mid-Range,Other
ChIJ3RlMdckBDTkR0pjpqymKelw,ChIJ3RlMdckBDTkR0pjpqymKelw,0.9415600847288105,0.8834870906492654,4.4,0.9889440059661864,Mid-Range,New Delhi
ChIJ13uwGBMBDTkREGuDRst9C8s,ChIJ13uwGBMBDTkREGuDRst9C8s,0.7128549101952191,0.6274736906704526,4.5,0.4011048243322875,Mid-Range,Rohini
ChIJ14Hw8TkBDTkRkLqc_kOi0fY,ChIJ14Hw8TkBDTkRkLqc_kOi0fY,0.5911411704965902,0.49414565042502334,3.8,0.4001601707976078,Mid-Range,New Delhi
ChIJ70yHFd4BDTkRDCBZqoNKwjY,ChIJ70yHFd4BDTkRDCBZqoNKwjY,0.7907023511738164,0.5828810936747755,4.2,0.7998364086728543,Mid-Range,New Delhi
ChIJTZYJvY8BDTkRMqD9vfIeu3I,ChIJTZYJvY8BDTkRMqD9vfIeu3I,0.9428015889709371,0.5604959411985173,4.9,0.9998294472694396,Mid-Range,Rohini
ChIJj3VBHVABDTkRbJf3b-WvsDs,ChIJj3VBHVABDTkRbJf3b-WvsDs,0.7358603256320234,0.2740972756911478,4.4,0.7504634002107196,Mid-Range,Rohini
ChIJM0-S5aAHDTkRRSCWC-TUc4o,ChIJM0-S5aAHDTkRRSCWC-TUc4o,0.5732541584801578,0.6063153768790331,3.0,0.6026490571210161,Luxury,Rohini
ChIJhfP0934DDTkRb0xgy-Wsucs,ChIJhfP0934DDTkRb0xgy-Wsucs,0.6731358302356709,0.5158351904594659,3.9,0.6010359419684391,Budget,New Delhi
ChIJd9sdC4MHDTkRtaltQYd0h2s,ChIJd9sdC4MHDTkRtaltQYd0h2s,0.5303644192101955,0.44566671388853635,3.9,0.2003155767102725,Mid-Range,New Delhi
ChIJQzZSoT0BDTkR37w2w39jxbY,ChIJQzZSoT0BDTkR37w2w39jxbY,0.531193260033071,0.34793896801864493,3.8,0.3097319731197785,Mid-Range,Rohini
ChIJi6ULd0sDDTkRFFLZ17omh6Y,ChIJi6ULd0sDDTkRFFLZ17omh6Y,0.718660160475391,0.3660129152098967,4.5,0.5936078477854607,Budget,New Delhi
ChIJwV3SeBABDTkRQtfVG9zEhOY,ChIJwV3SeBABDTkRQtfVG9zEhOY,0.8949896218390215,0.4606791356859033,4.7,0.999846613407135,Mid-Range,New Delhi
ChIJochkDJkBDTkRF4kn2GTWRng,ChIJochkDJkBDTkRF4kn2GTWRng,0.6268627914275813,0.47474561508864666,4.1,0.4000585353875067,Mid-Range,Rohini
ChIJwcKwnhUDDTkRQWrXJ5HKiRk,ChIJwcKwnhUDDTkRQWrXJ5HKiRk,0.740712645575875,0.488444492767926,4.5,0.5811075862264261,Mid-Range,Rohini
ChIJBUyBs_EBDTkR6NDsh_942IY,ChIJBUyBs_EBDTkR6NDsh_942IY,0.850389607222885,0.6758806952059268,4.5,0.7999190045404247,Budget,Rohini
ChIJVVVVJdQDDTkRyYcuYnqjUqc,ChIJVVVVJdQDDTkRyYcuYnqjUqc,0.7814926034768149,0.8397064038555342,4.2,0.5997527188505046,Mid-Range,Other
ChIJj1OudT0CDTkRtj84wg-cCE8,ChIJj1OudT0CDTkRtj84wg-cCE8,0.56463849340689,0.7069126729625357,3.9,0.1335794552869629,Mid-Range,Other
ChIJ4WmKF40BDTkRhunQxIe-GlU,ChIJ4WmKF40BDTkRhunQxIe-GlU,0.8804178463850132,0.2690641681418895,4.9,0.998583161830902,Mid-Range,New Delhi
ChIJVb3KwfkBDTkRSXdPeP0lRbs,ChIJVb3KwfkBDTkRSXdPeP0lRbs,0.5262518669945085,0.42585899220677387,3.9,0.20063043764967,Luxury,Other
ChIJoe00oYwBDTkR88z2B2LfPpE,ChIJoe00oYwBDTkR88z2B2LfPpE,0.6720672305326695,0.5772042431608497,3.8,0.5984405130817322,Mid-Range,Other
ChIJz9f-o84BDTkRWxCjQOpjWnQ,ChIJz9f-o84BDTkRWxCjQOpjWnQ,0.6688384577156842,0.4664391054836876,4.0,0.5788304153596983,Mid-Range,Other
ChIJVSfh4c8FDTkRe54mRvZAn0E,ChIJVSfh4c8FDTkRe54mRvZAn0E,0.6565301190740498,0.5853355812316818,4.3,0.3359871313150506,Mid-Range,Other
ChIJSfJXLaADDTkR3n9-HoFizwU,ChIJSfJXLaADDTkR3n9-HoFizwU,0.6332779060079755,0.31661683023411846,4.4,0.400585109408712,Budget,New Delhi
ChIJB_YlZ60DDTkRk6N2H6cp11Q,ChIJB_YlZ60DDTkRk6N2H6cp11Q,0.3067030141244858,0.5050075858502767,2.6,0.0013826193346175,Mid-Range,Other
ChIJ9edIGvoDDTkRVxqbcgB6rm0,ChIJ9edIGvoDDTkRVxqbcgB6rm0,0.5924814617352111,0.4408918306756971,3.9,0.3981970279361121,Mid-Range,New Delhi
ChIJWdsZcpYDDTkRbJ9VIM03aUs,ChIJWdsZcpYDDTkRbJ9VIM03aUs,0.7879311082746231,0.446439247895558,4.4,0.7987781873554922,Mid-Range,Other
ChIJVc6eI2IDDTkRDzKffVzg-is,ChIJVc6eI2IDDTkRDzKffVzg-is,0.7455393921588431,0.4332363014410051,4.1,0.7997085546376184,Mid-Range,Other
ChIJh2pGUIICDTkRZPwKRwgklls,ChIJh2pGUIICDTkRZPwKRwgklls,0.8238461374580736,0.6137452866591407,4.4,0.7998120501521043,Mid-Range,New Delhi
ChIJ02qaT-P9DDkRmOF-ajKFnjk,ChIJ02qaT-P9DDkRmOF-ajKFnjk,0.8565082373772221,0.6549118424469215,4.1,0.9997429966926574,Mid-Range,New Delhi
ChIJQTyWH_v9DDkRWIAPGAhMUz0,ChIJQTyWH_v9DDkRWIAPGAhMUz0,0.9065421099806485,0.8150553074595581,4.7,0.7998056790907867,Budget,New Delhi
ChIJlyWNs-T9DDkRLPAb1o0WNH0,ChIJlyWNs-T9DDkRLPAb1o0WNH0,0.4556528304356305,0.3433971007311961,3.5,0.2009877404634608,Budget,New Delhi
ChIJGY6rtYz9DDkROGiBI6lGJI4,ChIJGY6rtYz9DDkROGiBI6lGJI4,0.45344191163051534,0.45867712705090363,3.3,0.2005378710629884,Mid-Range,Other
ChIJCxPaVwADDTkRQZ-4juHz88U,ChIJCxPaVwADDTkRQZ-4juHz88U,0.6058447347810448,0.4384092885261062,4.0,0.4000709178100806,Mid-Range,Karol Bagh
ChIJHxgBSKEDDTkR2BDdp2oSkYg,ChIJHxgBSKEDDTkR2BDdp2oSkYg,0.7952347856450691,0.666601810582077,4.1,0.7998956199735403,Mid-Range,New Delhi
ChIJW_GtJlH9DDkRLk8zWDBpE8g,ChIJW_GtJlH9DDkRLk8zWDBpE8g,0.727634282118869,0.4113490484538237,4.0,0.7998453679028898,Budget,Other
ChIJYUkV8fX9DDkR-9ztjCtkqNw,ChIJYUkV8fX9DDkR-9ztjCtkqNw,0.8457128803612873,0.7291545915821304,3.9,0.99974445104599,Mid-Range,Other
ChIJ7aqqqhn9DDkROmpPLJp4sS0,ChIJ7aqqqhn9DDkROmpPLJp4sS0,0.7706443199841773,0.6139999785104596,4.0,0.7995543980214279,Luxury,New Delhi
ChIJRZ8E8Qz9DDkRaDxap1se5-g,ChIJRZ8E8Qz9DDkRaDxap1se5-g,0.5029015235072958,0.31346094110829337,3.4,0.4107070381287484,Mid-Range,Other
ChIJSY21bsX9DDkRkp0mg84Qa64,ChIJSY21bsX9DDkRkp0mg84Qa64,0.7412828593930142,0.6138727196887437,4.2,0.6242760330438614,Mid-Range,Other
ChIJ77cDh5H9DDkRw4eomzQsdh4,ChIJ77cDh5H9DDkRw4eomzQsdh4,0.3809521864916566,0.4146543594633962,3.3,0.0026762948429677,Budget,Other
ChIJAQDviIUCDTkRGce6KapJ6xw,ChIJAQDviIUCDTkRGce6KapJ6xw,0.7828073131651608,0.47863650200582836,4.3,0.8029201151803136,Mid-Range,New Delhi
ChIJ-Ty9tEz9DDkRxhAk4j8Iu8s,ChIJ-Ty9tEz9DDkRxhAk4j8Iu8s,0.3493426766144347,0.2520918884069095,3.3,0.0119751719292252,Mid-Range,Other
ChIJvfkKM1ICDTkRARQ_hfTtLF0,ChIJvfkKM1ICDTkRARQ_hfTtLF0,0.6575715412198122,0.5563373920816039,4.2,0.4002501331386156,Budget,Other
ChIJ-XC0KyYBDTkRHfjsKAMwROE,ChIJ-XC0KyYBDTkRHfjsKAMwROE,0.33603464365302527,0.45663111472159,2.9,0.0005699691653716,Budget,Other
ChIJ306lNAADDTkRP-6e4yPnr8U,ChIJ306lNAADDTkRP-6e4yPnr8U,0.49561259187448614,0.3927931857069744,3.7,0.2099726193468086,Mid-Range,New Delhi
ChIJLTUFPQABDTkR2v6CmEIy83o,ChIJLTUFPQABDTkR2v6CmEIy83o,0.9380308259943898,0.5387011984829421,4.9,0.9994059085845948,Budget,Other
ChIJ__9Cj5v9DDkRsjHV7byyVaw,ChIJ__9Cj5v9DDkRsjHV7byyVaw,0.3298301117398276,0.42093245572077237,2.9,0.0049217364023206,Mid-Range,Other
ChIJ_____5wCDTkRudqX6MHuX78,ChIJ_____5wCDTkRudqX6MHuX78,0.5477721798382662,0.4964217983810349,3.5,0.3877079954865621,Mid-Range,New Delhi
ChIJN4mrAP8DDTkRdYDOnNgL40w,ChIJN4mrAP8DDTkRdYDOnNgL40w,0.7173866915350062,0.5128679332392954,4.4,0.5333796380320563,Mid-Range,Other
ChIJWeQkGvn9DDkR472-MKgiClU,ChIJWeQkGvn9DDkR472-MKgiClU,0.7500978617502523,0.20453922631468055,4.5,0.799794564495096,Mid-Range,Other
ChIJQXZOlAj9DDkRGt_aiGqrOHk,ChIJQXZOlAj9DDkRGt_aiGqrOHk,0.7750460885418436,0.6866194942226461,4.4,0.5982715206220746,Mid-Range,Other
ChIJ8Saeag4BDTkRpye1qynjXfI,ChIJ8Saeag4BDTkRpye1qynjXfI,0.5158775322547942,0.27887215890398714,3.1,0.5994379226060118,Mid-Range,New Delhi
ChIJMwA_YpT9DDkRzJ9fraVynnY,ChIJMwA_YpT9DDkRzJ9fraVynnY,0.23997096410327015,0.379577200550308,2.3,0.0008395095996092,Mid-Range,Other
ChIJ8wb5Nwb9DDkRrQpokLfjOsU,ChIJ8wb5Nwb9DDkRrQpokLfjOsU,0.45680667808106756,0.37471923851572264,3.9,0.0170562415034509,Mid-Range,New Delhi
ChIJO4hRhjABDTkREBVe20xj3tA,ChIJO4hRhjABDTkREBVe20xj3tA,0.6567633364263784,0.1498222752495692,4.0,0.752060326281935,Mid-Range,Other
ChIJs6yuI3QBDTkRG_R3QThdxY4,ChIJs6yuI3QBDTkRG_R3QThdxY4,0.7373893442405934,0.444102142377517,4.5,0.6002526756841688,Mid-Range,New Delhi
ChIJ9cVfgg_9DDkRMQLzjeAJ-vY,ChIJ9cVfgg_9DDkRMQLzjeAJ-vY,0.5087260477343992,0.4079220425584051,3.8,0.1993225554469972,Budget,Other
ChIJqx4kZTP5DDkR0tWpOf7Q3tM,ChIJqx4kZTP5DDkR0tWpOf7Q3tM,0.8497400324152086,0.42293446435577203,4.9,0.7998471464554313,Mid-Range,Loni
ChIJBb6nI8D9DDkRwrBTMaXlXG4,ChIJBb6nI8D9DDkRwrBTMaXlXG4,0.7870143587446111,0.5522315986564409,4.7,0.6003765153698624,Budget,Other
ChIJwavkUvL7DDkRm7mRe1PIo8Q,ChIJwavkUvL7DDkRm7mRe1PIo8Q,0.4321378923116908,0.358409522528563,3.3,0.200608124124119,Budget,Shahdara
ChIJTZiw9_P9DDkRCKU-wU7cgV8,ChIJTZiw9_P9DDkRCKU-wU7cgV8,0.7999048181342272,0.26374330205255647,4.3,0.9997722655534744,Budget,Shahdara
ChIJGc7ytc77DDkRRxZ5OCed5kk,ChIJGc7ytc77DDkRRxZ5OCed5kk,0.8649499414858554,0.31966922872828646,4.7,0.9996975511312484,Budget,Shahdara
ChIJKZXZj4D7DDkRYQ-EvPj5E34,ChIJKZXZj4D7DDkRYQ-EvPj5E34,0.8708048971623383,0.223219623947779,4.9,0.9990155895551046,Budget,Shahdara
ChIJ6XfP3Yn7DDkR7EkhxIHNGO4,ChIJ6XfP3Yn7DDkR7EkhxIHNGO4,0.7997050339128583,0.1935748254816269,5.0,0.7542583843072256,Mid-Range,Other
ChIJByYe3LL9DDkRVpIn7noONz0,ChIJByYe3LL9DDkRVpIn7noONz0,0.4904957865956524,0.3954916301108739,3.2,0.4004689957364461,Budget,Other
ChIJjTVekIr9DDkROSy1R9mJXRc,ChIJjTVekIr9DDkROSy1R9mJXRc,0.11832326559145194,0.24566935486130465,1.6,0.0004883909685303,Mid-Range,Other
ChIJbZrCzw39DDkR76CW6KVWgYs,ChIJbZrCzw39DDkR76CW6KVWgYs,0.44971435427974815,0.5997348631282017,3.5,0.0114824790041893,Mid-Range,Other
ChIJp1raBtP9DDkRj02Yk5kcBcY,ChIJp1raBtP9DDkRj02Yk5kcBcY,0.7163539487234274,0.533111189268394,4.2,0.5999804625898832,Mid-Range,New Delhi
ChIJe-euBg79DDkRqrpZ5Pzm8Qw,ChIJe-euBg79DDkRqrpZ5Pzm8Qw,0.6307685521738675,0.5682940639973495,3.5,0.5999350273166784,Mid-Range,New Delhi
ChIJL7sYP6T9DDkRKJECSyhpJpU,ChIJL7sYP6T9DDkRKJECSyhpJpU,0.6190641621597729,0.7351924559291825,4.1,0.2019834681763313,Mid-Range,Other
ChIJnyd0goQCDTkRajFw4m1a10A,ChIJnyd0goQCDTkRajFw4m1a10A,0.5242264718327221,0.5551484894132765,3.2,0.3997557552647777,Budget,New Delhi
ChIJb1VVVZoCDTkR55_HhaH8rMk,ChIJb1VVVZoCDTkR55_HhaH8rMk,0.6955414094708011,0.6063153768790331,3.4,0.8192766711115838,Mid-Range,New Delhi
ChIJB3eNuar9DDkRdLXjKjlGuaE,ChIJB3eNuar9DDkRdLXjKjlGuaE,0.42318603242499436,0.3914140521329489,2.7,0.4005466055008583,Budget,New Delhi
ChIJHR7ZdDj9DDkRSJTP7ahdEpY,ChIJHR7ZdDj9DDkRSJTP7ahdEpY,0.20191453126380499,0.38859293279771673,2.0,0.0005458342551718,Budget,Other
ChIJA-vXAVT9DDkRgea1TJCa_UU,ChIJA-vXAVT9DDkRgea1TJCa_UU,0.5608550557416587,0.4286944341535564,3.2,0.5988662298768759,Mid-Range,New Delhi
ChIJZ3M-4pwCDTkRzGqi6XmAYD8,ChIJZ3M-4pwCDTkRzGqi6XmAYD8,0.5141101778228393,0.63467057696962,3.0,0.3983660897705704,Budget,Karol Bagh
ChIJSY_gO7D7DDkRmVyrZwyfxGw,ChIJSY_gO7D7DDkRmVyrZwyfxGw,0.5531328642397448,0.49951770695479275,3.5,0.4024464594258461,Budget,Shahdara
ChIJnzfZxyH9DDkRB58ZTRYEcpA,ChIJnzfZxyH9DDkRB58ZTRYEcpA,0.4819969204680007,0.18114441303409567,3.0,0.6000618278747425,Budget,Other
ChIJD9sct5j9DDkRJe9FJUj54YI,ChIJD9sct5j9DDkRJe9FJUj54YI,0.5523238552309894,0.16679455498454923,2.6,0.9967261552810668,Mid-Range,Other
ChIJVVWF8pwCDTkRqM8xtxxMbm0,ChIJVVWF8pwCDTkRqM8xtxxMbm0,0.620579466460348,0.7037664811973723,3.7,0.3943503187911119,Mid-Range,Karol Bagh
ChIJw4-X1Tf5DDkRmtRsLfv7Gco,ChIJw4-X1Tf5DDkRmtRsLfv7Gco,0.8365193736613923,0.42093245572077237,4.8,0.8014099639840424,Budget,Loni
ChIJfYdgbx37DDkRNqrP_TGtdC0,ChIJfYdgbx37DDkRNqrP_TGtdC0,0.7709075182753633,0.3032955993753565,4.5,0.7991822799725924,Budget,Shahdara
ChIJH6vik5r9DDkRwaLCMAtRMBM,ChIJH6vik5r9DDkRwaLCMAtRMBM,0.6888777204400829,0.5284479532367805,4.0,0.6003017768496648,Mid-Range,Other
ChIJMdVeUHz9DDkRUb0zQeex0LI,ChIJMdVeUHz9DDkRUb0zQeex0LI,0.21232898703327452,0.37471923851572264,2.1,0.0007711220998316,Budget,Other
ChIJR-G7XwX9DDkRB5h2b4-759I,ChIJR-G7XwX9DDkRB5h2b4-759I,0.6269167935245887,0.5577443178079743,3.5,0.5948953298095148,Mid-Range,New Delhi
ChIJveR9BhL9DDkRzovn1p9-oZ8,ChIJveR9BhL9DDkRzovn1p9-oZ8,0.27718208862842325,0.18114441303409567,1.7,0.4997617073095171,Budget,Other
ChIJxazGehoDDTkRgXpoZkzEoFY,ChIJxazGehoDDTkRgXpoZkzEoFY,0.7425437351973897,0.2313194968117582,4.4,0.7999302410666133,Mid-Range,Karol Bagh
ChIJ1dTzbUD9DDkRixPcd_ToHAc,ChIJ1dTzbUD9DDkRixPcd_ToHAc,0.17402483485968026,0.1935748254816269,2.1,0.0014744312939001,Mid-Range,New Delhi
ChIJPfl6An39DDkR9DyzbJAjrXA,ChIJPfl6An39DDkR9DyzbJAjrXA,0.6845752430546177,0.3856836393487762,4.2,0.5986590689455624,Budget,Other
ChIJI1fsiqb9DDkRxxtLxlsOTNA,ChIJI1fsiqb9DDkRxxtLxlsOTNA,0.8780179235941321,0.7887724534629817,4.5,0.8112553767859936,Mid-Range,New Delhi
ChIJy9TCyKj7DDkRhTRHFi2RHQA,ChIJy9TCyKj7DDkRhTRHFi2RHQA,0.7265491938032517,0.4894192641205941,4.4,0.5777308155200445,Budget,Other
ChIJx5ugHAv7DDkRSmi3LJexcdw,ChIJx5ugHAv7DDkRSmi3LJexcdw,0.7298721871957372,0.31966922872828646,4.4,0.7013130180421285,Mid-Range,Other
ChIJpXzVXgD7DDkROTg2qZrmdZE,ChIJpXzVXgD7DDkROTg2qZrmdZE,0.621340239281681,0.4332363014410051,4.6,0.2020883203833363,Mid-Range,New Delhi
ChIJh5Fhbsj7DDkRVWFOMmVGyy8,ChIJh5Fhbsj7DDkRVWFOMmVGyy8,0.3382873086113548,0.2918825720663544,2.7,0.2007963642827234,Mid-Range,Other
ChIJnx2GLQv7DDkR4lgOVsS6N6E,ChIJnx2GLQv7DDkR4lgOVsS6N6E,0.5239160222970898,0.4349927651275838,3.4,0.3955531724059254,Mid-Range,Other
ChIJf89Sw6D5DDkRD8VTYAe8gtE,ChIJf89Sw6D5DDkRD8VTYAe8gtE,0.5619180997339335,0.1935748254816269,4.7,0.1339446157217025,Mid-Range,Loni
ChIJGX2GTD77DDkRkCEj_1vvVpQ,ChIJGX2GTD77DDkRkCEj_1vvVpQ,0.5059035950970062,0.1935748254816269,3.4,0.5000407377301599,Mid-Range,Delhi
ChIJd-ZjPh_7DDkR1oqGuo5VE1E,ChIJd-ZjPh_7DDkR1oqGuo5VE1E,0.70658926975845,0.2520918884069095,4.1,0.7983871499600355,Mid-Range,Shahdara
ChIJY2tQYgD7DDkRiK5qtxTSXfk,ChIJY2tQYgD7DDkRiK5qtxTSXfk,0.3815933102629824,0.2918825720663544,3.5,0.0032003430300391,Mid-Range,New Delhi
ChIJ9zJVVgD7DDkRWOQxBwWX3G4,ChIJ9zJVVgD7DDkRWOQxBwWX3G4,0.6019611267146181,0.4199150705822432,4.0,0.4002277067425893,Mid-Range,Shahdara
ChIJK31TtXX7DDkRI07HmBH4rWE,ChIJK31TtXX7DDkRI07HmBH4rWE,0.49322282718259103,0.569941714330115,3.9,0.0010498447401914,Mid-Range,New Delhi
ChIJgRHwEe_7DDkRC6q5bpveHsc,ChIJgRHwEe_7DDkRC6q5bpveHsc,0.8913814754285502,0.38419417055549543,4.8,0.9978606343269348,Mid-Range,Other
ChIJcfXKPeH5DDkRNcE1fMUKtKY,ChIJcfXKPeH5DDkRNcE1fMUKtKY,0.6157766976358601,0.28341402619143596,2.9,0.9928649365901948,Budget,Other
ChIJMw_YsOX7DDkRIA-FtYIrL60,ChIJMw_YsOX7DDkRIA-FtYIrL60,0.8474424905405948,0.36228882606819135,4.5,0.999742877483368,Mid-Range,Other
ChIJScfQWH77DDkRSkN5qnZY4gs,ChIJScfQWH77DDkRSkN5qnZY4gs,0.6388498855350331,0.46828252836723694,4.2,0.4002726587757933,Budget,Shahdara
ChIJJ_d6dAr7DDkRuT7Y-9pNcMA,ChIJJ_d6dAr7DDkRuT7Y-9pNcMA,0.8586387828225,0.10226961315734028,5.0,0.9998490810394288,Mid-Range,New Delhi
ChIJ8fp48rP7DDkRB1sioTWEZE8,ChIJ8fp48rP7DDkRB1sioTWEZE8,0.3681590918879493,0.2313194968117582,2.9,0.2514678287225251,Budget,Other
ChIJl0GK5hX5DDkRotk6Zj4Dd1M,ChIJl0GK5hX5DDkRotk6Zj4Dd1M,0.6649870606362499,0.3543615015642497,4.1,0.599810422968585,Budget,Other
ChIJ0fXfXH_7DDkREDM40klEACs,ChIJ0fXfXH_7DDkREDM40klEACs,0.8754201855246959,0.18114441303409567,5.0,0.9998651146888732,Mid-Range,New Delhi
ChIJTW2J7Yv7DDkRoaEMVYMmb-0,ChIJTW2J7Yv7DDkRoaEMVYMmb-0,0.5425249160887068,0.5431614438330373,3.4,0.3817679985513678,Mid-Range,Shahdara
ChIJYbCLDMP7DDkR1-R0n48fg2I,ChIJYbCLDMP7DDkR1-R0n48fg2I,0.5658319551190323,0.47417625665573304,4.6,0.000811157785938,Mid-Range,New Delhi
ChIJCyUAlnH7DDkRGOw37CO42EY,ChIJCyUAlnH7DDkRGOw37CO42EY,0.6913601103437981,0.4523990307935275,4.2,0.5754484696197324,Luxury,Shahdara
ChIJ02TzQUn7DDkRNflvIGixm0c,ChIJ02TzQUn7DDkRNflvIGixm0c,0.4240205061569243,0.2580997673088359,3.4,0.2003716835373779,Mid-Range,Shahdara
ChIJK4VQrrf7DDkRieHJtHdj6j0,ChIJK4VQrrf7DDkRieHJtHdj6j0,0.560595846100166,0.38859293279771673,4.1,0.2497881035160389,Mid-Range,Other
ChIJuzFfhHP9DDkRoWxD6RIlgzY,ChIJuzFfhHP9DDkRoWxD6RIlgzY,0.7198905091123879,0.2996445504991384,4.6,0.6000431333959568,Budget,Other
ChIJO4bEjrL7DDkR_Sj7Ag-P-Pk,ChIJO4bEjrL7DDkR_Sj7Ag-P-Pk,0.4822138820840551,0.40191416365647864,3.6,0.2035620335082057,Mid-Range,Shahdara
ChIJtQyatR79DDkR7JSqzaRjKzM,ChIJtQyatR79DDkR7JSqzaRjKzM,0.20323417258499438,0.20453922631468055,2.3,0.0023845579344196,Mid-Range,Other
ChIJVfDBDED7DDkRZxEYfTxUVsg,ChIJVfDBDED7DDkRZxEYfTxUVsg,0.6950719851742478,0.43234548302977444,4.2,0.6004519145470113,Mid-Range,Shahdara
ChIJSxK4WHb9DDkRfUCoVOoXhdo,ChIJSxK4WHb9DDkRfUCoVOoXhdo,0.48373085923500087,0.2143472170767782,3.2,0.5000281086977337,Luxury,Shahdara
ChIJyRN6s1z7DDkRXyz-nBjM_D8,ChIJyRN6s1z7DDkRXyz-nBjM_D8,0.7154114775536935,0.2918825720663544,4.1,0.7995121479441878,Mid-Range,Shahdara
ChIJu-J1KIL9DDkRr5qeJBYa8PM,ChIJu-J1KIL9DDkRr5qeJBYa8PM,0.4447341926458431,0.35640751389356334,3.4,0.1997576771100284,Budget,Other
ChIJx1vzJccJDTkRvrtlOzNNBDw,ChIJx1vzJccJDTkRvrtlOzNNBDw,0.9017942594296284,0.4932193759807653,4.7,0.9994814157485962,Mid-Range,Other
ChIJJUU734WpDTkReu71uFgc1lg,ChIJJUU734WpDTkReu71uFgc1lg,0.8689480011429451,0.3811417720613274,4.7,0.9712472796440124,Budget,Other
ChIJLXBHITYHDTkRXDo-83ErgJ0,ChIJLXBHITYHDTkRXDo-83ErgJ0,0.3814532286136827,0.2313194968117582,3.0,0.2514699912426294,Mid-Range,Other
ChIJc3tLO9gHDTkR-Yt8o7HV9V0,ChIJc3tLO9gHDTkR-Yt8o7HV9V0,0.5966881067666557,0.502513959600704,4.0,0.3286341511411592,Mid-Range,New Delhi
ChIJzVpPAUwHDTkRCd2U21g5PSs,ChIJzVpPAUwHDTkRCd2U21g5PSs,0.6817771144886379,0.4079220425584051,3.9,0.7000630785012618,Mid-Range,Rohini
ChIJpdaR5mQHDTkRNN_caaPvuOs,ChIJpdaR5mQHDTkRNN_caaPvuOs,0.5433367039141681,0.4384092885261062,4.0,0.2041472174052614,Mid-Range,Other
ChIJm98tDSYHDTkRa_L9K5npxF8,ChIJm98tDSYHDTkRa_L9K5npxF8,0.24247129825753524,0.20453922631468055,2.6,0.0003684809344122,Budget,Other
ChIJeXalCScHDTkRdVQT8zcdM2s,ChIJeXalCScHDTkRdVQT8zcdM2s,0.6733993704635072,0.5016676827397029,4.4,0.4029736480675637,Mid-Range,Rohini
ChIJb31uBhoHDTkRgNR0Ru405iE,ChIJb31uBhoHDTkRgNR0Ru405iE,0.359680670459346,0.379577200550308,3.2,0.0010547950339968,Budget,Rohini
ChIJNQkZiF4HDTkRBq76ILZTk7M,ChIJNQkZiF4HDTkRBq76ILZTk7M,0.6644016558983558,0.5749103329169135,4.7,0.2009429899044335,Mid-Range,New Delhi
ChIJu3tzx0EHDTkRNcc5Qf8-vLI,ChIJu3tzx0EHDTkRNcc5Qf8-vLI,0.6911374624668677,0.06452494182720897,5.0,0.5,Mid-Range,Rohini
ChIJN6VWM40HDTkRhpq1Mo1G1UM,ChIJN6VWM40HDTkRhpq1Mo1G1UM,0.6974810743879791,0.24566935486130465,4.2,0.7324536591768265,Budget,Other
ChIJuS9QqWoHDTkRK828ZAauYDE,ChIJuS9QqWoHDTkRK828ZAauYDE,0.5775216022478459,0.5889000751843347,4.5,0.0026350335334427,Mid-Range,New Delhi
ChIJ148ArrIHDTkRLtH_2Sfx9TM,ChIJ148ArrIHDTkRLtH_2Sfx9TM,0.3640651565082098,0.4632832163578625,3.1,0.0006600810156669,Budget,Rohini
ChIJYbxMPKkHDTkRon3sfcme-3w,ChIJYbxMPKkHDTkRon3sfcme-3w,0.4264751970072699,0.4433098838628281,3.6,0.0012588643818161,Mid-Range,Rohini
ChIJWVTdOtkGDTkRqhpoxf-FT6A,ChIJWVTdOtkGDTkRqhpoxf-FT6A,0.48811110460619944,0.5595877406915236,3.4,0.2002637642610352,Mid-Range,Rohini
ChIJ2UWUkp4HDTkRBo8KrLlPKjU,ChIJ2UWUkp4HDTkRBo8KrLlPKjU,0.5812282740155137,0.5751036659325894,3.6,0.3984507444285555,Budget,Other
ChIJv7HZjfwHDTkRsAY2J5m3BfQ,ChIJv7HZjfwHDTkRsAY2J5m3BfQ,0.5706935645578403,0.4268137678954004,3.6,0.464290931134019,Mid-Range,Rohini
ChIJBb2AhdMHDTkRiuP5pxgamCA,ChIJBb2AhdMHDTkRiuP5pxgamCA,0.29498113959010724,0.32548923710511923,2.8,0.0009874175768344,Budget,Other
ChIJIx-vIgAHDTkRbubTc7FHDgU,ChIJIx-vIgAHDTkRbubTc7FHDgU,0.7919355014881655,0.3433971007311961,4.6,0.7966908946167678,Budget,Rohini
ChIJcYHejWQHDTkRoCglvFFeLcc,ChIJcYHejWQHDTkRoCglvFFeLcc,0.5056342875672222,0.46705764472674444,3.2,0.4002080803853459,Budget,Rohini
ChIJhZ5e-RYHDTkRUj9TQ7kXtYA,ChIJhZ5e-RYHDTkRUj9TQ7kXtYA,0.886090318816393,0.2313194968117582,5.0,0.9998592734336852,Mid-Range,Rohini
ChIJZ15qheAHDTkRTBlaPob9Hjs,ChIJZ15qheAHDTkRTBlaPob9Hjs,0.36295705740343226,0.45800010724069096,3.1,0.0007089540129526,Mid-Range,Rohini
ChIJA9WYaIEHDTkRTK-Lo25SbTA,ChIJA9WYaIEHDTkRTK-Lo25SbTA,0.6009351814401401,0.4031471593455658,4.5,0.1998572821845299,Mid-Range,Other
ChIJ67eVkr8GDTkRVc10q3eNuvE,ChIJ67eVkr8GDTkRVc10q3eNuvE,0.7891308667414444,0.32548923710511923,4.6,0.7998386892431881,Mid-Range,New Delhi
ChIJUc57VzMHDTkRg3Uh88w6Gbk,ChIJUc57VzMHDTkRg3Uh88w6Gbk,0.6683775985322055,0.28774456577498797,4.2,0.6131822689902038,Mid-Range,New Delhi
ChIJQXI7f_gHDTkRunuuBt6reZg,ChIJQXI7f_gHDTkRunuuBt6reZg,0.8305706262023616,0.223219623947779,4.6,0.9979062378406524,Budget,Other
ChIJ29BUF9oDDTkR6mXGVvaeoQs,ChIJ29BUF9oDDTkR6mXGVvaeoQs,0.8488246775038735,0.18114441303409567,4.8,0.99983811378479,Mid-Range,Rohini
ChIJ09LJrqwHDTkR6EUOtQ_cFqg,ChIJ09LJrqwHDTkR6EUOtQ_cFqg,0.7495743327253099,0.26374330205255647,4.4,0.8003509102854878,Mid-Range,New Delhi
ChIJ83zzx1sHDTkRI1NK8xauAC4,ChIJ83zzx1sHDTkRI1NK8xauAC4,0.36558412115488376,0.4079220425584051,3.2,0.0006618705781874,Mid-Range,Rohini
ChIJaWnPPIYFDTkR5G99LKfy-d0,ChIJaWnPPIYFDTkR5G99LKfy-d0,0.8487180333746995,0.18114441303409567,4.8,0.9995038509368896,Mid-Range,Rohini
ChIJIaLpK2UHDTkRbIISKFozkdo,ChIJIaLpK2UHDTkRbIISKFozkdo,0.7574474442527904,0.23877065754814755,4.5,0.8000099687138572,Mid-Range,Rohini
ChIJXeSnHXIHDTkRprqwYbtYCHg,ChIJXeSnHXIHDTkRprqwYbtYCHg,0.8651944955635303,0.2580997673088359,4.8,0.9998437166213988,Mid-Range,Other
ChIJ5V5eFuAHDTkR47MCn7ul_ww,ChIJ5V5eFuAHDTkR47MCn7ul_ww,0.6323270817804603,0.3068088394720208,4.2,0.4874768621753901,Mid-Range,Rohini
ChIJixLvaq8HDTkR3a-ToyPGxt8,ChIJixLvaq8HDTkR3a-ToyPGxt8,0.612576586801471,0.4102206732614377,4.1,0.3982968198135495,Mid-Range,Rohini
ChIJA4OXYoEHDTkROFZ398gVHHU,ChIJA4OXYoEHDTkROFZ398gVHHU,0.335176298370628,0.38859293279771673,3.0,0.0015717132017015,Budget,Other
ChIJf6e9W1IDDTkRjU22Y7Hx3lU,ChIJf6e9W1IDDTkRjU22Y7Hx3lU,0.3177621138430512,0.24566935486130465,3.1,0.0006048218019713,Budget,Rohini
ChIJu8LlD5oGDTkRwBIgoNVPNuU,ChIJu8LlD5oGDTkRwBIgoNVPNuU,0.4952766968465181,0.46705764472674444,3.6,0.2010768251988338,Mid-Range,Rohini
ChIJ_RV61HsHDTkRAWWXg1KJw4k,ChIJ_RV61HsHDTkRAWWXg1KJw4k,0.4685031186673049,0.358409522528563,3.1,0.3979237668478162,Budget,Rohini
ChIJD-_OOykHDTkRfcnV8lQwHtg,ChIJD-_OOykHDTkRfcnV8lQwHtg,0.6894570562664223,0.24566935486130465,4.1,0.7489700323421857,Budget,Rohini
ChIJdc7B-KMHDTkRNozX6LADra0,ChIJdc7B-KMHDTkRNozX6LADra0,0.36755132843343785,0.34793896801864493,3.3,0.0051498884538886,Mid-Range,Other
ChIJIVrBSmUHDTkR9fGMGA5NuAA,ChIJIVrBSmUHDTkR9fGMGA5NuAA,0.5688175414912469,0.3641694923263474,3.8,0.4168402856448665,Budget,Other
ChIJoYZHA4UHDTkR0NeUuFoc3XQ,ChIJoYZHA4UHDTkR0NeUuFoc3XQ,0.7341738439751722,0.20453922631468055,3.9,0.999882698059082,Mid-Range,New Delhi
ChIJxZnWx8oHDTkRUkMD7g_KF04,ChIJxZnWx8oHDTkRUkMD7g_KF04,0.7151872045018628,0.3309666882836649,4.5,0.606086447625421,Budget,Rohini
ChIJ78gy8y4HDTkRHZp1SwDEWHo,ChIJ78gy8y4HDTkRHZp1SwDEWHo,0.22264734366462935,0.358409522528563,2.2,0.0023192135384305,Mid-Range,Rohini
ChIJo0kq50oDDTkRW31gcMJK4TY,ChIJo0kq50oDDTkRW31gcMJK4TY,0.7495877655018156,0.4559389939601579,4.1,0.7972625523922033,Budget,Rohini
ChIJQ5QKh-cBDTkRdH8g2foHdjc,ChIJQ5QKh-cBDTkRdH8g2foHdjc,0.8192293399147499,0.5293994757998772,4.5,0.7999051425256767,Budget,Rohini
ChIJM3l9UZoBDTkR2_ot_oWf6eg,ChIJM3l9UZoBDTkR2_ot_oWf6eg,0.6849734744076863,0.4332363014410051,4.6,0.4015388345287647,Mid-Range,New Delhi
ChIJ44xy620HDTkRZkVQGauKZBI,ChIJ44xy620HDTkRZkVQGauKZBI,0.8252441138870042,0.2580997673088359,4.5,0.9996241807937624,Budget,Other
ChIJXaRnw_8BDTkREb1cB8_n2Xs,ChIJXaRnw_8BDTkREb1cB8_n2Xs,0.4730602022866345,0.5499823393751904,3.3,0.2011588378984015,Mid-Range,Other
ChIJDYSnz5QBDTkRX_zVDWiJhWI,ChIJDYSnz5QBDTkRX_zVDWiJhWI,0.6983692731903749,0.5463717555348572,4.5,0.4097693414776586,Mid-Range,Other
ChIJyUXaansBDTkRKVNqN84YfWs,ChIJyUXaansBDTkRKVNqN84YfWs,0.7206100064157193,0.5492203448319317,3.8,0.769247779250145,Mid-Range,New Delhi
ChIJUXyGwzsBDTkRpCTgSan0Boc,ChIJUXyGwzsBDTkRpCTgSan0Boc,0.6236933226090353,0.18114441303409567,4.3,0.5025250283069908,Mid-Range,Rohini
ChIJ74P05McBDTkRI1DrZsSufxA,ChIJ74P05McBDTkRI1DrZsSufxA,0.6693566641452817,0.1498222752495692,3.5,0.9998658895492554,Budget,Rohini
ChIJp4vc-_IHDTkRb_HfVWOCbec,ChIJp4vc-_IHDTkRb_HfVWOCbec,0.6679633512288601,0.3309666882836649,4.0,0.6664024469888924,Budget,Rohini
ChIJdad-SAQBDTkR6-Y1PIrL3Tk,ChIJdad-SAQBDTkR6-Y1PIrL3Tk,0.270555022979174,0.2740972756911478,2.7,0.0003547469794284,Mid-Range,Rohini
ChIJpX4ZcV4DDTkRd-eCiR8vt7E,ChIJpX4ZcV4DDTkRd-eCiR8vt7E,0.5287909567535894,0.48596195061833514,3.7,0.2518535952083766,Budget,Rohini
ChIJ1d-ok2QBDTkRPEamr4ALHlY,ChIJ1d-ok2QBDTkRPEamr4ALHlY,0.8506232819470962,0.2520918884069095,4.7,0.9998439669609068,Mid-Range,Rohini
ChIJyd_rr2UBDTkRjfnsPvF7feY,ChIJyd_rr2UBDTkRjfnsPvF7feY,0.37258220571411854,0.12904988365441794,3.7,0.0001779413432814,Mid-Range,New Delhi
ChIJ0_UDiGcBDTkRZ9S_7mx5PVs,ChIJ0_UDiGcBDTkRZ9S_7mx5PVs,0.6991655709454542,0.10226961315734028,5.0,0.5,Budget,Rohini
ChIJD28IYhABDTkR33cJ9vppB2M,ChIJD28IYhABDTkR33cJ9vppB2M,0.5755104691641685,0.5309640473108966,4.1,0.2016220705903833,Budget,Rohini
ChIJv9Wh8n8BDTkRiFIlyqavyjg,ChIJv9Wh8n8BDTkRiFIlyqavyjg,0.7575249646657851,0.4758739902810327,4.6,0.6005173917161301,Budget,Rohini
ChIJz2Og6PoBDTkRAgZCmM4Axi0,ChIJz2Og6PoBDTkRAgZCmM4Axi0,0.5543222758742095,0.0,4.07404718693285,0.5,Mid-Range,Rohini
ChIJiZo7fRYBDTkRiTXIZN7ndcM,ChIJiZo7fRYBDTkRiTXIZN7ndcM,0.7702320786166529,0.42489432229338514,4.3,0.799332715861965,Budget,Delhi
ChIJ5-GnwuYBDTkRenzp2BlV9aY,ChIJ5-GnwuYBDTkRenzp2BlV9aY,0.23456792957161107,0.16679455498454923,2.6,0.0007594624039483,Mid-Range,Rohini
ChIJeW9TomIBDTkRLs8ZjvIZbhY,ChIJeW9TomIBDTkRLs8ZjvIZbhY,0.6759645826742176,0.2313194968117582,3.9,0.7995794461166952,Mid-Range,Rohini
ChIJr1JJFiEBDTkRFzuMhRJDDho,ChIJr1JJFiEBDTkRFzuMhRJDDho,0.7696372464409617,0.2958444386389672,4.6,0.7585015436634421,Budget,Rohini
ChIJ91XVqDABDTkRs5l8m4h51Dk,ChIJ91XVqDABDTkRs5l8m4h51Dk,0.45488951213887086,0.3410402707054878,3.5,0.2001664335810346,Mid-Range,New Delhi
ChIJW6e21DgADTkRH8BsMhBw3jQ,ChIJW6e21DgADTkRH8BsMhBw3jQ,0.6709087834434018,0.5570435128902238,4.3,0.3999166573106777,Mid-Range,Other
ChIJtYXzFm4BDTkRW6GmXG4mNII,ChIJtYXzFm4BDTkRW6GmXG4mNII,0.8087163392868826,0.2918825720663544,4.8,0.8002980433404445,Mid-Range,Other
ChIJ3xHFu-8BDTkRniKPVpPnnZA,ChIJ3xHFu-8BDTkRniKPVpPnnZA,0.787509881229938,0.3433971007311961,4.1,0.9911526679992676,Mid-Range,Other
ChIJO4HVEPUBDTkRn0LyWHtKEs8,ChIJO4HVEPUBDTkRn0LyWHtKEs8,0.5194581812268257,0.4600165719380828,3.3,0.406564749093377,Mid-Range,Other
ChIJmY1WY2gBDTkRsmGgG-zn_90,ChIJmY1WY2gBDTkRsmGgG-zn_90,0.7600528639331724,0.2520918884069095,4.5,0.7992955142515712,Budget,Other
ChIJtX7UPNYBDTkR6aBBviY-pB4,ChIJtX7UPNYBDTkR6aBBviY-pB4,0.3754275601989003,0.27887215890398714,3.0,0.2008815032895654,Mid-Range,Other
ChIJG6IcrxkBDTkRkey4OvsU8RA,ChIJG6IcrxkBDTkRkey4OvsU8RA,0.5361162515057312,0.3968120751380856,4.5,0.0009137436165474,Mid-Range,Other
ChIJ4x53ez8BDTkR5CIlTSFHw1g,ChIJ4x53ez8BDTkR5CIlTSFHw1g,0.34089386149368256,0.31966922872828646,2.2,0.3987751778331585,Budget,Other
ChIJdXj1neQBDTkRe6C6ogZuxoU,ChIJdXj1neQBDTkRe6C6ogZuxoU,0.7020913791388937,0.4031471593455658,4.3,0.6002522201975807,Budget,Other
ChIJPxKs_owBDTkRpqyMziMelqc,ChIJPxKs_owBDTkRpqyMziMelqc,0.855085359736228,0.39811405179630743,4.5,0.999815022945404,Budget,New Delhi
ChIJMVA5uh0BDTkRYl-pVgvlkPc,ChIJMVA5uh0BDTkRYl-pVgvlkPc,0.7148657149645978,0.3386222175183568,4.5,0.5999750922317616,Mid-Range,Other
ChIJvfDCaMerDTkRij3h8iw-1bM,ChIJvfDCaMerDTkRij3h8iw-1bM,0.881767351816886,0.8359859901761932,4.0,0.9998651385307312,Luxury,New Delhi
ChIJzXc9YhUBDTkRsWv66_fqyqA,ChIJzXc9YhUBDTkRsWv66_fqyqA,0.6501069857348362,0.3968120751380856,4.4,0.3998702841170597,Mid-Range,Other
ChIJeVadFNoBDTkRI6lS8QVv_7k,ChIJeVadFNoBDTkRI6lS8QVv_7k,0.42258275492293584,0.23877065754814755,3.9,0.0004179697571089,Mid-Range,Other
ChIJ5ywskdUBDTkReNdCgxAYPJI,ChIJ5ywskdUBDTkReNdCgxAYPJI,0.449237276998126,0.26374330205255647,3.1,0.4006481799209723,Mid-Range,Other
ChIJYZTxSwEBDTkRT9D2NJmj2bE,ChIJYZTxSwEBDTkRT9D2NJmj2bE,0.4661898059944542,0.1935748254816269,4.3,0.0005627720966003,Budget,Other
ChIJO-1YhaoBDTkRSjyr7WIIzG4,ChIJO-1YhaoBDTkRSjyr7WIIzG4,0.6390099486492266,0.24566935486130465,3.6,0.7991831391700543,Mid-Range,Other
ChIJ7fuzuzgBDTkRPKEENDxBLpw,ChIJ7fuzuzgBDTkRPKEENDxBLpw,0.6673416210220754,0.42391955094071704,4.0,0.6024851353606209,Mid-Range,Other
ChIJYY6UxeYBDTkRtEgy5tQBGbA,ChIJYY6UxeYBDTkRtEgy5tQBGbA,0.5833214228147193,0.5821677582793436,3.6,0.4003020658507011,Budget,Other
ChIJZfR22t4DDTkRGeZis44ky1o,ChIJZfR22t4DDTkRGeZis44ky1o,0.7796430984455078,0.7857070843942369,3.8,0.7966218867950374,Mid-Range,New Delhi
ChIJgzemOSMBDTkRxeLIHSnwjds,ChIJgzemOSMBDTkRxeLIHSnwjds,0.6110035832490279,0.2918825720663544,4.0,0.5139251686399803,Mid-Range,Other
ChIJuwnUayoBDTkR7f2EijQM9g8,ChIJuwnUayoBDTkR7f2EijQM9g8,0.3744282029521526,0.33358910996909846,2.9,0.2029378407518379,Budget,Other
ChIJQYtC9bIBDTkRtzYGNORyATo,ChIJQYtC9bIBDTkRtzYGNORyATo,0.25116218469737267,0.3068088394720208,2.5,0.0010959153551084,Mid-Range,Other
ChIJIaV9XGr_DDkR-mZh2s1Gu3g,ChIJIaV9XGr_DDkR-mZh2s1Gu3g,0.7542971240285342,0.4113490484538237,4.2,0.8000834185630084,Budget,Burari
ChIJzw_MWG0BDTkRVR_jgo6c2JM,ChIJzw_MWG0BDTkRVR_jgo6c2JM,0.15378999691290426,0.223219623947779,1.9,0.0016209659515879,Budget,Other
ChIJFU3egYQBDTkRy8oUiTdxJ8g,ChIJFU3egYQBDTkRy8oUiTdxJ8g,0.5155442993550773,0.23877065754814755,3.4,0.5001277794872294,Mid-Range,Other
ChIJdbSUpfABDTkRYe0f9XoVlwQ,ChIJdbSUpfABDTkRYe0f9XoVlwQ,0.6911374624668677,0.06452494182720897,5.0,0.5,Budget,Other
ChIJaQpZ9tsdDTkRt-gxwpbrYSw,ChIJaQpZ9tsdDTkRt-gxwpbrYSw,0.4526813829089647,0.2143472170767782,3.6,0.236040694391704,Budget,Other
ChIJJ3-uAo0BDTkRkOIZi70cb_4,ChIJJ3-uAo0BDTkRkOIZi70cb_4,0.5006833318646212,0.5781436034383729,3.8,0.0606326155771966,Mid-Range,Other
ChIJJ2zoZIoBDTkRM3l0by4TH_M,ChIJJ2zoZIoBDTkRM3l0by4TH_M,0.5543222758742095,0.0,4.07404718693285,0.5,Mid-Range,Other
ChIJzbs7X9MBDTkR6P5MilgrDH8,ChIJzbs7X9MBDTkR6P5MilgrDH8,0.3171690020647014,0.1935748254816269,2.7,0.2001421391265467,Budget,Other
ChIJiWLtVqP_DDkRLHUVE9GVOMo,ChIJiWLtVqP_DDkRLHUVE9GVOMo,0.8662012459072354,0.1498222752495692,5.0,0.9918509125709534,Mid-Range,Burari
ChIJd877ErcBDTkRSFMpmZaG98k,ChIJd877ErcBDTkRSFMpmZaG98k,0.6908990908393572,0.4593492585888129,4.1,0.6110366424079985,Luxury,Other
ChIJ_cETkuP_DDkRhX8mgtJsk20,ChIJ_cETkuP_DDkRhX8mgtJsk20,0.5670191119588616,0.3309666882836649,3.4,0.6000051998184063,Budget,Burari
ChIJtf6bT0X_DDkRyAZLrwRyr58,ChIJtf6bT0X_DDkRyAZLrwRyr58,0.8594195894599032,0.2690641681418895,4.8,0.9744333863258362,Budget,New Delhi
ChIJm9DdoT8BDTkRN9g6WdwXbcg,ChIJm9DdoT8BDTkRN9g6WdwXbcg,0.5543222758742095,0.0,4.07404718693285,0.5,Mid-Range,Rohini
ChIJEeFFoyMBDTkR3or3ygSY_fU,ChIJEeFFoyMBDTkR3or3ygSY_fU,0.6911374624668677,0.06452494182720897,5.0,0.5,Budget,Other
ChIJr2pE1N8BDTkR_szajQiBDpA,ChIJr2pE1N8BDTkR_szajQiBDpA,0.8273416919570621,0.44251082476271125,4.7,0.7999247418134473,Mid-Range,Other
ChIJZ03D9-X_DDkRDe5lPjcYyWg,ChIJZ03D9-X_DDkRDe5lPjcYyWg,0.728082826050638,0.5541863122314439,3.3,0.9976930975914,Mid-Range,Other
ChIJMzNKkUYBDTkRBzsD5Gov384,ChIJMzNKkUYBDTkRBzsD5Gov384,0.5541770777095365,0.3811417720613274,3.7,0.4013033741386607,Budget,Other
ChIJPWbQh00BDTkRxexTLzPCrVw,ChIJPWbQh00BDTkRxexTLzPCrVw,0.48400101453683414,0.47127602789481643,3.5,0.2045890032371971,Luxury,Other
ChIJ61WTkQ8BDTkROsXSSW6I5SQ,ChIJ61WTkQ8BDTkROsXSSW6I5SQ,0.7067590979943608,0.41246390984585385,4.8,0.4003381079586688,Mid-Range,Other
ChIJO5LQI-XjDDkRitHWBr5ZqXU,ChIJO5LQI-XjDDkRitHWBr5ZqXU,0.4009196842609369,0.1935748254816269,2.6,0.5043149724369869,Budget,Other
ChIJq3VR8w3_DDkRPICGVj8ny_I,ChIJq3VR8w3_DDkRPICGVj8ny_I,0.690005233066093,0.24566935486130465,4.1,0.7506882247980684,Mid-Range,Other
ChIJxTh6dqD_DDkRcDRMltyZr8E,ChIJxTh6dqD_DDkRcDRMltyZr8E,0.9131046098398986,0.720657918709653,4.9,0.799973283323925,Mid-Range,Loni
ChIJk8P9dub_DDkRontArtZB6bw,ChIJk8P9dub_DDkRontArtZB6bw,0.8135916927298612,0.4400716508009945,4.6,0.8001198505749926,Mid-Range,Loni
ChIJ_y1TYvz9DDkRN-aFtSMAKCs,ChIJ_y1TYvz9DDkRN-aFtSMAKCs,0.40244925575171253,0.6434132677461541,3.1,0.0008835971326333,Budget,Other
ChIJ8RAL_OL_DDkRfkpERnh9Ujo,ChIJ8RAL_OL_DDkRfkpERnh9Ujo,0.3263107502453604,0.4730269851004501,2.8,0.0008277129993075,Mid-Range,Burari
ChIJNctazSv_DDkRSNHmM1PkiAA,ChIJNctazSv_DDkRSNHmM1PkiAA,0.885607955589456,0.3543615015642497,4.8,0.9996526956558228,Mid-Range,Other
ChIJLynd9bf_DDkR0EYotNf77BE,ChIJLynd9bf_DDkR0EYotNf77BE,0.7114284125791887,0.2740972756911478,4.1,0.798884587106295,Mid-Range,Other
ChIJE9OYdkHlDDkR8960E_5cjco,ChIJE9OYdkHlDDkR8960E_5cjco,0.8595879405355258,0.1935748254816269,4.9,0.9836206237475076,Mid-Range,Other
ChIJnz7FD6b9DDkRAwrb4dvt8Xw,ChIJnz7FD6b9DDkRAwrb4dvt8Xw,0.6547025171167585,0.20453922631468055,4.5,0.500789642042946,Mid-Range,Other
ChIJFRvwjdj7DDkRxXDEolyF2gc,ChIJFRvwjdj7DDkRxXDEolyF2gc,0.739257839007032,0.35226950760219694,4.3,0.7506643315427937,Budget,Other
ChIJoxaOpRD_DDkR2BsvcBL4zdw,ChIJoxaOpRD_DDkR2BsvcBL4zdw,0.7057220130380022,0.2580997673088359,4.2,0.7499969216441968,Budget,Other
ChIJf3Hgsir9DDkRm76px0vVAt4,ChIJf3Hgsir9DDkRm76px0vVAt4,0.5430827336434253,0.358409522528563,3.7,0.3816843562992288,Budget,Other
ChIJVee69IHnDDkRFJKRVfqe5nw,ChIJVee69IHnDDkRFJKRVfqe5nw,0.6780172607710799,0.31346094110829337,4.1,0.6679190158223113,Mid-Range,New Delhi
ChIJPwDEgOH9DDkRVZXlK8nS0nw,ChIJPwDEgOH9DDkRVZXlK8nS0nw,0.8443596569133235,0.4102206732614377,4.4,0.999792218208313,Mid-Range,Other
ChIJedUlZhz_DDkRt5q5eHsolr0,ChIJedUlZhz_DDkRt5q5eHsolr0,0.8687183364054486,0.1498222752495692,5.0,0.9997404217720032,Mid-Range,Burari
ChIJf9JJIkX_DDkRaznuubwpzmU,ChIJf9JJIkX_DDkRaznuubwpzmU,0.61991682079483,0.358409522528563,3.4,0.7475113102627802,Budget,Other
ChIJseEZVyP_DDkRRmC3cXvC9uQ,ChIJseEZVyP_DDkRRmC3cXvC9uQ,0.572393437420728,0.1935748254816269,3.9,0.5001116008934331,Budget,Burari
ChIJk1V_b6MdDTkREBke9zUcepg,ChIJk1V_b6MdDTkREBke9zUcepg,0.36948687188582147,0.23877065754814755,3.5,0.0006621505987519,Mid-Range,Other
ChIJ-wj47an9DDkRHSkcTjVxnn0,ChIJ-wj47an9DDkRHSkcTjVxnn0,0.832919121696186,0.2313194968117582,4.6,0.9998673915863036,Mid-Range,New Delhi
ChIJ6ztvUg3-DDkRLVhUcMEzffQ,ChIJ6ztvUg3-DDkRLVhUcMEzffQ,0.459205202097131,0.41784632292161916,3.4,0.2041560624435077,Budget,Other
ChIJu32QGTP_DDkRokwZ4k-ZmZ8,ChIJu32QGTP_DDkRokwZ4k-ZmZ8,0.5007496430773598,0.3856836393487762,3.5,0.3141471026077245,Mid-Range,New Delhi
ChIJjSsoDJj7DDkRUNvExHCukF8,ChIJjSsoDJj7DDkRUNvExHCukF8,0.4539355476975315,0.32262470913604485,4.0,0.0011200576069919,Budget,Other
ChIJE7CtJRT9DDkR9LyAsvfENVs,ChIJE7CtJRT9DDkR9LyAsvfENVs,0.8237924526369619,0.31346094110829337,4.4,0.999833345413208,Mid-Range,Other
ChIJwZWDKw39DDkR1zt1pmv8KD4,ChIJwZWDKw39DDkR1zt1pmv8KD4,0.6552764819642104,0.20453922631468055,4.5,0.5025886639486997,Mid-Range,Other
ChIJVzbidAD_DDkRv-MDCrl-Ka0,ChIJVzbidAD_DDkRv-MDCrl-Ka0,0.4453019174366503,0.26374330205255647,3.1,0.3883132815564749,Budget,Burari
ChIJgVaLtj38DDkR9GuM4URH1aM,ChIJgVaLtj38DDkR9GuM4URH1aM,0.7573554481285022,0.37636688884848807,3.8,0.9996574640274049,Budget,Other
ChIJ48_OUif9DDkR9L9PyvviY4s,ChIJ48_OUif9DDkR9L9PyvviY4s,0.6306965789040658,0.4922837920896685,4.1,0.4003829505993053,Budget,Other
ChIJi16N4ZT7DDkRVvNyN9qevRM,ChIJi16N4ZT7DDkRVvNyN9qevRM,0.5058255222310516,0.2143472170767782,3.6,0.402614433580311,Budget,Other
ChIJacydQs0BDTkRlTfsjoQdjLA,ChIJacydQs0BDTkRlTfsjoQdjLA,0.6841041933312737,0.39415218522369466,3.7,0.7998702578654047,Mid-Range,Burari
ChIJcU_DX6j_DDkRgq0yuWNNbMg,ChIJcU_DX6j_DDkRgq0yuWNNbMg,0.6823590517345822,0.43585872312643875,4.1,0.5999293018598109,Budget,Burari
ChIJI-7G1TX9DDkR6Whnu2m6VrM,ChIJI-7G1TX9DDkR6Whnu2m6VrM,0.7800290023801246,0.28341402619143596,4.6,0.7993601604714058,Budget,New Delhi
ChIJRxl2lZz9DDkRGh5PhQDS_SA,ChIJRxl2lZz9DDkRGh5PhQDS_SA,0.5408770421401596,0.379577200550308,3.6,0.4023257700959221,Budget,Other
ChIJp0F4aBb8DDkRmpcKMi9qmR0,ChIJp0F4aBb8DDkRmpcKMi9qmR0,0.664981264190913,0.12904988365441794,4.7,0.5,Budget,Other
ChIJWxj8Q9_7DDkRST6AVsW1Emg,ChIJWxj8Q9_7DDkRST6AVsW1Emg,0.7128897130377921,0.16679455498454923,5.0,0.5,Mid-Range,Other
ChIJO4dvLpr9DDkRXrQkso5NLj4,ChIJO4dvLpr9DDkRXrQkso5NLj4,0.7572615103938743,0.1935748254816269,4.1,0.9962244033813475,Budget,Other
ChIJN5fZNLn7DDkRY8ODIpzubIY,ChIJN5fZNLn7DDkRY8ODIpzubIY,0.3269718680080398,0.2690641681418895,3.1,0.0138751162565312,Budget,Delhi
ChIJJbbr8_T_DDkR-ofOseudRO4,ChIJJbbr8_T_DDkR-ofOseudRO4,0.41359335841272454,0.3927931857069744,3.1,0.2028934648551512,Mid-Range,Loni
ChIJL7zi_d79DDkRJqh5RcB-sVU,ChIJL7zi_d79DDkRJqh5RcB-sVU,0.7912877629907229,0.223219623947779,4.3,0.9997789561748504,Mid-Range,New Delhi
ChIJVcq7PHb_DDkRvXTkH3L2FNM,ChIJVcq7PHb_DDkRvXTkH3L2FNM,0.7026505561767931,0.4286944341535564,4.1,0.6683067083358765,Mid-Range,Loni
ChIJAzDQxXn9DDkRYPf3fWJwA8M,ChIJAzDQxXn9DDkRYPf3fWJwA8M,0.7823667996393784,0.18114441303409567,4.3,0.9998674392700196,Mid-Range,Other
ChIJE3OAKsb7DDkR9ddf6PCweXI,ChIJE3OAKsb7DDkR9ddf6PCweXI,0.8633006650395436,0.12904988365441794,5.0,0.9966076612472534,Mid-Range,Other
ChIJeS1Ng48BDTkRzKyCcH8fBB8,ChIJeS1Ng48BDTkRzKyCcH8fBB8,0.4902854995056217,0.18114441303409567,3.7,0.3343746882164851,Mid-Range,Burari
ChIJsfgyfjn_DDkR9NEHIHnv5AY,ChIJsfgyfjn_DDkR9NEHIHnv5AY,0.4858658835728324,0.27887215890398714,3.4,0.3803701175020251,Mid-Range,Other
ChIJb75Ao-79DDkRsIlRbmeNhYw,ChIJb75Ao-79DDkRsIlRbmeNhYw,0.48335210432208764,0.2996445504991384,3.3,0.4003093926003203,Mid-Range,Other
ChIJEefgc975DDkRMtvbFpfSpBo,ChIJEefgc975DDkRMtvbFpfSpBo,0.8803617544328531,0.20453922631468055,5.0,0.9997573097546896,Mid-Range,New Delhi
ChIJC0pNFKb_DDkR6f4LYdcCE3w,ChIJC0pNFKb_DDkR6f4LYdcCE3w,0.505443524727589,0.3730418991973482,3.5,0.3372873215179425,Budget,Other
ChIJw8lJYrD5DDkRYxfhdw87qbM,ChIJw8lJYrD5DDkRYxfhdw87qbM,0.7996707944023393,0.45094447286268013,4.0,0.9992379665374757,Budget,Loni
ChIJbTT-v875DDkRfg30l_AE0wg,ChIJbTT-v875DDkRfg30l_AE0wg,0.632515580811815,0.35226950760219694,3.5,0.7494272436815663,Mid-Range,Loni
ChIJm4g7keH_DDkR2jybDy6_HRQ,ChIJm4g7keH_DDkR2jybDy6_HRQ,0.6911374624668677,0.06452494182720897,5.0,0.5,Mid-Range,Other
ChIJk5n5hwb7DDkRRzu4ZFp60dg,ChIJk5n5hwb7DDkRRzu4ZFp60dg,0.43847878971883725,0.31346094110829337,3.9,0.0004486046285212,Mid-Range,Other
ChIJG2fuQYn7DDkRdUMU68JY8hM,ChIJG2fuQYn7DDkRdUMU68JY8hM,0.5430496430634713,0.23877065754814755,3.6,0.5030065479513723,Mid-Range,Other
ChIJFeqBDI37DDkRUctSZRKKlJs,ChIJFeqBDI37DDkRUctSZRKKlJs,0.5056569726741883,0.12904988365441794,4.7,0.0006176914321258,Mid-Range,Loni
ChIJKzAS1fPxDDkRIFxmqw8Crug,ChIJKzAS1fPxDDkRIFxmqw8Crug,0.5015948271813668,0.2313194968117582,3.7,0.3363723227909456,Mid-Range,Other
ChIJT0kDM8_7DDkRgnPVUAuR6fA,ChIJT0kDM8_7DDkRgnPVUAuR6fA,0.6991655709454542,0.10226961315734028,5.0,0.5,Mid-Range,Other
ChIJnd_wn9j5DDkRNKbthWouCeo,ChIJnd_wn9j5DDkRNKbthWouCeo,0.5001945644068978,0.16679455498454923,3.4,0.5,Budget,Loni
ChIJNd3Rgof7DDkRzKLLIAzxI6Y,ChIJNd3Rgof7DDkRzKLLIAzxI6Y,0.3963451746584041,0.3386222175183568,3.5,0.0182784758726483,Budget,Other
ChIJ1xyjNmH5DDkR74Qi8mkqu6Q,ChIJ1xyjNmH5DDkR74Qi8mkqu6Q,0.5561030497002961,0.36036938046617617,4.1,0.254521689802641,Budget,Other
ChIJR4Lniwz7DDkR5BZxf723LKk,ChIJR4Lniwz7DDkR5BZxf723LKk,0.46779165016102925,0.26374330205255647,3.6,0.2504712370282504,Mid-Range,Other
ChIJ378Q6gb5DDkR__M5xEp30pQ,ChIJ378Q6gb5DDkR__M5xEp30pQ,0.44708613482786336,0.16679455498454923,4.2,0.0002048552560154,Budget,Other
ChIJe921vQz7DDkRAdCP7xbNCEQ,ChIJe921vQz7DDkRAdCP7xbNCEQ,0.6679356347352703,0.3068088394720208,4.2,0.5990874722716398,Budget,Other
ChIJy5hATaX5DDkRHI_obBJnPGs,ChIJy5hATaX5DDkRHI_obBJnPGs,0.7132112730396113,0.2143472170767782,4.3,0.7609727820381522,Mid-Range,Other
ChIJb0yEFbr7DDkR1DMZ_Stt7uI,ChIJb0yEFbr7DDkR1DMZ_Stt7uI,0.5582029945725587,0.06452494182720897,4.0,0.5,Mid-Range,Other
ChIJJbQZ8ej5DDkRgU3unSid7-U,ChIJJbQZ8ej5DDkRgU3unSid7-U,0.5523199708085804,0.1498222752495692,3.8,0.5080288331955671,Budget,Loni
ChIJTXTyo_f9DDkRj2PdyIQw41c,ChIJTXTyo_f9DDkRj2PdyIQw41c,0.5497584300037848,0.1498222752495692,3.8,0.5,Budget,Other
ChIJW2SoYy_5DDkRo4lNAEzFY1I,ChIJW2SoYy_5DDkRo4lNAEzFY1I,0.570290062594249,0.3856836393487762,3.5,0.5321129564428702,Mid-Range,Loni
ChIJ10WgN8X_DDkRgi_2slwPS18,ChIJ10WgN8X_DDkRgi_2slwPS18,0.31542116243927665,0.2958444386389672,3.0,0.0014840096468105,Mid-Range,Other
ChIJH8ULB0b_DDkRKtTcs7p2nvc,ChIJH8ULB0b_DDkRKtTcs7p2nvc,0.5939094245289817,0.2313194968117582,4.0,0.5007210234762169,Budget,Delhi
ChIJVU6JSPD5DDkRQUOY5xnNBmo,ChIJVU6JSPD5DDkRQUOY5xnNBmo,0.2545215277462885,0.1935748254816269,2.7,0.0037813704499664,Budget,Loni
ChIJ28LE6QX5DDkRdi9KWWQZLDw,ChIJ28LE6QX5DDkRdi9KWWQZLDw,0.3340414274865854,0.1935748254816269,3.3,0.0030266721635901,Budget,Loni
ChIJlRIZ9jv_DDkRp05iJfLCywQ,ChIJlRIZ9jv_DDkRp05iJfLCywQ,0.5642758624618947,0.24566935486130465,3.5,0.6066050454573997,Mid-Range,Other
ChIJO8odiof5DDkR6sAEYgbTDzs,ChIJO8odiof5DDkR6sAEYgbTDzs,0.6991655709454542,0.10226961315734028,5.0,0.5,Mid-Range,Loni
ChIJ0Y_ckAb_DDkRb_zWS8vZuMs,ChIJ0Y_ckAb_DDkRb_zWS8vZuMs,0.8635244425875398,0.1935748254816269,4.9,0.9959591031074524,Mid-Range,Loni
ChIJacgOlAn7DDkRRMZnwujhhAE,ChIJacgOlAn7DDkRRMZnwujhhAE,0.642812557529801,0.1498222752495692,4.5,0.5,Budget,Other
ChIJEXvCGcb7DDkRYQ8mxzNzj5o,ChIJEXvCGcb7DDkRYQ8mxzNzj5o,0.2465460528283843,0.223219623947779,2.6,0.0006866973126306,Budget,Other
ChIJlQfy8_r5DDkRsSOPE7yCfw4,ChIJlQfy8_r5DDkRsSOPE7yCfw4,0.5349216931476038,0.4523990307935275,3.5,0.376778244250454,Budget,Loni
ChIJn8WQdx3_DDkRm_6nU6G55Bc,ChIJn8WQdx3_DDkRm_6nU6G55Bc,0.8506129943481501,0.06452494182720897,5.0,0.9998563528060912,Budget,Other
ChIJpReYhpb7DDkRSU_AvVk7Vwk,ChIJpReYhpb7DDkRSU_AvVk7Vwk,0.37266394028160266,0.12904988365441794,3.7,0.0004341282474342,Budget,Delhi
ChIJ8X5p4sGpDTkRAn5CHmb8CgM,ChIJ8X5p4sGpDTkRAn5CHmb8CgM,0.5982947753684293,0.27887215890398714,3.8,0.5660979225140181,Mid-Range,Other
ChIJGX1hmgGnDTkRwTt2J4U8sew,ChIJGX1hmgGnDTkRwTt2J4U8sew,0.6118074770331894,0.12904988365441794,4.3,0.5,Mid-Range,Other
ChIJMWavIwCpDTkRz9RcEhXzSA4,ChIJMWavIwCpDTkRz9RcEhXzSA4,0.6481395859579081,0.28774456577498797,3.6,0.7997487188142258,Mid-Range,Other
ChIJSdUxIfqpDTkRb6Y2Nt719Gs,ChIJSdUxIfqpDTkRb6Y2Nt719Gs,0.555118334248271,0.4188864433914587,3.6,0.4207571789214853,Budget,Other
ChIJP5TxuNIHDTkRFBc7GO5QuDQ,ChIJP5TxuNIHDTkRFBc7GO5QuDQ,0.5622095872046922,0.532807470194446,4.0,0.2003698173793964,Luxury,Rohini
ChIJlyMMChcHDTkRR-fZqsAQqLc,ChIJlyMMChcHDTkRR-fZqsAQqLc,0.4999989110688745,0.42193884188562675,3.7,0.2042905575159238,Luxury,Other
ChIJG-4XjU6pDTkRLwJSSpKCeZo,ChIJG-4XjU6pDTkRLwJSSpKCeZo,0.5341854776432413,0.5255335993212252,3.8,0.2007142886868678,Budget,Other
ChIJER_F-egHDTkRbHX8JGkVv2U,ChIJER_F-egHDTkRbHX8JGkVv2U,0.5247105456896304,0.1935748254816269,3.3,0.6006554675870575,Mid-Range,Other
ChIJzabjO74BDTkRpMz3VDvN2Aw,ChIJzabjO74BDTkRpMz3VDvN2Aw,0.5762126863828849,0.46705764472674444,4.2,0.2047606854321201,Budget,Other
ChIJcesj01GrDTkRrImwlYYttpM,ChIJcesj01GrDTkRrImwlYYttpM,0.8050979033999407,0.39811405179630743,4.6,0.8014688499271869,Mid-Range,Other
ChIJtfVFi38ADTkRXdDWAReIZ2o,ChIJtfVFi38ADTkRXdDWAReIZ2o,0.8915890571656999,0.7091815745661142,4.4,0.9485196709632874,Luxury,Other
ChIJP6tpxmiqDTkRK1TQg7pafpw,ChIJP6tpxmiqDTkRK1TQg7pafpw,0.8285679995659285,0.8232639122777773,4.1,0.7999330598366214,Luxury,New Delhi
ChIJczKllXuqDTkRLn-SdXvjeUs,ChIJczKllXuqDTkRLn-SdXvjeUs,0.755467149787964,0.7168611766774822,4.2,0.6000759676098824,Luxury,Other
ChIJJ9wSfkKqDTkRzfuvNoR76ds,ChIJJ9wSfkKqDTkRzfuvNoR76ds,0.7283163995280801,0.6371825970021334,4.1,0.6097610149532556,Luxury,Other
ChIJ1ykaSU0HDTkRaPYUsd4IX1w,ChIJ1ykaSU0HDTkRaPYUsd4IX1w,0.7711351466772408,0.12904988365441794,4.3,0.9993928968906404,Mid-Range,Other
ChIJ____b0MADTkRbiV2o9JWBTw,ChIJ____b0MADTkRbiV2o9JWBTw,0.6368179406758042,0.7082621615260032,4.2,0.2339173565385863,Mid-Range,Other
ChIJ13hb8gyrDTkRwoJ7oZSQY5g,ChIJ13hb8gyrDTkRwoJ7oZSQY5g,0.8202497371331238,0.5245415137652918,4.5,0.8063420929014683,Luxury,Other
ChIJVxkydJSrDTkRnG45rv9eC_g,ChIJVxkydJSrDTkRnG45rv9eC_g,0.9432448889322818,0.5625075640667904,4.9,0.9998778343200684,Mid-Range,Delhi
ChIJNZsccdYBDTkRmA2oyKRyE9A,ChIJNZsccdYBDTkRmA2oyKRyE9A,0.614549492313578,0.3543615015642497,4.2,0.4000534295366378,Mid-Range,Other
ChIJO_r_o_cADTkRGwll3ggET_I,ChIJO_r_o_cADTkRGwll3ggET_I,0.8621644755909535,0.6818354068029946,4.1,0.9995227336883544,Luxury,Burari
ChIJ1bSHNgLjDDkR4txUN5dzXiM,ChIJ1bSHNgLjDDkR4txUN5dzXiM,0.5999766071043026,0.26374330205255647,4.0,0.4981219875480747,Mid-Range,Other
ChIJQ_bOxt8BDTkRAmvBpYtyb_U,ChIJQ_bOxt8BDTkRAmvBpYtyb_U,0.4299607736227912,0.3968120751380856,3.7,0.0015158461523241,Mid-Range,Other
ChIJHaX0jFQADTkRvSmPOVLTtUc,ChIJHaX0jFQADTkRvSmPOVLTtUc,0.5267814579857596,0.16679455498454923,3.6,0.5,Mid-Range,New Delhi
ChIJmdW7GNgBDTkRKwUFKpM13zc,ChIJmdW7GNgBDTkRKwUFKpM13zc,0.6228877307024564,0.18114441303409567,4.3,0.5,Budget,Burari
ChIJ5xIjFAABDTkRPX5HONJzVLs,ChIJ5xIjFAABDTkRPX5HONJzVLs,0.6881907487371502,0.1498222752495692,4.8,0.5172323342412709,Budget,Other
ChIJFfwScQABDTkRJvSz1Bp0JRM,ChIJFfwScQABDTkRJvSz1Bp0JRM,0.8727923318547367,0.2313194968117582,4.9,0.9998450428247452,Budget,Other
ChIJP9_r8jEBDTkRXzwQK51rT14,ChIJP9_r8jEBDTkRXzwQK51rT14,0.3492741493809799,0.2690641681418895,3.3,0.0004455286252777,Budget,Other
ChIJI88zKgABDTkRTjxG8EH5ayY,ChIJI88zKgABDTkRTjxG8EH5ayY,0.5543222758742095,0.0,4.07404718693285,0.5,Mid-Range,Other
ChIJcyCyFDgBDTkRlbnFt0ewlWQ,ChIJcyCyFDgBDTkRlbnFt0ewlWQ,0.6963706710092374,0.1498222752495692,4.5,0.6678712900417546,Mid-Range,Burari
ChIJVUoo7YYADTkRzH-CkpoBxOM,ChIJVUoo7YYADTkRzH-CkpoBxOM,0.8012021534444732,0.6320888858967758,4.2,0.799941546912305,Mid-Range,Other
ChIJFyrcK3cBDTkRAplBTYJQlag,ChIJFyrcK3cBDTkRAplBTYJQlag,0.7263042617957643,0.2918825720663544,4.3,0.7503209011047147,Budget,Other
ChIJS-KftYABDTkRmu7Uh_Lzeqg,ChIJS-KftYABDTkRmu7Uh_Lzeqg,0.49604735554015333,0.3433971007311961,3.1,0.4942660556625923,Budget,Burari
ChIJry5bF2YBDTkRNPLEn2_bbOI,ChIJry5bF2YBDTkRNPLEn2_bbOI,0.3939495047493925,0.16679455498454923,3.8,0.0003213195304851,Budget,Burari
ChIJEXaERDFVDDkRSCbwxjjDzig,ChIJEXaERDFVDDkRSCbwxjjDzig,0.8440629083999442,0.3501294176361872,4.5,0.9972562670707704,Mid-Range,Other
ChIJidPBMyb_DDkRnxZAhIBYyYg,ChIJidPBMyb_DDkRnxZAhIBYyYg,0.5723578319678039,0.1935748254816269,3.9,0.5,Budget,Other
ChIJL5ffIAf5DDkRmJFyFnI0A6A,ChIJL5ffIAf5DDkRmJFyFnI0A6A,0.4467380743861585,0.35226950760219694,3.9,0.0004639343896997,Mid-Range,Other
ChIJ68pMy4ujDTkRfdLW8KShqPs,ChIJ68pMy4ujDTkRfdLW8KShqPs,0.8557976531000194,0.27887215890398714,4.7,0.9982088804244996,Mid-Range,Other
ChIJF-8tweCjDTkRAnd96BosDoo,ChIJF-8tweCjDTkRAnd96BosDoo,0.8045384247184157,0.223219623947779,4.4,0.9996448516845704,Budget,Other
ChIJs8OMODejDTkRKBAolDAcW9k,ChIJs8OMODejDTkRKBAolDAcW9k,0.5688307263166087,0.4487191123827044,3.7,0.4021818651468493,Budget,Other
ChIJMZRygAijDTkRpnV6jgoMkYA,ChIJMZRygAijDTkRpnV6jgoMkYA,0.8287221167237846,0.28341402619143596,4.5,0.9936493784189224,Mid-Range,Other
ChIJAZRhEZWjDTkRjOCGULUsIM0,ChIJAZRhEZWjDTkRjOCGULUsIM0,0.7666681934014418,0.4067510860676074,4.3,0.8002576487604529,Luxury,Other
ChIJxZIOo2ujDTkR_roeBy2RXLw,ChIJxZIOo2ujDTkR_roeBy2RXLw,0.8329018985171929,0.2313194968117582,4.6,0.9998134076595306,Budget,Other
ChIJkYU2YgKlDTkR9mZuA6BHMHU,ChIJkYU2YgKlDTkR9mZuA6BHMHU,0.1593995908896319,0.06452494182720897,1.0,0.5,Budget,Other
ChIJoVz4DZ2lDTkR10wvXvxoI6U,ChIJoVz4DZ2lDTkR10wvXvxoI6U,0.7248496812279522,0.223219623947779,3.8,0.9998703300952912,Budget,Other
ChIJb0ZxgdSpDTkRliL_cFrDh4Q,ChIJb0ZxgdSpDTkRliL_cFrDh4Q,0.807063193849764,0.43924418034293156,4.8,0.696875391015783,Mid-Range,Other
ChIJ24_GvcapDTkR2ADVFniKmic,ChIJ24_GvcapDTkR2ADVFniKmic,0.6826928978980937,0.1498222752495692,4.8,0.5,Budget,Other
ChIJV74mnnepDTkRmASnP8cOCy4,ChIJV74mnnepDTkRmASnP8cOCy4,0.694514190985298,0.2690641681418895,3.5,0.999224454164505,Budget,Other
ChIJC_BtMAmsDTkR0zDkFj0klCs,ChIJC_BtMAmsDTkR0zDkFj0klCs,0.7759173915364055,0.6380705828793656,4.0,0.8000351197784766,Mid-Range,Other
ChIJERGjA9qrDTkRDLW8qze8P0I,ChIJERGjA9qrDTkRDLW8qze8P0I,0.579018699120052,0.6050639639748128,3.5,0.4132182395318523,Mid-Range,Other
ChIJm5rPtlGrDTkR8sMpKe-1YS4,ChIJm5rPtlGrDTkR8sMpKe-1YS4,0.6723198459745348,0.45020858117598517,4.0,0.6005627462989651,Mid-Range,Other
ChIJNf0vlaKrDTkRaPkYfpVHJ70,ChIJNf0vlaKrDTkRaPkYfpVHJ70,0.7527480093025215,0.24566935486130465,4.0,0.989014372229576,Mid-Range,Other
ChIJ_SPfEQOrDTkRvvuzVUspwgQ,ChIJ_SPfEQOrDTkRvvuzVUspwgQ,0.45491453047504427,0.20453922631468055,3.4,0.3329122133921676,Budget,Other
ChIJOeYjR7WrDTkRgkC5GYzgCSc,ChIJOeYjR7WrDTkRgkC5GYzgCSc,0.5669033259077618,0.6119426613279428,3.9,0.2039916340494528,Luxury,Other
ChIJH9rmCoypDTkRE9KvTD1AIoA,ChIJH9rmCoypDTkRE9KvTD1AIoA,0.6370128704712212,0.42293446435577203,3.8,0.5914134713471867,Mid-Range,Other
ChIJHTk_xiSrDTkRuw-N0yZBD0I,ChIJHTk_xiSrDTkRuw-N0yZBD0I,0.3551223392604103,0.358409522528563,3.2,0.0008790543826762,Mid-Range,Other
ChIJe7gYHwCrDTkR_a-YZabtmog,ChIJe7gYHwCrDTkR_a-YZabtmog,0.7341045707399835,0.32262470913604485,4.6,0.6292752477806061,Mid-Range,Other
ChIJ66UarT6rDTkRyZa4JzJBuoY,ChIJ66UarT6rDTkRyZa4JzJBuoY,0.610862518224737,0.3433971007311961,4.0,0.4791399986388568,Mid-Range,Other
ChIJjU2t8HIBDTkRxUapQdDtARk,ChIJjU2t8HIBDTkRxUapQdDtARk,0.5130740204465486,0.23877065754814755,3.8,0.3257183287641965,Luxury,Other
ChIJj3OjmdKtDTkRvWh_wE1co6E,ChIJj3OjmdKtDTkRvWh_wE1co6E,0.5437119286703724,0.37636688884848807,3.6,0.4133515794994309,Budget,Other
ChIJr1OuS62pDTkRGQUhFaXynZY,ChIJr1OuS62pDTkRGQUhFaXynZY,0.3986299806276791,0.2313194968117582,2.5,0.5136417317189625,Budget,Other
ChIJm0ebk2OpDTkR1k5tqktw8bg,ChIJm0ebk2OpDTkR1k5tqktw8bg,0.4537293274489944,0.3968120751380856,3.4,0.2010154417133889,Budget,Other
ChIJpTozLlOrDTkRpgHOFA2GJwQ,ChIJpTozLlOrDTkRpgHOFA2GJwQ,0.35713773509518,0.18114441303409567,3.5,0.0003728033043444,Budget,Other
ChIJt5NINK-rDTkR6hsYRxJory0,ChIJt5NINK-rDTkR6hsYRxJory0,0.9465653196899593,0.5781436034383729,4.9,0.9998612880706788,Mid-Range,Delhi
ChIJQ1QHIZqrDTkRcb5xBvj37zk,ChIJQ1QHIZqrDTkRcb5xBvj37zk,0.5683118831225834,0.2918825720663544,3.7,0.5051133087981725,Budget,Other
ChIJpRwQWB6rDTkRxLYyRyYlOo4,ChIJpRwQWB6rDTkRxLYyRyYlOo4,0.4798091908993807,0.2580997673088359,3.7,0.2502344236345379,Budget,Other
ChIJ7TBF3w6tDTkRxqHf-88bekw,ChIJ7TBF3w6tDTkRxqHf-88bekw,0.4790289865625499,0.12904988365441794,3.3,0.5004888919647783,Budget,Other
ChIJT4jvxKGrDTkRnzdf-hiY6nU,ChIJT4jvxKGrDTkRnzdf-hiY6nU,0.4883595563035339,0.4375668410245572,3.4,0.2823897718568332,Budget,Other
ChIJ0ceq0e3nDDkRvQoyn2KosgA,ChIJ0ceq0e3nDDkRvQoyn2KosgA,0.6911374624668677,0.06452494182720897,5.0,0.5,Budget,Other
ChIJ_6r0CQmrDTkRA9wwZDVV-LE,ChIJ_6r0CQmrDTkRA9wwZDVV-LE,0.326849003586851,0.2143472170767782,3.2,0.0083013136172666,Mid-Range,Other
ChIJPbBju7WrDTkR4JTqvSWdJZc,ChIJPbBju7WrDTkR4JTqvSWdJZc,0.5091919549899814,0.18114441303409567,4.2,0.1853013038635254,Budget,Other
ChIJ4xrnQuerDTkRFSt71MB3oMw,ChIJ4xrnQuerDTkRFSt71MB3oMw,0.40642438135298614,0.3501294176361872,3.6,0.0005323706427588,Mid-Range,Other
ChIJVbuUnf6rDTkR5fEqj8mUzJ0,ChIJVbuUnf6rDTkR5fEqj8mUzJ0,0.2974194786824444,0.2740972756911478,2.9,0.0012247311678947,Mid-Range,Other
ChIJMwNqEWWrDTkRswv8URSX3mg,ChIJMwNqEWWrDTkRswv8URSX3mg,0.5543222758742095,0.0,4.07404718693285,0.5,Mid-Range,Other
