interaction_id,user_id,google_place_id,interaction_type,timestamp
9e41d3ac-44e8-4d14-9b86-71b8807933e0,db457081-4cae-4dce-9ccc-f0545849532e,ChIJAYFTg5HhDDkR_v7Ha_GJtt8,click,2025-12-04T15:29:46.004612
901ade85-3b96-4819-b504-07f2ad99165c,5fc98c67-e5e9-43f6-8188-59f70e55c234,ChIJW6e21DgADTkRH8BsMhBw3jQ,view,2025-12-04T17:29:46.004612
3fea533c-f3a6-4b34-b262-7a3234dd2000,c93d87fb-8e69-48fd-b7fe-3ada0e1ca17c,ChIJ97W7F9EfDTkRidfrk_JoC5s,view,2025-12-04T17:29:46.004612
78cdc30f-3782-4595-9f58-343fd738df1d,c4b2e08f-17a0-4035-97fd-b2cccb6535d7,ChIJBUyBs_EBDTkR6NDsh_942IY,view,2025-12-04T19:29:46.004612
9b7a3540-eb9a-4726-897f-7404413c0b28,825ccd8f-20cf-436b-afd9-6daf1e04e7d6,ChIJYy_XeOQbDTkRK2NfXsfpEEE,view,2025-12-04T19:29:46.004612
6ae836a7-b7fe-4907-9e0b-573597043550,26b70735-b82d-4c89-9334-8cd9716109e6,ChIJ832IbC79DDkRxvUL3edYTw4,view,2025-12-04T20:29:46.004612
2eedae41-0fad-49d7-b8b7-cd9a12cbadc1,f32ed5f5-48b9-4967-9ec6-8c0147bd672c,ChIJry5bF2YBDTkRNPLEn2_bbOI,click,2025-12-04T22:29:46.004612
c176cce7-0cb2-46cd-95e5-c86b5ef67b27,cc36dc83-0ef2-4158-8593-0bf90b2929f2,ChIJ5ywskdUBDTkReNdCgxAYPJI,click,2025-12-04T23:29:46.004612
d209bfc7-47c9-44f9-8fbf-933cc21246df,f4445df4-8aa1-46d1-ba98-281e62da5701,ChIJfQEtoOsCDTkRZ6-PHF1QCG4,view,2025-12-05T01:29:46.004612
efc40a4e-2a43-4e70-94cb-4c5e1d7ad987,3be37f58-0dfb-4c1a-b9bf-9b21b5badc17,ChIJJ9wSfkKqDTkRzfuvNoR76ds,click,2025-12-05T01:29:46.004612
636fe2f7-6363-43d9-a86a-d56ecaae7290,c7a8d4a0-9ace-40ab-884a-865494523cec,ChIJDeq9wUQZDTkRrwJeNPrH41U,view,2025-12-05T01:29:46.004612
6d6ef379-c254-4e5f-bde1-db3872174659,b0646bb4-2e4d-4bb0-84c0-1e4362d49fe0,ChIJCbfAqZ4CDTkRb3axkMEgrnw,booking,2025-12-05T05:29:46.004612
2395c778-6c49-4f00-9002-6af41b4d68e1,d801e23d-c229-4ebc-8261-5eeff8a3e839,ChIJRyNm3GD9DDkRUDuZ6cJXPy4,view,2025-12-05T05:29:46.004612
93ff40ab-0c44-4daf-8c58-65b51d5b2158,f4cda6fe-eeda-424e-9053-2afe299ddd5b,ChIJJWjGrxEeDTkRwBTPOhzPqgA,view,2025-12-05T05:29:46.004612
732050ac-cd79-4f8f-b746-f717f4ff2612,4d738cf6-50d3-40f8-b83a-922abbe0ec30,ChIJqXNAFM4JDTkRv9fJ8SQ8ADM,click,2025-12-05T05:29:46.004612
588371b1-48f7-45c3-a002-b130e269ce3d,c74fef9b-4167-4893-8d8c-aa5a673376a4,ChIJxbmmUzkcDTkRupwAbVY8NHE,click,2025-12-05T06:29:46.004612
de896cdd-0ec2-4c08-8a8b-3c79befd6853,10f543c8-1c12-44c4-bd7a-379c57cf1952,ChIJb1sEEkEZDTkRDOPsDUSAn_U,view,2025-12-05T06:29:46.004612
511ede29-383c-4350-8046-6ce7e92e13ab,9d8bd99c-42c0-42ec-a794-1d8f96692b09,ChIJQYncXHQFDTkRJ6acaW9_9Cs,view,2025-12-05T07:29:46.004612
91bc6ca8-844c-4852-b195-dbefa244ca8f,45851b54-9ffa-4405-ab68-681909d82682,ChIJtRHB2kD9DDkRUY0APHYy8cI,view,2025-12-05T07:29:46.004612
b752d634-47fe-4a07-af3e-385cf1a59762,0360d884-fc9d-4a9f-bcde-f7563113a77e,ChIJ02TzQUn7DDkRNflvIGixm0c,view,2025-12-05T07:29:46.004612
4f556edd-417b-4f79-bf55-ef8dcf06420e,5634ccaa-f864-4d36-8a6c-77bded2a45ca,ChIJC3jSkMLnDDkRpbyJHHT6HjY,view,2025-12-05T08:29:46.004612
90bb516c-8d9b-4f24-9b33-8b07439872a6,679828ac-25ef-47d0-b116-ef9f689c8e4e,ChIJmTB5HzUZDTkRTBavRM5qJO4,click,2025-12-05T09:29:46.004612
c48806ad-5001-4218-b25a-e91c7c39fd2d,e867d19b-6f44-4b17-93ce-942c8c66460a,ChIJuWJbafgdDTkRgrD6U1ZCKtc,view,2025-12-05T09:29:46.004612
812cc8de-d9fa-47f2-9cab-34a0671eee05,c042e4c1-9799-40f7-92be-9a4d8db3434f,ChIJuVkOINPjDDkR4FBr49a3Org,view,2025-12-05T10:29:46.004612
ee579f82-93ee-4f64-9d43-e20da90ddbb4,dd07791a-aca9-4b2a-812a-6e394171de8d,ChIJG8FI6_UXDTkRHGRJJxf6O_w,view,2025-12-05T10:29:46.004612
5feefa58-414d-45de-ba92-29b36a9ccb8d,9c9bbc96-a034-46f6-9517-98986f690a92,ChIJCdCLTWgcDTkRgCe4U3CxnUo,view,2025-12-05T10:29:46.004612
6d000e09-f58e-4e34-8af3-2f844c56cc48,6ff6f214-34c6-4b5d-be45-6bad358924b7,ChIJqZyTlRMXDTkRfIdgQno3Zws,view,2025-12-05T11:29:46.004612
32dc30e1-9cb7-4ee1-a07f-8f581d983067,f2b832c6-31cb-4296-93c7-38b91309e699,ChIJ-c-55sofDTkRvmWM-SVTms4,click,2025-12-05T11:29:46.004612
cefed0db-7a9f-421e-9703-e77ef6efdfa4,e79fc8eb-d34c-4eba-9f82-3f875c8cef74,ChIJOWkXrRcbDTkROW7di1XMXsA,booking,2025-12-05T13:29:46.004612
6d5a2a75-c4d7-4182-bd21-4e19de97b051,10e75ef2-4399-4391-a2b7-17ac26c011aa,ChIJW5do3zkFDTkR4EgaTWFczG0,view,2025-12-05T14:29:46.004612
125beace-62d6-4193-9264-6ae38d2fe3f4,b02a8ef4-0dc1-4e3e-b34b-71430b2f044f,ChIJ_cETkuP_DDkRhX8mgtJsk20,view,2025-12-05T15:29:46.004612
9486c2bd-a9db-48ac-9e5f-10196c289143,49b2edb8-ec6d-43a5-ae9a-dbfb71df90d5,ChIJqYTSZjIbDTkRQ_rOS4SGZQY,view,2025-12-05T15:29:46.004612
11f0f5df-fbaf-4479-8edd-8955084371e6,f92946ca-6620-4d98-aaf2-fe22830211f2,ChIJY6Gyi5UCDTkRmjXmCUzwY6w,view,2025-12-05T16:29:46.004612
9bca0fd9-ff72-47af-903a-012f9c029ee5,0b96ad05-ad6c-46c2-a6f4-63a849620078,ChIJY_EghyX7DDkRdLZUY8bAyvg,view,2025-12-05T17:29:46.004612
10a06a3f-5048-4233-9013-df61d23cd89d,edc86b94-a97d-41c0-ba0e-891091c3f233,ChIJkcJp03YDDTkRH88qPNzHLkw,click,2025-12-05T17:29:46.004612
dd66736e-b04e-4e0f-b9d7-0ea33e708315,ffccccf4-2c20-4f4a-a66d-20eff4e7c71f,ChIJTSw1U9UXDTkRPNDA5dxjbTw,view,2025-12-05T17:29:46.004612
a5b7a211-f954-4d34-a892-fe75de6cdfff,5634ccaa-f864-4d36-8a6c-77bded2a45ca,ChIJT4jvxKGrDTkRnzdf-hiY6nU,booking,2025-12-05T18:29:46.004612
2b20f2f3-754a-49e5-b3e8-c7d35e891c56,4c18b54d-024c-4b20-aeb7-d1e358626222,ChIJwdd2QAA9DTkR6N23pH_BlSc,click,2025-12-05T18:29:46.004612
98be630a-58e1-42f8-b763-b063d0d460fe,b8280c36-4b28-45ac-a1d6-ac369a47ebea,ChIJBb2AhdMHDTkRiuP5pxgamCA,view,2025-12-05T20:29:46.004612
bdec60c0-c796-4563-8acf-e31c7d9e5e0f,b6b9a069-7775-44ae-b276-b2ff93dcb7be,ChIJ-Ty9tEz9DDkRxhAk4j8Iu8s,click,2025-12-05T21:29:46.004612
cfb6077e-0f65-41de-bafe-7eceb969baf2,fa43185e-8b35-45b0-b06b-ba23cd2be955,ChIJiWLtVqP_DDkRLHUVE9GVOMo,click,2025-12-05T21:29:46.004612
df223d50-9027-4fab-bb23-15a150d8f92f,dac14e2b-c22b-40ff-98fd-9cd122f25adc,ChIJs6yuI3QBDTkRG_R3QThdxY4,view,2025-12-05T21:29:46.004612
e809e6b0-6cce-4500-ae1b-908e603b36b1,b2e7a098-4d76-4ba5-ad49-7f4f75a9dabc,ChIJu-834kAZDTkR5lRXhrM4Sm4,view,2025-12-05T22:29:46.004612
4adf00db-1414-4efe-8f18-994ed789d55f,3f499889-a418-497c-916e-2919e78cf28b,ChIJf6e9W1IDDTkRjU22Y7Hx3lU,click,2025-12-05T22:29:46.004612
5d73347a-b853-40e2-927c-9c9925946987,0360d884-fc9d-4a9f-bcde-f7563113a77e,ChIJX_nDWw4bDTkRyBuwCgrqmNQ,view,2025-12-05T23:29:46.004612
6fdb9f3c-6ff1-48ab-ada7-b08a76f0e6e2,3be37f58-0dfb-4c1a-b9bf-9b21b5badc17,ChIJdz8Zakw8DTkR_K7vS9toFgA,click,2025-12-05T23:29:46.004612
8c6aa458-137b-4f68-a8d5-c038ba1ce948,3736b331-d748-495c-a46e-1d6ef91edf11,ChIJNVRyWcgaDTkRj3BVa6ccnAo,view,2025-12-05T23:29:46.004612
8e2879f5-c3b0-4257-9bbb-086fe5b6ba74,6ee09409-0b4e-41b7-8daf-93dfa6d3922b,ChIJMzJPXKkjDTkRj4J1rgUw_A4,view,2025-12-06T01:29:46.004612
17033763-f384-45c2-9ee1-9828d5d9fed3,df95df7b-505f-484d-a77d-0f4a6cff7299,ChIJed3qvkHhDDkRZz9hwNvIc1k,view,2025-12-06T02:29:46.004612
8a446d84-1b59-461f-b7a4-032808f0f99b,82703928-e288-4c52-85cb-7d60ddd1bf9a,ChIJh_fvpJ0fDTkRUtRf7hTB600,view,2025-12-06T02:29:46.004612
61a8e70d-4d2f-438e-8615-4724e76c412e,68c1db27-af96-4b10-8e19-55873cb43635,ChIJm5rPtlGrDTkR8sMpKe-1YS4,view,2025-12-06T02:29:46.004612
adee8e16-65ce-4096-88c7-dd2b3d2195a2,2a2a8f2c-ddf2-496a-b7dd-03d2d93bf249,ChIJ7VpQfSMeDTkRq4Uup9eQgNI,view,2025-12-06T02:29:46.004612
2621a463-e677-4eb0-b6a8-8719123bf75c,87c95bcd-459b-421b-ad97-669d5aea864a,ChIJEZjKmqMJDTkR_YzJs9owIhI,click,2025-12-06T02:29:46.004612
3929f5ba-9e82-4379-b72a-5e859a160a3e,9182e03f-2dd2-48d2-8ccd-8a62bc3c3a05,ChIJ832IbC79DDkRxvUL3edYTw4,view,2025-12-06T03:29:46.004612
0d37ae7a-e49a-4bc9-942b-f88d8e03dbe0,8b090365-f819-477f-a8f7-4bc8e4f950d9,ChIJMx8pT70EDTkRuLk3NLaTp4M,view,2025-12-06T05:29:46.004612
ef7be69c-03ed-4abf-b19d-f115b401edd5,52c153e2-41de-4d35-810b-c52b9f4a0421,ChIJI5Qg-hYeDTkRJPOLBw0uKeQ,view,2025-12-06T05:29:46.004612
3d987e26-2996-44f7-951a-a2e7fd893403,49b2edb8-ec6d-43a5-ae9a-dbfb71df90d5,ChIJj9ohA_sZDTkRzpldRlEu7O8,view,2025-12-06T05:29:46.004612
2d6a8057-f03f-4ad0-ac5a-514c55ff51d6,e3e541af-1639-410c-b2a3-0b7b5ce191f3,ChIJ5RheowbkDDkRtDC1TjcYz1w,view,2025-12-06T06:29:46.004612
b25b4536-f170-49b6-9064-2de773456feb,72e38c5b-4c41-4765-88bb-9762bba55769,ChIJpTcilaQ9DTkR5_-YMDv8bCY,booking,2025-12-06T06:29:46.004612
18384ab1-de5c-45c3-8fc8-32e6dbc60d79,bf66700f-a785-4863-8675-5231896b5901,ChIJO5gx3G0ZDTkRyQkPGNTASN0,click,2025-12-06T07:29:46.004612
1930b9fa-05cb-4371-9c3d-fd8ed8aa9e5a,7779069e-c5ed-4221-b334-a4a5bccb349a,ChIJwcKwnhUDDTkRQWrXJ5HKiRk,rating,2025-12-06T07:29:46.004612
f584f9b9-8cb5-4d4b-ac32-c49166e8f647,0da216f8-05a2-465e-9b7f-9d4924cd4baf,ChIJ_2XTFpEbDTkR_wloHcUNR5g,view,2025-12-06T09:29:46.004612
40f81e6d-ee6b-43ba-b319-532a84493779,f056007d-a5bb-4c58-aef7-4517575f8292,ChIJuXhKZJPjDDkRWaj_AQQKWGk,view,2025-12-06T10:29:46.004612
b5ca5140-bece-4ca2-b57e-fe77535cb92d,45166870-9387-4484-b22d-da6ca7e8e9e2,ChIJdx3KI4vhDDkRjBieM5ZC8sI,click,2025-12-06T13:29:46.004612
5e55dc1b-14a8-4b40-98e1-64d8afe31df7,03a15616-3687-40ea-8a20-d01b6c4010f7,ChIJZyIlaxwZDTkRlnVSGo9liHo,click,2025-12-06T14:29:46.004612
47f8be2f-979e-4fe7-88c3-34f08643280f,3741b114-83ef-4fdb-ad4c-b47eed63e977,ChIJRxl2lZz9DDkRGh5PhQDS_SA,view,2025-12-06T14:29:46.004612
0782b530-688c-4eb5-9b20-c34f545795c1,67364aa1-8d07-45f5-941f-31b64963f318,ChIJB4eb5VziDDkR8DQnuhE4HhU,view,2025-12-06T14:29:46.004612
0261db90-bff3-4245-b78b-f24a7c091736,4c18b54d-024c-4b20-aeb7-d1e358626222,ChIJp4vc-_IHDTkRb_HfVWOCbec,view,2025-12-06T15:29:46.004612
d938acbd-9dc6-4f41-a6e3-63142060fe04,c6e0c036-706c-442d-845a-369635621566,ChIJ9yKcCbQXDTkRW3uWCbf-uLQ,view,2025-12-06T15:29:46.004612
aa727384-c118-4383-9e93-5d979f508619,fadb7e18-8707-44c6-a92c-258234df3d06,ChIJaWaDFCkdDTkR0-v3D-Mz6BA,view,2025-12-06T16:29:46.004612
fb79410a-9088-478e-a356-49c37c1c6211,5411c625-0363-45d1-8312-e40a866e6d71,ChIJN4KTK28dDTkRrF7WHMUJV3w,view,2025-12-06T16:29:46.004612
7ffffb3e-b128-46ad-a8a1-281e609103c6,cb4ba209-214b-4c3e-9d38-d6e297a60fc4,ChIJq6qqp2r9DDkRJyXBgGO3brI,view,2025-12-06T16:29:46.004612
e79b8189-4168-4543-a84a-1fa82e441461,5726aa25-2159-40f2-ab85-fb507378d08d,ChIJuS9QqWoHDTkRK828ZAauYDE,click,2025-12-06T16:29:46.004612
41d4433e-8dc7-4222-bbef-b8e4a3aa67f9,b3809d4d-22ce-4328-86ee-3d7915426163,ChIJAZRhEZWjDTkRjOCGULUsIM0,click,2025-12-06T19:29:46.004612
81b7e49c-cb7f-4ec7-bbe9-0a4703c0404e,3f88c491-58fd-44a2-abf9-df85d43a1465,ChIJe0xCk5bdDDkR666iGLVq8iw,view,2025-12-06T20:29:46.004612
dfa91cf1-cb06-468a-a5da-63b4a651c426,b38395c5-c158-4137-9ad2-bda81def4908,ChIJCzkoDqcEDTkR80MrklwRG6U,click,2025-12-06T20:29:46.004612
84b4d6c5-4feb-473a-80d2-b24e3c0e3058,bf66700f-a785-4863-8675-5231896b5901,ChIJ1SaUP0obDTkRbBiVtIz-s3A,view,2025-12-06T20:29:46.004612
4e0a5771-2088-4ad5-ad49-cda9f68a5229,10287ce6-65b9-4142-8b2a-cf7790da529f,ChIJw9i-ZDMaDTkRsJ7qB0K3hFw,view,2025-12-06T20:29:46.004612
2f3bea6e-d584-44c7-93c2-b0bc1e59520e,a123c201-eb05-40b0-a623-65fc5c901802,ChIJI7P9KOMXDTkRmTNCIVrNgU0,view,2025-12-06T22:29:46.004612
f55ed6a5-d2e3-4640-990d-f39071146ac6,582bf9c7-76f1-4115-9e3a-1e8c16dc802d,ChIJTyMFBar8DDkRR_cmTPi5jkw,view,2025-12-06T22:29:46.004612
0c1414d7-2b0f-479e-a18b-66bf2d15cc20,9291da7d-ec80-4d1c-a640-2394346f1f5f,ChIJY2tQYgD7DDkRiK5qtxTSXfk,click,2025-12-07T01:29:46.004612
80df5aad-d029-4922-ba46-23f1508c4271,2fd646f2-e520-44d5-91cc-a0c8d5556ccd,ChIJVUoo7YYADTkRzH-CkpoBxOM,booking,2025-12-07T01:29:46.004612
4558f9ae-17c5-44d2-b825-fb8c7dde4461,d18f287a-51f3-40e8-b8cb-0cc2548799a7,ChIJt3KdyTsZDTkRnrRRDF9xwo0,view,2025-12-07T02:29:46.004612
74d75e1d-e741-4dc8-a129-c735f36b692d,f7b4c86d-3e91-48e0-a4c4-aa93d7561142,ChIJBz-A1bT9DDkRyCwXhKz5ZC8,click,2025-12-07T02:29:46.004612
22a15723-ec3f-4dd0-9892-c875b2f6895f,2fd646f2-e520-44d5-91cc-a0c8d5556ccd,ChIJE36DOowgDTkRLAxRjfgu7bk,view,2025-12-07T02:29:46.004612
e298bbb6-6b45-4cec-b10d-419d32743ffc,40e0e959-e6b4-48b9-a8e2-f18df0cf67a6,ChIJDQno1z4ZDTkRCYA0YtLlZos,view,2025-12-07T04:29:46.004612
1d32373b-518f-4bf6-a68d-c09eedbe2e34,01d97da9-9450-46d0-9d48-4d63b6ee1037,ChIJSyEeQxUcDTkRtP518kGmaNs,view,2025-12-07T04:29:46.004612
c1c45dec-9f88-40a3-a495-88f790c7221f,83ffdadc-58d1-4474-a5d5-e61a9f6dd60c,ChIJS4Ok5QoZDTkRvuSk45jH_qw,booking,2025-12-07T04:29:46.004612
13a8f0a1-ccca-4f8a-91cb-34fa60c924d0,d13eb782-effc-4dda-837d-726c57a16422,ChIJi6djbFgaDTkRSlSm1pL_cEI,view,2025-12-07T05:29:46.004612
7d9ae239-5c42-4e67-bb3f-ddf6437edbca,3cbe9e02-9036-49ac-a4f2-371f63c4608c,ChIJRxl2lZz9DDkRGh5PhQDS_SA,click,2025-12-07T06:29:46.004612
0511c10c-a280-4ea6-acdf-625a610ecc6d,aeedca81-5b94-4f80-b95d-b3596c11b746,ChIJHyrrFgYFDTkRCzPiQ2YZTo8,view,2025-12-07T07:29:46.004612
6d2ea5e0-3a3a-4b76-89d9-8e9555e803b4,363eabf7-9851-4ce3-aca3-6c053f03ad0e,ChIJCyUAlnH7DDkRGOw37CO42EY,view,2025-12-07T07:29:46.004612
aa35f8e9-e0df-4c23-8fcd-4eba9e0e6cd3,74f869b6-84dc-476e-88de-57c3636377a7,ChIJ48_OUif9DDkR9L9PyvviY4s,view,2025-12-07T08:29:46.004612
5b6c315d-8a46-4c91-9561-2bb0017b63e0,839088d5-7b33-40bf-8bf6-49d5f44731c4,ChIJB3eNuar9DDkRdLXjKjlGuaE,view,2025-12-07T08:29:46.004612
5a86564a-289e-487f-b671-9a4c1df37c70,07f01097-d530-4312-baab-84f09e19bebc,ChIJRU_hfK0ZDTkRmuwgwPQ_cDM,view,2025-12-07T09:29:46.004612
2a70b6c1-3946-4a01-bfcc-693a9b2babff,0fcbf1b1-b632-4a5b-ad37-a1cafc6a9b99,ChIJ59PVuv4bDTkRw6GldlMth6I,view,2025-12-07T09:29:46.004612
aaada5cc-2acd-47d0-8e30-602ef93353c1,8e1590a4-3c73-44fd-b894-b061956af9ef,ChIJawhvr7PnDDkRzK8CptG0rAo,click,2025-12-07T10:29:46.004612
8584aa8f-7019-40bf-a96f-95196e1c2a35,fce67dbf-f65f-4b9c-91e9-0d809f84a9ef,ChIJC567cIwdDTkRsrbn8qAY9H4,click,2025-12-07T10:29:46.004612
ee05bc2c-537c-42fa-8b4f-708638d3f80d,bc40a13a-1f0d-4827-8fd7-b0013673bbb5,ChIJTxZARVUZDTkRpaG7WjvgWiI,view,2025-12-07T11:29:46.004612
ed54f453-fab0-498a-9246-4da89bb82e30,d801e23d-c229-4ebc-8261-5eeff8a3e839,ChIJQXZOlAj9DDkRGt_aiGqrOHk,click,2025-12-07T12:29:46.004612
a0d94a94-0e0d-4e25-9841-ecd5ffe84d70,c903641a-a29f-414d-b2d7-b1523031f0c3,ChIJDylpYF8bDTkRrqi1VR5k0CU,click,2025-12-07T13:29:46.004612
61062f60-48f8-489a-9406-736d9614d4af,6f2154b1-c2c9-4669-b941-b2cb97c01852,ChIJdZJtxyIVDTkRIE66YtbuTXM,rating,2025-12-07T13:29:46.004612
8d38c978-6b3a-444a-917c-a64316eedd9a,8b090365-f819-477f-a8f7-4bc8e4f950d9,ChIJr8efdIv7DDkRnYHKsoANzwQ,view,2025-12-07T14:29:46.004612
7d1ee853-c7c2-41fc-9dee-d05f6456f5f9,5c188236-04ed-4ee0-a96b-0af143487f5d,ChIJj6f6_j8YDTkRRjtc27zzXbg,click,2025-12-07T16:29:46.004612
d8960c37-61ac-48ef-b7d2-be34f30f4f36,e2168cc0-d734-40be-b899-2ab111c62c7a,ChIJpRwQWB6rDTkRxLYyRyYlOo4,view,2025-12-07T16:29:46.004612
da03558b-f4ca-4efd-8dc3-ae7e18a23925,8d275bb4-94e5-44d4-a506-7ef33dd1aad6,ChIJpXzVXgD7DDkROTg2qZrmdZE,view,2025-12-07T16:29:46.004612
05f06b45-ef65-4983-9426-b21b322f49b6,006181ac-dcd3-4be5-be84-3a780c383e71,ChIJKSxZzWIEDTkRrhjAZD1JDX4,booking,2025-12-07T20:29:46.004612
66e8dd4f-08fd-4123-af8a-0e9329627818,454fa168-4941-434c-a50d-28b215c69bf1,ChIJ77AkL1sHDTkRckJGkQC1VuY,view,2025-12-07T20:29:46.004612
2c2459c6-48ac-4a6f-b0e0-49e036041618,3a40b1c2-baad-46de-91e3-69eb5211f542,ChIJz5G7EdPgDDkR3nBZAmkk6QM,booking,2025-12-07T22:29:46.004612
404e3a97-88b2-4fac-a67d-86f3e2ef8d9b,1e0f9973-e20c-4600-a03c-6b0211c2a772,ChIJs4ooMwDjDDkRGtav5_A2V-U,view,2025-12-07T22:29:46.004612
127e51cf-b4f6-4525-9445-584b21da3c7e,0360d884-fc9d-4a9f-bcde-f7563113a77e,ChIJH9rmCoypDTkRE9KvTD1AIoA,view,2025-12-07T23:29:46.004612
c3e9d737-16d5-419d-8753-053c6f48233d,51d092dd-3846-4d2f-8b35-b21be88ff3f2,ChIJfRuk03LcDDkRjgXz8GpwXrc,view,2025-12-07T23:29:46.004612
b1ec9728-2c89-4a6d-977d-f17e0b9a0190,3f499889-a418-497c-916e-2919e78cf28b,ChIJxY54Sx_9DDkRgZ05aiuE6aQ,view,2025-12-07T23:29:46.004612
ea40ece4-1baa-45d8-a16b-3acdb92a7a3b,30249500-e4fa-4c09-bfa4-c65e17b79175,ChIJQyBpbkVrDTkRN-vCqZuLFWc,click,2025-12-08T00:29:46.004612
1386c708-5f29-4a42-8afc-0aad0e49e568,04c48e09-7532-4bfa-8622-cf1c105e871b,ChIJNW7xfpUjDTkRnk6REafay-g,view,2025-12-08T00:29:46.004612
5f3c7020-5a27-4d30-a67f-708a2cabd500,8b090365-f819-477f-a8f7-4bc8e4f950d9,ChIJYxr1NN_7DDkRDUsJ4DgCEyw,click,2025-12-08T01:29:46.004612
30b6ef3c-b634-42ca-aeef-3adc90ca9c39,4f3d83ab-aa51-4189-8bac-c0b0795541f7,ChIJia8n1w7jDDkRB1hLFYhbDH4,view,2025-12-08T01:29:46.004612
37fa12b1-dc80-4e5e-8647-49c228f59d13,49b2edb8-ec6d-43a5-ae9a-dbfb71df90d5,ChIJ_-A3ZQA9DTkRohlfyHDiSeU,view,2025-12-08T03:29:46.004612
0509a336-398b-4864-add7-a188d68956d5,7862ba6c-1e87-4810-ac29-1ecdedc490ac,ChIJdz8Zakw8DTkR_K7vS9toFgA,view,2025-12-08T04:29:46.004612
f9c77040-5080-4d27-8b36-4fe02ad3f207,4b1efde4-1976-41de-8e08-9be773c8c067,ChIJwRT3qCUeDTkRecFelntewZs,click,2025-12-08T04:29:46.004612
f57700d0-8cb5-41b1-94f0-6c0d3c81f40d,1f79ba5b-356e-4127-b6f3-d87edbe2c4d4,ChIJCYkD0ckZDTkROZqkEmNEa5k,view,2025-12-08T04:29:46.004612
e1da051c-31c9-4a31-ae1d-62e22c7d9f14,1f79ba5b-356e-4127-b6f3-d87edbe2c4d4,ChIJQSiYSGkeDTkRXBZMMWIbY5s,click,2025-12-08T05:29:46.004612
aeebfcde-d9fc-4a79-b970-ffd268d3fe1a,484ba900-a1cf-4128-ac39-0cdaae9a5892,ChIJt8hDrN_7DDkR4A_kFDaUU4Y,click,2025-12-08T06:29:46.004612
e9d3e8dd-dc07-4a4b-98f5-0b3e2b169217,44cefed8-14df-43de-af44-e88ab07652c3,ChIJT-DMdTkZDTkRiN-ft-zozUQ,view,2025-12-08T06:29:46.004612
f98edb28-03ba-4de1-9fb0-ad61c11438b7,501d7b93-7873-4a3e-a801-8c1c2b684e85,ChIJOdNvnNkFDTkRX4MD2_JUXeQ,view,2025-12-08T07:29:46.004612
d27e6203-36a6-4694-a376-26ac028b7be8,557d605a-e639-4ef3-9f0a-8d9ce87566ba,ChIJ8Saeag4BDTkRpye1qynjXfI,view,2025-12-08T07:29:46.004612
f1eb1247-3109-498f-b69b-c1fdea39db27,1241c6f3-c91f-42df-96f8-3f4947ba237e,ChIJe921vQz7DDkRAdCP7xbNCEQ,view,2025-12-08T08:29:46.004612
2f51b731-ce1e-4f44-af40-caaeb86471df,1f79ba5b-356e-4127-b6f3-d87edbe2c4d4,ChIJRyNm3GD9DDkRUDuZ6cJXPy4,view,2025-12-08T10:29:46.004612
9e2ed8d1-d75c-41eb-86ad-33a933d00835,aa11e355-39c9-4ce8-9ee4-13608adb3979,ChIJSfTjlIYXDTkRJjVdzF94PSM,view,2025-12-08T12:29:46.004612
695c4288-70cd-4465-a0f9-4cb465f13a33,3736b331-d748-495c-a46e-1d6ef91edf11,ChIJzyidtTEdDTkR32S2ajuXbOs,booking,2025-12-08T12:29:46.004612
3d298a46-7954-484e-9fcd-0180e24a741d,95c51aa1-e6ce-4852-a42e-f3569b27a779,ChIJv9Wh8n8BDTkRiFIlyqavyjg,rating,2025-12-08T12:29:46.004612
2a32aa07-e086-4cbf-8abb-40ca4419de81,4ef76e02-bb82-46e4-b94e-a2762f4f3e40,ChIJA4OXYoEHDTkROFZ398gVHHU,click,2025-12-08T13:29:46.004612
5c936a1b-ee1e-4356-8ab7-d37142159773,c5a7409b-0bec-416b-a9ca-2e341c3f79c4,ChIJ_y1TYvz9DDkRN-aFtSMAKCs,view,2025-12-08T13:29:46.004612
195d5427-edd3-4207-9318-b72d6f4a5d50,efd72ece-80e7-4e54-bde7-7b22ec0a290b,ChIJSW4lHx7lDDkR2uhhO7q7SH8,view,2025-12-08T13:29:46.004612
efce9ced-a797-40a3-8c46-c0a5b5b15bad,48a54767-0408-4189-9a47-6a810b2227e1,ChIJ-cFw1QcDDTkRZHlhKN9WUNs,rating,2025-12-08T14:29:46.004612
8c21269f-071e-4020-919f-bd3c3edc344f,f4cda6fe-eeda-424e-9053-2afe299ddd5b,ChIJUQbQB0L9DDkR4kMbtnRzQps,view,2025-12-08T17:29:46.004612
28c936b9-7a9b-44fd-b991-acea7dda9be5,6ff6f214-34c6-4b5d-be45-6bad358924b7,ChIJfUhqA8YjDTkRIhFkg-BOGCU,view,2025-12-08T21:29:46.004612
e3601b6e-2416-4eaf-bd2d-514f25600ec2,5f717026-5eec-44ef-99b2-099eb05496d6,ChIJ2TtPSgAZDTkR0nVA4pUDCkw,view,2025-12-08T22:29:46.004612
b9a0a43e-29d5-4146-a629-bcb0d4e55557,4dc7cd50-ed82-4165-9cb2-95481760b39c,ChIJw8lJYrD5DDkRYxfhdw87qbM,view,2025-12-08T22:29:46.004612
6c600b39-4558-437f-b9e7-12b006ad1c6d,d18f287a-51f3-40e8-b8cb-0cc2548799a7,ChIJWRkUo-8DDTkRI5QgI0OqdsI,click,2025-12-08T23:29:46.004612
ee2f9596-b30e-44ed-9fa9-fb27758544fa,b2e7a098-4d76-4ba5-ad49-7f4f75a9dabc,ChIJG6b9UeEDDTkRekt9szIwFig,view,2025-12-09T00:29:46.004612
72584cfc-9610-41ed-a343-d3ec5d154268,6649644a-256e-49cd-aaf3-52ae768e6f93,ChIJ5V5eFuAHDTkR47MCn7ul_ww,view,2025-12-09T00:29:46.004612
1f33bfea-f985-4f16-a4fc-112856650118,4a9b5a31-30cb-4210-8cf6-0068f510758b,ChIJQcH65xwdDTkRcF0kAI2f3WI,booking,2025-12-09T01:29:46.004612
0a289412-b86c-43f0-b6d0-dd42f1707b6c,20a3b51e-0c43-41c0-8993-bab69b7ad66b,ChIJqaVBZgAJDTkRUZgxzV0qqI0,view,2025-12-09T02:29:46.004612
46e33287-dc94-4686-9d31-5e5b3b2e2db4,1d50262e-384c-48c6-b5ad-e6828a492d4e,ChIJP6tpxmiqDTkRK1TQg7pafpw,booking,2025-12-09T03:29:46.004612
f9d3000f-8050-4ccb-a423-2fcb76117620,30249500-e4fa-4c09-bfa4-c65e17b79175,ChIJf7d4Yt36DDkRGKQZ09p4zI0,view,2025-12-09T04:29:46.004612
1ff0ea95-11df-4f9c-913a-6f953361381b,b44fa2f8-0fca-4063-adad-2925b086ffd4,ChIJcc4_KG8EDTkR4zJt8puaXqY,click,2025-12-09T05:29:46.004612
743c7dee-32de-4875-ab6d-290035fc827d,d2ebe84c-5f13-4e28-9708-4906369718ba,ChIJ02Bkw2gYDTkRTp9KZwPMeG8,view,2025-12-09T06:29:46.004612
504066fa-d2c4-46f2-99dd-8edf7b0f83ec,d5e48dc1-31fc-42fa-9872-a3ff735624f8,ChIJjTVekIr9DDkROSy1R9mJXRc,view,2025-12-09T06:29:46.004612
be4ec91d-4a89-4d5f-b84a-04b9814ee704,ee112730-a254-4747-ac9b-4cd3bcbf885e,ChIJi4GTF0H7DDkR25QXfXu1Uac,click,2025-12-09T07:29:46.004612
ee0ad552-c2e3-45e3-8cdc-d42ca2b71dd9,d1ccba7e-1334-446e-886c-120e0eb88e73,ChIJP6BH6_0VDTkRvwuF1c6Yb6k,view,2025-12-09T09:29:46.004612
4c5dd7b5-4f74-4ae3-9bf6-cd2bb7dabda5,6edb4a6d-c6d9-42fe-8f07-3f162343fa8c,ChIJT1_dZwDjDDkRnebfK5pM3Es,view,2025-12-09T09:29:46.004612
f82f893b-28cf-4b7e-860f-9b3421c588db,b3440ec7-c397-458b-8788-741bff239018,ChIJ70yHFd4BDTkRDCBZqoNKwjY,view,2025-12-09T09:29:46.004612
47391067-c642-4407-bf93-061f280a3cf4,9be46000-e50f-41d7-a48e-ba9af941968f,ChIJt8hDrN_7DDkR4A_kFDaUU4Y,view,2025-12-09T10:29:46.004612
8277f622-1c08-4829-a12f-c00ee236796a,bf32f0be-fb4a-4c05-af6c-5f7f6971a8c2,ChIJ02TzQUn7DDkRNflvIGixm0c,view,2025-12-09T11:29:46.004612
7918a3cb-1adf-4461-8c6f-675402b5c58b,3b3e881a-72d0-47ab-9058-597b7916acc0,ChIJnz7FD6b9DDkRAwrb4dvt8Xw,click,2025-12-09T12:29:46.004612
78ea9fbf-d614-4e45-8a13-492f79fe4bd7,2fa7abcb-5b57-43dd-8df8-d6119015d2d2,ChIJuYjlFNPjDDkRq-G603kqdxU,view,2025-12-09T12:29:46.004612
b2c3b476-ee2d-43e3-bb67-9c09981706e4,83ffdadc-58d1-4474-a5d5-e61a9f6dd60c,ChIJg4R_9YMFDTkRyOFMO5N_XAk,view,2025-12-09T13:29:46.004612
56ebf997-245b-47db-8b5b-540da3daf659,d2ebe84c-5f13-4e28-9708-4906369718ba,ChIJLynd9bf_DDkR0EYotNf77BE,view,2025-12-09T14:29:46.004612
238a3681-961d-4b7d-8860-11f90b53c822,0fcbf1b1-b632-4a5b-ad37-a1cafc6a9b99,ChIJM1VXRjQZDTkRoBS-7Y_b8qY,view,2025-12-09T14:29:46.004612
667c0466-2ad2-4b71-b03b-6e338339d9b5,6b407a40-9886-47bb-8ead-3205c79118ae,ChIJMefpUh8FDTkRTvRW7W_PuCw,click,2025-12-09T15:29:46.004612
5772fa7b-8456-46bb-9d33-0fcb69c2af08,562e74bd-3afd-4a7a-95d9-5705ea03a607,ChIJVZv6HQD7DDkRuvanyn__P7A,view,2025-12-09T16:29:46.004612
8c6418bf-f3cf-4ca2-a03a-467fe0e40d53,f92946ca-6620-4d98-aaf2-fe22830211f2,ChIJ9QLLUI3dDDkRRkT-iEdX5Oo,view,2025-12-09T16:29:46.004612
1fe338c2-5a76-4128-b424-489e18b0dd12,c7dc289e-eb3a-4c76-98f7-d8b14c5a4d4b,ChIJr1JJFiEBDTkRFzuMhRJDDho,click,2025-12-09T16:29:46.004612
c104227c-4022-40ba-a115-4d308642544c,2c0c18c4-b0f1-44e3-a7bc-9b9d8a191886,ChIJMzNKkUYBDTkRBzsD5Gov384,view,2025-12-09T18:29:46.004612
5cdccd3d-f166-4416-859a-1739547e6633,15bc78d3-1d91-47eb-9b28-2cb4422ed832,ChIJTZYJvY8BDTkRMqD9vfIeu3I,view,2025-12-09T18:29:46.004612
7130f859-2684-49b1-928d-c8300447b8cd,71a97c06-0f2a-4bda-a53b-8c3a1583e76a,ChIJRyNm3GD9DDkRUDuZ6cJXPy4,view,2025-12-09T19:29:46.004612
d1b5bd7c-06be-4d04-9bc5-c48cf92bee34,bb27f4a3-acf5-4fbe-b9e7-ac5430056281,ChIJ52FmthX9DDkRuV3TTavgdAA,view,2025-12-09T19:29:46.004612
416df43f-c1da-4823-83d2-7caa2e14057b,679828ac-25ef-47d0-b116-ef9f689c8e4e,ChIJxbmmUzkcDTkRupwAbVY8NHE,booking,2025-12-09T19:29:46.004612
c2d6e0e5-5554-4521-a779-ed8bfa1324ec,f4445df4-8aa1-46d1-ba98-281e62da5701,ChIJI1fsiqb9DDkRxxtLxlsOTNA,view,2025-12-09T19:29:46.004612
e881303f-2ee7-41cd-9e05-48e59bcd2376,21819714-4b8b-44be-b538-6a6d5ffa4a75,ChIJYxr1NN_7DDkRDUsJ4DgCEyw,view,2025-12-09T20:29:46.004612
095a4535-7eeb-41c0-a3b5-bb12b4686183,7862ba6c-1e87-4810-ac29-1ecdedc490ac,ChIJD6eyOWkEDTkRa5DoupugiDg,view,2025-12-09T23:29:46.004612
660bfe59-79d2-4eef-b290-53e43a222b49,37de0f28-7a43-47a2-9d90-c2de45afbe17,ChIJV4_uqVXdDDkRhSjJem1l21I,view,2025-12-10T00:29:46.004612
fdd77893-9cfb-4182-8d53-043f3129d939,a4242dbd-9983-4afb-a44f-2f856be11ace,ChIJdad-SAQBDTkR6-Y1PIrL3Tk,view,2025-12-10T03:29:46.004612
c07f20ac-a270-4fc3-8815-69e6a23d3b59,7862ba6c-1e87-4810-ac29-1ecdedc490ac,ChIJ5bX1UNLjDDkRFUd-LjbGr28,view,2025-12-10T03:29:46.004612
c402f2d6-fb72-4df2-a6dc-5b047d72e3a1,242eaaec-3cbd-4c88-ad5b-70f7c5eb03a4,ChIJk52GIJUjDTkRFLn_-Jkhn3Y,click,2025-12-10T04:29:46.004612
27ff1492-48cc-42c5-8c7d-05a469863556,1af78088-0b1c-47f9-b1dc-923c9353f8b4,ChIJX4oJPJ0ZDTkRtTXBpkiY5Bs,view,2025-12-10T04:29:46.004612
de51a862-b728-46f8-b6d8-2e0e7adf045b,e867d19b-6f44-4b17-93ce-942c8c66460a,ChIJ845VBz0eDTkRn4taWpUHdMI,view,2025-12-10T04:29:46.004612
7b722c8e-df59-4860-8945-e1977fe261bb,6937561c-f57e-43d6-94dd-239d2a10af5f,ChIJs28LAX_7DDkRyHzGDbAs6YM,click,2025-12-10T05:29:46.004612
cc1ba7fb-1348-4589-87fe-5c51ca6bca41,7346238f-82e5-4c3b-8dcb-2ad548a8073c,ChIJh-mR3oYFDTkRrvwH-wGgU5I,view,2025-12-10T05:29:46.004612
5cb6ec62-70a7-4adc-b296-c2f197435c3b,bed6aa64-aa16-4b8d-ae0a-08044b6f518f,ChIJ14q4-0D9DDkReBdC7Lapp0A,view,2025-12-10T05:29:46.004612
771d71b9-2d7b-487f-9dba-420574d1d942,6d77fd2f-12f8-44f7-9f3d-0955d9330f54,ChIJuWdhYEQcDTkRSaDfih8YwjA,view,2025-12-10T06:29:46.004612
c379bec3-838a-45f3-9e54-45a7df3d9f09,5796e64c-fe0d-4d3a-850e-56b86cb78e76,ChIJ306lNAADDTkRP-6e4yPnr8U,view,2025-12-10T07:29:46.004612
dbbfa3a0-7ad1-482a-872f-7bec136d8a30,8c0efedc-1d9e-4474-a375-d497de640a07,ChIJNVRyWcgaDTkRj3BVa6ccnAo,booking,2025-12-10T07:29:46.004612
06ebedef-7415-4b6f-8882-6159bd3256fd,3b08d955-3c94-4732-bfb6-b67bcec421cf,ChIJrU48_w_9DDkRAXDl9rxJ0kQ,click,2025-12-10T09:29:46.004612
ac001c39-8c36-417e-896f-b6f9366814e5,8bf99a39-9f9c-400d-a8dc-af9200c755f2,ChIJ9_YcO0AcDTkR-IevngItAKw,click,2025-12-10T10:29:46.004612
a6fe4f28-eed8-46a1-bf9e-b8e96507f48a,d75e85d1-0d9b-4036-b0ca-d4b0e37153f8,ChIJVVVVVWj9DDkRiPICBGicnJk,view,2025-12-10T10:29:46.004612
344c2548-0f9e-48ac-b159-3b2293fa3856,ddad8abc-1036-442d-a7df-508178783d21,ChIJFXWsgMwZDTkRvXpQTNJyZlM,view,2025-12-10T11:29:46.004612
96875ccf-083a-4b61-b259-63885468b72a,567cca15-a491-4b46-a71a-5e8d911c94aa,ChIJ3VQnN78ZDTkRmGxqa1UL0eo,view,2025-12-10T13:29:46.004612
a9987665-6647-4326-bd21-2792eddc74ec,7f29a7e8-29b8-4038-bc46-8a33d2e3a8c9,ChIJn4gzI1ziDDkR9O77oIjkc7E,click,2025-12-10T14:29:46.004612
08be03dc-eb62-49d1-8ba3-74cbe638516f,aeedca81-5b94-4f80-b95d-b3596c11b746,ChIJ64ybpDgFDTkRNm-JNcbqCuE,view,2025-12-10T14:29:46.004612
b6a461f2-77b0-4c16-842f-e4872abe2a64,f5f4a114-68d1-4f54-a589-9da9679700bc,ChIJnTjJeM49DTkRFBa_G4PhaXg,click,2025-12-10T16:29:46.004612
0500fb94-351b-4f27-9b87-b97472c98c89,6b407a40-9886-47bb-8ead-3205c79118ae,ChIJmTB5HzUZDTkRTBavRM5qJO4,booking,2025-12-10T17:29:46.004612
f5a49687-e8c1-4c74-8caf-21120fd9eac7,3cbe9e02-9036-49ac-a4f2-371f63c4608c,ChIJr8v4rd0fDTkRYHHvdeASgxA,view,2025-12-10T22:29:46.004612
10f5d702-2793-4568-9d2f-6688fdc38ade,1afdbaef-b1c9-4af6-b3fd-0657dd8126f6,ChIJuXhKZJPjDDkRWaj_AQQKWGk,view,2025-12-10T22:29:46.004612
38262524-8273-46b8-8447-77505d6e945b,90a78129-53ea-4e27-90f6-4c185ab2663a,ChIJ76fRckIbDTkRIah0mfzCE08,rating,2025-12-10T23:29:46.004612
49587dd7-7260-4c21-ae3c-0ad6fe638349,8607d01f-4afb-46aa-83cb-03047e38a8ee,ChIJdwQosSwhDTkRemMOwhgmgNM,view,2025-12-10T23:29:46.004612
ea3f8ff3-8d5d-42cd-8839-1c46ff6e6c1f,98e4f59a-5671-44a4-95c3-9fe7f00ace75,ChIJxY54Sx_9DDkRgZ05aiuE6aQ,view,2025-12-11T00:29:46.004612
c2cb81b5-4167-477e-9f6e-7fc82f3d82da,fadb7e18-8707-44c6-a92c-258234df3d06,ChIJzabjO74BDTkRpMz3VDvN2Aw,view,2025-12-11T01:29:46.004612
3e42adfc-05b8-422e-88f2-9873a048cf0a,644ddcbe-3a6c-4c87-9979-76c4f245432b,ChIJr1CxLkEbDTkRau7ByVr9-gc,view,2025-12-11T02:29:46.004612
7325fd2e-4ba0-413e-935d-6dfec58b4209,544f1349-c1c5-481f-8968-8b4a3f64ba7b,ChIJcesj01GrDTkRrImwlYYttpM,view,2025-12-11T03:29:46.004612
b88c8e0c-c6c2-449e-b5cd-7ac9735c4eb1,6a9b1cbb-8985-4a54-b23e-9defdf9472f8,ChIJHyjs3C_dDDkRyM4BTCNh7Sw,booking,2025-12-11T04:29:46.004612
b6776762-00da-47fb-b475-3d6f04847007,bf32f0be-fb4a-4c05-af6c-5f7f6971a8c2,ChIJuwnUayoBDTkR7f2EijQM9g8,view,2025-12-11T04:29:46.004612
1cfa360c-080e-4328-b75d-b5ac4e36d1db,98e4f59a-5671-44a4-95c3-9fe7f00ace75,ChIJiyN1kz8bDTkRA2ud_zDRLqM,view,2025-12-11T04:29:46.004612
b3177a9d-df16-45bd-9d2e-a85f8fc9d718,3f55c1d1-863f-4034-b86b-c80b78ac8f54,ChIJ64ybpDgFDTkRNm-JNcbqCuE,click,2025-12-11T05:29:46.004612
581133d6-8313-496f-85f0-429847936f35,5bcca5b0-f7a2-4403-82e9-54ba1d9b87fa,ChIJka2EkL3lDDkRFeu9Eghc8xU,booking,2025-12-11T07:29:46.004612
f631b0c8-81f8-4348-a306-22340dfa23fc,6b407a40-9886-47bb-8ead-3205c79118ae,ChIJAQCTgEP7DDkR8z4l4Lv6Uhc,view,2025-12-11T09:29:46.004612
514782be-dc63-438a-bb39-884c9118733b,567cca15-a491-4b46-a71a-5e8d911c94aa,ChIJD3l5JwYfDTkRrQ4zqTYjbfM,view,2025-12-11T10:29:46.004612
589ac60d-2947-4694-8cd9-686513e157c5,a7cc2721-25a5-4249-96c5-dd28b2e6a2d2,ChIJ6XfP3Yn7DDkR7EkhxIHNGO4,view,2025-12-11T11:29:46.004612
6b7b3893-12c4-42d2-86db-4b94cd1bb5a8,33198914-5fc8-470a-a24c-44b194d79d75,ChIJgSqaay0ZDTkR76AdQCpsw1s,rating,2025-12-11T11:29:46.004612
0c1880d2-faa0-412e-b581-e4cfe4d2fd9a,1286e900-2bda-4dc7-a8b2-b147e132c1b1,ChIJczB9bWwFDTkRpHg0nEMBI0M,booking,2025-12-11T11:29:46.004612
c415d6fe-a2c8-45a0-9f1f-3ef2a71de54a,cc4e5d47-390c-4243-bf4e-87ed1a948154,ChIJHfZfh2kZDTkRAs6yvHNDDwI,booking,2025-12-11T11:29:46.004612
98d6b389-82ed-4b08-b443-2fd307c54431,33397e6e-13d7-49e1-9503-70a9f4200e71,ChIJX7C574UZDTkRYfqnTVhY8-k,booking,2025-12-11T12:29:46.004612
f905b4a3-b6cd-4f32-ad35-f6610bd3a3fb,6edb4a6d-c6d9-42fe-8f07-3f162343fa8c,ChIJVxkydJSrDTkRnG45rv9eC_g,booking,2025-12-11T15:29:46.004612
a232551f-d989-4526-acf8-9ca3ded6005f,9541d020-4717-4348-8140-c9dbc6ac086d,ChIJ0cF1deEPDTkRDLaGNJL-R4M,view,2025-12-11T17:29:46.004612
b5fbf08c-f45d-4c93-ac88-9ab8889c0bd1,fadb7e18-8707-44c6-a92c-258234df3d06,ChIJm8VGkugYDTkRs--928cKH1s,click,2025-12-11T17:29:46.004612
fab56f33-dd54-4af1-8e4e-0d5bfd7f6b5e,b3809d4d-22ce-4328-86ee-3d7915426163,ChIJUa9kJyUZDTkRCLz0DgmLSlY,booking,2025-12-11T17:29:46.004612
423102f0-b5ed-4555-bf75-66b142521f13,81f17506-2057-4c64-bc50-ffa0a4be120e,ChIJMdyRYz_9DDkR4yFKmyfjev0,view,2025-12-11T18:29:46.004612
2824c65b-d76a-4b52-b554-b74fbca7375e,9d8fa24e-9ba2-4485-a6e5-5df3ee87e764,ChIJlyWNs-T9DDkRLPAb1o0WNH0,view,2025-12-11T19:29:46.004612
3710cb51-bba1-47c9-b350-975f50d98b9b,4d738cf6-50d3-40f8-b83a-922abbe0ec30,ChIJMdyRYz_9DDkR4yFKmyfjev0,click,2025-12-11T19:29:46.004612
d13b0a8e-0264-443b-bfc7-761e6d447f28,b602ad38-cc4b-46ca-897b-b91ecf1c889f,ChIJ-V35ZQLkDDkRAN9EIFb6qLA,view,2025-12-11T20:29:46.004612
d490e184-f828-47c4-b603-2765cab7906c,4003ebff-5d17-4435-a6c6-3fb2f1cd6fc9,ChIJ6-1znNsFDTkRm7yVEo8cwTc,view,2025-12-11T23:29:46.004612
2e7e95e7-bd4f-4777-aa16-3b0371269f70,9b8b2cdf-b647-436c-bfa1-08291768ca1c,ChIJSfTjlIYXDTkRJjVdzF94PSM,view,2025-12-11T23:29:46.004612
5ee7a142-f1b5-4a1b-87b2-e632d4edfc7c,cc04bfa6-c90e-4dcc-a3ca-d304f232bc5c,ChIJ--FGZrMZDTkRnNnjWOLxdmI,view,2025-12-12T01:29:46.004612
c177aeff-fae0-4836-9e53-cc97d43b1044,04cc9df0-3d75-4091-84c2-a22195082704,ChIJrwaFLOAfDTkRPIo2B_lkjSU,view,2025-12-12T03:29:46.004612
e8f9b962-3f2e-4713-99b0-79eae017f9da,39b76144-566c-4959-8bff-c3994d5d34bf,ChIJwcKwnhUDDTkRQWrXJ5HKiRk,click,2025-12-12T04:29:46.004612
8ddcd2b7-b89f-43d0-b907-0fd78c0feb72,4fb6ac45-b3b7-4ca7-b2b1-3a7b65dfaedf,ChIJx6BZam8ZDTkRL_TARoK8i_w,click,2025-12-12T04:29:46.004612
007e968c-78f5-43e3-a359-e2fc9cfccf54,046edcd1-73a5-4ef0-8c68-545439e7f43a,ChIJB0f_eV8VDTkRZLamMeFD228,booking,2025-12-12T04:29:46.004612
afd6e1ef-e04d-4bfe-8936-e59929d5cb97,e7483e8d-5e2f-48fd-be42-05bb11f1c1e8,ChIJ2zl8jRQbDTkRv1tqCweBkZY,view,2025-12-12T04:29:46.004612
69bc34f7-e5c3-4fa8-a528-7973a92e8994,8c30620c-53b0-4082-b6e7-989999a6a645,ChIJ0fXfXH_7DDkREDM40klEACs,view,2025-12-12T05:29:46.004612
c4a19a8e-c6ea-4041-ba93-fc0c41137a85,aeedca81-5b94-4f80-b95d-b3596c11b746,ChIJ64ybpDgFDTkRNm-JNcbqCuE,view,2025-12-12T06:29:46.004612
6b4236b4-7023-44fe-b201-9d5fea7f4702,309a3e0f-e49c-4ecc-b251-e14eb1752d8a,ChIJ845-Av8hDTkR92215ULZUa0,click,2025-12-12T07:29:46.004612
055b2b94-8628-42a7-8fbd-ca122706bf60,4ee53c98-472b-4757-9476-f0053bbc9025,ChIJY_EghyX7DDkRdLZUY8bAyvg,click,2025-12-12T07:29:46.004612
0e6a88bc-1614-43ce-a466-d596e36065d3,d0249923-13a8-485b-99f8-6879bb7badf2,ChIJRz9E5sELDTkRP0iz7bKL2qA,view,2025-12-12T08:29:46.004612
568849a5-f7d3-462b-ae68-1c3ad4bb3f35,799aa2d6-3c57-455e-b252-e547096f6c65,ChIJRTIaDoXjDDkRo05ATdzGmF4,view,2025-12-12T13:29:46.004612
48365b3e-a2fa-4b0d-be57-d81ec5b62018,2c0c18c4-b0f1-44e3-a7bc-9b9d8a191886,ChIJdZJtxyIVDTkRIE66YtbuTXM,view,2025-12-12T14:29:46.004612
a2ed8a6c-39fe-4a79-9087-74744ebae715,c756df7e-3e15-432b-9cb9-f1f09f2e12ce,ChIJm3CI3S0ZDTkRAUh7BLkoMAg,view,2025-12-12T14:29:46.004612
ee59ca93-7849-40bf-ba68-5161fba5b4b2,fd52ef5f-a3ad-4f17-b65f-4e148b894e34,ChIJEZfQ9zQbDTkRxsEoCNGPATA,view,2025-12-12T14:29:46.004612
242a753e-4410-4d8d-9db1-fd8d463c3f46,4e9359e0-a2c8-48de-b32c-17fee0cf5c36,ChIJi147UAAVDTkRWcXTa5zs4h4,view,2025-12-12T17:29:46.004612
bb86f1d6-d4c2-4a65-a22c-55ecce816150,95c51aa1-e6ce-4852-a42e-f3569b27a779,ChIJb1sEEkEZDTkRDOPsDUSAn_U,click,2025-12-12T18:29:46.004612
0676d435-edcf-4257-811b-7c4a3029594c,948ee998-a734-4e61-86e6-d0f2bbe92cb1,ChIJ1cHW68oFDTkREy5Oee6PIYA,view,2025-12-12T18:29:46.004612
dd2d0429-49ed-4e53-b014-1418d3a35561,bf32f0be-fb4a-4c05-af6c-5f7f6971a8c2,ChIJ9UwfBWzdDDkRCkXnHDqFYAQ,view,2025-12-12T19:29:46.004612
7fa080b9-164f-4018-90a1-fbc90be8278a,5726aa25-2159-40f2-ab85-fb507378d08d,ChIJtwsPvxsXDTkRbnLWQkgcsoU,click,2025-12-12T19:29:46.004612
465baf51-59eb-49dc-a52a-f3d63ed69074,12e57e00-9995-464b-98d6-47b66b2e11dc,ChIJVZv6HQD7DDkRuvanyn__P7A,rating,2025-12-12T20:29:46.004612
ad4276d8-44fe-4a8c-b66f-3f6e2869434b,5565485b-f264-4b14-acdc-ff5089e43975,ChIJI5Qg-hYeDTkRJPOLBw0uKeQ,view,2025-12-12T22:29:46.004612
66814e05-7fc8-4f0f-8f48-bc559ab9f176,4e9359e0-a2c8-48de-b32c-17fee0cf5c36,ChIJ13hb8gyrDTkRwoJ7oZSQY5g,view,2025-12-12T23:29:46.004612
97ea09ef-9222-4268-b31d-32d2616a2330,cc36dc83-0ef2-4158-8593-0bf90b2929f2,ChIJ4aZIwh0XDTkRk3pS4f1_2cA,rating,2025-12-12T23:29:46.004612
10ddedd5-9271-4bab-92a6-6b3914061072,c4f2cd7f-b455-4d7a-83f5-5aa726986e15,ChIJ2QB-FpgEDTkRjMmKF58N8H0,view,2025-12-13T00:29:46.004612
bde1d6a9-05ba-4e31-b8d5-83764cff20cd,b06db2c7-0962-44a2-9e2e-0c20ed116e97,ChIJlTs8-VIZDTkRsrFfQNWP92U,view,2025-12-13T00:29:46.004612
f79d19a0-4d88-4f6a-951f-2cc520ec42be,bed789cf-6df4-4973-b9d8-7134b6c526fb,ChIJz16IJ_3dDDkRmEAza-Hp2Os,booking,2025-12-13T01:29:46.004612
f8207919-7d03-4adc-baa1-c0f33dc45a41,4ca1fab7-5bd1-49a0-9b56-9c3993a6d8d1,ChIJC_BtMAmsDTkR0zDkFj0klCs,click,2025-12-13T01:29:46.004612
473800d7-96d7-421d-8953-50420a8f79a2,bb9ba807-5b46-42f5-8465-5c97af0f5beb,ChIJKfbCnXodDTkRoHUFJ9xu2HQ,click,2025-12-13T02:29:46.004612
79119331-8109-43bf-8a4d-955dc881f5d1,d853ef17-5a32-48d7-b5ef-b40a9b628554,ChIJtaHuZ1AZDTkRyrznyfcQis8,view,2025-12-13T03:29:46.004612
eacf1e34-cd45-41a7-ad7f-2655e0167f2b,10e75ef2-4399-4391-a2b7-17ac26c011aa,ChIJ5X1AVYMCDTkRuXIfnpUxxSE,click,2025-12-13T03:29:46.004612
a4a1db13-7f1e-4abd-8ae5-796f11ebefa9,3ff11692-d469-4c8c-a91e-bf5dc86c1d71,ChIJi154BwIFDTkREjsPJCSV5O4,click,2025-12-13T05:29:46.004612
9cd0a9fc-540f-4aef-9a83-27f2ca30a03b,5a45b801-5a89-4183-8e99-461a60cf255d,ChIJjRnSLIwfDTkRSeSzIDKDY_s,view,2025-12-13T06:29:46.004612
7e27f11e-4998-42a6-bf4b-cdc57572186f,b8c90cfd-7490-43bd-912f-128c7b0f4647,ChIJMTVTdAAHDTkRL4vgks9_bAQ,view,2025-12-13T06:29:46.004612
f98f553d-f55b-47ac-9b71-68a56ab7f4ee,caab4413-f522-45f3-922c-28d705578a11,ChIJL7sYP6T9DDkRKJECSyhpJpU,view,2025-12-13T07:29:46.004612
0c89e68e-1c85-4640-959b-7550e0c8b2b6,400ef25e-95ca-4e02-9149-13b2c73cdced,ChIJi147UAAVDTkRWcXTa5zs4h4,view,2025-12-13T07:29:46.004612
80e6348f-7319-4da1-87ac-8efb147625e2,ed413153-57f8-45f0-bdeb-8be9375fe111,ChIJ_RV61HsHDTkRAWWXg1KJw4k,booking,2025-12-13T07:29:46.004612
cc476c3d-2e94-424a-a542-b15b4461faf8,db457081-4cae-4dce-9ccc-f0545849532e,ChIJPRLCi3biDDkRQx5dqErBzrk,click,2025-12-13T08:29:46.004612
a0685a8a-7bd8-43e7-ae41-e5ea4f2e6660,82d92a45-0d99-43de-8933-341bad36565c,ChIJOW1xC3znDDkRtLeKnObcRHE,click,2025-12-13T09:29:46.004612
4868f75a-c747-4dc5-96ca-7702be5cc17a,d4ed3b72-0227-477f-91d7-16c5d6a4afd4,ChIJfRuk03LcDDkRjgXz8GpwXrc,view,2025-12-13T09:29:46.004612
266e7c92-bf50-44ea-ae3a-e1fc9ad55458,c93d87fb-8e69-48fd-b7fe-3ada0e1ca17c,ChIJ7W5mGAIWDTkRI2I_wKlwLRk,booking,2025-12-13T10:29:46.004612
5edbfa15-a4c3-48cf-a8d7-f4a6dc38d65c,d4ed3b72-0227-477f-91d7-16c5d6a4afd4,ChIJQcH65xwdDTkRcF0kAI2f3WI,booking,2025-12-13T10:29:46.004612
8b37d17a-f1a3-45f8-b92e-1b75acfc5c9c,63b5bdd1-bc81-48ec-bf19-eb5122086ace,ChIJNctazSv_DDkRSNHmM1PkiAA,view,2025-12-13T10:29:46.004612
f14d8781-933b-470a-96bb-1e9b1b6877eb,5dbd832e-a6ea-4a7d-a8aa-245b331cb431,ChIJAQAAwMoZDTkRW9hrHxvXr20,view,2025-12-13T12:29:46.004612
a4dfc94b-1cd4-4f41-bfe0-7d430e882b73,0360d884-fc9d-4a9f-bcde-f7563113a77e,ChIJX4jrIjbjDDkRXXZoolO_JAw,view,2025-12-13T15:29:46.004612
41fbc0d0-f990-4c64-8563-41545c5ba801,0b96ad05-ad6c-46c2-a6f4-63a849620078,ChIJP99idcvdDDkRAuPrzOLRVNE,view,2025-12-13T16:29:46.004612
3abe14e8-f25d-46f7-9d43-b7e84db49632,6ef7c17f-1f34-4ed8-a961-05c1c0081f79,ChIJKagwI0YZDTkRYT__pYzMFyY,view,2025-12-13T19:29:46.004612
b7843272-2fa7-4f63-83ca-5c3c0bda543c,8607d01f-4afb-46aa-83cb-03047e38a8ee,ChIJz2AwM0IeDTkRE2lvAzLoGH4,view,2025-12-13T19:29:46.004612
8e5647ac-bfd8-4ed6-a128-232ba66b3f19,347df7b2-6daf-4811-bb35-2ef31257a753,ChIJ13o6losfDTkR7ugYxJNGxvo,view,2025-12-13T20:29:46.004612
090c0570-c3b2-407f-bd6d-3f3d674e279c,aef9db74-8ed6-414b-b575-d026e1a757f7,ChIJ32Vw6zEVDTkRjhdgrT9Hq_Y,view,2025-12-13T20:29:46.004612
73fff54c-7b16-4137-80c2-f2d13dd86ae2,10e75ef2-4399-4391-a2b7-17ac26c011aa,ChIJz2AwM0IeDTkRE2lvAzLoGH4,click,2025-12-13T20:29:46.004612
954cc9dc-4555-4297-aef5-8de2834ed09a,ee112730-a254-4747-ac9b-4cd3bcbf885e,ChIJyRN6s1z7DDkRXyz-nBjM_D8,view,2025-12-13T20:29:46.004612
b302e653-e72e-4c0b-ba3a-c1b1e27043a2,4a9b5a31-30cb-4210-8cf6-0068f510758b,ChIJXUHMYQ_fDDkRaJWmhG4TZa4,booking,2025-12-13T20:29:46.004612
e902ac86-6960-46bc-befd-4e6af03893e9,f4445df4-8aa1-46d1-ba98-281e62da5701,ChIJuWJbafgdDTkRgrD6U1ZCKtc,view,2025-12-13T21:29:46.004612
209240d3-3a8d-46c2-a0a3-aa35a4366bbb,9d8fa24e-9ba2-4485-a6e5-5df3ee87e764,ChIJed7uWW4jDTkRqkxrKc2dId0,click,2025-12-13T22:29:46.004612
d5ed2256-1a6a-421e-8302-200df07e47e4,b235fa8c-2e45-40d6-a101-d3e2ec9b95f3,ChIJ7VpQfSMeDTkRq4Uup9eQgNI,booking,2025-12-13T23:29:46.004612
258f079a-7e5b-49bb-bd54-8b2a2e929b85,3c6b907b-a9a0-4ec9-9d24-fec31f360051,ChIJT9rE5V_9DDkRMhhHsDLqGkY,view,2025-12-14T00:29:46.004612
df5d62df-7478-482a-bc59-ec2e11c66011,d0ff5ea0-21b1-4d08-96e0-2be464aec051,ChIJwzxOpWkcDTkRIODm_a6JlXA,view,2025-12-14T03:29:46.004612
2923f7cf-c9fa-48ab-997f-17858ef2f4fb,c42068b5-0ffe-446d-bc62-0d9188aa634a,ChIJ_6WIiowZDTkRWY5b3ANJGR8,view,2025-12-14T04:29:46.004612
5233e729-fcc7-4ff4-9afd-2a574cfdffff,0b96ad05-ad6c-46c2-a6f4-63a849620078,ChIJPVegOR3lDDkRbWNzyX_u8BM,view,2025-12-14T04:29:46.004612
eaea7be0-4959-4887-85fe-5f8ba543b489,664dac6b-5441-4ea5-b690-49182d74ead3,ChIJjXIMuls9DTkRhBhavLC_ajo,click,2025-12-14T04:29:46.004612
2f373265-8ee1-49ce-8447-dff06f2dccd3,48a54767-0408-4189-9a47-6a810b2227e1,ChIJw8lJYrD5DDkRYxfhdw87qbM,view,2025-12-14T05:29:46.004612
2ea563f7-ea3d-4a22-9812-37914c01434e,0f0b3196-4513-4454-9357-72d7f6241f04,ChIJYdNoMrwCDTkRFluyHeSqGoI,rating,2025-12-14T06:29:46.004612
f6e32d4b-61de-4aed-952a-af283e0045d5,ee4ff499-5094-41ce-ad34-44aa3d6320fd,ChIJPdbsEubdDDkREN5Uabi4_aQ,view,2025-12-14T06:29:46.004612
cb34f41f-e810-4ddd-b19f-add5e6b0a3be,b1998710-c279-4d01-817d-c99ad02236af,ChIJlSDVKPIbDTkRFxNNJseitTI,view,2025-12-14T06:29:46.004612
c7d3ed73-3782-416b-904b-818f48f61125,6649644a-256e-49cd-aaf3-52ae768e6f93,ChIJNSFmGzPiDDkRIiHvp6YOd1c,click,2025-12-14T07:29:46.004612
432f55a1-a218-40fa-a1c9-6d47dc45f201,ef575917-4cb4-4cbd-903d-4be53a66ca29,ChIJC4a0GTAdDTkR08VLCKrqsfs,view,2025-12-14T07:29:46.004612
bc0524a7-85c8-4b10-bce4-96f95b82cf37,f7b4c86d-3e91-48e0-a4c4-aa93d7561142,ChIJecUTHEUFDTkR29XTbwIDD8s,view,2025-12-14T08:29:46.004612
655119dd-8386-42a4-9c64-49bd6f11147a,4ee53c98-472b-4757-9476-f0053bbc9025,ChIJw1-SozIZDTkRl1rQPEknUFw,view,2025-12-14T09:29:46.004612
98afb7f1-b2d6-4bc3-b91a-a8b90b81208e,740236fe-6fa5-44c8-890a-ba72d5a36e52,ChIJF32jzq8bDTkRBUGw8qVoInQ,view,2025-12-14T11:29:46.004612
1af7c445-c83f-47fe-aac7-59d8b5fed16f,286ff317-1da8-4ec6-b632-d31a28acb766,ChIJByYe3LL9DDkRVpIn7noONz0,click,2025-12-14T12:29:46.004612
5fedceab-beed-4d46-8779-ef8e4f7dfb8c,30249500-e4fa-4c09-bfa4-c65e17b79175,ChIJJ9wSfkKqDTkRzfuvNoR76ds,booking,2025-12-14T13:29:46.004612
109d005d-35f7-4778-94b9-4b4c646a6115,2dd93f15-9a8f-45ed-87dc-a5093eecd56a,ChIJl6486XvhDDkR4B-ArwFX0Ak,view,2025-12-14T14:29:46.004612
78bd3b0b-3c43-43ce-b49f-c8699396569f,1d91a951-055b-4366-90cc-4a08d8bbbd0a,ChIJXcsvGhodDTkR2RGRqqx66ro,view,2025-12-14T16:29:46.004612
942fa110-8d65-4ff8-b0a0-44b4009436c5,3606ec4c-922f-4545-8386-4952f9e7fd86,ChIJb31uBhoHDTkRgNR0Ru405iE,click,2025-12-14T17:29:46.004612
9a621c74-9b46-4e44-b7a6-5c1434d95f60,b8c90cfd-7490-43bd-912f-128c7b0f4647,ChIJVZv6HQD7DDkRuvanyn__P7A,booking,2025-12-14T18:29:46.004612
d56c464a-c2e7-45cf-8b69-9ca98aabb584,7c71e93f-0a3e-4d1d-817b-1c0c1870c296,ChIJHxgBSKEDDTkR2BDdp2oSkYg,rating,2025-12-14T18:29:46.004612
f19c9e6c-0a56-4e17-b636-4a65d721512c,8cbcbe27-f2ef-492c-95fe-ac29cf61c512,ChIJuwnUayoBDTkR7f2EijQM9g8,booking,2025-12-14T19:29:46.004612
d2cbe013-4ddd-492a-bd2a-731a3bffa415,7b28e71d-661d-45bc-b8bb-a1194522b88b,ChIJORerleg9DTkRUm59PSlICrE,click,2025-12-14T19:29:46.004612
67a59026-6ff6-463f-b605-318bd7e54fff,016c47da-f16b-4395-998c-e8891c818397,ChIJF6F7gOEaDTkRsbOosIh1sUk,rating,2025-12-14T20:29:46.004612
092ddb55-b61b-4ea9-a8a2-58212c8d0c4e,3b428902-1fa1-4f4b-832a-63e59efc721e,ChIJ6-1znNsFDTkRm7yVEo8cwTc,view,2025-12-14T20:29:46.004612
f0446d0d-fa80-4acc-b055-2eb9da134e05,3c9d6a37-dfc1-4aa0-a1c0-ce6a5f7eeb6f,ChIJ8eP7GADhDDkRFW6C7rXhNB0,view,2025-12-14T20:29:46.004612
98f30378-7fb7-4274-9b5d-b243ef11a733,b1998710-c279-4d01-817d-c99ad02236af,ChIJ17YA13zcDDkRo3GFvGnqcYw,click,2025-12-14T21:29:46.004612
e7e33f05-1025-410a-a729-b554140cd116,3741b114-83ef-4fdb-ad4c-b47eed63e977,ChIJ-yMuUIAZDTkRLIVVi0UXBZg,click,2025-12-14T22:29:46.004612
5a93efe0-f404-4f6c-a2d6-b82151628140,3b08d955-3c94-4732-bfb6-b67bcec421cf,ChIJLbvB2x4dDTkR3qHyJO5FV-g,click,2025-12-14T22:29:46.004612
29e365c0-ec8d-4911-80d6-13c5dae914e7,52c153e2-41de-4d35-810b-c52b9f4a0421,ChIJW2w4ran8DDkRoFkWIhzXKxk,view,2025-12-14T22:29:46.004612
0a981726-048f-494d-8187-a33a45b44e28,fce67dbf-f65f-4b9c-91e9-0d809f84a9ef,ChIJ13hb8gyrDTkRwoJ7oZSQY5g,click,2025-12-14T22:29:46.004612
b147c25d-ba4a-4877-885c-835a0ac8242a,77fa55a5-6c5c-4e55-a431-5a3e55b1e3ed,ChIJbW7dveILDTkRpbfTOIEo1U0,click,2025-12-14T22:29:46.004612
df905467-a710-4c76-bfe7-504f0eed428a,b2e7a098-4d76-4ba5-ad49-7f4f75a9dabc,ChIJ8SaLJQcbDTkRDummRi-bBts,click,2025-12-14T22:29:46.004612
9e4ac027-7b81-498c-95fa-b6d8c2950a46,7d11a3e6-38c9-4c51-b54c-9616796ccf44,ChIJYfbuyGUbDTkREm2SGwov630,click,2025-12-15T01:29:46.004612
2b99784a-3c0c-43f5-be41-471f4848d233,665e3599-cb6b-4c1d-a10d-1e405f2b6c97,ChIJ3S7zfJ8CDTkRI1ahIlccS5o,view,2025-12-15T03:29:46.004612
0739f2d5-930f-4568-b1ae-885370ae5398,465b38fd-b023-42c8-ac74-4f3a04c11aef,ChIJvwz3f_wYDTkRppCWpizlKPk,booking,2025-12-15T04:29:46.004612
fbe1965a-2043-4efc-a594-a7d21cd84d37,12e57e00-9995-464b-98d6-47b66b2e11dc,ChIJSbK5LDjcDDkRNyRcRHo4DI0,view,2025-12-15T05:29:46.004612
0f519f4b-71bb-4928-baa2-b504a3490706,501d7b93-7873-4a3e-a801-8c1c2b684e85,ChIJTSw1U9UXDTkRPNDA5dxjbTw,click,2025-12-15T06:29:46.004612
75c57d13-95ad-434f-944b-afa8cb9d6609,3f88c491-58fd-44a2-abf9-df85d43a1465,ChIJ-c-55sofDTkRvmWM-SVTms4,view,2025-12-15T07:29:46.004612
540244e7-8247-4d90-848e-9a10538e7548,1a966a46-37e5-4402-8172-7fe4c1d1a78c,ChIJcfBZzI0ZDTkRzkNr9l0ifhY,click,2025-12-15T08:29:46.004612
2f572391-d4ff-4f98-a128-6516981f561d,33397e6e-13d7-49e1-9503-70a9f4200e71,ChIJZ3M-4pwCDTkRzGqi6XmAYD8,click,2025-12-15T08:29:46.004612
dfaf42c9-34c2-4b8b-95cc-dad909285ba9,4b1efde4-1976-41de-8e08-9be773c8c067,ChIJ____b0MADTkRbiV2o9JWBTw,click,2025-12-15T09:29:46.004612
adcfe7e3-054d-4ee1-8210-0729c90ccdf9,4f6b2cdd-7c5e-42e9-a615-b9d0e094dd29,ChIJvaDLwhAbDTkR_36PfbUB4-0,click,2025-12-15T09:29:46.004612
ebe495d3-8718-4862-91a4-5c66ff753201,4c18b54d-024c-4b20-aeb7-d1e358626222,ChIJWdjKacEZDTkRJ9Sdiz-wiEo,view,2025-12-15T09:29:46.004612
2f26d91a-3b87-4968-9671-7e7c639b3954,3ebd9cac-43d4-411e-8233-c1dc7596d78e,ChIJKST1WAIiDTkRsgzAHRBHBv4,click,2025-12-15T09:29:46.004612
ddfe99e4-8283-466c-a549-d447e8df1411,1d6480f8-1b79-4db4-a917-49a280dcee2f,ChIJdwQosSwhDTkRemMOwhgmgNM,view,2025-12-15T09:29:46.004612
15028d34-9fc8-4880-a555-d3598b3078d4,5d1a8502-0bde-4cbf-abb8-8046f6e08c8f,ChIJochkDJkBDTkRF4kn2GTWRng,click,2025-12-15T09:29:46.004612
36f6fca7-2045-430a-9ac5-ac62671d4627,3c9d6a37-dfc1-4aa0-a1c0-ce6a5f7eeb6f,ChIJe2r3TGoDDTkRE13K07ETc9I,click,2025-12-15T10:29:46.004612
e62c05bb-9a80-440d-a9bd-8fd787b31d20,1d91a951-055b-4366-90cc-4a08d8bbbd0a,ChIJR8UMrJgCDTkRNFgwNsDuAtI,view,2025-12-15T10:29:46.004612
9181050b-e82e-4a5e-a251-afac0e886bc5,7f29a7e8-29b8-4038-bc46-8a33d2e3a8c9,ChIJ94OtjosHDTkRNzEsMJsW-jg,view,2025-12-15T10:29:46.004612
9059abca-feb1-4e9c-8fe0-4929157c4f96,15bc78d3-1d91-47eb-9b28-2cb4422ed832,ChIJ6UcYhSEeDTkR6E7j3U9cv-0,view,2025-12-15T12:29:46.004612
5ad694d3-6726-411f-9cdd-c667c2381788,1d50262e-384c-48c6-b5ad-e6828a492d4e,ChIJtYbaLgD7DDkRnGLGPEVaYt0,view,2025-12-15T13:29:46.004612
306b159a-88b9-4158-b86b-20225c46feaa,217befaa-a458-450a-8c24-12aadb4c1f66,ChIJWT9tW5AdDTkRrVM7VtKZjw8,view,2025-12-15T15:29:46.004612
76c29c4b-5794-44db-9c05-1ab14ce891a8,8c30620c-53b0-4082-b6e7-989999a6a645,ChIJQzynNDjcDDkRwyLgZhp-JWY,view,2025-12-15T15:29:46.004612
a683a720-da07-4869-b83e-4789e7e5d59d,a9e7889e-fdaa-4b54-9fe8-9364200b7f6f,ChIJCfft_zQZDTkR-d687pw4YUI,view,2025-12-15T16:29:46.004612
3a13dd00-92d5-4414-bb03-ebc2f2dad194,d0249923-13a8-485b-99f8-6879bb7badf2,ChIJj3VBHVABDTkRbJf3b-WvsDs,click,2025-12-15T17:29:46.004612
0edc780b-b27f-43d7-ad2e-d491d1e78b73,7b28e71d-661d-45bc-b8bb-a1194522b88b,ChIJh56SAIDdDDkR9NSPmd20Q0c,click,2025-12-15T17:29:46.004612
bbdeabca-4a44-4979-ab10-f86567d67103,bf66700f-a785-4863-8675-5231896b5901,ChIJ86e0i6sjDTkRzMsqrb9fdGU,view,2025-12-15T19:29:46.004612
b0f78d4b-9b96-426c-9997-c0343ea8dd88,72e38c5b-4c41-4765-88bb-9762bba55769,ChIJm3CI3S0ZDTkRAUh7BLkoMAg,view,2025-12-15T20:29:46.004612
39d83372-d128-40a0-b49c-b28d425d5e73,e7483e8d-5e2f-48fd-be42-05bb11f1c1e8,ChIJBWLPRSvfDDkR9hoirJEhMJI,view,2025-12-15T21:29:46.004612
0be56cac-43f6-4019-8474-2dae98387ac0,55d1592c-6b83-4763-bc4a-ec29a66a4d8f,ChIJSUAGLTjcDDkReJYvgFOryxU,view,2025-12-15T21:29:46.004612
03ad4c4e-ff2b-4017-972f-fb93c667046f,42536817-5943-4069-999f-811aabc65160,ChIJYWObOR_lDDkRC3aMeHig0Mw,view,2025-12-15T22:29:46.004612
1ff07110-2d54-4724-a80d-251b1b8f6d2f,95414a6c-3d9b-4c5d-b418-caa12f63c1f0,ChIJ-_yRL8EZDTkRpKoCJVWyNKU,view,2025-12-15T22:29:46.004612
4cbe7c4a-3365-4209-8ca4-0ba5f195dada,55d1592c-6b83-4763-bc4a-ec29a66a4d8f,ChIJtR4NW0jcDDkRUETZGgY6mIY,click,2025-12-15T23:29:46.004612
a66c773f-ead9-480c-8aed-60105022463f,f4445df4-8aa1-46d1-ba98-281e62da5701,ChIJJbbr8_T_DDkR-ofOseudRO4,view,2025-12-16T00:29:46.004612
d717fdd2-040b-4570-b19b-d5862bfb38e6,55d1592c-6b83-4763-bc4a-ec29a66a4d8f,ChIJD6eyOWkEDTkRa5DoupugiDg,click,2025-12-16T00:29:46.004612
719eaff4-734d-4210-8fa4-bee47792d437,5a45b801-5a89-4183-8e99-461a60cf255d,ChIJLcI5v2MFDTkRw_UHGetjG_A,rating,2025-12-16T01:29:46.004612
5da8e81c-2d94-4430-91b8-2ad4c6a7edf2,ddad8abc-1036-442d-a7df-508178783d21,ChIJ5XYHAwAJDTkRhk-aK3gljDQ,view,2025-12-16T01:29:46.004612
9521a8c6-af7c-4970-a583-243d28513c54,fce67dbf-f65f-4b9c-91e9-0d809f84a9ef,ChIJqe1N890ZDTkRmmIYeR-jjV8,booking,2025-12-16T01:29:46.004612
4fdfe3e0-0eb0-4816-b338-4515e2011cd9,d0249923-13a8-485b-99f8-6879bb7badf2,ChIJ5zP56pMfDTkR4iADY4sOufg,view,2025-12-16T01:29:46.004612
6e102227-2d51-418e-8a74-d168db63b95c,15bc78d3-1d91-47eb-9b28-2cb4422ed832,ChIJq8lvdiIFDTkRB74NMBwT_Vk,view,2025-12-16T01:29:46.004612
1b67aa68-e2c5-4f0a-b6e0-9956ed8ca847,d853ef17-5a32-48d7-b5ef-b40a9b628554,ChIJMx8pT70EDTkRuLk3NLaTp4M,click,2025-12-16T04:29:46.004612
ccc5cf3e-693b-4940-b978-24900aacb3f6,a67483a0-bba7-4549-b3cc-1da04bc4ad8e,ChIJIxJHPnEBDTkRdg5tnZH7IOY,view,2025-12-16T04:29:46.004612
82acfa1c-45ad-4fab-946f-cef21c142215,b44fa2f8-0fca-4063-adad-2925b086ffd4,ChIJH8ULB0b_DDkRKtTcs7p2nvc,view,2025-12-16T05:29:46.004612
ee4889ef-8823-4e8e-97b8-7f2623d98a62,39b76144-566c-4959-8bff-c3994d5d34bf,ChIJm_hMGRjjDDkRypFWdaJKIic,view,2025-12-16T05:29:46.004612
7190c78d-d0f5-44f9-8d28-dfa0949c2226,85022eea-434f-4cb1-9f29-305747ee367a,ChIJo_EVHzH7DDkRq0dEqPdaQ04,view,2025-12-16T05:29:46.004612
3a248e29-202b-41bb-91f7-a4e570c2a6ba,2fd646f2-e520-44d5-91cc-a0c8d5556ccd,ChIJUdsPbuIdDTkRqpgi2i7xKkI,click,2025-12-16T06:29:46.004612
cd0249ae-a0c7-49b3-89a6-0902c1062369,b60e1ae9-9bbe-4fe3-b307-8ee22b9be2e8,ChIJ97W7F9EfDTkRidfrk_JoC5s,view,2025-12-16T06:29:46.004612
d4541344-fcb3-48d5-967e-b63d8455d06d,6a174ce0-a131-498a-a7b3-8118ef201107,ChIJ4ZO2ChQZDTkRpunIryEaAR8,rating,2025-12-16T07:29:46.004612
06d05386-296f-4671-b891-8a0b722cd127,363eabf7-9851-4ce3-aca3-6c053f03ad0e,ChIJFT-i-PoDDTkRrnWEgdqRMJc,view,2025-12-16T08:29:46.004612
4ecd61b6-d7ac-470c-95ce-cc55ccc2059d,694404ea-c783-4605-9f69-b3cb51e90bba,ChIJj6f6_j8YDTkRRjtc27zzXbg,view,2025-12-16T08:29:46.004612
30aabf29-065e-4d0d-89d6-b3bf1644693b,4ce15bcd-d008-4633-907c-6d683f1b45b9,ChIJFT-i-PoDDTkRrnWEgdqRMJc,view,2025-12-16T09:29:46.004612
5b29ad25-b3d8-445a-9c0b-5e16895d56d5,ece06da3-fbf2-4e16-8615-5a2990099b20,ChIJRRAaARsbDTkRAOMdB2wOkw4,view,2025-12-16T10:29:46.004612
8f8630bb-c04e-4d62-9d3a-1f4240e5f017,1286e900-2bda-4dc7-a8b2-b147e132c1b1,ChIJG6b9UeEDDTkRekt9szIwFig,view,2025-12-16T11:29:46.004612
599d783a-518a-40ce-a633-a3226581faa7,b2bae56e-6bef-4589-91f8-3bcb0079a939,ChIJrVtbefw9DTkRPqlo2vY-j1s,booking,2025-12-16T11:29:46.004612
4f1eeefe-db06-4fe4-8d0e-ef8f6e27c723,4d6e905c-7e27-4c61-b9eb-2bc79ce3ea71,ChIJT6HNpJQZDTkRGu2XPHz05z8,click,2025-12-16T13:29:46.004612
12c54050-2366-41aa-96ba-9e0418a36c83,d16cdef1-96c2-4f1f-8bcd-9b46274759c5,ChIJw-ezIEAFDTkRjI637nlIT1Y,view,2025-12-16T15:29:46.004612
87e3dc91-023e-4675-a742-91af352ec938,4425f3a7-554a-4c3a-a9b7-a894da580b61,ChIJLXBHITYHDTkRXDo-83ErgJ0,booking,2025-12-16T16:29:46.004612
b9291bda-462b-4f20-80ce-6159cd1e0127,4ca1fab7-5bd1-49a0-9b56-9c3993a6d8d1,ChIJO5LQI-XjDDkRitHWBr5ZqXU,view,2025-12-16T17:29:46.004612
928b634c-c0cc-41ce-a926-2a92d9496812,c74fef9b-4167-4893-8d8c-aa5a673376a4,ChIJv5eWZj3jDDkR_tI3DXrwG3M,view,2025-12-16T18:29:46.004612
4c63ad21-e887-441e-8db6-ee04272c3e48,b128442f-55eb-4429-83c8-942a0fccd011,ChIJERGjA9qrDTkRDLW8qze8P0I,click,2025-12-16T19:29:46.004612
42db709e-d5b3-488b-9096-267b7d5810c2,2434643d-e449-4434-baf0-1a56659c1297,ChIJpwfcnIsdDTkRozATce4XjIU,booking,2025-12-16T19:29:46.004612
687011c4-4017-4d44-b281-2238450b08b3,b235fa8c-2e45-40d6-a101-d3e2ec9b95f3,ChIJq7-D7G77DDkR93Czw_SxpJ4,view,2025-12-16T20:29:46.004612
f292d250-981a-40e2-acd6-6a745fbd2d15,cc4e5d47-390c-4243-bf4e-87ed1a948154,ChIJbei8fiD9DDkR6sUO_0lx9Cg,click,2025-12-16T20:29:46.004612
7e0abe27-228d-4613-a05e-f274f52642a1,e2168cc0-d734-40be-b899-2ab111c62c7a,ChIJuf3nLdQODTkRvjBZOc2vxzc,click,2025-12-16T21:29:46.004612
ff76e1bc-072d-4d4d-9818-63e83cc662e1,6c2832ef-52b7-4ee9-85e0-7f010f2ca247,ChIJYdNoMrwCDTkRFluyHeSqGoI,view,2025-12-16T21:29:46.004612
a287893e-5488-4e32-889d-b53d75507e96,4ca1fab7-5bd1-49a0-9b56-9c3993a6d8d1,ChIJP1vHsD_cDDkRdzvsWXI8hbc,rating,2025-12-16T21:29:46.004612
87721abc-29c0-45e4-ab8f-e516cd26921e,37de0f28-7a43-47a2-9d90-c2de45afbe17,ChIJQ3NDXD0dDTkRhr6qseSsSxg,view,2025-12-16T22:29:46.004612
4df9c6f0-f1ba-4815-96e5-2e4670522660,b84c7985-fd4f-4250-81db-dc6b114a69d0,ChIJVZv6HQD7DDkRuvanyn__P7A,view,2025-12-16T22:29:46.004612
1b99155f-4ae1-4c5e-9de6-e2336e18df0f,e36a7a29-e37f-4ebb-869f-fd6d38fb9c4c,ChIJz5G7EdPgDDkR3nBZAmkk6QM,rating,2025-12-17T00:29:46.004612
893221aa-c8ac-480a-a16a-b1ea2b7611b9,2df7c9fa-e1b5-4986-8644-a1c7220f45dd,ChIJ93r8-wbjDDkRlf30qg5Q_pM,view,2025-12-17T02:29:46.004612
0b7e0717-7742-4275-b084-ff3a97546b55,f056007d-a5bb-4c58-aef7-4517575f8292,ChIJebj_xJUCDTkRJTp1RhuuXcI,view,2025-12-17T02:29:46.004612
4500945d-eb00-4e75-b402-46eb64f83387,76494271-a595-49c7-8fcf-cdbb4ac3c3b9,ChIJlQfy8_r5DDkRsSOPE7yCfw4,view,2025-12-17T02:29:46.004612
97e0fb26-1eb7-4351-a0dd-c98f079268ca,6f5cee92-8e7c-4c1c-9d8c-411e6f4f82bd,ChIJIVrBSmUHDTkR9fGMGA5NuAA,view,2025-12-17T02:29:46.004612
c154d208-a6c8-458a-ad3c-5c1b0ff28250,f92946ca-6620-4d98-aaf2-fe22830211f2,ChIJvbq6qMAYDTkR_ir2j3Ddu6g,click,2025-12-17T02:29:46.004612
c7675a47-ce3b-4fa8-a779-6e48beb9a13a,d6601a21-1afe-4426-bcac-c14472456e67,ChIJdz8Zakw8DTkR_K7vS9toFgA,view,2025-12-17T03:29:46.004612
e8a88d15-7c1a-4f14-905b-4e55d47a247b,4b1efde4-1976-41de-8e08-9be773c8c067,ChIJE9ZNnEoYDTkRKUGTJncZXrI,click,2025-12-17T04:29:46.004612
b5b8657f-18ae-4210-a4ad-9674d3858d33,b90825c7-9af5-430a-bb5b-94f97f9edac2,ChIJW2xl_aT9DDkRXJh6k_z5vC4,view,2025-12-17T05:29:46.004612
f60c1984-f2ff-450f-a04c-6a939e38d84d,12e57e00-9995-464b-98d6-47b66b2e11dc,ChIJP99idcvdDDkRAuPrzOLRVNE,view,2025-12-17T05:29:46.004612
7db00841-f332-4725-aad5-4f73eb2eea5f,e867d19b-6f44-4b17-93ce-942c8c66460a,ChIJE-uo-fwYDTkREmhTJ5h_HSI,rating,2025-12-17T06:29:46.004612
fd927393-8e66-41c7-ac24-767659cad71c,5fc98c67-e5e9-43f6-8188-59f70e55c234,ChIJ2TtPSgAZDTkR0nVA4pUDCkw,view,2025-12-17T06:29:46.004612
6538a4b8-e303-4714-94ba-de29b0abe902,7dda7ab6-4686-44b0-981a-42a865591aa9,ChIJG-4XjU6pDTkRLwJSSpKCeZo,view,2025-12-17T06:29:46.004612
3574b84f-3969-4124-9013-bb3c4d6def09,caab4413-f522-45f3-922c-28d705578a11,ChIJKREHk7IbDTkRqiqzifn1WX8,view,2025-12-17T06:29:46.004612
8e08619f-f06f-4e61-8ad1-f08f32dd444a,62689cf5-8b3d-4aca-8ff2-e66406e93ef1,ChIJp0gsI8YVDTkRta54FAmE9x4,view,2025-12-17T07:29:46.004612
ddcb158e-2ab8-4947-ade2-7c6db0aa03e0,3f88c491-58fd-44a2-abf9-df85d43a1465,ChIJ3X0NsjECDTkRYoNaNClVwuE,view,2025-12-17T08:29:46.004612
ac487a97-b3d8-4755-8eea-23586d7ee3e9,dd07791a-aca9-4b2a-812a-6e394171de8d,ChIJVUoo7YYADTkRzH-CkpoBxOM,click,2025-12-17T09:29:46.004612
9717211d-de30-4293-93fd-a2413d2568e8,efd72ece-80e7-4e54-bde7-7b22ec0a290b,ChIJQb2D4b8DDTkRq0dRnD7Y1VI,view,2025-12-17T10:29:46.004612
13da9f38-90ec-4e73-aae6-b740147bc6b8,a4242dbd-9983-4afb-a44f-2f856be11ace,ChIJtYj0-CfdDDkRAGrPizQfakk,rating,2025-12-17T12:29:46.004612
b8a30c68-023c-41f9-9561-62beea7613f7,2193f16f-6e7d-43b4-b8c4-d81443715e97,ChIJOTFgFrkZDTkRtGNiP_WDHVE,click,2025-12-17T13:29:46.004612
408a4027-4564-4699-a4c1-aa6d80780a80,ee4ff499-5094-41ce-ad34-44aa3d6320fd,ChIJI1C0ziziDDkRKofmqRF3WKE,rating,2025-12-17T13:29:46.004612
47d3be38-39d3-4c21-842f-90760735198e,b3440ec7-c397-458b-8788-741bff239018,ChIJ3VQnN78ZDTkRmGxqa1UL0eo,click,2025-12-17T13:29:46.004612
8e2049ae-7fd6-4bdd-932a-feeff64c7e06,6edb4a6d-c6d9-42fe-8f07-3f162343fa8c,ChIJganRVJAjDTkRuq61WMKx4NQ,view,2025-12-17T16:29:46.004612
ce420ea6-c1b7-4497-921f-f9db63cdb569,6edb4a6d-c6d9-42fe-8f07-3f162343fa8c,ChIJ0bhXzyPnDDkRtIidxqRxIhM,view,2025-12-17T16:29:46.004612
ff120092-3da3-4aad-9468-482c7ee075ff,5fc98c67-e5e9-43f6-8188-59f70e55c234,ChIJoRD2ulIbDTkRSe133WMqhaI,rating,2025-12-17T16:29:46.004612
df35c442-a05f-48ff-a394-f94494b4f8d0,347df7b2-6daf-4811-bb35-2ef31257a753,ChIJ5bXEImgdDTkRTcDcVIVTblg,click,2025-12-17T17:29:46.004612
e9eb9ce1-3c5d-4f86-9aed-c4345b87711d,1e0f9973-e20c-4600-a03c-6b0211c2a772,ChIJR8UMrJgCDTkRNFgwNsDuAtI,view,2025-12-17T19:29:46.004612
1c19257c-bbe8-4d1f-b8e0-5466016080bf,67b9adee-57d3-4bcc-a9b0-422b875c4050,ChIJZfR22t4DDTkRGeZis44ky1o,view,2025-12-17T20:29:46.004612
0a025f61-e311-46a2-897d-1f348d725962,3c6b907b-a9a0-4ec9-9d24-fec31f360051,ChIJudcH0C8dDTkRk6QLFST8EMs,view,2025-12-17T21:29:46.004612
ca900cc5-a56c-45f2-ab82-a09aa7571dbe,3b428902-1fa1-4f4b-832a-63e59efc721e,ChIJZ3M-4pwCDTkRzGqi6XmAYD8,view,2025-12-17T22:29:46.004612
b99d6ba3-8b3a-4653-ac71-67cc9dcbe21e,400ef25e-95ca-4e02-9149-13b2c73cdced,ChIJda6QOks8DTkRSYPBnAZZFs8,view,2025-12-17T23:29:46.004612
46888570-f623-4c3c-9488-55bbe4c96b9e,9182e03f-2dd2-48d2-8ccd-8a62bc3c3a05,ChIJI2ZTnA0dDTkRcXxM3eh-bRw,view,2025-12-18T01:29:46.004612
996abc0c-2708-41f5-8ab8-3b59f6a9c212,aaf6da95-4ceb-4028-87ae-d70cab30bac3,ChIJQTH0_aoZDTkR2bqpQS51Gh4,view,2025-12-18T01:29:46.004612
23133c61-6cd9-404b-a316-210c0c2770a9,aeb166fd-c454-43a4-be17-eefd82ad126a,ChIJcyPwClgJDTkRpkzRG7inG44,view,2025-12-18T02:29:46.004612
bc80866f-2039-4b5e-a93b-15b46b647420,4d738cf6-50d3-40f8-b83a-922abbe0ec30,ChIJJUU734WpDTkReu71uFgc1lg,view,2025-12-18T04:29:46.004612
cf44f333-0e29-42cc-8afc-ff03e5800708,3c6b907b-a9a0-4ec9-9d24-fec31f360051,ChIJz16IJ_3dDDkRmEAza-Hp2Os,view,2025-12-18T07:29:46.004612
b1fef785-2abe-44f6-b0b8-d75c028d368c,e2168cc0-d734-40be-b899-2ab111c62c7a,ChIJ968tGgojDTkRObaW2xZSuXs,view,2025-12-18T08:29:46.004612
492a0c30-4ebf-4627-bfff-bd6c2ba6da95,2897d22c-1b7f-4641-b976-942bcd0098fc,ChIJ-UnEBH7jDDkRhJaGrJjZF4Y,view,2025-12-18T08:29:46.004612
510137bd-e160-4501-a23c-deed425c3ec1,c5a7409b-0bec-416b-a9ca-2e341c3f79c4,ChIJ2Se7D0AZDTkRswVVBRehoeE,click,2025-12-18T08:29:46.004612
5cc36878-cf0f-4d2d-95ef-874a5d4acd1e,3a40b1c2-baad-46de-91e3-69eb5211f542,ChIJW5do3zkFDTkR4EgaTWFczG0,view,2025-12-18T09:29:46.004612
505fb3ad-4828-4afb-94ff-03897a7edd84,665e3599-cb6b-4c1d-a10d-1e405f2b6c97,ChIJWdjKacEZDTkRJ9Sdiz-wiEo,view,2025-12-18T09:29:46.004612
6b8d4339-ee44-43ba-b789-4d800409ffc5,fcb72392-8ff6-441f-b444-3ef00c0af658,ChIJmQYnvXEEDTkR0r7CgDsyI6Q,view,2025-12-18T10:29:46.004612
0101bd87-e0c1-4930-bb05-93fd6a769d73,501d7b93-7873-4a3e-a801-8c1c2b684e85,ChIJI18Xu_8DDTkRFoel4lHlmjQ,view,2025-12-18T12:29:46.004612
0cb99fc9-7be9-4679-b7fa-ed3d9ae2925a,30249500-e4fa-4c09-bfa4-c65e17b79175,ChIJ40I_kCvnDDkRsOwVtnuR6I4,view,2025-12-18T12:29:46.004612
8c1f6d87-048a-417c-9df2-56debf659b7e,1a966a46-37e5-4402-8172-7fe4c1d1a78c,ChIJAQDARl7iDDkRPMvE7jjAm4s,booking,2025-12-18T14:29:46.004612
a4c2e8e9-5324-4422-ab7f-c0785ddcd89e,b9da6e16-3980-4e85-a275-645c69b299d2,ChIJGVd7GyYZDTkR72EnTWRzVTM,click,2025-12-18T15:29:46.004612
0191c575-520d-4510-9338-2fd5250adc3e,71a97c06-0f2a-4bda-a53b-8c3a1583e76a,ChIJi6djbFgaDTkRSlSm1pL_cEI,view,2025-12-18T15:29:46.004612
b121b119-001e-4a4e-ab5b-a054f2df58c0,fdb7ca70-b5a5-48af-9880-77e833de17bd,ChIJT0kDM8_7DDkRgnPVUAuR6fA,view,2025-12-18T17:29:46.004612
1681ccad-159e-4dca-8e28-38ba056bc4cd,26b70735-b82d-4c89-9334-8cd9716109e6,ChIJ-5u-Vo0hDTkRbRiX9zTmtN8,view,2025-12-18T20:29:46.004612
46bc3258-9417-4fb5-b4b6-40f3ff6260ea,5bcca5b0-f7a2-4403-82e9-54ba1d9b87fa,ChIJCbfAqZ4CDTkRXDM5WL-Z6nc,view,2025-12-18T21:29:46.004612
0ba113f0-7d7b-4810-bb12-bd1beb7a5a15,77fa55a5-6c5c-4e55-a431-5a3e55b1e3ed,ChIJVWI3S-MfDTkRWw65C3hVwe8,click,2025-12-18T23:29:46.004612
04cd6173-bbe2-4ebb-9d7a-39e847cc56b2,30249500-e4fa-4c09-bfa4-c65e17b79175,ChIJZ-6qctYdDTkR9AxnmCK-SMw,click,2025-12-18T23:29:46.004612
6b3c9579-9be5-4928-9e0c-8d6969332e6d,2897d22c-1b7f-4641-b976-942bcd0098fc,ChIJ7zycekH9DDkRWd8FYsIVT3U,click,2025-12-19T00:29:46.004612
6c808762-8ab6-4e13-b102-2fa634d6c868,7d11a3e6-38c9-4c51-b54c-9616796ccf44,ChIJkfHo0wEbDTkRUlBuTJv40mE,click,2025-12-19T03:29:46.004612
358a0afd-0f64-48b5-9fea-b42924d13fdf,20329a95-39f9-46bc-9d3e-dccaacb1574b,ChIJbRm2nIndDDkRSBeUA2LGd1I,booking,2025-12-19T04:29:46.004612
0fa08f20-40a1-4a53-b324-5f26a2721d3e,f774a82b-0033-4ac2-bd81-889eb6212c52,ChIJDeq9wUQZDTkRrwJeNPrH41U,click,2025-12-19T04:29:46.004612
94ccf36b-6f3d-495c-8703-aa543361e139,67b9adee-57d3-4bcc-a9b0-422b875c4050,ChIJkVM5FkgYDTkRPZkgLsmOLLE,view,2025-12-19T04:29:46.004612
8f1277c2-883e-44e3-82e4-eebf3aa431a2,fd0a9c7d-c212-4dd1-94af-29cd1630015c,ChIJ9YQiGwA9DTkRPjg7rABv8os,click,2025-12-19T06:29:46.004612
7f59c598-9a2d-45cc-9c76-8c1a984f9b06,bab17f22-cf43-4897-a023-31b708559dfb,ChIJa8DmBlkZDTkRmCx2X4Z5BuU,rating,2025-12-19T07:29:46.004612
98c77226-3432-4af4-9559-cb26967b25cd,bed789cf-6df4-4973-b9d8-7134b6c526fb,ChIJFRvwjdj7DDkRxXDEolyF2gc,click,2025-12-19T08:29:46.004612
221ec346-c18f-4438-b235-22991028a2f6,dedb4304-bec8-4355-954d-14319cfb705a,ChIJm053GEI-DTkRwKJuNdfAyLw,view,2025-12-19T10:29:46.004612
083adb8e-b6be-42cd-b5fa-0e8728bef6cf,3015c9b6-5899-4199-bf11-0dce85a55a7f,ChIJHzfXMashDTkRWbUuOutv-AM,view,2025-12-19T13:29:46.004612
e0f04c1d-3fbf-4a1f-a067-ea54fefef743,4d6e905c-7e27-4c61-b9eb-2bc79ce3ea71,ChIJUXyGwzsBDTkRpCTgSan0Boc,booking,2025-12-19T14:29:46.004612
1a611c73-b697-468e-8c90-800eeb6ffa29,a123c201-eb05-40b0-a623-65fc5c901802,ChIJAQDARl7iDDkRPMvE7jjAm4s,view,2025-12-19T14:29:46.004612
6c4a30b0-5ce5-41b1-ae73-a2d097d4e978,aa11e355-39c9-4ce8-9ee4-13608adb3979,ChIJVZv6HQD7DDkRuvanyn__P7A,view,2025-12-19T15:29:46.004612
aa085e8c-83ea-452a-b9aa-38e47d68cb4e,bf66700f-a785-4863-8675-5231896b5901,ChIJo4rzGLDhDDkRhQ81ZlWwock,booking,2025-12-19T15:29:46.004612
19ddabb0-1d0d-4ec6-8788-0d0a03772bfd,b7568585-cef1-401a-bfc8-42122cfb985d,ChIJpwfcnIsdDTkRozATce4XjIU,booking,2025-12-19T16:29:46.004612
1fd2e099-92fa-4eb2-9438-6d33f7acf545,caab96b4-e8ef-4347-afd0-094ea39488d5,ChIJc9nUFqgYDTkRLusxIdi-tzQ,view,2025-12-19T16:29:46.004612
916550c2-367f-4463-a898-9a38100516fa,3015c9b6-5899-4199-bf11-0dce85a55a7f,ChIJyd-sPQDjDDkRfRiRKD5GJXg,view,2025-12-19T18:29:46.004612
8d26fcad-6996-4dab-8e63-04780ea64b7e,81896acb-b496-4804-bfdd-792aec7d47ea,ChIJpaO1QngdDTkRH43WFRC6rSA,view,2025-12-19T18:29:46.004612
fd23403f-fccd-4eeb-a829-f4b3dc8324a1,b02a8ef4-0dc1-4e3e-b34b-71430b2f044f,ChIJ64ybpDgFDTkRNm-JNcbqCuE,view,2025-12-19T20:29:46.004612
1e33f702-9cee-41f9-a252-b75902c7f975,b38395c5-c158-4137-9ad2-bda81def4908,ChIJPeq9RFDnDDkR3ThA8S-1P4Y,booking,2025-12-19T22:29:46.004612
a25f0342-1a08-4888-8a7a-2fdbd03a2249,fb617c3d-7cd1-413c-a61b-d2a28188a0e8,ChIJixLvaq8HDTkR3a-ToyPGxt8,view,2025-12-20T01:29:46.004612
f1d6f8c3-c68b-4b14-bd55-d0f46b5d8d27,4ce15bcd-d008-4633-907c-6d683f1b45b9,ChIJyUXaansBDTkRKVNqN84YfWs,view,2025-12-20T01:29:46.004612
c0e9947b-d26a-4e88-9938-9daf9ae29838,52c153e2-41de-4d35-810b-c52b9f4a0421,ChIJxzEBJLMZDTkR3JmM3HkM_qQ,view,2025-12-20T01:29:46.004612
8b5177a0-66e5-42f4-b52c-7fe4b8b6652d,bed789cf-6df4-4973-b9d8-7134b6c526fb,ChIJ3wheEADnDDkRDzP-C5uNxr0,view,2025-12-20T04:29:46.004612
679b6f19-2afb-4f06-a6f4-f86af791f621,24f94256-cfb0-4089-81aa-5730704504ef,ChIJD9sct5j9DDkRJe9FJUj54YI,view,2025-12-20T04:29:46.004612
6d64d659-d53a-44ef-9d40-73a1d175d4ce,216821c0-ba84-464d-9d3e-455250a05e9f,ChIJ-yucsxU9DTkR6A2GPxzocoo,rating,2025-12-20T05:29:46.004612
792077b2-0585-4253-862d-ccf0c49f8f0a,3c9d6a37-dfc1-4aa0-a1c0-ce6a5f7eeb6f,ChIJW2xl_aT9DDkRXJh6k_z5vC4,view,2025-12-20T05:29:46.004612
d575c8e6-1011-4b52-8bd5-7fef57359192,bb9ba807-5b46-42f5-8465-5c97af0f5beb,ChIJ5-z-Hc_jDDkRZyU2Wz8Mae4,view,2025-12-20T06:29:46.004612
ec4051f1-0ad4-4caa-88cd-3f5bd57775d3,49b2edb8-ec6d-43a5-ae9a-dbfb71df90d5,ChIJBeUtHnTiDDkR4Ubj5utSO8c,view,2025-12-20T06:29:46.004612
53aff2d7-77b7-439d-9283-9b172600d798,7c71e93f-0a3e-4d1d-817b-1c0c1870c296,ChIJDfbvBQAXDTkRhozPcRxRaJ8,view,2025-12-20T07:29:46.004612
6669baa1-b318-45d0-851b-3778f5368d56,2fae13cb-f7a9-4b09-923d-f2e6f812a3cc,ChIJ7eql54AFDTkRqeVDzk7JbSo,view,2025-12-20T09:29:46.004612
496cfe86-5dbd-46ab-8756-fc5e4cc44077,3736b331-d748-495c-a46e-1d6ef91edf11,ChIJ51yNUgbjDDkRhRjK5RkEXn4,click,2025-12-20T09:29:46.004612
256911e1-d55f-425a-bab9-297c1e1f2a38,aab10c81-0332-41a7-9c80-c13a075e121f,ChIJv7HZjfwHDTkRsAY2J5m3BfQ,click,2025-12-20T10:29:46.004612
d86223ef-fed8-4e09-9f74-abc99437bb67,7f29a7e8-29b8-4038-bc46-8a33d2e3a8c9,ChIJVWI3S-MfDTkRWw65C3hVwe8,click,2025-12-20T11:29:46.004612
af4e0dd5-1550-4ba0-b879-804582ea1d04,740236fe-6fa5-44c8-890a-ba72d5a36e52,ChIJowM_upkCDTkRtKfuVBhKgdw,view,2025-12-20T13:29:46.004612
47315da7-a10b-4aac-b1cf-591d7214ebd8,b988bd2a-7c75-4df8-b2db-28493c0a7680,ChIJuXSu2CbhDDkR2BjuXI2YDLU,click,2025-12-20T14:29:46.004612
4e07cd3f-eb73-4985-82ee-e6a042a2a402,6f97f60e-e1de-4197-8bcc-5ee284285f0f,ChIJi2vT-3UcDTkROnoFPdqD-bA,booking,2025-12-20T14:29:46.004612
a474dc3d-2919-409d-80d7-21910bbf7fe0,3f88c491-58fd-44a2-abf9-df85d43a1465,ChIJe4zp0KMdDTkRm90YLrHBVg8,click,2025-12-20T15:29:46.004612
488718e7-a72a-4dd8-a90f-f075aefefa6c,6f97f60e-e1de-4197-8bcc-5ee284285f0f,ChIJyRKgd5E9DTkRQ-_q9wDDy3I,view,2025-12-20T15:29:46.004612
38341774-ac8f-4073-9661-b888809a0b1e,1985a14e-3658-436a-9fa0-f2e01a645c6f,ChIJZ_Ph8UP9DDkR3ZwIJeTmtoA,view,2025-12-20T15:29:46.004612
4c6c2e14-cb42-45d0-92b6-d6d84c139a08,f32ed5f5-48b9-4967-9ec6-8c0147bd672c,ChIJq5SJS2YfDTkRQUWOxyoaoOE,view,2025-12-20T17:29:46.004612
7fc67cb0-b891-421e-bfc1-9b64978adb31,bf4a6286-f6db-40cb-9bcc-9a1a9f09f2a0,ChIJEfscDYrdDDkRWnjQ9k_6njQ,view,2025-12-20T17:29:46.004612
ed21ace7-56eb-4ba5-98d2-2642cf4164b3,45166870-9387-4484-b22d-da6ca7e8e9e2,ChIJqaqqZ4YXDTkRtQ-QBVfHHQI,view,2025-12-20T18:29:46.004612
98fac059-151b-4dbd-a080-f12d4fdbc262,4f3d83ab-aa51-4189-8bac-c0b0795541f7,ChIJHz6rlQ0ZDTkR3PLIrgWCYmM,view,2025-12-20T19:29:46.004612
3e970068-7697-49d7-b393-958a48141b25,b235fa8c-2e45-40d6-a101-d3e2ec9b95f3,ChIJmxMf1OUZDTkRIJSsusHos68,click,2025-12-20T19:29:46.004612
959e054f-a8d3-4726-adae-745e6113345d,4b3d1313-86ae-416e-83df-480f1500caf5,ChIJy9TCyKj7DDkRhTRHFi2RHQA,view,2025-12-20T20:29:46.004612
c1278bea-cb11-42f6-9b83-818180d38703,a123c201-eb05-40b0-a623-65fc5c901802,ChIJ80jFb_AJDTkRlQqSwAF8FZs,click,2025-12-20T20:29:46.004612
58bd8933-ded3-466b-9a0b-e47dd0f28ae2,216821c0-ba84-464d-9d3e-455250a05e9f,ChIJ3a9ngjLfDDkRSKpG4qiY0Uc,view,2025-12-20T23:29:46.004612
5c484989-5767-45d1-a425-22d1faeb534a,67364aa1-8d07-45f5-941f-31b64963f318,ChIJ9WJgCpwiDTkR9v_-VgD8zc4,click,2025-12-21T01:29:46.004612
334fff00-101f-44da-97b0-9e3a60b5a06d,1f79ba5b-356e-4127-b6f3-d87edbe2c4d4,ChIJmxMf1OUZDTkRIJSsusHos68,booking,2025-12-21T04:29:46.004612
b33ac56d-37b0-468a-ba54-86ba3967b6fa,d29e6b85-cdf9-462f-8815-6dfeff9a152f,ChIJQYncXHQFDTkRJ6acaW9_9Cs,click,2025-12-21T04:29:46.004612
a5a5f969-f419-4b72-8d13-3270eb6a507f,fb5bd947-522c-4a43-9cd2-6a4e1e3d39f8,ChIJmTJKjpsCDTkR1STz4I0smpo,view,2025-12-21T05:29:46.004612
4ec63abc-af30-4c4b-84d7-c791b1cfb61a,459130c7-4617-4eec-b6b7-413a5293b66e,ChIJMzJPXKkjDTkRj4J1rgUw_A4,view,2025-12-21T07:29:46.004612
b8e3813b-bc38-4d7e-a0d3-fc85cb7b4c02,d13eb782-effc-4dda-837d-726c57a16422,ChIJJ9wSfkKqDTkRzfuvNoR76ds,click,2025-12-21T07:29:46.004612
a8b208cb-1421-4738-9d6d-19a72baaf792,1f79ba5b-356e-4127-b6f3-d87edbe2c4d4,ChIJoxuvkn_hDDkRxd31OthoEt8,view,2025-12-21T07:29:46.004612
bdf16613-6533-4933-9e27-ea8d8dac2db2,55d1592c-6b83-4763-bc4a-ec29a66a4d8f,ChIJ5bX1UNLjDDkRFUd-LjbGr28,view,2025-12-21T08:29:46.004612
34b5cb2a-7dce-40c6-b42d-387404f086a8,2193f16f-6e7d-43b4-b8c4-d81443715e97,ChIJNZsccdYBDTkRmA2oyKRyE9A,view,2025-12-21T09:29:46.004612
cfa42b1d-1c99-4ac5-bcd3-dcd13dd208a0,e2168cc0-d734-40be-b899-2ab111c62c7a,ChIJNZIqYG0bDTkRdTH5rWIGgSM,click,2025-12-21T10:29:46.004612
2029b1b0-f572-484b-b33a-6689a9add9c6,cb4ba209-214b-4c3e-9d38-d6e297a60fc4,ChIJdy7ZET3cDDkRwzZ86bC0Ick,view,2025-12-21T11:29:46.004612
61c1e2e5-a532-438c-8a0d-9e9fbf7e69c6,fadb7e18-8707-44c6-a92c-258234df3d06,ChIJ-5u-Vo0hDTkRbRiX9zTmtN8,view,2025-12-21T12:29:46.004612
2c8c56d2-f6ce-429a-8ac1-f4bb71378588,edc86b94-a97d-41c0-ba0e-891091c3f233,ChIJtR4NW0jcDDkRUETZGgY6mIY,view,2025-12-21T12:29:46.004612
8b014919-4d2a-40ab-a433-45eb61b39c79,25b120ae-05d7-4db4-97be-65de8c6ce579,ChIJmaiOGEo8DTkRRhZyisMfsrA,view,2025-12-21T12:29:46.004612
4735575a-642f-4d03-9fee-b61a926dbdb3,5bcca5b0-f7a2-4403-82e9-54ba1d9b87fa,ChIJ9bGyTpwCDTkRpCJHmrLyp8g,click,2025-12-21T14:29:46.004612
876897dd-bf06-46c0-8987-9692757b6c1c,6a9b1cbb-8985-4a54-b23e-9defdf9472f8,ChIJSS6OdLcFDTkRIf0z1kCxSfw,click,2025-12-21T15:29:46.004612
7f3f810b-8220-4a91-a0ae-3f65ec43f99a,d6601a21-1afe-4426-bcac-c14472456e67,ChIJ6_4lqtj8DDkR5K7EOXYtvCI,view,2025-12-21T16:29:46.004612
0ce4fdb9-4109-4c34-b659-baaab26d48e8,e2168cc0-d734-40be-b899-2ab111c62c7a,ChIJAYFTg5HhDDkR_v7Ha_GJtt8,view,2025-12-21T16:29:46.004612
365ab490-d0b5-428e-88b9-7648cf68c114,a9e7889e-fdaa-4b54-9fe8-9364200b7f6f,ChIJtzflUNEhDTkRCosTp3T0fO8,view,2025-12-21T17:29:46.004612
4c8ef225-de2c-449a-b843-886369767738,6ff6f214-34c6-4b5d-be45-6bad358924b7,ChIJFTUAotnnDDkR1gMoIi3ORdc,click,2025-12-21T18:29:46.004612
8fdef3f7-9d5a-4360-a5bd-4fb87df9b2a0,52c153e2-41de-4d35-810b-c52b9f4a0421,ChIJ--FGZrMZDTkRnNnjWOLxdmI,view,2025-12-21T18:29:46.004612
15562439-8d68-4006-a5d9-b03fec2d3732,e7483e8d-5e2f-48fd-be42-05bb11f1c1e8,ChIJP6BH6_0VDTkRvwuF1c6Yb6k,click,2025-12-21T18:29:46.004612
27c46b3e-3208-4257-9b01-887bb91f3914,bed6aa64-aa16-4b8d-ae0a-08044b6f518f,ChIJX7ZyGED9DDkRuBBONr3Eijs,rating,2025-12-21T20:29:46.004612
10e8f026-873e-4659-80be-980ef8252806,501d7b93-7873-4a3e-a801-8c1c2b684e85,ChIJIYwrZt7jDDkRvGirDdAwW2Q,view,2025-12-21T20:29:46.004612
ccca4665-3281-4fbd-876f-4befa3e92b90,c5f30753-7997-42fd-a42e-8c163ed92a7d,ChIJUXcJCEEcDTkRoT8BaaFhuUI,view,2025-12-21T20:29:46.004612
2c0d5368-59e3-4e11-a795-991636d5ac2b,1274b034-38fa-494a-92bf-820c21e1d8ae,ChIJa40AUI4dDTkR9i55mAwMWqE,view,2025-12-21T21:29:46.004612
a5298b8e-79e6-4104-b609-11ceb219b01c,6937561c-f57e-43d6-94dd-239d2a10af5f,ChIJAxoZFF0-DTkRrQYeGhnCS1c,view,2025-12-21T21:29:46.004612
427a79f9-6ff1-4f09-8c19-5faa4f0678d7,90b562bb-4239-4ce0-a88c-c0f205711700,ChIJD17xGwccDTkR56renr5AHfM,view,2025-12-21T22:29:46.004612
c00f9611-ff96-477c-b5c1-3a357c4b9c20,1f79ba5b-356e-4127-b6f3-d87edbe2c4d4,ChIJ6UDMWr4DDTkR-s5z0b2N_Z8,view,2025-12-21T22:29:46.004612
52100a20-cf19-4db1-b2d1-a69f1b2e75a2,8532628a-d2ef-476a-a189-6700fe34130c,ChIJp6qq6tofDTkRxTTgVXrcTZk,booking,2025-12-22T00:29:46.004612
89e43d63-c185-4341-907a-ab0f64b589cf,665e3599-cb6b-4c1d-a10d-1e405f2b6c97,ChIJrwaFLOAfDTkRPIo2B_lkjSU,view,2025-12-22T00:29:46.004612
6e4dfdcb-f2c5-4c85-9643-2c25ca381876,b1998710-c279-4d01-817d-c99ad02236af,ChIJJUU734WpDTkReu71uFgc1lg,click,2025-12-22T00:29:46.004612
b76bcb4d-18a6-43c7-9cbb-48fb769c440a,1241c6f3-c91f-42df-96f8-3f4947ba237e,ChIJ7fRtZmwYDTkR1gC0XrYO20g,view,2025-12-22T02:29:46.004612
a760b1c4-96fa-48af-82a9-283395ffbcbd,1d6480f8-1b79-4db4-a917-49a280dcee2f,ChIJtwsPvxsXDTkRbnLWQkgcsoU,rating,2025-12-22T05:29:46.004612
ac2dd858-cb1f-4ad6-9555-cf0536cfc333,bed789cf-6df4-4973-b9d8-7134b6c526fb,ChIJfQEtoOsCDTkRZ6-PHF1QCG4,view,2025-12-22T06:29:46.004612
a6909b63-50e0-4a45-a121-a93cf98f534e,c6e0c036-706c-442d-845a-369635621566,ChIJJxUVzAkdDTkR3suKEjMZLts,view,2025-12-22T06:29:46.004612
7399e8a0-0a12-4322-b591-f9cd53f5d8d6,6d77fd2f-12f8-44f7-9f3d-0955d9330f54,ChIJVVWF8pwCDTkRqM8xtxxMbm0,booking,2025-12-22T06:29:46.004612
8578dcbf-2b40-4fe8-b01b-1c90d9bc67cd,d853ef17-5a32-48d7-b5ef-b40a9b628554,ChIJd5LhshIDDTkRPxoMyHG_tgA,view,2025-12-22T10:29:46.004612
5b0390e7-c0ba-4847-b3f2-3fd78916bfd1,4f6f8371-18c0-4a14-b176-7e3454ff3110,ChIJWWO7DjcYDTkRxCyu50Z5ppo,click,2025-12-22T10:29:46.004612
7f7da656-b3e2-412e-9176-5ee2ab10eb97,bded2630-13b7-4983-996d-dfe536cc25e8,ChIJPdjkgibjDDkR_QptVlI3l0k,view,2025-12-22T11:29:46.004612
7a07f4b7-a7de-49f4-b22e-251857f67986,cd5f98c4-435d-44c6-b897-bd98a994cdf6,ChIJ1SaUP0obDTkRbBiVtIz-s3A,click,2025-12-22T11:29:46.004612
fce6701e-3d25-4ab7-834d-f8d4dcf7ade8,d5e48dc1-31fc-42fa-9872-a3ff735624f8,ChIJt3KdyTsZDTkRnrRRDF9xwo0,click,2025-12-22T12:29:46.004612
b12ca1eb-4d69-45c9-a411-211c75bb01f7,68c1db27-af96-4b10-8e19-55873cb43635,ChIJC-P-G5gCDTkRpV3HzHjERLA,view,2025-12-22T12:29:46.004612
f71a5d5f-6fe9-4c3c-8793-72661fd97d49,7d372a30-1f32-47f1-a5ae-29f38ce51ae0,ChIJp-rZp14LDTkR1a6LE5urPXE,view,2025-12-22T13:29:46.004612
09235fe3-85b0-4be6-a0e9-7a8bca2c4fcb,71ae3c55-6348-4d79-99bb-9c5d39142091,ChIJ09kc2dgZDTkRR7K_tp-Fgco,view,2025-12-22T14:29:46.004612
a968ec1c-5207-46d7-aa61-74dabec301e9,efd72ece-80e7-4e54-bde7-7b22ec0a290b,ChIJYcsBST0ZDTkR5eL0sZwm_rI,view,2025-12-22T14:29:46.004612
27a2b390-69e0-43e4-b404-81df5de74c5e,b2e7a098-4d76-4ba5-ad49-7f4f75a9dabc,ChIJ7zycekH9DDkRWd8FYsIVT3U,view,2025-12-22T16:29:46.004612
088f4c73-8b09-4cc3-98f8-0f97c326e98e,6c2832ef-52b7-4ee9-85e0-7f010f2ca247,ChIJq3VR8w3_DDkRPICGVj8ny_I,view,2025-12-22T17:29:46.004612
01517d63-c690-46f6-81b9-456c5ea7bb9c,30249500-e4fa-4c09-bfa4-c65e17b79175,ChIJ27TmZdrjDDkR0csS3EblZWw,click,2025-12-22T18:29:46.004612
1c5f82a9-833d-4601-9350-93b39fe39c2e,07f01097-d530-4312-baab-84f09e19bebc,ChIJecUTHEUFDTkR29XTbwIDD8s,view,2025-12-22T18:29:46.004612
2af8250f-c909-4041-868b-11ef41e33707,b0646bb4-2e4d-4bb0-84c0-1e4362d49fe0,ChIJlyWNs-T9DDkRLPAb1o0WNH0,click,2025-12-22T20:29:46.004612
5a37f7ca-5743-488a-837c-30bde498cc48,b128442f-55eb-4429-83c8-942a0fccd011,ChIJpfgC7NwFDTkRHExGxyfrvek,view,2025-12-22T20:29:46.004612
bfcc833f-72cb-4b4e-8aab-48d54a60464e,501d7b93-7873-4a3e-a801-8c1c2b684e85,ChIJKRCAWocZDTkRba7C87Hijs8,view,2025-12-22T20:29:46.004612
f79b7b3b-3874-421e-a26f-f73a485e30d6,8da672ff-814d-4227-b722-f99f4d59c6e2,ChIJnxC_F-UDDTkR2a5firDedko,view,2025-12-22T21:29:46.004612
73b408f7-166c-4c27-8a68-5fa84837b26e,44cefed8-14df-43de-af44-e88ab07652c3,ChIJRxl2lZz9DDkRGh5PhQDS_SA,booking,2025-12-22T22:29:46.004612
830bba86-74be-49dd-975e-41656db3bc93,c042e4c1-9799-40f7-92be-9a4d8db3434f,ChIJ_y1TYvz9DDkRN-aFtSMAKCs,view,2025-12-22T22:29:46.004612
371afb08-f2f7-4360-a68f-72b78633545f,9d11d036-b210-4371-be0e-9867403d23dc,ChIJT0kDM8_7DDkRgnPVUAuR6fA,rating,2025-12-23T00:29:46.004612
26711c8d-4224-4a9b-bae1-8e25566c9d41,b6b9a069-7775-44ae-b276-b2ff93dcb7be,ChIJI2ZTnA0dDTkRcXxM3eh-bRw,view,2025-12-23T01:29:46.004612
a261abfe-c52f-4c6a-9d62-c6aa67675351,87c95bcd-459b-421b-ad97-669d5aea864a,ChIJ_6r0CQmrDTkRA9wwZDVV-LE,rating,2025-12-23T01:29:46.004612
4dc3b953-2a4a-454b-ab75-ecde2a65d65d,03c6f2e7-c9cd-4768-94d6-a9ec4429752f,ChIJuwDMPGMZDTkRwLNEZhvujiY,view,2025-12-23T02:29:46.004612
0899e051-4ca5-4da5-80f8-cd9f63efab28,b38395c5-c158-4137-9ad2-bda81def4908,ChIJ335bATblDDkR1WS3B174oYA,view,2025-12-23T02:29:46.004612
7eb0f946-fcea-43ff-94b7-85a063ce3622,48a54767-0408-4189-9a47-6a810b2227e1,ChIJ9W1BH1UHDTkR-atCKhI6R6Y,view,2025-12-23T02:29:46.004612
667f5ebf-501b-4263-94cf-3c4356a7a499,9b8b2cdf-b647-436c-bfa1-08291768ca1c,ChIJA4OXYoEHDTkROFZ398gVHHU,view,2025-12-23T04:29:46.004612
959aa830-5e17-4d5a-b55b-6b66852f2493,90b562bb-4239-4ce0-a88c-c0f205711700,ChIJq8lvdiIFDTkRB74NMBwT_Vk,booking,2025-12-23T05:29:46.004612
7243cbde-5049-4ab3-946e-f51b86dba0fd,62689cf5-8b3d-4aca-8ff2-e66406e93ef1,ChIJ-VWydUYZDTkRCK1L0K_hslU,view,2025-12-23T05:29:46.004612
07337079-b921-446e-b9c7-db56c49bd3db,05f1d6d4-2877-47cb-9725-75bbc4956be0,ChIJjWa5JFAPDTkRDAWNgAmRllc,click,2025-12-23T05:29:46.004612
c82ac330-2521-4e02-bbb8-6f0214a56be1,b4c22be5-bfd5-4719-9adb-b47fd6ce6ccb,ChIJ-cFw1QcDDTkRZHlhKN9WUNs,view,2025-12-23T06:29:46.004612
e6dd39d5-dca9-49e7-967c-e84c6a1fb421,3c9d6a37-dfc1-4aa0-a1c0-ce6a5f7eeb6f,ChIJW2w4ran8DDkRoFkWIhzXKxk,booking,2025-12-23T06:29:46.004612
353f3b04-69e3-43f9-9912-1c9dd22f497c,4ef76e02-bb82-46e4-b94e-a2762f4f3e40,ChIJ46DoQ1AbDTkROjfRXbq6LiU,view,2025-12-23T06:29:46.004612
b5f5078c-fd29-436e-915c-ceb7cb2fcb3c,bb9ba807-5b46-42f5-8465-5c97af0f5beb,ChIJq6q295cCDTkRHSmPwMHZeCk,click,2025-12-23T06:29:46.004612
633e1e81-092f-4cae-aa11-88c64edc8676,b0646bb4-2e4d-4bb0-84c0-1e4362d49fe0,ChIJ4QSpaUwbDTkRTJLcTeZmT64,view,2025-12-23T07:29:46.004612
3c9093b5-10a5-4d10-bf7d-4bfd87d3e2b0,582bf9c7-76f1-4115-9e3a-1e8c16dc802d,ChIJGX1hmgGnDTkRwTt2J4U8sew,view,2025-12-23T07:29:46.004612
e0a476c7-e6a7-4bb1-a8cd-3e0f44b4f233,8da672ff-814d-4227-b722-f99f4d59c6e2,ChIJiTGgzpkCDTkRfjZ2Ar8ZSBU,view,2025-12-23T07:29:46.004612
b6e56fb9-fe0b-4042-9472-2bd97bcdd0de,d6c92fba-1649-488b-ab2d-05bd565daea4,ChIJcfXKPeH5DDkRNcE1fMUKtKY,view,2025-12-23T08:29:46.004612
5c12699d-0c15-4c77-8392-8e6ea38fb6c5,c7a8d4a0-9ace-40ab-884a-865494523cec,ChIJ2UWUkp4HDTkRBo8KrLlPKjU,view,2025-12-23T08:29:46.004612
c5f4dd3f-0a55-44c3-9a87-ac62547e8d76,05016619-489b-40dc-a763-8503a48a47ef,ChIJPdjkgibjDDkR_QptVlI3l0k,view,2025-12-23T08:29:46.004612
63ab7695-9f19-4d5b-a177-2ae0e99e2369,b1bc4a4f-a54d-4dfd-9a38-bbd7d2e0d558,ChIJ7yY1S0AcDTkRZIaCEtrF_-A,view,2025-12-23T11:29:46.004612
4742c0e9-a1be-4570-9a3b-db596c6c510b,c903641a-a29f-414d-b2d7-b1523031f0c3,ChIJf71eU6wFDTkRg91tr_Fx31Y,view,2025-12-23T11:29:46.004612
aaac5ff3-c3b9-4965-bcc2-26d9295440e8,bd53fe1b-2589-4522-adde-54aa56cf7d13,ChIJTWxjE0z9DDkRWK-rr0q_d7w,view,2025-12-23T12:29:46.004612
02a3b510-ec85-4ece-8fe4-9932b9c430a9,9182e03f-2dd2-48d2-8ccd-8a62bc3c3a05,ChIJDYSnz5QBDTkRX_zVDWiJhWI,view,2025-12-23T14:29:46.004612
8657d132-0910-4104-8e44-4c9b30162bb8,5d1a8502-0bde-4cbf-abb8-8046f6e08c8f,ChIJRSLL8FUZDTkRdDJEkxGactk,view,2025-12-23T15:29:46.004612
11900b11-995e-49b7-bd67-20a5db194001,e8d93133-4aaa-428c-8120-027f2cfd27a1,ChIJBS-HCGL9DDkRnvfrMTf9pDM,view,2025-12-23T15:29:46.004612
977d329b-545a-456e-bba7-cc3ae6d20b3a,3ffcba89-0cc5-4537-b758-67a79d5365f5,ChIJq7-D7G77DDkR93Czw_SxpJ4,view,2025-12-23T16:29:46.004612
320ebcdf-040e-4171-aa4d-4357c73ff91c,847d6eaf-b9bf-4508-bed5-ce0364bc8d76,ChIJganRVJAjDTkRuq61WMKx4NQ,click,2025-12-23T17:29:46.004612
827bad44-9ecf-48cd-846b-74c2bf5574b5,b02a8ef4-0dc1-4e3e-b34b-71430b2f044f,ChIJ5-z-Hc_jDDkRZyU2Wz8Mae4,view,2025-12-23T17:29:46.004612
d0d19b54-c257-4447-a8db-021c31ff85f4,2e1aac52-247d-4fc8-a7ad-1af63ee89bca,ChIJKd2x_m37DDkR7eEb4D5R3GM,click,2025-12-23T18:29:46.004612
7219ea7d-8a95-40d8-9830-d7274b1121e2,52c153e2-41de-4d35-810b-c52b9f4a0421,ChIJH6jGmccFDTkR3zHqyC0B97E,click,2025-12-23T19:29:46.004612
a4a4117c-13eb-4b07-9e93-5140a8c39169,11e5be4e-236a-4c37-86c4-a82ff94ee7e5,ChIJJxUVzAkdDTkR3suKEjMZLts,view,2025-12-23T19:29:46.004612
7edde2f6-2505-48bc-bb94-85cf2aece7b1,9a263236-afcb-403e-8655-3a6f6ecb858a,ChIJtfVFi38ADTkRXdDWAReIZ2o,click,2025-12-23T19:29:46.004612
128a71a3-1edb-4df6-899f-5385044e6dea,216821c0-ba84-464d-9d3e-455250a05e9f,ChIJh-mR3oYFDTkRrvwH-wGgU5I,view,2025-12-23T19:29:46.004612
a4c510ec-f1c7-4a30-a24b-47e76b750f8f,d801e23d-c229-4ebc-8261-5eeff8a3e839,ChIJe1-rNqjjDDkR8ByQ3dve4Pc,click,2025-12-23T20:29:46.004612
057bf729-fe65-4490-b2e7-f472db4b1609,9291da7d-ec80-4d1c-a640-2394346f1f5f,ChIJHfSvKvcFDTkR4vGMEzb0wDc,view,2025-12-23T20:29:46.004612
48d9d2de-3c9f-4de1-ad70-632181c2562c,7982c846-d69e-4f9f-8142-bed1f5e309f0,ChIJ73aJFo_7DDkRD75wIldcHf4,view,2025-12-23T20:29:46.004612
f1dbc0f6-02c3-479a-a39b-ee5c5b83edd5,d0ff5ea0-21b1-4d08-96e0-2be464aec051,ChIJa8DmBlkZDTkRmCx2X4Z5BuU,click,2025-12-23T21:29:46.004612
984665f2-830c-4dee-9a8f-2db99adda145,1abc322f-e7d0-479a-92fa-24b3f76adf1e,ChIJJ7fCIwAfDTkReXn71Uz-ONM,view,2025-12-23T22:29:46.004612
410cd3b3-9615-4637-95aa-1ce5cf4cff7d,544f1349-c1c5-481f-8968-8b4a3f64ba7b,ChIJcfXKPeH5DDkRNcE1fMUKtKY,view,2025-12-23T22:29:46.004612
887ef44c-4416-4847-85cc-b140167656f8,482c4751-fdb5-406a-93d4-c8ab9f4d24a9,ChIJVxkydJSrDTkRnG45rv9eC_g,view,2025-12-24T03:29:46.004612
8f64506d-c818-46a8-92bb-9bf642e87997,22719aa4-f2ac-491f-b133-5be359b4d629,ChIJsRPVdQ79DDkR_oNDxRA6InE,view,2025-12-24T05:29:46.004612
c33945a1-3b79-4489-9e7c-401176514905,19eaa5b2-8d2c-433e-8ca9-a8410959b4b3,ChIJG8FI6_UXDTkRHGRJJxf6O_w,click,2025-12-24T06:29:46.004612
9548f7f9-c676-4649-b4ed-aaa73dc7b0cf,7b25bca1-5cf8-4df1-a24f-5c00b397a370,ChIJV5-5zT8ZDTkRZVbc0L1G0SU,view,2025-12-24T07:29:46.004612
db900281-ecea-4796-b4bd-fa53bca7200c,bed6aa64-aa16-4b8d-ae0a-08044b6f518f,ChIJ____Qq3jDDkRUN3S8QF_1Ec,view,2025-12-24T09:29:46.004612
8511ad3d-3178-467f-bd8e-abf39279fef8,b2bae56e-6bef-4589-91f8-3bcb0079a939,ChIJX4oJPJ0ZDTkRtTXBpkiY5Bs,view,2025-12-24T09:29:46.004612
e795e650-3540-4351-af39-bd591db482bc,ed413153-57f8-45f0-bdeb-8be9375fe111,ChIJX_p5Lu0dDTkRqOKPEmR2EB4,view,2025-12-24T10:29:46.004612
0d4c3b65-3a6d-4c34-81f7-8c19f4a9c002,839088d5-7b33-40bf-8bf6-49d5f44731c4,ChIJcxohOZ4CDTkR96khe3coRkg,view,2025-12-24T12:29:46.004612
22eefb47-0416-46d8-a20f-ece33765ebd3,68be285b-1a38-4ef9-8adb-e9d8d197e111,ChIJAQCTgEP7DDkR8z4l4Lv6Uhc,view,2025-12-24T12:29:46.004612
88fe1a27-4569-4868-896e-304603b20cf4,544f1349-c1c5-481f-8968-8b4a3f64ba7b,ChIJed7_0FcFDTkR-gZawBKRXdQ,click,2025-12-24T14:29:46.004612
4e1aa104-182c-4aee-b456-2730c7419718,2fae13cb-f7a9-4b09-923d-f2e6f812a3cc,ChIJGTTB6-0ZDTkRdIDLpY_uLr4,view,2025-12-24T15:29:46.004612
243a352e-16a1-4166-8538-14bf9bf400bf,6c2832ef-52b7-4ee9-85e0-7f010f2ca247,ChIJmQYnvXEEDTkR0r7CgDsyI6Q,view,2025-12-24T16:29:46.004612
a0fb8d5b-b48a-4382-9e6c-0ebd9df59de2,74ad3d40-2592-4821-a38e-36590ea74c68,ChIJHZoxKrPjDDkRG6jciOAg1Ic,booking,2025-12-24T17:29:46.004612
2d32ad45-7313-473d-a39f-46d8a3de539b,d29e6b85-cdf9-462f-8815-6dfeff9a152f,ChIJP6tpxmiqDTkRK1TQg7pafpw,view,2025-12-24T23:29:46.004612
5bd78159-aba0-4f57-9e2e-acdd935c40ad,2a2a8f2c-ddf2-496a-b7dd-03d2d93bf249,ChIJC-P-G5gCDTkRpV3HzHjERLA,click,2025-12-25T02:29:46.004612
02fce750-aeff-4295-9bdc-e282ecd933e4,01d97da9-9450-46d0-9d48-4d63b6ee1037,ChIJVWI3S-MfDTkRWw65C3hVwe8,view,2025-12-25T04:29:46.004612
5bd31263-db46-4105-9ee8-7163cad317b5,10e75ef2-4399-4391-a2b7-17ac26c011aa,ChIJ374hXsgDDTkRRRix0z5YTcQ,view,2025-12-25T05:29:46.004612
97d1b481-ab17-4aa1-8745-b81aee80b7a0,98e4f59a-5671-44a4-95c3-9fe7f00ace75,ChIJN4mrAP8DDTkRdYDOnNgL40w,view,2025-12-25T07:29:46.004612
862b0bb2-df9a-49a3-90f5-c0498dd7f28f,1af78088-0b1c-47f9-b1dc-923c9353f8b4,ChIJWRkUo-8DDTkRI5QgI0OqdsI,booking,2025-12-25T07:29:46.004612
1fb192dc-d3e2-4edf-8b95-f205525e74d0,b1998710-c279-4d01-817d-c99ad02236af,ChIJaf9ECAAZDTkRC8nY0G2d1SY,click,2025-12-25T10:29:46.004612
83f4e4a2-9ff5-4fdc-95e7-9c07c11c0cfa,cce8c56a-e309-4b1b-a10f-aa98d1c1a2e6,ChIJa2dbPJkCDTkRh57e5vMUkj4,click,2025-12-25T11:29:46.004612
cc85fb3b-cca4-4dcf-ae1e-5c72f253969a,7982c846-d69e-4f9f-8142-bed1f5e309f0,ChIJa2MsH6MCDTkR2k0d3sh8BGU,booking,2025-12-25T12:29:46.004612
9bcf9dae-bb7a-4e1d-b708-2c1f0b459cc0,1afdbaef-b1c9-4af6-b3fd-0657dd8126f6,ChIJmTJKjpsCDTkR1STz4I0smpo,rating,2025-12-25T14:29:46.004612
a2e4482c-4687-4900-b351-b97f9ce0cfc3,33397e6e-13d7-49e1-9503-70a9f4200e71,ChIJG7ishgb9DDkRnIrNWT8PfPM,view,2025-12-25T15:29:46.004612
4f74932a-8d8f-44c9-90b4-97d0e0e80f94,2cf4a0e9-b235-47bd-bea5-d3539ba5581d,ChIJC4qlMTf9DDkRhRQpkx58hqI,rating,2025-12-25T16:29:46.004612
5a391ecc-08cb-4f5c-a9a6-62b5c1f9fd44,4e9359e0-a2c8-48de-b32c-17fee0cf5c36,ChIJHcE1PUsYDTkRk6DOqjzqpVQ,view,2025-12-25T16:29:46.004612
b1fe831f-547e-4ff9-9f55-19a26151c8c9,3015c9b6-5899-4199-bf11-0dce85a55a7f,ChIJkVWZhsvkDDkRBjzrN61i9fQ,click,2025-12-25T16:29:46.004612
6a115315-743c-4d72-a9c6-2d24a0e435ee,6937561c-f57e-43d6-94dd-239d2a10af5f,ChIJAw2759jjDDkReqlGzFG1rN8,view,2025-12-25T17:29:46.004612
5c86bc9c-13b2-4b11-a65f-d74b8a790af9,8e935e7a-0260-49cb-aa1e-48267d2f9a18,ChIJHfZfh2kZDTkRAs6yvHNDDwI,view,2025-12-25T18:29:46.004612
1ddc6f26-ff1a-49e9-be74-9592b61eee78,217befaa-a458-450a-8c24-12aadb4c1f66,ChIJGUDZB-YfDTkRTOuIuy7EK9Q,view,2025-12-25T18:29:46.004612
1ac95373-dddd-40a8-a62c-1d5e83186c16,455c5038-f0da-4351-8e44-5c698fbb3cd4,ChIJuZcQSHoYDTkR8OykqL6oCRA,view,2025-12-25T19:29:46.004612
2581d0dd-ec35-4e62-ae1d-cfb27a235732,efd72ece-80e7-4e54-bde7-7b22ec0a290b,ChIJP1vHsD_cDDkRdzvsWXI8hbc,click,2025-12-25T20:29:46.004612
2ce2a9b9-5552-4560-b70d-ae646aae01e2,e7846780-b12f-477e-9b42-13be2a46552a,ChIJ_aDnf8sVDTkRnJ0EHXJQld4,view,2025-12-25T21:29:46.004612
fbc38064-faf6-4f5e-bf00-88964aa4d61c,03c6f2e7-c9cd-4768-94d6-a9ec4429752f,ChIJj9ohA_sZDTkRzpldRlEu7O8,view,2025-12-25T21:29:46.004612
b0da3add-437c-400c-b4af-f9cf2e63713b,edc86b94-a97d-41c0-ba0e-891091c3f233,ChIJ8eXMjBQDDTkRB0vq5KGUuro,view,2025-12-25T22:29:46.004612
b7577240-c06e-4c15-96a0-198a7417728e,2e1aac52-247d-4fc8-a7ad-1af63ee89bca,ChIJ5RheowbkDDkRtDC1TjcYz1w,view,2025-12-25T22:29:46.004612
bb40f516-7c75-4e77-9ca1-f04682ccccef,f2b832c6-31cb-4296-93c7-38b91309e699,ChIJF7Cpu4YdDTkR64xYubWmXq4,click,2025-12-25T22:29:46.004612
f8e2ed54-b633-4b8d-a93b-3e9577f3bd6e,242eaaec-3cbd-4c88-ad5b-70f7c5eb03a4,ChIJD28IYhABDTkR33cJ9vppB2M,view,2025-12-25T22:29:46.004612
c29810ec-41f6-431d-8918-2b435c3466a2,db457081-4cae-4dce-9ccc-f0545849532e,ChIJdb2nSwwZDTkR_qFicz-CfPw,view,2025-12-26T00:29:46.004612
e6dc877f-021e-4808-9bc5-769f7eca9ecd,db757573-d418-4493-aeaf-4a5ea11c09ab,ChIJAQDviIUCDTkRGce6KapJ6xw,view,2025-12-26T01:29:46.004612
6e6c21c9-cad7-4d2e-92bc-1ee4fe8e1848,67364aa1-8d07-45f5-941f-31b64963f318,ChIJx_FdBwDnDDkRBnx9GzcApi8,click,2025-12-26T01:29:46.004612
93bbd4f4-01ba-42ef-af7e-c33023d362d8,81896acb-b496-4804-bfdd-792aec7d47ea,ChIJtwsPvxsXDTkRbnLWQkgcsoU,rating,2025-12-26T02:29:46.004612
18f92084-076e-455f-a70f-c1369e5c8f1b,da9b2f0d-d096-4cea-954a-60d89171bcc7,ChIJW1fDLSUbDTkRityti1y0TWk,view,2025-12-26T03:29:46.004612
a6a04b3d-3e39-4077-a536-3920f5e21bf5,10287ce6-65b9-4142-8b2a-cf7790da529f,ChIJ-V35ZQLkDDkRAN9EIFb6qLA,view,2025-12-26T03:29:46.004612
29d594db-4077-4f51-ac69-b9a18a9ddc61,b7568585-cef1-401a-bfc8-42122cfb985d,ChIJOWkXrRcbDTkROW7di1XMXsA,view,2025-12-26T04:29:46.004612
1b3ebbb1-23d4-4ec9-9c7e-9010db2e5af0,d0ff5ea0-21b1-4d08-96e0-2be464aec051,ChIJI5Qg-hYeDTkRJPOLBw0uKeQ,view,2025-12-26T05:29:46.004612
f1915d19-5c5f-42f8-af7f-371da43e644e,bf4a6286-f6db-40cb-9bcc-9a1a9f09f2a0,ChIJK8q9_lrhDDkR6E6lBzzBCxQ,view,2025-12-26T06:29:46.004612
6506cb4a-0244-4a93-af89-d0a860840d37,465b38fd-b023-42c8-ac74-4f3a04c11aef,ChIJoRD2ulIbDTkRSe133WMqhaI,view,2025-12-26T06:29:46.004612
bdf581a4-83a3-400e-a76d-4c94f3d5df9c,7d8adac2-b34a-427b-91a4-cc8abd138e9c,ChIJrVtbefw9DTkRPqlo2vY-j1s,view,2025-12-26T07:29:46.004612
cfdb0df9-2268-4470-b41b-1f60ed8b8325,a67483a0-bba7-4549-b3cc-1da04bc4ad8e,ChIJ6XfP3Yn7DDkR7EkhxIHNGO4,view,2025-12-26T08:29:46.004612
1a2d5333-1e45-445f-a6d5-31d98cebb617,7b25bca1-5cf8-4df1-a24f-5c00b397a370,ChIJ9bGyTpwCDTkRpCJHmrLyp8g,click,2025-12-26T08:29:46.004612
b19d89e6-14d6-42af-a3a8-7b89e092bdcf,67e6daba-b5fb-4298-a055-22ac933c8ab2,ChIJ48E4IKoZDTkRUDIRdG8HzTI,click,2025-12-26T08:29:46.004612
21e24019-09ef-4297-985a-c0eb4435bac2,a67483a0-bba7-4549-b3cc-1da04bc4ad8e,ChIJQb2D4b8DDTkRq0dRnD7Y1VI,view,2025-12-26T10:29:46.004612
4dfce3ac-f811-4ddf-bea5-e63894564db3,20065164-876c-4db0-b1e2-47612559208a,ChIJE94Ic8AHDTkRHl5uQ9veo-s,view,2025-12-26T10:29:46.004612
609ad868-fc40-4920-98d5-0f5bdfb85fda,74f869b6-84dc-476e-88de-57c3636377a7,ChIJu32QGTP_DDkRokwZ4k-ZmZ8,view,2025-12-26T10:29:46.004612
369287a2-f316-44a8-8747-a4761e9883f7,9c9bbc96-a034-46f6-9517-98986f690a92,ChIJuXLbfLffDDkRxy1PB4zL1WA,click,2025-12-26T12:29:46.004612
08dd9f3b-520d-4f56-808c-fc7df2aa6ba9,74f869b6-84dc-476e-88de-57c3636377a7,ChIJdXE5kq8ZDTkR3XRcDlA5Alk,view,2025-12-26T12:29:46.004612
b1eda348-3686-491e-8c19-bdc80f6e1512,0017310a-c3e7-4737-8d72-a3e46b8bab54,ChIJGSgZBUEcDTkRRd8_ULbNj6U,click,2025-12-26T12:29:46.004612
7ba13477-dcdc-4097-889c-d4ee447ba211,45851b54-9ffa-4405-ab68-681909d82682,ChIJawhvr7PnDDkRzK8CptG0rAo,view,2025-12-26T13:29:46.004612
8a49f38f-d90e-4e86-9c2d-a93c3eb04e0b,d75e85d1-0d9b-4036-b0ca-d4b0e37153f8,ChIJZyIlaxwZDTkRlnVSGo9liHo,click,2025-12-26T14:29:46.004612
b42e875f-0c6b-48ec-9bc4-d086c8aa6dc9,3b428902-1fa1-4f4b-832a-63e59efc721e,ChIJT8kShEAZDTkRl2U1GRhAYN8,rating,2025-12-26T14:29:46.004612
df04283f-4221-4220-b452-6f086fdbcf4b,a7cc2721-25a5-4249-96c5-dd28b2e6a2d2,ChIJNU3GbwAFDTkRd1SNKICWQos,view,2025-12-26T15:29:46.004612
c16e84be-b97d-4f85-8641-fbe8d9c751ea,7d11a3e6-38c9-4c51-b54c-9616796ccf44,ChIJ_5Hg9YIFDTkRXwEXjrDM4mM,view,2025-12-26T16:29:46.004612
b9d13f00-edc2-45d7-867c-73a074518543,df95df7b-505f-484d-a77d-0f4a6cff7299,ChIJKWnq_wPkDDkR5dlmfoAQhCE,click,2025-12-26T16:29:46.004612
47a395d5-d100-402f-a003-0dcbc8092ea6,ed413153-57f8-45f0-bdeb-8be9375fe111,ChIJPQR11mkEDTkRFscLu0VKDTE,view,2025-12-26T16:29:46.004612
22928cd2-d9ef-43a1-af8c-94458467c45d,b90825c7-9af5-430a-bb5b-94f97f9edac2,ChIJ5xMxsdwDDTkRmPBTgKIUMbo,booking,2025-12-26T18:29:46.004612
f8f1ba17-3095-44e6-a8cc-71c7556d1825,4fc25487-3a6c-4534-a98a-c87948cb8300,ChIJ-XvcAPgdDTkRFvBaEfggBoE,view,2025-12-26T19:29:46.004612
f384e835-01bb-484c-aa97-9ccfd0ec645a,4f6b2cdd-7c5e-42e9-a615-b9d0e094dd29,ChIJE-nHCOw9DTkRWoaV4qW-0B8,view,2025-12-26T20:29:46.004612
ea0debfd-f2f8-401a-8cb4-b1c7f540c19a,67364aa1-8d07-45f5-941f-31b64963f318,ChIJ8XJNQSHnDDkR60BZUyvH0_8,view,2025-12-26T20:29:46.004612
afd0bc1d-bb43-4e53-b429-f5c50f967130,9d11d036-b210-4371-be0e-9867403d23dc,ChIJm-_MRdgJDTkRaZlhQn1wdRo,view,2025-12-26T21:29:46.004612
4c4703da-64e4-44fa-ab12-886921a0de90,2c0c18c4-b0f1-44e3-a7bc-9b9d8a191886,ChIJganRVJAjDTkRuq61WMKx4NQ,view,2025-12-26T22:29:46.004612
cf8126c7-035a-4719-afc4-330a701ecea9,2fa7bd5e-bc33-4237-aaab-2e9ccd14f633,ChIJW2xl_aT9DDkRXJh6k_z5vC4,click,2025-12-26T23:29:46.004612
0712d21a-811c-4e4f-b9c3-526f77f92cc3,a4242dbd-9983-4afb-a44f-2f856be11ace,ChIJZfR22t4DDTkRGeZis44ky1o,click,2025-12-27T01:29:46.004612
fd302166-7307-460f-b6e5-c7f727b9bcfe,d694e279-26f0-478e-a275-e78f43bbc3be,ChIJqXNAFM4JDTkRv9fJ8SQ8ADM,rating,2025-12-27T01:29:46.004612
485ce3cf-c624-4e54-a954-4da06a0a98d6,76494271-a595-49c7-8fcf-cdbb4ac3c3b9,ChIJPeq9RFDnDDkR3ThA8S-1P4Y,view,2025-12-27T01:29:46.004612
c14a7e1d-a918-42b1-8e54-b3ba2850846a,4f6b2cdd-7c5e-42e9-a615-b9d0e094dd29,ChIJ64ybpDgFDTkRNm-JNcbqCuE,click,2025-12-27T02:29:46.004612
4e20c2ba-7b18-41d2-931f-0b2a108921c0,5411c625-0363-45d1-8312-e40a866e6d71,ChIJWdsZcpYDDTkRbJ9VIM03aUs,click,2025-12-27T04:29:46.004612
c8c833c1-0a43-41fe-ad70-c3c2ca2daec2,fcb72392-8ff6-441f-b444-3ef00c0af658,ChIJBXLyghI9DTkRRrOaOusMssk,view,2025-12-27T05:29:46.004612
55e9dbee-02d6-42da-89f6-874e412939a8,c4260743-0058-48a7-a3f8-b4929bdd3743,ChIJKfbCnXodDTkRoHUFJ9xu2HQ,view,2025-12-27T06:29:46.004612
1653723b-e8e7-4ba2-b8a0-2d28fab44b23,b988bd2a-7c75-4df8-b2db-28493c0a7680,ChIJyd_rr2UBDTkRjfnsPvF7feY,view,2025-12-27T07:29:46.004612
72dc54ac-a86b-4386-a94b-91805fead401,c4260743-0058-48a7-a3f8-b4929bdd3743,ChIJE7CtJRT9DDkR9LyAsvfENVs,view,2025-12-27T08:29:46.004612
5e6433c1-970c-478d-977d-7bfacddf29c2,839088d5-7b33-40bf-8bf6-49d5f44731c4,ChIJLXu-o_3kDDkRQFo-tpFQDCk,view,2025-12-27T09:29:46.004612
dfe1a11e-e3ba-4853-8b50-b3e1706bc145,71ae3c55-6348-4d79-99bb-9c5d39142091,ChIJBXnLrFvhDDkRAiQRIACRglQ,click,2025-12-27T10:29:46.004612
35817ce4-f032-40f8-ad1c-89328943d94c,8c0efedc-1d9e-4474-a375-d497de640a07,ChIJj3OjmdKtDTkRvWh_wE1co6E,view,2025-12-27T10:29:46.004612
b7174ee0-12ba-48ed-a413-db760343751e,8c30620c-53b0-4082-b6e7-989999a6a645,ChIJOeYjR7WrDTkRgkC5GYzgCSc,view,2025-12-27T11:29:46.004612
d793cee1-689f-43ac-b321-4e93fb752c77,3c6b907b-a9a0-4ec9-9d24-fec31f360051,ChIJP6tpxmiqDTkRK1TQg7pafpw,view,2025-12-27T11:29:46.004612
7d9dd771-eab3-4db6-a73e-6f68f300a621,216821c0-ba84-464d-9d3e-455250a05e9f,ChIJ3bgkcZ8CDTkRTihSIjfk7w0,view,2025-12-27T12:29:46.004612
31b52946-d1dc-4435-9e50-7054282838da,6f2154b1-c2c9-4669-b941-b2cb97c01852,ChIJda712aMDDTkRHVw3A7xAp0Q,view,2025-12-27T13:29:46.004612
e2763b9f-0c04-46d3-b8a4-1c8501c87855,6f5cee92-8e7c-4c1c-9d8c-411e6f4f82bd,ChIJx6k4HM4ZDTkRPN4jwRg4X8M,view,2025-12-27T17:29:46.004612
5e08864f-d20d-4df0-b027-4a3b497d6009,d16cdef1-96c2-4f1f-8bcd-9b46274759c5,ChIJAw2759jjDDkReqlGzFG1rN8,view,2025-12-27T17:29:46.004612
9f132114-c609-4b17-a418-8050fafbff6b,1168582a-a016-437c-a4ff-15850825f071,ChIJYd2edCEPDTkRXh72EOAVeTg,view,2025-12-27T17:29:46.004612
82f459f6-1e31-4a8d-8eff-e27eb5f0b9d8,7779069e-c5ed-4221-b334-a4a5bccb349a,ChIJefT_XP8ZDTkRD_-feFIklCk,view,2025-12-27T18:29:46.004612
0e45dc21-b012-449c-8f4e-3a0ecee6ef8c,5634ccaa-f864-4d36-8a6c-77bded2a45ca,ChIJo8imMzXjDDkR491FFKkskUk,view,2025-12-27T18:29:46.004612
6da13847-7927-4346-b518-56b12f82ac29,d0ff5ea0-21b1-4d08-96e0-2be464aec051,ChIJefT_XP8ZDTkRD_-feFIklCk,view,2025-12-27T19:29:46.004612
7b012e58-86f6-4ba6-9381-caa99e73fd21,f0abf17e-55d4-4b53-a889-e6b8756557cc,ChIJeZFe5kcPDTkRrhgPmHzFA_A,view,2025-12-27T19:29:46.004612
99b836dc-3e1b-4665-a939-4dbc04f4d912,6d77fd2f-12f8-44f7-9f3d-0955d9330f54,ChIJIQA2Z7wfDTkRZw25k-8InI0,view,2025-12-27T19:29:46.004612
a4f2d5d1-cd64-4a89-961d-fb551ca52370,cd5f98c4-435d-44c6-b897-bd98a994cdf6,ChIJi4GTF0H7DDkR25QXfXu1Uac,rating,2025-12-27T20:29:46.004612
5197ea6c-af8b-4b19-8e8d-932513c14b8a,f6bca5e6-d93f-4742-9d35-8b9c2d6ae349,ChIJAZRhEZWjDTkRjOCGULUsIM0,click,2025-12-27T20:29:46.004612
7457e6a5-aa24-42ab-8b29-08708c6d10ed,f92946ca-6620-4d98-aaf2-fe22830211f2,ChIJAzdTzS7jDDkRIt7HRR47yfc,click,2025-12-27T20:29:46.004612
28f0a85c-ccf7-4d59-81dd-f9df53b90578,d6c92fba-1649-488b-ab2d-05bd565daea4,ChIJt5NINK-rDTkR6hsYRxJory0,rating,2025-12-27T21:29:46.004612
eddf9e3b-2f94-4ace-a35a-5f0dc9e749b9,b8280c36-4b28-45ac-a1d6-ac369a47ebea,ChIJ8eQZ5P4bDTkRHptlV4BmkLY,view,2025-12-27T21:29:46.004612
848aa915-a1fd-4d9a-ae54-55fda2cef2f0,2fd646f2-e520-44d5-91cc-a0c8d5556ccd,ChIJqaoxLsUEDTkR-NjBX_zkwmo,view,2025-12-27T23:29:46.004612
215937ff-05da-464a-a753-779f458b3bd1,82703928-e288-4c52-85cb-7d60ddd1bf9a,ChIJ7aqq-vTkDDkRgQTJLDQBQlA,click,2025-12-28T00:29:46.004612
641501f5-0009-4107-b151-a352930f5a85,19eaa5b2-8d2c-433e-8ca9-a8410959b4b3,ChIJkVM5FkgYDTkRPZkgLsmOLLE,view,2025-12-28T01:29:46.004612
189cc53b-dba1-4f50-b45d-46729b029003,6937561c-f57e-43d6-94dd-239d2a10af5f,ChIJNZIqYG0bDTkRdTH5rWIGgSM,view,2025-12-28T03:29:46.004612
ffa0c18c-2b36-4d41-a403-721856063970,3b428902-1fa1-4f4b-832a-63e59efc721e,ChIJa0S09SwYDTkRYlUWmvR1zMg,view,2025-12-28T03:29:46.004612
20cd028a-0f19-438c-a5ba-0bed01222318,4ce15bcd-d008-4633-907c-6d683f1b45b9,ChIJ02Bkw2gYDTkRTp9KZwPMeG8,click,2025-12-28T03:29:46.004612
bc23b85d-f4f5-407e-befe-0b7929c01fe4,67e6daba-b5fb-4298-a055-22ac933c8ab2,ChIJ7__72BTdDDkR4IspIyx07sM,click,2025-12-28T04:29:46.004612
12136a81-b59d-4e4c-9749-58b1163e0a23,7f29a7e8-29b8-4038-bc46-8a33d2e3a8c9,ChIJT1_dZwDjDDkRnebfK5pM3Es,view,2025-12-28T05:29:46.004612
3ffde279-3159-417a-92cd-b5c416ccc1be,fa110865-51ea-4a5b-ba2d-a9cb901012a8,ChIJ4QSpaUwbDTkRTJLcTeZmT64,view,2025-12-28T06:29:46.004612
aad399dd-92d7-4ed8-bcb5-b8de35f9c651,6c2832ef-52b7-4ee9-85e0-7f010f2ca247,ChIJcU_DX6j_DDkRgq0yuWNNbMg,booking,2025-12-28T07:29:46.004612
6f174f5e-dd7d-458b-81e7-cbdec1ebc8df,63b5bdd1-bc81-48ec-bf19-eb5122086ace,ChIJ374hXsgDDTkRRRix0z5YTcQ,view,2025-12-28T08:29:46.004612
8d10e452-fccc-489e-b14a-e00fafe5e4e6,dedb4304-bec8-4355-954d-14319cfb705a,ChIJTyMFBar8DDkRR_cmTPi5jkw,click,2025-12-28T08:29:46.004612
67c6f44d-26c1-43ca-a708-84fe07318967,dbca0a66-9608-436f-8ea5-710f955c0a74,ChIJwyap0C4ZDTkRoNal--atvHU,view,2025-12-28T08:29:46.004612
8bfe3ebf-aafc-4ab9-b310-c22115d4765b,caab4413-f522-45f3-922c-28d705578a11,ChIJf6Yq7tHjDDkR9wn1DIoV_GM,view,2025-12-28T08:29:46.004612
44128765-d71f-4f12-bca2-5d646a292879,3f499889-a418-497c-916e-2919e78cf28b,ChIJi147UAAVDTkRWcXTa5zs4h4,view,2025-12-28T08:29:46.004612
7602a2ca-7e4b-4a3b-abd3-c430c15d4cd1,42536817-5943-4069-999f-811aabc65160,ChIJf_1WQ0H9DDkRRBGIPpYPrC4,view,2025-12-28T09:29:46.004612
2217c3e0-4ec7-4ab2-ac47-57137fb99c04,afee0ca8-aa1a-4864-be53-1421a03ede9c,ChIJ51yNUgbjDDkRhRjK5RkEXn4,view,2025-12-28T09:29:46.004612
ffd250ab-7174-4443-9b43-8d11878850ce,363eabf7-9851-4ce3-aca3-6c053f03ad0e,ChIJtdwaGPMYDTkRQK0oAP05IEI,view,2025-12-28T09:29:46.004612
a65cc17a-2d1d-4df4-8bfc-ccccfe33bd15,fd0a9c7d-c212-4dd1-94af-29cd1630015c,ChIJs6KqbUwFDTkRsT_CP-hoENs,view,2025-12-28T10:29:46.004612
65532666-9917-4527-ac37-683b155f0a1b,7779069e-c5ed-4221-b334-a4a5bccb349a,ChIJi36xEZ8bDTkR4WthqzO9FOk,click,2025-12-28T11:29:46.004612
c61018c2-f81d-4efb-a5b5-f97f204d2b6f,455c5038-f0da-4351-8e44-5c698fbb3cd4,ChIJjWa5JFAPDTkRDAWNgAmRllc,view,2025-12-28T11:29:46.004612
f3321ffb-23d8-4d95-afeb-7f9582f04d4f,6ff6f214-34c6-4b5d-be45-6bad358924b7,ChIJNd3Rgof7DDkRzKLLIAzxI6Y,view,2025-12-28T12:29:46.004612
3f440641-644a-46d3-ad4b-5dd5c229efcf,5fc98c67-e5e9-43f6-8188-59f70e55c234,ChIJUe6L_IT7DDkRZIuJu1OTSfA,view,2025-12-28T12:29:46.004612
cbe69559-eb3f-413c-aa43-81d121a67087,55d1592c-6b83-4763-bc4a-ec29a66a4d8f,ChIJPdbsEubdDDkREN5Uabi4_aQ,booking,2025-12-28T13:29:46.004612
0c45bbe5-aff1-4c11-b6da-b246da3a7d8d,6c2832ef-52b7-4ee9-85e0-7f010f2ca247,ChIJu2YFVjb9DDkR0KTtXpZwXtA,booking,2025-12-28T13:29:46.004612
42d42ad3-a2a4-4fb4-8509-19bcb461bf48,054e41aa-8836-4baa-967d-1a4b72099979,ChIJ3RlMdckBDTkR0pjpqymKelw,click,2025-12-28T15:29:46.004612
de85dc4b-58a1-4640-a72a-dfdd66c2442f,dedb4304-bec8-4355-954d-14319cfb705a,ChIJBz-A1bT9DDkRyCwXhKz5ZC8,view,2025-12-28T15:29:46.004612
539753f9-ae5d-4da5-9002-840f5ca1281d,054e41aa-8836-4baa-967d-1a4b72099979,ChIJQ5QKh-cBDTkRdH8g2foHdjc,click,2025-12-28T15:29:46.004612
970721b4-e378-4240-a3ee-233a95d1af86,557d605a-e639-4ef3-9f0a-8d9ce87566ba,ChIJG8xOITwZDTkRA5LpEQ9_5hA,click,2025-12-28T15:29:46.004612
2f720dda-13ec-40c6-814d-58e595aa7a21,05f1d6d4-2877-47cb-9725-75bbc4956be0,ChIJw38BrVMZDTkR5GJOODWBotg,view,2025-12-28T16:29:46.004612
6dba439e-41c0-4b74-a618-d951fc4be723,74c2d5ae-5c70-47b1-9aa6-a69c4234b58f,ChIJZ8qlyNIODTkRGzLMscwXcVg,click,2025-12-28T17:29:46.004612
d45901da-42da-471f-a954-932d54a3ad62,b988bd2a-7c75-4df8-b2db-28493c0a7680,ChIJHxgBSKEDDTkR2BDdp2oSkYg,view,2025-12-28T18:29:46.004612
5ed77407-9894-45e2-bdf6-e1c5bf05089e,f1951d22-67a0-41cf-88b4-fca26b5a0ad8,ChIJhzHamC_iDDkRkUSrm3hnORw,click,2025-12-28T21:29:46.004612
004eef32-d09d-4213-ac4c-f65f20f9113d,15bc78d3-1d91-47eb-9b28-2cb4422ed832,ChIJSQ2YOw8iDTkRoX6IDTHFSr8,click,2025-12-28T21:29:46.004612
6ccf6058-ee89-4d96-bcd6-20a6c8a6d1b6,24f94256-cfb0-4089-81aa-5730704504ef,ChIJx2G4jXwDDTkRHWHRAX90qJg,click,2025-12-28T21:29:46.004612
47456549-c8a0-4216-94f8-a703130c4f96,e7483e8d-5e2f-48fd-be42-05bb11f1c1e8,ChIJWUK7TDoZDTkRdp-9-g52j1k,view,2025-12-28T21:29:46.004612
33b8204f-8764-4bcd-a5c8-e8e9740860b1,5c188236-04ed-4ee0-a96b-0af143487f5d,ChIJgfLBXRgeDTkRlsDBRnel4Ws,view,2025-12-28T22:29:46.004612
39ed29d4-789c-4a42-8d9d-db8912456468,25b120ae-05d7-4db4-97be-65de8c6ce579,ChIJSYldhsvkDDkRzAmX8vxgfs0,view,2025-12-28T23:29:46.004612
921ad24c-949b-4f1e-be4e-7404e106dd57,799aa2d6-3c57-455e-b252-e547096f6c65,ChIJTYaPJtkdDTkRueyL3cN2yXA,view,2025-12-29T00:29:46.004612
aad1d133-88f7-4547-97ee-2db4db320f71,07f01097-d530-4312-baab-84f09e19bebc,ChIJ0_y8CMkaDTkRQfaV0zBk2QE,view,2025-12-29T01:29:46.004612
dc67bd79-7ea7-48ef-8520-277b740f772d,6edb4a6d-c6d9-42fe-8f07-3f162343fa8c,ChIJp4vc-_IHDTkRb_HfVWOCbec,view,2025-12-29T01:29:46.004612
e479ec1d-8426-4550-9337-c4f7e5f218b3,bab17f22-cf43-4897-a023-31b708559dfb,ChIJe_7OFZoXDTkRoDVLEQfnHHU,click,2025-12-29T03:29:46.004612
89c79e56-12cd-49cd-be63-fba95e48f9f2,fd0a9c7d-c212-4dd1-94af-29cd1630015c,ChIJ1QGaMpkCDTkRKj4GIDBC48o,view,2025-12-29T04:29:46.004612
c15463a8-9265-4328-bb56-b73d949beaf6,5d1a8502-0bde-4cbf-abb8-8046f6e08c8f,ChIJR3-TfVQZDTkRhVHU7cnbjZw,rating,2025-12-29T05:29:46.004612
6465c1d5-1d5b-4dab-ad29-a2992702fbe1,ef575917-4cb4-4cbd-903d-4be53a66ca29,ChIJF1rwqbA_DTkRKDUXfcJj9g4,view,2025-12-29T06:29:46.004612
58c7dca0-fe05-449b-8267-140556a514cd,565135ed-0dc7-44c1-94ec-6e217b95e3e7,ChIJqXNvIZUdDTkR25SLKrXqpcs,click,2025-12-29T07:29:46.004612
55850c60-cd9d-434d-b7a6-ac674dba7ccd,12e57e00-9995-464b-98d6-47b66b2e11dc,ChIJ94OtjosHDTkRNzEsMJsW-jg,view,2025-12-29T07:29:46.004612
36f25b42-709e-49c2-91df-3fb0ef6145f0,594d3d8a-35f8-41cc-8de8-d3f2d5ac97b0,ChIJAQAAAKHThDkROOHqJK8SqEQ,click,2025-12-29T09:29:46.004612
16a6656c-2549-4e12-a4e2-11f5cbbf374b,55d1592c-6b83-4763-bc4a-ec29a66a4d8f,ChIJ8b0cjakbDTkRswKAZj95Mjk,view,2025-12-29T09:29:46.004612
177b5a28-7b2a-4545-a53e-28b863300a0f,52c153e2-41de-4d35-810b-c52b9f4a0421,ChIJawhvr7PnDDkRzK8CptG0rAo,click,2025-12-29T11:29:46.004612
5d858f88-3d23-4a0d-b0c3-617b86b92b8d,a9e7889e-fdaa-4b54-9fe8-9364200b7f6f,ChIJv1JvttIYDTkR6QQG8Hbu9Io,view,2025-12-29T13:29:46.004612
8dc4d311-0ace-40ea-bb3f-235ee534b7d9,52c153e2-41de-4d35-810b-c52b9f4a0421,ChIJZazyR6vdDDkReF4YzZwjGLw,click,2025-12-29T13:29:46.004612
eb060489-7cf5-4159-a7ff-74fd1dff8593,9b8b2cdf-b647-436c-bfa1-08291768ca1c,ChIJQahY2GoFDTkRf9MrvyfY8Wo,click,2025-12-29T13:29:46.004612
c9af1349-612b-40c0-a733-fbc8d7cadbba,2a2a8f2c-ddf2-496a-b7dd-03d2d93bf249,ChIJJZbBIxcdDTkRWHSDuiBGNDc,view,2025-12-29T17:29:46.004612
6188490e-cf9b-44ce-9f6f-b699a063552d,6dcfb609-2ce5-4bdb-87fc-08118fcee7e6,ChIJCbfAqZ4CDTkRXDM5WL-Z6nc,view,2025-12-29T18:29:46.004612
e5de6736-cf7f-490a-ac5f-5173c87d9f67,d16cdef1-96c2-4f1f-8bcd-9b46274759c5,ChIJuS9QqWoHDTkRK828ZAauYDE,click,2025-12-29T22:29:46.004612
1677af7e-0f1e-4142-8c9d-e707fc1082ed,4fc25487-3a6c-4534-a98a-c87948cb8300,ChIJ9Xii03PiDDkRFaoIddnxtns,booking,2025-12-30T00:29:46.004612
e6d6d6c8-7da9-45e3-a145-a0cbdfe2c094,347df7b2-6daf-4811-bb35-2ef31257a753,ChIJ61WTkQ8BDTkROsXSSW6I5SQ,click,2025-12-30T00:29:46.004612
40868a6c-f5e7-4aa3-9300-aff61d745fe1,bed6aa64-aa16-4b8d-ae0a-08044b6f518f,ChIJNZIqYG0bDTkRdTH5rWIGgSM,view,2025-12-30T01:29:46.004612
e52a418b-3e72-4ecd-97a9-fb4f4364551f,5634ccaa-f864-4d36-8a6c-77bded2a45ca,ChIJd6srbPEdDTkR7DweAzHQPI4,view,2025-12-30T02:29:46.004612
4bdbede9-1132-41ab-8cee-c4c8e1ee025e,deefffa1-96ae-4ef6-ba08-7bc27c9629e2,ChIJx_FdBwDnDDkRBnx9GzcApi8,booking,2025-12-30T02:29:46.004612
905e73c5-3fd3-4fbb-b1e8-d8b1b1e2fe90,fcb72392-8ff6-441f-b444-3ef00c0af658,ChIJp1raBtP9DDkRj02Yk5kcBcY,view,2025-12-30T03:29:46.004612
09d0b4c5-7c76-49f3-99a1-8b0d16cb863c,454fa168-4941-434c-a50d-28b215c69bf1,ChIJuzFfhHP9DDkRoWxD6RIlgzY,click,2025-12-30T04:29:46.004612
ff5f9518-b5e1-4f61-b9cd-5e8cbb7791c9,c4260743-0058-48a7-a3f8-b4929bdd3743,ChIJjWa5JFAPDTkRDAWNgAmRllc,view,2025-12-30T04:29:46.004612
b494747c-fe73-4071-80ce-714fc0851d5c,2fae13cb-f7a9-4b09-923d-f2e6f812a3cc,ChIJwXk9hdr9DDkR2FSvNa9XuIo,click,2025-12-30T04:29:46.004612
972eca55-eb70-455e-b047-fcda635417e0,4ef76e02-bb82-46e4-b94e-a2762f4f3e40,ChIJa9fUXWDjDDkREFvr2Csh_lQ,view,2025-12-30T05:29:46.004612
4706dfd5-3d5e-4aae-b479-f0bd703945d4,b8280c36-4b28-45ac-a1d6-ac369a47ebea,ChIJe2r3TGoDDTkRE13K07ETc9I,view,2025-12-30T06:29:46.004612
80defa35-8040-40c0-9581-16fa83e570aa,03c6f2e7-c9cd-4768-94d6-a9ec4429752f,ChIJ_6r0CQmrDTkRA9wwZDVV-LE,view,2025-12-30T07:29:46.004612
fb0e27aa-7d44-440a-a452-815267828e9b,5634ccaa-f864-4d36-8a6c-77bded2a45ca,ChIJ74P05McBDTkRI1DrZsSufxA,view,2025-12-30T07:29:46.004612
26315c8b-a961-4fe1-8083-97e659a2a37e,ec9d8689-eafc-4031-b2bb-9c7ab11601ae,ChIJ8VV1bwLkDDkRXF4dKZb7rf0,click,2025-12-30T08:29:46.004612
e675c63b-6ebe-4d73-a3d2-0e63e46b0392,bb74e6c0-1515-41e7-a45d-f026aff79822,ChIJ____v1M8DTkRORbMFsPZdfY,view,2025-12-30T09:29:46.004612
b209aa7a-f5c8-4089-964d-93167d1ed2d5,c4fdb3d6-600d-4485-9c08-ff6f8ea29afd,ChIJjyeFQCMfDTkRJuuH8AyC5YE,view,2025-12-30T11:29:46.004612
d7573bad-c382-4ab0-a8e9-29450ebb5fed,df95df7b-505f-484d-a77d-0f4a6cff7299,ChIJAaXhBdofDTkRjJVX_cRNLSQ,view,2025-12-30T12:29:46.004612
1b98b9fa-70d4-4422-9fdd-485a608b7275,bf8ef2c4-1eb7-42ca-8be6-f2bef274044f,ChIJ6VKu20AFDTkR0gckv0FCS3M,view,2025-12-30T12:29:46.004612
78cda855-d0f4-4907-aa5c-6312f7156517,9d8fa24e-9ba2-4485-a6e5-5df3ee87e764,ChIJP8qaCJ_iDDkR0vVkDdWGYSU,view,2025-12-30T14:29:46.004612
d71ace33-c0c8-42cc-8972-0aeb902fd11f,aeb166fd-c454-43a4-be17-eefd82ad126a,ChIJSfZsve4ZDTkR-sn6fGbQcH0,click,2025-12-30T14:29:46.004612
6bc5fd1d-4167-4448-b68b-9cc1072f42ab,3741b114-83ef-4fdb-ad4c-b47eed63e977,ChIJQ1QHIZqrDTkRcb5xBvj37zk,booking,2025-12-30T16:29:46.004612
ef8e5897-2499-4adf-8226-629da897db3b,380668ac-3826-4240-8bc5-84eac5c2d421,ChIJ5bX1UNLjDDkRFUd-LjbGr28,booking,2025-12-30T16:29:46.004612
b6bc8b69-120a-4d1d-b70a-e12d583595a5,ab07ab46-445b-426a-b5ef-96a3feb8d1c5,ChIJe61PIQ8FDTkRhg9m7cdt9gg,booking,2025-12-30T17:29:46.004612
0cfb7097-57b2-4be6-8486-536abc6c6c89,8f9e1132-4420-4b95-8a79-3d6493bc06de,ChIJOTFgFrkZDTkRtGNiP_WDHVE,booking,2025-12-30T18:29:46.004612
06c3cad6-0d6f-44ff-82b6-03ee1f1e8d1d,57e8dcaa-fdaa-4def-936e-0b4021b78ee7,ChIJCxPaVwADDTkRQZ-4juHz88U,view,2025-12-30T19:29:46.004612
9b6b0766-b30c-4579-a83b-c16958609f0b,3c6b907b-a9a0-4ec9-9d24-fec31f360051,ChIJAQAAwMoZDTkRW9hrHxvXr20,view,2025-12-30T20:29:46.004612
b670e09c-ba58-4814-9e74-fb15c99b5382,13681eb3-7b25-44f1-b853-5b46921740de,ChIJDYSnz5QBDTkRX_zVDWiJhWI,view,2025-12-31T02:29:46.004612
2b4b4309-4289-46bd-aeee-928459abd875,6dcfb609-2ce5-4bdb-87fc-08118fcee7e6,ChIJAQBA6eAYDTkRV0RzEJj5IE8,view,2025-12-31T03:29:46.004612
6108fbcd-c91b-4b16-9e82-5826e64e00a1,96ffebd7-5dbe-4467-9460-c36ae73f330f,ChIJd9sdC4MHDTkRtaltQYd0h2s,click,2025-12-31T04:29:46.004612
dfe0002a-1f2d-45b5-9427-2dab5f97bfcf,5da70823-a49c-40ca-91e9-3077db391b34,ChIJaWaDFCkdDTkR0-v3D-Mz6BA,view,2025-12-31T04:29:46.004612
f7b078e0-fb36-4735-94d9-c85e008c5071,623e9ea6-1956-44d0-b116-9fe15be116c2,ChIJ832IbC79DDkRxvUL3edYTw4,click,2025-12-31T05:29:46.004612
bb1b904e-709f-4814-95c3-17e7454459f3,6e8e4d3a-1efd-4e21-a015-272eb9d742a5,ChIJz6uJIQfjDDkR3gifjDKqsIQ,rating,2025-12-31T05:29:46.004612
99930a03-ee19-4ba9-a741-06b080bd695a,90a78129-53ea-4e27-90f6-4c185ab2663a,ChIJo8imMzXjDDkR491FFKkskUk,rating,2025-12-31T05:29:46.004612
5bcbac29-ab70-47cd-8130-8c961e6ce6ac,a67483a0-bba7-4549-b3cc-1da04bc4ad8e,ChIJCWY26SAhDTkR1Zlugtx6d1U,view,2025-12-31T06:29:46.004612
2e72919d-d56f-477f-b9ad-e3704389d455,4d6646bc-b36d-45de-a3ca-ce7fc91447a8,ChIJHUReadH6DDkRo5MiseFGFZQ,view,2025-12-31T08:29:46.004612
f8995c40-a2e9-45b9-b309-e14640b1778f,3b3e881a-72d0-47ab-9058-597b7916acc0,ChIJ02TzQUn7DDkRNflvIGixm0c,view,2025-12-31T10:29:46.004612
502b5174-530d-485b-a90a-f473dc8c445c,f4cda6fe-eeda-424e-9053-2afe299ddd5b,ChIJ_2COEUEcDTkRRyJOt032yac,view,2025-12-31T11:29:46.004612
ede083e4-7cbc-4fe4-b3bc-36a08dfbb439,9b8b2cdf-b647-436c-bfa1-08291768ca1c,ChIJw5YvHgAfDTkRBy56MNY2nl0,view,2025-12-31T13:29:46.004612
cdbfdf19-0bbb-461c-a1fd-87801b8b0cd3,839088d5-7b33-40bf-8bf6-49d5f44731c4,ChIJzaSD0YLjDDkRNdQPGay3_OE,view,2025-12-31T14:29:46.004612
93382a3f-c3e1-4125-a380-99a84f208f44,2c0c18c4-b0f1-44e3-a7bc-9b9d8a191886,ChIJ91XVqDABDTkRs5l8m4h51Dk,click,2025-12-31T15:29:46.004612
da59b332-0fd7-4c43-896c-6216e19a9a73,4b3d1313-86ae-416e-83df-480f1500caf5,ChIJR2D6ioQXDTkRBDwuY3-75P0,click,2025-12-31T15:29:46.004612
5c6364e2-3e70-43eb-8f38-eb1fca9847ff,96ffebd7-5dbe-4467-9460-c36ae73f330f,ChIJka2EkL3lDDkRFeu9Eghc8xU,view,2025-12-31T17:29:46.004612
493b8ccb-e40a-4e02-a341-fb92760d4a08,fc6588c1-dacf-4c0f-bbbb-a17492c3e29c,ChIJq7-D7G77DDkR93Czw_SxpJ4,click,2025-12-31T20:29:46.004612
9168e5e6-fd1a-4bde-9296-d9574822bcea,d6c92fba-1649-488b-ab2d-05bd565daea4,ChIJa3V2bkYYDTkRXORa3zzhsTw,click,2025-12-31T20:29:46.004612
63fd3df3-fbba-4c8e-87f0-4b19aeb21174,fb5bd947-522c-4a43-9cd2-6a4e1e3d39f8,ChIJgSqaay0ZDTkR76AdQCpsw1s,booking,2025-12-31T20:29:46.004612
c50d0c35-bbf9-4b0d-bd2e-6fa06ebc521b,57e8dcaa-fdaa-4def-936e-0b4021b78ee7,ChIJl_0cXHwZDTkRFz_CkZcrn-I,view,2025-12-31T23:29:46.004612
50f8e762-e527-4a90-b4e8-26c147fe18a4,95c51aa1-e6ce-4852-a42e-f3569b27a779,ChIJdb2nSwwZDTkR_qFicz-CfPw,view,2026-01-01T02:29:46.004612
1d44543a-e09e-476e-9048-a53404614e3c,8eb07be8-2d0a-465d-889e-75d3715585c5,ChIJ8XJNQSHnDDkR60BZUyvH0_8,view,2026-01-01T02:29:46.004612
edfe8e47-1661-42c6-8cad-f17638b3796e,67b9adee-57d3-4bcc-a9b0-422b875c4050,ChIJqXNAFM4JDTkRv9fJ8SQ8ADM,view,2026-01-01T03:29:46.004612
bf3ed1e2-fcfe-404a-a807-ce6d45e294fd,3f88c491-58fd-44a2-abf9-df85d43a1465,ChIJVVVVJXjiDDkR8LEuFu326Ss,booking,2026-01-01T03:29:46.004612
ecd8f98f-4254-4462-a842-cf34f13830fb,67b9adee-57d3-4bcc-a9b0-422b875c4050,ChIJJWjGrxEeDTkRwBTPOhzPqgA,view,2026-01-01T04:29:46.004612
efe00aa2-2b84-4716-bd1f-6b247d890ef9,38bb4a57-be5d-4372-8710-fca2be88939e,ChIJ_y1TYvz9DDkRN-aFtSMAKCs,view,2026-01-01T05:29:46.004612
f2f79081-590f-4909-989d-afe31e1c4544,6ee09409-0b4e-41b7-8daf-93dfa6d3922b,ChIJLynd9bf_DDkR0EYotNf77BE,click,2026-01-01T05:29:46.004612
483a4c97-e67e-4e0e-87e7-d3beddc7ee20,bd8ea27c-380a-4077-9622-481aa8659acb,ChIJKxVFie8CDTkRIgB2qqYMcOs,click,2026-01-01T05:29:46.004612
2e6f52ea-65d9-4f46-875a-929db90f0bf9,d89e1f00-8ca2-4838-8356-679ff50a23c9,ChIJQQ-msLgZDTkRgftdjITVkXE,booking,2026-01-01T05:29:46.004612
f570ea1c-18d1-49b4-8b33-f4a8ff53ac8e,45a5ef60-7a39-4857-8520-7f395ec26f2a,ChIJ0_y8CMkaDTkRQfaV0zBk2QE,view,2026-01-01T07:29:46.004612
5eb3740f-aa28-4b24-8c4e-fcacc4ceab72,839088d5-7b33-40bf-8bf6-49d5f44731c4,ChIJJ_yccvHhDDkRZT2M9nML5Y8,view,2026-01-01T07:29:46.004612
3666da0b-8d02-4633-95eb-7e21d80bed31,a37a4025-611e-4834-b206-02f588ad555c,ChIJNY0f0Q8bDTkRlcDkJHBQLnM,booking,2026-01-01T10:29:46.004612
cd2fb108-c4f7-4f51-9750-658491988d28,db757573-d418-4493-aeaf-4a5ea11c09ab,ChIJPVegOR3lDDkRbWNzyX_u8BM,view,2026-01-01T11:29:46.004612
8084376f-711f-49aa-864c-fac0bd556a77,bfa7490c-aaaf-44d1-b7ae-f836f4fd53a2,ChIJa8gPi4Y9DTkRTPXvb9eCpQg,click,2026-01-01T12:29:46.004612
326201a5-2bde-4d5b-afe2-f10cd6a4a045,d5e48dc1-31fc-42fa-9872-a3ff735624f8,ChIJWVTdOtkGDTkRqhpoxf-FT6A,booking,2026-01-01T13:29:46.004612
072a5261-3f20-4aea-a29a-9624fc1717fa,2fea94f5-b851-4055-87f9-efbe34d5c731,ChIJKzAS1fPxDDkRIFxmqw8Crug,booking,2026-01-01T15:29:46.004612
3339acec-df22-4458-8952-5d81ff06b7d3,3cbe9e02-9036-49ac-a4f2-371f63c4608c,ChIJjYjbl0gbDTkRCrRAMjT45Yg,view,2026-01-01T15:29:46.004612
ad0d7872-da12-4bdc-995f-99aa880b1f72,6ef7c17f-1f34-4ed8-a961-05c1c0081f79,ChIJ67eVkr8GDTkRVc10q3eNuvE,rating,2026-01-01T17:29:46.004612
ef4d7335-afb1-4534-b696-0703c5a77707,bf32f0be-fb4a-4c05-af6c-5f7f6971a8c2,ChIJy9TCyKj7DDkRhTRHFi2RHQA,view,2026-01-01T17:29:46.004612
32585ff1-9b11-4931-9f47-4f9b68fa2797,9b8b2cdf-b647-436c-bfa1-08291768ca1c,ChIJiRsZjhfjDDkRh-Hz8soazjI,view,2026-01-01T19:29:46.004612
af7c4358-f5e3-42f3-a8aa-39e8401c4e16,f7b4c86d-3e91-48e0-a4c4-aa93d7561142,ChIJP-z7CgAdDTkR7pLATQ2ZZwQ,click,2026-01-01T19:29:46.004612
481bba31-e394-4286-9efb-20fdb8d2dc59,e2168cc0-d734-40be-b899-2ab111c62c7a,ChIJx0bOHEgZDTkRcxDTz1N9ASc,view,2026-01-01T20:29:46.004612
8130851d-35b4-4153-8038-548d494e87da,286ff317-1da8-4ec6-b632-d31a28acb766,ChIJp6MyJTcZDTkRGFrLyjljPJk,booking,2026-01-01T22:29:46.004612
eace65a5-4573-4cac-9c62-d020d1493251,482c4751-fdb5-406a-93d4-c8ab9f4d24a9,ChIJ5RjjCirlDDkR5wrzax-BZEs,view,2026-01-01T23:29:46.004612
f0c34a7d-459b-4476-b4c3-f358b71c8121,286ff317-1da8-4ec6-b632-d31a28acb766,ChIJi4RsIRvnDDkRz11cKiGwPMU,view,2026-01-01T23:29:46.004612
4d4a1c69-984f-4e66-a92f-091c572d7bcf,fdb7ca70-b5a5-48af-9880-77e833de17bd,ChIJtYXzFm4BDTkRW6GmXG4mNII,click,2026-01-02T00:29:46.004612
5f2a9b54-2d65-4a49-aff8-550f9d1da4eb,2c0c18c4-b0f1-44e3-a7bc-9b9d8a191886,ChIJx-nhZO3hDDkRhvElsSXy5jE,booking,2026-01-02T02:29:46.004612
116bcdfd-95ae-42ca-b772-ae9ae62d08b8,a554eb05-1b5b-4f27-9dad-f6cc82a824cd,ChIJm053GEI-DTkRwKJuNdfAyLw,click,2026-01-02T04:29:46.004612
fd319316-40d7-4060-8218-df460406d60d,ee4ff499-5094-41ce-ad34-44aa3d6320fd,ChIJVUoo7YYADTkRzH-CkpoBxOM,view,2026-01-02T05:29:46.004612
98ed3a18-d9c2-473c-b7e2-d7938c5f4d36,6dcfb609-2ce5-4bdb-87fc-08118fcee7e6,ChIJ83zzx1sHDTkRI1NK8xauAC4,view,2026-01-02T06:29:46.004612
d3e8b7a4-b6ee-424f-9521-f23568da7d2f,10e75ef2-4399-4391-a2b7-17ac26c011aa,ChIJ02qaT-P9DDkRmOF-ajKFnjk,click,2026-01-02T07:29:46.004612
2749ce65-ad31-47d9-9fe7-b4b68f1a88db,c42068b5-0ffe-446d-bc62-0d9188aa634a,ChIJoUe5i936DDkRrglOagh-Tcc,view,2026-01-02T07:29:46.004612
9748514b-1a04-4a43-88a3-17197189fef4,b1bc4a4f-a54d-4dfd-9a38-bbd7d2e0d558,ChIJby0WOwAfDTkR6PBzipNl_n8,click,2026-01-02T08:29:46.004612
17c4c0e3-b068-4123-9260-eafb24bb1f46,c42068b5-0ffe-446d-bc62-0d9188aa634a,ChIJteDOQaoDDTkR671xxVVa6Dc,view,2026-01-02T08:29:46.004612
69d334da-fc0e-40a6-beef-8f56a009efc4,6f2154b1-c2c9-4669-b941-b2cb97c01852,ChIJX_nDWw4bDTkRyBuwCgrqmNQ,view,2026-01-02T09:29:46.004612
1bfe65d0-de4a-4415-acb4-2386ece15840,5a45b801-5a89-4183-8e99-461a60cf255d,ChIJJbpqeAA_DTkRB8FYrn7TPF0,view,2026-01-02T10:29:46.004612
0e510a9e-e286-4ef5-8ea2-3a81f8d06de6,1f79ba5b-356e-4127-b6f3-d87edbe2c4d4,ChIJby0WOwAfDTkR6PBzipNl_n8,view,2026-01-02T10:29:46.004612
28558301-72d5-445b-a07c-3681a6b22c78,48a54767-0408-4189-9a47-6a810b2227e1,ChIJD30e-Uw8DTkRO7PU1hnBmnw,view,2026-01-02T10:29:46.004612
d3cb4b0b-b421-4a75-8537-1fd25106a7b7,e3e541af-1639-410c-b2a3-0b7b5ce191f3,ChIJrwaFLOAfDTkRPIo2B_lkjSU,rating,2026-01-02T11:29:46.004612
0e2cfffb-e41e-4805-827d-1df174ef187b,c52cd18e-e4a9-48cf-9b4f-f37a04c823f5,ChIJfQEtoOsCDTkRZ6-PHF1QCG4,view,2026-01-02T13:29:46.004612
861d7f9b-3a9a-4c0b-9a8a-3b7e253f5257,bd53fe1b-2589-4522-adde-54aa56cf7d13,ChIJs5RrKf8hDTkRAqpHTQgqjBI,view,2026-01-02T13:29:46.004612
87988676-ac54-4967-8956-31e450577dac,0da216f8-05a2-465e-9b7f-9d4924cd4baf,ChIJXaRnw_8BDTkREb1cB8_n2Xs,view,2026-01-02T14:29:46.004612
7f8b80b2-3c6e-49b8-bc12-56649dcc6414,4769586c-565e-4800-8d7e-0749f031e475,ChIJda712aMDDTkRHVw3A7xAp0Q,click,2026-01-02T14:29:46.004612
d84cfa0a-d9f9-41ef-8eba-c3af29a5b456,f056007d-a5bb-4c58-aef7-4517575f8292,ChIJY6PJh2kcDTkRybb5KBGcqIY,rating,2026-01-02T17:29:46.004612
6257aa8a-d96d-4759-930a-5137702ba760,dedb4304-bec8-4355-954d-14319cfb705a,ChIJ02qaT-P9DDkRmOF-ajKFnjk,view,2026-01-02T17:29:46.004612
8e7892e9-7a6c-4e34-8545-51d0347ce9a8,1241c6f3-c91f-42df-96f8-3f4947ba237e,ChIJtdwaGPMYDTkRQK0oAP05IEI,view,2026-01-02T18:29:46.004612
d2b4de70-738c-41dd-ba8f-31b3893cfcdd,cd0e6e81-4106-4013-b7c0-e32e581c44c4,ChIJb9VeCNMYDTkRcs0Bfr8neXo,view,2026-01-02T18:29:46.004612
cbcfc384-976d-4177-a1f0-3d0292689d10,c4b2e08f-17a0-4035-97fd-b2cccb6535d7,ChIJ5-z-Hc_jDDkRZyU2Wz8Mae4,click,2026-01-02T20:29:46.004612
7ea1744b-bc20-4695-8016-05e92bd6e917,8e1590a4-3c73-44fd-b894-b061956af9ef,ChIJs28LAX_7DDkRyHzGDbAs6YM,view,2026-01-02T21:29:46.004612
3922318e-3cd7-4097-840e-f5972fa0bf32,e867d19b-6f44-4b17-93ce-942c8c66460a,ChIJvc-DqwwbDTkRSoKQ3ptUOHE,rating,2026-01-02T22:29:46.004612
24ec50a8-56c0-4d59-adec-ad50f6bb2837,4f3d83ab-aa51-4189-8bac-c0b0795541f7,ChIJsyRMG9PjDDkRu-_yoSGBWiQ,view,2026-01-02T22:29:46.004612
9cf1215f-d7a6-4824-807e-a431fc3f1378,87c95bcd-459b-421b-ad97-669d5aea864a,ChIJyfOaOSndDDkR3m2wNPTZ4I0,booking,2026-01-02T23:29:46.004612
22f14a71-81c4-46a6-8adf-571141f0dced,f90c6e05-6022-434d-87ad-87731a11c6e9,ChIJi147UAAVDTkRWcXTa5zs4h4,click,2026-01-02T23:29:46.004612
fba0702d-715e-43cc-b022-6d87ad5079e0,42536817-5943-4069-999f-811aabc65160,ChIJF8i-etEdDTkREtkYnwqAdDg,click,2026-01-03T01:29:46.004612
a2bd6b53-6823-4df2-af58-2dc8b9a86a05,2df7c9fa-e1b5-4986-8644-a1c7220f45dd,ChIJYWObOR_lDDkRC3aMeHig0Mw,view,2026-01-03T02:29:46.004612
b4486117-6dfa-40a4-a501-f6b8476752c2,dac14e2b-c22b-40ff-98fd-9cd122f25adc,ChIJ17YA13zcDDkRo3GFvGnqcYw,view,2026-01-03T02:29:46.004612
a8c6580b-7e38-411a-9dc5-1af5b470c84f,1cc1f619-e172-43eb-95a9-250a047d53e3,ChIJS49M_lcZDTkRKyK8H7uO5Gc,view,2026-01-03T04:29:46.004612
22b9a3bc-c4ae-4a23-95a9-5c7d3b530d1a,2e1aac52-247d-4fc8-a7ad-1af63ee89bca,ChIJuWdhYEQcDTkRSaDfih8YwjA,click,2026-01-03T04:29:46.004612
9e85c958-57ba-4259-8e80-ba9c3417381c,5a45b801-5a89-4183-8e99-461a60cf255d,ChIJs8OMODejDTkRKBAolDAcW9k,view,2026-01-03T06:29:46.004612
e381731b-1e53-4b31-b389-6a4775033be8,95c51aa1-e6ce-4852-a42e-f3569b27a779,ChIJTZiw9_P9DDkRCKU-wU7cgV8,view,2026-01-03T06:29:46.004612
c425059e-2b5e-4d9f-b663-27d153f2ba9a,f2b832c6-31cb-4296-93c7-38b91309e699,ChIJPVegOR3lDDkRbWNzyX_u8BM,booking,2026-01-03T06:29:46.004612
0d27957b-d772-41da-a1b6-11e1c3c0ddb4,49b2edb8-ec6d-43a5-ae9a-dbfb71df90d5,ChIJBevGfo4ZDTkRVZgGThgWOhM,view,2026-01-03T08:29:46.004612
325f9d1e-151c-49c3-9129-e755f409f729,b84c7985-fd4f-4250-81db-dc6b114a69d0,ChIJyxiabjIFDTkRnY9RAXKGWzU,click,2026-01-03T08:29:46.004612
22ba54f6-39f7-4c64-81fd-9ad5213a80d3,6c2832ef-52b7-4ee9-85e0-7f010f2ca247,ChIJG6IcrxkBDTkRkey4OvsU8RA,booking,2026-01-03T10:29:46.004612
88de9177-19ff-42ce-8f43-8200b80ee37d,c0b3bded-dc6e-4bd9-86ae-6844ea80d2e9,ChIJiyN1kz8bDTkRA2ud_zDRLqM,view,2026-01-03T11:29:46.004612
6f30eb31-b01a-4b36-bb94-b242c53dedc9,322ac3a0-7777-4da1-ad77-78f199723f75,ChIJ5wVw0d0ZDTkRKhByqx1b0lQ,click,2026-01-03T12:29:46.004612
73bd22ce-6881-42ca-8f45-2fb11398ae6f,b1bc4a4f-a54d-4dfd-9a38-bbd7d2e0d558,ChIJUc57VzMHDTkRg3Uh88w6Gbk,view,2026-01-03T12:29:46.004612
73ac4a4d-1387-49e2-b39a-e89210f51285,cc4e5d47-390c-4243-bf4e-87ed1a948154,ChIJ5XqZzjwFDTkRMQgkRgFzsz4,booking,2026-01-03T12:29:46.004612
899f5dae-71bf-4407-99f8-178d0fa5d6a2,dd07791a-aca9-4b2a-812a-6e394171de8d,ChIJbRm2nIndDDkRSBeUA2LGd1I,rating,2026-01-03T13:29:46.004612
454a3d13-2684-443d-971f-022fd2d3c5e1,f92946ca-6620-4d98-aaf2-fe22830211f2,ChIJAQAAwMoZDTkRW9hrHxvXr20,view,2026-01-03T13:29:46.004612
6323f28c-feb3-45e3-b9bf-4b8eb2508a25,f1951d22-67a0-41cf-88b4-fca26b5a0ad8,ChIJZazyR6vdDDkReF4YzZwjGLw,view,2026-01-03T13:29:46.004612
e6aa8b27-f8f8-4861-8646-70f4d4f243db,0b96ad05-ad6c-46c2-a6f4-63a849620078,ChIJa8DmBlkZDTkRmCx2X4Z5BuU,view,2026-01-03T14:29:46.004612
e4b27d8e-fbbb-4644-ad7e-3b44a7ea2d99,2f593b57-222f-4ca2-a2f0-685b7daf81df,ChIJ8RAL_OL_DDkRfkpERnh9Ujo,view,2026-01-03T15:29:46.004612
b09f6c51-62e8-439f-b9a5-a5c7b6e0c59f,7c71e93f-0a3e-4d1d-817b-1c0c1870c296,ChIJJZbBIxcdDTkRWHSDuiBGNDc,view,2026-01-03T15:29:46.004612
21d9c37c-4ef9-43f3-aa4c-1e74a7629333,c4fdb3d6-600d-4485-9c08-ff6f8ea29afd,ChIJg4R_9YMFDTkRyOFMO5N_XAk,click,2026-01-03T18:29:46.004612
c387c9a0-462d-4a06-ac53-d483e4756bb9,b4c22be5-bfd5-4719-9adb-b47fd6ce6ccb,ChIJ4bbuL5sZDTkRKr-J97a4G0s,booking,2026-01-03T18:29:46.004612
9dafa591-0fae-4bc2-92a0-9784960378f1,e7483e8d-5e2f-48fd-be42-05bb11f1c1e8,ChIJWRkUo-8DDTkRI5QgI0OqdsI,view,2026-01-03T20:29:46.004612
e57bec63-7945-419e-a39b-856946d8d21e,7d11a3e6-38c9-4c51-b54c-9616796ccf44,ChIJPeq9RFDnDDkR3ThA8S-1P4Y,view,2026-01-03T21:29:46.004612
c26b6516-5778-4265-938c-81caa2ec75c1,18926347-9c00-4610-ba3b-b4f0628dfc4b,ChIJ91zeLwDdDDkReFhf0mek_RM,view,2026-01-03T22:29:46.004612
cc9ff30e-3b05-4c44-bb1b-6321fc7e2025,1f79ba5b-356e-4127-b6f3-d87edbe2c4d4,ChIJj6f6_j8YDTkRRjtc27zzXbg,view,2026-01-04T00:29:46.004612
a218884e-3dce-4330-b2be-946c7ca6fb04,afee0ca8-aa1a-4864-be53-1421a03ede9c,ChIJqaqqZ4YXDTkRtQ-QBVfHHQI,view,2026-01-04T01:29:46.004612
b50e6a4e-672d-4682-a065-cb90a3e7a767,4ee53c98-472b-4757-9476-f0053bbc9025,ChIJi154BwIFDTkREjsPJCSV5O4,view,2026-01-04T02:29:46.004612
cb9e9ab2-7729-4b77-b4f2-de71cfca895d,62689cf5-8b3d-4aca-8ff2-e66406e93ef1,ChIJj6f6_j8YDTkRRjtc27zzXbg,click,2026-01-04T02:29:46.004612
a51cad0c-2a03-4796-a0a1-067712368dac,82703928-e288-4c52-85cb-7d60ddd1bf9a,ChIJLSTH2_wHDTkRl-rs7KjuUWo,rating,2026-01-04T03:29:46.004612
36823e57-1d73-405c-9726-b1e6b6da914b,49bdfd2e-4f97-41c8-8abd-86cd53b48388,ChIJ33rDkUkVDTkRBF6PlzwmTFw,view,2026-01-04T04:29:46.004612
71c5b52f-bbcc-490a-8054-d7e978104e15,3252bd00-3a8a-47bd-ba86-fd871df444ce,ChIJqR0Lpo8dDTkRXtwuh1revik,view,2026-01-04T05:29:46.004612
f8a533e7-4941-47df-b465-2544b634344a,76494271-a595-49c7-8fcf-cdbb4ac3c3b9,ChIJR7opKkHnDDkRu2lSbe2ecIE,view,2026-01-04T05:29:46.004612
ce3f28a6-d388-474f-957e-d58e5924731c,6edb4a6d-c6d9-42fe-8f07-3f162343fa8c,ChIJSW4lHx7lDDkR2uhhO7q7SH8,view,2026-01-04T06:29:46.004612
8c0cdcdc-36f2-4019-b4c1-a67cc18d3c4b,8c30620c-53b0-4082-b6e7-989999a6a645,ChIJwyNkcvcjDTkRi9Q6m8AgXBg,click,2026-01-04T07:29:46.004612
d8e22bcf-4a41-4739-84df-faa5d7283355,efd72ece-80e7-4e54-bde7-7b22ec0a290b,ChIJ0cKCfqgXDTkRtG8R8lMZzME,view,2026-01-04T07:29:46.004612
80347836-b9d4-47f4-92f4-fb1361fc9b37,2fd646f2-e520-44d5-91cc-a0c8d5556ccd,ChIJtRHB2kD9DDkRUY0APHYy8cI,view,2026-01-04T08:29:46.004612
f98882a2-d267-4cf5-8a43-7b760302af00,5c188236-04ed-4ee0-a96b-0af143487f5d,ChIJ69cVdAD9DDkRKbdKKZC9RCA,view,2026-01-04T09:29:46.004612
5377146c-b3a5-4bdf-8de6-95da15e154b2,bb27f4a3-acf5-4fbe-b9e7-ac5430056281,ChIJl_cOl7gPDTkR41IRTkO4u-I,click,2026-01-04T09:29:46.004612
deb840f4-f96c-4cd2-9960-e54bb472f877,10e75ef2-4399-4391-a2b7-17ac26c011aa,ChIJE1CbrsI9DTkRU9JuSU8YpDs,view,2026-01-04T10:29:46.004612
ba005672-8d56-4580-8180-03df1b0bb31c,8532628a-d2ef-476a-a189-6700fe34130c,ChIJsbue63QfDTkRhBwRIuFCTN8,click,2026-01-04T11:29:46.004612
770c2d27-efc2-4e63-ab89-5443cc2398c0,3b08d955-3c94-4732-bfb6-b67bcec421cf,ChIJd0ioAMQbDTkRQVSbRjEe7WY,view,2026-01-04T11:29:46.004612
23506ac0-5a23-42f6-9274-a78f650894be,286ff317-1da8-4ec6-b632-d31a28acb766,ChIJe921vQz7DDkRAdCP7xbNCEQ,rating,2026-01-04T13:29:46.004612
e77fa64f-517a-4bd6-af95-a8d63f1fa2aa,75d89ec6-1107-49bc-988d-c97c46238ff6,ChIJ845VBz0eDTkRn4taWpUHdMI,click,2026-01-04T13:29:46.004612
c83ad90f-70a1-4fb5-acde-1132321577d8,44cefed8-14df-43de-af44-e88ab07652c3,ChIJLbvB2x4dDTkR3qHyJO5FV-g,view,2026-01-04T13:29:46.004612
ebd1d6a7-2a73-4dc9-adb7-7f293f8e28f8,b128442f-55eb-4429-83c8-942a0fccd011,ChIJaxDfKpMEDTkRrRoIsuSSnSM,view,2026-01-04T14:29:46.004612
53358633-a8a8-47b4-9452-cd94afad7eed,4d6e905c-7e27-4c61-b9eb-2bc79ce3ea71,ChIJUxuFTVgFDTkR-tVbVFQAC58,click,2026-01-04T17:29:46.004612
f9352b29-e9b5-40a9-85a2-bd0006b5756d,bed789cf-6df4-4973-b9d8-7134b6c526fb,ChIJ_____1DcDDkRKENDYcDWJ98,view,2026-01-04T18:29:46.004612
db184546-3d09-44fd-9ec0-604057bebe6c,455c5038-f0da-4351-8e44-5c698fbb3cd4,ChIJDc1QIUf9DDkRvbhK8u3ZTlg,view,2026-01-04T19:29:46.004612
1ec81f6d-b589-4578-a555-01732d35d21c,948ee998-a734-4e61-86e6-d0f2bbe92cb1,ChIJQxM3RNLjDDkRpfU_0WZcbw8,view,2026-01-04T20:29:46.004612
06265531-90b6-4d97-b628-d27e29ab0ee5,4c18b54d-024c-4b20-aeb7-d1e358626222,ChIJp1raBtP9DDkRj02Yk5kcBcY,view,2026-01-04T21:29:46.004612
05144961-9585-4eb5-a7af-de3d165b2d2a,0c50b5d9-f96c-4e02-90ff-f62dc44de641,ChIJr8efdIv7DDkRnYHKsoANzwQ,view,2026-01-04T21:29:46.004612
ee448d02-cd16-47c7-9b4a-a8c56172c46b,e8d93133-4aaa-428c-8120-027f2cfd27a1,ChIJ_y1TYvz9DDkRN-aFtSMAKCs,view,2026-01-04T21:29:46.004612
4756df53-8d25-47f5-9f41-639cb3b35031,edc86b94-a97d-41c0-ba0e-891091c3f233,ChIJ3VQnN78ZDTkRmGxqa1UL0eo,view,2026-01-05T01:29:46.004612
6d10a41f-35d3-420e-abb0-85a92918a4fb,b3809d4d-22ce-4328-86ee-3d7915426163,ChIJ3biBSov9DDkRTqlRipFxhOk,click,2026-01-05T02:29:46.004612
cdf1c115-e193-4057-9544-3e7d1fe0f87e,1332f2a9-c787-4d56-a619-7c67fb64a9aa,ChIJSYldhsvkDDkRzAmX8vxgfs0,view,2026-01-05T04:29:46.004612
35ae8630-1198-4a8f-b4be-1ce3133589cf,6ee09409-0b4e-41b7-8daf-93dfa6d3922b,ChIJKw-RLLoLDTkRAdERPB5Ob7U,view,2026-01-05T04:29:46.004612
05c7a5eb-bf42-44d0-ab08-a98830e1abdb,7f03cab6-f668-4086-8629-2f21ce712f9c,ChIJYbdlwT3fDDkRR4j0lgH9GwQ,view,2026-01-05T05:29:46.004612
ae696ea1-4e4e-4123-9c78-3f1ec9813d59,9c9bbc96-a034-46f6-9517-98986f690a92,ChIJnT-yG1cJDTkR5GYKsn2M7fU,view,2026-01-05T05:29:46.004612
3046c7e9-536d-46c8-98c7-f4d6da7e6795,ed413153-57f8-45f0-bdeb-8be9375fe111,ChIJ3ydPH0rcDDkRphpP8-WHB1c,click,2026-01-05T07:29:46.004612
6cfeaaf3-571f-45c5-8cf0-c38d994fc507,1f79ba5b-356e-4127-b6f3-d87edbe2c4d4,ChIJ8b0cjakbDTkRswKAZj95Mjk,view,2026-01-05T07:29:46.004612
7a9d92f0-3a82-41b3-a2f1-6e3b312e21fd,edc86b94-a97d-41c0-ba0e-891091c3f233,ChIJa1Ew2zQdDTkRoVtBcorX4Nw,rating,2026-01-05T07:29:46.004612
c76693c3-c91b-434c-8563-3d0403e8901c,5fc98c67-e5e9-43f6-8188-59f70e55c234,ChIJW5do3zkFDTkR4EgaTWFczG0,click,2026-01-05T08:29:46.004612
bf357e86-cfe0-402a-acf4-b827436baf9f,8607d01f-4afb-46aa-83cb-03047e38a8ee,ChIJFXWsgMwZDTkRvXpQTNJyZlM,view,2026-01-05T10:29:46.004612
8ab15c49-a46a-489f-8e22-52ee906fd8de,2cb19803-c877-4551-af24-3fc6895585de,ChIJz1izm5IjDTkRNiCBlzrxrNk,view,2026-01-05T10:29:46.004612
429f5daa-789f-46cb-9a1c-ec0aa63aab58,49bdfd2e-4f97-41c8-8abd-86cd53b48388,ChIJzaSD0YLjDDkRNdQPGay3_OE,view,2026-01-05T12:29:46.004612
915f6940-c03c-496e-804e-7fe7656d03be,7982c846-d69e-4f9f-8142-bed1f5e309f0,ChIJSXFOGecZDTkRR7ECThr6qcM,view,2026-01-05T12:29:46.004612
8e5eebe0-1a31-45ab-a44d-0c175fa66b17,b235fa8c-2e45-40d6-a101-d3e2ec9b95f3,ChIJ40I_kCvnDDkRsOwVtnuR6I4,view,2026-01-05T13:29:46.004612
6fb6ef2c-adcf-438d-901c-3fa6515cb964,49b2df49-3f31-4516-8625-94cad41afb7b,ChIJ2Se7D0AZDTkRswVVBRehoeE,click,2026-01-05T13:29:46.004612
6e22720f-3a13-4ac6-a19e-3eca2a775daf,20065164-876c-4db0-b1e2-47612559208a,ChIJBeUtHnTiDDkR4Ubj5utSO8c,view,2026-01-05T14:29:46.004612
edf0c01c-8653-4d9d-b5f5-9deed0860303,216821c0-ba84-464d-9d3e-455250a05e9f,ChIJSS6OdLcFDTkRIf0z1kCxSfw,booking,2026-01-05T14:29:46.004612
fbf3246a-5ff0-4c7a-88c2-bac4ca7acc86,6ff6f214-34c6-4b5d-be45-6bad358924b7,ChIJzXc9YhUBDTkRsWv66_fqyqA,click,2026-01-05T15:29:46.004612
8e1ec965-4f5c-40a4-95aa-afd15bdab0ed,da9b2f0d-d096-4cea-954a-60d89171bcc7,ChIJE7CtJRT9DDkR9LyAsvfENVs,click,2026-01-05T16:29:46.004612
0a532d22-f60e-43c7-9bcf-4d7a85aa3d0e,8eb07be8-2d0a-465d-889e-75d3715585c5,ChIJ8X5p4sGpDTkRAn5CHmb8CgM,click,2026-01-05T16:29:46.004612
c02e6950-6e54-4e47-be99-9a4f003b4776,a554eb05-1b5b-4f27-9dad-f6cc82a824cd,ChIJj6f6_j8YDTkRRjtc27zzXbg,view,2026-01-05T16:29:46.004612
f8b49c12-2630-4d9a-8e3e-50c679b26773,73d1f3ba-ad8f-4898-81b9-f6c5929fcc4a,ChIJLc--96LnDDkRcxUjrcGUL18,view,2026-01-05T16:29:46.004612
344d4e30-fd4b-49a7-ae17-8d784989411c,bd53fe1b-2589-4522-adde-54aa56cf7d13,ChIJ17YA13zcDDkRo3GFvGnqcYw,view,2026-01-05T16:29:46.004612
e66fdc57-5cb4-40c8-9ced-d9c0284094f1,96ffebd7-5dbe-4467-9460-c36ae73f330f,ChIJtRsd1IMjDTkRhi5TIH7xu98,view,2026-01-05T17:29:46.004612
962cfcfe-67b2-4086-8157-07d54ded0acd,4ee53c98-472b-4757-9476-f0053bbc9025,ChIJg6CUT7IDDTkRVgUaYRZF5Ks,view,2026-01-05T17:29:46.004612
46cdecae-67aa-4774-9ca8-9f07582d3296,20065164-876c-4db0-b1e2-47612559208a,ChIJI6js6jjjDDkRfSHTcQtq7WQ,view,2026-01-05T18:29:46.004612
2a24515b-47fb-4b1f-aad4-06daaa0145e4,400ef25e-95ca-4e02-9149-13b2c73cdced,ChIJ5WV5tSj7DDkR5C7fCFDWTps,view,2026-01-05T19:29:46.004612
15e8e8f5-4762-4ea2-b082-b4dd68843fd3,0360d884-fc9d-4a9f-bcde-f7563113a77e,ChIJk4WvZ3DjDDkRZ9zZPlkz7RU,view,2026-01-05T19:29:46.004612
863b1879-2cb4-483c-aea3-2bc4b72bd2ac,9a263236-afcb-403e-8655-3a6f6ecb858a,ChIJORerleg9DTkRUm59PSlICrE,view,2026-01-05T20:29:46.004612
0cdcbbf3-3c45-46c3-a2b3-bbf146fe81b4,18926347-9c00-4610-ba3b-b4f0628dfc4b,ChIJkZedEMjiDDkRUK5PW7ktwd4,view,2026-01-05T20:29:46.004612
08911a77-6b6b-4d04-835b-38ad346d489c,7f31a28a-8a8b-46cc-95f1-2f15e5a87f6c,ChIJkfmYCz_nDDkRl-e30Xfjyuw,rating,2026-01-05T22:29:46.004612
7212c5b0-1067-4322-baa3-383bbfe8322b,42536817-5943-4069-999f-811aabc65160,ChIJFyrcK3cBDTkRAplBTYJQlag,view,2026-01-06T00:29:46.004612
a55e0701-7195-4aaa-b9cc-11ffc1a82293,57e8dcaa-fdaa-4def-936e-0b4021b78ee7,ChIJ845VBz0eDTkRn4taWpUHdMI,click,2026-01-06T01:29:46.004612
ea8cfa28-b65e-44f2-8af3-330a6ee91c86,c28bf682-7f39-4316-9aa9-ee5f7e627aa1,ChIJLXu-o_3kDDkRQFo-tpFQDCk,click,2026-01-06T03:29:46.004612
29b9f12a-c196-4318-a476-2e6638545ba7,6b407a40-9886-47bb-8ead-3205c79118ae,ChIJ6UcYhSEeDTkR6E7j3U9cv-0,click,2026-01-06T03:29:46.004612
96e7c5aa-9116-4143-92df-562490b7a87a,4ee53c98-472b-4757-9476-f0053bbc9025,ChIJYcr6_KTdDDkRa9EYt-jNc1Y,click,2026-01-06T07:29:46.004612
5ffd6cd6-6ffe-4fc6-9dbd-d85e928a943d,d89e1f00-8ca2-4838-8356-679ff50a23c9,ChIJ52dGUtcDDTkR9ccRlGw9PG0,view,2026-01-06T08:29:46.004612
81deabca-3cd9-4142-885b-a0ba4eafa683,f4cda6fe-eeda-424e-9053-2afe299ddd5b,ChIJT8kShEAZDTkRl2U1GRhAYN8,view,2026-01-06T09:29:46.004612
38eac3cf-2257-49d8-bcb8-9f294779d7f5,cc4e5d47-390c-4243-bf4e-87ed1a948154,ChIJ8eXMjBQDDTkRB0vq5KGUuro,click,2026-01-06T09:29:46.004612
cac5e844-c86c-4b1b-a67b-3e387797320c,9fd64f36-b44c-465e-a838-768ba5b5d51f,ChIJ-c-55sofDTkRvmWM-SVTms4,click,2026-01-06T09:29:46.004612
4b13c456-a44e-4cce-a697-48e51bfa5910,f1951d22-67a0-41cf-88b4-fca26b5a0ad8,ChIJ3bgkcZ8CDTkRTihSIjfk7w0,view,2026-01-06T10:29:46.004612
bb5e65fd-5893-4b9c-9444-45b0acd44fe3,71a97c06-0f2a-4bda-a53b-8c3a1583e76a,ChIJ76fRckIbDTkRIah0mfzCE08,booking,2026-01-06T11:29:46.004612
436916da-5ede-4aef-8a88-9da4c1f41231,7b25bca1-5cf8-4df1-a24f-5c00b397a370,ChIJq5SJS2YfDTkRQUWOxyoaoOE,click,2026-01-06T12:29:46.004612
0752342a-879d-452e-9923-46c8b9b807d5,b4c22be5-bfd5-4719-9adb-b47fd6ce6ccb,ChIJa11F3PThDDkRiXUu-XFCPsM,click,2026-01-06T12:29:46.004612
97e154e6-e30f-44d5-8074-56e906e1af17,81b57fe8-6ec3-40ae-bf9a-0555a7fa02bc,ChIJAQDARl7iDDkRPMvE7jjAm4s,view,2026-01-06T13:29:46.004612
369224d9-4163-48d3-aa6a-1cd8f9d52785,11e5be4e-236a-4c37-86c4-a82ff94ee7e5,ChIJI7P9KOMXDTkRmTNCIVrNgU0,view,2026-01-06T15:29:46.004612
7fe82597-ce8e-476f-a52e-89b42bba7bdc,454fa168-4941-434c-a50d-28b215c69bf1,ChIJP8qaCJ_iDDkR0vVkDdWGYSU,view,2026-01-06T15:29:46.004612
a92e0d0a-87e3-45f0-8b13-d74b7ef775e8,27c5fee4-ee41-4dea-9443-ec4fb6fb1a66,ChIJBevGfo4ZDTkRVZgGThgWOhM,view,2026-01-06T16:29:46.004612
f7cc3a70-8991-410b-9a0c-5ba66487261b,05016619-489b-40dc-a763-8503a48a47ef,ChIJHY9kQ3oZDTkRFwMKA9zUHhA,booking,2026-01-06T18:29:46.004612
f4d663f6-05f2-47ac-83e5-314dc5c7e18f,b02a8ef4-0dc1-4e3e-b34b-71430b2f044f,ChIJN0M0yEMVDTkR3nuuH7KZn-Y,click,2026-01-06T19:29:46.004612
86e43700-e699-4f3b-ac28-dc98e2ed013f,4f6f8371-18c0-4a14-b176-7e3454ff3110,ChIJda6QOks8DTkRSYPBnAZZFs8,view,2026-01-06T19:29:46.004612
7a18533d-058f-456a-a775-690ee7eb131b,c52cd18e-e4a9-48cf-9b4f-f37a04c823f5,ChIJgfNsgx3iDDkRVYjia-ScBMI,booking,2026-01-06T21:29:46.004612
afe8a6b4-d616-4b0d-88d5-35365d23fb43,b128442f-55eb-4429-83c8-942a0fccd011,ChIJw8MNqtEYDTkR-YsYLWK7GI4,view,2026-01-06T22:29:46.004612
b4e9e563-9f3e-47e3-9741-f83465e18352,bf32f0be-fb4a-4c05-af6c-5f7f6971a8c2,ChIJcesj01GrDTkRrImwlYYttpM,view,2026-01-06T23:29:46.004612
46f59f7e-dccc-4ed5-b8ff-2b5286f8fab3,752ae880-5193-4949-8c44-7268f53705a2,ChIJR2D6ioQXDTkRBDwuY3-75P0,click,2026-01-06T23:29:46.004612
4598cb88-d285-4636-9865-46df104ac01b,f7bdf6e2-f5d0-4b36-9776-2115898d5b5a,ChIJBXnLrFvhDDkRAiQRIACRglQ,view,2026-01-07T00:29:46.004612
770fa517-b45f-498f-b0ea-77f687194b8a,9d8bd99c-42c0-42ec-a794-1d8f96692b09,ChIJP8qaCJ_iDDkR0vVkDdWGYSU,click,2026-01-07T01:29:46.004612
b82e88c0-a290-4031-82e9-db441d680cee,bc40a13a-1f0d-4827-8fd7-b0013673bbb5,ChIJR3a0cswFDTkR9VOW8hki9K4,view,2026-01-07T02:29:46.004612
7d202a0a-9c39-497c-9dc2-3b6a22e9e770,d34c9416-f56f-4dae-9cf5-56f6594ee57e,ChIJz2AwM0IeDTkRE2lvAzLoGH4,booking,2026-01-07T03:29:46.004612
44d198ee-605b-45af-abc3-c7eeabe62ae7,d4ed3b72-0227-477f-91d7-16c5d6a4afd4,ChIJYd2edCEPDTkRXh72EOAVeTg,view,2026-01-07T05:29:46.004612
f488982b-d310-4a78-8e05-b17b8bc4bbee,6e8e4d3a-1efd-4e21-a015-272eb9d742a5,ChIJq6qqatPgDDkRZcvXKuNHJ0M,click,2026-01-07T06:29:46.004612
bab1e8a3-c2c7-4217-8455-2d7b4d0e343c,0f0b3196-4513-4454-9357-72d7f6241f04,ChIJ1xMztXH9DDkRrZ5RpRJu8zI,click,2026-01-07T06:29:46.004612
77601ade-680d-45db-a6f7-7f5a2b33acbf,d80e9afb-ddc2-46b9-8b07-1483fcd71a37,ChIJY009gVIXDTkR68MwDX50jN8,view,2026-01-07T06:29:46.004612
a57a5ad0-372c-43f8-a1f4-da942fef8bbe,4639b934-5fe9-4988-a7c9-d96a8fdde734,ChIJc3tLO9gHDTkR-Yt8o7HV9V0,view,2026-01-07T07:29:46.004612
ab36e0ef-0cd2-478d-8b89-ae3e4bb26887,bb9ba807-5b46-42f5-8465-5c97af0f5beb,ChIJ7eql54AFDTkRqeVDzk7JbSo,view,2026-01-07T08:29:46.004612
a144cd15-39c2-49b5-a229-45a9e697d551,d61cd3f5-5242-4468-8633-1939d4899de5,ChIJ3a9ngjLfDDkRSKpG4qiY0Uc,click,2026-01-07T08:29:46.004612
2a7c19f8-f70f-49f8-b63a-6849cf85355e,4113bbda-803e-4395-9fb1-668ab2b08142,ChIJVSz7rbgFDTkR72aXE2MlSsY,view,2026-01-07T09:29:46.004612
b4f9c56d-5dd3-409f-845c-9f2d3f4d224d,f1951d22-67a0-41cf-88b4-fca26b5a0ad8,ChIJAQAAMLD-DDkRdPtt8LsVujA,rating,2026-01-07T10:29:46.004612
860ae1b1-d1c4-40c4-9f63-9ce87a7098cb,ffccccf4-2c20-4f4a-a66d-20eff4e7c71f,ChIJvwz3f_wYDTkRppCWpizlKPk,view,2026-01-07T10:29:46.004612
14430e63-831b-4a6a-b422-bff45e35c5bb,dedb4304-bec8-4355-954d-14319cfb705a,ChIJLbvB2x4dDTkR3qHyJO5FV-g,click,2026-01-07T11:29:46.004612
a271a082-779d-47fa-a233-9ae56d2b856d,33198914-5fc8-470a-a24c-44b194d79d75,ChIJ7eql54AFDTkRqeVDzk7JbSo,rating,2026-01-07T11:29:46.004612
232bd231-1277-485a-a4dd-feac0f1b14c9,1e0f9973-e20c-4600-a03c-6b0211c2a772,ChIJIxJHPnEBDTkRdg5tnZH7IOY,view,2026-01-07T13:29:46.004612
ac6124d8-597c-4051-9f5b-0e77d63a3bac,5377df52-fd02-42d9-9083-2254689f6f7a,ChIJE51owZ0ZDTkR2OgJJr4sDsI,view,2026-01-07T15:29:46.004612
8d402974-a936-4d38-b690-91207840acba,3b428902-1fa1-4f4b-832a-63e59efc721e,ChIJm0qIOasjDTkRA453tuikBoQ,view,2026-01-07T18:29:46.004612
a2118397-92c1-4458-9baa-2f1e7fa229e5,9fd64f36-b44c-465e-a838-768ba5b5d51f,ChIJGwNKtJ_iDDkRzM29RVCaCN8,booking,2026-01-07T19:29:46.004612
ac0f3f66-f0c3-460c-b0ba-bc95d54e3bed,aeedca81-5b94-4f80-b95d-b3596c11b746,ChIJZYZCov4ZDTkR0xTOhZJFEAI,view,2026-01-07T19:29:46.004612
af6271a8-da16-48b9-baa3-ec78b1092618,12e57e00-9995-464b-98d6-47b66b2e11dc,ChIJGVd7GyYZDTkR72EnTWRzVTM,view,2026-01-07T20:29:46.004612
6bf1c187-0941-409e-9d3d-6dcd7ba188cf,d73b304a-f775-4123-9173-d5265d5c878c,ChIJIQA2Z7wfDTkRZw25k-8InI0,view,2026-01-07T21:29:46.004612
6b6653d3-ede3-4791-bcec-fe1f4477c70b,309f441d-29e0-4ce7-beae-bf3754530e3a,ChIJbwpdFIXhDDkR1mfZ7FLaOV8,view,2026-01-07T23:29:46.004612
b7ce890c-6d7b-4a83-9b9c-f5a7dba49419,c4fdb3d6-600d-4485-9c08-ff6f8ea29afd,ChIJv5eWZj3jDDkR_tI3DXrwG3M,view,2026-01-07T23:29:46.004612
00237436-f8f2-4bab-bbc0-5131c1219d0d,9c35b8b7-3f25-444c-8695-1e1a6e215ef7,ChIJuwDMPGMZDTkRwLNEZhvujiY,rating,2026-01-08T02:29:46.004612
c134cc30-fb63-4e3d-a146-c569a5c4bb4a,39f5fcae-f5ba-44ad-8b50-270a409a543d,ChIJA9WYaIEHDTkRTK-Lo25SbTA,view,2026-01-08T03:29:46.004612
8fd1e3e7-26ec-47e1-856c-13f0ab9cbd72,f32ed5f5-48b9-4967-9ec6-8c0147bd672c,ChIJz9f-o84BDTkRWxCjQOpjWnQ,view,2026-01-08T03:29:46.004612
5199ed3c-1d1a-46de-951b-66aec1531ab6,c131bea0-1936-4c45-9c96-2241d812f287,ChIJaWaDFCkdDTkR0-v3D-Mz6BA,click,2026-01-08T03:29:46.004612
eec71454-ab65-404a-ac33-320f87bff0b2,9be46000-e50f-41d7-a48e-ba9af941968f,ChIJWxJ1vDscDTkRtxnxwLjdnK4,view,2026-01-08T03:29:46.004612
7149b090-870e-4076-ad0f-fd6541eed9bf,c74fef9b-4167-4893-8d8c-aa5a673376a4,ChIJU5ZfTy3nDDkREzNyq06aZjA,view,2026-01-08T03:29:46.004612
98ffc6e1-a052-482c-a19f-dd66c26786ce,6b11b2cc-9f94-4c6f-b9de-f595d313ff12,ChIJAeEer4jkDDkRnvYOsth2r2c,booking,2026-01-08T03:29:46.004612
c7cbacef-660b-4980-a2ed-9dd4d465ea2b,0017310a-c3e7-4737-8d72-a3e46b8bab54,ChIJ5ybDRzjcDDkRl2FKQsRD4eo,rating,2026-01-08T04:29:46.004612
ae49c3f7-2645-42a2-97a5-d855c97d1ea2,bb9ba807-5b46-42f5-8465-5c97af0f5beb,ChIJf_1WQ0H9DDkRRBGIPpYPrC4,view,2026-01-08T04:29:46.004612
343a9e53-acdf-41f4-b3c6-223cbac5dc03,c74fef9b-4167-4893-8d8c-aa5a673376a4,ChIJt3LeD7_nDDkRPvWAjIqtFk8,click,2026-01-08T05:29:46.004612
1c89f657-1ddf-410c-b551-19d0025daca8,4a9b5a31-30cb-4210-8cf6-0068f510758b,ChIJPdbsEubdDDkREN5Uabi4_aQ,view,2026-01-08T06:29:46.004612
da685066-a181-4502-b8d8-4f35b077d848,1e0f9973-e20c-4600-a03c-6b0211c2a772,ChIJA4pw_H4ZDTkRyr1y9v30CQ4,view,2026-01-08T06:29:46.004612
a0ce4dda-aaf4-442d-bc46-bd70d9d1eb78,799aa2d6-3c57-455e-b252-e547096f6c65,ChIJZcuFGLkZDTkRsbttoM1gL2w,rating,2026-01-08T06:29:46.004612
e71dd68c-78fa-4ff0-9470-797db1219747,55d1592c-6b83-4763-bc4a-ec29a66a4d8f,ChIJZV2pMp4CDTkRKjabTG-yEYc,booking,2026-01-08T07:29:46.004612
94b77084-82df-4cbf-917f-7627387cd2f2,a554eb05-1b5b-4f27-9dad-f6cc82a824cd,ChIJq6qqp2r9DDkRR7me8ggUY5A,booking,2026-01-08T08:29:46.004612
bd167e8b-fb0a-48f1-894c-380f23f97223,b2bae56e-6bef-4589-91f8-3bcb0079a939,ChIJ42FWKggdDTkRFzcocUxirBs,view,2026-01-08T09:29:46.004612
7fa2d37c-2e55-4461-b3e5-5d082cf491d6,4fb6ac45-b3b7-4ca7-b2b1-3a7b65dfaedf,ChIJvaDLwhAbDTkR_36PfbUB4-0,view,2026-01-08T10:29:46.004612
cef3c924-6da4-4e6e-be56-91e1f9dd5925,9541d020-4717-4348-8140-c9dbc6ac086d,ChIJ50F8pDQFDTkRW4vVtMDV2Vg,view,2026-01-08T11:29:46.004612
c690e58d-7c41-45af-8573-8cea81f9b3bb,5da70823-a49c-40ca-91e9-3077db391b34,ChIJr-JBHwAPDTkRfQSor5wNRiE,view,2026-01-08T11:29:46.004612
bef232e9-21f2-45e0-83da-c016754f8e8f,438c3530-9fcd-424b-9ceb-e56415adb4b8,ChIJDTI7CaIjDTkRKhz122Ji-Fk,rating,2026-01-08T15:29:46.004612
d1aa901b-c4c0-4aba-bd9f-0c05730fc93c,4fb6ac45-b3b7-4ca7-b2b1-3a7b65dfaedf,ChIJQSiYSGkeDTkRXBZMMWIbY5s,rating,2026-01-08T16:29:46.004612
e9218e48-51df-48a4-8fd3-6b8c0ef13059,67b9adee-57d3-4bcc-a9b0-422b875c4050,ChIJzabjO74BDTkRpMz3VDvN2Aw,booking,2026-01-08T16:29:46.004612
5c800e03-5d0f-463b-ac5f-91431b3c133a,1274b034-38fa-494a-92bf-820c21e1d8ae,ChIJwRT3qCUeDTkRecFelntewZs,view,2026-01-08T17:29:46.004612
434f2bfe-9764-47b2-85e5-59ba45408518,8da672ff-814d-4227-b722-f99f4d59c6e2,ChIJQTyWH_v9DDkRWIAPGAhMUz0,click,2026-01-08T20:29:46.004612
946bdfd0-29ec-4d86-813f-022e6a2ea3f4,04cc9df0-3d75-4091-84c2-a22195082704,ChIJqeUQpd3lDDkRAa1qCvUP7Lw,view,2026-01-08T22:29:46.004612
6e7fd19e-6dae-44fc-ae40-dadafda80e79,c4b2e08f-17a0-4035-97fd-b2cccb6535d7,ChIJM3miHicZDTkR72x_enKNSXo,booking,2026-01-08T22:29:46.004612
cd7c09f2-4049-4b0f-8a87-ac7446dccbae,6e8e4d3a-1efd-4e21-a015-272eb9d742a5,ChIJ68pMy4ujDTkRfdLW8KShqPs,view,2026-01-08T22:29:46.004612
a6caef86-de72-4cf0-9eeb-4f45a3325723,3b030995-f450-4070-abce-89f1ee8fd2ec,ChIJawhvr7PnDDkRzK8CptG0rAo,click,2026-01-08T23:29:46.004612
75ad0e4f-e2f9-49f2-aa43-f86aeadd91ef,6ee09409-0b4e-41b7-8daf-93dfa6d3922b,ChIJoUDVS4MZDTkRqZ1d-JC_LcA,click,2026-01-08T23:29:46.004612
812e5b2e-13a6-45e4-8eea-9aaf45b76086,d0568206-fb99-4420-93e5-955e8cbc76f9,ChIJH7uqMgAdDTkRR3AlYABkDHo,view,2026-01-09T00:29:46.004612
05a8131e-b32f-44c5-90be-388b9d909ed4,88c44c7a-7a90-4499-b7e5-5500d709369e,ChIJOTDUK3wFDTkR_mzMfRGI7jI,view,2026-01-09T00:29:46.004612
0a7c939d-180e-4f2b-9c0b-5ddc6e360c6c,e7846780-b12f-477e-9b42-13be2a46552a,ChIJxY54Sx_9DDkRgZ05aiuE6aQ,rating,2026-01-09T01:29:46.004612
7da66012-bb99-4846-9732-e7653d36e2be,f32ed5f5-48b9-4967-9ec6-8c0147bd672c,ChIJJbbr8_T_DDkR-ofOseudRO4,click,2026-01-09T01:29:46.004612
7e91461a-b24f-4b6d-81dc-fb0610ecfb1d,8da672ff-814d-4227-b722-f99f4d59c6e2,ChIJwdp9bzADDTkRt_4Txb3SJn4,click,2026-01-09T01:29:46.004612
a6f1e196-ace7-43ee-ac26-06a126c79d73,f7b4c86d-3e91-48e0-a4c4-aa93d7561142,ChIJByYe3LL9DDkRVpIn7noONz0,view,2026-01-09T02:29:46.004612
aa5a7f2c-4a56-4ba3-97ea-220ea3426809,db7cb10c-7a2c-43e6-a261-591ad5984a61,ChIJ8XJNQSHnDDkR60BZUyvH0_8,view,2026-01-09T03:29:46.004612
5b63ae54-9232-4938-82bc-d7d5a925a6d3,18926347-9c00-4610-ba3b-b4f0628dfc4b,ChIJlyMMChcHDTkRR-fZqsAQqLc,view,2026-01-09T04:29:46.004612
2db2cc98-482a-4680-a352-0c9972529a37,9d8bd99c-42c0-42ec-a794-1d8f96692b09,ChIJ968tGgojDTkRObaW2xZSuXs,view,2026-01-09T06:29:46.004612
0396675d-e389-478c-9125-f1876d6318db,62689cf5-8b3d-4aca-8ff2-e66406e93ef1,ChIJGY6rtYz9DDkROGiBI6lGJI4,view,2026-01-09T07:29:46.004612
e0bd4ad5-897f-42d9-9709-4e250b5e65f1,3ff11692-d469-4c8c-a91e-bf5dc86c1d71,ChIJtzXjyKv8DDkRasu5QY9A85k,rating,2026-01-09T08:29:46.004612
c86bcba6-cd65-43d0-9855-85f8c0e58f0b,c042e4c1-9799-40f7-92be-9a4d8db3434f,ChIJUc57VzMHDTkRg3Uh88w6Gbk,view,2026-01-09T08:29:46.004612
68da90c8-c61d-4f15-9eb2-88a55c048a15,bfa7490c-aaaf-44d1-b7ae-f836f4fd53a2,ChIJ335bATblDDkR1WS3B174oYA,view,2026-01-09T09:29:46.004612
d3e7caf5-0d3f-4071-bb71-f36c75ef5969,3c9d6a37-dfc1-4aa0-a1c0-ce6a5f7eeb6f,ChIJQXZOlAj9DDkRGt_aiGqrOHk,view,2026-01-09T10:29:46.004612
2a0126ae-d200-4021-a6ac-ca8a254181e3,7b25bca1-5cf8-4df1-a24f-5c00b397a370,ChIJnQTKoYYXDTkRU7pRAcKFALk,booking,2026-01-09T10:29:46.004612
8485887d-c137-4403-9aab-17765aa00c48,bed6aa64-aa16-4b8d-ae0a-08044b6f518f,ChIJRz8fTtb7DDkR35WthLi8XWg,booking,2026-01-09T12:29:46.004612
654cdef3-9c90-446a-abd6-f7b029a7b383,f1951d22-67a0-41cf-88b4-fca26b5a0ad8,ChIJ6yMHonsZDTkRMN0eS43o7Tw,view,2026-01-09T14:29:46.004612
7782ef07-f423-458c-b7bf-3e67b8e5bb90,67364aa1-8d07-45f5-941f-31b64963f318,ChIJzduWdHEZDTkRBKRB3ET9eV8,view,2026-01-09T18:29:46.004612
6a421198-1500-4e1b-ba0b-1efd7b3c4725,3b3e881a-72d0-47ab-9058-597b7916acc0,ChIJ_z56lUH9DDkRhf379R0nNTM,booking,2026-01-09T18:29:46.004612
5423b05e-e7af-419d-861c-66d5d5690466,6f97f60e-e1de-4197-8bcc-5ee284285f0f,ChIJtQuDZvIZDTkRoGzaPPVdMss,booking,2026-01-09T19:29:46.004612
5ec71b7a-c926-47e4-a9ec-06672cf49797,562e74bd-3afd-4a7a-95d9-5705ea03a607,ChIJMyjsl_rhDDkRcU3rb0yGJ3s,view,2026-01-09T20:29:46.004612
19d17024-bafc-498d-878a-4ea843682c0e,d34c9416-f56f-4dae-9cf5-56f6594ee57e,ChIJb1VVVZoCDTkR55_HhaH8rMk,click,2026-01-09T21:29:46.004612
58f76db3-6516-447a-bc75-bf8e001ba341,bf66700f-a785-4863-8675-5231896b5901,ChIJ97W7F9EfDTkRidfrk_JoC5s,view,2026-01-09T22:29:46.004612
760f49c7-516d-415c-bd49-52e294135351,10287ce6-65b9-4142-8b2a-cf7790da529f,ChIJe4zp0KMdDTkRm90YLrHBVg8,view,2026-01-09T22:29:46.004612
bcb68d2b-ca17-4e11-ab0e-d0174dd258cb,18bda87a-d1f0-4fa1-ba1b-0b6158fd3c26,ChIJa2KZCt77DDkRKDW7Yi-oHV0,click,2026-01-09T22:29:46.004612
85fe3fde-4de8-4e59-879e-a130998eed9d,1332f2a9-c787-4d56-a619-7c67fb64a9aa,ChIJXSzSTs8VDTkRG66LLYu27cE,click,2026-01-09T23:29:46.004612
5be8212d-240e-4d80-bff5-1dd9b49a187c,4f6f8371-18c0-4a14-b176-7e3454ff3110,ChIJzabjO74BDTkRpMz3VDvN2Aw,view,2026-01-09T23:29:46.004612
67e5f014-f2de-4a75-a050-2b781033e6eb,8f9e1132-4420-4b95-8a79-3d6493bc06de,ChIJ8XJNQSHnDDkR60BZUyvH0_8,rating,2026-01-10T00:29:46.004612
1fbb9ffb-e073-495f-b0b3-942a408311d3,1985a14e-3658-436a-9fa0-f2e01a645c6f,ChIJPVegOR3lDDkRbWNzyX_u8BM,click,2026-01-10T00:29:46.004612
37899bdc-0023-47de-9809-16c2da53368d,3741b114-83ef-4fdb-ad4c-b47eed63e977,ChIJYZ4wOkEcDTkREEowD3Q59Fc,click,2026-01-10T00:29:46.004612
38c43dde-4902-43a3-893e-d59b5fc46a9b,0251744c-c6b0-443c-ab01-d59a3e773afd,ChIJlU7xMJ4dDTkRS-CEa9X7JHw,view,2026-01-10T02:29:46.004612
06360c5e-b235-4608-beac-fc63c0729465,d4ed3b72-0227-477f-91d7-16c5d6a4afd4,ChIJYUkV8fX9DDkR-9ztjCtkqNw,view,2026-01-10T04:29:46.004612
c79ea095-39f4-4361-98c5-65827def88e7,6ff6f214-34c6-4b5d-be45-6bad358924b7,ChIJmQYnvXEEDTkR0r7CgDsyI6Q,view,2026-01-10T04:29:46.004612
da1178ca-1d4c-4c6a-94c1-91f549b150ad,a22b0a6e-7e85-4dc5-8f62-c0e1a1118cb0,ChIJ8RAL_OL_DDkRfkpERnh9Ujo,view,2026-01-10T06:29:46.004612
a8666c62-03cd-4a22-9dd9-6d7151a485a1,74c2d5ae-5c70-47b1-9aa6-a69c4234b58f,ChIJM3l9UZoBDTkR2_ot_oWf6eg,view,2026-01-10T08:29:46.004612
2bdc583b-a9a6-4b80-b67a-1c458595be3e,db757573-d418-4493-aeaf-4a5ea11c09ab,ChIJPZDGPtsYDTkRAw_YJKEwTiE,view,2026-01-10T08:29:46.004612
eb1ba7aa-0497-4fbe-b550-14862c4384f6,501d7b93-7873-4a3e-a801-8c1c2b684e85,ChIJIagCv3IZDTkR_J9Y0e95QvU,view,2026-01-10T10:29:46.004612
be19b91f-73e6-42bf-a9b9-060e86f8649c,81b57fe8-6ec3-40ae-bf9a-0555a7fa02bc,ChIJa3V2bkYYDTkRXORa3zzhsTw,view,2026-01-10T10:29:46.004612
7eab8056-3f09-4ae0-916d-1aa2e4a35e67,96ffebd7-5dbe-4467-9460-c36ae73f330f,ChIJ8eXMjBQDDTkRB0vq5KGUuro,view,2026-01-10T11:29:46.004612
dd9ce0c8-31bd-4d8e-a515-2e1163b2a71b,7dda7ab6-4686-44b0-981a-42a865591aa9,ChIJY009gVIXDTkR68MwDX50jN8,view,2026-01-10T13:29:46.004612
39302a5f-015b-4612-9f54-dfdfeb2916d8,567cca15-a491-4b46-a71a-5e8d911c94aa,ChIJFY7fg1cZDTkRPMAAI0HUMwA,view,2026-01-10T15:29:46.004612
a166a28e-1d75-428c-9a26-e2480bdac86b,20a3b51e-0c43-41c0-8993-bab69b7ad66b,ChIJBcMcWOAjDTkRUzbA5iIK4lY,view,2026-01-10T16:29:46.004612
0020c697-5433-4147-8fc5-0b13b89c9088,b2bae56e-6bef-4589-91f8-3bcb0079a939,ChIJm6x4_EL9DDkR-nogAnARs0Y,view,2026-01-10T17:29:46.004612
3d9c5cf0-dfd5-4e5c-86f5-00d563f8de75,2c9dde81-e54c-479b-b88a-2c5f24e573b2,ChIJnd_wn9j5DDkRNKbthWouCeo,click,2026-01-10T18:29:46.004612
7e5db12a-2923-44c4-9a4a-a9ad89158760,20065164-876c-4db0-b1e2-47612559208a,ChIJYfbuyGUbDTkREm2SGwov630,click,2026-01-10T18:29:46.004612
cbaf5275-9868-40c8-bbf7-e5e30a0e961a,75da1846-dda2-4389-a5c4-54969fca2036,ChIJo_EVHzH7DDkRq0dEqPdaQ04,click,2026-01-10T18:29:46.004612
70b2b24f-4d5b-427b-94bc-309594c009e0,d5e48dc1-31fc-42fa-9872-a3ff735624f8,ChIJWUsSGaMZDTkRl5tZNykJQlM,view,2026-01-10T21:29:46.004612
9618ed54-2732-4b2d-a159-7ee26a97879e,4639b934-5fe9-4988-a7c9-d96a8fdde734,ChIJ1eAJv3EBDTkRh-_kWmP5-nE,view,2026-01-10T21:29:46.004612
dbec5eed-f1b1-49b3-8daa-5f00aa144bbc,f774a82b-0033-4ac2-bd81-889eb6212c52,ChIJd9sdC4MHDTkRtaltQYd0h2s,click,2026-01-10T22:29:46.004612
2551ab8f-17c9-49f9-9aeb-e5174a71ca7e,9182e03f-2dd2-48d2-8ccd-8a62bc3c3a05,ChIJjdR7GgEDDTkRk1PVg8rr8dE,click,2026-01-10T23:29:46.004612
9fde6e11-59d0-4db6-8f02-1a3f7120d961,aab10c81-0332-41a7-9c80-c13a075e121f,ChIJwzxOpWkcDTkRIODm_a6JlXA,view,2026-01-10T23:29:46.004612
328585ae-13f2-425f-b07f-fe535022f124,e2168cc0-d734-40be-b899-2ab111c62c7a,ChIJsWZJJEH9DDkRLIvrsH_SoIY,click,2026-01-10T23:29:46.004612
05b0daa7-989a-438c-8d74-a37057f465ca,4f6b2cdd-7c5e-42e9-a615-b9d0e094dd29,ChIJ2-xcczADDTkR_bBvOkfwe2M,click,2026-01-11T00:29:46.004612
32d807d6-7173-4822-8af8-3df38530bf20,2434643d-e449-4434-baf0-1a56659c1297,ChIJi147UAAVDTkRWcXTa5zs4h4,click,2026-01-11T01:29:46.004612
b752aec9-c009-4bea-b8c5-b5fd170c7dc1,68c1db27-af96-4b10-8e19-55873cb43635,ChIJa2MsH6MCDTkR2k0d3sh8BGU,click,2026-01-11T01:29:46.004612
dd291853-13e0-41e1-add5-fd8eeb249fa6,9d0d6a27-7f27-4d93-8c47-818ba00fe46f,ChIJ4_cSyxPhDDkRRdBaWb4TUL4,view,2026-01-11T03:29:46.004612
4b9785cb-fc95-4874-b7fe-9fa037a0ae01,3ebd9cac-43d4-411e-8233-c1dc7596d78e,ChIJS51qEH4ZDTkR5-RJJbhYIZk,view,2026-01-11T03:29:46.004612
13f0b18e-1a50-4834-b9b7-48a9e3239867,df95df7b-505f-484d-a77d-0f4a6cff7299,ChIJ_b5_2h8XDTkRH-3grjWSpsI,view,2026-01-11T04:29:46.004612
d30e1e91-7f61-4e67-835c-7f932611be7d,2cb19803-c877-4551-af24-3fc6895585de,ChIJMU1KYbgHDTkRpsomFwCkbQ8,view,2026-01-11T05:29:46.004612
baaf4215-ff4e-48f0-a5e9-ac67a7b6bfa9,b6b9a069-7775-44ae-b276-b2ff93dcb7be,ChIJ40I_kCvnDDkRsOwVtnuR6I4,click,2026-01-11T06:29:46.004612
d2b2b524-6539-49e1-936b-e5b8f6dc3ba6,2df7c9fa-e1b5-4986-8644-a1c7220f45dd,ChIJ2bwVBgAZDTkRah_u1EhEw20,view,2026-01-11T06:29:46.004612
24ebb60a-1431-42be-9dae-1341877ef44c,727def27-1002-43f4-adf8-95427b0d04c6,ChIJmTB5HzUZDTkRTBavRM5qJO4,click,2026-01-11T07:29:46.004612
592c686b-b0bb-4a65-80de-3451a86d7d01,da9b2f0d-d096-4cea-954a-60d89171bcc7,ChIJeQIQJdXgDDkRfhn0uyMOrxQ,click,2026-01-11T07:29:46.004612
8f1452d6-0895-4b37-8a8a-e48e4553d257,4f3d83ab-aa51-4189-8bac-c0b0795541f7,ChIJd9sdC4MHDTkRtaltQYd0h2s,booking,2026-01-11T07:29:46.004612
021d8efc-46fc-45b2-a02c-728447c96850,b02a8ef4-0dc1-4e3e-b34b-71430b2f044f,ChIJWxJ1vDscDTkRtxnxwLjdnK4,click,2026-01-11T08:29:46.004612
25015dcc-410c-43bf-9afd-5f4b65381dca,76494271-a595-49c7-8fcf-cdbb4ac3c3b9,ChIJ1ywK05AZDTkRdgEqHoRr7Qc,view,2026-01-11T09:29:46.004612
fc0b7a28-6684-4866-ac04-c859c23cdb88,1cc1f619-e172-43eb-95a9-250a047d53e3,ChIJtwsPvxsXDTkRbnLWQkgcsoU,click,2026-01-11T09:29:46.004612
32ac566e-7338-4449-a389-a535636a982d,544f1349-c1c5-481f-8968-8b4a3f64ba7b,ChIJ5RPXWkbnDDkRHPIEdZvEvnM,view,2026-01-11T09:29:46.004612
2d7572eb-e8c3-48de-b7b9-12d5b54ea172,b06db2c7-0962-44a2-9e2e-0c20ed116e97,ChIJda6QOks8DTkRSYPBnAZZFs8,booking,2026-01-11T10:29:46.004612
3ab2043d-62ec-45c2-a6b8-f93c3d8df7e5,6dcfb609-2ce5-4bdb-87fc-08118fcee7e6,ChIJR3VQqa0ZDTkRTEA4kYW9eMo,click,2026-01-11T10:29:46.004612
941735f7-6d0a-452d-a1a2-8b0426de5bdc,0017310a-c3e7-4737-8d72-a3e46b8bab54,ChIJU5k0fwAZDTkRO_rImIrqbtA,view,2026-01-11T10:29:46.004612
b87bf9bb-fb51-4714-9289-cd828050f972,caab4413-f522-45f3-922c-28d705578a11,ChIJ_RzqqisFDTkRYxg7FcLYFkg,view,2026-01-11T11:29:46.004612
78e305ec-49e2-488e-8f09-6865aab4af0b,3c6b907b-a9a0-4ec9-9d24-fec31f360051,ChIJ6VKu20AFDTkR0gckv0FCS3M,click,2026-01-11T11:29:46.004612
ae41da6e-19a8-4de1-a486-b558861a66ac,e79fc8eb-d34c-4eba-9f82-3f875c8cef74,ChIJKd2x_m37DDkR7eEb4D5R3GM,booking,2026-01-11T11:29:46.004612
cf38985f-e718-429b-8def-6b7f3793914a,940b5992-b2c8-4606-8577-fb950b49d30e,ChIJBevGfo4ZDTkRVZgGThgWOhM,click,2026-01-11T13:29:46.004612
4ddf6234-18f4-4d9a-a071-90db20d8c1a8,839088d5-7b33-40bf-8bf6-49d5f44731c4,ChIJyfblicYYDTkRYmMn8f1coPg,click,2026-01-11T13:29:46.004612
41561780-b6c0-45dd-8333-ca10988a0ee9,3ff11692-d469-4c8c-a91e-bf5dc86c1d71,ChIJx2G4jXwDDTkRHWHRAX90qJg,view,2026-01-11T14:29:46.004612
ee8cb9ca-c975-420a-9693-73a6e1b1b385,309a3e0f-e49c-4ecc-b251-e14eb1752d8a,ChIJx_FdBwDnDDkRBnx9GzcApi8,view,2026-01-11T15:29:46.004612
fcffe6cd-7bdd-40dd-960b-a7f1a2ce9375,644ddcbe-3a6c-4c87-9979-76c4f245432b,ChIJ1ywK05AZDTkRdgEqHoRr7Qc,click,2026-01-11T17:29:46.004612
a0b7d77c-18e1-4039-8763-85637f4f3d8f,459130c7-4617-4eec-b6b7-413a5293b66e,ChIJl_0cXHwZDTkRFz_CkZcrn-I,view,2026-01-11T17:29:46.004612
280a14e4-572b-4f6f-87d8-692196506154,d89e1f00-8ca2-4838-8356-679ff50a23c9,ChIJJUU734WpDTkReu71uFgc1lg,booking,2026-01-11T18:29:46.004612
642611f2-6411-431e-94b5-2f00dc88677f,b2e7a098-4d76-4ba5-ad49-7f4f75a9dabc,ChIJLW-emhIXDTkR-6bqCk1VS9M,view,2026-01-11T19:29:46.004612
244cc8f5-4f0f-4d76-8ccf-78643a176f41,664dac6b-5441-4ea5-b690-49182d74ead3,ChIJuwDMPGMZDTkRwLNEZhvujiY,rating,2026-01-11T21:29:46.004612
f318674c-817d-4723-9e7c-772d4d50df54,6c2832ef-52b7-4ee9-85e0-7f010f2ca247,ChIJGywLmWv9DDkRnxyK623ysBM,click,2026-01-11T22:29:46.004612
df99dd53-ca1c-4a50-8eca-347968ba1655,1d6480f8-1b79-4db4-a917-49a280dcee2f,ChIJQYtC9bIBDTkRtzYGNORyATo,view,2026-01-11T22:29:46.004612
d05a0ea4-67d7-4e92-b70c-cd468abfbe64,25c08eda-76f1-4b3b-ba8c-38135b29e77e,ChIJzyKBJd7lDDkRCBDbrwbxyt0,click,2026-01-11T23:29:46.004612
b283e637-4319-45a5-8645-cf8a49032646,4fc25487-3a6c-4534-a98a-c87948cb8300,ChIJF7LqehsbDTkR6XzlZaqz00s,view,2026-01-12T00:29:46.004612
241f0de6-2e53-4f88-b3fb-b6d5aa435718,309a3e0f-e49c-4ecc-b251-e14eb1752d8a,ChIJA-zn7S77DDkRXJsksvK3hLw,booking,2026-01-12T00:29:46.004612
d362af15-9c70-4e7c-b12d-e8e681c7b9f2,5b506e71-9c12-4464-bcad-b01a9a6f78a7,ChIJGbsb2uIDDTkRH8ymaGf-FEk,view,2026-01-12T00:29:46.004612
af45f2d6-4348-4da3-a5a7-084c36b3fb09,e7846780-b12f-477e-9b42-13be2a46552a,ChIJUe6L_IT7DDkRZIuJu1OTSfA,click,2026-01-12T01:29:46.004612
370799f0-c231-4188-afae-abca61c49eee,fa43185e-8b35-45b0-b06b-ba23cd2be955,ChIJmTB5HzUZDTkRTBavRM5qJO4,view,2026-01-12T01:29:46.004612
3d5d65b5-346a-4f4a-81c6-22002ab072fc,3a40b1c2-baad-46de-91e3-69eb5211f542,ChIJj1OudT0CDTkRtj84wg-cCE8,view,2026-01-12T02:29:46.004612
1c787cb5-2963-4198-a232-bc15097e308e,664dac6b-5441-4ea5-b690-49182d74ead3,ChIJTcaicyDjDDkRriIeJG6QFM8,booking,2026-01-12T05:29:46.004612
ea170b51-9be6-42ed-9937-874516db5d07,95414a6c-3d9b-4c5d-b418-caa12f63c1f0,ChIJbRm2nIndDDkRSBeUA2LGd1I,click,2026-01-12T05:29:46.004612
ec528963-dee2-4eae-b5b2-39b48f4530cc,bf66700f-a785-4863-8675-5231896b5901,ChIJ--FGZrMZDTkRnNnjWOLxdmI,view,2026-01-12T06:29:46.004612
d16e6a5f-ebdc-4ff1-9c1c-a47d80efdeb9,e36a7a29-e37f-4ebb-869f-fd6d38fb9c4c,ChIJnzfZxyH9DDkRB58ZTRYEcpA,view,2026-01-12T06:29:46.004612
e26eea12-301f-4371-bbe5-f61f36ae5164,975eb39c-d011-4576-8de1-db559ddf4e91,ChIJbW7dveILDTkRpbfTOIEo1U0,click,2026-01-12T08:29:46.004612
1aaed008-ebbe-4610-9121-e186b1532b74,7352c669-5481-460d-b466-9c9d080ca607,ChIJI69JKUfcDDkRXn3xNhvAIp8,view,2026-01-12T08:29:46.004612
95a5ed55-fe27-442c-b2bf-e65bceccd156,10f543c8-1c12-44c4-bd7a-379c57cf1952,ChIJCyUAlnH7DDkRGOw37CO42EY,view,2026-01-12T09:29:46.004612
778eed02-5fe8-49fc-9c6a-0a8eb48f5703,b38395c5-c158-4137-9ad2-bda81def4908,ChIJF32jzq8bDTkRBUGw8qVoInQ,view,2026-01-12T10:29:46.004612
20cf70e9-a901-4abb-9813-09258fd35695,c28bf682-7f39-4316-9aa9-ee5f7e627aa1,ChIJ8fp48rP7DDkRB1sioTWEZE8,view,2026-01-12T11:29:46.004612
83f760eb-9c59-4b83-b7b5-6a1f98844585,8f4d7c87-1d82-4a50-9906-1697ed6997a3,ChIJG7ishgb9DDkRnIrNWT8PfPM,view,2026-01-12T11:29:46.004612
3d67633c-d582-4bf8-9780-5df6d25e59e7,ee4ff499-5094-41ce-ad34-44aa3d6320fd,ChIJM1VXRjQZDTkRoBS-7Y_b8qY,view,2026-01-12T14:29:46.004612
1ff50c8a-c3b4-474b-a986-647dfc75f2d1,fdb7ca70-b5a5-48af-9880-77e833de17bd,ChIJT6HNpJQZDTkRGu2XPHz05z8,view,2026-01-12T14:29:46.004612
beb84787-ac1d-41a5-8567-85a0f28094cf,347df7b2-6daf-4811-bb35-2ef31257a753,ChIJ3-PpEgYZDTkRA3FAMu-E6AI,view,2026-01-12T14:29:46.004612
d80378d3-50ca-42fc-af90-33fff743d998,edc86b94-a97d-41c0-ba0e-891091c3f233,ChIJw2f9Y3YDDTkR7XalAEXGCGI,click,2026-01-12T16:29:46.004612
25da8641-6d12-42e4-aa94-5f3787ccf108,13681eb3-7b25-44f1-b853-5b46921740de,ChIJIX4qK5gCDTkRbm67bcxGI7I,click,2026-01-12T19:29:46.004612
5a4b15c7-c6e3-4f94-aca0-837832b8e323,aeedca81-5b94-4f80-b95d-b3596c11b746,ChIJe2RlJx0VDTkRrx8Vc-9ASYc,view,2026-01-12T19:29:46.004612
0f9a3097-7cfa-43c3-90bb-5a2775d2d4ee,40e0e959-e6b4-48b9-a8e2-f18df0cf67a6,ChIJBUyBs_EBDTkR6NDsh_942IY,click,2026-01-12T19:29:46.004612
77c439d8-8342-414b-9862-12f0b8fd1df5,b8fcf47c-4bb1-4462-855b-b29e2dbb8968,ChIJtzflUNEhDTkRCosTp3T0fO8,click,2026-01-12T19:29:46.004612
f36b63bf-c402-446d-851a-9ffa585a58fc,bb74e6c0-1515-41e7-a45d-f026aff79822,ChIJuWdhYEQcDTkRSaDfih8YwjA,view,2026-01-12T20:29:46.004612
8146a68e-8709-4cb4-b808-ee5ae90b5810,f4445df4-8aa1-46d1-ba98-281e62da5701,ChIJPfpkEwHiDDkRiS9jVibNSdw,view,2026-01-12T21:29:46.004612
3467d50e-0d4c-42bf-bd5e-d844130bdbb7,2fd646f2-e520-44d5-91cc-a0c8d5556ccd,ChIJX_p5Lu0dDTkRqOKPEmR2EB4,click,2026-01-12T21:29:46.004612
d50fce1a-6f5b-41fb-bb81-5133cee49780,286ff317-1da8-4ec6-b632-d31a28acb766,ChIJ-_yRL8EZDTkRpKoCJVWyNKU,click,2026-01-12T22:29:46.004612
58cf3e5e-5d3b-48a5-a504-7180f4541661,b235fa8c-2e45-40d6-a101-d3e2ec9b95f3,ChIJnSnYFEsZDTkR6NLGDcS6Qvo,view,2026-01-12T22:29:46.004612
48fe6efa-342d-4120-a0ad-751b1057bdbf,4fb6ac45-b3b7-4ca7-b2b1-3a7b65dfaedf,ChIJqxGysiLcDDkRb_4pTjmeGHc,click,2026-01-12T23:29:46.004612
103c9b74-62db-43a7-bd77-0e4c8c31e1ce,0fcbf1b1-b632-4a5b-ad37-a1cafc6a9b99,ChIJr3w57d8ZDTkReaF1ZGBlgvM,click,2026-01-13T02:29:46.004612
68c05400-4afd-4345-b94a-0d6251ba07b6,95c51aa1-e6ce-4852-a42e-f3569b27a779,ChIJZ_Ph8UP9DDkR3ZwIJeTmtoA,view,2026-01-13T02:29:46.004612
e7fa3095-add9-481c-a686-9881ece40a50,565135ed-0dc7-44c1-94ec-6e217b95e3e7,ChIJoxuvkn_hDDkRxd31OthoEt8,view,2026-01-13T03:29:46.004612
3acc70f8-a69a-4551-af2a-f0ed55b0c3d4,3741b114-83ef-4fdb-ad4c-b47eed63e977,ChIJR7opKkHnDDkRu2lSbe2ecIE,click,2026-01-13T03:29:46.004612
9c80df02-0688-41db-9555-54be1af09d81,ce684b65-1011-48f4-b0fc-af68c31c585a,ChIJf8BWKED9DDkRo0tNpcGElSk,view,2026-01-13T03:29:46.004612
4a790818-156a-4d0a-a649-f1c33b21fee4,3b08d955-3c94-4732-bfb6-b67bcec421cf,ChIJ7W5mGAIWDTkRI2I_wKlwLRk,view,2026-01-13T03:29:46.004612
5ceca2d2-bd47-4032-822e-3dba2780f9e2,51fa3079-2cef-4318-b8ef-a637eea98162,ChIJyfblicYYDTkRYmMn8f1coPg,view,2026-01-13T04:29:46.004612
6b0aa7b9-cab9-4237-8196-c70f23c1a95e,67364aa1-8d07-45f5-941f-31b64963f318,ChIJ4RfKFssFDTkRU4i5FR1_Mcc,view,2026-01-13T05:29:46.004612
9e31e7ef-6896-47c7-88e9-e1c2d069be3a,9d0d6a27-7f27-4d93-8c47-818ba00fe46f,ChIJf25pKZnhDDkRwGJaFMZCYAk,view,2026-01-13T05:29:46.004612
2e51fc72-29e2-4e1b-a0d9-cc7cd2732296,f83a9ebe-79bf-4a5e-a810-f0efdebbe210,ChIJIQA2Z7wfDTkRZw25k-8InI0,view,2026-01-13T08:29:46.004612
22b24596-3454-45e5-ad92-5186ecdf40f4,4ca1fab7-5bd1-49a0-9b56-9c3993a6d8d1,ChIJ-Ty9tEz9DDkRxhAk4j8Iu8s,view,2026-01-13T10:29:46.004612
33b1b561-db70-4877-8866-ee796cace056,c74fef9b-4167-4893-8d8c-aa5a673376a4,ChIJY6PJh2kcDTkRybb5KBGcqIY,view,2026-01-13T11:29:46.004612
ff5888b0-9af7-4d4f-98bd-62f10f199891,18bda87a-d1f0-4fa1-ba1b-0b6158fd3c26,ChIJ2am72v89DTkROMLW-jN2w0w,view,2026-01-13T12:29:46.004612
229c370d-87c6-47ed-88ce-7974c084a984,85f877fc-5969-4798-846a-782e928d85b4,ChIJ9WJgCpwiDTkR9v_-VgD8zc4,view,2026-01-13T12:29:46.004612
808e241a-3c0c-46c0-82e6-1f3af6b4ed38,8eb07be8-2d0a-465d-889e-75d3715585c5,ChIJVb3KwfkBDTkRSXdPeP0lRbs,view,2026-01-13T12:29:46.004612
59567f4c-e1f2-4808-9eab-ca385f9530bf,b6b9a069-7775-44ae-b276-b2ff93dcb7be,ChIJa5dF22oZDTkRQ2KjgHaw2d8,booking,2026-01-13T14:29:46.004612
cd29ac34-4936-4c12-87aa-b07aa78cc278,20a3b51e-0c43-41c0-8993-bab69b7ad66b,ChIJ66UarT6rDTkRyZa4JzJBuoY,view,2026-01-13T16:29:46.004612
d366f48d-94e4-4c85-a877-9edb13b964ae,c93d87fb-8e69-48fd-b7fe-3ada0e1ca17c,ChIJ33rDkUkVDTkRBF6PlzwmTFw,click,2026-01-13T20:29:46.004612
132e51ad-ba5d-4f71-8dd2-0c3b5866b4b9,1f7fe618-fbc5-4a4b-b214-1840b1852906,ChIJRZ8E8Qz9DDkRaDxap1se5-g,view,2026-01-13T21:29:46.004612
09b0f487-7c01-4a68-925d-a11d106ac13b,04c48e09-7532-4bfa-8622-cf1c105e871b,ChIJg4EYhZcCDTkRpG4TeF_9Xtw,view,2026-01-13T21:29:46.004612
f7db7b95-2b7b-4c8d-87ba-301d2eb57616,da9b2f0d-d096-4cea-954a-60d89171bcc7,ChIJ5bX1UNLjDDkRFUd-LjbGr28,view,2026-01-14T00:29:46.004612
abbe99ea-989c-4036-9440-70c8383efce9,bb27f4a3-acf5-4fbe-b9e7-ac5430056281,ChIJSbK5LDjcDDkRNyRcRHo4DI0,view,2026-01-14T01:29:46.004612
ad86826f-2eec-4868-a802-2505c48291fb,a123c201-eb05-40b0-a623-65fc5c901802,ChIJm6x4_EL9DDkR-nogAnARs0Y,view,2026-01-14T02:29:46.004612
1694296d-11f8-40e1-87b9-5b2243e69d90,2df7c9fa-e1b5-4986-8644-a1c7220f45dd,ChIJa11F3PThDDkRiXUu-XFCPsM,view,2026-01-14T02:29:46.004612
420b21d4-8643-4ac8-879e-4445f97f797d,347df7b2-6daf-4811-bb35-2ef31257a753,ChIJn9xREaAFDTkR6WxojxfAHQ4,view,2026-01-14T02:29:46.004612
2c06879f-7cf9-42ec-ab09-d961bb046c69,d0249923-13a8-485b-99f8-6879bb7badf2,ChIJYUkV8fX9DDkR-9ztjCtkqNw,view,2026-01-14T02:29:46.004612
4f0175ea-c1b9-4bc7-a212-f47421c544da,1f79ba5b-356e-4127-b6f3-d87edbe2c4d4,ChIJa8DmBlkZDTkRmCx2X4Z5BuU,view,2026-01-14T03:29:46.004612
43a356ff-5c79-40cb-8eee-22cd583c3b1a,940b5992-b2c8-4606-8577-fb950b49d30e,ChIJr_HCO-kFDTkR_aDiWYPlg_g,view,2026-01-14T05:29:46.004612
1367fe4b-78da-4889-8446-2d33ebbcd051,bd53fe1b-2589-4522-adde-54aa56cf7d13,ChIJR3VQqa0ZDTkRTEA4kYW9eMo,click,2026-01-14T05:29:46.004612
167d9226-0848-4962-97e0-c3636a07c142,b93f1c5f-045a-466a-a21b-d2905677cd14,ChIJEYDU5mYbDTkRH-UsiC4Cu4E,view,2026-01-14T06:29:46.004612
56e00cb8-df3b-4725-842d-b6ebf9d8e634,1af78088-0b1c-47f9-b1dc-923c9353f8b4,ChIJj3OjmdKtDTkRvWh_wE1co6E,view,2026-01-14T06:29:46.004612
fcb10639-765f-4998-83ff-f4b1cd42ddcb,0b96ad05-ad6c-46c2-a6f4-63a849620078,ChIJHaWKGvAdDTkR1l7uIkF9HwE,view,2026-01-14T08:29:46.004612
c2979198-bfee-4c1f-a62b-33a9c44cef74,3ffcba89-0cc5-4537-b758-67a79d5365f5,ChIJoUDVS4MZDTkRqZ1d-JC_LcA,view,2026-01-14T10:29:46.004612
37d533ec-9fb1-4991-9ed9-5476cf28f4c5,c93d87fb-8e69-48fd-b7fe-3ada0e1ca17c,ChIJ44xy620HDTkRZkVQGauKZBI,view,2026-01-14T10:29:46.004612
b8ba5d48-cade-42e4-9748-00249136a189,7f03cab6-f668-4086-8629-2f21ce712f9c,ChIJjRnSLIwfDTkRSeSzIDKDY_s,rating,2026-01-14T11:29:46.004612
0d92df3e-c8ec-46fd-abd4-a566cf59e085,5377df52-fd02-42d9-9083-2254689f6f7a,ChIJa3V2bkYYDTkRXORa3zzhsTw,view,2026-01-14T11:29:46.004612
97c5e0dc-ea8b-40d0-867a-7f4a91423dff,5dbd832e-a6ea-4a7d-a8aa-245b331cb431,ChIJt3KdyTsZDTkRnrRRDF9xwo0,view,2026-01-14T12:29:46.004612
e5028f39-04a9-44db-89b6-e2b9bae2fe20,6ee09409-0b4e-41b7-8daf-93dfa6d3922b,ChIJuYjlFNPjDDkRq-G603kqdxU,booking,2026-01-14T12:29:46.004612
b8223199-176c-460d-9fb7-4915207eb341,3c4b7a3f-0093-4a17-a928-554f1957cab9,ChIJtRHB2kD9DDkRUY0APHYy8cI,click,2026-01-14T13:29:46.004612
525234a4-df74-4505-934c-f17cf47d2d33,2dd93f15-9a8f-45ed-87dc-a5093eecd56a,ChIJWUsSGaMZDTkRl5tZNykJQlM,view,2026-01-14T15:29:46.004612
0e6a481d-5c9a-4124-93e2-f4a3466251cf,bed789cf-6df4-4973-b9d8-7134b6c526fb,ChIJjRnSLIwfDTkRSeSzIDKDY_s,view,2026-01-14T15:29:46.004612
fa851ffa-0e6f-4f02-88c7-f6de33caba7f,5d1a8502-0bde-4cbf-abb8-8046f6e08c8f,ChIJR2D6ioQXDTkRBDwuY3-75P0,click,2026-01-14T17:29:46.004612
26c697e0-ba40-47ee-8f72-6849fbee9816,75da1846-dda2-4389-a5c4-54969fca2036,ChIJh5Fhbsj7DDkRVWFOMmVGyy8,click,2026-01-14T18:29:46.004612
b9ac9c9b-c724-42b6-8f11-c64e9f1dc54c,a5d390af-a9b0-40bb-84fe-6a3a45236261,ChIJq6qqqg3cDDkRcNh5dl8gb9c,view,2026-01-14T19:29:46.004612
373a992d-0c5d-4ce5-9086-08fbfca3111c,f4cda6fe-eeda-424e-9053-2afe299ddd5b,ChIJm_hMGRjjDDkRypFWdaJKIic,view,2026-01-14T19:29:46.004612
8cda4e54-dec3-4a66-b868-894b870312d4,e36a7a29-e37f-4ebb-869f-fd6d38fb9c4c,ChIJ02qaT-P9DDkRmOF-ajKFnjk,click,2026-01-14T19:29:46.004612
99827943-0211-444d-aaa7-3bf4d0c41cc6,73d1f3ba-ad8f-4898-81b9-f6c5929fcc4a,ChIJS51qEH4ZDTkR5-RJJbhYIZk,view,2026-01-14T19:29:46.004612
1703cece-48a3-4bed-b953-40d3589d7a98,aac09aeb-fa74-4654-b63e-ad5dd38d7863,ChIJpTcilaQ9DTkR5_-YMDv8bCY,view,2026-01-14T21:29:46.004612
ed8f774a-e051-4f9c-907f-89b91540d725,d16cdef1-96c2-4f1f-8bcd-9b46274759c5,ChIJJ0FnHkH9DDkRTSUSlC-IXoo,view,2026-01-14T22:29:46.004612
7e0d78e3-5c28-4e74-b5f2-a5face2393d0,cc04bfa6-c90e-4dcc-a3ca-d304f232bc5c,ChIJ0_y8CMkaDTkRQfaV0zBk2QE,click,2026-01-14T22:29:46.004612
85fcbded-2eba-4c2a-ae23-6991b8655dc8,054e41aa-8836-4baa-967d-1a4b72099979,ChIJn3sea8bdDDkRBNzpLJa0sM8,view,2026-01-14T22:29:46.004612
f203465b-28f3-4080-b5ec-7dc76d9944c8,f83a9ebe-79bf-4a5e-a810-f0efdebbe210,ChIJv9Wh8n8BDTkRiFIlyqavyjg,view,2026-01-15T00:29:46.004612
bdfe4479-3465-47b5-8246-04fa0a0e8c1a,7f31a28a-8a8b-46cc-95f1-2f15e5a87f6c,ChIJuWuDHAA9DTkRJKgWuC2hdIE,click,2026-01-15T00:29:46.004612
d54f00f5-f783-4394-9a99-2a025ea1316b,a9e7889e-fdaa-4b54-9fe8-9364200b7f6f,ChIJL7sYP6T9DDkRKJECSyhpJpU,view,2026-01-15T00:29:46.004612
ddb93e2a-87ef-4c3a-8077-3ac076bf50dd,2fa7abcb-5b57-43dd-8df8-d6119015d2d2,ChIJaQpZ9tsdDTkRt-gxwpbrYSw,booking,2026-01-15T02:29:46.004612
6710f8f8-8200-408b-80d7-901de8d981b9,251badb0-9163-4023-a6d4-218019fbada7,ChIJb75Ao-79DDkRsIlRbmeNhYw,view,2026-01-15T03:29:46.004612
3888512c-ab0c-4089-9670-ed9b9b541032,90b562bb-4239-4ce0-a88c-c0f205711700,ChIJhfP0934DDTkRb0xgy-Wsucs,view,2026-01-15T05:29:46.004612
a04d0384-1f28-4b10-937d-f6cc181592a1,f5f4a114-68d1-4f54-a589-9da9679700bc,ChIJo_EVHzH7DDkRq0dEqPdaQ04,view,2026-01-15T06:29:46.004612
0a86c3bb-c0b5-4ce2-8ef9-9f75b11f27ee,2fea94f5-b851-4055-87f9-efbe34d5c731,ChIJ-cFw1QcDDTkRZHlhKN9WUNs,click,2026-01-15T07:29:46.004612
c225e88d-5f10-4d2c-9980-8ebea1fb1d6a,1d91a951-055b-4366-90cc-4a08d8bbbd0a,ChIJC567cIwdDTkRsrbn8qAY9H4,view,2026-01-15T09:29:46.004612
0c6778e8-aa83-426c-bdd1-c3e28725631a,25c08eda-76f1-4b3b-ba8c-38135b29e77e,ChIJDfbvBQAXDTkRhozPcRxRaJ8,view,2026-01-15T10:29:46.004612
1f33dec2-cf5a-473c-af4c-f647df57bbac,839088d5-7b33-40bf-8bf6-49d5f44731c4,ChIJF8BDSvUjDTkRmTGzo9MYiVg,view,2026-01-15T10:29:46.004612
c656f9e5-1354-4a93-bc2c-ca70504f93dc,cce8c56a-e309-4b1b-a10f-aa98d1c1a2e6,ChIJtR4NW0jcDDkRUETZGgY6mIY,view,2026-01-15T10:29:46.004612
9d94625a-96a0-4ae4-84c7-15354dafb85d,95c51aa1-e6ce-4852-a42e-f3569b27a779,ChIJD52m02gEDTkRjAvSWtdaO2E,view,2026-01-15T11:29:46.004612
0215dd35-fb66-41da-9cd1-182312a4ad50,81f17506-2057-4c64-bc50-ffa0a4be120e,ChIJ-Q4xA7DlDDkRKbmDpYkiiUA,view,2026-01-15T11:29:46.004612
4681f05a-b7c8-4b46-b299-c97b6634a0f6,b1bc4a4f-a54d-4dfd-9a38-bbd7d2e0d558,ChIJwavkUvL7DDkRm7mRe1PIo8Q,booking,2026-01-15T12:29:46.004612
d783d400-4ae9-4033-9d7d-4ca0245d7b5b,d6c92fba-1649-488b-ab2d-05bd565daea4,ChIJB0f_eV8VDTkRZLamMeFD228,view,2026-01-15T12:29:46.004612
a7267e5b-5a16-4ba6-a271-a97da44f8e6a,ffccccf4-2c20-4f4a-a66d-20eff4e7c71f,ChIJOQBN0w8_DTkR2kC7ccAduAs,view,2026-01-15T12:29:46.004612
c09c7fd5-04d0-4136-9b4d-f160b4f9a294,b1bc4a4f-a54d-4dfd-9a38-bbd7d2e0d558,ChIJP74sbM4JDTkRYsiyuOAPek8,view,2026-01-15T14:29:46.004612
2966a534-9784-4168-b34a-8435942e2086,d34c9416-f56f-4dae-9cf5-56f6594ee57e,ChIJP8qaCJ_iDDkR0vVkDdWGYSU,click,2026-01-15T15:29:46.004612
e54fb118-1c92-4d7e-b6a2-3b0abf164b6a,2cf4a0e9-b235-47bd-bea5-d3539ba5581d,ChIJk4_wGzL7DDkR7ryPrhtrJuw,view,2026-01-15T17:29:46.004612
c3dae798-0536-49be-b316-fcaf8d42fcb6,707176f7-e65e-4f74-aa77-67cf4908c945,ChIJ486HNRMBDTkRM1sl8rwuie4,view,2026-01-15T17:29:46.004612
c13edbfd-97c8-4daa-a7e6-fac517cb233d,87c95bcd-459b-421b-ad97-669d5aea864a,ChIJW1fDLSUbDTkRityti1y0TWk,view,2026-01-15T18:29:46.004612
c9d83b91-3e70-4b6f-948e-d69a4e54cc2f,82703928-e288-4c52-85cb-7d60ddd1bf9a,ChIJHY9kQ3oZDTkRFwMKA9zUHhA,view,2026-01-15T18:29:46.004612
3ddd92f2-8cb9-4082-9366-8f91ab56a654,3f88c491-58fd-44a2-abf9-df85d43a1465,ChIJcxohOZ4CDTkR96khe3coRkg,click,2026-01-15T19:29:46.004612
eceea52f-6743-489e-9a40-96d484be6225,10e75ef2-4399-4391-a2b7-17ac26c011aa,ChIJjYjbl0gbDTkRCrRAMjT45Yg,view,2026-01-15T19:29:46.004612
132a33a1-4717-4cd3-93fd-7641021f1662,1f79ba5b-356e-4127-b6f3-d87edbe2c4d4,ChIJVUoo7YYADTkRzH-CkpoBxOM,rating,2026-01-15T20:29:46.004612
ac33052a-6f5c-43b7-b7b1-c18dc2b35d81,39f5fcae-f5ba-44ad-8b50-270a409a543d,ChIJp77fqcAdDTkRI_xm4ZpmmOU,view,2026-01-15T21:29:46.004612
bac6ded8-33b8-4ff5-bdea-20e445a6d142,5fc98c67-e5e9-43f6-8188-59f70e55c234,ChIJQcH65xwdDTkRcF0kAI2f3WI,rating,2026-01-15T21:29:46.004612
06255ff8-6861-4061-a05e-41babd8674ba,3b08d955-3c94-4732-bfb6-b67bcec421cf,ChIJg6CUT7IDDTkRVgUaYRZF5Ks,view,2026-01-15T22:29:46.004612
4d3c332e-e38e-41d2-903c-87330e4f5e99,51fa3079-2cef-4318-b8ef-a637eea98162,ChIJc3tLO9gHDTkR-Yt8o7HV9V0,view,2026-01-15T22:29:46.004612
e268ea7e-c277-4435-ac7d-89b6a3990a7d,52c153e2-41de-4d35-810b-c52b9f4a0421,ChIJ-d8FwZ4ZDTkRRzTD7epgUdw,view,2026-01-15T23:29:46.004612
846db759-c40c-417b-a05e-669a6acec28e,4f6b2cdd-7c5e-42e9-a615-b9d0e094dd29,ChIJe1bK-MgaDTkRQq9FTKRnEPU,view,2026-01-15T23:29:46.004612
4a39ce44-696d-45fc-8841-1b5096f79248,ee4ff499-5094-41ce-ad34-44aa3d6320fd,ChIJWWh9-XjdDDkR5HcuTf_TKY4,booking,2026-01-15T23:29:46.004612
b32f41ad-0ca3-4cb5-aa7c-092a5f432caa,49b2df49-3f31-4516-8625-94cad41afb7b,ChIJbei8fiD9DDkR6sUO_0lx9Cg,view,2026-01-16T00:29:46.004612
3ef26ce0-2d0f-44a3-bbcb-aa7699d7b709,4f3d83ab-aa51-4189-8bac-c0b0795541f7,ChIJZ3M-4pwCDTkRzGqi6XmAYD8,view,2026-01-16T00:29:46.004612
7b4acff5-651c-4f52-83d9-9f3b6f9f8e41,5634ccaa-f864-4d36-8a6c-77bded2a45ca,ChIJq6qq6pMCDTkRqTr-63N3wDg,view,2026-01-16T00:29:46.004612
30a46372-e75e-4fe3-b914-4cc663b59b3d,380668ac-3826-4240-8bc5-84eac5c2d421,ChIJkVM5FkgYDTkRPZkgLsmOLLE,view,2026-01-16T00:29:46.004612
11182ec9-c33f-48b3-92e2-5e32707fa73e,3a40b1c2-baad-46de-91e3-69eb5211f542,ChIJ-XvcAPgdDTkRFvBaEfggBoE,click,2026-01-16T00:29:46.004612
48d96071-e481-4106-b0a6-ea2952c94f62,dd07791a-aca9-4b2a-812a-6e394171de8d,ChIJYy_XeOQbDTkRK2NfXsfpEEE,rating,2026-01-16T01:29:46.004612
d25a5243-1904-467d-b54d-f75bda2020b4,deefffa1-96ae-4ef6-ba08-7bc27c9629e2,ChIJ_2COEUEcDTkRRyJOt032yac,view,2026-01-16T02:29:46.004612
43632d21-a9c0-47fc-b3e5-d4663ebfd2b8,3606ec4c-922f-4545-8386-4952f9e7fd86,ChIJf7tphKv8DDkRN6Kwn9dLpAI,view,2026-01-16T02:29:46.004612
eaec1625-0c7e-42d8-8055-e7f9d938d73e,5bcca5b0-f7a2-4403-82e9-54ba1d9b87fa,ChIJUXcJCEEcDTkRoT8BaaFhuUI,view,2026-01-16T02:29:46.004612
bd5d3945-60cc-419d-ae48-fc73414d9c16,2cb19803-c877-4551-af24-3fc6895585de,ChIJuf3nLdQODTkRvjBZOc2vxzc,click,2026-01-16T04:29:46.004612
e3d13efb-bff0-4805-8cf9-927028e7c421,d694e279-26f0-478e-a275-e78f43bbc3be,ChIJjdR7GgEDDTkRk1PVg8rr8dE,booking,2026-01-16T04:29:46.004612
9fc7249c-9ba9-4280-a7d7-d45149cf0e22,bf66700f-a785-4863-8675-5231896b5901,ChIJT-DMdTkZDTkRiN-ft-zozUQ,view,2026-01-16T05:29:46.004612
12b0b524-8a41-4eac-9e9a-76531c02085e,a7cc2721-25a5-4249-96c5-dd28b2e6a2d2,ChIJNW7xfpUjDTkRnk6REafay-g,view,2026-01-16T06:29:46.004612
cde3f374-25ef-43b9-8fce-d949715548f5,d91358cd-b234-405c-a307-8d6755658412,ChIJG6OlprbnDDkRU-OAWAxCg60,view,2026-01-16T08:29:46.004612
7c1e6364-8132-4815-a15b-72249ef61f3e,664dac6b-5441-4ea5-b690-49182d74ead3,ChIJNWPPK70ZDTkRn_uuCZyjmRY,view,2026-01-16T08:29:46.004612
e42262c1-1820-4173-972d-646de970aff1,bf66700f-a785-4863-8675-5231896b5901,ChIJuZcQSHoYDTkR8OykqL6oCRA,click,2026-01-16T10:29:46.004612
993296e5-9b5e-433a-9d04-364d726767f8,3606ec4c-922f-4545-8386-4952f9e7fd86,ChIJSyEeQxUcDTkRtP518kGmaNs,view,2026-01-16T11:29:46.004612
9cccb317-f969-484d-8b70-edfc9f0c0f51,85022eea-434f-4cb1-9f29-305747ee367a,ChIJh-mR3oYFDTkRrvwH-wGgU5I,view,2026-01-16T12:29:46.004612
9bc38eeb-3ba5-44fd-9c82-76b267dbdda1,81b57fe8-6ec3-40ae-bf9a-0555a7fa02bc,ChIJmZQOztIdDTkRP7F2TwIcXdg,booking,2026-01-16T12:29:46.004612
49631e8a-9d2f-4922-8be7-43ddda891400,e3e541af-1639-410c-b2a3-0b7b5ce191f3,ChIJGywLmWv9DDkRnxyK623ysBM,view,2026-01-16T13:29:46.004612
55147e92-2521-40a3-b1b0-3a3f9206654c,6f97f60e-e1de-4197-8bcc-5ee284285f0f,ChIJ4ZO2ChQZDTkRpunIryEaAR8,click,2026-01-16T16:29:46.004612
83929ce4-1f25-48df-bc3e-fbb545a1182a,72e38c5b-4c41-4765-88bb-9762bba55769,ChIJNQkZiF4HDTkRBq76ILZTk7M,booking,2026-01-16T18:29:46.004612
a91fe2cb-b3f9-40df-8e53-fde176281d7d,e867d19b-6f44-4b17-93ce-942c8c66460a,ChIJ7fRtZmwYDTkR1gC0XrYO20g,view,2026-01-16T19:29:46.004612
ad8dd9a9-bba5-4444-82a2-9da03038f817,aaf6da95-4ceb-4028-87ae-d70cab30bac3,ChIJa8DmBlkZDTkRmCx2X4Z5BuU,view,2026-01-16T20:29:46.004612
c136c449-eda2-4913-b500-d9352b1c0a27,b02a8ef4-0dc1-4e3e-b34b-71430b2f044f,ChIJF7Cpu4YdDTkR64xYubWmXq4,view,2026-01-16T21:29:46.004612
ed7b9bd6-d2ba-4f3a-8cf3-be032bae908e,1332f2a9-c787-4d56-a619-7c67fb64a9aa,ChIJtR6Xc-8HDTkRAo-EkgV3FkA,click,2026-01-17T00:29:46.004612
a55e8689-e937-4ebb-94c3-1aabd7604784,5d1a8502-0bde-4cbf-abb8-8046f6e08c8f,ChIJWZJF18sYDTkRlMhB1jn6drk,view,2026-01-17T01:29:46.004612
d278e5cb-c5be-4c54-87f1-7742505e7950,006181ac-dcd3-4be5-be84-3a780c383e71,ChIJFWRRdg0ZDTkRcAYp_1949Kg,view,2026-01-17T02:29:46.004612
18e82e44-74e7-4ba4-813c-37faa25bc375,400ef25e-95ca-4e02-9149-13b2c73cdced,ChIJrdHmZoQZDTkRmwGZkcfPj4Y,view,2026-01-17T02:29:46.004612
3d7fca80-386e-4ee3-b00d-bb7cf397c804,f92946ca-6620-4d98-aaf2-fe22830211f2,ChIJAQB0mwAiDTkRGTqwPngT9Qg,view,2026-01-17T04:29:46.004612
beb6db9f-4173-4f26-89e1-a32f5c9aa91b,a123c201-eb05-40b0-a623-65fc5c901802,ChIJAXp7bFcZDTkRkKdt_Lt46Tk,view,2026-01-17T05:29:46.004612
3de109d5-d76a-4a59-8692-10ef769f3c3d,d853ef17-5a32-48d7-b5ef-b40a9b628554,ChIJbRm2nIndDDkRSBeUA2LGd1I,click,2026-01-17T06:29:46.004612
d91c19cc-57a9-44f6-8523-b42e5ea08052,2434643d-e449-4434-baf0-1a56659c1297,ChIJq_mqsfIZDTkR7CQGzKLopiM,booking,2026-01-17T06:29:46.004612
b06621ff-e452-42b8-bc7f-3f7565c43f8a,d89e1f00-8ca2-4838-8356-679ff50a23c9,ChIJ3wz0KwfiDDkRjHFWQTiSUNA,click,2026-01-17T08:29:46.004612
0adbc7aa-4b33-4151-96ae-f0a824cab5e2,c6e0c036-706c-442d-845a-369635621566,ChIJi147UAAVDTkRWcXTa5zs4h4,booking,2026-01-17T08:29:46.004612
40729d01-8216-4add-b865-24edc6a8bb8c,aa11e355-39c9-4ce8-9ee4-13608adb3979,ChIJyYjLxBEFDTkROW8FHNZ98FM,view,2026-01-17T09:29:46.004612
00d6221d-7f9b-446d-8795-bb2f8f041075,4003ebff-5d17-4435-a6c6-3fb2f1cd6fc9,ChIJmTB5HzUZDTkRTBavRM5qJO4,rating,2026-01-17T09:29:46.004612
badb5e01-0cec-42f0-9be8-480d813e45f6,b02a8ef4-0dc1-4e3e-b34b-71430b2f044f,ChIJ5ybFfAsXDTkR5slZzBjfm8o,rating,2026-01-17T09:29:46.004612
13765847-887b-4862-9cda-c65c4e215cad,5411c625-0363-45d1-8312-e40a866e6d71,ChIJ7Q6BTxMFDTkRFnrFY18zdcU,view,2026-01-17T10:29:46.004612
38148edc-061f-44ce-8428-57745c7f0ae2,67c2686b-a7c5-4cf0-8b27-bcc3f277c271,ChIJDdqRm4vnDDkRVPs6i90nqM4,click,2026-01-17T10:29:46.004612
e98dfcc7-c6b2-448e-b046-1eab2e56cdce,00062863-ad1f-4d03-8bb1-ae6ba994a3ad,ChIJfQoZ9HbiDDkRSibFdAucTrw,click,2026-01-17T11:29:46.004612
4046b1cc-a44f-45ba-9980-8222eba464db,5377df52-fd02-42d9-9083-2254689f6f7a,ChIJmY1WY2gBDTkRsmGgG-zn_90,view,2026-01-17T12:29:46.004612
f21c761c-b634-4043-9ad3-6b21ecefd07f,562e74bd-3afd-4a7a-95d9-5705ea03a607,ChIJixLvaq8HDTkR3a-ToyPGxt8,view,2026-01-17T12:29:46.004612
ec442da2-767d-4012-a6e6-bc7f9389a014,13681eb3-7b25-44f1-b853-5b46921740de,ChIJzRv4VzfjDDkRuKaA3fPk1zM,view,2026-01-17T13:29:46.004612
1a132d0d-f24a-4c66-9ec9-15179920ff53,3c6b907b-a9a0-4ec9-9d24-fec31f360051,ChIJCbfAqZ4CDTkRb3axkMEgrnw,click,2026-01-17T14:29:46.004612
942cf740-4bb6-429a-8e4f-87c1a1750100,aab10c81-0332-41a7-9c80-c13a075e121f,ChIJka2EkL3lDDkRFeu9Eghc8xU,view,2026-01-17T15:29:46.004612
51e2e8ec-31f4-4a13-b25c-2c862a4de366,69f96058-9730-4fb9-9a17-3410bbd202c9,ChIJPQR11mkEDTkRFscLu0VKDTE,click,2026-01-17T15:29:46.004612
66ec82bc-3ffd-4c9a-ac4d-b1739cc64b87,fc6588c1-dacf-4c0f-bbbb-a17492c3e29c,ChIJochkDJkBDTkRF4kn2GTWRng,view,2026-01-17T15:29:46.004612
11a2448b-cfc0-49ab-877c-9d9e808549bf,15648a93-5422-43e7-a1d6-64fa0ce9ea19,ChIJPwDEgOH9DDkRVZXlK8nS0nw,click,2026-01-17T16:29:46.004612
d8422c1f-773f-40bf-9825-6a5926f9ccc1,5dbd832e-a6ea-4a7d-a8aa-245b331cb431,ChIJVxBqNycHDTkRspbBVn_5Rag,click,2026-01-17T17:29:46.004612
db4fa34b-62bb-434e-b7b0-1c14856eb642,01d97da9-9450-46d0-9d48-4d63b6ee1037,ChIJtxG-LJkCDTkRg84qf1td3qg,view,2026-01-17T19:29:46.004612
fb6b5a35-a269-41b2-b86e-1cba4b01f670,9541d020-4717-4348-8140-c9dbc6ac086d,ChIJ86e0i6sjDTkRzMsqrb9fdGU,view,2026-01-17T20:29:46.004612
1348ce57-8a7d-454a-b99d-eb928100a454,501d7b93-7873-4a3e-a801-8c1c2b684e85,ChIJefT_XP8ZDTkRD_-feFIklCk,view,2026-01-17T21:29:46.004612
375f3a39-0eed-44c8-bbfe-6f12ea28ce83,4b1efde4-1976-41de-8e08-9be773c8c067,ChIJa11F3PThDDkRiXUu-XFCPsM,view,2026-01-17T21:29:46.004612
691bb52e-6a15-4f6a-b070-0ecbd24a3a64,3ebd9cac-43d4-411e-8233-c1dc7596d78e,ChIJI6js6jjjDDkRfSHTcQtq7WQ,view,2026-01-17T23:29:46.004612
ef4f0f48-1161-4c0f-a2ee-ff4e1e1b8cfd,a9f2b8e4-5587-4cb2-9cf6-444ee1d94e8d,ChIJnYoZbzMZDTkRo083db9CdDs,booking,2026-01-17T23:29:46.004612
1a31f2ad-0bcb-4576-b89c-5739ab577e51,15bc78d3-1d91-47eb-9b28-2cb4422ed832,ChIJey3atz_cDDkRzaFat-06_cg,rating,2026-01-18T01:29:46.004612
f5c4c7a6-9d09-4f3a-b632-7e31741d57d8,bd8ea27c-380a-4077-9622-481aa8659acb,ChIJtR4NW0jcDDkRUETZGgY6mIY,click,2026-01-18T01:29:46.004612
3e7a6d39-5a89-4ac3-a4f8-4b5fb9f140eb,4a9b5a31-30cb-4210-8cf6-0068f510758b,ChIJBXnLrFvhDDkRAiQRIACRglQ,click,2026-01-18T02:29:46.004612
4d767edf-b905-4135-87bb-9bb714cf1325,a554eb05-1b5b-4f27-9dad-f6cc82a824cd,ChIJoZy0FF3dDDkRDl0o6XjtTAQ,view,2026-01-18T03:29:46.004612
225077b4-9da6-4b8f-951e-4fcf31840401,d13eb782-effc-4dda-837d-726c57a16422,ChIJPxUsCXj9DDkROxvTLja26mA,view,2026-01-18T03:29:46.004612
dab6181b-5b62-41d8-ad38-47e5bf9cff43,c7dc289e-eb3a-4c76-98f7-d8b14c5a4d4b,ChIJHZoxKrPjDDkRG6jciOAg1Ic,click,2026-01-18T04:29:46.004612
b9cd4950-7ddd-4f8c-bea7-4719016a6ae0,089ad2c3-6ac3-4512-81d3-fb730a543b2b,ChIJmbKGWigZDTkRnFzstL8pzNQ,view,2026-01-18T05:29:46.004612
c69b442b-ed8e-465d-ad1f-6c3dc8d22ee1,51d092dd-3846-4d2f-8b35-b21be88ff3f2,ChIJtwsPvxsXDTkRbnLWQkgcsoU,click,2026-01-18T05:29:46.004612
61164edf-e5bb-4092-ba27-c459ef8e8994,594d3d8a-35f8-41cc-8de8-d3f2d5ac97b0,ChIJD28IYhABDTkR33cJ9vppB2M,booking,2026-01-18T06:29:46.004612
aaefebea-1aa6-41cd-967f-7ed03ff18557,2fa7abcb-5b57-43dd-8df8-d6119015d2d2,ChIJ7zycekH9DDkRWd8FYsIVT3U,click,2026-01-18T06:29:46.004612
db0409ce-c316-462b-861d-32074948c62a,4ef76e02-bb82-46e4-b94e-a2762f4f3e40,ChIJYUkV8fX9DDkR-9ztjCtkqNw,view,2026-01-18T07:29:46.004612
8f93b702-3825-47df-a6c8-5761124bca41,3ebd9cac-43d4-411e-8233-c1dc7596d78e,ChIJ1Qnx2DA9DTkRdqk9S2x5zI0,view,2026-01-18T07:29:46.004612
b9ccba82-2099-49c7-93ce-1c66eb417317,217befaa-a458-450a-8c24-12aadb4c1f66,ChIJSZffIU3kDDkRuDXcAje-AKo,click,2026-01-18T09:29:46.004612
e6ed37d5-9c96-491b-9887-c27240d84981,216821c0-ba84-464d-9d3e-455250a05e9f,ChIJ7wT_1n0jDTkRHes_l2DwAiI,booking,2026-01-18T09:29:46.004612
ef4094b6-c28e-4120-827b-3b7edae9c037,6c2832ef-52b7-4ee9-85e0-7f010f2ca247,ChIJY6Gyi5UCDTkRmjXmCUzwY6w,click,2026-01-18T10:29:46.004612
ff2b5526-1d42-496f-9cc1-a90b46bae65a,fce67dbf-f65f-4b9c-91e9-0d809f84a9ef,ChIJ2QQhr8QaDTkRMce_qfoaI-A,view,2026-01-18T11:29:46.004612
970148e0-8c33-406b-9ad4-cf22918b541a,00062863-ad1f-4d03-8bb1-ae6ba994a3ad,ChIJNQbCLoPhDDkRFI2nnt7W9qE,view,2026-01-18T11:29:46.004612
1a8e5c47-2eae-4cbe-b7a2-5e45eeca3351,5d1a8502-0bde-4cbf-abb8-8046f6e08c8f,ChIJ37trROcDDTkRPHhZWFNd5xQ,view,2026-01-18T11:29:46.004612
eb84e495-83a7-498d-ae92-3130af39e11f,cb4ba209-214b-4c3e-9d38-d6e297a60fc4,ChIJS51qEH4ZDTkR5-RJJbhYIZk,view,2026-01-18T14:29:46.004612
afd8c756-6ce5-43bc-a049-ab52af170413,5506193e-74cd-4613-8e95-0431a350fea1,ChIJr-UiyxHhDDkR9jmGwVikkO4,view,2026-01-18T15:29:46.004612
faa2cf42-7d4d-4422-a403-17e4befdd63b,67b9adee-57d3-4bcc-a9b0-422b875c4050,ChIJFZZ_cMbiDDkRyR0HOWvIml0,click,2026-01-18T15:29:46.004612
67339f42-6a0c-4531-adb7-a608a65c51e9,f83a9ebe-79bf-4a5e-a810-f0efdebbe210,ChIJd-ZjPh_7DDkR1oqGuo5VE1E,view,2026-01-18T15:29:46.004612
a52fda0b-1196-446d-bb4e-f58adf3e3530,b1998710-c279-4d01-817d-c99ad02236af,ChIJE36DOowgDTkRLAxRjfgu7bk,view,2026-01-18T16:29:46.004612
235f3976-a84b-4b1d-b025-39606cef7361,d89e1f00-8ca2-4838-8356-679ff50a23c9,ChIJnYoZbzMZDTkRo083db9CdDs,view,2026-01-18T17:29:46.004612
fbce513b-2ec3-4523-a09e-b62d2dc67d44,18926347-9c00-4610-ba3b-b4f0628dfc4b,ChIJM9UXNmEZDTkRS8oL7LSIarI,view,2026-01-18T17:29:46.004612
7f14f419-2247-4401-9d8b-5bdca2a28ef7,c7953376-7b1f-4ddf-8938-2f851c89c11f,ChIJCS9C0uhrDTkRa6WloDihzjA,view,2026-01-18T18:29:46.004612
02ba2191-0c65-4ca4-b5ea-d16a2f08c3fc,75d89ec6-1107-49bc-988d-c97c46238ff6,ChIJK8q9_lrhDDkR6E6lBzzBCxQ,view,2026-01-18T19:29:46.004612
ca10bd74-fbd0-46ad-996e-6a33b0b9f7fa,90a78129-53ea-4e27-90f6-4c185ab2663a,ChIJ2-xcczADDTkR_bBvOkfwe2M,view,2026-01-18T20:29:46.004612
2337854f-9cc3-46f8-bc24-1d5138df8cad,c28bf682-7f39-4316-9aa9-ee5f7e627aa1,ChIJgSqaay0ZDTkR76AdQCpsw1s,click,2026-01-18T20:29:46.004612
a155b6c3-c423-4266-ac45-5a0e17f374d7,8da672ff-814d-4227-b722-f99f4d59c6e2,ChIJOWkXrRcbDTkROW7di1XMXsA,click,2026-01-18T21:29:46.004612
ee88ac45-a736-4092-ae99-755802ec9249,6edb4a6d-c6d9-42fe-8f07-3f162343fa8c,ChIJu-834kAZDTkR5lRXhrM4Sm4,view,2026-01-18T21:29:46.004612
be97d381-b8ae-4c4f-bc32-3ccd2a6531b2,2fa7abcb-5b57-43dd-8df8-d6119015d2d2,ChIJHZoxKrPjDDkRG6jciOAg1Ic,view,2026-01-18T22:29:46.004612
6924c87c-e4bc-44fb-8f9a-c6eb6ab4e213,d6601a21-1afe-4426-bcac-c14472456e67,ChIJmQYnvXEEDTkR0r7CgDsyI6Q,click,2026-01-19T01:29:46.004612
b75fe6cf-81ac-4b93-a9c4-27422049e7cb,286ff317-1da8-4ec6-b632-d31a28acb766,ChIJtYXzFm4BDTkRW6GmXG4mNII,booking,2026-01-19T03:29:46.004612
a7dee7b8-e10f-40ba-8e50-b225eee3bec9,fa43185e-8b35-45b0-b06b-ba23cd2be955,ChIJdaJqbSgdDTkRiKTTCgl1KSk,click,2026-01-19T04:29:46.004612
c17221a5-6181-4b79-8b72-df27004594a0,2f593b57-222f-4ca2-a2f0-685b7daf81df,ChIJhZ5e-RYHDTkRUj9TQ7kXtYA,rating,2026-01-19T06:29:46.004612
0187d0d9-3dd2-4f5f-a990-6c74468de6d0,dac14e2b-c22b-40ff-98fd-9cd122f25adc,ChIJrwaFLOAfDTkRPIo2B_lkjSU,rating,2026-01-19T08:29:46.004612
8db46c30-5b9a-49df-a59c-0fc494c69c97,82d92a45-0d99-43de-8933-341bad36565c,ChIJeeAAHGsFDTkR0f2LZFlwN8I,view,2026-01-19T08:29:46.004612
5eb22331-d22b-410f-9bb6-a847d03db538,12e57e00-9995-464b-98d6-47b66b2e11dc,ChIJB-shS9_jDDkRQQSbddJ0GOU,view,2026-01-19T10:29:46.004612
16f728d5-047f-47eb-99e0-8989efadf2d1,3b3e881a-72d0-47ab-9058-597b7916acc0,ChIJUx74utsZDTkRjuDrM8CnZM0,view,2026-01-19T11:29:46.004612
dca3b9bc-b33f-4476-afcf-f986e02fa89a,44cefed8-14df-43de-af44-e88ab07652c3,ChIJnT-yG1cJDTkR5GYKsn2M7fU,click,2026-01-19T12:29:46.004612
010f9dca-bf9a-44a2-9978-43b75d74ac40,825ccd8f-20cf-436b-afd9-6daf1e04e7d6,ChIJwRT3qCUeDTkRecFelntewZs,click,2026-01-19T12:29:46.004612
2163f353-2b60-4d65-8aad-52f531f4471d,d61cd3f5-5242-4468-8633-1939d4899de5,ChIJoUe5i936DDkRrglOagh-Tcc,click,2026-01-19T13:29:46.004612
79ab498d-0ae4-496b-9b70-59807e407c63,8c0efedc-1d9e-4474-a375-d497de640a07,ChIJJ_d6dAr7DDkRuT7Y-9pNcMA,view,2026-01-19T13:29:46.004612
ab26ba1e-6a70-405c-9bdb-f94b54fea418,948ee998-a734-4e61-86e6-d0f2bbe92cb1,ChIJqaoxLsUEDTkR-NjBX_zkwmo,view,2026-01-19T15:29:46.004612
42e2a1d8-b6af-466d-a65f-9266bc5a528e,089ad2c3-6ac3-4512-81d3-fb730a543b2b,ChIJ_xQYuMUGDTkRBSlXLNO45WY,booking,2026-01-19T16:29:46.004612
fb906be6-f6ff-43fc-b649-803ecb9dbf8a,3015c9b6-5899-4199-bf11-0dce85a55a7f,ChIJRRAaARsbDTkRAOMdB2wOkw4,view,2026-01-19T16:29:46.004612
b362122c-6348-4715-9be5-c7a54a04a8df,4d6646bc-b36d-45de-a3ca-ce7fc91447a8,ChIJb9VeCNMYDTkRcs0Bfr8neXo,view,2026-01-19T19:29:46.004612
1177afa7-fe9b-4f7e-a559-1dfcbeaa4a33,cd5f98c4-435d-44c6-b897-bd98a994cdf6,ChIJd6482AwFDTkRIzkWAxQEfIw,rating,2026-01-19T20:29:46.004612
c2b60915-2b5e-4952-89ee-8eaf89b28390,c0b3bded-dc6e-4bd9-86ae-6844ea80d2e9,ChIJ7aqqqhn9DDkROmpPLJp4sS0,view,2026-01-19T20:29:46.004612
0d8ba087-9560-4fa3-b5dd-17202887042b,52c153e2-41de-4d35-810b-c52b9f4a0421,ChIJecUTHEUFDTkR29XTbwIDD8s,view,2026-01-19T21:29:46.004612
71d01c88-f9cd-4a46-96e3-fa4f4dc0a2ed,b1998710-c279-4d01-817d-c99ad02236af,ChIJrQm2IkQZDTkR-GCn7nUAuSQ,view,2026-01-19T22:29:46.004612
14e7f587-74b8-45e1-93f6-87fc6ce2ec49,2fae13cb-f7a9-4b09-923d-f2e6f812a3cc,ChIJx2G4jXwDDTkRHWHRAX90qJg,view,2026-01-19T23:29:46.004612
75ae669c-b065-46c1-b0f9-bcb7bb1bd342,6e8e4d3a-1efd-4e21-a015-272eb9d742a5,ChIJ9yKcCbQXDTkRW3uWCbf-uLQ,view,2026-01-19T23:29:46.004612
369d272f-fd96-43ff-ba25-dcd23ce451ca,7271d882-98d1-4026-a9d8-19bb56a3505c,ChIJMdyRYz_9DDkR4yFKmyfjev0,view,2026-01-20T01:29:46.004612
7f779b6b-eb71-46b2-a5f9-83748c154243,b84c7985-fd4f-4250-81db-dc6b114a69d0,ChIJy2cTCzADDTkRQf0Uee9-tZ4,click,2026-01-20T01:29:46.004612
ff9c4922-6faf-48f0-8365-3628b142b773,caab4413-f522-45f3-922c-28d705578a11,ChIJaxDfKpMEDTkRrRoIsuSSnSM,view,2026-01-20T02:29:46.004612
2f7102db-b54a-4882-874d-67f07d16ac33,75d89ec6-1107-49bc-988d-c97c46238ff6,ChIJn4gzI1ziDDkR9O77oIjkc7E,click,2026-01-20T03:29:46.004612
7b770651-7ec7-4dcc-882f-2d919ab6223a,4113bbda-803e-4395-9fb1-668ab2b08142,ChIJj6f6_j8YDTkRRjtc27zzXbg,view,2026-01-20T04:29:46.004612
00e012b0-d4b4-4386-886a-ea6d02dda0b3,465b38fd-b023-42c8-ac74-4f3a04c11aef,ChIJuXhKZJPjDDkRWaj_AQQKWGk,view,2026-01-20T05:29:46.004612
f3cf0192-dea7-4093-bd71-3da88bcdc108,5a45b801-5a89-4183-8e99-461a60cf255d,ChIJEZjKmqMJDTkR_YzJs9owIhI,booking,2026-01-20T07:29:46.004612
1e2caf45-8cea-438b-9262-cc7d513fb4c9,567cca15-a491-4b46-a71a-5e8d911c94aa,ChIJ28LE6QX5DDkRdi9KWWQZLDw,view,2026-01-20T07:29:46.004612
7bd62eef-f251-433c-9b02-f15bc53376a8,98e4f59a-5671-44a4-95c3-9fe7f00ace75,ChIJY6Gyi5UCDTkRmjXmCUzwY6w,view,2026-01-20T08:29:46.004612
64cde448-8d18-4608-b56b-74c42957cf85,7352c669-5481-460d-b466-9c9d080ca607,ChIJKxVFie8CDTkRIgB2qqYMcOs,view,2026-01-20T11:29:46.004612
75c9eb67-ce9d-465b-bccb-9bb138a0736f,b44fa2f8-0fca-4063-adad-2925b086ffd4,ChIJH8ULB0b_DDkRKtTcs7p2nvc,view,2026-01-20T12:29:46.004612
9287a07f-5212-4c8a-93ad-ba3601585810,71ae3c55-6348-4d79-99bb-9c5d39142091,ChIJa2dbPJkCDTkRh57e5vMUkj4,view,2026-01-20T12:29:46.004612
719daeaf-014b-4490-8c5e-a4e3b299a472,d1ccba7e-1334-446e-886c-120e0eb88e73,ChIJfQEtoOsCDTkRZ6-PHF1QCG4,booking,2026-01-20T13:29:46.004612
74842a07-f8dc-4da4-8c4f-0f2dfcb1ead2,49b2edb8-ec6d-43a5-ae9a-dbfb71df90d5,ChIJP-z7CgAdDTkR7pLATQ2ZZwQ,view,2026-01-20T13:29:46.004612
a274778f-da96-46e1-9668-29f47e734736,9182e03f-2dd2-48d2-8ccd-8a62bc3c3a05,ChIJudcH0C8dDTkRk6QLFST8EMs,click,2026-01-20T14:29:46.004612
efacab12-5ca5-445e-9614-f0176ed7fd2c,da9b2f0d-d096-4cea-954a-60d89171bcc7,ChIJbfkmJQAHDTkRD-L97rM_8Bc,click,2026-01-20T14:29:46.004612
4a679312-100a-4c8b-b1cf-b247fb49eeb0,b988bd2a-7c75-4df8-b2db-28493c0a7680,ChIJBb3mYrQdDTkRv0Dx43jGpGQ,booking,2026-01-20T15:29:46.004612
2f34fe6b-746a-4636-801c-1710b132c5fa,0017310a-c3e7-4737-8d72-a3e46b8bab54,ChIJPdbsEubdDDkREN5Uabi4_aQ,view,2026-01-20T17:29:46.004612
28970af2-3f8d-4c9d-90a8-44c89347748d,c5a7409b-0bec-416b-a9ca-2e341c3f79c4,ChIJQyBpbkVrDTkRN-vCqZuLFWc,view,2026-01-20T17:29:46.004612
82e5c238-58f0-4b04-b177-65e137140a7b,c4b2e08f-17a0-4035-97fd-b2cccb6535d7,ChIJ02TzQUn7DDkRNflvIGixm0c,view,2026-01-20T17:29:46.004612
d1194d06-e658-4c45-b005-1a1e0f8df38d,016c47da-f16b-4395-998c-e8891c818397,ChIJW5do3zkFDTkR4EgaTWFczG0,view,2026-01-20T18:29:46.004612
42016976-7fc6-4aea-8dc5-05e0c4159cfe,a4242dbd-9983-4afb-a44f-2f856be11ace,ChIJC4a0GTAdDTkR08VLCKrqsfs,click,2026-01-20T18:29:46.004612
c04cb9f6-ef80-4593-bf77-aaf7cd6cd56e,c5f30753-7997-42fd-a42e-8c163ed92a7d,ChIJf-ojjVkDDTkRA5rECogctuM,rating,2026-01-20T18:29:46.004612
ae22fd21-05d5-45e8-8887-41a4ffcd52df,380668ac-3826-4240-8bc5-84eac5c2d421,ChIJAQAQ3iIeDTkRUX6NDxRGhiA,click,2026-01-20T18:29:46.004612
d3d6cc25-e4fc-43cc-afb0-3d3da6a2f494,db757573-d418-4493-aeaf-4a5ea11c09ab,ChIJtfVFi38ADTkRXdDWAReIZ2o,view,2026-01-20T19:29:46.004612
e6fc33d2-61cf-4c02-918a-f74f227f464e,4d738cf6-50d3-40f8-b83a-922abbe0ec30,ChIJEYDU5mYbDTkRH-UsiC4Cu4E,click,2026-01-20T20:29:46.004612
202eeaf2-92e4-4cd1-91a1-25133a2eef82,3c6b907b-a9a0-4ec9-9d24-fec31f360051,ChIJl_0cXHwZDTkRFz_CkZcrn-I,view,2026-01-20T21:29:46.004612
e9782cde-92c6-421d-a697-81d26371868e,aab10c81-0332-41a7-9c80-c13a075e121f,ChIJxaP-LEYjDTkRKwrd-f1rgd0,view,2026-01-20T22:29:46.004612
0fec4b07-f90f-4256-b3fd-fce9085e2c83,49bdfd2e-4f97-41c8-8abd-86cd53b48388,ChIJf3Hgsir9DDkRm76px0vVAt4,booking,2026-01-20T23:29:46.004612
5b01082e-15c8-43a0-a6e0-6dfafa4ea4be,37de0f28-7a43-47a2-9d90-c2de45afbe17,ChIJvfkKM1ICDTkRARQ_hfTtLF0,view,2026-01-20T23:29:46.004612
3b60da29-cae9-4877-a475-dff21da7cc2d,ddad8abc-1036-442d-a7df-508178783d21,ChIJTcaicyDjDDkRriIeJG6QFM8,booking,2026-01-21T00:29:46.004612
1a941b94-5f91-4333-9741-04c99aaea988,1cc1f619-e172-43eb-95a9-250a047d53e3,ChIJPVegOR3lDDkRbWNzyX_u8BM,click,2026-01-21T00:29:46.004612
4903d882-37f7-4eb0-a4c8-887775188d61,4e9359e0-a2c8-48de-b32c-17fee0cf5c36,ChIJbZrCzw39DDkR76CW6KVWgYs,view,2026-01-21T01:29:46.004612
55ca107f-94d0-48bf-ad12-4b970c1af022,e7483e8d-5e2f-48fd-be42-05bb11f1c1e8,ChIJqyK42_sYDTkRv0equibh_ow,booking,2026-01-21T01:29:46.004612
ca63247d-8d27-43f8-b8d9-d7fbab6fbc87,26b70735-b82d-4c89-9334-8cd9716109e6,ChIJYfoVs1v9DDkRM9L-6Z-zHdg,view,2026-01-21T02:29:46.004612
f7b7990f-caf3-474b-8a29-6766bb825383,2cb19803-c877-4551-af24-3fc6895585de,ChIJHz6rlQ0ZDTkR3PLIrgWCYmM,click,2026-01-21T03:29:46.004612
a71b88b0-af70-4c04-b408-aa636523341a,fb5bd947-522c-4a43-9cd2-6a4e1e3d39f8,ChIJFY4uPHjfDDkR79j1cq2_-W8,view,2026-01-21T03:29:46.004612
c55dc869-b333-4b1c-b2a5-71ecc20fd942,2df7c9fa-e1b5-4986-8644-a1c7220f45dd,ChIJH91iSw79DDkRRbRLxoos7LI,view,2026-01-21T03:29:46.004612
05869f5d-a9e0-4d08-9282-0ee0f9a30941,0f0b3196-4513-4454-9357-72d7f6241f04,ChIJJ7fCIwAfDTkReXn71Uz-ONM,click,2026-01-21T04:29:46.004612
8adbf9f5-422d-42cb-b152-c6554efe91c8,6dcfb609-2ce5-4bdb-87fc-08118fcee7e6,ChIJ78gy8y4HDTkRHZp1SwDEWHo,booking,2026-01-21T05:29:46.004612
a23f5361-9747-4789-9250-466241345f44,71ae3c55-6348-4d79-99bb-9c5d39142091,ChIJHyrrFgYFDTkRCzPiQ2YZTo8,view,2026-01-21T06:29:46.004612
f9ce6298-b4c1-4017-9fad-2d6aebc10bdb,bf32f0be-fb4a-4c05-af6c-5f7f6971a8c2,ChIJGSgZBUEcDTkRRd8_ULbNj6U,view,2026-01-21T07:29:46.004612
b53ddbd0-4bf4-4d95-8f48-c9b59ee5fac0,3c6b907b-a9a0-4ec9-9d24-fec31f360051,ChIJixN4GUv9DDkRyd_Iu--GXgU,view,2026-01-21T08:29:46.004612
d2b03faa-5fd8-4584-be9d-c9226fad509f,4ca1fab7-5bd1-49a0-9b56-9c3993a6d8d1,ChIJI5Qg-hYeDTkRJPOLBw0uKeQ,view,2026-01-21T11:29:46.004612
6769fbad-1f0e-4de1-84bb-7014a58a0226,6d77fd2f-12f8-44f7-9f3d-0955d9330f54,ChIJkUS0a7hrDTkR8_OhQzGLVjE,view,2026-01-21T11:29:46.004612
08d386c5-2856-4077-9c7b-3648d9c0becd,a9e7889e-fdaa-4b54-9fe8-9364200b7f6f,ChIJf8BWKED9DDkRo0tNpcGElSk,click,2026-01-21T12:29:46.004612
baa2bbdc-ca9f-40c1-9445-62ac6607f57b,d61cd3f5-5242-4468-8633-1939d4899de5,ChIJ7zycekH9DDkRWd8FYsIVT3U,view,2026-01-21T13:29:46.004612
ee68c736-03cb-41fd-84f5-712b7a55bccf,4b3d1313-86ae-416e-83df-480f1500caf5,ChIJf71eU6wFDTkRg91tr_Fx31Y,click,2026-01-21T14:29:46.004612
05c47f47-f0e9-463b-b4d8-b90b240a4dc1,4ce15bcd-d008-4633-907c-6d683f1b45b9,ChIJeS1Ng48BDTkRzKyCcH8fBB8,view,2026-01-21T15:29:46.004612
db7f68ce-9b5e-4479-85fa-e71f338b6ed9,9d8bd99c-42c0-42ec-a794-1d8f96692b09,ChIJT4jvxKGrDTkRnzdf-hiY6nU,view,2026-01-21T16:29:46.004612
424dab54-3ccf-492b-bd55-f2b115810542,5fc98c67-e5e9-43f6-8188-59f70e55c234,ChIJVVVVVYUbDTkRhQCZRO1qOUE,view,2026-01-21T17:29:46.004612
701818f0-1413-4dbc-a0ce-fa86f1288e64,8e1590a4-3c73-44fd-b894-b061956af9ef,ChIJ69cVdAD9DDkRKbdKKZC9RCA,view,2026-01-21T17:29:46.004612
1c5d8f31-b73a-4701-b502-abc986c8d158,cb4ba209-214b-4c3e-9d38-d6e297a60fc4,ChIJed7uWW4jDTkRqkxrKc2dId0,view,2026-01-21T20:29:46.004612
3c6d16f7-bffd-45ed-b153-3e0ee9c989ea,d61cd3f5-5242-4468-8633-1939d4899de5,ChIJAy3yrrofDTkRo9pQpHva1MY,booking,2026-01-21T21:29:46.004612
d05c06a1-8e84-4baf-b1f6-f2ae28517d26,5796e64c-fe0d-4d3a-850e-56b86cb78e76,ChIJTQ2erOLdDDkRB_-qK1Sz1Ek,click,2026-01-21T22:29:46.004612
f504a97c-e612-4262-83d8-ed9eace6eeea,2f593b57-222f-4ca2-a2f0-685b7daf81df,ChIJBb3mYrQdDTkRv0Dx43jGpGQ,rating,2026-01-21T22:29:46.004612
3468515e-68d2-403c-ab0a-29ad723b0eb0,9d8fa24e-9ba2-4485-a6e5-5df3ee87e764,ChIJaUH1g7YZDTkRwGo7eJ6sXow,booking,2026-01-21T22:29:46.004612
02c9b1e2-74c8-4d88-8184-858753bac117,839088d5-7b33-40bf-8bf6-49d5f44731c4,ChIJP8qaCJ_iDDkR0vVkDdWGYSU,click,2026-01-21T23:29:46.004612
41930ef8-1274-44d1-8467-ee1fb2f8ae44,55d1592c-6b83-4763-bc4a-ec29a66a4d8f,ChIJS0aYLBwjDTkRg1kvuwxqGGk,booking,2026-01-22T00:29:46.004612
a991bf4c-b487-4267-8811-87a38f09665c,b06db2c7-0962-44a2-9e2e-0c20ed116e97,ChIJk2gHn-nhDDkRuZScc5-PY8A,view,2026-01-22T00:29:46.004612
3d4e0d07-200b-47f8-bdf9-0644feafaa45,1f79ba5b-356e-4127-b6f3-d87edbe2c4d4,ChIJYfWy3MIYDTkReIo6KYRj6yw,view,2026-01-22T02:29:46.004612
9a3a4da3-ab6d-4fbe-a5ee-37f23b6880e2,05016619-489b-40dc-a763-8503a48a47ef,ChIJrcOxu7MVDTkRwGNFDz8XwIA,view,2026-01-22T02:29:46.004612
bd806a2f-80ed-4186-b4eb-5e8702dd82c2,83ffdadc-58d1-4474-a5d5-e61a9f6dd60c,ChIJh45apMkfDTkRsVm3VhUXE74,rating,2026-01-22T02:29:46.004612
c7ce428a-7487-4caa-a8da-ef54409cddc7,347df7b2-6daf-4811-bb35-2ef31257a753,ChIJTSw1U9UXDTkRPNDA5dxjbTw,booking,2026-01-22T02:29:46.004612
736f83f7-1141-4827-ae77-de9ea54b829b,b8c90cfd-7490-43bd-912f-128c7b0f4647,ChIJj9wYgTDjDDkRVGwv1YerDGY,view,2026-01-22T05:29:46.004612
651de0d0-e1ca-49e9-a1ec-ebc0ecf38852,49b2edb8-ec6d-43a5-ae9a-dbfb71df90d5,ChIJe1-rNqjjDDkR8ByQ3dve4Pc,click,2026-01-22T05:29:46.004612
2d6a8cbe-3933-4595-abfe-bbcdd07bca52,016c47da-f16b-4395-998c-e8891c818397,ChIJoXCAC4UCDTkR74kNa9O7gqI,click,2026-01-22T08:29:46.004612
0284349f-eed7-4232-84cf-42abbe31530d,2fae13cb-f7a9-4b09-923d-f2e6f812a3cc,ChIJ_-aIgzIYDTkRBlQb3cm8lhA,click,2026-01-22T08:29:46.004612
f06bc387-4ad1-4232-80f2-ccd04871aefa,5dbd832e-a6ea-4a7d-a8aa-245b331cb431,ChIJebj_xJUCDTkRJTp1RhuuXcI,booking,2026-01-22T08:29:46.004612
c63237da-88b2-4b0f-9678-3d41c37de04e,5377df52-fd02-42d9-9083-2254689f6f7a,ChIJPfpkEwHiDDkRiS9jVibNSdw,view,2026-01-22T08:29:46.004612
70acfbf8-1d09-456d-bfaa-493a2baf498e,da9b2f0d-d096-4cea-954a-60d89171bcc7,ChIJSfTjlIYXDTkRJjVdzF94PSM,view,2026-01-22T09:29:46.004612
ad25a633-6015-4dda-a07f-954e91e195dd,216821c0-ba84-464d-9d3e-455250a05e9f,ChIJEct2-vnbDDkREpc6nVEm_CM,view,2026-01-22T10:29:46.004612
8a71031f-214f-4424-9e6b-380f373992ba,33198914-5fc8-470a-a24c-44b194d79d75,ChIJYwWeSWEbDTkRDX74PgkC5qU,view,2026-01-22T12:29:46.004612
c60f3278-c362-4b6c-b0c8-7084bd18f4db,8b090365-f819-477f-a8f7-4bc8e4f950d9,ChIJSxK4WHb9DDkRfUCoVOoXhdo,click,2026-01-22T12:29:46.004612
4009626a-861c-4f2b-bb14-9f580f38faba,fc6588c1-dacf-4c0f-bbbb-a17492c3e29c,ChIJa3V2bkYYDTkRXORa3zzhsTw,view,2026-01-22T13:29:46.004612
3c59e977-a190-4af3-b8ef-1b4d81afa65e,c4f2cd7f-b455-4d7a-83f5-5aa726986e15,ChIJZVHCl2ocDTkR4FUy2t2OM2c,view,2026-01-22T14:29:46.004612
1d5b5f1c-44c8-4d80-b370-d2c7eb3321af,efd72ece-80e7-4e54-bde7-7b22ec0a290b,ChIJdXE5kq8ZDTkR3XRcDlA5Alk,booking,2026-01-22T15:29:46.004612
52777a7f-4225-4c1e-b343-9755b0e9397c,86d28bc0-8971-4188-824b-f6a721bf58a4,ChIJJWjGrxEeDTkRwBTPOhzPqgA,view,2026-01-22T15:29:46.004612
75a8e748-9c91-4b4b-bb25-caf97fe804c0,15bc78d3-1d91-47eb-9b28-2cb4422ed832,ChIJ_RzqqisFDTkRYxg7FcLYFkg,view,2026-01-22T16:29:46.004612
24f108d1-fa9f-4885-8f2a-328a4818badd,40e0e959-e6b4-48b9-a8e2-f18df0cf67a6,ChIJSbK5LDjcDDkRNyRcRHo4DI0,view,2026-01-22T16:29:46.004612
79fb02bb-13de-4198-9c4d-8ac931b4a72f,68be285b-1a38-4ef9-8adb-e9d8d197e111,ChIJf7d4Yt36DDkRGKQZ09p4zI0,click,2026-01-22T17:29:46.004612
8fa7ed78-c4dd-4e57-8e92-f212f10fd9e7,c52cd18e-e4a9-48cf-9b4f-f37a04c823f5,ChIJ78gy8y4HDTkRHZp1SwDEWHo,view,2026-01-22T18:29:46.004612
51996fe2-f170-47af-a374-6bf52974f496,d6601a21-1afe-4426-bcac-c14472456e67,ChIJw5YvHgAfDTkRBy56MNY2nl0,view,2026-01-22T19:29:46.004612
a7dfc662-49e3-4595-bd1e-20c4cf5dc8a3,343d5e3b-254c-4a76-8135-239d2bcf5816,ChIJU3oKZUD9DDkRkIDqiY8COb0,view,2026-01-22T19:29:46.004612
1d67bc56-4170-47c4-9d78-2fbabfc0480c,b1bc4a4f-a54d-4dfd-9a38-bbd7d2e0d558,ChIJVSfh4c8FDTkRe54mRvZAn0E,view,2026-01-22T21:29:46.004612
50d3a71c-b81f-4dcb-a7f3-c91c76f6634c,b0646bb4-2e4d-4bb0-84c0-1e4362d49fe0,ChIJyd_rr2UBDTkRjfnsPvF7feY,view,2026-01-22T23:29:46.004612
989c5b8b-24e0-40d0-bd2e-8ddc86206686,0360d884-fc9d-4a9f-bcde-f7563113a77e,ChIJY2tQYgD7DDkRiK5qtxTSXfk,view,2026-01-22T23:29:46.004612
489d9525-f40f-4ee5-9813-d0bf8e963be9,a9e7889e-fdaa-4b54-9fe8-9364200b7f6f,ChIJK7IvNhUcDTkRJuiQWy3VMfE,view,2026-01-23T00:29:46.004612
ce22837c-c649-4a4a-a1eb-3306839c14bf,2dd93f15-9a8f-45ed-87dc-a5093eecd56a,ChIJHfZfh2kZDTkRAs6yvHNDDwI,view,2026-01-23T01:29:46.004612
62329def-0181-49a0-9d06-9a0ce93d70d1,bed6aa64-aa16-4b8d-ae0a-08044b6f518f,ChIJXXRN7bsbDTkRiO1syjt3AM0,click,2026-01-23T02:29:46.004612
a9159ca3-2995-408b-b597-7dfcbc14ca3d,251badb0-9163-4023-a6d4-218019fbada7,ChIJe_7OFZoXDTkRoDVLEQfnHHU,click,2026-01-23T03:29:46.004612
e2a1a189-1138-4687-8442-579ce421c500,4113bbda-803e-4395-9fb1-668ab2b08142,ChIJWWO7DjcYDTkRxCyu50Z5ppo,view,2026-01-23T04:29:46.004612
b283a65a-e6bf-49b3-95bb-6d58a4cb6163,4ee53c98-472b-4757-9476-f0053bbc9025,ChIJEYi_bxviDDkRxJy_gHRETS0,view,2026-01-23T04:29:46.004612
03a45860-a66d-4aab-9dc1-d2855b8214ad,f6bca5e6-d93f-4742-9d35-8b9c2d6ae349,ChIJecUTHEUFDTkR29XTbwIDD8s,view,2026-01-23T04:29:46.004612
a40f6d3a-9df0-4fa6-aa96-fba8bb9b019b,9b8b2cdf-b647-436c-bfa1-08291768ca1c,ChIJa2dbPJkCDTkRh57e5vMUkj4,view,2026-01-23T06:29:46.004612
25cc00c1-bed9-4ec8-9d4d-be0a95270c3b,83ffdadc-58d1-4474-a5d5-e61a9f6dd60c,ChIJr-JBHwAPDTkRfQSor5wNRiE,click,2026-01-23T07:29:46.004612
f0b510f7-3f1a-4bbc-bc22-04652c85240c,8e1590a4-3c73-44fd-b894-b061956af9ef,ChIJVVVVJXjiDDkR8LEuFu326Ss,view,2026-01-23T08:29:46.004612
ed799af8-ca4f-44a3-864f-f094850e4868,25c08eda-76f1-4b3b-ba8c-38135b29e77e,ChIJ0SRAJy7jDDkRFajeIphw03w,view,2026-01-23T10:29:46.004612
92da1369-a3ae-4bfc-9c97-1ad30695f1b6,006181ac-dcd3-4be5-be84-3a780c383e71,ChIJ-5u-Vo0hDTkRbRiX9zTmtN8,view,2026-01-23T11:29:46.004612
36f61098-575d-4fff-9197-70bea641682a,d73b304a-f775-4123-9173-d5265d5c878c,ChIJqXNAFM4JDTkRv9fJ8SQ8ADM,view,2026-01-23T12:29:46.004612
ab037ea4-b72c-4c56-977b-985e16bb6c7c,bf66700f-a785-4863-8675-5231896b5901,ChIJScWYucUGDTkR2nasp1YBYkU,view,2026-01-23T12:29:46.004612
a36706db-9a9f-4f27-ae23-cc559165bbcf,3606ec4c-922f-4545-8386-4952f9e7fd86,ChIJ4WmKF40BDTkRhunQxIe-GlU,view,2026-01-23T14:29:46.004612
9730c4e2-4970-4fdf-8371-4efe4d28ab3e,7d372a30-1f32-47f1-a5ae-29f38ce51ae0,ChIJPegImFEVDTkRh7SAGGlzcY8,click,2026-01-23T14:29:46.004612
3567a516-c3dc-4f08-9bf9-40de2311bc8d,5796e64c-fe0d-4d3a-850e-56b86cb78e76,ChIJ7aqq-vTkDDkRgQTJLDQBQlA,view,2026-01-23T16:29:46.004612
fd26e314-4924-43a5-af90-52ff6f6c0d75,9d0d6a27-7f27-4d93-8c47-818ba00fe46f,ChIJCYkD0ckZDTkROZqkEmNEa5k,view,2026-01-23T16:29:46.004612
2515195e-e70e-47b5-8d20-d8da989bb4ec,dedb4304-bec8-4355-954d-14319cfb705a,ChIJyfOaOSndDDkR3m2wNPTZ4I0,view,2026-01-23T20:29:46.004612
7e1586d7-089c-4bf9-b36c-71b1f4844af7,006181ac-dcd3-4be5-be84-3a780c383e71,ChIJAQCTgEP7DDkR8z4l4Lv6Uhc,view,2026-01-23T20:29:46.004612
9bdfb8e5-c681-4a4f-8602-e62f93f5b6c5,4d6e905c-7e27-4c61-b9eb-2bc79ce3ea71,ChIJpV-ywbQVDTkRqWm6FgM6WCM,view,2026-01-23T21:29:46.004612
5fe7c138-de63-46f5-9049-73927650cc77,07f01097-d530-4312-baab-84f09e19bebc,ChIJ67eVkr8GDTkRVc10q3eNuvE,click,2026-01-23T23:29:46.004612
1154c991-3b29-4693-8192-97bb8113a966,83ffdadc-58d1-4474-a5d5-e61a9f6dd60c,ChIJGbsb2uIDDTkRH8ymaGf-FEk,view,2026-01-23T23:29:46.004612
f0fbe2a4-7809-46a9-bd35-0188a0050156,1f79ba5b-356e-4127-b6f3-d87edbe2c4d4,ChIJ968tGgojDTkRObaW2xZSuXs,booking,2026-01-23T23:29:46.004612
a9514509-f701-43d8-bb7f-be45a59f3e54,b235fa8c-2e45-40d6-a101-d3e2ec9b95f3,ChIJicRbzksFDTkR6DUl_93l5Uk,booking,2026-01-24T00:29:46.004612
a95d0a71-9ec4-4fa0-838d-4933b0bc5c54,8f4d7c87-1d82-4a50-9906-1697ed6997a3,ChIJ486HNRMBDTkRM1sl8rwuie4,view,2026-01-24T01:29:46.004612
cc0c090e-b94a-494d-9d2e-23bb240e8e69,20a3b51e-0c43-41c0-8993-bab69b7ad66b,ChIJHyrrFgYFDTkRCzPiQ2YZTo8,view,2026-01-24T01:29:46.004612
89c78530-e876-4ab6-bdc2-8cad41b6ec61,9c35b8b7-3f25-444c-8695-1e1a6e215ef7,ChIJS49M_lcZDTkRKyK8H7uO5Gc,view,2026-01-24T03:29:46.004612
36651a80-3c87-4a03-b9ab-3e12abaf9888,75d89ec6-1107-49bc-988d-c97c46238ff6,ChIJudcH0C8dDTkRk6QLFST8EMs,view,2026-01-24T03:29:46.004612
57198489-90d5-4c69-8fc7-eabdd535260a,6649644a-256e-49cd-aaf3-52ae768e6f93,ChIJjyeFQCMfDTkRJuuH8AyC5YE,click,2026-01-24T03:29:46.004612
7221538b-3046-4ce7-b7f7-c01a764e1056,286ff317-1da8-4ec6-b632-d31a28acb766,ChIJgWst_o4FDTkREBbjHgEZyow,view,2026-01-24T03:29:46.004612
4250354c-e8b0-46fe-a5f5-a68ee6a61c7f,85022eea-434f-4cb1-9f29-305747ee367a,ChIJ6c81vdD6DDkRwSloTrOLG6E,rating,2026-01-24T05:29:46.004612
30c924d0-ae3e-40e5-8ae0-0f8e929ff6ff,3c4b7a3f-0093-4a17-a928-554f1957cab9,ChIJHfZfh2kZDTkRAs6yvHNDDwI,rating,2026-01-24T06:29:46.004612
2a53b98a-b356-49dd-9147-41b70e41d6b0,fb5bd947-522c-4a43-9cd2-6a4e1e3d39f8,ChIJPwgrXucFDTkRwjJyjNbunV0,click,2026-01-24T07:29:46.004612
58f8d261-6b18-4dcc-86d8-1b037b542df9,9c9bbc96-a034-46f6-9517-98986f690a92,ChIJ8eXMjBQDDTkRB0vq5KGUuro,view,2026-01-24T07:29:46.004612
e9b65973-23ec-4d25-8a3e-043d98b9eaad,a37a4025-611e-4834-b206-02f588ad555c,ChIJebj_xJUCDTkRJTp1RhuuXcI,view,2026-01-24T07:29:46.004612
89db6e7a-ecd1-4497-a4dd-5198f845ee2b,0da216f8-05a2-465e-9b7f-9d4924cd4baf,ChIJAQCTgEP7DDkR8z4l4Lv6Uhc,view,2026-01-24T07:29:46.004612
05f4aae8-69f1-43cb-8b74-5b61a7610f02,b1998710-c279-4d01-817d-c99ad02236af,ChIJoYZHA4UHDTkR0NeUuFoc3XQ,view,2026-01-24T09:29:46.004612
39a3a68f-58c0-4ecc-b748-d0876ce8549b,6a174ce0-a131-498a-a7b3-8118ef201107,ChIJbwpdFIXhDDkR1mfZ7FLaOV8,view,2026-01-24T10:29:46.004612
5fdf045b-bd76-4601-9758-8da7e78e3911,1985a14e-3658-436a-9fa0-f2e01a645c6f,ChIJkf5hPkEcDTkRkw-x73G9OyM,click,2026-01-24T12:29:46.004612
84237649-f057-4858-907d-e7437d678712,81b57fe8-6ec3-40ae-bf9a-0555a7fa02bc,ChIJE3DvtxIjDTkRjoZAKwZ_L-A,view,2026-01-24T12:29:46.004612
49ead038-77e1-400d-b3dd-69c1cecfbf24,fce67dbf-f65f-4b9c-91e9-0d809f84a9ef,ChIJmbKGWigZDTkRnFzstL8pzNQ,booking,2026-01-24T15:29:46.004612
0610da1c-622d-426c-8437-49ce8f8ff7d2,b02a8ef4-0dc1-4e3e-b34b-71430b2f044f,ChIJC7kLf7ghDTkRxYDIWk_0mrg,click,2026-01-24T17:29:46.004612
f2fdcb7b-f280-4cab-ac78-7081f7922133,b57da618-a9b5-4630-9880-8c79827b243b,ChIJqQ3x2j0FDTkRHNMbO1tpnwo,view,2026-01-24T17:29:46.004612
e1661dff-db82-47a4-af75-178d06c56483,309f441d-29e0-4ce7-beae-bf3754530e3a,ChIJ7Xa0GEEcDTkRE39X-CgUsG0,view,2026-01-24T17:29:46.004612
9fe1599c-33ca-49f9-97b8-47615fd29633,b44fa2f8-0fca-4063-adad-2925b086ffd4,ChIJ7wT_1n0jDTkRHes_l2DwAiI,view,2026-01-24T17:29:46.004612
bd5249c6-e831-4369-a259-8222b1cd36db,1168582a-a016-437c-a4ff-15850825f071,ChIJwcKwnhUDDTkRQWrXJ5HKiRk,click,2026-01-24T18:29:46.004612
08494bd1-ec20-4720-8c77-fc6aee896004,45166870-9387-4484-b22d-da6ca7e8e9e2,ChIJYbdlwT3fDDkRR4j0lgH9GwQ,booking,2026-01-24T18:29:46.004612
1c42a44e-6ab6-49a8-b9bb-94fc95e09778,20329a95-39f9-46bc-9d3e-dccaacb1574b,ChIJ77cDh5H9DDkRw4eomzQsdh4,click,2026-01-24T19:29:46.004612
74f3381c-54a5-4171-b70e-1b63f675d63a,4ca1fab7-5bd1-49a0-9b56-9c3993a6d8d1,ChIJfyoHSjznDDkR1l32qWnDa94,view,2026-01-24T20:29:46.004612
27385bf3-9619-4022-a539-4733fe5bd7ff,40e0e959-e6b4-48b9-a8e2-f18df0cf67a6,ChIJ1xyjNmH5DDkR74Qi8mkqu6Q,view,2026-01-24T20:29:46.004612
544016de-83ae-4a02-9b38-256b2a05a889,2fa7bd5e-bc33-4237-aaab-2e9ccd14f633,ChIJF73zruTnDDkR4fHFPKspu28,view,2026-01-24T22:29:46.004612
f9304f5c-f937-4bf4-951e-092b2470d965,dd07791a-aca9-4b2a-812a-6e394171de8d,ChIJExG1eyD7DDkRL_OZpZYiyHE,view,2026-01-24T23:29:46.004612
ce49ed22-9bdb-40be-9563-1972185e2e0a,57e8dcaa-fdaa-4def-936e-0b4021b78ee7,ChIJV5m_Ty8dDTkRyHJJlJvPEAk,view,2026-01-25T00:29:46.004612
78c3f7a5-45db-444d-80c7-79d825b410f3,6ef7c17f-1f34-4ed8-a961-05c1c0081f79,ChIJUdsPbuIdDTkRqpgi2i7xKkI,view,2026-01-25T00:29:46.004612
b215659e-1f5a-487f-b903-ae4fbc5e4cc8,da7bdf63-c815-45bd-9ed2-1d70cc614424,ChIJO4bEjrL7DDkR_Sj7Ag-P-Pk,click,2026-01-25T02:29:46.004612
580e5bce-1ee3-4f29-a314-d2c69807042c,d1ccba7e-1334-446e-886c-120e0eb88e73,ChIJw7qPDAoZDTkRV-2mY2VsxR4,view,2026-01-25T02:29:46.004612
027b45c4-2ca6-43b0-a09b-6a340652aceb,cc04bfa6-c90e-4dcc-a3ca-d304f232bc5c,ChIJb9VeCNMYDTkRcs0Bfr8neXo,booking,2026-01-25T02:29:46.004612
e82f86c0-cf21-4b84-a0a3-5db051cf25ac,7862ba6c-1e87-4810-ac29-1ecdedc490ac,ChIJh7ypMCkZDTkRa9qZat_uAfQ,click,2026-01-25T03:29:46.004612
e4275653-dad7-4042-9a7a-cf97e9d4fb84,dd07791a-aca9-4b2a-812a-6e394171de8d,ChIJD0RVhn8ZDTkRUF5yuCiz2QU,view,2026-01-25T05:29:46.004612
1d34185f-9125-467d-8cee-769177063dfc,b8280c36-4b28-45ac-a1d6-ac369a47ebea,ChIJTfkiOAcFDTkRL9cLd2gw-Fw,click,2026-01-25T06:29:46.004612
97a2ce81-1eb3-4a69-945c-6c3c82dabbe2,fd0a9c7d-c212-4dd1-94af-29cd1630015c,ChIJM8VeA8kbDTkRx4Flhzxppg4,view,2026-01-25T08:29:46.004612
0dc23060-49f1-48ca-bc36-de814a8f6c5b,594d3d8a-35f8-41cc-8de8-d3f2d5ac97b0,ChIJYd2edCEPDTkRXh72EOAVeTg,click,2026-01-25T11:29:46.004612
b7efd561-1cf5-4063-b9ff-50c37ace9adf,286ff317-1da8-4ec6-b632-d31a28acb766,ChIJPWBpSw0MDTkRIJprdOzTE0U,click,2026-01-25T11:29:46.004612
bc3dd630-066d-4b14-97ec-c3551cd3cd6b,cc4e5d47-390c-4243-bf4e-87ed1a948154,ChIJtaq-A5zjDDkRhbzhTkwimYg,booking,2026-01-25T12:29:46.004612
bc6e1262-0361-4ed4-ae7f-b05c316d25f0,273f4f11-eeb9-481e-bedd-70af1db321b3,ChIJ32Vw6zEVDTkRjhdgrT9Hq_Y,view,2026-01-25T14:29:46.004612
4b0e6490-adfb-4107-af85-d1e7752be88e,bf66700f-a785-4863-8675-5231896b5901,ChIJ91zeLwDdDDkReFhf0mek_RM,view,2026-01-25T15:29:46.004612
b56d5658-aa84-4d06-b0c6-a5ab5796e921,f7bdf6e2-f5d0-4b36-9776-2115898d5b5a,ChIJ91zeLwDdDDkReFhf0mek_RM,view,2026-01-25T15:29:46.004612
87c099a2-a052-44b4-8b78-05a88bc140bb,3f88c491-58fd-44a2-abf9-df85d43a1465,ChIJgWst_o4FDTkREBbjHgEZyow,view,2026-01-25T16:29:46.004612
d6622b59-64b8-4a45-a6bf-91949371d6c0,9d11d036-b210-4371-be0e-9867403d23dc,ChIJm4g7keH_DDkR2jybDy6_HRQ,view,2026-01-25T17:29:46.004612
1533f1da-2d43-4bd6-a8b3-61d8f9170436,20065164-876c-4db0-b1e2-47612559208a,ChIJn2NM8QP9DDkRe7eRmvljE_4,view,2026-01-25T18:29:46.004612
8f1829d2-35d8-4f7e-9bf4-432a36ee02d7,10f543c8-1c12-44c4-bd7a-379c57cf1952,ChIJ7TBF3w6tDTkRxqHf-88bekw,view,2026-01-25T18:29:46.004612
ca13bf6e-aee5-4484-8d1f-d9aa4998e4e2,a4242dbd-9983-4afb-a44f-2f856be11ace,ChIJb75Ao-79DDkRsIlRbmeNhYw,booking,2026-01-25T19:29:46.004612
8df618ee-57d4-46da-81f8-56120fc28bc3,d16cdef1-96c2-4f1f-8bcd-9b46274759c5,ChIJo_EVHzH7DDkRq0dEqPdaQ04,click,2026-01-25T20:29:46.004612
1121f6ca-87b9-4935-b310-cc20b52ed77a,5a45b801-5a89-4183-8e99-461a60cf255d,ChIJAXp7bFcZDTkRkKdt_Lt46Tk,view,2026-01-25T20:29:46.004612
2419cf08-6386-465b-8912-6b4a068747ef,1500926f-4009-4080-add3-26ab53f7c313,ChIJmbKGWigZDTkRnFzstL8pzNQ,click,2026-01-25T20:29:46.004612
c543bb15-b259-471b-b853-929eb8e93341,aeedca81-5b94-4f80-b95d-b3596c11b746,ChIJV74mnnepDTkRmASnP8cOCy4,view,2026-01-25T21:29:46.004612
05c512b7-6e49-4eae-a7bb-5b656a156ef0,f4445df4-8aa1-46d1-ba98-281e62da5701,ChIJM6ES7xUdDTkRjzrscxEeS8g,view,2026-01-25T23:29:46.004612
3ebd2772-b05f-49f7-b58b-a4aec54ebe20,3f55c1d1-863f-4034-b86b-c80b78ac8f54,ChIJSyEeQxUcDTkRtP518kGmaNs,view,2026-01-26T00:29:46.004612
a9275d5f-4454-4584-a87e-241c9f0da838,57e8dcaa-fdaa-4def-936e-0b4021b78ee7,ChIJ87NRphjiDDkRMh3igGPGQUg,view,2026-01-26T00:29:46.004612
6e983b6d-9353-426d-be58-d3f7b929e3f2,0b96ad05-ad6c-46c2-a6f4-63a849620078,ChIJu32QGTP_DDkRokwZ4k-ZmZ8,view,2026-01-26T01:29:46.004612
86a775e0-3e0f-4e92-96b7-779b03cfdef2,ac0226a0-09b2-4fde-a7a7-ac6182412c84,ChIJDdqRm4vnDDkRVPs6i90nqM4,view,2026-01-26T02:29:46.004612
7e23ffa7-4e4a-4e1a-b36d-1962dcbcd335,fa43185e-8b35-45b0-b06b-ba23cd2be955,ChIJlU7xMJ4dDTkRS-CEa9X7JHw,view,2026-01-26T03:29:46.004612
6e059f0f-8504-4bfd-b298-26f55657cf1e,400ef25e-95ca-4e02-9149-13b2c73cdced,ChIJ7aqqqhn9DDkROmpPLJp4sS0,view,2026-01-26T03:29:46.004612
d2705709-e78c-425e-a9c6-f10962ad5094,05016619-489b-40dc-a763-8503a48a47ef,ChIJgdyQHisbDTkRlN7jaSGm6Zw,view,2026-01-26T04:29:46.004612
4a6aced8-5eac-42f6-8d5a-f9fc98f2483a,cc36dc83-0ef2-4158-8593-0bf90b2929f2,ChIJRYVcMn8_DTkRjwOiyekkc18,rating,2026-01-26T05:29:46.004612
7611bc76-fc7c-4865-ac9f-58d4bde76264,363eabf7-9851-4ce3-aca3-6c053f03ad0e,ChIJ0SRAJy7jDDkRFajeIphw03w,view,2026-01-26T05:29:46.004612
59729451-12d7-4663-952e-cab55e9d1104,3ffcba89-0cc5-4537-b758-67a79d5365f5,ChIJx_sVdgXlDDkR6EBNphWNsXc,view,2026-01-26T05:29:46.004612
df7404fc-21a3-4825-8588-06e7df74cf3c,f6bca5e6-d93f-4742-9d35-8b9c2d6ae349,ChIJSQ2YOw8iDTkRoX6IDTHFSr8,booking,2026-01-26T06:29:46.004612
bc27a0a1-78e6-43f2-a209-71a352ba05dc,4d6e905c-7e27-4c61-b9eb-2bc79ce3ea71,ChIJ0_y8CMkaDTkRQfaV0zBk2QE,click,2026-01-26T06:29:46.004612
08ebf302-d51e-4b44-b444-fd0ffeff1f80,7d372a30-1f32-47f1-a5ae-29f38ce51ae0,ChIJz2AwM0IeDTkRE2lvAzLoGH4,view,2026-01-26T06:29:46.004612
75a1d8f5-1045-415e-a941-ee5c5b90f051,3b08d955-3c94-4732-bfb6-b67bcec421cf,ChIJNY0f0Q8bDTkRlcDkJHBQLnM,view,2026-01-26T09:29:46.004612
45fa0f41-6368-4b92-a8c0-f553d03db652,30249500-e4fa-4c09-bfa4-c65e17b79175,ChIJh45apMkfDTkRsVm3VhUXE74,rating,2026-01-26T09:29:46.004612
fa3c731d-b531-4666-9420-b588649ce0cd,22719aa4-f2ac-491f-b133-5be359b4d629,ChIJ9W1BH1UHDTkR-atCKhI6R6Y,click,2026-01-26T10:29:46.004612
ef8d6876-0dad-408a-8cbf-8512367ea429,b02a8ef4-0dc1-4e3e-b34b-71430b2f044f,ChIJ9f5mdiv7DDkRq-mRrFelJAo,view,2026-01-26T11:29:46.004612
a3a4ef66-67f5-4d4f-83e9-7a1431e3df59,1168582a-a016-437c-a4ff-15850825f071,ChIJaUH1g7YZDTkRwGo7eJ6sXow,view,2026-01-26T11:29:46.004612
5b2ca0ab-01ea-4567-99d0-be5d8ad80463,fd52ef5f-a3ad-4f17-b65f-4e148b894e34,ChIJAXp7bFcZDTkRkKdt_Lt46Tk,view,2026-01-26T12:29:46.004612
c9a2f0c5-9f4e-4a5c-8c64-4709227fe575,57e8dcaa-fdaa-4def-936e-0b4021b78ee7,ChIJh45apMkfDTkRsVm3VhUXE74,view,2026-01-26T14:29:46.004612
e1b53aa0-445a-4c7a-bb40-8651048d3dff,9be46000-e50f-41d7-a48e-ba9af941968f,ChIJw6EdanYDDTkR9EzmpV-p2Dw,view,2026-01-26T14:29:46.004612
0e315f55-ce0c-4094-aa01-feda90ae5a8e,6ef7c17f-1f34-4ed8-a961-05c1c0081f79,ChIJPwpn3iIZDTkRtUmKOOXCCSw,view,2026-01-26T15:29:46.004612
d6d5d96f-1d93-45e9-a3da-0b5d6d24b255,ef575917-4cb4-4cbd-903d-4be53a66ca29,ChIJY009gVIXDTkR68MwDX50jN8,view,2026-01-26T17:29:46.004612
0d5ef3d2-df6d-4f59-a26b-4add8def366a,d13eb782-effc-4dda-837d-726c57a16422,ChIJcc4_KG8EDTkR4zJt8puaXqY,view,2026-01-26T17:29:46.004612
ff031e51-ab74-49e0-97d4-c88140a8d2f0,7f03cab6-f668-4086-8629-2f21ce712f9c,ChIJ48E4IKoZDTkRUDIRdG8HzTI,booking,2026-01-26T18:29:46.004612
47b53049-bbf5-4b5a-b9c5-ee638d03d38b,b3809d4d-22ce-4328-86ee-3d7915426163,ChIJAQDARl7iDDkRPMvE7jjAm4s,view,2026-01-26T18:29:46.004612
677e748e-06fa-4eea-ba3a-199fac544067,6a9b1cbb-8985-4a54-b23e-9defdf9472f8,ChIJX_p5Lu0dDTkRqOKPEmR2EB4,view,2026-01-26T18:29:46.004612
a3e8e4e7-9331-4bf1-9b04-58a14d496b9c,2e1aac52-247d-4fc8-a7ad-1af63ee89bca,ChIJ13hb8gyrDTkRwoJ7oZSQY5g,view,2026-01-26T19:29:46.004612
b54cd1fa-fd53-4b40-ab9b-28f3200d3f2b,bb9ba807-5b46-42f5-8465-5c97af0f5beb,ChIJtRsd1IMjDTkRhi5TIH7xu98,view,2026-01-26T19:29:46.004612
946cd42a-7963-4fd9-a129-a6df47110b8f,d91358cd-b234-405c-a307-8d6755658412,ChIJuXLbfLffDDkRxy1PB4zL1WA,click,2026-01-26T20:29:46.004612
8afef2f4-f16f-4812-a61b-e64d40425fd0,5c188236-04ed-4ee0-a96b-0af143487f5d,ChIJDVaYpxcFDTkRC2JgbXYnzpA,booking,2026-01-26T20:29:46.004612
6f5d3dde-4cb4-4bf7-909e-a61006fa0802,aeb166fd-c454-43a4-be17-eefd82ad126a,ChIJN9BQGOwbDTkRiigfGvmr8Yo,rating,2026-01-26T21:29:46.004612
510bd712-1bef-40be-9391-9d4c5fae8f17,3f55c1d1-863f-4034-b86b-c80b78ac8f54,ChIJ8fp48rP7DDkRB1sioTWEZE8,view,2026-01-26T21:29:46.004612
8243f8eb-214a-45dc-82ed-53ae47a99f53,62689cf5-8b3d-4aca-8ff2-e66406e93ef1,ChIJd-3rnjD9DDkRh4jC5r1Deec,view,2026-01-26T21:29:46.004612
83a68c60-d654-4379-a6b7-293f5a5115de,10287ce6-65b9-4142-8b2a-cf7790da529f,ChIJKRCAWocZDTkRba7C87Hijs8,click,2026-01-26T22:29:46.004612
80331e22-5a29-4f6a-b6a4-4278c12d90d3,2fa7abcb-5b57-43dd-8df8-d6119015d2d2,ChIJf25pKZnhDDkRwGJaFMZCYAk,view,2026-01-26T22:29:46.004612
8c921fc0-bac5-4ef9-93c4-0e755b244d76,12e57e00-9995-464b-98d6-47b66b2e11dc,ChIJda712aMDDTkRHVw3A7xAp0Q,view,2026-01-27T00:29:46.004612
37753408-45f1-46c0-9c2f-9faefdf86ba1,f6bca5e6-d93f-4742-9d35-8b9c2d6ae349,ChIJoxuvkn_hDDkRxd31OthoEt8,view,2026-01-27T01:29:46.004612
bee903e8-74ad-4cc4-a226-f4f93ed709ed,9b8b2cdf-b647-436c-bfa1-08291768ca1c,ChIJhdCGIFUdDTkRzJqaue3kFuk,booking,2026-01-27T02:29:46.004612
7b86a9c9-a2e4-43ef-9569-b4c0706fab93,33198914-5fc8-470a-a24c-44b194d79d75,ChIJA_gnLTQbDTkRVHz_FmDumIs,view,2026-01-27T02:29:46.004612
785ada92-963f-42d9-9bed-71c76a25ab4b,f7b4c86d-3e91-48e0-a4c4-aa93d7561142,ChIJS6pNJr4ZDTkRU4iPl8B64uE,view,2026-01-27T02:29:46.004612
ccad8cd3-280f-4c33-90e3-b3e5007fd525,db757573-d418-4493-aeaf-4a5ea11c09ab,ChIJk1V_b6MdDTkREBke9zUcepg,click,2026-01-27T03:29:46.004612
65298c99-a1b3-4a77-9e21-473047251775,6937561c-f57e-43d6-94dd-239d2a10af5f,ChIJcc4_KG8EDTkR4zJt8puaXqY,view,2026-01-27T05:29:46.004612
6220fc40-8a8c-4766-90a7-8d73f67e0430,dedb4304-bec8-4355-954d-14319cfb705a,ChIJ02Bkw2gYDTkRTp9KZwPMeG8,view,2026-01-27T05:29:46.004612
54e44aad-37a0-4ee3-a3a9-57de46e14026,9be46000-e50f-41d7-a48e-ba9af941968f,ChIJi2vT-3UcDTkROnoFPdqD-bA,view,2026-01-27T07:29:46.004612
85758ef2-205f-4591-a7c0-3fa3f4298d54,6f5cee92-8e7c-4c1c-9d8c-411e6f4f82bd,ChIJR3-TfVQZDTkRhVHU7cnbjZw,click,2026-01-27T07:29:46.004612
c5e9588f-a30f-4672-88e8-7ed34c0c39d2,d0249923-13a8-485b-99f8-6879bb7badf2,ChIJ6ykOwE37DDkR4kHteRFVpGg,view,2026-01-27T09:29:46.004612
17d47906-9c32-4c6c-a52b-4efeac4afc3e,459130c7-4617-4eec-b6b7-413a5293b66e,ChIJYY9nHyf9DDkRjAdngMvn48Q,view,2026-01-27T10:29:46.004612
149abcf3-1ff7-4479-9a9b-bee52369c8f9,582bf9c7-76f1-4115-9e3a-1e8c16dc802d,ChIJK8q9_lrhDDkR6E6lBzzBCxQ,view,2026-01-27T11:29:46.004612
aa0d5075-1094-4991-b405-45330f06cee8,2dd93f15-9a8f-45ed-87dc-a5093eecd56a,ChIJnQozcn8_DTkR60f2nzOlM_M,click,2026-01-27T11:29:46.004612
dfd2c67f-bf7d-449d-b1fa-0fde1ad5596b,ab07ab46-445b-426a-b5ef-96a3feb8d1c5,ChIJdbSUpfABDTkRYe0f9XoVlwQ,view,2026-01-27T12:29:46.004612
97dbf0a7-ff1a-4aa1-85eb-7794edabca62,57e8dcaa-fdaa-4def-936e-0b4021b78ee7,ChIJOTFgFrkZDTkRtGNiP_WDHVE,click,2026-01-27T12:29:46.004612
f9de2bd7-2ca2-4f0e-9b1f-5ecd9f4da7eb,8c30620c-53b0-4082-b6e7-989999a6a645,ChIJ59PVuv4bDTkRw6GldlMth6I,rating,2026-01-27T12:29:46.004612
838b12df-e38e-4b1f-a3a1-008707036ceb,fd52ef5f-a3ad-4f17-b65f-4e148b894e34,ChIJ-Ty9tEz9DDkRxhAk4j8Iu8s,click,2026-01-27T12:29:46.004612
7e83e468-93c0-4ec3-97f4-3865e96fb317,81b57fe8-6ec3-40ae-bf9a-0555a7fa02bc,ChIJ-V35ZQLkDDkRAN9EIFb6qLA,click,2026-01-27T12:29:46.004612
6e258f13-60c0-42b6-a74a-72ac4556dcd1,63202cd2-4df1-414e-90d4-f3548eec0853,ChIJ78FO7agFDTkRWu2o8J3LbLE,click,2026-01-27T13:29:46.004612
ac85d6e3-4e8b-4f5a-950a-f9a35df8e077,90a78129-53ea-4e27-90f6-4c185ab2663a,ChIJjYjbl0gbDTkRCrRAMjT45Yg,view,2026-01-27T14:29:46.004612
5615594e-54d4-4483-a0c0-8d41252e39d0,5726aa25-2159-40f2-ab85-fb507378d08d,ChIJq6VnJ58FDTkRsN01XXkz7gs,click,2026-01-27T14:29:46.004612
85f30f82-5150-48e0-a087-0d67dccde5ed,b90825c7-9af5-430a-bb5b-94f97f9edac2,ChIJOQBN0w8_DTkR2kC7ccAduAs,view,2026-01-27T15:29:46.004612
15fa2bd0-84f3-46fd-a843-966f3a84548b,3ff11692-d469-4c8c-a91e-bf5dc86c1d71,ChIJPeq9RFDnDDkR3ThA8S-1P4Y,view,2026-01-27T15:29:46.004612
033f15fb-0894-45c8-ad6a-63ee068113bd,544f1349-c1c5-481f-8968-8b4a3f64ba7b,ChIJgfLBXRgeDTkRlsDBRnel4Ws,view,2026-01-27T17:29:46.004612
ed8d917e-44e2-4f01-8d4b-8a1129df97f0,8d275bb4-94e5-44d4-a506-7ef33dd1aad6,ChIJ10WSvbAbDTkR8nRvr9xv9cE,click,2026-01-27T18:29:46.004612
b6a8b287-5e54-49f2-bb4e-7894547390a2,d13eb782-effc-4dda-837d-726c57a16422,ChIJD3l5JwYfDTkRrQ4zqTYjbfM,click,2026-01-27T21:29:46.004612
17cf3987-53da-4ee9-b84f-fbdb6c14679d,d0568206-fb99-4420-93e5-955e8cbc76f9,ChIJyUXaansBDTkRKVNqN84YfWs,view,2026-01-27T21:29:46.004612
73d49e8d-0b1e-40ca-9cd4-ceedd5fbda71,3741b114-83ef-4fdb-ad4c-b47eed63e977,ChIJz6uJIQfjDDkR3gifjDKqsIQ,booking,2026-01-27T23:29:46.004612
ef5c5d13-3e8c-4f8c-8e98-b6bb233e6d72,f83a9ebe-79bf-4a5e-a810-f0efdebbe210,ChIJtwsPvxsXDTkRbnLWQkgcsoU,click,2026-01-27T23:29:46.004612
f76732fc-41d8-4906-990e-e05c840551e6,df95df7b-505f-484d-a77d-0f4a6cff7299,ChIJe3MwXDQYDTkRFSLBgYWqUOo,view,2026-01-28T02:29:46.004612
c35371eb-1d0b-4d2e-beec-51a8e14811b1,cb4ba209-214b-4c3e-9d38-d6e297a60fc4,ChIJ27TmZdrjDDkR0csS3EblZWw,booking,2026-01-28T03:29:46.004612
1f9f8a9d-8d7d-4684-ac1e-b59e51124034,db457081-4cae-4dce-9ccc-f0545849532e,ChIJEct2-vnbDDkREpc6nVEm_CM,click,2026-01-28T03:29:46.004612
310ee573-66aa-4461-be8d-c42746a86ec5,73d1f3ba-ad8f-4898-81b9-f6c5929fcc4a,ChIJ93r8-wbjDDkRlf30qg5Q_pM,booking,2026-01-28T04:29:46.004612
d78d011a-f564-4490-89ac-f3fc6af1c0ca,4f3d83ab-aa51-4189-8bac-c0b0795541f7,ChIJCbfAqZ4CDTkRFi_5YrUbYzg,view,2026-01-28T05:29:46.004612
d2f82919-8ce4-4732-9805-54359249c1c1,8cdcfb8b-2826-48e2-bd78-fe1ab76f2155,ChIJxfD7FZwiDTkRP3SrCV-mTAE,click,2026-01-28T06:29:46.004612
9479b637-b52f-4a36-9dde-84cb27dacfe4,9182e03f-2dd2-48d2-8ccd-8a62bc3c3a05,ChIJM6ES7xUdDTkRjzrscxEeS8g,booking,2026-01-28T08:29:46.004612
ab573783-82aa-4193-952a-b6126a0c81cf,c28bf682-7f39-4316-9aa9-ee5f7e627aa1,ChIJ61WTkQ8BDTkROsXSSW6I5SQ,click,2026-01-28T09:29:46.004612
bdb091a1-2ecf-4d65-8bc8-ac3d9feec242,63202cd2-4df1-414e-90d4-f3548eec0853,ChIJOeYjR7WrDTkRgkC5GYzgCSc,click,2026-01-28T09:29:46.004612
330601eb-a0fd-416a-ba4b-cfa4dec10c57,4e9359e0-a2c8-48de-b32c-17fee0cf5c36,ChIJC4a0GTAdDTkR08VLCKrqsfs,view,2026-01-28T11:29:46.004612
625b9455-0a32-4e62-884c-c2879bb4220b,454fa168-4941-434c-a50d-28b215c69bf1,ChIJKzbCdWv9DDkRY_EAFQaTaYc,view,2026-01-28T12:29:46.004612
de85cadd-64d8-4f0a-9ac0-2424e2b86b17,5377df52-fd02-42d9-9083-2254689f6f7a,ChIJkfmYCz_nDDkRl-e30Xfjyuw,view,2026-01-28T12:29:46.004612
ff95d851-e78f-4b0e-821f-acf8c943b961,d694e279-26f0-478e-a275-e78f43bbc3be,ChIJqXNvIZUdDTkR25SLKrXqpcs,view,2026-01-28T16:29:46.004612
1aa2b4bc-087f-45a4-9524-6bcb13bc2488,05f1d6d4-2877-47cb-9725-75bbc4956be0,ChIJX_nDWw4bDTkRyBuwCgrqmNQ,view,2026-01-28T16:29:46.004612
3a4f26c3-1707-40f3-8564-b7a0b7a21216,8f4d7c87-1d82-4a50-9906-1697ed6997a3,ChIJZyIlaxwZDTkRlnVSGo9liHo,click,2026-01-28T17:29:46.004612
9ea05d14-50fb-4ae6-a170-3d4e78bc3214,1afdbaef-b1c9-4af6-b3fd-0657dd8126f6,ChIJ0cKCfqgXDTkRtG8R8lMZzME,view,2026-01-28T18:29:46.004612
af765432-38ec-420c-a2a7-b852c3cc03f5,d2ebe84c-5f13-4e28-9708-4906369718ba,ChIJnQozcn8_DTkR60f2nzOlM_M,rating,2026-01-28T18:29:46.004612
4e7b00c5-c98a-4763-bff2-72f5bba08e86,83ffdadc-58d1-4474-a5d5-e61a9f6dd60c,ChIJ486HNRMBDTkRM1sl8rwuie4,click,2026-01-28T21:29:46.004612
98a20275-dad3-4777-9cde-e54ad8eb394d,3ffcba89-0cc5-4537-b758-67a79d5365f5,ChIJCbfAqZ4CDTkRXDM5WL-Z6nc,view,2026-01-28T22:29:46.004612
0b7278c2-ccc4-4c50-aeff-11623a10b75a,c5a7409b-0bec-416b-a9ca-2e341c3f79c4,ChIJSweSUaznDDkRiDsGkG487WY,view,2026-01-28T22:29:46.004612
32a6e9a4-7331-459b-aaec-e455432e90af,85f877fc-5969-4798-846a-782e928d85b4,ChIJr_r0whMRDTkRvN55RzUgjOg,booking,2026-01-28T23:29:46.004612
f63d47b4-6ad4-4e8b-b51f-a5b3d35121b2,b93f1c5f-045a-466a-a21b-d2905677cd14,ChIJB3eNuar9DDkRdLXjKjlGuaE,click,2026-01-29T01:29:46.004612
2f9f5c5a-c346-4cda-9cfc-d4de27fc7854,a63ce3a9-8eb7-4028-979b-e79d5f10eae1,ChIJG-4XjU6pDTkRLwJSSpKCeZo,click,2026-01-29T01:29:46.004612
41cf8cb2-4352-4814-8d86-bb04af9d0a6c,a63ce3a9-8eb7-4028-979b-e79d5f10eae1,ChIJuVkOINPjDDkR4FBr49a3Org,view,2026-01-29T01:29:46.004612
a29bbd3c-eafd-45d4-8a26-0fdd7faeafbc,230a24ea-89f9-4b74-a54c-d9696059eb93,ChIJgyqMzGPnDDkRQ20lUOXLQO8,view,2026-01-29T02:29:46.004612
80148388-eba6-4f7e-a1bb-da3a341ea0fd,7982c846-d69e-4f9f-8142-bed1f5e309f0,ChIJSS6OdLcFDTkRIf0z1kCxSfw,view,2026-01-29T02:29:46.004612
bc62ed9f-7a2d-4790-8df9-887a296f8037,6b11b2cc-9f94-4c6f-b9de-f595d313ff12,ChIJtTHggW4YDTkRq1i72xHmz6E,view,2026-01-29T03:29:46.004612
0fe71ccb-c097-4d05-b36f-124cca7e879c,4f6b2cdd-7c5e-42e9-a615-b9d0e094dd29,ChIJWVTdOtkGDTkRqhpoxf-FT6A,view,2026-01-29T04:29:46.004612
5e0cbe58-c761-44cb-8193-f298ff621429,26b70735-b82d-4c89-9334-8cd9716109e6,ChIJw2f9Y3YDDTkR7XalAEXGCGI,view,2026-01-29T04:29:46.004612
bb7893fb-f862-4589-8bf6-6e1eeb6ecdfb,2cf4a0e9-b235-47bd-bea5-d3539ba5581d,ChIJmb7NnTHlDDkRlv2WNrp3Wio,view,2026-01-29T06:29:46.004612
5fe8889a-f239-409d-8ec3-79d5ea9eea5e,7862ba6c-1e87-4810-ac29-1ecdedc490ac,ChIJ8b0cjakbDTkRswKAZj95Mjk,view,2026-01-29T06:29:46.004612
bb5095ee-e521-4854-88dc-e222a20ff789,6b407a40-9886-47bb-8ead-3205c79118ae,ChIJ5xIjFAABDTkRPX5HONJzVLs,view,2026-01-29T07:29:46.004612
bd0f3f57-0400-4a49-9f2a-7195c54e7123,1286e900-2bda-4dc7-a8b2-b147e132c1b1,ChIJ09LJrqwHDTkR6EUOtQ_cFqg,booking,2026-01-29T08:29:46.004612
3e25a463-2065-4bd5-ab2a-d79ae89fcc06,f1951d22-67a0-41cf-88b4-fca26b5a0ad8,ChIJy3f9XQAPDTkR9vF3NtOBWoI,click,2026-01-29T09:29:46.004612
313a9676-232f-4790-86b5-dce80f57d240,3f88c491-58fd-44a2-abf9-df85d43a1465,ChIJmWEg6snjDDkRKh3js-UGjvs,view,2026-01-29T09:29:46.004612
697e0acf-5dff-4adf-88c0-13a3109506be,da9b2f0d-d096-4cea-954a-60d89171bcc7,ChIJE51owZ0ZDTkR2OgJJr4sDsI,click,2026-01-29T10:29:46.004612
5b03158c-bdb2-4bb4-b1ad-3ec34279946a,aeedca81-5b94-4f80-b95d-b3596c11b746,ChIJ8Z_NJZ4DDTkReip6lwx436M,view,2026-01-29T10:29:46.004612
9bdedb92-50da-4a9e-908a-9f0665e4aa48,3ff11692-d469-4c8c-a91e-bf5dc86c1d71,ChIJTcnx04QbDTkRo45mfpW2-bg,view,2026-01-29T11:29:46.004612
97043713-4e92-487e-ad86-bc4faeb310a8,25b120ae-05d7-4db4-97be-65de8c6ce579,ChIJzYWKVtgEDTkREkjqjzN6nas,view,2026-01-29T12:29:46.004612
d028ce20-6068-4360-8285-2c335a1f451d,bb27f4a3-acf5-4fbe-b9e7-ac5430056281,ChIJg6ULUdEjDTkRnQiTUDS_J9s,view,2026-01-29T14:29:46.004612
76637075-6194-4ffd-bd23-155dfd6d3c28,c93d87fb-8e69-48fd-b7fe-3ada0e1ca17c,ChIJQzZSoT0BDTkR37w2w39jxbY,booking,2026-01-29T16:29:46.004612
657588c1-2c8f-4d8e-b3de-516337dae92c,089ad2c3-6ac3-4512-81d3-fb730a543b2b,ChIJ9zJVVgD7DDkRWOQxBwWX3G4,view,2026-01-29T16:29:46.004612
929609cc-ec5d-40b5-8283-0a714af511c3,3a40b1c2-baad-46de-91e3-69eb5211f542,ChIJPZDGPtsYDTkRAw_YJKEwTiE,view,2026-01-29T16:29:46.004612
e082da06-220f-41d4-b381-4c0d6e7d9feb,3b428902-1fa1-4f4b-832a-63e59efc721e,ChIJoxuvkn_hDDkRxd31OthoEt8,view,2026-01-29T18:29:46.004612
464342c3-9c92-4899-b044-a0f282c8a19b,7d372a30-1f32-47f1-a5ae-29f38ce51ae0,ChIJK4VQrrf7DDkRieHJtHdj6j0,click,2026-01-29T19:29:46.004612
d2d00376-c3b8-43f1-b0ec-ffd2a7b0c1be,75da1846-dda2-4389-a5c4-54969fca2036,ChIJed7_0FcFDTkR-gZawBKRXdQ,view,2026-01-29T20:29:46.004612
138c8f92-188b-4f12-b85e-90fa48a4b43e,644ddcbe-3a6c-4c87-9979-76c4f245432b,ChIJLQysRQDhDDkRwKEOpvjvpK8,click,2026-01-29T21:29:46.004612
5a700130-9bf3-4057-bca4-98caedef4584,665e3599-cb6b-4c1d-a10d-1e405f2b6c97,ChIJKYKSWQAZDTkRGfvUj75CLA0,view,2026-01-29T21:29:46.004612
a7dab7ee-7af6-4905-ba33-343911db96a6,d801e23d-c229-4ebc-8261-5eeff8a3e839,ChIJH_Tj8koYDTkRej_8iJE6pUE,click,2026-01-29T21:29:46.004612
4279afe8-5c1e-45b2-ae12-443c9ae3c1c6,dac14e2b-c22b-40ff-98fd-9cd122f25adc,ChIJR1FVbAgiDTkR3NiZViDPc1w,view,2026-01-29T21:29:46.004612
2fffe8fa-e952-46b5-b692-8bfd32039920,1274b034-38fa-494a-92bf-820c21e1d8ae,ChIJt4qyPQAfDTkRBMvujBJs42E,view,2026-01-29T21:29:46.004612
b440c0b8-b96d-493d-a8f6-77476d347796,98e4f59a-5671-44a4-95c3-9fe7f00ace75,ChIJby0WOwAfDTkR6PBzipNl_n8,view,2026-01-29T23:29:46.004612
b88831c7-9834-452c-81b8-24bde08fea81,dbca0a66-9608-436f-8ea5-710f955c0a74,ChIJm0ebk2OpDTkR1k5tqktw8bg,click,2026-01-30T00:29:46.004612
18c64a9b-01cd-47af-b806-f87b67db932e,006181ac-dcd3-4be5-be84-3a780c383e71,ChIJCWY26SAhDTkR1Zlugtx6d1U,view,2026-01-30T00:29:46.004612
80df25c7-e683-41dc-8a1d-af8d397e6ad2,7f31a28a-8a8b-46cc-95f1-2f15e5a87f6c,ChIJFT-i-PoDDTkRrnWEgdqRMJc,view,2026-01-30T00:29:46.004612
5609d366-af62-4081-8da7-6d9e7725e3d9,b44fa2f8-0fca-4063-adad-2925b086ffd4,ChIJSW4lHx7lDDkR2uhhO7q7SH8,click,2026-01-30T01:29:46.004612
4c168a43-4690-4069-b181-7ea384cb004d,aa11e355-39c9-4ce8-9ee4-13608adb3979,ChIJe0aRQU_jDDkRiANhTaAQknI,click,2026-01-30T02:29:46.004612
6509f704-c26d-4fdd-9614-fc488c0c8b77,20065164-876c-4db0-b1e2-47612559208a,ChIJyx6PzRIZDTkR_rpcf2iugfY,booking,2026-01-30T03:29:46.004612
0caec343-afff-41a4-8479-ddbb674d8044,f774a82b-0033-4ac2-bd81-889eb6212c52,ChIJH9rmCoypDTkRE9KvTD1AIoA,click,2026-01-30T03:29:46.004612
8645736c-45cc-4512-894d-d40f8158a9d2,04cc9df0-3d75-4091-84c2-a22195082704,ChIJjU2t8HIBDTkRxUapQdDtARk,booking,2026-01-30T04:29:46.004612
ed1d35e1-9ec2-46c5-ad14-130aa8fda960,501d7b93-7873-4a3e-a801-8c1c2b684e85,ChIJgUNQnjTlDDkR1QhrUG9MRcE,view,2026-01-30T07:29:46.004612
e6fc1c47-c1bc-46b3-ba13-343bb91ddb6b,8d275bb4-94e5-44d4-a506-7ef33dd1aad6,ChIJf7d4Yt36DDkRGKQZ09p4zI0,click,2026-01-30T07:29:46.004612
5bfeb653-882f-45c7-9670-5304df8704cc,9d8fa24e-9ba2-4485-a6e5-5df3ee87e764,ChIJE1CbrsI9DTkRU9JuSU8YpDs,booking,2026-01-30T07:29:46.004612
121aa63e-0e2d-4be5-925f-1e10cb109a61,40e0e959-e6b4-48b9-a8e2-f18df0cf67a6,ChIJH_Tj8koYDTkRej_8iJE6pUE,click,2026-01-30T08:29:46.004612
a847a63e-239c-481c-bbf1-7f8e78aaf1c0,8bf99a39-9f9c-400d-a8dc-af9200c755f2,ChIJLfHmQTf9DDkRvr36v6n2Heg,view,2026-01-30T08:29:46.004612
7b01a8fa-fd51-4812-92dd-ba264c4784c0,04c48e09-7532-4bfa-8622-cf1c105e871b,ChIJG7ishgb9DDkRnIrNWT8PfPM,view,2026-01-30T09:29:46.004612
796e61de-b432-4a09-a566-28f668e6e0fb,33397e6e-13d7-49e1-9503-70a9f4200e71,ChIJ86e0i6sjDTkRzMsqrb9fdGU,view,2026-01-30T09:29:46.004612
b7fba051-950f-45fb-abe3-f2c269181a56,2fd646f2-e520-44d5-91cc-a0c8d5556ccd,ChIJtR4NW0jcDDkRUETZGgY6mIY,view,2026-01-30T09:29:46.004612
cd271e41-6a26-4fce-b26f-2b828f52b9ed,82d92a45-0d99-43de-8933-341bad36565c,ChIJjyeFQCMfDTkRJuuH8AyC5YE,view,2026-01-30T11:29:46.004612
9e3c5e5c-14ac-4a24-94fb-bb46a4f6ce16,f7bdf6e2-f5d0-4b36-9776-2115898d5b5a,ChIJDylpYF8bDTkRrqi1VR5k0CU,booking,2026-01-30T12:29:46.004612
17bf21ec-28fb-49fa-aede-60c8226d0c2e,2fd646f2-e520-44d5-91cc-a0c8d5556ccd,ChIJwdp9bzADDTkRt_4Txb3SJn4,booking,2026-01-30T12:29:46.004612
0f4108a1-b7a6-41e5-b785-a38d0f76fcdc,59e28b8b-ec3b-45e3-ad0a-a6ece3d84656,ChIJyx6PzRIZDTkR_rpcf2iugfY,rating,2026-01-30T12:29:46.004612
db48ed98-9403-426c-845e-e5f173d39dce,fa43185e-8b35-45b0-b06b-ba23cd2be955,ChIJTxZARVUZDTkRpaG7WjvgWiI,view,2026-01-30T13:29:46.004612
40966c52-38e1-4dcd-97fd-725d31cc68ae,e36a7a29-e37f-4ebb-869f-fd6d38fb9c4c,ChIJI-7G1TX9DDkR6Whnu2m6VrM,rating,2026-01-30T14:29:46.004612
e13476af-2363-4e14-be9d-9e3bf60bebe7,82d92a45-0d99-43de-8933-341bad36565c,ChIJAYcyTJ0ZDTkRLMQcp2ZFyMc,click,2026-01-30T15:29:46.004612
7c85e6df-34f6-43bd-9cea-af6e38df794b,cb4ba209-214b-4c3e-9d38-d6e297a60fc4,ChIJpTgCIZobDTkREstZmkWNvdE,view,2026-01-30T16:29:46.004612
3ec00972-ee42-4e5f-8bac-ded17aefa92c,5fc98c67-e5e9-43f6-8188-59f70e55c234,ChIJExG1eyD7DDkRL_OZpZYiyHE,booking,2026-01-30T17:29:46.004612
9e0c8760-fd22-43fe-abb1-51d3f931dcb7,bfa7490c-aaaf-44d1-b7ae-f836f4fd53a2,ChIJveFwKoPhDDkRIqlykGWRMYA,rating,2026-01-30T18:29:46.004612
3acbea98-447b-423c-b79e-451dd78341fd,c9ebadce-3230-44db-85ee-e0a12a580290,ChIJp8uY-tEPDTkRouDrF1aZ94A,view,2026-01-30T19:29:46.004612
f329d50a-4436-49f7-986c-231e3dc69fcd,b93f1c5f-045a-466a-a21b-d2905677cd14,ChIJ8b0cjakbDTkRswKAZj95Mjk,view,2026-01-30T20:29:46.004612
ed0b90cb-ef47-4723-bead-5a4a4a077b92,18926347-9c00-4610-ba3b-b4f0628dfc4b,ChIJmZbL1DwBDTkRTUDCMOLJz6s,click,2026-01-30T20:29:46.004612
3a561ada-1646-494b-b815-797fe83318b2,04cc9df0-3d75-4091-84c2-a22195082704,ChIJp-rZp14LDTkR1a6LE5urPXE,view,2026-01-30T23:29:46.004612
866beb49-f684-4c58-bdae-501263744383,fce67dbf-f65f-4b9c-91e9-0d809f84a9ef,ChIJKYKSWQAZDTkRGfvUj75CLA0,view,2026-01-30T23:29:46.004612
2e71a209-d3d1-48fa-b857-7e95d2055403,03a15616-3687-40ea-8a20-d01b6c4010f7,ChIJg95hFcUaDTkRPEIHxlLFqD0,view,2026-01-31T02:29:46.004612
ed6b5b28-8909-497e-a892-c79229b1e176,b128442f-55eb-4429-83c8-942a0fccd011,ChIJMZRygAijDTkRpnV6jgoMkYA,view,2026-01-31T02:29:46.004612
032a9c8a-801a-45d3-9afc-d3867c4c7aa8,dd07791a-aca9-4b2a-812a-6e394171de8d,ChIJ7aqq-vTkDDkRgQTJLDQBQlA,view,2026-01-31T02:29:46.004612
3b222ad0-e2af-491e-9694-7bcd430679da,9be46000-e50f-41d7-a48e-ba9af941968f,ChIJ7UGbOM8aDTkRyL55gyT-jpg,click,2026-01-31T05:29:46.004612
e963f164-d225-42b2-b8be-98dce5a2fd26,44cefed8-14df-43de-af44-e88ab07652c3,ChIJX4oJPJ0ZDTkRtTXBpkiY5Bs,view,2026-01-31T06:29:46.004612
29ac3851-79cd-4c16-b32a-96342608de0c,f92946ca-6620-4d98-aaf2-fe22830211f2,ChIJSweSUaznDDkRiDsGkG487WY,view,2026-01-31T07:29:46.004612
36ce8fdc-93c2-4832-9f38-cc6b4b6cad62,f92946ca-6620-4d98-aaf2-fe22830211f2,ChIJBWLPRSvfDDkR9hoirJEhMJI,click,2026-01-31T07:29:46.004612
e50e406b-0232-4d5b-b4a8-0a88b3a88545,caab96b4-e8ef-4347-afd0-094ea39488d5,ChIJoe00oYwBDTkR88z2B2LfPpE,booking,2026-01-31T08:29:46.004612
d9df5b4c-988e-4618-a37d-91090325e5db,6b11b2cc-9f94-4c6f-b9de-f595d313ff12,ChIJveR9BhL9DDkRzovn1p9-oZ8,view,2026-01-31T08:29:46.004612
423a328c-863e-4ce9-a6ba-89b8b7d88c7e,8cdcfb8b-2826-48e2-bd78-fe1ab76f2155,ChIJ8SaLJQcbDTkRDummRi-bBts,click,2026-01-31T12:29:46.004612
e9b16e1a-e272-43b1-a515-3b3174e4f34b,76494271-a595-49c7-8fcf-cdbb4ac3c3b9,ChIJ6XGgrjLnDDkRe1YaEUjd_r8,view,2026-01-31T14:29:46.004612
97d27fce-1694-4589-9e6d-f8dd8b81638d,45851b54-9ffa-4405-ab68-681909d82682,ChIJxWQtupobDTkR9JtPxAEP9Dc,view,2026-01-31T16:29:46.004612
785210b4-2571-4423-b030-96c05a2137f6,5796e64c-fe0d-4d3a-850e-56b86cb78e76,ChIJuwDMPGMZDTkRwLNEZhvujiY,view,2026-01-31T16:29:46.004612
c4e7e56d-44a5-4b9c-b257-bccf5b4d43e3,b1bc4a4f-a54d-4dfd-9a38-bbd7d2e0d558,ChIJudcH0C8dDTkRk6QLFST8EMs,click,2026-01-31T18:29:46.004612
8901834e-2452-451b-a9c9-c56bcc58b748,86d28bc0-8971-4188-824b-f6a721bf58a4,ChIJi6djbFgaDTkRSlSm1pL_cEI,click,2026-01-31T18:29:46.004612
2092aef4-0a3d-4c48-86e7-eedf66c7f1d7,cc04bfa6-c90e-4dcc-a3ca-d304f232bc5c,ChIJX7ZyGED9DDkRuBBONr3Eijs,view,2026-01-31T18:29:46.004612
84aade82-48db-4f51-9471-a9385bf8658d,9fd64f36-b44c-465e-a838-768ba5b5d51f,ChIJ8SvdaJsLDTkR_ZJVxtepIE4,view,2026-01-31T19:29:46.004612
a1ec5815-85d8-46b2-8962-20926b6f69d3,7b25bca1-5cf8-4df1-a24f-5c00b397a370,ChIJY6PJh2kcDTkRybb5KBGcqIY,view,2026-01-31T20:29:46.004612
60bff871-f132-4811-b500-620826dda615,bf8ef2c4-1eb7-42ca-8be6-f2bef274044f,ChIJw4-X1Tf5DDkRmtRsLfv7Gco,click,2026-01-31T20:29:46.004612
021417af-0686-4b48-bd9c-6c15535b0440,ec9d8689-eafc-4031-b2bb-9c7ab11601ae,ChIJq6q295cCDTkRHSmPwMHZeCk,booking,2026-01-31T21:29:46.004612
3dd145b9-7d67-46ff-b996-7a5d779c34c3,a2cfe09b-c95d-4df9-be37-98a6eafe1549,ChIJw38BrVMZDTkR5GJOODWBotg,view,2026-01-31T21:29:46.004612
be34a6f4-a0b3-45fe-a3e6-d796cd98cb48,c4b2e08f-17a0-4035-97fd-b2cccb6535d7,ChIJrdT4SiEbDTkRIgX5tj9QnPs,view,2026-01-31T21:29:46.004612
10693274-035c-4682-a099-5c3acf164553,0c409718-3b15-48df-a596-5a8363fbea4a,ChIJiRsZjhfjDDkRh-Hz8soazjI,view,2026-01-31T22:29:46.004612
f702d745-5640-4f17-9ba6-2f4aff036eca,644ddcbe-3a6c-4c87-9979-76c4f245432b,ChIJExG1eyD7DDkRL_OZpZYiyHE,view,2026-01-31T22:29:46.004612
e6d1a384-e23f-4468-89f7-38ed839c5c18,86d28bc0-8971-4188-824b-f6a721bf58a4,ChIJU5k0fwAZDTkRO_rImIrqbtA,view,2026-01-31T22:29:46.004612
b0a94338-8192-4935-abc0-ec4bf979b34f,bed789cf-6df4-4973-b9d8-7134b6c526fb,ChIJbe0Wa9oZDTkR_jLO_rumWio,click,2026-02-01T00:29:46.004612
51dc128e-3ffd-42d9-93ff-1fda424a23e5,4fc25487-3a6c-4534-a98a-c87948cb8300,ChIJ2Q_vUgAhDTkRG9JSfed_m9U,click,2026-02-01T02:29:46.004612
b454c86c-4dc2-4cb8-90fd-16429af51667,49bdfd2e-4f97-41c8-8abd-86cd53b48388,ChIJ-yMuUIAZDTkRLIVVi0UXBZg,view,2026-02-01T02:29:46.004612
ce7f6cee-945f-4355-9d0e-ed0f34b7df38,4d738cf6-50d3-40f8-b83a-922abbe0ec30,ChIJN4KTK28dDTkRrF7WHMUJV3w,view,2026-02-01T02:29:46.004612
808aff23-3523-4462-82c0-e6b7751034c5,d91358cd-b234-405c-a307-8d6755658412,ChIJ5c8bRRP9DDkRI_kpIfCtqB8,click,2026-02-01T03:29:46.004612
a52ca9fb-6693-45d5-9c2f-322ef7d67166,bb9ba807-5b46-42f5-8465-5c97af0f5beb,ChIJ6RTDdCTnDDkRZaKJnxryIMs,click,2026-02-01T03:29:46.004612
b9675fa4-ca4e-4446-8c66-df4b07d91a13,75da1846-dda2-4389-a5c4-54969fca2036,ChIJ3S7zfJ8CDTkRI1ahIlccS5o,view,2026-02-01T06:29:46.004612
04cc857a-b4cc-4cc4-928f-ca86e6090a7b,45166870-9387-4484-b22d-da6ca7e8e9e2,ChIJVbCrbc8jDTkRq4eovlKi9kE,rating,2026-02-01T06:29:46.004612
76dc2bc0-0e57-44aa-8e6b-41a6f77acf63,05f1d6d4-2877-47cb-9725-75bbc4956be0,ChIJ3wz0KwfiDDkRjHFWQTiSUNA,view,2026-02-01T09:29:46.004612
8c78e37c-b35c-42dd-a76e-88641d56ca72,fc6588c1-dacf-4c0f-bbbb-a17492c3e29c,ChIJq5SJS2YfDTkRQUWOxyoaoOE,click,2026-02-01T10:29:46.004612
9ef49da4-1f82-4f86-ac98-00782c1d4a67,b8fcf47c-4bb1-4462-855b-b29e2dbb8968,ChIJ_____1DcDDkRKENDYcDWJ98,view,2026-02-01T11:29:46.004612
07ac11ba-7558-4722-b13e-69a80d2f4760,2a2a8f2c-ddf2-496a-b7dd-03d2d93bf249,ChIJEct2-vnbDDkREpc6nVEm_CM,view,2026-02-01T11:29:46.004612
140021ad-c895-48af-a967-8a4e576a61ce,49b2edb8-ec6d-43a5-ae9a-dbfb71df90d5,ChIJFWRRdg0ZDTkRcAYp_1949Kg,view,2026-02-01T15:29:46.004612
9df98098-29f8-49ea-8819-89e5da999ba2,a30f1759-b906-4a04-ac21-fbfffd8022ec,ChIJMw_YsOX7DDkRIA-FtYIrL60,view,2026-02-01T16:29:46.004612
867ade32-7710-4171-8e9b-987758b256e5,67b9adee-57d3-4bcc-a9b0-422b875c4050,ChIJBXnLrFvhDDkRAiQRIACRglQ,view,2026-02-01T16:29:46.004612
b3143254-3832-435f-b8b6-2e60c60a6d95,f1951d22-67a0-41cf-88b4-fca26b5a0ad8,ChIJNctazSv_DDkRSNHmM1PkiAA,view,2026-02-01T17:29:46.004612
d6c3456b-e101-4a83-9fce-fe8693569619,9a263236-afcb-403e-8655-3a6f6ecb858a,ChIJU3oKZUD9DDkRkIDqiY8COb0,booking,2026-02-01T18:29:46.004612
3e227ef1-fd3a-4c83-a0c6-e7dd06088677,2dd93f15-9a8f-45ed-87dc-a5093eecd56a,ChIJWxj8Q9_7DDkRST6AVsW1Emg,view,2026-02-01T19:29:46.004612
8992801e-a328-482d-bbc0-d8d96596a8e1,1985a14e-3658-436a-9fa0-f2e01a645c6f,ChIJW9pNqsgFDTkRuLtIJdxTt7I,view,2026-02-01T20:29:46.004612
d3145510-c4d2-4890-8202-f10adbaed6a3,3ff11692-d469-4c8c-a91e-bf5dc86c1d71,ChIJWUK7TDoZDTkRdp-9-g52j1k,view,2026-02-01T20:29:46.004612
a9f4f415-62fd-4d9d-8c28-da1bb45220ed,dd07791a-aca9-4b2a-812a-6e394171de8d,ChIJNQbCLoPhDDkRFI2nnt7W9qE,view,2026-02-01T20:29:46.004612
15e08d11-e648-4c4a-b909-97a50aefee6a,4f6b2cdd-7c5e-42e9-a615-b9d0e094dd29,ChIJkTyoKUkVDTkR8L5-ZWny4t8,view,2026-02-01T20:29:46.004612
be535f7b-01d1-4c7a-800c-93f114aabc08,665e3599-cb6b-4c1d-a10d-1e405f2b6c97,ChIJBzhabYMFDTkRwDDnvz1r_Ms,click,2026-02-01T22:29:46.004612
66149c6d-9af6-4aad-839b-d87e652a13fb,73d1f3ba-ad8f-4898-81b9-f6c5929fcc4a,ChIJP8qaCJ_iDDkR0vVkDdWGYSU,view,2026-02-01T22:29:46.004612
6cf92917-1a8e-4b99-98c0-f366cf6967d7,49b2df49-3f31-4516-8625-94cad41afb7b,ChIJdaJqbSgdDTkRiKTTCgl1KSk,click,2026-02-02T02:29:46.004612
9ae6bda1-8409-416a-b8e4-259e97bca80c,95c51aa1-e6ce-4852-a42e-f3569b27a779,ChIJr8efdIv7DDkRnYHKsoANzwQ,view,2026-02-02T02:29:46.004612
a6ee7247-9f58-4569-8901-78a8d7dedba4,b0646bb4-2e4d-4bb0-84c0-1e4362d49fe0,ChIJm8VGkugYDTkRs--928cKH1s,view,2026-02-02T03:29:46.004612
ed2c38c7-0877-4582-aadb-b96af7c8ac89,7862ba6c-1e87-4810-ac29-1ecdedc490ac,ChIJ2Se7D0AZDTkRswVVBRehoeE,view,2026-02-02T04:29:46.004612
b335613c-4ecf-4a43-b296-26b95716c23e,242eaaec-3cbd-4c88-ad5b-70f7c5eb03a4,ChIJ148ArrIHDTkRLtH_2Sfx9TM,booking,2026-02-02T04:29:46.004612
5cd2a6a2-c4a0-4128-9a62-9a4fc92f1ca6,7f31a28a-8a8b-46cc-95f1-2f15e5a87f6c,ChIJ968tGgojDTkRObaW2xZSuXs,view,2026-02-02T04:29:46.004612
922b92bf-6d8b-42b7-825b-1a7392021576,8607d01f-4afb-46aa-83cb-03047e38a8ee,ChIJO-kFgCXjDDkRp0o0QV0kfuQ,click,2026-02-02T05:29:46.004612
f943cf12-b689-4421-b00c-ad184a89f7f1,6edb4a6d-c6d9-42fe-8f07-3f162343fa8c,ChIJcesj01GrDTkRrImwlYYttpM,view,2026-02-02T05:29:46.004612
ad739479-e739-49bf-8577-d989b1e59b64,a554eb05-1b5b-4f27-9dad-f6cc82a824cd,ChIJda6QOks8DTkRSYPBnAZZFs8,view,2026-02-02T07:29:46.004612
31646e62-267b-4c23-8f39-8b95d0e7472a,3741b114-83ef-4fdb-ad4c-b47eed63e977,ChIJrcVbzE3fDDkR0ONLilZcnO0,view,2026-02-02T07:29:46.004612
044a08c1-8121-4b04-a49f-1a79664dc7ec,ddad8abc-1036-442d-a7df-508178783d21,ChIJF7LqehsbDTkR6XzlZaqz00s,view,2026-02-02T09:29:46.004612
407040ab-760a-4889-a8e2-5bf04f14fa6c,b60e1ae9-9bbe-4fe3-b307-8ee22b9be2e8,ChIJCbfAqZ4CDTkRb3axkMEgrnw,view,2026-02-02T10:29:46.004612
e6c2fbec-7527-44cd-8f2b-d53d812b1188,2fa7abcb-5b57-43dd-8df8-d6119015d2d2,ChIJw8MNqtEYDTkR-YsYLWK7GI4,click,2026-02-02T11:29:46.004612
d98a086d-6ab4-4ce5-b067-f3855e554167,aef9db74-8ed6-414b-b575-d026e1a757f7,ChIJ__9Cj5v9DDkRsjHV7byyVaw,view,2026-02-02T11:29:46.004612
a0209ba4-23d5-4c6f-8235-dc8bd8400454,6a174ce0-a131-498a-a7b3-8118ef201107,ChIJUQ3mbVndDDkRlkR4HMW7AVA,view,2026-02-02T11:29:46.004612
2ea9b4cf-8378-4ffd-8681-6b862faaf608,b1bc4a4f-a54d-4dfd-9a38-bbd7d2e0d558,ChIJj1OudT0CDTkRtj84wg-cCE8,view,2026-02-02T12:29:46.004612
2c34e764-89e5-4fcd-9c1d-f03ac28c24b3,20a3b51e-0c43-41c0-8993-bab69b7ad66b,ChIJZVHCl2ocDTkR4FUy2t2OM2c,view,2026-02-02T12:29:46.004612
b00be19c-cfd2-45ef-b877-81a656f67993,aac09aeb-fa74-4654-b63e-ad5dd38d7863,ChIJ____v1M8DTkRORbMFsPZdfY,click,2026-02-02T13:29:46.004612
4e759672-c2dc-430f-bdc3-331df4a88bc7,24f94256-cfb0-4089-81aa-5730704504ef,ChIJcesj01GrDTkRrImwlYYttpM,view,2026-02-02T14:29:46.004612
3d0f2bd7-f110-4d40-a4af-58e8df6c4e98,217befaa-a458-450a-8c24-12aadb4c1f66,ChIJdXj1neQBDTkRe6C6ogZuxoU,click,2026-02-02T16:29:46.004612
ce2ae47e-bfb9-43c9-84e7-bdfdb9950bb1,9b8b2cdf-b647-436c-bfa1-08291768ca1c,ChIJ-yw3PGIbDTkRXAfYWuFspOY,view,2026-02-02T18:29:46.004612
5908c85f-446d-4a30-9d84-4666c8ad33a6,6f2154b1-c2c9-4669-b941-b2cb97c01852,ChIJB3eNuar9DDkRdLXjKjlGuaE,click,2026-02-02T18:29:46.004612
afb865ff-e1d2-4c14-9317-e78db98d0a71,bf4a6286-f6db-40cb-9bcc-9a1a9f09f2a0,ChIJcfXKPeH5DDkRNcE1fMUKtKY,view,2026-02-02T18:29:46.004612
d63b43ec-ec73-4984-b244-331e56560722,6dcfb609-2ce5-4bdb-87fc-08118fcee7e6,ChIJtzXjyKv8DDkRasu5QY9A85k,view,2026-02-02T19:29:46.004612
7672abaf-d3bf-4e9a-9289-eb3fac025e02,f90c6e05-6022-434d-87ad-87731a11c6e9,ChIJ32Vw6zEVDTkRjhdgrT9Hq_Y,view,2026-02-02T19:29:46.004612
ac3eedf1-411b-429b-9b21-018200c409e8,39b76144-566c-4959-8bff-c3994d5d34bf,ChIJt7Z0krEVDTkRQK6XaPH4h6I,view,2026-02-02T19:29:46.004612
5f67c9b4-7b87-4261-a81c-544ab8501246,d80e9afb-ddc2-46b9-8b07-1483fcd71a37,ChIJ9z9RjKzjDDkRkqMhtJ2HBNM,click,2026-02-02T20:29:46.004612
dfdcfb4b-d2a3-4d8b-aab7-6e0956dacab0,975eb39c-d011-4576-8de1-db559ddf4e91,ChIJtR6Xc-8HDTkRAo-EkgV3FkA,click,2026-02-02T20:29:46.004612
3b4d1a30-bd71-4a50-a09d-7cb97a460991,30249500-e4fa-4c09-bfa4-c65e17b79175,ChIJG6OlprbnDDkRU-OAWAxCg60,click,2026-02-02T21:29:46.004612
b770b555-7003-4b95-806d-cbae001b74d8,9be46000-e50f-41d7-a48e-ba9af941968f,ChIJ_2COEUEcDTkRRyJOt032yac,view,2026-02-03T00:29:46.004612
6b13bcce-ff67-4de5-9862-7a434c617c9b,455c5038-f0da-4351-8e44-5c698fbb3cd4,ChIJ8RAL_OL_DDkRfkpERnh9Ujo,view,2026-02-03T01:29:46.004612
d3d75f93-6c16-493c-a326-3e76e2785c4b,380668ac-3826-4240-8bc5-84eac5c2d421,ChIJoVz4DZ2lDTkR10wvXvxoI6U,view,2026-02-03T02:29:46.004612
70e4e411-6ca1-412f-9127-90ada5e6c466,57e8dcaa-fdaa-4def-936e-0b4021b78ee7,ChIJqUMw8V0DDTkRcqy-cZvfVvY,view,2026-02-03T02:29:46.004612
a8c7f239-8521-486b-a326-55f4707b7155,9541d020-4717-4348-8140-c9dbc6ac086d,ChIJW5do3zkFDTkR4EgaTWFczG0,view,2026-02-03T04:29:46.004612
f9841d1d-47fd-49a9-8e24-f97a3f381894,13681eb3-7b25-44f1-b853-5b46921740de,ChIJ_XGJiqsVDTkRsDGzPDq1p6Q,view,2026-02-03T04:29:46.004612
ff70701f-52ae-4ced-ab6a-b55a992b969f,1168582a-a016-437c-a4ff-15850825f071,ChIJY_EghyX7DDkRdLZUY8bAyvg,click,2026-02-03T05:29:46.004612
105942ed-ad4f-4848-acd7-f10c2a33e4d7,3a40b1c2-baad-46de-91e3-69eb5211f542,ChIJ32Vw6zEVDTkRjhdgrT9Hq_Y,click,2026-02-03T06:29:46.004612
96ba08b0-8dc9-457b-84d7-34e34c61df83,230a24ea-89f9-4b74-a54c-d9696059eb93,ChIJlSDVKPIbDTkRFxNNJseitTI,click,2026-02-03T06:29:46.004612
091e52ea-fa6c-4db0-9013-cf0a1875da53,a2cfe09b-c95d-4df9-be37-98a6eafe1549,ChIJDVaYpxcFDTkRC2JgbXYnzpA,click,2026-02-03T06:29:46.004612
5493e1ec-c29b-410c-92ce-229bddc61611,2fea94f5-b851-4055-87f9-efbe34d5c731,ChIJrdHmZoQZDTkRmwGZkcfPj4Y,view,2026-02-03T07:29:46.004612
f8a8b625-8493-4b55-829d-bccd5387dc72,3015c9b6-5899-4199-bf11-0dce85a55a7f,ChIJI69JKUfcDDkRXn3xNhvAIp8,view,2026-02-03T07:29:46.004612
4282217b-841a-4164-b8b7-6fcc47fac8fa,d1ccba7e-1334-446e-886c-120e0eb88e73,ChIJtR4NW0jcDDkRUETZGgY6mIY,view,2026-02-03T09:29:46.004612
432eae35-ac09-48d0-97e4-9a61ca58eb49,ee112730-a254-4747-ac9b-4cd3bcbf885e,ChIJVVVVVWj9DDkRiPICBGicnJk,view,2026-02-03T09:29:46.004612
ea08cb6c-ba08-4da1-b218-dc2c478f30db,82703928-e288-4c52-85cb-7d60ddd1bf9a,ChIJu8LlD5oGDTkRwBIgoNVPNuU,view,2026-02-03T10:29:46.004612
1e7b9a15-f44f-4bfc-ad3f-af2614a44d09,251badb0-9163-4023-a6d4-218019fbada7,ChIJKxVFie8CDTkRIgB2qqYMcOs,view,2026-02-03T11:29:46.004612
46eef042-5115-467e-bab2-15d01660cf68,1a966a46-37e5-4402-8172-7fe4c1d1a78c,ChIJg4R_9YMFDTkRyOFMO5N_XAk,click,2026-02-03T11:29:46.004612
05286d63-a116-4a1f-8990-cdfffb489c9f,f6bca5e6-d93f-4742-9d35-8b9c2d6ae349,ChIJI6js6jjjDDkRfSHTcQtq7WQ,rating,2026-02-03T11:29:46.004612
423d79db-6d70-4dd0-9720-58f62d0b926e,ddad8abc-1036-442d-a7df-508178783d21,ChIJby0WOwAfDTkR6PBzipNl_n8,view,2026-02-03T12:29:46.004612
db11935c-cb95-4e77-b503-a363dfb1e396,b8c90cfd-7490-43bd-912f-128c7b0f4647,ChIJu2YFVjb9DDkR0KTtXpZwXtA,view,2026-02-03T13:29:46.004612
e7c196aa-bf33-4dce-9316-8334a8414bf1,67e6daba-b5fb-4298-a055-22ac933c8ab2,ChIJFY7fg1cZDTkRPMAAI0HUMwA,click,2026-02-03T18:29:46.004612
e71e15dc-123a-467c-ab8d-e1539851582d,7f31a28a-8a8b-46cc-95f1-2f15e5a87f6c,ChIJFY7fg1cZDTkRPMAAI0HUMwA,view,2026-02-03T19:29:46.004612
29f3a0e2-67e4-4777-af81-e1f073cd4a25,9291da7d-ec80-4d1c-a640-2394346f1f5f,ChIJbRm2nIndDDkRSBeUA2LGd1I,rating,2026-02-03T19:29:46.004612
629b0bb4-c434-4a94-8ace-84bd2be8c8bf,7c71e93f-0a3e-4d1d-817b-1c0c1870c296,ChIJ8Z_NJZ4DDTkReip6lwx436M,click,2026-02-03T21:29:46.004612
a03e4c32-4f4d-4db1-9dea-8f9f0d16f525,9d0d6a27-7f27-4d93-8c47-818ba00fe46f,ChIJhbQ2bW8ZDTkRgB6pJDAyXXc,view,2026-02-03T21:29:46.004612
77aff5d8-c48a-4c87-9c57-50f5d1597905,565135ed-0dc7-44c1-94ec-6e217b95e3e7,ChIJp8uY-tEPDTkRouDrF1aZ94A,view,2026-02-03T22:29:46.004612
f3c49619-2f7f-43f0-a0ed-4b71d10ff594,87c95bcd-459b-421b-ad97-669d5aea864a,ChIJ3a9ngjLfDDkRSKpG4qiY0Uc,view,2026-02-03T22:29:46.004612
f3f8b9b7-473f-4b88-8e93-0d0a11d9d5aa,59e28b8b-ec3b-45e3-ad0a-a6ece3d84656,ChIJ6VKu20AFDTkR0gckv0FCS3M,booking,2026-02-03T23:29:46.004612
f03e51f5-2152-4712-ab61-b1ba1e9304b6,7c71e93f-0a3e-4d1d-817b-1c0c1870c296,ChIJYY9nHyf9DDkRjAdngMvn48Q,click,2026-02-03T23:29:46.004612
197c3891-bada-458b-8478-6858d0fba95d,3b030995-f450-4070-abce-89f1ee8fd2ec,ChIJuYjlFNPjDDkRq-G603kqdxU,booking,2026-02-04T00:29:46.004612
f81be47a-e998-4b94-8b51-001009952072,0da216f8-05a2-465e-9b7f-9d4924cd4baf,ChIJw1-SozIZDTkRl1rQPEknUFw,view,2026-02-04T02:29:46.004612
fb625e7c-efe5-4346-9ffe-48c1f8fc0c36,679828ac-25ef-47d0-b116-ef9f689c8e4e,ChIJjeWqzSkdDTkRlyfZf8SJ0X0,booking,2026-02-04T02:29:46.004612
10e8789a-b52e-4652-9c99-d2ae076393a4,c4b2e08f-17a0-4035-97fd-b2cccb6535d7,ChIJ6UcYhSEeDTkR6E7j3U9cv-0,click,2026-02-04T04:29:46.004612
20fdecd6-7e29-4f42-a45a-8a89a3c5ccdf,aab10c81-0332-41a7-9c80-c13a075e121f,ChIJD17xGwccDTkR56renr5AHfM,view,2026-02-04T04:29:46.004612
32ad3b18-a389-4705-afab-9ee286fbbe7c,8cdcfb8b-2826-48e2-bd78-fe1ab76f2155,ChIJb0ZxgdSpDTkRliL_cFrDh4Q,booking,2026-02-04T05:29:46.004612
97f3e45a-f674-4f1a-af72-e0c8c4cf4116,3ebd9cac-43d4-411e-8233-c1dc7596d78e,ChIJKfbCnXodDTkRoHUFJ9xu2HQ,view,2026-02-04T06:29:46.004612
03d94376-049b-40a5-ab37-f310ca7d745e,fadb7e18-8707-44c6-a92c-258234df3d06,ChIJCfft_zQZDTkR-d687pw4YUI,view,2026-02-04T06:29:46.004612
22d1bbe9-062e-438d-8b36-699145c1fb6d,48a54767-0408-4189-9a47-6a810b2227e1,ChIJG6OlprbnDDkRU-OAWAxCg60,rating,2026-02-04T06:29:46.004612
4576ed66-014e-4ed7-b6b0-f7f8a1297645,9d8bd99c-42c0-42ec-a794-1d8f96692b09,ChIJLfHmQTf9DDkRvr36v6n2Heg,click,2026-02-04T08:29:46.004612
2559d0de-7dd1-46f5-804e-7686b0295457,caab4413-f522-45f3-922c-28d705578a11,ChIJl_0cXHwZDTkRFz_CkZcrn-I,booking,2026-02-04T09:29:46.004612
69ee86df-2d6a-41e1-8124-8c0539a670f0,f4cda6fe-eeda-424e-9053-2afe299ddd5b,ChIJ_b5_2h8XDTkRH-3grjWSpsI,click,2026-02-04T11:29:46.004612
6ab236b0-784b-46f9-9fe7-50943e0fd3ca,b602ad38-cc4b-46ca-897b-b91ecf1c889f,ChIJ76JImg0dDTkRVUXq0b3XW0A,click,2026-02-04T13:29:46.004612
564640a5-c622-4ee8-88ae-c057b3e0868b,c131bea0-1936-4c45-9c96-2241d812f287,ChIJH_Tj8koYDTkRej_8iJE6pUE,click,2026-02-04T13:29:46.004612
2588886b-1c5f-4201-9797-c73f5edeace8,7d372a30-1f32-47f1-a5ae-29f38ce51ae0,ChIJixXicdkPDTkR2UeugUm5oMQ,click,2026-02-04T14:29:46.004612
32d4f600-7207-4e65-bb6c-daa746f9a1e6,01d97da9-9450-46d0-9d48-4d63b6ee1037,ChIJ5RjjCirlDDkR5wrzax-BZEs,view,2026-02-04T15:29:46.004612
aedb3ec5-796e-4012-b162-f4b466d12196,04cc9df0-3d75-4091-84c2-a22195082704,ChIJH_Tj8koYDTkRej_8iJE6pUE,view,2026-02-04T16:29:46.004612
8fc5d76f-f8c4-4642-96c4-fca3466cf9cd,d29e6b85-cdf9-462f-8815-6dfeff9a152f,ChIJtzflUNEhDTkRCosTp3T0fO8,click,2026-02-04T16:29:46.004612
49f802be-033b-4ba5-9c09-5bfa7f2b056e,6b11b2cc-9f94-4c6f-b9de-f595d313ff12,ChIJa6yw1-AZDTkRqNKlmkNQJ_I,booking,2026-02-04T16:29:46.004612
525ec7fb-05be-45de-b7ca-b4ccb227877d,fc6588c1-dacf-4c0f-bbbb-a17492c3e29c,ChIJuwDMPGMZDTkRwLNEZhvujiY,view,2026-02-04T17:29:46.004612
ee375e7b-4e48-4e12-b262-e86f4f36ffce,948ee998-a734-4e61-86e6-d0f2bbe92cb1,ChIJey3atz_cDDkRzaFat-06_cg,view,2026-02-04T19:29:46.004612
1c676561-04ce-47ad-8bbb-db29e93dea57,e79fc8eb-d34c-4eba-9f82-3f875c8cef74,ChIJGY6rtYz9DDkROGiBI6lGJI4,view,2026-02-04T19:29:46.004612
3bfd5d61-fec4-40ef-9972-ece5b143befa,fdb7ca70-b5a5-48af-9880-77e833de17bd,ChIJl6486XvhDDkR4B-ArwFX0Ak,booking,2026-02-04T19:29:46.004612
c3050f81-64e3-4aeb-99bc-4172bde32878,db757573-d418-4493-aeaf-4a5ea11c09ab,ChIJu32QGTP_DDkRokwZ4k-ZmZ8,click,2026-02-04T21:29:46.004612
7e2b0746-f93d-43ee-9878-08615019cc32,efd72ece-80e7-4e54-bde7-7b22ec0a290b,ChIJ22pMGCUbDTkRB0hRdA_VG8k,booking,2026-02-04T23:29:46.004612
9930af6b-50bc-4b55-847c-d7f3a0bbbda9,7f29a7e8-29b8-4038-bc46-8a33d2e3a8c9,ChIJh2pGUIICDTkRZPwKRwgklls,view,2026-02-05T01:29:46.004612
bf85337b-9739-4eb0-be08-ade1e2bbbdc8,3f55c1d1-863f-4034-b86b-c80b78ac8f54,ChIJgfLBXRgeDTkRlsDBRnel4Ws,view,2026-02-05T03:29:46.004612
2ce7cc17-9f11-4400-bcb0-2698e0b10dc1,04c48e09-7532-4bfa-8622-cf1c105e871b,ChIJBz-A1bT9DDkRyCwXhKz5ZC8,click,2026-02-05T03:29:46.004612
90d5fbb8-8286-4fd1-9660-12e78e41133c,309a3e0f-e49c-4ecc-b251-e14eb1752d8a,ChIJ97ryQcUaDTkRMRQ3U8RDauM,view,2026-02-05T04:29:46.004612
033a3fb0-8b79-4a6b-a882-73a26efcecd2,bded2630-13b7-4983-996d-dfe536cc25e8,ChIJQXI7f_gHDTkRunuuBt6reZg,view,2026-02-05T04:29:46.004612
57ff60e8-a4ce-4d78-a1c2-03b8b2d9f65e,db457081-4cae-4dce-9ccc-f0545849532e,ChIJR5pu8ZwVDTkRx681RQEg5Bk,booking,2026-02-05T06:29:46.004612
c93a5f1c-d771-4111-a0ac-b498a4abd958,a9f2b8e4-5587-4cb2-9cf6-444ee1d94e8d,ChIJj8YORkcFDTkR94RXl2cn8tE,view,2026-02-05T06:29:46.004612
e0e0c937-4522-44bd-a1e0-5f7c36bd7cc2,454fa168-4941-434c-a50d-28b215c69bf1,ChIJbQ74MQkiDTkRYja2Bqk2fsE,rating,2026-02-05T08:29:46.004612
94fddad0-b66e-4229-9a88-451a59608f31,db7cb10c-7a2c-43e6-a261-591ad5984a61,ChIJO-1YhaoBDTkRSjyr7WIIzG4,click,2026-02-05T10:29:46.004612
c3af6f4c-3627-4a57-b376-e1895520138c,2434643d-e449-4434-baf0-1a56659c1297,ChIJZazyR6vdDDkReF4YzZwjGLw,view,2026-02-05T11:29:46.004612
56f28a38-a1c1-41bf-8fc1-467bd3d9f40f,c74fef9b-4167-4893-8d8c-aa5a673376a4,ChIJ13uwGBMBDTkREGuDRst9C8s,view,2026-02-05T13:29:46.004612
931ad064-6d65-451e-9b84-3371b1599029,69f96058-9730-4fb9-9a17-3410bbd202c9,ChIJtQuDZvIZDTkRoGzaPPVdMss,view,2026-02-05T14:29:46.004612
405a641f-27ad-4b94-89fc-e0cf8ce568bc,f92946ca-6620-4d98-aaf2-fe22830211f2,ChIJPWBpSw0MDTkRIJprdOzTE0U,click,2026-02-05T14:29:46.004612
3b2a7408-1840-4eb5-a1c4-1631024377d5,b602ad38-cc4b-46ca-897b-b91ecf1c889f,ChIJCfft_zQZDTkR-d687pw4YUI,booking,2026-02-05T15:29:46.004612
310715f7-98aa-4532-9f4d-7432b89e4ccd,a4242dbd-9983-4afb-a44f-2f856be11ace,ChIJV5-5zT8ZDTkRZVbc0L1G0SU,rating,2026-02-05T16:29:46.004612
5936c906-1cd6-4d02-a7a5-96c8177a1d11,96ffebd7-5dbe-4467-9460-c36ae73f330f,ChIJSdUxIfqpDTkRb6Y2Nt719Gs,click,2026-02-05T17:29:46.004612
6a383ab4-d477-4009-ba14-84c6d91e1704,f4445df4-8aa1-46d1-ba98-281e62da5701,ChIJed7uWW4jDTkRqkxrKc2dId0,click,2026-02-05T18:29:46.004612
d710fa62-f678-48c1-8d19-fc79bb3cada5,26b70735-b82d-4c89-9334-8cd9716109e6,ChIJl0LO2F_dDDkRdoKJO5-Xlpw,click,2026-02-05T18:29:46.004612
815554f2-e751-46de-85a3-3dd8b43c8e4c,b57da618-a9b5-4630-9880-8c79827b243b,ChIJ2UWUkp4HDTkRBo8KrLlPKjU,booking,2026-02-05T19:29:46.004612
1bab0a9a-d6b4-4272-b359-8e609eb588c0,7352c669-5481-460d-b466-9c9d080ca607,ChIJ7bfQAnIcDTkR6QuFSvjr3e4,click,2026-02-05T19:29:46.004612
0cdcebf3-4875-4b88-a13f-cc4841705542,b06db2c7-0962-44a2-9e2e-0c20ed116e97,ChIJi6ULd0sDDTkRFFLZ17omh6Y,click,2026-02-05T19:29:46.004612
4ccb6967-f3ed-4af5-b559-5f7e616e4ee7,51d092dd-3846-4d2f-8b35-b21be88ff3f2,ChIJqYTSZjIbDTkRQ_rOS4SGZQY,view,2026-02-05T19:29:46.004612
ca20f825-7537-4033-b351-e0f8c4e77262,7779069e-c5ed-4221-b334-a4a5bccb349a,ChIJ2-xcczADDTkR_bBvOkfwe2M,rating,2026-02-05T19:29:46.004612
0e11599b-32f8-4192-9333-40c6ea78f531,501d7b93-7873-4a3e-a801-8c1c2b684e85,ChIJqdWdI88jDTkRl5jezmWbhyo,view,2026-02-05T21:29:46.004612
f1d8f3cb-b486-4332-8914-0db8499d8772,c756df7e-3e15-432b-9cb9-f1f09f2e12ce,ChIJTyMFBar8DDkRR_cmTPi5jkw,view,2026-02-05T23:29:46.004612
a0b3a9dd-7540-4245-9de0-c0f3d6bfa6eb,37de0f28-7a43-47a2-9d90-c2de45afbe17,ChIJZfR22t4DDTkRGeZis44ky1o,view,2026-02-05T23:29:46.004612
aae41edf-2788-45cf-8bce-eb101132e90a,83ffdadc-58d1-4474-a5d5-e61a9f6dd60c,ChIJQQAAUALkDDkRPlvxqRwJGJo,click,2026-02-05T23:29:46.004612
c0fa3f33-8ccc-413b-9d0e-c9b04d885752,2c0c18c4-b0f1-44e3-a7bc-9b9d8a191886,ChIJa6yw1-AZDTkRqNKlmkNQJ_I,view,2026-02-05T23:29:46.004612
a03ef25b-a04f-41ef-b534-e9ec1f893d94,cd0e6e81-4106-4013-b7c0-e32e581c44c4,ChIJTeJUmFIeDTkRFeI22keK9so,view,2026-02-06T00:29:46.004612
bd6d35d5-1793-4a60-93c6-7ca3e0fadb28,03c6f2e7-c9cd-4768-94d6-a9ec4429752f,ChIJAaXhBdofDTkRjJVX_cRNLSQ,booking,2026-02-06T01:29:46.004612
99f064bc-8fa3-4edd-80bd-756e2547ddc4,82d92a45-0d99-43de-8933-341bad36565c,ChIJqUMw8V0DDTkRcqy-cZvfVvY,view,2026-02-06T01:29:46.004612
ee76eb04-5f54-409d-a254-218a6447ec12,f056007d-a5bb-4c58-aef7-4517575f8292,ChIJqe1N890ZDTkRmmIYeR-jjV8,view,2026-02-06T02:29:46.004612
ccc578ca-4707-4d0b-a6cd-eea7f5f15b6b,f7b4c86d-3e91-48e0-a4c4-aa93d7561142,ChIJKd2x_m37DDkR7eEb4D5R3GM,view,2026-02-06T03:29:46.004612
6437e34e-af01-489f-8384-37072704cb00,67364aa1-8d07-45f5-941f-31b64963f318,ChIJY2tQYgD7DDkRiK5qtxTSXfk,click,2026-02-06T04:29:46.004612
c49c3da2-7bd0-4b6d-8ef5-db0e65362cec,a0803a68-464d-49f2-aa0c-09fd2759c982,ChIJ5zP56pMfDTkR4iADY4sOufg,view,2026-02-06T04:29:46.004612
67cf7867-269a-4fc3-85a9-b231c9e2ea5c,aeb166fd-c454-43a4-be17-eefd82ad126a,ChIJBevGfo4ZDTkRVZgGThgWOhM,view,2026-02-06T05:29:46.004612
d57d16a8-624b-4b81-9913-4a0923902351,96ffebd7-5dbe-4467-9460-c36ae73f330f,ChIJHyjs3C_dDDkRyM4BTCNh7Sw,booking,2026-02-06T09:29:46.004612
bc7185bf-31ca-4074-b29b-685cdad94d1a,18926347-9c00-4610-ba3b-b4f0628dfc4b,ChIJWdjKacEZDTkRJ9Sdiz-wiEo,view,2026-02-06T09:29:46.004612
4b62da78-54e9-4371-99c7-37d0c62a512b,727def27-1002-43f4-adf8-95427b0d04c6,ChIJH_Tj8koYDTkRej_8iJE6pUE,click,2026-02-06T11:29:46.004612
0e36d451-3f91-452e-9d69-b295cf3be50c,3c9d6a37-dfc1-4aa0-a1c0-ce6a5f7eeb6f,ChIJz6cFNNcDDTkR2sR2snMfXUM,view,2026-02-06T11:29:46.004612
b6ad7218-5941-4e39-85fb-37a96d70c65e,273f4f11-eeb9-481e-bedd-70af1db321b3,ChIJtR6Xc-8HDTkRAo-EkgV3FkA,click,2026-02-06T11:29:46.004612
839ee0fc-77b4-495b-908b-55cf807826dc,b02a8ef4-0dc1-4e3e-b34b-71430b2f044f,ChIJaV7NaqEPDTkRd7n9IfLtJik,booking,2026-02-06T13:29:46.004612
9e115903-1aaf-4096-a123-08a6a31f87c1,fb5bd947-522c-4a43-9cd2-6a4e1e3d39f8,ChIJdXj1neQBDTkRe6C6ogZuxoU,view,2026-02-06T13:29:46.004612
4fb7ac71-05f3-4fa4-87dc-8d8aead21bf2,4f3d83ab-aa51-4189-8bac-c0b0795541f7,ChIJAx_1cQAjDTkRyUfJqOJ0uhw,click,2026-02-06T14:29:46.004612
5a894ece-0e2a-4c16-9018-eb8323191693,db757573-d418-4493-aeaf-4a5ea11c09ab,ChIJSdIsddsbDTkRV8hWeRdlXpg,view,2026-02-06T14:29:46.004612
d5cb0d8e-7c7e-42f6-a8bb-c4eee1bd2807,b0646bb4-2e4d-4bb0-84c0-1e4362d49fe0,ChIJAw2759jjDDkReqlGzFG1rN8,view,2026-02-06T14:29:46.004612
6dafe63b-c213-4d4e-ab94-868dbba3db33,76494271-a595-49c7-8fcf-cdbb4ac3c3b9,ChIJk1V_b6MdDTkREBke9zUcepg,view,2026-02-06T16:29:46.004612
ea0370ff-1753-4911-a3c0-28b2caa3e176,63202cd2-4df1-414e-90d4-f3548eec0853,ChIJU1FwGXDeDDkRzzTKRRRe3EY,view,2026-02-06T16:29:46.004612
01e704d9-8583-40b4-b6d9-81290390d87e,4a9b5a31-30cb-4210-8cf6-0068f510758b,ChIJDYSnz5QBDTkRX_zVDWiJhWI,view,2026-02-06T17:29:46.004612
93df884f-b016-4365-8b47-5f9e53bb6857,6a174ce0-a131-498a-a7b3-8118ef201107,ChIJa2KZCt77DDkRKDW7Yi-oHV0,click,2026-02-06T17:29:46.004612
75f914f6-355c-4ebb-82bd-1b3c0e9f4710,6f5cee92-8e7c-4c1c-9d8c-411e6f4f82bd,ChIJcyCyFDgBDTkRlbnFt0ewlWQ,view,2026-02-06T18:29:46.004612
e523a664-5b91-4b05-b04a-9d1722ec939e,2fae13cb-f7a9-4b09-923d-f2e6f812a3cc,ChIJKfbCnXodDTkRoHUFJ9xu2HQ,view,2026-02-06T19:29:46.004612
96920aa2-83b0-4074-84f7-3a09248b0646,2cf4a0e9-b235-47bd-bea5-d3539ba5581d,ChIJk8AAxBEFDTkRijYHy1lzdPE,view,2026-02-06T20:29:46.004612
8bfc2286-2059-4868-ba9b-db7050348924,309a3e0f-e49c-4ecc-b251-e14eb1752d8a,ChIJdXj1neQBDTkRe6C6ogZuxoU,view,2026-02-06T21:29:46.004612
4978ba82-3687-453f-a9b8-384b883505ad,04c48e09-7532-4bfa-8622-cf1c105e871b,ChIJadUD2mn9DDkR9T7bQcD1ErY,view,2026-02-06T22:29:46.004612
96771fe8-4dee-4229-a1cb-d6c389d18c1a,fcb72392-8ff6-441f-b444-3ef00c0af658,ChIJSfJXLaADDTkR3n9-HoFizwU,view,2026-02-06T22:29:46.004612
66ced776-95bf-4db5-81d1-e8f508c1bec4,bfa7490c-aaaf-44d1-b7ae-f836f4fd53a2,ChIJSbK5LDjcDDkRNyRcRHo4DI0,view,2026-02-07T00:29:46.004612
e7aad187-dfbb-482f-bec8-0cd9c23baf69,d0568206-fb99-4420-93e5-955e8cbc76f9,ChIJ6ykOwE37DDkR4kHteRFVpGg,view,2026-02-07T01:29:46.004612
520dc044-0228-4afb-bf47-a4599eaf1d73,52c153e2-41de-4d35-810b-c52b9f4a0421,ChIJYy_XeOQbDTkRK2NfXsfpEEE,view,2026-02-07T01:29:46.004612
461686fc-8f6e-432b-ba7f-8718e799a252,ffccccf4-2c20-4f4a-a66d-20eff4e7c71f,ChIJnWzx20U9DTkRPxUI9pMRna4,view,2026-02-07T02:29:46.004612
598a4547-321d-426d-a4fe-009e5342bf0f,ffccccf4-2c20-4f4a-a66d-20eff4e7c71f,ChIJWWh9-XjdDDkR5HcuTf_TKY4,rating,2026-02-07T02:29:46.004612
1628125f-d4fc-4702-a810-5a959c6c5136,82d92a45-0d99-43de-8933-341bad36565c,ChIJ91zeLwDdDDkReFhf0mek_RM,click,2026-02-07T03:29:46.004612
76991655-20ad-4b07-ada5-199ff764bf46,a9f2b8e4-5587-4cb2-9cf6-444ee1d94e8d,ChIJ7TBF3w6tDTkRxqHf-88bekw,click,2026-02-07T04:29:46.004612
76f72c07-5ed5-4146-9e9e-abcea406a8a8,c93d87fb-8e69-48fd-b7fe-3ada0e1ca17c,ChIJR3a0cswFDTkR9VOW8hki9K4,view,2026-02-07T04:29:46.004612
f63e18a2-d131-4419-94a4-e1c8aef058f3,286ff317-1da8-4ec6-b632-d31a28acb766,ChIJI69JKUfcDDkRXn3xNhvAIp8,view,2026-02-07T07:29:46.004612
cc9e6f51-9c48-41a4-a265-11ed61086ffe,4ef76e02-bb82-46e4-b94e-a2762f4f3e40,ChIJOSNn5jXnDDkRyFSXt2zfFnM,click,2026-02-07T09:29:46.004612
4481069a-64d2-48bc-a6de-6ed1f5daf557,b90825c7-9af5-430a-bb5b-94f97f9edac2,ChIJd4yhs0LjDDkRl-UgerNidgU,view,2026-02-07T10:29:46.004612
0e00d45e-e90a-404c-be4e-e7accf98e84e,cc4e5d47-390c-4243-bf4e-87ed1a948154,ChIJAeEer4jkDDkRnvYOsth2r2c,view,2026-02-07T12:29:46.004612
91426369-b79b-4e4d-b555-b279cbe1238d,4d738cf6-50d3-40f8-b83a-922abbe0ec30,ChIJF7LqehsbDTkR6XzlZaqz00s,view,2026-02-07T12:29:46.004612
4aca459e-88aa-4c4b-84cd-7215ba67f457,b235fa8c-2e45-40d6-a101-d3e2ec9b95f3,ChIJ02Bkw2gYDTkRTp9KZwPMeG8,view,2026-02-07T13:29:46.004612
2e6bb240-009e-4ac2-951a-b490c6532d69,df95df7b-505f-484d-a77d-0f4a6cff7299,ChIJR2D6ioQXDTkRBDwuY3-75P0,booking,2026-02-07T18:29:46.004612
8ea1f558-4f89-4ae0-86d6-ece81145ff92,380668ac-3826-4240-8bc5-84eac5c2d421,ChIJi6ULd0sDDTkRFFLZ17omh6Y,view,2026-02-07T19:29:46.004612
e983d824-22bd-4ae9-8467-3838454656b6,75da1846-dda2-4389-a5c4-54969fca2036,ChIJMzJPXKkjDTkRj4J1rgUw_A4,view,2026-02-07T20:29:46.004612
f80f59e9-6cc6-4449-b4ad-2c331c95ba4e,1cc1f619-e172-43eb-95a9-250a047d53e3,ChIJcSOPprgdDTkR02f7jAhRoFE,view,2026-02-07T21:29:46.004612
566386f5-8e3d-4e27-8d3f-85105d71d516,b0646bb4-2e4d-4bb0-84c0-1e4362d49fe0,ChIJ87NRphjiDDkRMh3igGPGQUg,view,2026-02-08T00:29:46.004612
9bde1616-99f3-4d75-b710-62d9d1529439,5506193e-74cd-4613-8e95-0431a350fea1,ChIJAxoZFF0-DTkRrQYeGhnCS1c,view,2026-02-08T01:29:46.004612
c706bc55-f6ee-4f30-86a9-b1ea25a5fa5c,f4cda6fe-eeda-424e-9053-2afe299ddd5b,ChIJXXRN7bsbDTkRiO1syjt3AM0,view,2026-02-08T01:29:46.004612
9a602ea7-ba8e-46f6-9378-0777a2d20c53,05f1d6d4-2877-47cb-9725-75bbc4956be0,ChIJJ0FnHkH9DDkRTSUSlC-IXoo,rating,2026-02-08T02:29:46.004612
2e90ce96-400a-45fa-8bb3-70d6f33a6bcf,5726aa25-2159-40f2-ab85-fb507378d08d,ChIJAQAAwMoZDTkRW9hrHxvXr20,booking,2026-02-08T02:29:46.004612
efaf7c2c-2a5a-4b5c-9b07-2bdd04dd5c00,4e9359e0-a2c8-48de-b32c-17fee0cf5c36,ChIJSbtGxVI8DTkR1n3vqBK1m5I,click,2026-02-08T02:29:46.004612
39c39853-587a-4044-bde0-5ddaa0309b45,10f543c8-1c12-44c4-bd7a-379c57cf1952,ChIJ7U43gHXdDDkRxrQvQ2InjH8,view,2026-02-08T03:29:46.004612
53358cf7-327f-4154-ab7d-c63c9f708be6,9d0d6a27-7f27-4d93-8c47-818ba00fe46f,ChIJUQbQB0L9DDkR4kMbtnRzQps,click,2026-02-08T03:29:46.004612
422150bf-2a0a-4ee2-9e8c-8a21f5df86d4,8cdcfb8b-2826-48e2-bd78-fe1ab76f2155,ChIJ6VKu20AFDTkR0gckv0FCS3M,view,2026-02-08T03:29:46.004612
c02672f5-d7db-4011-b69e-bbe132184071,2e1aac52-247d-4fc8-a7ad-1af63ee89bca,ChIJl-ab2zzdDDkR3F9f6h1Sy4U,view,2026-02-08T04:29:46.004612
2b5efc27-69cd-4eb0-9616-c4d0830d1610,83ffdadc-58d1-4474-a5d5-e61a9f6dd60c,ChIJ13uwGBMBDTkREGuDRst9C8s,view,2026-02-08T05:29:46.004612
65d49340-cded-4bca-9a3e-3b01f8228c94,9c9bbc96-a034-46f6-9517-98986f690a92,ChIJp-rZp14LDTkR1a6LE5urPXE,rating,2026-02-08T05:29:46.004612
c4fbc8ad-71a5-4c36-b8db-e699cdd7bd06,1e0f9973-e20c-4600-a03c-6b0211c2a772,ChIJgdyQHisbDTkRlN7jaSGm6Zw,view,2026-02-08T05:29:46.004612
7191eb49-fc05-4d11-b3dd-2a9b613369c3,d18f287a-51f3-40e8-b8cb-0cc2548799a7,ChIJe4zp0KMdDTkRm90YLrHBVg8,view,2026-02-08T06:29:46.004612
6a61a109-abb2-4400-bc32-46eb5aa104a0,d16cdef1-96c2-4f1f-8bcd-9b46274759c5,ChIJtYbaLgD7DDkRnGLGPEVaYt0,view,2026-02-08T07:29:46.004612
1b7fc3b2-0356-4a6d-be58-870a1854fa3a,aac09aeb-fa74-4654-b63e-ad5dd38d7863,ChIJ5X7CbgAZDTkR2E-ZjpnjZi8,click,2026-02-08T07:29:46.004612
0f025d3f-d502-484c-9f94-6a98a7f7a2d4,8cbcbe27-f2ef-492c-95fe-ac29cf61c512,ChIJnz7FD6b9DDkRAwrb4dvt8Xw,view,2026-02-08T09:29:46.004612
556852c3-d483-414a-8c7d-64fee3d5340e,f6bca5e6-d93f-4742-9d35-8b9c2d6ae349,ChIJc2maTQAFDTkRh3AjPkXjtts,view,2026-02-08T09:29:46.004612
a5250400-da88-4f97-9db1-c91005300108,0f0b3196-4513-4454-9357-72d7f6241f04,ChIJbVCvAvAFDTkRlzr9tZeOr3c,view,2026-02-08T10:29:46.004612
a469ac06-e8f1-46ca-a79a-ff84ae248ac5,bf32f0be-fb4a-4c05-af6c-5f7f6971a8c2,ChIJQXZOlAj9DDkRGt_aiGqrOHk,view,2026-02-08T11:29:46.004612
a21c9d98-40f5-4062-b170-f16a7055117d,251badb0-9163-4023-a6d4-218019fbada7,ChIJK8q9_lrhDDkR6E6lBzzBCxQ,view,2026-02-08T12:29:46.004612
c203e6c3-631d-4445-b369-8a906b5570e3,847d6eaf-b9bf-4508-bed5-ce0364bc8d76,ChIJoYZHA4UHDTkR0NeUuFoc3XQ,view,2026-02-08T12:29:46.004612
8da005b9-2454-48b0-a16f-f425e37a0178,c9ebadce-3230-44db-85ee-e0a12a580290,ChIJOTFgFrkZDTkRtGNiP_WDHVE,click,2026-02-08T13:29:46.004612
1fcfdb0e-2feb-442e-b9be-dd81780fe4ed,2a2a8f2c-ddf2-496a-b7dd-03d2d93bf249,ChIJKYv_S8jjDDkRIbrMlfnrKF8,view,2026-02-08T14:29:46.004612
db5155f2-95c2-4a77-8211-a3f7a2c59293,f7b4c86d-3e91-48e0-a4c4-aa93d7561142,ChIJZSlK1MrjDDkRjZgS3iDnj1w,view,2026-02-08T14:29:46.004612
0dc58c51-dc3f-452c-b687-1f11333277d3,8bf99a39-9f9c-400d-a8dc-af9200c755f2,ChIJT4jvxKGrDTkRnzdf-hiY6nU,click,2026-02-08T18:29:46.004612
5d7e3235-6bf8-40c3-8982-d4e8d918bcba,aab10c81-0332-41a7-9c80-c13a075e121f,ChIJa6yw1-AZDTkRqNKlmkNQJ_I,view,2026-02-08T19:29:46.004612
6cd3a36c-4610-4e1f-8ae9-ce7fdcdd0e0f,2fea94f5-b851-4055-87f9-efbe34d5c731,ChIJoUe5i936DDkRrglOagh-Tcc,click,2026-02-08T20:29:46.004612
2d999918-38c1-4188-833b-5bea5f919c7d,b93f1c5f-045a-466a-a21b-d2905677cd14,ChIJIQA2Z7wfDTkRZw25k-8InI0,click,2026-02-08T20:29:46.004612
7855cf8c-fe32-452c-9bf4-2a5ebc4ee581,9d8fa24e-9ba2-4485-a6e5-5df3ee87e764,ChIJPw7BCdE9DTkRhBDLdYRoU2s,view,2026-02-08T23:29:46.004612
a4409898-4406-48cd-9a97-0ba95b7c6c62,e7483e8d-5e2f-48fd-be42-05bb11f1c1e8,ChIJl-ab2zzdDDkR3F9f6h1Sy4U,view,2026-02-08T23:29:46.004612
bfc023bc-dc11-4228-b3d3-c55f86efe19c,fdb7ca70-b5a5-48af-9880-77e833de17bd,ChIJIbuMAirnDDkR1HtuJqkJsPY,rating,2026-02-09T00:29:46.004612
aa299463-3bfb-4529-9508-1c0c4fad91c3,3be37f58-0dfb-4c1a-b9bf-9b21b5badc17,ChIJKREHk7IbDTkRqiqzifn1WX8,rating,2026-02-09T01:29:46.004612
7a46807b-a9f1-42b3-90d3-84eab9ed7c67,3b428902-1fa1-4f4b-832a-63e59efc721e,ChIJCUCbwIwZDTkRpOs1cXoyU2Q,view,2026-02-09T01:29:46.004612
e7f2ac32-5967-4d41-a460-63ddb116ec92,6937561c-f57e-43d6-94dd-239d2a10af5f,ChIJK4VQrrf7DDkRieHJtHdj6j0,click,2026-02-09T02:29:46.004612
33f43cb1-dee3-407f-ac04-cdb7620bfad4,51d092dd-3846-4d2f-8b35-b21be88ff3f2,ChIJr-UiyxHhDDkR9jmGwVikkO4,view,2026-02-09T05:29:46.004612
49a9b103-4230-419a-ba52-5544a9f229bd,8e935e7a-0260-49cb-aa1e-48267d2f9a18,ChIJWdjKacEZDTkRJ9Sdiz-wiEo,view,2026-02-09T06:29:46.004612
7bdb34a8-aed3-4ba1-9139-768642d47c41,7271d882-98d1-4026-a9d8-19bb56a3505c,ChIJyUXaansBDTkRKVNqN84YfWs,booking,2026-02-09T07:29:46.004612
6802eb01-bb5c-4a06-a157-6074a2afb574,5fc98c67-e5e9-43f6-8188-59f70e55c234,ChIJpX4ZcV4DDTkRd-eCiR8vt7E,click,2026-02-09T07:29:46.004612
b168ca38-6911-4a48-bb9d-22ebd6c1b317,3ff11692-d469-4c8c-a91e-bf5dc86c1d71,ChIJTZYJvY8BDTkRMqD9vfIeu3I,view,2026-02-09T07:29:46.004612
6005e346-5e3f-4ee9-8339-3ad9156b9299,26b70735-b82d-4c89-9334-8cd9716109e6,ChIJ9z9RjKzjDDkRkqMhtJ2HBNM,view,2026-02-09T08:29:46.004612
12871305-c01d-46c6-8287-1d07aa5083b9,b988bd2a-7c75-4df8-b2db-28493c0a7680,ChIJFY7fg1cZDTkRPMAAI0HUMwA,view,2026-02-09T08:29:46.004612
c62d786a-c03f-4689-ae5c-b1bed968da83,39b76144-566c-4959-8bff-c3994d5d34bf,ChIJQ3NDXD0dDTkRhr6qseSsSxg,view,2026-02-09T08:29:46.004612
f336e3ed-4c00-4d5c-a653-5dbea39364bb,8e935e7a-0260-49cb-aa1e-48267d2f9a18,ChIJU5k0fwAZDTkRO_rImIrqbtA,view,2026-02-09T10:29:46.004612
731ee227-8e5c-4d7b-bdfb-255cbf38f82b,73d1f3ba-ad8f-4898-81b9-f6c5929fcc4a,ChIJCxPaVwADDTkRQZ-4juHz88U,booking,2026-02-09T10:29:46.004612
38aafae6-fb1c-4240-a2af-3d0298815780,2e1aac52-247d-4fc8-a7ad-1af63ee89bca,ChIJ64_MiLE_DTkRGOHzyJ5UpDM,view,2026-02-09T10:29:46.004612
eb2f7acb-eddb-4f64-a5f1-4760719f6bc5,2c0c18c4-b0f1-44e3-a7bc-9b9d8a191886,ChIJXXb5yrQbDTkR_05IqXAO8_w,click,2026-02-09T13:29:46.004612
8c5a7b44-9efc-4a2e-abbd-17871fc15288,fb5bd947-522c-4a43-9cd2-6a4e1e3d39f8,ChIJsWZJJEH9DDkRLIvrsH_SoIY,click,2026-02-09T13:29:46.004612
9fc00bc5-26a6-4c74-9c48-3a62e09fa67e,24f94256-cfb0-4089-81aa-5730704504ef,ChIJC_BtMAmsDTkR0zDkFj0klCs,view,2026-02-09T15:29:46.004612
b5638b0d-74b3-4f5c-8318-cd5549c74fca,a9f2b8e4-5587-4cb2-9cf6-444ee1d94e8d,ChIJ33rDkUkVDTkRBF6PlzwmTFw,view,2026-02-09T16:29:46.004612
e21799ab-ced2-46a0-a744-101affedc627,b8280c36-4b28-45ac-a1d6-ac369a47ebea,ChIJX_p5Lu0dDTkRqOKPEmR2EB4,view,2026-02-09T16:29:46.004612
2f9d6394-ebe2-41d9-823c-f6f45c5b8910,85f877fc-5969-4798-846a-782e928d85b4,ChIJAeEer4jkDDkRnvYOsth2r2c,click,2026-02-09T17:29:46.004612
9e2c6617-6005-4c39-9b02-d7884430865f,afee0ca8-aa1a-4864-be53-1421a03ede9c,ChIJeXalCScHDTkRdVQT8zcdM2s,click,2026-02-09T18:29:46.004612
4f5d1334-5d3c-470b-bff0-57fcb3638fef,51fa3079-2cef-4318-b8ef-a637eea98162,ChIJ22pMGCUbDTkRB0hRdA_VG8k,view,2026-02-09T20:29:46.004612
12730dad-4db6-4322-a1d8-13743321867e,a9f2b8e4-5587-4cb2-9cf6-444ee1d94e8d,ChIJz1izm5IjDTkRNiCBlzrxrNk,click,2026-02-09T21:29:46.004612
8a68682d-2e15-487f-af27-271b99e16a2a,1af78088-0b1c-47f9-b1dc-923c9353f8b4,ChIJB3eNuar9DDkRdLXjKjlGuaE,booking,2026-02-09T21:29:46.004612
c3d000c5-22aa-4525-ab15-7b80a67fe56a,c9ebadce-3230-44db-85ee-e0a12a580290,ChIJC567cIwdDTkRsrbn8qAY9H4,view,2026-02-09T22:29:46.004612
d268ed6d-a750-43b2-a224-c58121776117,d13eb782-effc-4dda-837d-726c57a16422,ChIJAzPudb_dDDkR7Ky0lXG8OeI,booking,2026-02-09T23:29:46.004612
3f49cbf4-05a2-4a4b-9f9e-942cda5236dc,562e74bd-3afd-4a7a-95d9-5705ea03a607,ChIJu8LlD5oGDTkRwBIgoNVPNuU,click,2026-02-10T00:29:46.004612
636a6d57-938a-40dc-90ba-d73bba70680d,1f79ba5b-356e-4127-b6f3-d87edbe2c4d4,ChIJSbtGxVI8DTkR1n3vqBK1m5I,view,2026-02-10T00:29:46.004612
54eb3657-d8a7-4a4a-a5d0-5ff5ea9c8d39,2897d22c-1b7f-4641-b976-942bcd0098fc,ChIJmfuSlfUiDTkRvusb7g244DQ,click,2026-02-10T02:29:46.004612
2d907a8d-e037-434f-b24b-2e271e744137,74ad3d40-2592-4821-a38e-36590ea74c68,ChIJ7fAQv8_dDDkRYi2IELVDS38,view,2026-02-10T03:29:46.004612
cf1412f1-cb2b-4505-846d-56568cae04f9,22719aa4-f2ac-491f-b133-5be359b4d629,ChIJP-R4HAg9DTkR4EwItRUAaa8,view,2026-02-10T05:29:46.004612
e555461e-2c62-46ed-9f3d-6d033574aa80,d5e48dc1-31fc-42fa-9872-a3ff735624f8,ChIJSbtGxVI8DTkR1n3vqBK1m5I,view,2026-02-10T07:29:46.004612
4fec8b75-ceb3-475b-ae7d-541fbb2cf47f,39f5fcae-f5ba-44ad-8b50-270a409a543d,ChIJe0aRQU_jDDkRiANhTaAQknI,view,2026-02-10T08:29:46.004612
a224a9ee-88a6-4797-8af8-e3dc1bf6f29e,aa11e355-39c9-4ce8-9ee4-13608adb3979,ChIJd-3rnjD9DDkRh4jC5r1Deec,rating,2026-02-10T08:29:46.004612
3bdbe9bf-e429-4bee-b5fa-6781acd73faa,825ccd8f-20cf-436b-afd9-6daf1e04e7d6,ChIJD-BZ3TMDDTkRXdT-qrMpMYY,view,2026-02-10T09:29:46.004612
b8f68040-58ff-4145-a10e-fd9ebce25761,18bda87a-d1f0-4fa1-ba1b-0b6158fd3c26,ChIJ3wheEADnDDkRDzP-C5uNxr0,view,2026-02-10T10:29:46.004612
ea428e0b-fffe-4f52-ae8a-4384a86cd451,54cbb673-58d1-4206-9254-266ea780131d,ChIJAQBA6eAYDTkRV0RzEJj5IE8,click,2026-02-10T10:29:46.004612
e30d3cc1-5780-4760-b567-9cef8be9b391,2fae13cb-f7a9-4b09-923d-f2e6f812a3cc,ChIJExG1eyD7DDkRL_OZpZYiyHE,rating,2026-02-10T11:29:46.004612
40ee2cd8-dbf3-422b-99e1-d6c76d6cb0bf,f5f4a114-68d1-4f54-a589-9da9679700bc,ChIJtQK8YgDlDDkR2GhqfmSyzwE,view,2026-02-10T11:29:46.004612
75c3cb2d-e323-4545-a57e-1194fc4c03c0,b38395c5-c158-4137-9ad2-bda81def4908,ChIJVZv6HQD7DDkRuvanyn__P7A,click,2026-02-10T11:29:46.004612
0e287fca-9e4c-4bad-bd93-23cab8c09b61,81f17506-2057-4c64-bc50-ffa0a4be120e,ChIJTYaPJtkdDTkRueyL3cN2yXA,view,2026-02-10T12:29:46.004612
823e0298-9b0b-4460-a197-b0a95420be1d,a554eb05-1b5b-4f27-9dad-f6cc82a824cd,ChIJdwQosSwhDTkRemMOwhgmgNM,click,2026-02-10T12:29:46.004612
8d18eb68-99a1-47a9-a74b-d28efeeecf14,665e3599-cb6b-4c1d-a10d-1e405f2b6c97,ChIJOQBN0w8_DTkR2kC7ccAduAs,click,2026-02-10T12:29:46.004612
9040c070-02fc-4496-9161-fac5d1387b61,efd72ece-80e7-4e54-bde7-7b22ec0a290b,ChIJhbQ2bW8ZDTkRgB6pJDAyXXc,view,2026-02-10T12:29:46.004612
c0a3f7ac-0d15-424e-a414-4158814ce55c,363eabf7-9851-4ce3-aca3-6c053f03ad0e,ChIJU5ZfTy3nDDkREzNyq06aZjA,view,2026-02-10T13:29:46.004612
e5ab0394-8814-45e0-bc3e-b8d207ee1c98,b602ad38-cc4b-46ca-897b-b91ecf1c889f,ChIJzUZZUdzjDDkRJKDEesqf9fQ,view,2026-02-10T13:29:46.004612
a967ce89-44dd-4323-8969-8794a3fe6cd4,a7cc2721-25a5-4249-96c5-dd28b2e6a2d2,ChIJUVEwtnIfDTkRUKif-DLwqfg,click,2026-02-10T14:29:46.004612
92bf112c-1227-49d7-a535-39195345a043,046edcd1-73a5-4ef0-8c68-545439e7f43a,ChIJudcH0C8dDTkRk6QLFST8EMs,view,2026-02-10T15:29:46.004612
df461f89-f951-4d81-963b-5585fdc8c881,c28bf682-7f39-4316-9aa9-ee5f7e627aa1,ChIJX6pW1UYcDTkRgiws2YCBsJw,view,2026-02-10T16:29:46.004612
c4d004d6-7452-45a1-8baa-b65d5585624f,d2ebe84c-5f13-4e28-9708-4906369718ba,ChIJ1d-ok2QBDTkRPEamr4ALHlY,click,2026-02-10T17:29:46.004612
0eb37494-893c-4e7c-bea1-662726c3f429,8e935e7a-0260-49cb-aa1e-48267d2f9a18,ChIJ1Qnx2DA9DTkRdqk9S2x5zI0,view,2026-02-10T17:29:46.004612
080afaa1-ef7b-4571-a755-be6c4e62bc7a,380668ac-3826-4240-8bc5-84eac5c2d421,ChIJxx0yTpbjDDkRF3UBS7GPzO4,booking,2026-02-10T17:29:46.004612
682a0334-1431-40cc-8baa-a67e3449728e,3015c9b6-5899-4199-bf11-0dce85a55a7f,ChIJo_EVHzH7DDkRq0dEqPdaQ04,view,2026-02-10T18:29:46.004612
a3e9530b-b081-4894-b3cd-96042ced3c25,20065164-876c-4db0-b1e2-47612559208a,ChIJC0pNFKb_DDkR6f4LYdcCE3w,view,2026-02-10T19:29:46.004612
735658e6-74e9-4239-86c1-a974f3ff5462,016c47da-f16b-4395-998c-e8891c818397,ChIJY6Gyi5UCDTkRmjXmCUzwY6w,view,2026-02-10T20:29:46.004612
0f9fa1f9-991e-4dcb-87ab-b15751bee091,6f2154b1-c2c9-4669-b941-b2cb97c01852,ChIJqdWdI88jDTkRl5jezmWbhyo,view,2026-02-10T21:29:46.004612
f49ae452-8a36-4919-b152-d51a03281b68,a9e7889e-fdaa-4b54-9fe8-9364200b7f6f,ChIJR3a0cswFDTkR9VOW8hki9K4,booking,2026-02-10T23:29:46.004612
4aaff115-f252-475d-8fcd-7afbd497a6de,5c188236-04ed-4ee0-a96b-0af143487f5d,ChIJDVaYpxcFDTkRC2JgbXYnzpA,view,2026-02-11T00:29:46.004612
724cfcfa-93ff-4150-8eb0-2188dc8eebb9,59e28b8b-ec3b-45e3-ad0a-a6ece3d84656,ChIJcWZoJ0rnDDkR7ya1Tpcw6-k,click,2026-02-11T00:29:46.004612
d0c35893-3a46-4302-828f-fb8493694fc4,82703928-e288-4c52-85cb-7d60ddd1bf9a,ChIJo7kBM2ocDTkR2TXLzP1eBUk,view,2026-02-11T02:29:46.004612
6f1eccf5-434f-45f2-af95-e6c9956426a2,1abc322f-e7d0-479a-92fa-24b3f76adf1e,ChIJr1JJFiEBDTkRFzuMhRJDDho,view,2026-02-11T03:29:46.004612
3bcd3fe1-89f3-4a13-9756-e6550cd88c02,5fc98c67-e5e9-43f6-8188-59f70e55c234,ChIJ8SaLJQcbDTkRDummRi-bBts,view,2026-02-11T04:29:46.004612
981a75b7-40e1-4407-ad17-3ea6b4ceee07,4ef76e02-bb82-46e4-b94e-a2762f4f3e40,ChIJuWJbafgdDTkRgrD6U1ZCKtc,rating,2026-02-11T05:29:46.004612
4791ac08-dea4-4826-a6f4-3b2189e5f23a,557d605a-e639-4ef3-9f0a-8d9ce87566ba,ChIJmTB5HzUZDTkRTBavRM5qJO4,booking,2026-02-11T05:29:46.004612
8de329c9-87b3-4a5d-b1d1-936b780aa235,85f877fc-5969-4798-846a-782e928d85b4,ChIJIagCv3IZDTkR_J9Y0e95QvU,view,2026-02-11T06:29:46.004612
5f4f2204-b6ce-4ef8-b448-51665c276193,f92946ca-6620-4d98-aaf2-fe22830211f2,ChIJPWbQh00BDTkRxexTLzPCrVw,view,2026-02-11T06:29:46.004612
d7f0f411-4eaf-4e15-a149-a7803542035c,20a3b51e-0c43-41c0-8993-bab69b7ad66b,ChIJRz9E5sELDTkRP0iz7bKL2qA,view,2026-02-11T07:29:46.004612
38c00944-0705-4210-85dc-3a01dcdf10c2,fa110865-51ea-4a5b-ba2d-a9cb901012a8,ChIJiWLtVqP_DDkRLHUVE9GVOMo,view,2026-02-11T07:29:46.004612
9bc1d023-62f6-40d1-8515-e01a460420f6,72e38c5b-4c41-4765-88bb-9762bba55769,ChIJs4ooMwDjDDkRGtav5_A2V-U,view,2026-02-11T07:29:46.004612
153bb1b4-e685-49bc-bfe5-fa0f01663105,4b3d1313-86ae-416e-83df-480f1500caf5,ChIJp5HEBvEbDTkRUZfbGY7nZsE,view,2026-02-11T08:29:46.004612
5b533940-1cd7-4246-8fa2-2eac817b32a2,d29e6b85-cdf9-462f-8815-6dfeff9a152f,ChIJP5TxuNIHDTkRFBc7GO5QuDQ,view,2026-02-11T08:29:46.004612
8a98630f-a90a-4008-97fd-a872968b60b6,75d89ec6-1107-49bc-988d-c97c46238ff6,ChIJF8i-etEdDTkREtkYnwqAdDg,view,2026-02-11T09:29:46.004612
296e314c-1ea4-4dd2-89fc-75ddb01825e4,562e74bd-3afd-4a7a-95d9-5705ea03a607,ChIJq6qqqg3cDDkRcNh5dl8gb9c,click,2026-02-11T09:29:46.004612
3a090f6f-25af-4f27-af85-97759a7816e5,25b120ae-05d7-4db4-97be-65de8c6ce579,ChIJm98tDSYHDTkRa_L9K5npxF8,booking,2026-02-11T12:29:46.004612
79c59349-99bc-4619-9e3c-5902c7e07c4e,57e8dcaa-fdaa-4def-936e-0b4021b78ee7,ChIJhbQ2bW8ZDTkRgB6pJDAyXXc,view,2026-02-11T12:29:46.004612
8e25b81e-e840-4c6f-b8c6-7eb1f386d682,016c47da-f16b-4395-998c-e8891c818397,ChIJDdqRm4vnDDkRVPs6i90nqM4,click,2026-02-11T14:29:46.004612
19329c53-9766-434d-a96d-3e10f5d8ec29,40e0e959-e6b4-48b9-a8e2-f18df0cf67a6,ChIJ9yKcCbQXDTkRW3uWCbf-uLQ,view,2026-02-11T14:29:46.004612
2e40d1b1-400e-4089-9835-a755a842f972,1274b034-38fa-494a-92bf-820c21e1d8ae,ChIJZfR22t4DDTkRGeZis44ky1o,view,2026-02-11T14:29:46.004612
0828cfa6-f607-4845-a74f-1476459e0467,1e0f9973-e20c-4600-a03c-6b0211c2a772,ChIJgRHwEe_7DDkRC6q5bpveHsc,click,2026-02-11T15:29:46.004612
b005a9ad-8b30-4535-919d-74e189ecdb41,d6c92fba-1649-488b-ab2d-05bd565daea4,ChIJI_krrZ89DTkRYdUZzkyLz3Y,view,2026-02-11T15:29:46.004612
0d240f2d-ae27-49f3-9def-45455cfbf4c2,4ce15bcd-d008-4633-907c-6d683f1b45b9,ChIJC4qlMTf9DDkRhRQpkx58hqI,view,2026-02-11T15:29:46.004612
e0a7ec19-d18c-49a3-a67f-21c4e08502fa,04c48e09-7532-4bfa-8622-cf1c105e871b,ChIJW9pNqsgFDTkRuLtIJdxTt7I,view,2026-02-11T17:29:46.004612
9c9049ec-81ce-4f0f-96a2-558c8efb1b6e,8f4d7c87-1d82-4a50-9906-1697ed6997a3,ChIJkZedEMjiDDkRUK5PW7ktwd4,click,2026-02-11T17:29:46.004612
4a1951e0-ac5d-43cc-9d7c-7a0fab591241,72e38c5b-4c41-4765-88bb-9762bba55769,ChIJqQZUNaQVDTkRPeAeq486Mtk,click,2026-02-11T18:29:46.004612
8a023e7c-4997-4857-8aea-44a9d708d7b4,54cbb673-58d1-4206-9254-266ea780131d,ChIJl-ab2zzdDDkR3F9f6h1Sy4U,view,2026-02-11T18:29:46.004612
69f4b71c-13f2-4967-9e9f-24d26ad1122f,5634ccaa-f864-4d36-8a6c-77bded2a45ca,ChIJY-4p2XsVDTkRMuT0wXQAdrI,click,2026-02-11T18:29:46.004612
ab58752a-1ff2-4da6-a08e-c2a6896d100d,c5f30753-7997-42fd-a42e-8c163ed92a7d,ChIJBcMcWOAjDTkRUzbA5iIK4lY,click,2026-02-11T19:29:46.004612
9a97b00f-c947-4976-b0d8-bcd144dc6317,68c1db27-af96-4b10-8e19-55873cb43635,ChIJz16IJ_3dDDkRmEAza-Hp2Os,click,2026-02-11T19:29:46.004612
dbfb544a-ea5c-4d71-af4c-e8150d97492f,694404ea-c783-4605-9f69-b3cb51e90bba,ChIJ5dfWP_UdDTkRciVp85XPAk0,click,2026-02-11T19:29:46.004612
7ab20ebf-9810-49ff-a73f-cc659a13531d,565135ed-0dc7-44c1-94ec-6e217b95e3e7,ChIJqdWdI88jDTkRl5jezmWbhyo,view,2026-02-11T20:29:46.004612
3d785723-e8e6-4bec-ba89-3cbd7a37621e,da9b2f0d-d096-4cea-954a-60d89171bcc7,ChIJFzkmDJ4CDTkRf70JRh0UBes,view,2026-02-11T20:29:46.004612
c3e4d1e7-380a-4be9-864d-9c1defb72d15,fc6588c1-dacf-4c0f-bbbb-a17492c3e29c,ChIJMwA_YpT9DDkRzJ9fraVynnY,view,2026-02-11T21:29:46.004612
5ae992e5-bf6e-4928-8e11-4a23625c5c1b,49bdfd2e-4f97-41c8-8abd-86cd53b48388,ChIJu1A7MTIdDTkRPwUWrLom8yw,view,2026-02-11T22:29:46.004612
5488300f-5f2c-4ae4-ae00-6d9ccc457703,05016619-489b-40dc-a763-8503a48a47ef,ChIJl_6HRQwZDTkRxKFsmlnUHXY,click,2026-02-11T22:29:46.004612
696251e8-a312-4bff-a281-fc0ca869a911,5a45b801-5a89-4183-8e99-461a60cf255d,ChIJMVA5uh0BDTkRYl-pVgvlkPc,view,2026-02-12T00:29:46.004612
270045b6-9acd-4e77-9663-de0efdae2c8a,f4cda6fe-eeda-424e-9053-2afe299ddd5b,ChIJOQBN0w8_DTkR2kC7ccAduAs,click,2026-02-12T00:29:46.004612
dac14032-c1c9-4aae-be1d-f7822cffcb69,fb617c3d-7cd1-413c-a61b-d2a28188a0e8,ChIJuwDMPGMZDTkRwLNEZhvujiY,view,2026-02-12T02:29:46.004612
d641e7cf-a69b-4f06-bf63-9fc59bf78469,74c2d5ae-5c70-47b1-9aa6-a69c4234b58f,ChIJI1C0ziziDDkRKofmqRF3WKE,view,2026-02-12T02:29:46.004612
3ed42ef5-3bc2-4e17-a0d6-d76d212d5ab7,9c9bbc96-a034-46f6-9517-98986f690a92,ChIJk4WvZ3DjDDkRZ9zZPlkz7RU,view,2026-02-12T05:29:46.004612
bd645e74-bab8-4787-9faa-f5d482f4b314,2434643d-e449-4434-baf0-1a56659c1297,ChIJjYjbl0gbDTkRCrRAMjT45Yg,view,2026-02-12T06:29:46.004612
db11f87d-9777-44cb-8441-228aaa09210f,2f593b57-222f-4ca2-a2f0-685b7daf81df,ChIJQW0dhlAbDTkR27QFjwM29j4,view,2026-02-12T07:29:46.004612
2c4e2be9-14ba-4b03-9810-629398e11b5f,3f88c491-58fd-44a2-abf9-df85d43a1465,ChIJ5xMxsdwDDTkRmPBTgKIUMbo,view,2026-02-12T09:29:46.004612
51405fa3-5cfa-4249-9a7b-1b1e86ee9260,49b2edb8-ec6d-43a5-ae9a-dbfb71df90d5,ChIJdYAAxLTjDDkRRUfNdj8TTyc,view,2026-02-12T10:29:46.004612
bd64255b-dc7e-4ae3-b306-b07cecf958a4,9c35b8b7-3f25-444c-8695-1e1a6e215ef7,ChIJMzNKkUYBDTkRBzsD5Gov384,click,2026-02-12T10:29:46.004612
4be48e1f-313c-407f-8821-132d90fc93b5,81b57fe8-6ec3-40ae-bf9a-0555a7fa02bc,ChIJrVtbefw9DTkRPqlo2vY-j1s,booking,2026-02-12T11:29:46.004612
f43accc7-d382-4adb-8d4e-7d2125426ff2,799aa2d6-3c57-455e-b252-e547096f6c65,ChIJ_TgOBC77DDkRn-cT52fWX4g,view,2026-02-12T11:29:46.004612
09651db8-2080-4438-8c47-1a1c5bb28e03,48a54767-0408-4189-9a47-6a810b2227e1,ChIJYY9nHyf9DDkRjAdngMvn48Q,click,2026-02-12T11:29:46.004612
deb01ff9-fcf4-4b2b-ab20-d20782de3fe8,1d50262e-384c-48c6-b5ad-e6828a492d4e,ChIJMZRygAijDTkRpnV6jgoMkYA,view,2026-02-12T12:29:46.004612
34d57325-44fc-4455-ab0f-676c623815b5,679828ac-25ef-47d0-b116-ef9f689c8e4e,ChIJM0-S5aAHDTkRRSCWC-TUc4o,view,2026-02-12T15:29:46.004612
0ea8de45-ba20-4a71-baf2-1bc978442858,d2ebe84c-5f13-4e28-9708-4906369718ba,ChIJr3G6agDdDDkRHk3tDePJCI4,booking,2026-02-12T17:29:46.004612
8d9bf781-9cde-4009-ad62-802535f9ab9f,52c153e2-41de-4d35-810b-c52b9f4a0421,ChIJn9xREaAFDTkR6WxojxfAHQ4,click,2026-02-12T17:29:46.004612
f774db91-4db4-4b67-be7e-96e47ba8ac99,83ffdadc-58d1-4474-a5d5-e61a9f6dd60c,ChIJ2bwVBgAZDTkRah_u1EhEw20,click,2026-02-12T17:29:46.004612
07b239b9-9a6a-41dd-9ac4-36c3f9ac8ad0,1985a14e-3658-436a-9fa0-f2e01a645c6f,ChIJ3ydPH0rcDDkRphpP8-WHB1c,click,2026-02-12T18:29:46.004612
c5349d6e-da93-40b9-ad03-333bf8db0ffa,9d8fa24e-9ba2-4485-a6e5-5df3ee87e764,ChIJk4_wGzL7DDkR7ryPrhtrJuw,view,2026-02-12T19:29:46.004612
3d99e202-ece3-4a02-8f3d-52630583afaf,6dcfb609-2ce5-4bdb-87fc-08118fcee7e6,ChIJWZJF18sYDTkRlMhB1jn6drk,view,2026-02-12T20:29:46.004612
080793c8-9214-4616-9671-d140b686c2a8,5726aa25-2159-40f2-ab85-fb507378d08d,ChIJAYcyTJ0ZDTkRLMQcp2ZFyMc,click,2026-02-12T20:29:46.004612
aab9cefc-e447-4faf-a5d1-178a0667ebe3,b128442f-55eb-4429-83c8-942a0fccd011,ChIJ_____5wCDTkRudqX6MHuX78,view,2026-02-12T22:29:46.004612
b36de834-e062-4d44-b6c0-905fb5365209,1e0f9973-e20c-4600-a03c-6b0211c2a772,ChIJK31TtXX7DDkRI07HmBH4rWE,click,2026-02-12T23:29:46.004612
f75752e8-32fc-429f-9c57-43f850598b6d,bed6aa64-aa16-4b8d-ae0a-08044b6f518f,ChIJxbmmUzkcDTkRupwAbVY8NHE,click,2026-02-13T00:29:46.004612
5889f620-4b0c-453d-829f-3e217ddef67b,a22b0a6e-7e85-4dc5-8f62-c0e1a1118cb0,ChIJkcJp03YDDTkRH88qPNzHLkw,view,2026-02-13T01:29:46.004612
256ed9b4-cd98-4939-a05b-8f2f20ca98a1,bded2630-13b7-4983-996d-dfe536cc25e8,ChIJR3-TfVQZDTkRhVHU7cnbjZw,view,2026-02-13T02:29:46.004612
e7aa2027-048f-4eb4-a04e-05bc22f95f88,87c95bcd-459b-421b-ad97-669d5aea864a,ChIJc2maTQAFDTkRh3AjPkXjtts,view,2026-02-13T02:29:46.004612
a4cf7a17-5369-4fb6-975c-7ff8bb00acad,322ac3a0-7777-4da1-ad77-78f199723f75,ChIJbe0Wa9oZDTkR_jLO_rumWio,view,2026-02-13T03:29:46.004612
65255e3d-652f-4b63-9cfb-f6d8adb0a7d5,a4242dbd-9983-4afb-a44f-2f856be11ace,ChIJwzxOpWkcDTkRIODm_a6JlXA,view,2026-02-13T03:29:46.004612
b01d929b-5d4b-4dfb-b141-eba88b52db7a,1f7fe618-fbc5-4a4b-b214-1840b1852906,ChIJjeAJQbbdDDkRRcIeFMXXeRo,click,2026-02-13T04:29:46.004612
90b12237-1719-4abf-a35c-05d38452d1fc,07f01097-d530-4312-baab-84f09e19bebc,ChIJQ5QKh-cBDTkRdH8g2foHdjc,booking,2026-02-13T05:29:46.004612
35731ff0-3173-4bc5-92fd-b2cc81f2e546,940b5992-b2c8-4606-8577-fb950b49d30e,ChIJ_y1TYvz9DDkRN-aFtSMAKCs,view,2026-02-13T05:29:46.004612
f7253414-ad7d-4e48-85de-0b6b2efcc9fa,10287ce6-65b9-4142-8b2a-cf7790da529f,ChIJqeUQpd3lDDkRAa1qCvUP7Lw,view,2026-02-13T05:29:46.004612
4f7d3b7a-3ddb-4d60-b8ee-ba9d504b14ae,c9ebadce-3230-44db-85ee-e0a12a580290,ChIJLXu-o_3kDDkRQFo-tpFQDCk,view,2026-02-13T06:29:46.004612
13afcf77-c5fe-4c63-9bd2-084da669c9af,3606ec4c-922f-4545-8386-4952f9e7fd86,ChIJPfl6An39DDkR9DyzbJAjrXA,click,2026-02-13T07:29:46.004612
566a2dc1-3eaf-4b44-a826-dcfc3f6d84b3,14237f3f-320c-4edb-85ce-4f3d28234a74,ChIJoXCAC4UCDTkR74kNa9O7gqI,view,2026-02-13T09:29:46.004612
2b4ebf95-83a5-4010-ab79-04eef3f4cba5,bf8ef2c4-1eb7-42ca-8be6-f2bef274044f,ChIJC4a0GTAdDTkR08VLCKrqsfs,view,2026-02-13T10:29:46.004612
7607ddf7-7aac-4194-afee-5f8f1a9a47ea,95c51aa1-e6ce-4852-a42e-f3569b27a779,ChIJvfDCaMerDTkRij3h8iw-1bM,view,2026-02-13T14:29:46.004612
e05b5ab8-a65b-422a-8dd9-ff4c1a490f38,4639b934-5fe9-4988-a7c9-d96a8fdde734,ChIJe3A-xMkEDTkR1g2PS6vXF5k,view,2026-02-13T14:29:46.004612
08707ddb-c5f4-4a69-a6ac-19f6884fcd67,d34c9416-f56f-4dae-9cf5-56f6594ee57e,ChIJtYbaLgD7DDkRnGLGPEVaYt0,view,2026-02-13T15:29:46.004612
b3adba26-7287-4621-84e4-7afe3edfd5e7,707176f7-e65e-4f74-aa77-67cf4908c945,ChIJzYWKVtgEDTkREkjqjzN6nas,view,2026-02-13T16:29:46.004612
4370e4e9-93de-43eb-bd89-287e11624144,e7483e8d-5e2f-48fd-be42-05bb11f1c1e8,ChIJqx4kZTP5DDkR0tWpOf7Q3tM,view,2026-02-13T17:29:46.004612
077e6e6d-2f71-4013-b479-62cdc86c2d5b,83ffdadc-58d1-4474-a5d5-e61a9f6dd60c,ChIJTYaPJtkdDTkRueyL3cN2yXA,view,2026-02-13T17:29:46.004612
f41506fa-ec19-4db7-bb04-67ad09e8fd88,cce8c56a-e309-4b1b-a10f-aa98d1c1a2e6,ChIJU5ZfTy3nDDkREzNyq06aZjA,view,2026-02-13T19:29:46.004612
68dffbb2-b703-48b4-819d-5eaef683984f,7d11a3e6-38c9-4c51-b54c-9616796ccf44,ChIJL2zf1n8ZDTkRrIjmGANW7ks,view,2026-02-13T19:29:46.004612
0077ab35-3ca6-4f8a-a27f-9c17600b8ff6,3b428902-1fa1-4f4b-832a-63e59efc721e,ChIJzw_MWG0BDTkRVR_jgo6c2JM,booking,2026-02-13T19:29:46.004612
4c22f399-47f3-4f97-8483-2fa42cda3715,2193f16f-6e7d-43b4-b8c4-d81443715e97,ChIJ_RzqqisFDTkRYxg7FcLYFkg,rating,2026-02-13T20:29:46.004612
c7fe326f-a038-4fc3-892d-3da2b940d7f3,6f5cee92-8e7c-4c1c-9d8c-411e6f4f82bd,ChIJq6qathkdDTkR-mtwPPIV2C8,click,2026-02-14T01:29:46.004612
bc15a15b-9f03-4dee-9299-593925ea42c5,b9da6e16-3980-4e85-a275-645c69b299d2,ChIJ4x53ez8BDTkR5CIlTSFHw1g,view,2026-02-14T03:29:46.004612
1a1e41f0-5b09-408c-90e1-16ff0e20e8b6,839088d5-7b33-40bf-8bf6-49d5f44731c4,ChIJVcq7PHb_DDkRvXTkH3L2FNM,click,2026-02-14T05:29:46.004612
dc1b8270-4c09-469b-bafd-4db8a85484ca,1168582a-a016-437c-a4ff-15850825f071,ChIJr3w57d8ZDTkReaF1ZGBlgvM,click,2026-02-14T06:29:46.004612
2fcfb91e-4b41-462f-8129-12015de2f3ed,96ffebd7-5dbe-4467-9460-c36ae73f330f,ChIJd0vHMCweDTkRayozzfX4sGc,view,2026-02-14T06:29:46.004612
cef6b5b4-8ba5-4979-b2f5-011732eb0738,484ba900-a1cf-4128-ac39-0cdaae9a5892,ChIJf_RyNJQZDTkRAVspU3WJK8U,click,2026-02-14T08:29:46.004612
50c0b5c3-5e3f-4585-913d-ff8d5242b062,6c2832ef-52b7-4ee9-85e0-7f010f2ca247,ChIJ9edIGvoDDTkRVxqbcgB6rm0,view,2026-02-14T09:29:46.004612
7b91863a-5649-4f44-9b4f-8dc03bf24878,286ff317-1da8-4ec6-b632-d31a28acb766,ChIJhfP0934DDTkRb0xgy-Wsucs,view,2026-02-14T10:29:46.004612
92139cf4-68d4-4949-93e0-f440c2db80f2,846b2807-cf91-4cf7-a447-83140da3193f,ChIJE36DOowgDTkRLAxRjfgu7bk,view,2026-02-14T11:29:46.004612
3e62a3f0-a49c-4207-bed6-f2c3c429b262,273f4f11-eeb9-481e-bedd-70af1db321b3,ChIJbfkmJQAHDTkRD-L97rM_8Bc,view,2026-02-14T12:29:46.004612
004ddcff-f2a0-474a-8d69-707d1ca16ab4,2fd646f2-e520-44d5-91cc-a0c8d5556ccd,ChIJr1CxLkEbDTkRau7ByVr9-gc,view,2026-02-14T14:29:46.004612
27e42c7c-5e1e-418a-842d-dd284b7a5439,59e28b8b-ec3b-45e3-ad0a-a6ece3d84656,ChIJnQozcn8_DTkR60f2nzOlM_M,booking,2026-02-14T15:29:46.004612
c9adc320-1761-4395-9b6e-829d0ca6dd59,bf4a6286-f6db-40cb-9bcc-9a1a9f09f2a0,ChIJF1rwqbA_DTkRKDUXfcJj9g4,rating,2026-02-14T16:29:46.004612
7e013d29-95a8-40fe-ae5d-2bd88016f5a0,1274b034-38fa-494a-92bf-820c21e1d8ae,ChIJzVpPAUwHDTkRCd2U21g5PSs,view,2026-02-14T17:29:46.004612
6bcda637-dd81-43bc-9e69-bcdfe2088e3f,01d97da9-9450-46d0-9d48-4d63b6ee1037,ChIJh45apMkfDTkRsVm3VhUXE74,view,2026-02-14T19:29:46.004612
18e738e3-7b5e-435a-b6b6-7636b1f6eef7,39f5fcae-f5ba-44ad-8b50-270a409a543d,ChIJP6BH6_0VDTkRvwuF1c6Yb6k,view,2026-02-14T20:29:46.004612
15289dd3-dffe-4ebf-88da-0f73c964725c,f5f4a114-68d1-4f54-a589-9da9679700bc,ChIJ87DHGs4ZDTkRx1Hiq-G3rsI,click,2026-02-14T21:29:46.004612
486d1c95-3d0b-49fc-a552-2c986ec4b11b,bf4a6286-f6db-40cb-9bcc-9a1a9f09f2a0,ChIJ1xyjNmH5DDkR74Qi8mkqu6Q,click,2026-02-14T22:29:46.004612
2696c52c-1f19-4e97-b981-823aebe9794f,07f01097-d530-4312-baab-84f09e19bebc,ChIJD-_OOykHDTkRfcnV8lQwHtg,view,2026-02-14T23:29:46.004612
3c425d35-8fa8-4e6b-9575-98a1f332c4a3,4003ebff-5d17-4435-a6c6-3fb2f1cd6fc9,ChIJ1xyjNmH5DDkR74Qi8mkqu6Q,view,2026-02-15T01:29:46.004612
de5c6d81-a97d-4ae9-ad90-3daae7dc9f53,ab07ab46-445b-426a-b5ef-96a3feb8d1c5,ChIJyd-sPQDjDDkRfRiRKD5GJXg,view,2026-02-15T04:29:46.004612
64ad6c22-e35b-4bd1-8654-8c1cfb44c421,67c2686b-a7c5-4cf0-8b27-bcc3f277c271,ChIJVc-6iDLcDDkRYFx6THP4ASc,view,2026-02-15T05:29:46.004612
2a6bf3a8-f7b1-4b34-bd10-b61cf636f1a2,f2b832c6-31cb-4296-93c7-38b91309e699,ChIJ8wb5Nwb9DDkRrQpokLfjOsU,view,2026-02-15T07:29:46.004612
6a38bd04-bbdd-41b7-91dc-be161b39867f,86d28bc0-8971-4188-824b-f6a721bf58a4,ChIJAxoZFF0-DTkRrQYeGhnCS1c,view,2026-02-15T08:29:46.004612
f2aeeae1-ce19-4dc5-b9f4-5a1bbafaa729,bded2630-13b7-4983-996d-dfe536cc25e8,ChIJP-z7CgAdDTkR7pLATQ2ZZwQ,view,2026-02-15T08:29:46.004612
1196aad0-86d6-40bd-8b3b-1dd5901f8ba9,15648a93-5422-43e7-a1d6-64fa0ce9ea19,ChIJuQOV4UP9DDkR_zW0AORu0Os,view,2026-02-15T08:29:46.004612
53fbf49b-3f08-4b3d-9628-d9536ebfb7c3,484ba900-a1cf-4128-ac39-0cdaae9a5892,ChIJ1eAJv3EBDTkRh-_kWmP5-nE,rating,2026-02-15T09:29:46.004612
0f5da4b5-7acf-4e93-b0d2-9cf6be1cf19f,b57da618-a9b5-4630-9880-8c79827b243b,ChIJU3oKZUD9DDkRkIDqiY8COb0,view,2026-02-15T09:29:46.004612
a60c2e05-6424-48c7-b759-9d51b40830fc,b9da6e16-3980-4e85-a275-645c69b299d2,ChIJlyWNs-T9DDkRLPAb1o0WNH0,click,2026-02-15T10:29:46.004612
0fcbbef9-7058-4eb3-9acf-8022e08ec7c6,1a966a46-37e5-4402-8172-7fe4c1d1a78c,ChIJ9bGyTpwCDTkRUo-2hSFXffA,click,2026-02-15T11:29:46.004612
750f8ca1-e331-4541-a6f4-a8434461f4bc,85f877fc-5969-4798-846a-782e928d85b4,ChIJb0yEFbr7DDkR1DMZ_Stt7uI,click,2026-02-15T12:29:46.004612
f61a4c9e-5bf4-4d7d-a24f-a2c4fce34b94,6b11b2cc-9f94-4c6f-b9de-f595d313ff12,ChIJRZaLkZkbDTkRkJRD2nrcKFs,view,2026-02-15T13:29:46.004612
4113f96e-cf1b-4d8e-b78b-1dadf6d53a2e,aa89df07-439a-45b6-b957-89603535eb64,ChIJPWZW_gkEDTkRvJ3DTtFoPVQ,click,2026-02-15T14:29:46.004612
506767ec-a397-4ff5-abde-1102831982db,01d97da9-9450-46d0-9d48-4d63b6ee1037,ChIJoUe5i936DDkRrglOagh-Tcc,view,2026-02-15T14:29:46.004612
db5367ec-2976-48d7-a2fd-14b27d13f9eb,57e8dcaa-fdaa-4def-936e-0b4021b78ee7,ChIJrdHmZoQZDTkRmwGZkcfPj4Y,booking,2026-02-15T15:29:46.004612
aa261dde-d5c0-423f-9715-e73e9a75b548,016c47da-f16b-4395-998c-e8891c818397,ChIJ3wz0KwfiDDkRjHFWQTiSUNA,view,2026-02-15T17:29:46.004612
7c11f603-9b3e-4b3f-b182-d4c0b7c8def5,b60e1ae9-9bbe-4fe3-b307-8ee22b9be2e8,ChIJAQAAMLD-DDkRdPtt8LsVujA,view,2026-02-15T17:29:46.004612
95c1a6e0-cd70-4241-b5c3-9970a32fbcdd,deefffa1-96ae-4ef6-ba08-7bc27c9629e2,ChIJUdsPbuIdDTkRqpgi2i7xKkI,view,2026-02-15T17:29:46.004612
316db16e-303e-4aae-ba59-c29e227e8cc3,273f4f11-eeb9-481e-bedd-70af1db321b3,ChIJVcq7PHb_DDkRvXTkH3L2FNM,view,2026-02-15T18:29:46.004612
95553f56-06d8-44a3-a3c6-7c64cfb23533,e7483e8d-5e2f-48fd-be42-05bb11f1c1e8,ChIJlVva8wIDDTkROmiajVKodCw,view,2026-02-15T18:29:46.004612
96ef9258-7f02-400f-b9b7-03f6bac712df,7f31a28a-8a8b-46cc-95f1-2f15e5a87f6c,ChIJrwaFLOAfDTkRPIo2B_lkjSU,booking,2026-02-15T18:29:46.004612
417863a5-4846-4033-b49a-0678796565ef,6e8e4d3a-1efd-4e21-a015-272eb9d742a5,ChIJbd9OQUMZDTkRVnrtcXUQNAA,booking,2026-02-15T21:29:46.004612
0ce65487-8bb7-4331-b565-496591d8d38f,d73b304a-f775-4123-9173-d5265d5c878c,ChIJV_KLIUD9DDkRW62Ipndqqnw,click,2026-02-15T23:29:46.004612
12b703b7-2853-4352-ac22-424e97fc5d48,0fcbf1b1-b632-4a5b-ad37-a1cafc6a9b99,ChIJiyN1kz8bDTkRA2ud_zDRLqM,view,2026-02-15T23:29:46.004612
6a22c70f-0f4d-48c3-9f58-c644cf4662e7,1d50262e-384c-48c6-b5ad-e6828a492d4e,ChIJ96cpUlsDDTkRK5rHUFLyRQc,view,2026-02-16T02:29:46.004612
523b3031-cace-4b65-80b6-cc2dc7f94536,c5f30753-7997-42fd-a42e-8c163ed92a7d,ChIJudcH0C8dDTkRk6QLFST8EMs,booking,2026-02-16T03:29:46.004612
bee00431-5307-4ba8-9a0c-047acb15fe33,f83a9ebe-79bf-4a5e-a810-f0efdebbe210,ChIJEXvCGcb7DDkRYQ8mxzNzj5o,view,2026-02-16T04:29:46.004612
cec54dd8-0aa8-4b06-a811-a8eddd0a43ca,4639b934-5fe9-4988-a7c9-d96a8fdde734,ChIJc3ZI9pobDTkRPtK8HE8mb4I,view,2026-02-16T04:29:46.004612
8c557131-80ef-4970-9ec1-674923595bce,db7cb10c-7a2c-43e6-a261-591ad5984a61,ChIJFT23yP8bDTkRm65IVfSQIsk,view,2026-02-16T04:29:46.004612
ab7eca5e-4a66-40ac-aa81-82ae02a2e43b,da9b2f0d-d096-4cea-954a-60d89171bcc7,ChIJu-J1KIL9DDkRr5qeJBYa8PM,view,2026-02-16T05:29:46.004612
bc4c1292-0f85-4957-a117-69ba0f9f6ea3,d0ff5ea0-21b1-4d08-96e0-2be464aec051,ChIJGSgZBUEcDTkRRd8_ULbNj6U,view,2026-02-16T05:29:46.004612
06be3970-2ae3-44b4-9c32-0978be7be31c,b235fa8c-2e45-40d6-a101-d3e2ec9b95f3,ChIJKST1WAIiDTkRsgzAHRBHBv4,view,2026-02-16T06:29:46.004612
a73a4439-ece2-4f5b-8a04-359cc7903105,4dc7cd50-ed82-4165-9cb2-95481760b39c,ChIJE3OAKsb7DDkR9ddf6PCweXI,click,2026-02-16T07:29:46.004612
a2eab5a8-3bc4-41e6-986c-0e91df677fdd,aa11e355-39c9-4ce8-9ee4-13608adb3979,ChIJQ0vxHv8fDTkRUeYGo5JciUc,click,2026-02-16T07:29:46.004612
ba4226ce-12ae-4e06-b4dc-029ad7e6feac,0017310a-c3e7-4737-8d72-a3e46b8bab54,ChIJtzqgI2U-DTkRsyjuU_lRS18,click,2026-02-16T07:29:46.004612
a9ef3c64-5487-4874-bfc4-1c56dbaceb28,5b506e71-9c12-4464-bcad-b01a9a6f78a7,ChIJBbCOpAnlDDkRaY_Ew4Tetlk,click,2026-02-16T07:29:46.004612
e27da7ac-fe3e-4db4-be90-5f58d73bae98,cb4ba209-214b-4c3e-9d38-d6e297a60fc4,ChIJOWkXrRcbDTkROW7di1XMXsA,view,2026-02-16T08:29:46.004612
a9f93d1a-1bc9-44d6-b0a8-f7d6940833d6,8b090365-f819-477f-a8f7-4bc8e4f950d9,ChIJ2UWUkp4HDTkRBo8KrLlPKjU,booking,2026-02-16T08:29:46.004612
75517809-acde-4514-a6a7-87647ba49b2d,72e38c5b-4c41-4765-88bb-9762bba55769,ChIJY009gVIXDTkR68MwDX50jN8,view,2026-02-16T08:29:46.004612
e4a8ca40-f044-4b0a-a3ec-396dec58ad76,8f9e1132-4420-4b95-8a79-3d6493bc06de,ChIJWxJ1vDscDTkRtxnxwLjdnK4,view,2026-02-16T09:29:46.004612
69665d8e-989e-44db-9dd1-db5c45a8a723,3c6b907b-a9a0-4ec9-9d24-fec31f360051,ChIJHz6rlQ0ZDTkR3PLIrgWCYmM,view,2026-02-16T09:29:46.004612
7ea34473-4ec5-44c2-bc12-1af603550f3a,b2e7a098-4d76-4ba5-ad49-7f4f75a9dabc,ChIJj0IpArTeDDkRBg2UFCSt5DI,view,2026-02-16T10:29:46.004612
4a332c08-70df-46cf-8780-aeb600747163,96ffebd7-5dbe-4467-9460-c36ae73f330f,ChIJ9f5mdiv7DDkRq-mRrFelJAo,view,2026-02-16T10:29:46.004612
1494de12-466a-4ede-afa0-607ba62c88dc,727def27-1002-43f4-adf8-95427b0d04c6,ChIJJxUVzAkdDTkR3suKEjMZLts,view,2026-02-16T10:29:46.004612
bff91dbf-6ba8-4e29-b629-0cf417c9e2b6,b0646bb4-2e4d-4bb0-84c0-1e4362d49fe0,ChIJuVkOINPjDDkR4FBr49a3Org,view,2026-02-16T11:29:46.004612
d23d4c18-67b4-4083-b799-aea74b7708d8,b38395c5-c158-4137-9ad2-bda81def4908,ChIJtR6Xc-8HDTkRAo-EkgV3FkA,click,2026-02-16T12:29:46.004612
28bd8e2c-7480-466c-b661-432d26c06b65,d801e23d-c229-4ebc-8261-5eeff8a3e839,ChIJfZabjD_9DDkR0siMJiwLzR8,view,2026-02-16T14:29:46.004612
ec2166c5-ce50-4ac9-bcbe-2a75b38fcfb8,5411c625-0363-45d1-8312-e40a866e6d71,ChIJVbuUnf6rDTkR5fEqj8mUzJ0,view,2026-02-16T16:29:46.004612
381120aa-6198-4379-b7d7-61bf03111f61,8da672ff-814d-4227-b722-f99f4d59c6e2,ChIJExG1eyD7DDkRL_OZpZYiyHE,click,2026-02-16T16:29:46.004612
b4c1e542-b011-467d-b732-714cd586b625,39b76144-566c-4959-8bff-c3994d5d34bf,ChIJwXk9hdr9DDkR2FSvNa9XuIo,click,2026-02-16T16:29:46.004612
1eb135d1-94ac-4e2d-bc63-7895b95b369a,6c2832ef-52b7-4ee9-85e0-7f010f2ca247,ChIJCyUAlnH7DDkRGOw37CO42EY,rating,2026-02-16T16:29:46.004612
0be74080-ae90-4f76-98ef-83f9f331b6f5,309f441d-29e0-4ce7-beae-bf3754530e3a,ChIJqxGysiLcDDkRb_4pTjmeGHc,view,2026-02-16T16:29:46.004612
b2c5f0ed-f878-4b51-9f27-044539105fa7,1286e900-2bda-4dc7-a8b2-b147e132c1b1,ChIJYd2edCEPDTkRXh72EOAVeTg,click,2026-02-16T17:29:46.004612
3f8d0977-3012-4ae8-932b-25ca1988581b,afee0ca8-aa1a-4864-be53-1421a03ede9c,ChIJHyjs3C_dDDkRyM4BTCNh7Sw,view,2026-02-16T17:29:46.004612
fc4fe475-7886-4d06-9c26-b192acecbb98,9c9bbc96-a034-46f6-9517-98986f690a92,ChIJi6djbFgaDTkRSlSm1pL_cEI,view,2026-02-16T17:29:46.004612
3bd03b79-55ed-456a-8b48-9bcef5bf4468,bc40a13a-1f0d-4827-8fd7-b0013673bbb5,ChIJayqg-TUbDTkRcFyaA0O5Wog,view,2026-02-16T18:29:46.004612
204a2934-5014-40f4-83ec-7f452e237a93,b948be74-ff70-4b2c-a8ac-6733c4d38921,ChIJh_fvpJ0fDTkRUtRf7hTB600,click,2026-02-16T18:29:46.004612
f49b86d8-9e3b-46b0-a8f2-085d89e8ce53,4f6b2cdd-7c5e-42e9-a615-b9d0e094dd29,ChIJn8LrfyyvJzoRS4k22Vtcxl0,click,2026-02-16T19:29:46.004612
607b747a-a290-4ff3-900f-811e7ffa73f2,3be37f58-0dfb-4c1a-b9bf-9b21b5badc17,ChIJZ15qheAHDTkRTBlaPob9Hjs,rating,2026-02-16T19:29:46.004612
79bbd005-3e2f-49f4-b413-e262da2e01bb,49b2df49-3f31-4516-8625-94cad41afb7b,ChIJW1fDLSUbDTkRityti1y0TWk,view,2026-02-16T20:29:46.004612
942af9c5-5264-4e40-9f29-0fe7b6d7e91a,7f31a28a-8a8b-46cc-95f1-2f15e5a87f6c,ChIJ335bATblDDkR1WS3B174oYA,view,2026-02-16T20:29:46.004612
39a10ac7-9300-41b8-8342-55ae44af3640,a63ce3a9-8eb7-4028-979b-e79d5f10eae1,ChIJVZv6HQD7DDkRuvanyn__P7A,click,2026-02-16T22:29:46.004612
9c30bd24-8f05-48c9-af6e-a8fe3ba8eb19,5634ccaa-f864-4d36-8a6c-77bded2a45ca,ChIJjWa5JFAPDTkRDAWNgAmRllc,click,2026-02-16T23:29:46.004612
d71494e1-386a-4cbe-b4f2-beb99268eaf6,5634ccaa-f864-4d36-8a6c-77bded2a45ca,ChIJR1FVbAgiDTkR3NiZViDPc1w,view,2026-02-17T00:29:46.004612
c67e3fe1-2587-4fc9-ae2e-de9472e21d9d,d853ef17-5a32-48d7-b5ef-b40a9b628554,ChIJYfoVs1v9DDkRM9L-6Z-zHdg,view,2026-02-17T00:29:46.004612
12093f28-2e49-45cb-adb5-ffdaeaf9a175,2cf4a0e9-b235-47bd-bea5-d3539ba5581d,ChIJIx-vIgAHDTkRbubTc7FHDgU,view,2026-02-17T01:29:46.004612
004df9b1-d36c-4c0f-b7da-5975dd98db50,4f6b2cdd-7c5e-42e9-a615-b9d0e094dd29,ChIJtaq-A5zjDDkRhbzhTkwimYg,view,2026-02-17T01:29:46.004612
c86d05c4-9ecf-4329-a36c-f7269bee398b,f0abf17e-55d4-4b53-a889-e6b8756557cc,ChIJudcH0C8dDTkRk6QLFST8EMs,click,2026-02-17T02:29:46.004612
19bc5a12-3594-42e0-a945-f5b5aa472ab1,3f499889-a418-497c-916e-2919e78cf28b,ChIJCyc2Pa_mDDkRFDjbRorrdGg,click,2026-02-17T04:29:46.004612
a315a4a2-7906-467b-a308-1c041efbe20f,465b38fd-b023-42c8-ac74-4f3a04c11aef,ChIJMdVeUHz9DDkRUb0zQeex0LI,view,2026-02-17T05:29:46.004612
259fb132-4e08-4a9c-bb3a-62752a12a0be,4dc7cd50-ed82-4165-9cb2-95481760b39c,ChIJHZoxKrPjDDkRG6jciOAg1Ic,view,2026-02-17T05:29:46.004612
c829d947-ef3a-499b-b086-827c391d9462,71a97c06-0f2a-4bda-a53b-8c3a1583e76a,ChIJR3a0cswFDTkR9VOW8hki9K4,view,2026-02-17T05:29:46.004612
44aaa796-da4f-4fa5-b804-80b98827f26a,9291da7d-ec80-4d1c-a640-2394346f1f5f,ChIJbQkQQq38DDkRiO1-3Xdle-Y,view,2026-02-17T06:29:46.004612
41505c0d-b0d8-4452-862e-d76b080ae1de,26b70735-b82d-4c89-9334-8cd9716109e6,ChIJ95pIbxIMDTkRS4oadXUcB64,view,2026-02-17T07:29:46.004612
31411904-d01d-49a6-8204-6c5a0693754a,347df7b2-6daf-4811-bb35-2ef31257a753,ChIJQcH65xwdDTkRcF0kAI2f3WI,view,2026-02-17T11:29:46.004612
03e85b3f-d2cd-4e3c-8514-9525702d895b,a4242dbd-9983-4afb-a44f-2f856be11ace,ChIJm3CI3S0ZDTkRAUh7BLkoMAg,booking,2026-02-17T12:29:46.004612
b6fd7ff1-5adc-4478-b91a-34aba38bac1f,81f17506-2057-4c64-bc50-ffa0a4be120e,ChIJ6yMHonsZDTkRMN0eS43o7Tw,click,2026-02-17T12:29:46.004612
19a704ff-233e-462b-9dbc-1d7f66effdec,2897d22c-1b7f-4641-b976-942bcd0098fc,ChIJa8DmBlkZDTkRmCx2X4Z5BuU,view,2026-02-17T12:29:46.004612
4b595e70-6958-448a-953c-7ab014de9645,1d91a951-055b-4366-90cc-4a08d8bbbd0a,ChIJN5fZNLn7DDkRY8ODIpzubIY,view,2026-02-17T14:29:46.004612
7a2615f9-c77c-4430-afb2-f6aa5f4a571e,2c9dde81-e54c-479b-b88a-2c5f24e573b2,ChIJHaWKGvAdDTkR1l7uIkF9HwE,click,2026-02-17T14:29:46.004612
72821485-82af-47fa-9f80-5cd310cfb1d0,52c153e2-41de-4d35-810b-c52b9f4a0421,ChIJPwDEgOH9DDkRVZXlK8nS0nw,view,2026-02-17T14:29:46.004612
9c914604-dbde-4153-8d7e-d94e50a95676,ef575917-4cb4-4cbd-903d-4be53a66ca29,ChIJz9f-o84BDTkRWxCjQOpjWnQ,view,2026-02-17T15:29:46.004612
2421959c-635b-4c5f-b9b8-aba4625811ce,68be285b-1a38-4ef9-8adb-e9d8d197e111,ChIJTyMFBar8DDkRR_cmTPi5jkw,view,2026-02-17T15:29:46.004612
10081e82-0efa-4563-969b-f0e632f1be91,fb617c3d-7cd1-413c-a61b-d2a28188a0e8,ChIJq5SJS2YfDTkRQUWOxyoaoOE,click,2026-02-17T15:29:46.004612
356ced40-1fb1-4902-8fdb-1d072f5b2bd1,e36a7a29-e37f-4ebb-869f-fd6d38fb9c4c,ChIJveFwKoPhDDkRIqlykGWRMYA,booking,2026-02-17T16:29:46.004612
6e3311ac-2890-4250-89ce-c5754ce02c0d,9d0d6a27-7f27-4d93-8c47-818ba00fe46f,ChIJx6m1uo7dDDkR12u8JLX6V1I,view,2026-02-17T17:29:46.004612
c08c06e4-e88c-47dd-9c5f-f28334a42593,1f570286-7792-442b-8f71-00fb25c68d25,ChIJnStO6bwZDTkRREJ25WLH6gQ,view,2026-02-17T17:29:46.004612
e5818cbf-4b94-4b92-b495-4fbddf1058b6,455c5038-f0da-4351-8e44-5c698fbb3cd4,ChIJQYncXHQFDTkRJ6acaW9_9Cs,view,2026-02-17T19:29:46.004612
e9ea7a98-7bfb-4977-bb42-c91638f36d0e,d694e279-26f0-478e-a275-e78f43bbc3be,ChIJKxVFie8CDTkRIgB2qqYMcOs,booking,2026-02-17T20:29:46.004612
0e97727e-b40f-41d9-82dd-2d3c05f61829,f7b4c86d-3e91-48e0-a4c4-aa93d7561142,ChIJuzFfhHP9DDkRoWxD6RIlgzY,view,2026-02-17T20:29:46.004612
4e2bc1d4-05fa-4623-acf8-97c00619e695,afee0ca8-aa1a-4864-be53-1421a03ede9c,ChIJAQB0mwAiDTkRGTqwPngT9Qg,click,2026-02-17T20:29:46.004612
31defb5f-51ab-4010-bd62-677b8f54487b,839088d5-7b33-40bf-8bf6-49d5f44731c4,ChIJ3yRDa7gGDTkRLrdOe3Q5vpU,view,2026-02-17T20:29:46.004612
4012964f-f70b-48b4-a54d-fae9334e3adc,c131bea0-1936-4c45-9c96-2241d812f287,ChIJWdjKacEZDTkRJ9Sdiz-wiEo,view,2026-02-17T20:29:46.004612
023ea483-4244-4327-855b-eebfe6921255,9a263236-afcb-403e-8655-3a6f6ecb858a,ChIJq30zq979DDkRSrt4pkT7aSM,view,2026-02-17T21:29:46.004612
1554667e-2d71-4162-bb30-23cb4329573c,8e935e7a-0260-49cb-aa1e-48267d2f9a18,ChIJW2xl_aT9DDkRXJh6k_z5vC4,view,2026-02-17T21:29:46.004612
6f30ecbe-da33-4eb2-8c67-12a424521930,2434643d-e449-4434-baf0-1a56659c1297,ChIJg95hFcUaDTkRPEIHxlLFqD0,click,2026-02-17T21:29:46.004612
abf3ec54-2d91-4209-8453-fcd9a39d2f17,71ae3c55-6348-4d79-99bb-9c5d39142091,ChIJq3VR8w3_DDkRPICGVj8ny_I,view,2026-02-17T22:29:46.004612
f061540d-fc7e-4f7c-8d41-7797390a9dcd,ede3c223-c729-4f41-8a65-93e70a54573f,ChIJIQA2Z7wfDTkRZw25k-8InI0,click,2026-02-17T23:29:46.004612
20e5c65d-5da4-4993-8578-57af55ea233c,4425f3a7-554a-4c3a-a9b7-a894da580b61,ChIJmxMf1OUZDTkRIJSsusHos68,rating,2026-02-18T00:29:46.004612
353e8366-3506-45b8-a631-177a2761c156,fd52ef5f-a3ad-4f17-b65f-4e148b894e34,ChIJe921vQz7DDkRAdCP7xbNCEQ,click,2026-02-18T01:29:46.004612
d8337178-5f51-47ca-8bf1-c896fdff780f,6ef7c17f-1f34-4ed8-a961-05c1c0081f79,ChIJ__9Cj5v9DDkRsjHV7byyVaw,view,2026-02-18T01:29:46.004612
4bc826fc-0bd1-4e16-9f46-123128f090e7,10287ce6-65b9-4142-8b2a-cf7790da529f,ChIJaUH1g7YZDTkRwGo7eJ6sXow,view,2026-02-18T01:29:46.004612
268a36cd-6403-447c-a624-4261f451c1dc,9b8b2cdf-b647-436c-bfa1-08291768ca1c,ChIJfUhqA8YjDTkRIhFkg-BOGCU,booking,2026-02-18T02:29:46.004612
e26e8859-fbf7-43ca-b2c7-54a55dccba32,3f88c491-58fd-44a2-abf9-df85d43a1465,ChIJL2zf1n8ZDTkRrIjmGANW7ks,view,2026-02-18T04:29:46.004612
34e34c32-99c5-4dcf-baf5-51be7119d708,594d3d8a-35f8-41cc-8de8-d3f2d5ac97b0,ChIJyUXaansBDTkRKVNqN84YfWs,click,2026-02-18T05:29:46.004612
bb8e04cd-8b72-4258-a088-d3f35619c0b9,7c71e93f-0a3e-4d1d-817b-1c0c1870c296,ChIJ4xrnQuerDTkRFSt71MB3oMw,view,2026-02-18T05:29:46.004612
5e3ec27b-bebf-44ea-a017-32434933a31c,230a24ea-89f9-4b74-a54c-d9696059eb93,ChIJqQ3x2j0FDTkRHNMbO1tpnwo,view,2026-02-18T06:29:46.004612
375848e9-4fa2-495e-b397-1900b538eea8,465b38fd-b023-42c8-ac74-4f3a04c11aef,ChIJCfft_zQZDTkR-d687pw4YUI,click,2026-02-18T07:29:46.004612
71d10744-91f2-439c-a445-a29df5d1db65,679828ac-25ef-47d0-b116-ef9f689c8e4e,ChIJoY6Dp7cfDTkRzEdiSCB7ErA,view,2026-02-18T11:29:46.004612
493ad5aa-b5bd-4642-b9f0-dd31b0e1ccb4,8f4d7c87-1d82-4a50-9906-1697ed6997a3,ChIJj6f6_j8YDTkRRjtc27zzXbg,view,2026-02-18T12:29:46.004612
f7fa4723-3d24-41bd-aa66-fdea74a9858c,3ff11692-d469-4c8c-a91e-bf5dc86c1d71,ChIJa8gPi4Y9DTkRTPXvb9eCpQg,view,2026-02-18T12:29:46.004612
0128c7eb-703b-423d-9f7d-43da8b02dd32,6ef7c17f-1f34-4ed8-a961-05c1c0081f79,ChIJj3OjmdKtDTkRvWh_wE1co6E,click,2026-02-18T12:29:46.004612
54558335-e65b-4dcf-a15d-1a50e8677030,544f1349-c1c5-481f-8968-8b4a3f64ba7b,ChIJ70yHFd4BDTkRDCBZqoNKwjY,click,2026-02-18T12:29:46.004612
54a11a48-03a3-4d8a-9492-5a806acdbf45,98e4f59a-5671-44a4-95c3-9fe7f00ace75,ChIJJ-iCsl7dDDkRD6VpV-uTHQw,click,2026-02-18T13:29:46.004612
13d21514-ac51-4643-9a48-d3929ef9a83e,d0ff5ea0-21b1-4d08-96e0-2be464aec051,ChIJRUCw2qIFDTkR48WVAJkMcjM,click,2026-02-18T13:29:46.004612
8c573bd2-8ab2-48c0-adde-050935319ec2,1cc1f619-e172-43eb-95a9-250a047d53e3,ChIJu8LlD5oGDTkRwBIgoNVPNuU,click,2026-02-18T13:29:46.004612
c642708c-c8e9-4254-a1cc-7727940d55e1,6c2832ef-52b7-4ee9-85e0-7f010f2ca247,ChIJERGjA9qrDTkRDLW8qze8P0I,view,2026-02-18T13:29:46.004612
6ad0dcc9-fd8a-4c25-9af0-2e01910a0e0b,55d1592c-6b83-4763-bc4a-ec29a66a4d8f,ChIJ_9rw7eAFDTkRqnPuRhVAmcE,view,2026-02-18T15:29:46.004612
af06df0c-1385-4fdd-b2a7-da91d2b979c8,1af78088-0b1c-47f9-b1dc-923c9353f8b4,ChIJZyIlaxwZDTkRlnVSGo9liHo,view,2026-02-18T16:29:46.004612
fd47b46c-b462-4103-907e-7db7a0ab3df0,45851b54-9ffa-4405-ab68-681909d82682,ChIJc3ZI9pobDTkRPtK8HE8mb4I,view,2026-02-18T16:29:46.004612
1a2b14d1-3a33-4fca-889d-f676d8420f79,03a15616-3687-40ea-8a20-d01b6c4010f7,ChIJz6uJIQfjDDkR3gifjDKqsIQ,view,2026-02-18T16:29:46.004612
dc41e35a-f558-4e73-aeda-29e2e5e7abb2,e7846780-b12f-477e-9b42-13be2a46552a,ChIJIxJHPnEBDTkRdg5tnZH7IOY,view,2026-02-18T16:29:46.004612
96b72e52-af22-4e5d-afa0-8b63ce618876,4b3d1313-86ae-416e-83df-480f1500caf5,ChIJ3biBSov9DDkRTqlRipFxhOk,booking,2026-02-18T17:29:46.004612
6cc108a8-e0f7-4f1b-8301-e265fad97d3f,fd52ef5f-a3ad-4f17-b65f-4e148b894e34,ChIJoUDVS4MZDTkRqZ1d-JC_LcA,view,2026-02-18T17:29:46.004612
56432c7b-4dfd-4e00-aa4d-2099cba79cff,b8fcf47c-4bb1-4462-855b-b29e2dbb8968,ChIJt4qyPQAfDTkRBMvujBJs42E,booking,2026-02-18T17:29:46.004612
2ba609eb-6042-4565-b06d-5eaf43007a19,6b407a40-9886-47bb-8ead-3205c79118ae,ChIJM1VXRjQZDTkRoBS-7Y_b8qY,view,2026-02-18T17:29:46.004612
30f75a69-f7ac-4ba1-bd44-3474e9757f48,f6bca5e6-d93f-4742-9d35-8b9c2d6ae349,ChIJCUCbwIwZDTkRpOs1cXoyU2Q,view,2026-02-18T17:29:46.004612
ea78b50f-160c-4af5-a3f0-2355e7a03592,00062863-ad1f-4d03-8bb1-ae6ba994a3ad,ChIJ__9Cj5v9DDkRsjHV7byyVaw,click,2026-02-18T19:29:46.004612
ab00d2b5-78ae-45a4-8c17-5c95060468ed,cc04bfa6-c90e-4dcc-a3ca-d304f232bc5c,ChIJmZQOztIdDTkRP7F2TwIcXdg,booking,2026-02-18T23:29:46.004612
8f1cc727-ab6e-4bd0-8a0f-a1aafecc4be4,f7b4c86d-3e91-48e0-a4c4-aa93d7561142,ChIJ69cVdAD9DDkRKbdKKZC9RCA,view,2026-02-19T01:29:46.004612
6a658ccf-0920-46db-ae64-4763730fcd85,ece06da3-fbf2-4e16-8615-5a2990099b20,ChIJ_aDnf8sVDTkRnJ0EHXJQld4,view,2026-02-19T03:29:46.004612
31c06886-db8b-4d14-875f-02419c27148f,4c18b54d-024c-4b20-aeb7-d1e358626222,ChIJD52m02gEDTkRjAvSWtdaO2E,view,2026-02-19T03:29:46.004612
ee4afea7-553a-4f0f-9482-0a6f4b511a98,4a9b5a31-30cb-4210-8cf6-0068f510758b,ChIJdy7ZET3cDDkRwzZ86bC0Ick,view,2026-02-19T04:29:46.004612
1703f121-ec48-4488-8603-e3be763e397c,b3440ec7-c397-458b-8788-741bff239018,ChIJ6ykOwE37DDkR4kHteRFVpGg,view,2026-02-19T08:29:46.004612
4ccb0eae-a424-40bb-91ea-22943d74b185,bd53fe1b-2589-4522-adde-54aa56cf7d13,ChIJrcOxu7MVDTkRwGNFDz8XwIA,click,2026-02-19T10:29:46.004612
30f8e41b-487c-4431-9374-616f2db61fce,aa89df07-439a-45b6-b957-89603535eb64,ChIJtwsPvxsXDTkRbnLWQkgcsoU,view,2026-02-19T10:29:46.004612
a6f0ba16-ca85-43e2-be85-66c4581d3581,a9e7889e-fdaa-4b54-9fe8-9364200b7f6f,ChIJmxMf1OUZDTkRIJSsusHos68,click,2026-02-19T11:29:46.004612
ea395c37-a4b1-4e9a-8bed-8d22fda6ed01,72e38c5b-4c41-4765-88bb-9762bba55769,ChIJu32QGTP_DDkRokwZ4k-ZmZ8,click,2026-02-19T11:29:46.004612
b0e17ce3-151e-424f-9e98-38cc446c8bc9,4ef76e02-bb82-46e4-b94e-a2762f4f3e40,ChIJE36DOowgDTkRLAxRjfgu7bk,view,2026-02-19T11:29:46.004612
e95d67a9-8d80-4714-a77c-94d18fe522c9,7982c846-d69e-4f9f-8142-bed1f5e309f0,ChIJlzKkDmkFDTkR741uQY0UNgg,booking,2026-02-19T12:29:46.004612
96688e93-ae78-4952-a286-6be7c03737eb,3b3e881a-72d0-47ab-9058-597b7916acc0,ChIJD0RVhn8ZDTkRUF5yuCiz2QU,view,2026-02-19T12:29:46.004612
3a1c5584-7e73-4b43-b099-4af3a0b1907a,63202cd2-4df1-414e-90d4-f3548eec0853,ChIJExG1eyD7DDkRL_OZpZYiyHE,view,2026-02-19T13:29:46.004612
1a57a6ff-186f-4ad5-abaa-a5cd91addbc4,e36a7a29-e37f-4ebb-869f-fd6d38fb9c4c,ChIJ76JImg0dDTkRVUXq0b3XW0A,view,2026-02-19T19:29:46.004612
86a6c25e-23ca-43be-997c-e2cb16316cdb,3c4b7a3f-0093-4a17-a928-554f1957cab9,ChIJc3tLO9gHDTkR-Yt8o7HV9V0,view,2026-02-19T20:29:46.004612
a98a32ab-5879-4dec-8e2b-99e1d4da8e38,847d6eaf-b9bf-4508-bed5-ce0364bc8d76,ChIJRz9E5sELDTkRP0iz7bKL2qA,booking,2026-02-19T20:29:46.004612
231fb88c-be34-436f-8cee-3479d2788ab4,4ef76e02-bb82-46e4-b94e-a2762f4f3e40,ChIJy2cTCzADDTkRQf0Uee9-tZ4,view,2026-02-19T21:29:46.004612
71da5896-f0c6-4ce4-92ea-e40db6432fd4,bf4a6286-f6db-40cb-9bcc-9a1a9f09f2a0,ChIJr8v4rd0fDTkRYHHvdeASgxA,booking,2026-02-19T21:29:46.004612
7bf0cd96-9c97-447b-a6ce-e45686aca386,b3440ec7-c397-458b-8788-741bff239018,ChIJfbu6VMgaDTkREnaExmD70RM,click,2026-02-19T21:29:46.004612
7ec4994b-3ab2-4faa-9527-840853fe1c58,343d5e3b-254c-4a76-8135-239d2bcf5816,ChIJw5YvHgAfDTkRBy56MNY2nl0,rating,2026-02-19T22:29:46.004612
c91c1195-1c54-43b1-a468-e9be89f0cd2b,5f717026-5eec-44ef-99b2-099eb05496d6,ChIJs28LAX_7DDkRyHzGDbAs6YM,view,2026-02-20T00:29:46.004612
8e3aca03-1b3e-4296-a2a0-597290e950aa,4b3d1313-86ae-416e-83df-480f1500caf5,ChIJa2KZCt77DDkRKDW7Yi-oHV0,view,2026-02-20T00:29:46.004612
491808b4-7338-4375-95c7-5ab4d4e497da,1241c6f3-c91f-42df-96f8-3f4947ba237e,ChIJtzXjyKv8DDkRasu5QY9A85k,view,2026-02-20T01:29:46.004612
96f7cefa-70d1-4180-9bc6-17eb45f33ee4,04c48e09-7532-4bfa-8622-cf1c105e871b,ChIJ-Q4xA7DlDDkRKbmDpYkiiUA,view,2026-02-20T02:29:46.004612
16b573c1-eeb0-47bf-8ebc-e83ebe288791,bb74e6c0-1515-41e7-a45d-f026aff79822,ChIJYWObOR_lDDkRC3aMeHig0Mw,view,2026-02-20T04:29:46.004612
29682664-8685-461d-8812-9f7e55c54c36,644ddcbe-3a6c-4c87-9979-76c4f245432b,ChIJ-c-55sofDTkRvmWM-SVTms4,rating,2026-02-20T05:29:46.004612
0a22d90c-7a5e-42bc-a3e3-7840352ce96f,37de0f28-7a43-47a2-9d90-c2de45afbe17,ChIJOTDUK3wFDTkR_mzMfRGI7jI,view,2026-02-20T06:29:46.004612
a9d55768-7346-4d05-9ee0-7d503170d8a1,81b57fe8-6ec3-40ae-bf9a-0555a7fa02bc,ChIJMzNKkUYBDTkRBzsD5Gov384,click,2026-02-20T06:29:46.004612
912127ea-4c83-4e5b-848c-9cf685074d4d,b602ad38-cc4b-46ca-897b-b91ecf1c889f,ChIJ-VWydUYZDTkRCK1L0K_hslU,click,2026-02-20T07:29:46.004612
935e6a0b-0c7c-461e-83ce-8247b3c9d464,5565485b-f264-4b14-acdc-ff5089e43975,ChIJLQysRQDhDDkRwKEOpvjvpK8,view,2026-02-20T08:29:46.004612
59e4f93c-77ab-462f-8ad4-83ddbe1e712a,d80e9afb-ddc2-46b9-8b07-1483fcd71a37,ChIJM0-S5aAHDTkRRSCWC-TUc4o,view,2026-02-20T08:29:46.004612
99e13235-a3d1-4bd5-9a21-9054fb7e25fd,d853ef17-5a32-48d7-b5ef-b40a9b628554,ChIJm1yegN_iDDkR2RLLVNyqbZ4,click,2026-02-20T09:29:46.004612
dc162f88-112c-4220-a298-37547a5bf41c,0c50b5d9-f96c-4e02-90ff-f62dc44de641,ChIJv95cHRgZDTkRuOlyYk0-h9g,click,2026-02-20T10:29:46.004612
541cd7c3-8ac4-47b9-a661-cb849532581f,ede3c223-c729-4f41-8a65-93e70a54573f,ChIJ87NRphjiDDkRMh3igGPGQUg,view,2026-02-20T11:29:46.004612
40dc5b10-29ae-4627-9281-22420b092e4d,db7cb10c-7a2c-43e6-a261-591ad5984a61,ChIJc4BAbZoJDTkRKKZrpsVFBFw,click,2026-02-20T13:29:46.004612
b5560745-e263-4418-9cb4-56bb1869b34d,22719aa4-f2ac-491f-b133-5be359b4d629,ChIJi36xEZ8bDTkR4WthqzO9FOk,click,2026-02-20T14:29:46.004612
ad8e4351-ddcb-4adc-a292-e9a84868905f,940b5992-b2c8-4606-8577-fb950b49d30e,ChIJx_FdBwDnDDkRBnx9GzcApi8,view,2026-02-20T14:29:46.004612
a9f78a4b-209c-43c9-ae1a-5db3e8486326,8e1590a4-3c73-44fd-b894-b061956af9ef,ChIJa2MsH6MCDTkR2k0d3sh8BGU,view,2026-02-20T14:29:46.004612
b6b01a98-716b-41bd-8e18-774a42483f15,15648a93-5422-43e7-a1d6-64fa0ce9ea19,ChIJF40SMosZDTkRch0ZBwZJygY,view,2026-02-20T14:29:46.004612
989a7b2e-0852-41ee-abbb-aeb996c0f484,1a988cbd-2d3a-4c58-ba0e-928c5a1069c3,ChIJ52FmthX9DDkRuV3TTavgdAA,view,2026-02-20T14:29:46.004612
16cc455a-eaf1-4786-9779-f2827fcf0316,0017310a-c3e7-4737-8d72-a3e46b8bab54,ChIJvwz3f_wYDTkRppCWpizlKPk,view,2026-02-20T15:29:46.004612
1aa76643-f5e6-42a9-9b66-8278d3a213ba,c93d87fb-8e69-48fd-b7fe-3ada0e1ca17c,ChIJAXp7bFcZDTkRkKdt_Lt46Tk,view,2026-02-20T18:29:46.004612
f88464fc-8bdd-418c-9b52-83825a26bdf5,557d605a-e639-4ef3-9f0a-8d9ce87566ba,ChIJSfTjlIYXDTkRJjVdzF94PSM,rating,2026-02-20T18:29:46.004612
998dd4f5-eafe-4fd9-8389-426c95fb50a7,51d092dd-3846-4d2f-8b35-b21be88ff3f2,ChIJe-euBg79DDkRqrpZ5Pzm8Qw,view,2026-02-20T19:29:46.004612
8f57e3fd-4d9e-4dde-85fa-b1dc1f33e7ab,82703928-e288-4c52-85cb-7d60ddd1bf9a,ChIJ____Qq3jDDkRUN3S8QF_1Ec,click,2026-02-20T20:29:46.004612
f335bcf4-5ab2-4d9d-9b5b-5754ef2c9884,75da1846-dda2-4389-a5c4-54969fca2036,ChIJKagwI0YZDTkRYT__pYzMFyY,click,2026-02-20T21:29:46.004612
ebdf0929-1429-4587-8075-43ed1f6bc084,b06db2c7-0962-44a2-9e2e-0c20ed116e97,ChIJYdNoMrwCDTkRFluyHeSqGoI,view,2026-02-20T21:29:46.004612
7021b302-e367-4d6d-b7ac-eb3ea2d053c6,1a988cbd-2d3a-4c58-ba0e-928c5a1069c3,ChIJV_KLIUD9DDkRW62Ipndqqnw,view,2026-02-20T22:29:46.004612
24d3d3c5-0a41-443b-8c49-069d8cf7a9e7,9a263236-afcb-403e-8655-3a6f6ecb858a,ChIJ6UcYhSEeDTkR6E7j3U9cv-0,view,2026-02-20T23:29:46.004612
95595dfa-8b9d-424a-929f-51dfb0ec55bc,aab10c81-0332-41a7-9c80-c13a075e121f,ChIJLfQAWagDDTkRGM0hGwSrAyw,click,2026-02-21T00:29:46.004612
bfc65f00-0811-4b4b-a20b-bc1ba60c056c,dedb4304-bec8-4355-954d-14319cfb705a,ChIJHTk_xiSrDTkRuw-N0yZBD0I,view,2026-02-21T01:29:46.004612
deb5fe8e-80a0-4e7c-ad2d-bb6e51e67d5f,49b2df49-3f31-4516-8625-94cad41afb7b,ChIJkf5hPkEcDTkRkw-x73G9OyM,click,2026-02-21T02:29:46.004612
10ab1415-60af-48a1-a50e-7bed63348bb6,4d6646bc-b36d-45de-a3ca-ce7fc91447a8,ChIJH6jGmccFDTkR3zHqyC0B97E,view,2026-02-21T02:29:46.004612
483e5219-bee6-4bed-a0cf-e1d198645dbc,a9f2b8e4-5587-4cb2-9cf6-444ee1d94e8d,ChIJYbdlwT3fDDkRR4j0lgH9GwQ,view,2026-02-21T03:29:46.004612
bbad243e-f075-4865-8458-8fd800a8dfb7,1286e900-2bda-4dc7-a8b2-b147e132c1b1,ChIJw38BrVMZDTkR5GJOODWBotg,rating,2026-02-21T03:29:46.004612
063ff9d3-356f-4231-8844-da2f96bc0865,c28bf682-7f39-4316-9aa9-ee5f7e627aa1,ChIJ9bGyTpwCDTkRpCJHmrLyp8g,view,2026-02-21T04:29:46.004612
f040a10a-6d1b-48df-8b01-45640c275de5,5726aa25-2159-40f2-ab85-fb507378d08d,ChIJqXNvIZUdDTkR25SLKrXqpcs,click,2026-02-21T05:29:46.004612
8f3de9bf-8596-4acd-9214-894f65386b1f,1985a14e-3658-436a-9fa0-f2e01a645c6f,ChIJc3tLO9gHDTkR-Yt8o7HV9V0,view,2026-02-21T05:29:46.004612
253ff706-d690-4576-8032-17bbeeb7685a,b948be74-ff70-4b2c-a8ac-6733c4d38921,ChIJBbpSm1sJDTkRdKOUL6qnOIY,view,2026-02-21T05:29:46.004612
713d4575-b39f-45eb-a5b8-8c3c0371c434,230a24ea-89f9-4b74-a54c-d9696059eb93,ChIJuS9QqWoHDTkRK828ZAauYDE,click,2026-02-21T06:29:46.004612
0be12d3e-eab4-4618-9560-403a95426e98,5f717026-5eec-44ef-99b2-099eb05496d6,ChIJGwNKtJ_iDDkRzM29RVCaCN8,view,2026-02-21T06:29:46.004612
ef10c876-caff-487a-a40c-377902945690,8eb07be8-2d0a-465d-889e-75d3715585c5,ChIJ83zzx1sHDTkRI1NK8xauAC4,view,2026-02-21T06:29:46.004612
d723b408-3453-49b9-af75-26eeecdbc102,74ad3d40-2592-4821-a38e-36590ea74c68,ChIJeW9TomIBDTkRLs8ZjvIZbhY,view,2026-02-21T07:29:46.004612
002f504e-c2a0-4e59-9bd5-b361938ef2e7,363eabf7-9851-4ce3-aca3-6c053f03ad0e,ChIJwdp9bzADDTkRt_4Txb3SJn4,rating,2026-02-21T08:29:46.004612
04b926c3-67c7-4997-8bdc-579c805d0fd0,fd0a9c7d-c212-4dd1-94af-29cd1630015c,ChIJM5oBwCkDDTkRcugcLbFClE8,click,2026-02-21T08:29:46.004612
633bc6fc-2586-4ff7-8151-63199926b00d,380668ac-3826-4240-8bc5-84eac5c2d421,ChIJRTIaDoXjDDkRo05ATdzGmF4,click,2026-02-21T08:29:46.004612
525c5e2e-1df6-48db-b584-ef04ca3b786d,4d6e905c-7e27-4c61-b9eb-2bc79ce3ea71,ChIJ486HNRMBDTkRM1sl8rwuie4,click,2026-02-21T09:29:46.004612
64313e6d-d7b1-45ff-bf40-c1250a0c180a,2fa7abcb-5b57-43dd-8df8-d6119015d2d2,ChIJOTDUK3wFDTkR_mzMfRGI7jI,booking,2026-02-21T10:29:46.004612
0eadbefb-17e1-42dc-94d5-d5ac0fa3c3bb,20a3b51e-0c43-41c0-8993-bab69b7ad66b,ChIJPwDEgOH9DDkRVZXlK8nS0nw,view,2026-02-21T11:29:46.004612
436d754d-ad61-4595-bf40-2906b2dd1d17,f0abf17e-55d4-4b53-a889-e6b8756557cc,ChIJuwnUayoBDTkR7f2EijQM9g8,rating,2026-02-21T12:29:46.004612
92a79ce3-ac2c-4fd1-8ffc-d7e0516aa893,caab96b4-e8ef-4347-afd0-094ea39488d5,ChIJqyK42_sYDTkRv0equibh_ow,booking,2026-02-21T13:29:46.004612
4d17cf8f-d5e0-4427-815e-e9b05095ee86,4d738cf6-50d3-40f8-b83a-922abbe0ec30,ChIJFXWsgMwZDTkRvXpQTNJyZlM,view,2026-02-21T14:29:46.004612
93d21502-b134-4baa-8dc2-24e825652281,d6c92fba-1649-488b-ab2d-05bd565daea4,ChIJQQ-msLgZDTkRgftdjITVkXE,view,2026-02-21T16:29:46.004612
4fc5c793-be0b-42ad-a210-17d164d9b11d,bb27f4a3-acf5-4fbe-b9e7-ac5430056281,ChIJuXSu2CbhDDkR2BjuXI2YDLU,view,2026-02-21T17:29:46.004612
513ec93a-0c1f-478b-a235-91bf96ded534,49b2df49-3f31-4516-8625-94cad41afb7b,ChIJg301fAMJDTkRf7OGcLE3iAU,view,2026-02-21T17:29:46.004612
09b86761-54cb-4724-9f2f-8e87df23fd91,8c30620c-53b0-4082-b6e7-989999a6a645,ChIJm3CI3S0ZDTkRAUh7BLkoMAg,click,2026-02-21T18:29:46.004612
9df4f330-8f1a-4cd4-bb1d-bb85d2d7c96d,1f79ba5b-356e-4127-b6f3-d87edbe2c4d4,ChIJi154BwIFDTkREjsPJCSV5O4,click,2026-02-21T19:29:46.004612
329f5067-d888-47dd-b99c-3ed75bd35848,e8d93133-4aaa-428c-8120-027f2cfd27a1,ChIJCzkoDqcEDTkR80MrklwRG6U,booking,2026-02-21T19:29:46.004612
5fd0d0b2-2a56-4575-8746-2da8f6eb9113,1274b034-38fa-494a-92bf-820c21e1d8ae,ChIJER_F-egHDTkRbHX8JGkVv2U,click,2026-02-21T21:29:46.004612
41a9a1b0-3404-4ad3-8b3d-97bb63ea6ea3,a554eb05-1b5b-4f27-9dad-f6cc82a824cd,ChIJd0OgBToZDTkRhlQmthdje-Y,view,2026-02-21T22:29:46.004612
a89ddbc6-0c56-484f-bf34-6bb82026bda0,03a15616-3687-40ea-8a20-d01b6c4010f7,ChIJBw4gkmQJDTkRCfSriSCLgGE,click,2026-02-21T23:29:46.004612
c6405f48-878f-40f5-b9e3-0b577decaa8e,f7bdf6e2-f5d0-4b36-9776-2115898d5b5a,ChIJCbfAqZ4CDTkRb3axkMEgrnw,click,2026-02-22T00:29:46.004612
c878a310-6ecb-4da7-8200-ab583f622e78,2df7c9fa-e1b5-4986-8644-a1c7220f45dd,ChIJpTcilaQ9DTkR5_-YMDv8bCY,view,2026-02-22T00:29:46.004612
b61e589b-1df6-4eab-a970-c5479fbb7f07,0f0b3196-4513-4454-9357-72d7f6241f04,ChIJkf5hPkEcDTkRkw-x73G9OyM,rating,2026-02-22T01:29:46.004612
f37a1cf2-4a11-4c11-bb8d-b2e4141cc23e,7f31a28a-8a8b-46cc-95f1-2f15e5a87f6c,ChIJe4zp0KMdDTkRm90YLrHBVg8,view,2026-02-22T02:29:46.004612
4999ac72-9c81-4a28-a39f-990434b97ad8,73d1f3ba-ad8f-4898-81b9-f6c5929fcc4a,ChIJScfQWH77DDkRSkN5qnZY4gs,view,2026-02-22T02:29:46.004612
4ccc2b16-9ffc-4387-a32c-81f1fcb3c1cf,b06db2c7-0962-44a2-9e2e-0c20ed116e97,ChIJbd9OQUMZDTkRVnrtcXUQNAA,view,2026-02-22T03:29:46.004612
52ac8a62-4650-4b12-9584-eda3b50b3d15,deefffa1-96ae-4ef6-ba08-7bc27c9629e2,ChIJa1Ew2zQdDTkRoVtBcorX4Nw,view,2026-02-22T05:29:46.004612
49b30000-3330-4d76-8fae-deb22dbb4c8f,b3440ec7-c397-458b-8788-741bff239018,ChIJoe00oYwBDTkR88z2B2LfPpE,view,2026-02-22T10:29:46.004612
55f06847-923a-4664-b7d0-566aa974c927,8e1590a4-3c73-44fd-b894-b061956af9ef,ChIJ2-xcczADDTkR_bBvOkfwe2M,click,2026-02-22T11:29:46.004612
e7e7bf23-e3ae-4fdf-8cae-225585dcd343,b988bd2a-7c75-4df8-b2db-28493c0a7680,ChIJP6H9y4PjDDkRCjSUHsc5fjI,view,2026-02-22T13:29:46.004612
8e0097a1-6892-4ec5-98c8-40a086ee1f6b,5d1a8502-0bde-4cbf-abb8-8046f6e08c8f,ChIJgWst_o4FDTkREBbjHgEZyow,view,2026-02-22T14:29:46.004612
573c8c9b-ecb4-4864-8e3d-3fcf5bd806c7,ce684b65-1011-48f4-b0fc-af68c31c585a,ChIJtfVFi38ADTkRXdDWAReIZ2o,click,2026-02-22T14:29:46.004612
e214107a-599b-493d-a706-583acb353e35,3b030995-f450-4070-abce-89f1ee8fd2ec,ChIJAYcyTJ0ZDTkRLMQcp2ZFyMc,view,2026-02-22T14:29:46.004612
aa664f0a-d257-4030-b204-b5fa8420222f,1f79ba5b-356e-4127-b6f3-d87edbe2c4d4,ChIJey3atz_cDDkRzaFat-06_cg,view,2026-02-22T15:29:46.004612
ab9ff1f8-115e-4339-ab87-ed6f5a6d94c8,c9ebadce-3230-44db-85ee-e0a12a580290,ChIJ_y1TYvz9DDkRN-aFtSMAKCs,view,2026-02-22T17:29:46.004612
058bb858-e6d5-4649-8bc6-bce5992dd5b9,459130c7-4617-4eec-b6b7-413a5293b66e,ChIJF8i-etEdDTkREtkYnwqAdDg,view,2026-02-22T18:29:46.004612
abae0f7f-2de2-4eb7-87d0-cf89d314e836,54cbb673-58d1-4206-9254-266ea780131d,ChIJu-J1KIL9DDkRr5qeJBYa8PM,click,2026-02-22T18:29:46.004612
0b7e17dc-e65c-4eb6-8666-6fa6d2179149,2897d22c-1b7f-4641-b976-942bcd0098fc,ChIJtxG-LJkCDTkRg84qf1td3qg,view,2026-02-22T20:29:46.004612
45a46896-2f24-41a5-805f-8a879c707054,b8c90cfd-7490-43bd-912f-128c7b0f4647,ChIJ5ztBr_kZDTkR4LzBbqbWcSk,view,2026-02-22T21:29:46.004612
03f1d649-13f6-4715-9b4b-ede10d4d37ff,ffccccf4-2c20-4f4a-a66d-20eff4e7c71f,ChIJuWJbafgdDTkRgrD6U1ZCKtc,click,2026-02-22T21:29:46.004612
33fad811-fec5-4228-8461-bd3534bffd1b,12fa4ce4-e2ef-4524-8132-24094afc0019,ChIJda6QOks8DTkRSYPBnAZZFs8,view,2026-02-23T00:29:46.004612
a8da6119-2570-4fda-90cc-f5d434af4763,4b1efde4-1976-41de-8e08-9be773c8c067,ChIJDYSnz5QBDTkRX_zVDWiJhWI,view,2026-02-23T01:29:46.004612
a6f3dfef-1e65-4ac9-b856-2c517aa66739,6b407a40-9886-47bb-8ead-3205c79118ae,ChIJFzlAtHoEDTkRWL-rjvV_XKE,booking,2026-02-23T01:29:46.004612
d3533673-21b1-4592-8ad4-6782350c347d,363eabf7-9851-4ce3-aca3-6c053f03ad0e,ChIJ52FmthX9DDkRuV3TTavgdAA,view,2026-02-23T01:29:46.004612
3fc59e6b-2091-43a4-a6cc-d25af94e6444,8cdcfb8b-2826-48e2-bd78-fe1ab76f2155,ChIJtYj0-CfdDDkRAGrPizQfakk,booking,2026-02-23T02:29:46.004612
0368c8a2-2ac8-48d9-9b11-4b2cba7f4fb9,c52cd18e-e4a9-48cf-9b4f-f37a04c823f5,ChIJlVva8wIDDTkROmiajVKodCw,view,2026-02-23T04:29:46.004612
cae69e36-b6b9-4a61-87d1-7716ae414abf,501d7b93-7873-4a3e-a801-8c1c2b684e85,ChIJO6S1YKjdDDkRgT-6xy2HcGU,click,2026-02-23T04:29:46.004612
7232a248-9e13-44fc-b832-288f8c33499f,bf66700f-a785-4863-8675-5231896b5901,ChIJbe0Wa9oZDTkR_jLO_rumWio,rating,2026-02-23T04:29:46.004612
a9803dc1-1b7b-49ef-bbe6-8d9229a0ccd8,10f543c8-1c12-44c4-bd7a-379c57cf1952,ChIJ1ywK05AZDTkRdgEqHoRr7Qc,view,2026-02-23T06:29:46.004612
e1d41f2d-55dc-4648-bbfa-54241301714b,7779069e-c5ed-4221-b334-a4a5bccb349a,ChIJE_C2GxfjDDkR-hXZcO33uF0,view,2026-02-23T06:29:46.004612
1105ed5c-7ceb-409f-91fd-c8e6d0165c33,d73b304a-f775-4123-9173-d5265d5c878c,ChIJCfft_zQZDTkR-d687pw4YUI,view,2026-02-23T06:29:46.004612
3835c711-4544-40f8-9511-77d5985fa628,5fc98c67-e5e9-43f6-8188-59f70e55c234,ChIJERGjA9qrDTkRDLW8qze8P0I,view,2026-02-23T07:29:46.004612
735e58e9-b6c8-451f-8275-08ba550c878c,c903641a-a29f-414d-b2d7-b1523031f0c3,ChIJiTGgzpkCDTkRfjZ2Ar8ZSBU,view,2026-02-23T08:29:46.004612
cb2087ed-65ec-4fd0-b914-6195b67c0ce7,cb4ba209-214b-4c3e-9d38-d6e297a60fc4,ChIJT4jvxKGrDTkRnzdf-hiY6nU,rating,2026-02-23T09:29:46.004612
1b24ae69-cbe9-4bd6-9e28-4377f53596f2,10f543c8-1c12-44c4-bd7a-379c57cf1952,ChIJ-Q4xA7DlDDkRKbmDpYkiiUA,view,2026-02-23T09:29:46.004612
6e534795-271b-49dc-8ad4-76c5f0067f26,b06db2c7-0962-44a2-9e2e-0c20ed116e97,ChIJq6qqatPgDDkRZcvXKuNHJ0M,view,2026-02-23T09:29:46.004612
4010450e-932e-4e97-ad5a-cbf193b4cd84,3015c9b6-5899-4199-bf11-0dce85a55a7f,ChIJ_y1TYvz9DDkRN-aFtSMAKCs,rating,2026-02-23T10:29:46.004612
3aaab41e-5913-49f6-9803-53d5e7c39656,9fd64f36-b44c-465e-a838-768ba5b5d51f,ChIJPwpn3iIZDTkRtUmKOOXCCSw,click,2026-02-23T13:29:46.004612
d09f3f80-4b59-4199-bc7c-209015dea360,4ee53c98-472b-4757-9476-f0053bbc9025,ChIJAQAAwMoZDTkRW9hrHxvXr20,view,2026-02-23T13:29:46.004612
19bb4299-ed06-45da-939e-056075a11fee,b2bae56e-6bef-4589-91f8-3bcb0079a939,ChIJKRCAWocZDTkRba7C87Hijs8,booking,2026-02-23T13:29:46.004612
99088279-c496-423a-bf7f-b96da77e6a21,4b1efde4-1976-41de-8e08-9be773c8c067,ChIJ____v_wYDTkRhZscYezopi4,view,2026-02-23T14:29:46.004612
47f206e6-ab1d-4e52-bead-4bc6bf793f6b,14237f3f-320c-4edb-85ce-4f3d28234a74,ChIJ31qkaK4XDTkRRv1q3L_F6vs,view,2026-02-23T15:29:46.004612
a22458a1-2663-4c0e-a2b7-6d940ea85a79,c4260743-0058-48a7-a3f8-b4929bdd3743,ChIJXw3kOk8ZDTkR5BoYbGOlxWQ,click,2026-02-23T15:29:46.004612
b9726336-d3e2-4654-90b2-4fa5f47e1fec,bb27f4a3-acf5-4fbe-b9e7-ac5430056281,ChIJb9VeCNMYDTkRcs0Bfr8neXo,booking,2026-02-23T15:29:46.004612
4d355915-5bcc-469b-aa30-09a7c0d8abcf,d853ef17-5a32-48d7-b5ef-b40a9b628554,ChIJSy2Zdb3nDDkRPu34BuB3FtQ,view,2026-02-23T16:29:46.004612
cdf24771-3f94-4d77-87f8-3eb38615bef5,b02a8ef4-0dc1-4e3e-b34b-71430b2f044f,ChIJwV3SeBABDTkRQtfVG9zEhOY,click,2026-02-23T18:29:46.004612
31d71d25-cf08-411f-9801-d95f28e3839c,a7cc2721-25a5-4249-96c5-dd28b2e6a2d2,ChIJ845-Av8hDTkR92215ULZUa0,click,2026-02-23T18:29:46.004612
05d38a7a-ee25-4796-8ac6-34013ad1c06c,6ee09409-0b4e-41b7-8daf-93dfa6d3922b,ChIJR-G7XwX9DDkRB5h2b4-759I,click,2026-02-23T20:29:46.004612
fe3cb76b-a96e-451e-bb9a-5c76ed1cf536,86d28bc0-8971-4188-824b-f6a721bf58a4,ChIJz1izm5IjDTkRNiCBlzrxrNk,click,2026-02-23T21:29:46.004612
10877912-12a7-4b62-8674-f41affbb189d,45166870-9387-4484-b22d-da6ca7e8e9e2,ChIJVYMKBmgNDTkRj8J6SsyjxSo,view,2026-02-23T22:29:46.004612
c5724a4b-bf5b-43db-8a71-fcc9cd106a52,594d3d8a-35f8-41cc-8de8-d3f2d5ac97b0,ChIJh45apMkfDTkRsVm3VhUXE74,view,2026-02-23T22:29:46.004612
c7ecf235-cf9f-41ba-bfa7-a9145627d779,707176f7-e65e-4f74-aa77-67cf4908c945,ChIJ8eP7GADhDDkRFW6C7rXhNB0,view,2026-02-24T02:29:46.004612
8eab7602-ca94-4a7d-a75b-47d616ee7dc3,d694e279-26f0-478e-a275-e78f43bbc3be,ChIJqdWdI88jDTkRl5jezmWbhyo,view,2026-02-24T02:29:46.004612
b0e27bcd-1730-4c92-98a0-71bef8b0b328,a67483a0-bba7-4549-b3cc-1da04bc4ad8e,ChIJRU_hfK0ZDTkRmuwgwPQ_cDM,view,2026-02-24T03:29:46.004612
b417dd5b-1b8d-4f3b-be88-6a535ea280f9,4a9b5a31-30cb-4210-8cf6-0068f510758b,ChIJ27PwpZ0EDTkRwIoF5IlHPDI,view,2026-02-24T04:29:46.004612
19f625a1-b979-47c0-b120-93c6f6d649f1,40e0e959-e6b4-48b9-a8e2-f18df0cf67a6,ChIJ9f5mdiv7DDkRq-mRrFelJAo,view,2026-02-24T04:29:46.004612
8cada3b1-f791-4c3b-8c61-297cfb1a50a3,664dac6b-5441-4ea5-b690-49182d74ead3,ChIJa3V2bkYYDTkRXORa3zzhsTw,click,2026-02-24T04:29:46.004612
e3fd6dab-2c5a-432f-a217-f2403f0503cf,5634ccaa-f864-4d36-8a6c-77bded2a45ca,ChIJzUZZUdzjDDkRJKDEesqf9fQ,click,2026-02-24T05:29:46.004612
e2170bc8-16d2-4b86-b31b-88c104c17cbe,665e3599-cb6b-4c1d-a10d-1e405f2b6c97,ChIJ75mawVXjDDkRgnu3gPfCRjc,view,2026-02-24T05:29:46.004612
824cefb2-a1c4-4d6d-9cdd-4b009798a63d,7b25bca1-5cf8-4df1-a24f-5c00b397a370,ChIJMdVeUHz9DDkRUb0zQeex0LI,click,2026-02-24T05:29:46.004612
2f287e53-9ff9-4ae3-a769-370bc51fdb81,c9ebadce-3230-44db-85ee-e0a12a580290,ChIJQ0vxHv8fDTkRUeYGo5JciUc,click,2026-02-24T06:29:46.004612
8139ecf8-3a68-430f-93c6-36dd4dd7cd40,51fa3079-2cef-4318-b8ef-a637eea98162,ChIJf4aZlKIZDTkRZvUGFuf-IV4,view,2026-02-24T07:29:46.004612
19ab36f9-134e-453b-8e7e-379f1b648fd3,f7b4c86d-3e91-48e0-a4c4-aa93d7561142,ChIJ4bbuL5sZDTkRKr-J97a4G0s,view,2026-02-24T07:29:46.004612
45188918-2867-4773-89ae-1711ee95d5d6,21819714-4b8b-44be-b538-6a6d5ffa4a75,ChIJMZRygAijDTkRpnV6jgoMkYA,view,2026-02-24T08:29:46.004612
6f68a935-3c39-485c-be01-130d10f60ac9,10287ce6-65b9-4142-8b2a-cf7790da529f,ChIJf_i50DwbDTkRJKI6ATn2HHQ,booking,2026-02-24T10:29:46.004612
19066df8-df76-46b5-afd4-a32342a373cd,85f877fc-5969-4798-846a-782e928d85b4,ChIJgePgPlwbDTkRe99VXOPJjJ4,view,2026-02-24T10:29:46.004612
fee82c0a-e728-4a9a-bd79-7b1ea3e823a7,bf32f0be-fb4a-4c05-af6c-5f7f6971a8c2,ChIJtfVFi38ADTkRXdDWAReIZ2o,view,2026-02-24T10:29:46.004612
0484516a-f2df-4295-8ce3-977b8831f6a9,9be46000-e50f-41d7-a48e-ba9af941968f,ChIJ8XxKq60YDTkR1qyuvd84B8k,view,2026-02-24T13:29:46.004612
e2808a95-59de-4d22-be6b-e282167c50e8,bf66700f-a785-4863-8675-5231896b5901,ChIJqx4kZTP5DDkR0tWpOf7Q3tM,view,2026-02-24T15:29:46.004612
338308dd-e2b4-455d-9711-bd3ce1bfda18,d6601a21-1afe-4426-bcac-c14472456e67,ChIJm5rPtlGrDTkR8sMpKe-1YS4,booking,2026-02-24T15:29:46.004612
982249dd-d9b7-4389-81d6-d21a34d9d10a,2c0c18c4-b0f1-44e3-a7bc-9b9d8a191886,ChIJuXSu2CbhDDkR2BjuXI2YDLU,click,2026-02-24T18:29:46.004612
83f8e4d3-f354-4514-8776-44114e409d5a,2897d22c-1b7f-4641-b976-942bcd0098fc,ChIJgfNsgx3iDDkRVYjia-ScBMI,click,2026-02-24T19:29:46.004612
380c7a38-3944-414d-b5a4-d4f9b6f9b18f,ab07ab46-445b-426a-b5ef-96a3feb8d1c5,ChIJ5dfWP_UdDTkRciVp85XPAk0,click,2026-02-24T19:29:46.004612
39a1939b-63a6-47cf-a3c3-d3f3853db294,b2bae56e-6bef-4589-91f8-3bcb0079a939,ChIJ_9rw7eAFDTkRqnPuRhVAmcE,click,2026-02-24T20:29:46.004612
5e6b446f-6b01-4e73-aea5-59bc8a33a768,d801e23d-c229-4ebc-8261-5eeff8a3e839,ChIJVVVVJXjiDDkR8LEuFu326Ss,view,2026-02-24T20:29:46.004612
f49dda45-8542-4b35-aa10-d5111aaf5a35,96ffebd7-5dbe-4467-9460-c36ae73f330f,ChIJ8SvdaJsLDTkR_ZJVxtepIE4,view,2026-02-24T20:29:46.004612
55125548-4f48-4d0b-81d7-97da11857f17,fdb7ca70-b5a5-48af-9880-77e833de17bd,ChIJu2YFVjb9DDkR0KTtXpZwXtA,view,2026-02-24T21:29:46.004612
f499660c-b0d6-475b-a041-d21599433ca4,e8d93133-4aaa-428c-8120-027f2cfd27a1,ChIJoe00oYwBDTkR88z2B2LfPpE,booking,2026-02-24T21:29:46.004612
5a820f6c-4055-4435-a211-b5703ab53c87,9fd64f36-b44c-465e-a838-768ba5b5d51f,ChIJm053GEI-DTkRwKJuNdfAyLw,booking,2026-02-25T00:29:46.004612
a95bff44-1827-46ad-a72b-20143804950d,d18f287a-51f3-40e8-b8cb-0cc2548799a7,ChIJtaq-A5zjDDkRhbzhTkwimYg,view,2026-02-25T03:29:46.004612
2d4a2cba-4401-4d50-9cda-168595b88c42,343d5e3b-254c-4a76-8135-239d2bcf5816,ChIJ845VBz0eDTkRn4taWpUHdMI,view,2026-02-25T04:29:46.004612
0aec988a-c139-4ed7-a8d9-739b7223c505,5634ccaa-f864-4d36-8a6c-77bded2a45ca,ChIJFZZ_cMbiDDkRyR0HOWvIml0,view,2026-02-25T04:29:46.004612
f1a70998-2f3d-4246-ad11-3595ede9ad8b,1286e900-2bda-4dc7-a8b2-b147e132c1b1,ChIJcWZoJ0rnDDkR7ya1Tpcw6-k,view,2026-02-25T05:29:46.004612
4ea5ef96-964d-4d97-9ca5-cc537d307e40,42536817-5943-4069-999f-811aabc65160,ChIJnQTKoYYXDTkRU7pRAcKFALk,click,2026-02-25T06:29:46.004612
fb84889e-3caf-4e37-8c82-dea9925d48ee,d0568206-fb99-4420-93e5-955e8cbc76f9,ChIJRdQiFUo8DTkRlKBQhTQKzPo,view,2026-02-25T06:29:46.004612
4adc8cf4-392d-42cb-98f3-5f283e35d4f4,2c0c18c4-b0f1-44e3-a7bc-9b9d8a191886,ChIJGbsb2uIDDTkRH8ymaGf-FEk,view,2026-02-25T08:29:46.004612
021699cc-dc7d-4256-a9c9-2269b07d1d42,caab96b4-e8ef-4347-afd0-094ea39488d5,ChIJgyqMzGPnDDkRQ20lUOXLQO8,click,2026-02-25T08:29:46.004612
51c2f256-4d72-457e-a0ad-cc73c9f190b0,f4445df4-8aa1-46d1-ba98-281e62da5701,ChIJ8X5p4sGpDTkRAn5CHmb8CgM,click,2026-02-25T08:29:46.004612
8518846a-f393-48f3-b473-9467687bc186,089ad2c3-6ac3-4512-81d3-fb730a543b2b,ChIJa1Ew2zQdDTkRoVtBcorX4Nw,view,2026-02-25T08:29:46.004612
15caa61a-0cbe-4be7-9321-9a33b54d0bf2,1274b034-38fa-494a-92bf-820c21e1d8ae,ChIJTYaPJtkdDTkRueyL3cN2yXA,view,2026-02-25T09:29:46.004612
a91d7349-1abe-4751-8fa9-d3877adb5495,5fc98c67-e5e9-43f6-8188-59f70e55c234,ChIJe1bK-MgaDTkRQq9FTKRnEPU,view,2026-02-25T10:29:46.004612
08a228aa-9549-450f-8878-abcc8078a8b5,9a263236-afcb-403e-8655-3a6f6ecb858a,ChIJzduWdHEZDTkRBKRB3ET9eV8,rating,2026-02-25T10:29:46.004612
6e8be8b6-0339-400d-b5f5-a662076e28bf,63b5bdd1-bc81-48ec-bf19-eb5122086ace,ChIJZfR22t4DDTkRGeZis44ky1o,view,2026-02-25T11:29:46.004612
8b8d6023-2fde-488e-8c73-75f1d585206b,e7846780-b12f-477e-9b42-13be2a46552a,ChIJ7bfQAnIcDTkR6QuFSvjr3e4,booking,2026-02-25T12:29:46.004612
b5bcc23b-41bf-4553-a7bc-9cb3c0b79299,8da672ff-814d-4227-b722-f99f4d59c6e2,ChIJqyK42_sYDTkRv0equibh_ow,click,2026-02-25T16:29:46.004612
6ed119c2-945a-41f7-add3-12319ef1f5e8,e8d93133-4aaa-428c-8120-027f2cfd27a1,ChIJ7Q6BTxMFDTkRFnrFY18zdcU,view,2026-02-25T18:29:46.004612
ff1c5e18-7e0a-42b7-b884-eb239f65d44f,edc86b94-a97d-41c0-ba0e-891091c3f233,ChIJC_BtMAmsDTkR0zDkFj0klCs,view,2026-02-25T20:29:46.004612
fa5fad65-a59b-47eb-be7c-6e16c4286e5c,6649644a-256e-49cd-aaf3-52ae768e6f93,ChIJm0qIOasjDTkRA453tuikBoQ,view,2026-02-25T20:29:46.004612
335c2e91-8bc3-48a4-b214-a213dd735053,752ae880-5193-4949-8c44-7268f53705a2,ChIJ4bbuL5sZDTkRKr-J97a4G0s,click,2026-02-25T21:29:46.004612
bceba895-aeb0-42e3-9d37-7925d48575de,5a45b801-5a89-4183-8e99-461a60cf255d,ChIJVxBqNycHDTkRspbBVn_5Rag,view,2026-02-26T00:29:46.004612
a28ce56d-ac15-4ae3-b757-c09d80cf6d25,6c2832ef-52b7-4ee9-85e0-7f010f2ca247,ChIJwV3SeBABDTkRQtfVG9zEhOY,click,2026-02-26T01:29:46.004612
50b395c7-084a-45f3-a929-7dc2bd646419,d0249923-13a8-485b-99f8-6879bb7badf2,ChIJA9WYaIEHDTkRTK-Lo25SbTA,view,2026-02-26T01:29:46.004612
d7124b3a-df21-4378-8b63-bf2df3c2a9cb,4769586c-565e-4800-8d7e-0749f031e475,ChIJt4qyPQAfDTkRBMvujBJs42E,view,2026-02-26T02:29:46.004612
f022b5e1-81f7-4a66-8037-25bb5e80fadd,f5f4a114-68d1-4f54-a589-9da9679700bc,ChIJk2gHn-nhDDkRuZScc5-PY8A,view,2026-02-26T02:29:46.004612
5bae41ec-e1b4-4b8d-85d9-e8e8750c795d,6f5cee92-8e7c-4c1c-9d8c-411e6f4f82bd,ChIJr8efdIv7DDkRnYHKsoANzwQ,view,2026-02-26T02:29:46.004612
cfbaa1e9-e7c3-4daf-8c43-827c5cb91837,11e5be4e-236a-4c37-86c4-a82ff94ee7e5,ChIJ_SPfEQOrDTkRvvuzVUspwgQ,view,2026-02-26T03:29:46.004612
c2357289-4ea1-4acc-9579-d3ef370919b3,da9b2f0d-d096-4cea-954a-60d89171bcc7,ChIJBztzF2_dDDkRL7U3jwZkoRM,view,2026-02-26T03:29:46.004612
eeedb883-bf48-4f36-bf8e-33645ce4771a,5506193e-74cd-4613-8e95-0431a350fea1,ChIJEct2-vnbDDkREpc6nVEm_CM,rating,2026-02-26T08:29:46.004612
914a31f7-976a-4dc0-87c9-fe279e87bdcb,edc86b94-a97d-41c0-ba0e-891091c3f233,ChIJO-kFgCXjDDkRp0o0QV0kfuQ,click,2026-02-26T11:29:46.004612
dc0aab50-70ba-4238-9633-dd876222cced,da9b2f0d-d096-4cea-954a-60d89171bcc7,ChIJGTTB6-0ZDTkRdIDLpY_uLr4,click,2026-02-26T11:29:46.004612
3bd04245-d6a5-444a-9f57-ff0acaff6d0c,847d6eaf-b9bf-4508-bed5-ce0364bc8d76,ChIJ2ewIwZTdDDkROBzUNEliaAg,click,2026-02-26T12:29:46.004612
7d964a16-5196-4ea4-95a5-cb97454f107e,ece06da3-fbf2-4e16-8615-5a2990099b20,ChIJwyap0C4ZDTkRoNal--atvHU,view,2026-02-26T12:29:46.004612
fe995b3b-b5cf-4e8b-b407-410cfda72e00,5bcca5b0-f7a2-4403-82e9-54ba1d9b87fa,ChIJs5RrKf8hDTkRAqpHTQgqjBI,view,2026-02-26T12:29:46.004612
f442fff1-df5c-4afa-b935-c62f94d83a33,a123c201-eb05-40b0-a623-65fc5c901802,ChIJey3atz_cDDkRzaFat-06_cg,booking,2026-02-26T13:29:46.004612
f62aeca3-51d8-4e29-97ff-7afa819ebeed,a554eb05-1b5b-4f27-9dad-f6cc82a824cd,ChIJh-mR3oYFDTkRrvwH-wGgU5I,rating,2026-02-26T13:29:46.004612
58dc5ce4-9d48-43a6-916b-d9ce0157b0d1,8532628a-d2ef-476a-a189-6700fe34130c,ChIJEZfQ9zQbDTkRxsEoCNGPATA,click,2026-02-26T17:29:46.004612
102cbb5e-8191-4a36-a4c6-64f2eb862ee1,55d1592c-6b83-4763-bc4a-ec29a66a4d8f,ChIJZ_Ph8UP9DDkR3ZwIJeTmtoA,view,2026-02-26T18:29:46.004612
d5031401-51c1-4030-bebe-46a61174bfec,4fc25487-3a6c-4534-a98a-c87948cb8300,ChIJKxVFie8CDTkRIgB2qqYMcOs,click,2026-02-26T19:29:46.004612
2f571f8c-82b6-4a41-8604-baa38db0ff04,4f3d83ab-aa51-4189-8bac-c0b0795541f7,ChIJPQR11mkEDTkRFscLu0VKDTE,view,2026-02-26T20:29:46.004612
39e2315d-b69b-44bb-85c2-ef6de3006c88,b1998710-c279-4d01-817d-c99ad02236af,ChIJM0-S5aAHDTkRRSCWC-TUc4o,booking,2026-02-26T21:29:46.004612
d791e0aa-d4e7-4490-8020-03d571fc784f,a5d390af-a9b0-40bb-84fe-6a3a45236261,ChIJbRm2nIndDDkRSBeUA2LGd1I,view,2026-02-26T22:29:46.004612
59c5a4aa-3fea-4d48-9804-99dee12755ce,f7bdf6e2-f5d0-4b36-9776-2115898d5b5a,ChIJNWPPK70ZDTkRn_uuCZyjmRY,view,2026-02-27T02:29:46.004612
4905e81e-655d-4147-90dd-bfb76cd0e09c,5bcca5b0-f7a2-4403-82e9-54ba1d9b87fa,ChIJtxG-LJkCDTkRg84qf1td3qg,click,2026-02-27T02:29:46.004612
87465d29-1f01-4f14-b119-1ad6531f7b37,d0568206-fb99-4420-93e5-955e8cbc76f9,ChIJqbcp5TjlDDkR7K7kvixY4OI,view,2026-02-27T02:29:46.004612
189ebb96-a06d-467a-992d-263e95347a18,679828ac-25ef-47d0-b116-ef9f689c8e4e,ChIJfZabjD_9DDkR0siMJiwLzR8,view,2026-02-27T03:29:46.004612
9e9991fe-3777-430d-a8be-7156ec0eef88,c52cd18e-e4a9-48cf-9b4f-f37a04c823f5,ChIJE-uo-fwYDTkREmhTJ5h_HSI,view,2026-02-27T03:29:46.004612
48763b68-92a9-45a4-a3bb-04583d547dc2,73d1f3ba-ad8f-4898-81b9-f6c5929fcc4a,ChIJBevGfo4ZDTkRVZgGThgWOhM,view,2026-02-27T04:29:46.004612
578b5589-90f2-4487-b0d2-cc448450134a,8c0efedc-1d9e-4474-a375-d497de640a07,ChIJMdfEwa4VDTkRNvWJPcjjKvs,click,2026-02-27T04:29:46.004612
c070f40e-eb3f-4b4e-aa1a-a8114e4def00,efd72ece-80e7-4e54-bde7-7b22ec0a290b,ChIJ_cETkuP_DDkRhX8mgtJsk20,view,2026-02-27T05:29:46.004612
e6fb382a-7791-4cf3-8faf-06cbd633f06d,322ac3a0-7777-4da1-ad77-78f199723f75,ChIJAzdTzS7jDDkRIt7HRR47yfc,view,2026-02-27T05:29:46.004612
2c86f01b-3407-41a7-aef2-d57d0b475883,2cb19803-c877-4551-af24-3fc6895585de,ChIJSW4lHx7lDDkR2uhhO7q7SH8,click,2026-02-27T06:29:46.004612
a4100a8f-6ebd-4b62-bc23-b63e28b234d8,ac0226a0-09b2-4fde-a7a7-ac6182412c84,ChIJuf3nLdQODTkRvjBZOc2vxzc,view,2026-02-27T06:29:46.004612
c8e7d723-deee-4bc0-baaf-fd51db036d39,7b25bca1-5cf8-4df1-a24f-5c00b397a370,ChIJKSxZzWIEDTkRrhjAZD1JDX4,view,2026-02-27T08:29:46.004612
62801cdd-eb24-475d-b9f9-c6dec9355769,18bda87a-d1f0-4fa1-ba1b-0b6158fd3c26,ChIJnYoZbzMZDTkRo083db9CdDs,view,2026-02-27T10:29:46.004612
85b0868d-b0e4-4f6b-8a5c-949f73ada119,309a3e0f-e49c-4ecc-b251-e14eb1752d8a,ChIJI69JKUfcDDkRXn3xNhvAIp8,booking,2026-02-27T10:29:46.004612
1b13d98f-016c-43cc-9c10-15a9cce64527,bfa7490c-aaaf-44d1-b7ae-f836f4fd53a2,ChIJGTTB6-0ZDTkRdIDLpY_uLr4,view,2026-02-27T12:29:46.004612
0ac22f94-74ee-4d7e-9cb2-be226a9a773c,f0abf17e-55d4-4b53-a889-e6b8756557cc,ChIJfQEtoOsCDTkRZ6-PHF1QCG4,view,2026-02-27T12:29:46.004612
534d982d-7e62-43ef-afb7-4efca0dfb641,01d97da9-9450-46d0-9d48-4d63b6ee1037,ChIJAxoZFF0-DTkRrQYeGhnCS1c,view,2026-02-27T12:29:46.004612
7ab3f6e2-feca-476c-b955-41f20939a08c,bf4a6286-f6db-40cb-9bcc-9a1a9f09f2a0,ChIJh7ypMCkZDTkRa9qZat_uAfQ,click,2026-02-27T12:29:46.004612
d6f20f5b-c89d-4b8e-843c-e011eabcb003,bf4a6286-f6db-40cb-9bcc-9a1a9f09f2a0,ChIJK3r5CKMDDTkR3boHlDA8KE4,view,2026-02-27T14:29:46.004612
e7048c8c-2b6e-4e61-88c7-c07bf35a48ed,c4260743-0058-48a7-a3f8-b4929bdd3743,ChIJw4-X1Tf5DDkRmtRsLfv7Gco,click,2026-02-27T15:29:46.004612
b1fc5eaa-edb0-45df-b9e4-406c9d0dfe97,aeb166fd-c454-43a4-be17-eefd82ad126a,ChIJQTH0_aoZDTkR2bqpQS51Gh4,click,2026-02-27T15:29:46.004612
b3fa0d93-806a-4c96-81ae-0cd354fe47a4,bb74e6c0-1515-41e7-a45d-f026aff79822,ChIJfRu5zIwFDTkR4eaDE_lLUMs,view,2026-02-27T15:29:46.004612
2fbc9232-6277-45cb-bc16-6f0cac349233,37de0f28-7a43-47a2-9d90-c2de45afbe17,ChIJE9OYdkHlDDkR8960E_5cjco,click,2026-02-27T17:29:46.004612
cd7ba1e3-f9d7-44a3-9e38-09ecd4215c95,3f499889-a418-497c-916e-2919e78cf28b,ChIJ3SD_AlkVDTkR5vw23z7SA68,view,2026-02-27T20:29:46.004612
c23e0552-184b-4cfd-be54-275415151320,afee0ca8-aa1a-4864-be53-1421a03ede9c,ChIJ845-Av8hDTkR92215ULZUa0,booking,2026-02-27T20:29:46.004612
c9020004-8e14-40fe-9b84-ad322807bd44,3b08d955-3c94-4732-bfb6-b67bcec421cf,ChIJm5rPtlGrDTkR8sMpKe-1YS4,view,2026-02-27T21:29:46.004612
ab97481c-8472-4e47-b7c4-b133fe532338,501d7b93-7873-4a3e-a801-8c1c2b684e85,ChIJC4qlMTf9DDkRhRQpkx58hqI,view,2026-02-27T23:29:46.004612
a2027e29-65c0-4568-9fcc-5fe28d122bbc,9d8bd99c-42c0-42ec-a794-1d8f96692b09,ChIJhzHamC_iDDkRkUSrm3hnORw,booking,2026-02-28T00:29:46.004612
7dfb5052-87dc-4099-9b45-a0ae40dc6fbb,1f79ba5b-356e-4127-b6f3-d87edbe2c4d4,ChIJu32QGTP_DDkRokwZ4k-ZmZ8,click,2026-02-28T03:29:46.004612
8965fe34-50e3-443a-bafb-564754c6c78a,c131bea0-1936-4c45-9c96-2241d812f287,ChIJWT9tW5AdDTkRrVM7VtKZjw8,click,2026-02-28T03:29:46.004612
9d43e462-398a-47e5-ab90-34d34128e8e2,3a40b1c2-baad-46de-91e3-69eb5211f542,ChIJF2RXUBEbDTkRc03qDshixcQ,view,2026-02-28T03:29:46.004612
cf51183f-b23a-4bd1-bafe-48faa58fd21c,0c409718-3b15-48df-a596-5a8363fbea4a,ChIJ-5u-Vo0hDTkRbRiX9zTmtN8,view,2026-02-28T04:29:46.004612
f13ddf70-fc82-4bb5-b5a5-1d4330be7a92,99391f5c-99d4-4657-a111-c296af97a9ce,ChIJw5YvHgAfDTkRBy56MNY2nl0,click,2026-02-28T04:29:46.004612
bf4cbae7-d903-4e71-8bea-520ce580c1d5,bf66700f-a785-4863-8675-5231896b5901,ChIJX7C574UZDTkRYfqnTVhY8-k,view,2026-02-28T05:29:46.004612
793eb2ae-9152-4915-b79c-47cd1abe05b1,c756df7e-3e15-432b-9cb9-f1f09f2e12ce,ChIJbwpdFIXhDDkR1mfZ7FLaOV8,view,2026-02-28T05:29:46.004612
918bdcfb-8bfe-4235-9380-2af4b7085703,694404ea-c783-4605-9f69-b3cb51e90bba,ChIJma0ObAsFDTkRevQdGGCNZEQ,click,2026-02-28T06:29:46.004612
384f841d-ead7-41f2-be08-83c07f648567,a2cfe09b-c95d-4df9-be37-98a6eafe1549,ChIJh_S5sis9DTkR1oUaarU1OPk,view,2026-02-28T07:29:46.004612
958c6851-1b10-410d-ac73-661604d8a2bc,3f55c1d1-863f-4034-b86b-c80b78ac8f54,ChIJa40AUI4dDTkR9i55mAwMWqE,click,2026-02-28T07:29:46.004612
5c5925eb-78ad-45a9-8d2b-1d50ca623abd,85f877fc-5969-4798-846a-782e928d85b4,ChIJZ03D9-X_DDkRDe5lPjcYyWg,view,2026-02-28T11:29:46.004612
cb2b5fa9-7eaf-428b-b271-e7f87479c0d0,63b5bdd1-bc81-48ec-bf19-eb5122086ace,ChIJ7yY1S0AcDTkRZIaCEtrF_-A,view,2026-02-28T11:29:46.004612
9c0f2775-64b0-4e75-a26e-22ba25fd2b5a,d853ef17-5a32-48d7-b5ef-b40a9b628554,ChIJQ1w43W4VDTkRLtF4zn4EqHM,booking,2026-02-28T12:29:46.004612
5f70ae21-af22-4e54-bf80-5d216c571561,49b2df49-3f31-4516-8625-94cad41afb7b,ChIJe0xCk5bdDDkR666iGLVq8iw,view,2026-02-28T12:29:46.004612
c489960f-d840-493d-a783-e0bc413b46b7,d89e1f00-8ca2-4838-8356-679ff50a23c9,ChIJyd-sPQDjDDkRfRiRKD5GJXg,view,2026-02-28T15:29:46.004612
a5907b92-3746-4172-9c80-fdd76631a123,3796b1bf-575f-417c-9e89-19e1e0808e5f,ChIJqzx_of0hDTkR-rg9kq8jjq0,click,2026-02-28T17:29:46.004612
11e7f7da-b2c2-4ca6-a4bb-5117c4f66932,a22b0a6e-7e85-4dc5-8f62-c0e1a1118cb0,ChIJQb2D4b8DDTkRq0dRnD7Y1VI,click,2026-02-28T19:29:46.004612
fef45cd6-9f5b-4367-8bf3-1cd5f1e5a5b9,6937561c-f57e-43d6-94dd-239d2a10af5f,ChIJEfscDYrdDDkRWnjQ9k_6njQ,view,2026-02-28T20:29:46.004612
0461efc8-e4a2-45fc-b19c-2e4ca2eebce2,c7953376-7b1f-4ddf-8938-2f851c89c11f,ChIJgRHwEe_7DDkRC6q5bpveHsc,click,2026-02-28T20:29:46.004612
3694ddf4-efeb-4928-a5fc-ad4ce83c71ff,4ef76e02-bb82-46e4-b94e-a2762f4f3e40,ChIJ7UGbOM8aDTkRyL55gyT-jpg,click,2026-02-28T22:29:46.004612
951f1879-3061-4fab-8af6-575196a9b978,3736b331-d748-495c-a46e-1d6ef91edf11,ChIJxydUCQAZDTkRTbnjfN2N-1I,view,2026-02-28T23:29:46.004612
6e74deae-cb26-488b-a77c-36407b0503da,3c9d6a37-dfc1-4aa0-a1c0-ce6a5f7eeb6f,ChIJC567cIwdDTkRsrbn8qAY9H4,click,2026-02-28T23:29:46.004612
bee85553-66c4-4adc-bf8d-0f8fb14985eb,74c2d5ae-5c70-47b1-9aa6-a69c4234b58f,ChIJm8VGkugYDTkRs--928cKH1s,view,2026-02-28T23:29:46.004612
12bcfeb8-7104-4601-84e7-2e8ffe2b3fe5,d91358cd-b234-405c-a307-8d6755658412,ChIJH9rmCoypDTkRE9KvTD1AIoA,view,2026-03-01T00:29:46.004612
a0763d1a-9290-497f-a412-70526ff5c319,18926347-9c00-4610-ba3b-b4f0628dfc4b,ChIJA_gnLTQbDTkRVHz_FmDumIs,view,2026-03-01T00:29:46.004612
1bb34283-bce3-4018-be72-7fdd6c79fb85,49b2df49-3f31-4516-8625-94cad41afb7b,ChIJmfR1D3gVDTkRA0J2rv-VB9M,click,2026-03-01T00:29:46.004612
b2a4fb39-26d7-4a0f-84b9-6bf35ec98df4,da9b2f0d-d096-4cea-954a-60d89171bcc7,ChIJb681I4YbDTkRsQz7dBn9LQM,view,2026-03-01T03:29:46.004612
d63f602f-51d5-4865-812b-bddfe1257adf,0da216f8-05a2-465e-9b7f-9d4924cd4baf,ChIJPZDGPtsYDTkRAw_YJKEwTiE,click,2026-03-01T04:29:46.004612
544a5afb-1422-48b3-ab44-95f1e26f2a1f,57e8dcaa-fdaa-4def-936e-0b4021b78ee7,ChIJAWlbwzsZDTkRTD1NrIaIoJg,click,2026-03-01T04:29:46.004612
35779f0f-f926-4c69-afda-ac6e215d1163,67c2686b-a7c5-4cf0-8b27-bcc3f277c271,ChIJYY6UxeYBDTkRtEgy5tQBGbA,view,2026-03-01T05:29:46.004612
61070772-e3d2-4381-adac-7d1bafe4a3cd,20065164-876c-4db0-b1e2-47612559208a,ChIJoxaOpRD_DDkR2BsvcBL4zdw,click,2026-03-01T08:29:46.004612
dd09b40f-d71b-4fba-9072-f8ab16286f4b,0c409718-3b15-48df-a596-5a8363fbea4a,ChIJc2maTQAFDTkRh3AjPkXjtts,click,2026-03-01T11:29:46.004612
9e8310db-1059-4feb-b5fd-79bdc3fe4861,54cbb673-58d1-4206-9254-266ea780131d,ChIJk4_wGzL7DDkR7ryPrhtrJuw,click,2026-03-01T12:29:46.004612
6c7c6e0c-b0ba-42b5-8a0b-d125e71527c0,454fa168-4941-434c-a50d-28b215c69bf1,ChIJjWa5JFAPDTkRDAWNgAmRllc,click,2026-03-01T12:29:46.004612
c7bfc09c-0699-4119-a617-48a74aa43b85,68c1db27-af96-4b10-8e19-55873cb43635,ChIJTUJpHx3iDDkRYzj9vx7KJRE,view,2026-03-01T13:29:46.004612
f44ade5a-37f1-4bc7-a9c7-3ef36a822bc5,b6b9a069-7775-44ae-b276-b2ff93dcb7be,ChIJYbCLDMP7DDkR1-R0n48fg2I,view,2026-03-01T14:29:46.004612
e277b0b7-39f9-4bfd-9ee3-199e2088237e,3ff11692-d469-4c8c-a91e-bf5dc86c1d71,ChIJr4AGGVvhDDkRG_xKgOWkQAQ,view,2026-03-01T15:29:46.004612
eeab7e3a-a61c-4668-b5fb-508df003cb78,ab07ab46-445b-426a-b5ef-96a3feb8d1c5,ChIJx-nhZO3hDDkRhvElsSXy5jE,click,2026-03-01T18:29:46.004612
24123776-a26e-432b-91f3-e0c321c27722,4ee53c98-472b-4757-9476-f0053bbc9025,ChIJ86e0i6sjDTkRzMsqrb9fdGU,view,2026-03-01T18:29:46.004612
069224cc-c1f8-46b6-9312-2e1d1862997b,87c95bcd-459b-421b-ad97-669d5aea864a,ChIJ0_UDiGcBDTkRZ9S_7mx5PVs,view,2026-03-01T20:29:46.004612
738ad61d-c381-4d60-9724-5c41508b54e8,dd07791a-aca9-4b2a-812a-6e394171de8d,ChIJq6q295cCDTkRHSmPwMHZeCk,click,2026-03-01T20:29:46.004612
c544df3e-2b41-4e1f-a899-ceb08a428f8e,ab07ab46-445b-426a-b5ef-96a3feb8d1c5,ChIJvwz3f_wYDTkRppCWpizlKPk,view,2026-03-01T23:29:46.004612
45499568-c61a-4ce3-a6ed-3f73d0a28d15,c7dc289e-eb3a-4c76-98f7-d8b14c5a4d4b,ChIJ6yMHonsZDTkRMN0eS43o7Tw,click,2026-03-02T00:29:46.004612
f6eb4fb7-9794-456a-9d69-bd7dac81ddbd,4ce15bcd-d008-4633-907c-6d683f1b45b9,ChIJ2QQhr8QaDTkRMce_qfoaI-A,view,2026-03-02T00:29:46.004612
c49ae8d4-f13c-4f31-871c-5cb2b3abf896,f1951d22-67a0-41cf-88b4-fca26b5a0ad8,ChIJ02Bkw2gYDTkRTp9KZwPMeG8,view,2026-03-02T00:29:46.004612
63e50772-3265-4336-83a7-201dab2fdd52,2fa7bd5e-bc33-4237-aaab-2e9ccd14f633,ChIJF6F7gOEaDTkRsbOosIh1sUk,view,2026-03-02T00:29:46.004612
3255ec6c-96aa-49d7-b655-071ce38ae6e9,846b2807-cf91-4cf7-a447-83140da3193f,ChIJ-_yRL8EZDTkRpKoCJVWyNKU,rating,2026-03-02T00:29:46.004612
c8b4c0ac-ada0-4c9b-a97d-37806681d2a3,2df7c9fa-e1b5-4986-8644-a1c7220f45dd,ChIJRUCw2qIFDTkR48WVAJkMcjM,rating,2026-03-02T02:29:46.004612
4c692b04-d9fe-4c4b-b625-3d0e6751374f,ee4ff499-5094-41ce-ad34-44aa3d6320fd,ChIJzRv4VzfjDDkRuKaA3fPk1zM,view,2026-03-02T03:29:46.004612
2dec9dce-d0ef-4753-a813-f876b8fa243f,b1998710-c279-4d01-817d-c99ad02236af,ChIJ7Swth0zjDDkRBuB9zPA6NRw,view,2026-03-02T06:29:46.004612
216fa0ff-d187-4606-9e5f-9332ae1904a9,b0646bb4-2e4d-4bb0-84c0-1e4362d49fe0,ChIJda712aMDDTkRHVw3A7xAp0Q,view,2026-03-02T07:29:46.004612
f8a1a8b9-85a8-4caf-baeb-09387e21c7ef,81f17506-2057-4c64-bc50-ffa0a4be120e,ChIJGTTB6-0ZDTkRdIDLpY_uLr4,view,2026-03-02T07:29:46.004612
def04541-1478-46a5-95a0-4c423d41d852,d0ff5ea0-21b1-4d08-96e0-2be464aec051,ChIJTW2J7Yv7DDkRoaEMVYMmb-0,view,2026-03-02T08:29:46.004612
00d9387d-ec71-4cbf-aa46-59fb52cc6df1,04c48e09-7532-4bfa-8622-cf1c105e871b,ChIJPfpkEwHiDDkRiS9jVibNSdw,booking,2026-03-02T09:29:46.004612
c2f38917-8f02-4efc-8e7a-4cac34ce32f6,74f869b6-84dc-476e-88de-57c3636377a7,ChIJyRN6s1z7DDkRXyz-nBjM_D8,view,2026-03-02T10:29:46.004612
ae5576ab-35d4-49b2-baf4-65e470a25822,6dcfb609-2ce5-4bdb-87fc-08118fcee7e6,ChIJmdW7GNgBDTkRKwUFKpM13zc,view,2026-03-02T10:29:46.004612
fddb541e-0cff-42e7-82cd-d38afc092fc6,33198914-5fc8-470a-a24c-44b194d79d75,ChIJe921vQz7DDkRAdCP7xbNCEQ,click,2026-03-02T11:29:46.004612
072a9eca-bed6-4905-90ba-0710840e03ae,7f03cab6-f668-4086-8629-2f21ce712f9c,ChIJ4QSpaUwbDTkRTJLcTeZmT64,view,2026-03-02T11:29:46.004612
4132bdce-ffa2-4575-bf92-bbcc0ac7c309,21819714-4b8b-44be-b538-6a6d5ffa4a75,ChIJqxGysiLcDDkRb_4pTjmeGHc,view,2026-03-02T12:29:46.004612
5c82c6e9-66b3-4c6e-9015-3e68fbb830d0,7dda7ab6-4686-44b0-981a-42a865591aa9,ChIJ2ewIwZTdDDkROBzUNEliaAg,click,2026-03-02T13:29:46.004612
488eb559-f5f1-4eee-9957-323195c4b44b,e3e541af-1639-410c-b2a3-0b7b5ce191f3,ChIJLTUFPQABDTkR2v6CmEIy83o,booking,2026-03-02T14:29:46.004612
df12ca1b-8b55-4b31-93fa-c8b25407b6fc,d13eb782-effc-4dda-837d-726c57a16422,ChIJe2r3TGoDDTkRE13K07ETc9I,view,2026-03-02T15:29:46.004612
42ac8bfd-f2f7-4917-aa7e-e4139541ce44,8c30620c-53b0-4082-b6e7-989999a6a645,ChIJacclYuwZDTkR5UZdmKWu_90,view,2026-03-02T15:29:46.004612
7591dfe3-7114-475a-ad45-7e8befa81649,594d3d8a-35f8-41cc-8de8-d3f2d5ac97b0,ChIJockhMFI_DTkRlyEKfQmbwZU,rating,2026-03-02T15:29:46.004612
bfc631cf-8d1f-4253-88cb-7acef9fe0044,e7846780-b12f-477e-9b42-13be2a46552a,ChIJPwgrXucFDTkRwjJyjNbunV0,view,2026-03-02T16:29:46.004612
a059984f-540f-4ca7-b67a-726d2b6f4177,a67483a0-bba7-4549-b3cc-1da04bc4ad8e,ChIJi4GTF0H7DDkR25QXfXu1Uac,view,2026-03-02T17:29:46.004612
dc42e9f2-1676-4ee6-9c88-7705c22e8a71,75d89ec6-1107-49bc-988d-c97c46238ff6,ChIJKd2x_m37DDkR7eEb4D5R3GM,view,2026-03-02T17:29:46.004612
d76a52e7-39e0-4073-a628-84022ea8203e,39b76144-566c-4959-8bff-c3994d5d34bf,ChIJMwA_YpT9DDkRzJ9fraVynnY,click,2026-03-02T18:29:46.004612
23fcdedb-4c52-4156-afca-b576f06c3f14,0c409718-3b15-48df-a596-5a8363fbea4a,ChIJG6b9UeEDDTkRekt9szIwFig,booking,2026-03-02T18:29:46.004612
5c36b19b-2190-46b3-a445-7992147823e9,74c2d5ae-5c70-47b1-9aa6-a69c4234b58f,ChIJ845VBz0eDTkRn4taWpUHdMI,click,2026-03-02T19:29:46.004612
ebac2dd8-f3ca-481b-8c27-a33d7612817e,c4260743-0058-48a7-a3f8-b4929bdd3743,ChIJu32QGTP_DDkRokwZ4k-ZmZ8,view,2026-03-02T19:29:46.004612
6d83c6e7-7238-4d63-9086-4d51e1982adb,81b57fe8-6ec3-40ae-bf9a-0555a7fa02bc,ChIJ486HNRMBDTkRM1sl8rwuie4,view,2026-03-02T19:29:46.004612
1c18e464-5629-46d5-aad3-47a0666ef8b9,046edcd1-73a5-4ef0-8c68-545439e7f43a,ChIJ_xQYuMUGDTkRBSlXLNO45WY,click,2026-03-02T20:29:46.004612
9405365b-0e71-44c7-8b67-bb4e2660cf91,fadb7e18-8707-44c6-a92c-258234df3d06,ChIJ_6WIiowZDTkRWY5b3ANJGR8,booking,2026-03-02T22:29:46.004612
a8cf5078-7a5e-4e76-ab3b-e3fabe092f61,e7483e8d-5e2f-48fd-be42-05bb11f1c1e8,ChIJj6f6_j8YDTkRRjtc27zzXbg,booking,2026-03-02T22:29:46.004612
05e23fdd-4cb0-42d0-93a9-8e50380c86fb,00062863-ad1f-4d03-8bb1-ae6ba994a3ad,ChIJQYncXHQFDTkRJ6acaW9_9Cs,view,2026-03-02T22:29:46.004612
194fb8cf-a771-4e27-9603-8fca4e5a6901,d73b304a-f775-4123-9173-d5265d5c878c,ChIJyUXaansBDTkRKVNqN84YfWs,view,2026-03-02T23:29:46.004612
acc4be03-a1d1-4ead-877b-d8959ceeefd3,05016619-489b-40dc-a763-8503a48a47ef,ChIJZazyR6vdDDkReF4YzZwjGLw,view,2026-03-03T01:29:46.004612
a9a9fb56-e116-466e-a6c1-23b61d3b304a,f1951d22-67a0-41cf-88b4-fca26b5a0ad8,ChIJH_Tj8koYDTkRej_8iJE6pUE,view,2026-03-03T03:29:46.004612
6df4822c-4748-4584-b417-ce5f3ad42660,87c95bcd-459b-421b-ad97-669d5aea864a,ChIJCbfAqZ4CDTkRFi_5YrUbYzg,rating,2026-03-03T03:29:46.004612
be5ef835-eb49-4194-b38f-9915cc825870,5a45b801-5a89-4183-8e99-461a60cf255d,ChIJ3VQnN78ZDTkRmGxqa1UL0eo,view,2026-03-03T06:29:46.004612
66f00597-0923-4a12-b060-db0fc082002a,fd0a9c7d-c212-4dd1-94af-29cd1630015c,ChIJq0A_wPYbDTkRnV2bk_7Fzfc,rating,2026-03-03T07:29:46.004612
4718ef7b-0930-409e-a0bc-de0967d880c3,046edcd1-73a5-4ef0-8c68-545439e7f43a,ChIJBS-HCGL9DDkRnvfrMTf9pDM,view,2026-03-03T07:29:46.004612
9aa5a111-eeeb-4909-ab96-22e99ab456e8,9c35b8b7-3f25-444c-8695-1e1a6e215ef7,ChIJX4oJPJ0ZDTkRtTXBpkiY5Bs,view,2026-03-03T08:29:46.004612
6e074e68-d040-49f6-b90e-f2aa267d7a7c,d2ebe84c-5f13-4e28-9708-4906369718ba,ChIJI_krrZ89DTkRYdUZzkyLz3Y,view,2026-03-03T12:29:46.004612
46f8f54c-b511-42d3-a313-3ce4e0d79dc9,6937561c-f57e-43d6-94dd-239d2a10af5f,ChIJD28IYhABDTkR33cJ9vppB2M,view,2026-03-03T14:29:46.004612
de8b1a7a-fe57-4a73-9b51-ecb35109ca9f,f2b832c6-31cb-4296-93c7-38b91309e699,ChIJXaRnw_8BDTkREb1cB8_n2Xs,view,2026-03-03T14:29:46.004612
3f0f5f83-6864-48b1-9842-88d669962bb6,68c1db27-af96-4b10-8e19-55873cb43635,ChIJHz6rlQ0ZDTkR3PLIrgWCYmM,view,2026-03-03T14:29:46.004612
22ca51c5-a2c4-41f6-9dcd-3136559d38a8,562e74bd-3afd-4a7a-95d9-5705ea03a607,ChIJJ_yccvHhDDkRZT2M9nML5Y8,rating,2026-03-03T15:29:46.004612
4edfd6d4-9652-49bf-b712-e371afe89f31,3b3e881a-72d0-47ab-9058-597b7916acc0,ChIJt7Z0krEVDTkRQK6XaPH4h6I,rating,2026-03-03T15:29:46.004612
bf2f8766-f65d-4bc0-b8e7-93e9cff18255,9d8bd99c-42c0-42ec-a794-1d8f96692b09,ChIJuzFfhHP9DDkRoWxD6RIlgzY,view,2026-03-03T16:29:46.004612
fba7538b-405f-473b-b681-96923a8373be,a7cc2721-25a5-4249-96c5-dd28b2e6a2d2,ChIJV_KLIUD9DDkRyK187fZFk-k,click,2026-03-03T16:29:46.004612
f96b8106-0e58-4264-88a0-be8b4c6c88eb,665e3599-cb6b-4c1d-a10d-1e405f2b6c97,ChIJE1CbrsI9DTkRU9JuSU8YpDs,booking,2026-03-03T16:29:46.004612
6959ac9e-853b-45f5-9312-d8ed2d906f42,fd0a9c7d-c212-4dd1-94af-29cd1630015c,ChIJ1QGaMpkCDTkRKj4GIDBC48o,view,2026-03-03T17:29:46.004612
da5e5699-fb90-4692-9eca-ef2fd2fd659e,846b2807-cf91-4cf7-a447-83140da3193f,ChIJqzx_of0hDTkR-rg9kq8jjq0,view,2026-03-03T17:29:46.004612
4d118453-e947-435a-8023-77cbe7d1738d,3606ec4c-922f-4545-8386-4952f9e7fd86,ChIJw88JQH8bDTkRQidfQEiNIMY,view,2026-03-03T18:29:46.004612
d51acc5f-c67b-4370-b2f0-56dbfc7f8217,51d092dd-3846-4d2f-8b35-b21be88ff3f2,ChIJd9sdC4MHDTkRtaltQYd0h2s,view,2026-03-03T18:29:46.004612
add397ab-6650-4ced-a9be-62adef0ca40d,f90c6e05-6022-434d-87ad-87731a11c6e9,ChIJ24_GvcapDTkR2ADVFniKmic,click,2026-03-03T19:29:46.004612
a5ec7daf-ee24-4fe4-9154-11424ac483cf,d18f287a-51f3-40e8-b8cb-0cc2548799a7,ChIJpwfcnIsdDTkRozATce4XjIU,rating,2026-03-03T22:29:46.004612
7dc7d209-6573-4ec4-9a50-d5c63bfc4d95,9a263236-afcb-403e-8655-3a6f6ecb858a,ChIJ97ryQcUaDTkRMRQ3U8RDauM,view,2026-03-03T23:29:46.004612
43343905-bd6b-48bd-aece-f484f6503792,d89e1f00-8ca2-4838-8356-679ff50a23c9,ChIJd0ioAMQbDTkRQVSbRjEe7WY,click,2026-03-03T23:29:46.004612
3075f9d0-ff69-45bf-a753-b7dfab83d817,a123c201-eb05-40b0-a623-65fc5c901802,ChIJN-n7sWnhDDkR4H39boxluks,view,2026-03-04T03:29:46.004612
dfc445bb-aedb-42b9-b39f-7a4c4e596c0c,e79fc8eb-d34c-4eba-9f82-3f875c8cef74,ChIJ6RTDdCTnDDkRZaKJnxryIMs,click,2026-03-04T03:29:46.004612
6de09e01-aceb-4cca-bafa-c2e6348b2240,5726aa25-2159-40f2-ab85-fb507378d08d,ChIJAQAAwMoZDTkRW9hrHxvXr20,view,2026-03-04T04:29:46.004612
c82713cb-348a-4c8a-b66f-79f3a1ee278c,b6b9a069-7775-44ae-b276-b2ff93dcb7be,ChIJk2gHn-nhDDkRuZScc5-PY8A,view,2026-03-04T05:29:46.004612
80954f7c-1a06-452b-9a3b-40bc6f863fb1,8c30620c-53b0-4082-b6e7-989999a6a645,ChIJR3VQqa0ZDTkRTEA4kYW9eMo,view,2026-03-04T06:29:46.004612
35dc77e1-b0ca-4790-a271-f5a4532ca671,940b5992-b2c8-4606-8577-fb950b49d30e,ChIJKYv_S8jjDDkRIbrMlfnrKF8,view,2026-03-04T08:29:46.004612
0ca55502-a174-4642-bf29-49afe51877a9,f7bdf6e2-f5d0-4b36-9776-2115898d5b5a,ChIJqUMw8V0DDTkRcqy-cZvfVvY,click,2026-03-04T09:29:46.004612
1b0aab58-ef3f-4045-9746-7e862ab627fb,ec9d8689-eafc-4031-b2bb-9c7ab11601ae,ChIJwXfALvkaDTkRmyFhEbkG2JQ,view,2026-03-04T09:29:46.004612
e44e2700-1dc4-4381-836e-4d6f27509411,c042e4c1-9799-40f7-92be-9a4d8db3434f,ChIJbTT-v875DDkRfg30l_AE0wg,click,2026-03-04T10:29:46.004612
d94b3fe4-21cf-4ce1-a7e1-68509984ee92,c4fdb3d6-600d-4485-9c08-ff6f8ea29afd,ChIJC-svMT7nDDkRsnPyEfm6MSM,view,2026-03-04T10:29:46.004612
509c7328-f943-4d0e-abeb-cce2aeba984f,bded2630-13b7-4983-996d-dfe536cc25e8,ChIJP6tpxmiqDTkRK1TQg7pafpw,rating,2026-03-04T11:29:46.004612
93013672-219e-4d5c-ae3a-24843592f8a4,bd8ea27c-380a-4077-9622-481aa8659acb,ChIJjdR7GgEDDTkRk1PVg8rr8dE,click,2026-03-04T11:29:46.004612
cc9239a3-5243-40ec-afc0-a500437a308f,b8c90cfd-7490-43bd-912f-128c7b0f4647,ChIJ52FmthX9DDkRuV3TTavgdAA,click,2026-03-04T11:29:46.004612
422e55cf-57a6-4a0a-bcc6-8920931dbeb6,d6601a21-1afe-4426-bcac-c14472456e67,ChIJzZI0VEkZDTkR29_RofPvWQE,view,2026-03-04T12:29:46.004612
fb1a5298-35e3-4fce-b81b-ecf3e5aecf38,b6b9a069-7775-44ae-b276-b2ff93dcb7be,ChIJVSfh4c8FDTkRe54mRvZAn0E,booking,2026-03-04T13:29:46.004612
ebf61f84-5ed1-443a-88d6-66144821e63d,5a45b801-5a89-4183-8e99-461a60cf255d,ChIJw8MNqtEYDTkR-YsYLWK7GI4,view,2026-03-04T13:29:46.004612
52bde857-2db0-4ec3-8593-15d36544d8db,7779069e-c5ed-4221-b334-a4a5bccb349a,ChIJr8v4rd0fDTkRYHHvdeASgxA,click,2026-03-04T13:29:46.004612
3d977940-f908-4b9a-89e9-261f8d7b0960,309f441d-29e0-4ce7-beae-bf3754530e3a,ChIJP5TxuNIHDTkRFBc7GO5QuDQ,view,2026-03-04T15:29:46.004612
b464751b-b969-42c4-9ec3-9dc0be992f2d,839088d5-7b33-40bf-8bf6-49d5f44731c4,ChIJW2SoYy_5DDkRo4lNAEzFY1I,click,2026-03-04T15:29:46.004612
360da3cc-fff8-4e76-8ccd-2e63199ba973,1274b034-38fa-494a-92bf-820c21e1d8ae,ChIJQTyWH_v9DDkRWIAPGAhMUz0,view,2026-03-04T15:29:46.004612
c5b958c3-2c60-44bf-af24-6998919720a5,1e0f9973-e20c-4600-a03c-6b0211c2a772,ChIJOWkXrRcbDTkROW7di1XMXsA,view,2026-03-04T16:29:46.004612
cacde6f6-447f-4d59-9a33-2995e1654d19,9be46000-e50f-41d7-a48e-ba9af941968f,ChIJ-d8FwZ4ZDTkRRzTD7epgUdw,view,2026-03-04T17:29:46.004612
ff0845e9-d3d0-4fbd-8e2f-eee8636fb362,b2bae56e-6bef-4589-91f8-3bcb0079a939,ChIJDVaYpxcFDTkRC2JgbXYnzpA,view,2026-03-04T17:29:46.004612
d2910a7e-ddfc-439b-841e-9c998a24e0de,b1bc4a4f-a54d-4dfd-9a38-bbd7d2e0d558,ChIJuS9QqWoHDTkRK828ZAauYDE,view,2026-03-04T17:29:46.004612
0e1d0ad2-189b-4db2-883d-64093b50644e,d89e1f00-8ca2-4838-8356-679ff50a23c9,ChIJ_VWw2m0FDTkRNLPQlWkE8Bo,rating,2026-03-04T17:29:46.004612
0e038a2d-64db-4cc9-86d9-29f85d508306,d91358cd-b234-405c-a307-8d6755658412,ChIJa2MsH6MCDTkR2k0d3sh8BGU,click,2026-03-04T18:29:46.004612
f1a277db-26e2-4ccf-a89d-b89620ba7684,cc4e5d47-390c-4243-bf4e-87ed1a948154,ChIJ7wT_1n0jDTkRHes_l2DwAiI,view,2026-03-04T19:29:46.004612
1e3791bf-c84c-4a5c-8f25-25c5ad935c2d,1d6480f8-1b79-4db4-a917-49a280dcee2f,ChIJz9f-o84BDTkRWxCjQOpjWnQ,view,2026-03-04T20:29:46.004612
1102c479-cfcb-4bb1-892c-e0b73cac39ce,fadb7e18-8707-44c6-a92c-258234df3d06,ChIJPwpn3iIZDTkRtUmKOOXCCSw,click,2026-03-04T20:29:46.004612
05a7f638-f7f0-4935-8598-339b704a08ba,40e0e959-e6b4-48b9-a8e2-f18df0cf67a6,ChIJE-uo-fwYDTkREmhTJ5h_HSI,view,2026-03-04T22:29:46.004612
121db260-965b-4b59-b528-b34c24237f64,847d6eaf-b9bf-4508-bed5-ce0364bc8d76,ChIJ5bX1UNLjDDkRFUd-LjbGr28,view,2026-03-04T23:29:46.004612
8f89108a-b613-4f46-85f2-f23f59f59a5a,363eabf7-9851-4ce3-aca3-6c053f03ad0e,ChIJfSiOnxMcDTkRahjPqJOeN-g,click,2026-03-05T00:29:46.004612
ba4e4077-4def-44d9-b327-d7b9b73a4188,b93f1c5f-045a-466a-a21b-d2905677cd14,ChIJNU3GbwAFDTkRd1SNKICWQos,view,2026-03-05T00:29:46.004612
b81f46f8-38aa-46f4-9a3f-eedf34ca2e6f,a123c201-eb05-40b0-a623-65fc5c901802,ChIJSfTjlIYXDTkRJjVdzF94PSM,view,2026-03-05T01:29:46.004612
8f7204f1-9528-46e7-87d0-9b922372a9d8,006181ac-dcd3-4be5-be84-3a780c383e71,ChIJgRHwEe_7DDkRC6q5bpveHsc,view,2026-03-05T01:29:46.004612
ecf3486e-ab3c-437f-a5f5-26efaf066117,7d372a30-1f32-47f1-a5ae-29f38ce51ae0,ChIJ8XJNQSHnDDkR60BZUyvH0_8,view,2026-03-05T01:29:46.004612
b48125b9-7bfd-447b-bdfe-a809f358fa72,b128442f-55eb-4429-83c8-942a0fccd011,ChIJxfD7FZwiDTkRP3SrCV-mTAE,rating,2026-03-05T02:29:46.004612
b2bca698-fb6e-49e1-84ea-88df38e69fc5,3796b1bf-575f-417c-9e89-19e1e0808e5f,ChIJLQysRQDhDDkRwKEOpvjvpK8,view,2026-03-05T02:29:46.004612
aecd7308-18b2-4f91-a00a-7e08e5412f94,230a24ea-89f9-4b74-a54c-d9696059eb93,ChIJxY54Sx_9DDkRgZ05aiuE6aQ,view,2026-03-05T02:29:46.004612
adc33fdb-6a5b-413c-8610-046f1701b32a,d75e85d1-0d9b-4036-b0ca-d4b0e37153f8,ChIJC7kLf7ghDTkRxYDIWk_0mrg,view,2026-03-05T03:29:46.004612
89c207fc-d91f-4f69-a2d9-fac3d63ba701,bd53fe1b-2589-4522-adde-54aa56cf7d13,ChIJMefpUh8FDTkRTvRW7W_PuCw,view,2026-03-05T03:29:46.004612
9c002139-da66-4c53-8526-ae2f0d94b812,6edb4a6d-c6d9-42fe-8f07-3f162343fa8c,ChIJHxgBSKEDDTkR2BDdp2oSkYg,view,2026-03-05T04:29:46.004612
62a2995e-8e73-4529-9513-32be6f752cfc,7b25bca1-5cf8-4df1-a24f-5c00b397a370,ChIJA9WYaIEHDTkRTK-Lo25SbTA,view,2026-03-05T04:29:46.004612
bbe5f242-3ef6-42f4-9cb3-4cbe7dea51d1,8c0efedc-1d9e-4474-a375-d497de640a07,ChIJ378Q6gb5DDkR__M5xEp30pQ,view,2026-03-05T05:29:46.004612
80ff45f3-bc60-4a89-89c5-1480d0dab372,6f2154b1-c2c9-4669-b941-b2cb97c01852,ChIJd6482AwFDTkRIzkWAxQEfIw,view,2026-03-05T05:29:46.004612
3f81a3cf-ff79-41bc-93ba-4fb0f0e92bb1,1cc1f619-e172-43eb-95a9-250a047d53e3,ChIJOTFgFrkZDTkRtGNiP_WDHVE,click,2026-03-05T05:29:46.004612
1aa8de54-5fa7-4542-84d9-8b1bfc20d7f0,0b96ad05-ad6c-46c2-a6f4-63a849620078,ChIJe1bK-MgaDTkRQq9FTKRnEPU,view,2026-03-05T06:29:46.004612
4c0f0a3a-bc6d-4572-8217-832743886b82,752ae880-5193-4949-8c44-7268f53705a2,ChIJH7uqMgAdDTkRR3AlYABkDHo,click,2026-03-05T06:29:46.004612
03d16850-5b39-4cf5-bd4e-aa637449cf30,bab17f22-cf43-4897-a023-31b708559dfb,ChIJqUMw8V0DDTkRcqy-cZvfVvY,view,2026-03-05T07:29:46.004612
b7519811-3c7a-4296-9415-7b2c094cb90a,cd5f98c4-435d-44c6-b897-bd98a994cdf6,ChIJBXLyghI9DTkRRrOaOusMssk,view,2026-03-05T07:29:46.004612
486c8272-2eb2-41f5-8333-47c3fe184e4b,1af78088-0b1c-47f9-b1dc-923c9353f8b4,ChIJf_i50DwbDTkRJKI6ATn2HHQ,click,2026-03-05T08:29:46.004612
431f7c28-58f2-45ed-b644-7f0a0c68f6fc,81b57fe8-6ec3-40ae-bf9a-0555a7fa02bc,ChIJZSmFMJkZDTkRohYgeUnNxxI,view,2026-03-05T08:29:46.004612
2470cca3-8482-4398-8525-2f6cb0f024d1,74f869b6-84dc-476e-88de-57c3636377a7,ChIJpdaR5mQHDTkRNN_caaPvuOs,view,2026-03-05T10:29:46.004612
84ed3686-5bb4-4500-a607-5d3a666179d8,380668ac-3826-4240-8bc5-84eac5c2d421,ChIJhcCsOMkVDTkRDS5i7HH0pus,view,2026-03-05T10:29:46.004612
5f964389-965c-48e0-a485-66c2a8717db6,2f593b57-222f-4ca2-a2f0-685b7daf81df,ChIJR3a0cswFDTkR9VOW8hki9K4,view,2026-03-05T11:29:46.004612
c277c66a-9373-4ecf-bf6d-89399af3c1b8,3015c9b6-5899-4199-bf11-0dce85a55a7f,ChIJ1QGaMpkCDTkRKj4GIDBC48o,click,2026-03-05T11:29:46.004612
f5a2eab5-5cd2-49fb-b9c8-d813e482a948,4639b934-5fe9-4988-a7c9-d96a8fdde734,ChIJixLvaq8HDTkR3a-ToyPGxt8,view,2026-03-05T14:29:46.004612
80a8b5bc-30ae-4ac7-87ec-3154ae2185a1,fb5bd947-522c-4a43-9cd2-6a4e1e3d39f8,ChIJidPBMyb_DDkRnxZAhIBYyYg,view,2026-03-05T15:29:46.004612
526c99e3-edf6-4315-b7a7-5290dd6dfa66,e3e541af-1639-410c-b2a3-0b7b5ce191f3,ChIJS9nAr1DdDDkRYZcXozkGok0,view,2026-03-05T15:29:46.004612
b45cfd09-527e-49c9-8e9e-3b1d34a90916,da7bdf63-c815-45bd-9ed2-1d70cc614424,ChIJRZaLkZkbDTkRkJRD2nrcKFs,booking,2026-03-05T17:29:46.004612
b85a06eb-2675-4875-8411-ef6a55ef40db,c74fef9b-4167-4893-8d8c-aa5a673376a4,ChIJsTX1574ZDTkRYBEzBecVO8s,view,2026-03-05T17:29:46.004612
e44dede9-b9bc-46c7-8cc1-c9a9062f5f35,db457081-4cae-4dce-9ccc-f0545849532e,ChIJVbCrbc8jDTkRq4eovlKi9kE,view,2026-03-05T17:29:46.004612
7ad15d51-5f20-416c-a58b-3393ed35ce17,fb617c3d-7cd1-413c-a61b-d2a28188a0e8,ChIJPdjkgibjDDkR_QptVlI3l0k,view,2026-03-05T18:29:46.004612
ae9fbe4d-abff-4136-b98e-df20b01d4b35,a4242dbd-9983-4afb-a44f-2f856be11ace,ChIJZ03D9-X_DDkRDe5lPjcYyWg,view,2026-03-05T19:29:46.004612
1ac7e37f-d28b-4182-bbeb-174a1b80d53e,19eaa5b2-8d2c-433e-8ca9-a8410959b4b3,ChIJhdCGIFUdDTkRzJqaue3kFuk,view,2026-03-05T20:29:46.004612
afc3d26e-4081-438c-aac5-f31f38d48a8c,a5d390af-a9b0-40bb-84fe-6a3a45236261,ChIJ_-aIgzIYDTkRBlQb3cm8lhA,view,2026-03-05T20:29:46.004612
4fe718cc-855a-4e3c-8cdf-66fd6cd2ae49,825ccd8f-20cf-436b-afd9-6daf1e04e7d6,ChIJT8kShEAZDTkRl2U1GRhAYN8,view,2026-03-05T20:29:46.004612
8ccc8bcc-628c-44a4-a632-171d34f63eab,4b1efde4-1976-41de-8e08-9be773c8c067,ChIJLUMOqANrDTkRUnxDCCSW460,view,2026-03-05T23:29:46.004612
9f26e61d-917c-484f-98d4-9b7ae4f672d0,1168582a-a016-437c-a4ff-15850825f071,ChIJ_-aIgzIYDTkRBlQb3cm8lhA,click,2026-03-06T00:29:46.004612
abc39d97-4213-4eba-926a-4f1df8a8cf2c,79d8c9cb-75ab-4bde-8742-5828e9f6c484,ChIJqR0Lpo8dDTkRXtwuh1revik,view,2026-03-06T03:29:46.004612
07ae7b69-4608-44b0-82b0-5b509dd3a552,f4cda6fe-eeda-424e-9053-2afe299ddd5b,ChIJUaBSPtUFDTkRyZQihsgC1wU,rating,2026-03-06T03:29:46.004612
d207af15-39b2-4d0c-a118-027ff10fe85a,9541d020-4717-4348-8140-c9dbc6ac086d,ChIJERGjA9qrDTkRDLW8qze8P0I,click,2026-03-06T03:29:46.004612
1ee25c4a-dc63-4206-9353-d55c2dc82e41,b2bae56e-6bef-4589-91f8-3bcb0079a939,ChIJUXQfIkD9DDkRcVucp8aFAD8,click,2026-03-06T04:29:46.004612
98491004-adf9-4068-8c42-2e2f7a095dcc,1a988cbd-2d3a-4c58-ba0e-928c5a1069c3,ChIJawhvr7PnDDkRzK8CptG0rAo,click,2026-03-06T04:29:46.004612
d01b45f4-1568-4066-8c68-6a1cf406506d,7f03cab6-f668-4086-8629-2f21ce712f9c,ChIJed7uWW4jDTkRqkxrKc2dId0,booking,2026-03-06T05:29:46.004612
98522e3c-097a-475d-af91-1aafb7d1e447,d801e23d-c229-4ebc-8261-5eeff8a3e839,ChIJAaXhBdofDTkRjJVX_cRNLSQ,view,2026-03-06T05:29:46.004612
fbfda9f8-0dd3-4d3e-bbc4-2452dc93ebe5,d89e1f00-8ca2-4838-8356-679ff50a23c9,ChIJi2vT-3UcDTkROnoFPdqD-bA,view,2026-03-06T09:29:46.004612
b725e749-c715-4cbe-a13c-b063a5cde94f,3c6b907b-a9a0-4ec9-9d24-fec31f360051,ChIJKd2x_m37DDkR7eEb4D5R3GM,view,2026-03-06T11:29:46.004612
c4354043-300a-4132-9761-1b1322b7cf3a,216821c0-ba84-464d-9d3e-455250a05e9f,ChIJE3DvtxIjDTkRjoZAKwZ_L-A,booking,2026-03-06T13:29:46.004612
12da1cba-d283-44d7-96a3-b973ad4dfb8a,459130c7-4617-4eec-b6b7-413a5293b66e,ChIJAxoZFF0-DTkRrQYeGhnCS1c,view,2026-03-06T13:29:46.004612
037d115c-ad78-4cfa-890e-437a2c03bf1d,b44fa2f8-0fca-4063-adad-2925b086ffd4,ChIJicRbzksFDTkR6DUl_93l5Uk,view,2026-03-06T15:29:46.004612
71b27aa2-723c-4d89-8aae-bfe2ed4e8a74,73d1f3ba-ad8f-4898-81b9-f6c5929fcc4a,ChIJhzHamC_iDDkRkUSrm3hnORw,view,2026-03-06T15:29:46.004612
07ecb8a8-4999-491b-8788-cf29d4b538eb,7f29a7e8-29b8-4038-bc46-8a33d2e3a8c9,ChIJ6dIL9O3lDDkR08PFnVJrs1I,view,2026-03-06T16:29:46.004612
e0271815-1df9-4170-82ed-c9dfcd3f2408,d0568206-fb99-4420-93e5-955e8cbc76f9,ChIJP-R4HAg9DTkR4EwItRUAaa8,view,2026-03-06T16:29:46.004612
1c49f0ec-39eb-4fa0-9d90-fb53c8251e7d,b1bc4a4f-a54d-4dfd-9a38-bbd7d2e0d558,ChIJIQAAADAYDTkRr-j3eVMKaeI,view,2026-03-06T19:29:46.004612
156c58cb-73ce-4147-bb01-264a3f65088a,1f570286-7792-442b-8f71-00fb25c68d25,ChIJZSlK1MrjDDkRjZgS3iDnj1w,view,2026-03-06T21:29:46.004612
1923f0c9-105c-4b4e-b2b8-1d31f39192a2,8b090365-f819-477f-a8f7-4bc8e4f950d9,ChIJO-1YhaoBDTkRSjyr7WIIzG4,view,2026-03-06T21:29:46.004612
3e98c530-fc3b-44e5-985c-e18cf56d2e01,12fa4ce4-e2ef-4524-8132-24094afc0019,ChIJAQCTgEP7DDkR8z4l4Lv6Uhc,booking,2026-03-06T21:29:46.004612
a91726e1-01d7-4e33-bb76-1c9a9c7f364a,b1998710-c279-4d01-817d-c99ad02236af,ChIJ4xrnQuerDTkRFSt71MB3oMw,view,2026-03-06T21:29:46.004612
998451a6-2446-4780-a01d-7bc30da8a58e,67364aa1-8d07-45f5-941f-31b64963f318,ChIJe0aRQU_jDDkRiANhTaAQknI,view,2026-03-06T22:29:46.004612
fc7403c7-bfee-4944-9304-caf663e07dd1,bed789cf-6df4-4973-b9d8-7134b6c526fb,ChIJZSEVrPHlDDkRZ5C2vrpZXRM,view,2026-03-06T22:29:46.004612
03a8cda4-f2d1-4640-a790-e4b5dacb208e,9541d020-4717-4348-8140-c9dbc6ac086d,ChIJDYSnz5QBDTkRX_zVDWiJhWI,view,2026-03-06T23:29:46.004612
24d797e5-f809-462e-9e47-514b29b4ad74,c6e0c036-706c-442d-845a-369635621566,ChIJtSU-60fhDDkRIFpzjZOFQ-o,view,2026-03-06T23:29:46.004612
372ea02c-5e1e-4cc7-8bc7-c66c15f2d1c1,216821c0-ba84-464d-9d3e-455250a05e9f,ChIJx6m1uo7dDDkR12u8JLX6V1I,click,2026-03-06T23:29:46.004612
8e387b91-2c1a-4493-8b40-edc124d1fe19,1afdbaef-b1c9-4af6-b3fd-0657dd8126f6,ChIJidPBMyb_DDkRnxZAhIBYyYg,rating,2026-03-07T02:29:46.004612
5d2850a2-1cfc-4ac1-a1f6-3d6906288096,8c0efedc-1d9e-4474-a375-d497de640a07,ChIJF40SMosZDTkRch0ZBwZJygY,click,2026-03-07T02:29:46.004612
d9f271bf-ca82-4916-9199-154f06ad0047,f32ed5f5-48b9-4967-9ec6-8c0147bd672c,ChIJQ3NDXD0dDTkRhr6qseSsSxg,view,2026-03-07T03:29:46.004612
4acc6cc7-6c56-4781-81e8-e2fb7ade108c,b06db2c7-0962-44a2-9e2e-0c20ed116e97,ChIJR-G7XwX9DDkRB5h2b4-759I,rating,2026-03-07T03:29:46.004612
5e50bd2c-1c93-43d3-9e82-fe7b572bd32e,454fa168-4941-434c-a50d-28b215c69bf1,ChIJ02Bkw2gYDTkRTp9KZwPMeG8,view,2026-03-07T04:29:46.004612
da98a41e-1eda-4255-abcd-5d3a0ad3c490,dac14e2b-c22b-40ff-98fd-9cd122f25adc,ChIJO4dvLpr9DDkRXrQkso5NLj4,click,2026-03-07T05:29:46.004612
dbb1c369-7c2c-404c-8c76-479055c249f5,839088d5-7b33-40bf-8bf6-49d5f44731c4,ChIJXSzSTs8VDTkRG66LLYu27cE,view,2026-03-07T08:29:46.004612
da8760f4-e7e6-4f35-b7b5-29ec82c116fb,98e4f59a-5671-44a4-95c3-9fe7f00ace75,ChIJBXLyghI9DTkRRrOaOusMssk,view,2026-03-07T08:29:46.004612
fca47495-3507-4b0a-bc04-c1d6302bd50c,5565485b-f264-4b14-acdc-ff5089e43975,ChIJf3Hgsir9DDkRm76px0vVAt4,view,2026-03-07T09:29:46.004612
77207012-2a57-4cff-8a6f-285044eb5b25,45166870-9387-4484-b22d-da6ca7e8e9e2,ChIJD30e-Uw8DTkRO7PU1hnBmnw,click,2026-03-07T10:29:46.004612
2d498c99-4bbf-433e-a5c1-531e7e6847bc,62689cf5-8b3d-4aca-8ff2-e66406e93ef1,ChIJQzZSoT0BDTkR37w2w39jxbY,click,2026-03-07T11:29:46.004612
848d4e42-ae56-4b9f-8061-7b3bd79084e0,b8280c36-4b28-45ac-a1d6-ac369a47ebea,ChIJG7ishgb9DDkRnIrNWT8PfPM,click,2026-03-07T11:29:46.004612
45be2320-ce94-4c11-a34f-3eddcc4adc36,d16cdef1-96c2-4f1f-8bcd-9b46274759c5,ChIJed3qvkHhDDkRZz9hwNvIc1k,view,2026-03-07T12:29:46.004612
7a6bd97b-2a1a-45c3-81ab-82a32a03c99c,380668ac-3826-4240-8bc5-84eac5c2d421,ChIJtR6Xc-8HDTkRAo-EkgV3FkA,view,2026-03-07T12:29:46.004612
6d95b316-6500-4889-84d2-66611d25e4d0,d0249923-13a8-485b-99f8-6879bb7badf2,ChIJi4GTF0H7DDkR25QXfXu1Uac,view,2026-03-07T14:29:46.004612
ec0a0209-1ce2-40e1-af16-2c0d97d57194,6ee09409-0b4e-41b7-8daf-93dfa6d3922b,ChIJUXEBCwAbDTkReAT2lErQcEA,click,2026-03-07T14:29:46.004612
a0fee3b1-6c8d-4306-a70c-4eafe19e8cb9,6f2154b1-c2c9-4669-b941-b2cb97c01852,ChIJI5Qg-hYeDTkRJPOLBw0uKeQ,click,2026-03-07T15:29:46.004612
36ce37fa-92b4-4bf0-8d0f-6919b2e3dc44,8f9e1132-4420-4b95-8a79-3d6493bc06de,ChIJ6wyYSJndDDkRRdbX4at-Y-0,click,2026-03-07T15:29:46.004612
dafc8cec-fd70-4c8b-847d-7cd50beff91c,b90825c7-9af5-430a-bb5b-94f97f9edac2,ChIJmY1WY2gBDTkRsmGgG-zn_90,view,2026-03-07T16:29:46.004612
981cb37b-77ae-4534-b200-7c8a25a34da1,24f94256-cfb0-4089-81aa-5730704504ef,ChIJW9pNqsgFDTkRuLtIJdxTt7I,click,2026-03-07T16:29:46.004612
0b3cd22e-d0c6-4ad3-8cd9-e23ab5a26b4e,a0803a68-464d-49f2-aa0c-09fd2759c982,ChIJCUCbwIwZDTkRpOs1cXoyU2Q,view,2026-03-07T17:29:46.004612
e0518d41-f9d4-46ca-b5a4-c52e087a867a,63202cd2-4df1-414e-90d4-f3548eec0853,ChIJVVVVJdQDDTkRyYcuYnqjUqc,view,2026-03-07T17:29:46.004612
81081374-915d-4c79-8359-9d639bc71971,6f97f60e-e1de-4197-8bcc-5ee284285f0f,ChIJtRsd1IMjDTkRhi5TIH7xu98,rating,2026-03-07T17:29:46.004612
29b3ca8b-a1e5-4111-9a35-420df0d0ccfc,e55d9a53-a0b3-45df-80fc-ae4b5f97b829,ChIJpTcilaQ9DTkR5_-YMDv8bCY,view,2026-03-07T18:29:46.004612
b4172e41-4c73-4fcb-bf0e-090a3263dc2d,c756df7e-3e15-432b-9cb9-f1f09f2e12ce,ChIJJ0FnHkH9DDkRTSUSlC-IXoo,click,2026-03-07T21:29:46.004612
fa7e5b7d-1523-46b3-8edf-78cfa28b24cc,006181ac-dcd3-4be5-be84-3a780c383e71,ChIJ2TtPSgAZDTkR0nVA4pUDCkw,click,2026-03-07T22:29:46.004612
b8835dd4-6b97-40cd-bd06-be8d788a2067,454fa168-4941-434c-a50d-28b215c69bf1,ChIJY6PJh2kcDTkRybb5KBGcqIY,view,2026-03-07T22:29:46.004612
20e28367-113f-46a9-a45b-b4c84c344105,c74fef9b-4167-4893-8d8c-aa5a673376a4,ChIJD0MQIp89DTkRP3c_QnFrdws,view,2026-03-08T00:29:46.004612
edf8b562-7391-438c-bbf1-8577d3bdf71c,0fcbf1b1-b632-4a5b-ad37-a1cafc6a9b99,ChIJmQYnvXEEDTkR0r7CgDsyI6Q,view,2026-03-08T00:29:46.004612
a907e729-18d5-4d0e-a3f0-feab1423a904,4a9b5a31-30cb-4210-8cf6-0068f510758b,ChIJhfP0934DDTkRb0xgy-Wsucs,click,2026-03-08T00:29:46.004612
00d370c7-e1f1-4253-8912-9f302dbee830,1f79ba5b-356e-4127-b6f3-d87edbe2c4d4,ChIJYcsBST0ZDTkR5eL0sZwm_rI,view,2026-03-08T01:29:46.004612
5bc1b87b-f917-4a48-92e0-4ba7f202b6e1,562e74bd-3afd-4a7a-95d9-5705ea03a607,ChIJp6qq6tofDTkRxTTgVXrcTZk,booking,2026-03-08T01:29:46.004612
a4f78c34-a8ff-4ead-aeec-831c9208d2fc,a63ce3a9-8eb7-4028-979b-e79d5f10eae1,ChIJm3CI3S0ZDTkRAUh7BLkoMAg,rating,2026-03-08T01:29:46.004612
f2771851-71d5-4ce2-b5dd-f0c3e8917fdf,26b70735-b82d-4c89-9334-8cd9716109e6,ChIJxydUCQAZDTkRTbnjfN2N-1I,view,2026-03-08T02:29:46.004612
f2ca51f9-3725-4cc0-95a7-9b7afa077151,1f570286-7792-442b-8f71-00fb25c68d25,ChIJ_z56lUH9DDkRhf379R0nNTM,view,2026-03-08T03:29:46.004612
c37c217f-59ad-49a0-ab22-49c260f4a0c2,aaf6da95-4ceb-4028-87ae-d70cab30bac3,ChIJ51yNUgbjDDkRhRjK5RkEXn4,booking,2026-03-08T05:29:46.004612
b706298d-2883-4b45-ac24-139e11ee7fb8,99391f5c-99d4-4657-a111-c296af97a9ce,ChIJrQm2IkQZDTkR-GCn7nUAuSQ,click,2026-03-08T05:29:46.004612
2af5a5c8-c0fa-4e36-af99-f88c300a9c59,15648a93-5422-43e7-a1d6-64fa0ce9ea19,ChIJlbip0PAdDTkRf4CfOJtwHZI,rating,2026-03-08T05:29:46.004612
cead87d0-7e28-42f7-8c06-065828c84a1f,6ee09409-0b4e-41b7-8daf-93dfa6d3922b,ChIJnzfZxyH9DDkRB58ZTRYEcpA,click,2026-03-08T07:29:46.004612
bc2c9124-965c-42a1-b37e-65b8ba91c7d2,68c1db27-af96-4b10-8e19-55873cb43635,ChIJl_cOl7gPDTkR41IRTkO4u-I,click,2026-03-08T08:29:46.004612
87dba497-7400-4bd5-8731-6e981154643e,1241c6f3-c91f-42df-96f8-3f4947ba237e,ChIJX_p5Lu0dDTkRqOKPEmR2EB4,rating,2026-03-08T08:29:46.004612
0cc14b10-f9b7-458b-b148-f1864e39ebf0,68be285b-1a38-4ef9-8adb-e9d8d197e111,ChIJ0bhXzyPnDDkRtIidxqRxIhM,view,2026-03-08T09:29:46.004612
de5963b9-10b4-4bc1-8f5a-a2ef5b44b7d6,a7cc2721-25a5-4249-96c5-dd28b2e6a2d2,ChIJp4vc-_IHDTkRb_HfVWOCbec,click,2026-03-08T10:29:46.004612
b0d98c94-d3c6-49fb-8f32-85de9af123ec,cc36dc83-0ef2-4158-8593-0bf90b2929f2,ChIJGVd7GyYZDTkR72EnTWRzVTM,booking,2026-03-08T11:29:46.004612
b9a1ee0c-b1d7-4c41-b84d-0b4bed31a7d3,b602ad38-cc4b-46ca-897b-b91ecf1c889f,ChIJRz8fTtb7DDkR35WthLi8XWg,click,2026-03-08T13:29:46.004612
fe5bb197-44d0-47e6-91b1-c00fa91871bd,fadb7e18-8707-44c6-a92c-258234df3d06,ChIJuVkOINPjDDkR4FBr49a3Org,view,2026-03-08T13:29:46.004612
55692b92-bcb2-4c1a-b394-8ac17d05cf61,88c44c7a-7a90-4499-b7e5-5500d709369e,ChIJV_KLIUD9DDkRW62Ipndqqnw,view,2026-03-08T14:29:46.004612
c5b48248-5a9f-4817-8080-ac40af9280c8,04c48e09-7532-4bfa-8622-cf1c105e871b,ChIJ____Qq3jDDkRUN3S8QF_1Ec,view,2026-03-08T15:29:46.004612
a3596f58-5546-494e-ac55-83bb417a2636,438c3530-9fcd-424b-9ceb-e56415adb4b8,ChIJTW2J7Yv7DDkRoaEMVYMmb-0,click,2026-03-08T16:29:46.004612
2454ad61-d908-40ca-b4fa-30188a25d78c,4425f3a7-554a-4c3a-a9b7-a894da580b61,ChIJgXegMZgbDTkRJjWjnK4hf1U,click,2026-03-08T16:29:46.004612
c458691a-5dd6-4b3e-82fb-7496181c0ff4,51fa3079-2cef-4318-b8ef-a637eea98162,ChIJEXaERDFVDDkRSCbwxjjDzig,view,2026-03-08T18:29:46.004612
ceeaf89f-1907-4d24-9517-cf79532bbb56,4fc25487-3a6c-4534-a98a-c87948cb8300,ChIJh-mR3oYFDTkRrvwH-wGgU5I,view,2026-03-08T18:29:46.004612
59d1013e-8e74-4429-b8d9-d52a56b91fb7,9d11d036-b210-4371-be0e-9867403d23dc,ChIJi36xEZ8bDTkR4WthqzO9FOk,view,2026-03-08T18:29:46.004612
46491564-ae77-431a-8efd-060dcd080b89,363eabf7-9851-4ce3-aca3-6c053f03ad0e,ChIJKST1WAIiDTkRsgzAHRBHBv4,view,2026-03-08T20:29:46.004612
f312b116-3964-41f6-b4bb-425630a302bc,2fa7bd5e-bc33-4237-aaab-2e9ccd14f633,ChIJ1QGaMpkCDTkRKj4GIDBC48o,view,2026-03-08T20:29:46.004612
cfffd7ee-cf54-4469-8482-4fd3fb334f87,ec9d8689-eafc-4031-b2bb-9c7ab11601ae,ChIJZVHCl2ocDTkR4FUy2t2OM2c,view,2026-03-08T21:29:46.004612
3c835127-2a53-4743-ba27-4cd0da9a1caa,25c08eda-76f1-4b3b-ba8c-38135b29e77e,ChIJmTB5HzUZDTkRTBavRM5qJO4,view,2026-03-08T22:29:46.004612
931534e4-e4be-4571-b914-72634b556610,5da70823-a49c-40ca-91e9-3077db391b34,ChIJ8RAL_OL_DDkRfkpERnh9Ujo,view,2026-03-09T00:29:46.004612
a17ce8c3-9ee1-4a22-a6dc-e11d29f89745,d0c07121-b2b5-415a-9d77-9211fb33bf8e,ChIJX4jrIjbjDDkRXXZoolO_JAw,view,2026-03-09T02:29:46.004612
f5cc251b-1d7f-4c14-9b53-ae0a6064b3bb,d61cd3f5-5242-4468-8633-1939d4899de5,ChIJayXjcrfdDDkR3fX98P4X8t4,booking,2026-03-09T02:29:46.004612
5bb54350-6e4e-4d22-baa2-df4dba51b7d9,5796e64c-fe0d-4d3a-850e-56b86cb78e76,ChIJdZJtxyIVDTkRIE66YtbuTXM,view,2026-03-09T03:29:46.004612
78a6d128-475d-4aab-b0b6-c4f781b87f24,dedb4304-bec8-4355-954d-14319cfb705a,ChIJ09kc2dgZDTkRR7K_tp-Fgco,booking,2026-03-09T03:29:46.004612
a65c651d-7d01-418a-a3ce-631511328b9e,f83a9ebe-79bf-4a5e-a810-f0efdebbe210,ChIJ_yPZ5d4fDTkRzAGMFkC6CGQ,rating,2026-03-09T04:29:46.004612
798f24b8-a362-4287-9ff8-e7f2ab2b88b5,fa110865-51ea-4a5b-ba2d-a9cb901012a8,ChIJUQbQB0L9DDkR4kMbtnRzQps,rating,2026-03-09T05:29:46.004612
2f3fd2bc-212b-4b1d-b6c0-21ee5f62b353,9b8b2cdf-b647-436c-bfa1-08291768ca1c,ChIJBVSGE6gbDTkRSmVkRqpoTi8,click,2026-03-09T06:29:46.004612
660cd64f-7754-4a87-a87d-65d1573b207b,e36a7a29-e37f-4ebb-869f-fd6d38fb9c4c,ChIJ9z9RjKzjDDkRkqMhtJ2HBNM,click,2026-03-09T06:29:46.004612
9e97a4cb-0b3a-4673-b367-458c4ef9dccf,27c5fee4-ee41-4dea-9443-ec4fb6fb1a66,ChIJh7ypMCkZDTkRa9qZat_uAfQ,view,2026-03-09T07:29:46.004612
81537a20-9664-41e4-bd88-2f1fea40103b,7271d882-98d1-4026-a9d8-19bb56a3505c,ChIJTSydK80ODTkRjEXXevFZBSU,view,2026-03-09T08:29:46.004612
a0410072-2557-4e30-b055-e4f2058ffb58,7f03cab6-f668-4086-8629-2f21ce712f9c,ChIJFzlAtHoEDTkRWL-rjvV_XKE,view,2026-03-09T09:29:46.004612
96c94d61-152d-418c-9080-616d58bccefc,9182e03f-2dd2-48d2-8ccd-8a62bc3c3a05,ChIJNYCvH2QZDTkRjLl3MLSE4S0,click,2026-03-09T09:29:46.004612
8f7046d4-0139-4f05-a657-607330bc630f,aab10c81-0332-41a7-9c80-c13a075e121f,ChIJnQTKoYYXDTkRU7pRAcKFALk,rating,2026-03-09T10:29:46.004612
0913bc39-9e5e-4242-ad8f-7ad79941dde4,aeedca81-5b94-4f80-b95d-b3596c11b746,ChIJ_5tYXsvjDDkRSqUQm4XD8P0,click,2026-03-09T12:29:46.004612
baebb5c0-7ea3-402d-a70e-c651f07e99e6,b1bc4a4f-a54d-4dfd-9a38-bbd7d2e0d558,ChIJGY6rtYz9DDkROGiBI6lGJI4,view,2026-03-09T13:29:46.004612
cd067b1a-39d7-4578-8ec5-0c781cfbad1a,ddad8abc-1036-442d-a7df-508178783d21,ChIJiziWrzAbDTkRdIPNjwNfI-o,view,2026-03-09T13:29:46.004612
8781600e-59b3-4f90-b6c5-18aad1afcd02,21819714-4b8b-44be-b538-6a6d5ffa4a75,ChIJL7Vg9KHiDDkRSwZ_W8H-sIY,view,2026-03-09T13:29:46.004612
e4c79324-7464-4ed3-8d57-82e51c09bdea,04cc9df0-3d75-4091-84c2-a22195082704,ChIJ80jFb_AJDTkRlQqSwAF8FZs,view,2026-03-09T13:29:46.004612
b16fca5b-496f-441e-a988-82cb7e12a6fd,4fc25487-3a6c-4534-a98a-c87948cb8300,ChIJgdyQHisbDTkRlN7jaSGm6Zw,click,2026-03-09T15:29:46.004612
9b996ee2-d4c2-4433-a605-1fe1c7df8345,db757573-d418-4493-aeaf-4a5ea11c09ab,ChIJVU6JSPD5DDkRQUOY5xnNBmo,view,2026-03-09T15:29:46.004612
02a7807d-cd70-4fe6-a9a1-1e9c8b65f35e,bd8ea27c-380a-4077-9622-481aa8659acb,ChIJpdaR5mQHDTkRNN_caaPvuOs,view,2026-03-09T15:29:46.004612
0d226cf0-3ccf-451a-af4d-b9a8fc250308,98e4f59a-5671-44a4-95c3-9fe7f00ace75,ChIJI1C0ziziDDkRKofmqRF3WKE,booking,2026-03-09T16:29:46.004612
c20b5702-24de-438a-ba9c-15920d5ce2a3,482c4751-fdb5-406a-93d4-c8ab9f4d24a9,ChIJBevGfo4ZDTkRVZgGThgWOhM,view,2026-03-09T18:29:46.004612
6bc5ef52-c0d2-4550-aec0-869d1b2b874c,4ef76e02-bb82-46e4-b94e-a2762f4f3e40,ChIJWdjKacEZDTkRJ9Sdiz-wiEo,click,2026-03-09T19:29:46.004612
5d341475-a46d-4c4e-93bc-24d17a77fa71,03c6f2e7-c9cd-4768-94d6-a9ec4429752f,ChIJVT5iTz_9DDkRIMfaom19syQ,view,2026-03-09T20:29:46.004612
314d22b1-c3a3-4b78-80f4-3d504385aa41,4a9b5a31-30cb-4210-8cf6-0068f510758b,ChIJwXk9hdr9DDkR2FSvNa9XuIo,view,2026-03-09T21:29:46.004612
ac4cbbea-3ef1-4965-bfaa-0bd518bbeaa5,847d6eaf-b9bf-4508-bed5-ce0364bc8d76,ChIJ_____5wCDTkRudqX6MHuX78,view,2026-03-09T22:29:46.004612
90f08744-0d38-46c0-b3ab-339ac9bb11b7,4c18b54d-024c-4b20-aeb7-d1e358626222,ChIJIVrBSmUHDTkR9fGMGA5NuAA,view,2026-03-09T23:29:46.004612
a9d85014-67ea-47da-8901-c246921f64b9,cb4ba209-214b-4c3e-9d38-d6e297a60fc4,ChIJ87DHGs4ZDTkRx1Hiq-G3rsI,view,2026-03-10T00:29:46.004612
49e4edab-a40f-42cf-ad89-e16019c01218,b38395c5-c158-4137-9ad2-bda81def4908,ChIJDylpYF8bDTkRrqi1VR5k0CU,view,2026-03-10T00:29:46.004612
5ea3250f-2d6b-489e-a9ad-57bc0df356b6,85022eea-434f-4cb1-9f29-305747ee367a,ChIJs5RrKf8hDTkRAqpHTQgqjBI,view,2026-03-10T00:29:46.004612
d72f44f4-0ab8-4381-a0d9-9490e674c01b,73d1f3ba-ad8f-4898-81b9-f6c5929fcc4a,ChIJTYaPJtkdDTkRueyL3cN2yXA,booking,2026-03-10T00:29:46.004612
0ee0e96d-049c-4a3d-9629-5275468148c8,67b9adee-57d3-4bcc-a9b0-422b875c4050,ChIJmZbL1DwBDTkRTUDCMOLJz6s,view,2026-03-10T00:29:46.004612
7c13b575-3c51-4692-9e36-b48f19927ce8,c5a7409b-0bec-416b-a9ca-2e341c3f79c4,ChIJf6Yq7tHjDDkR9wn1DIoV_GM,view,2026-03-10T04:29:46.004612
d7e5a922-5690-4d2b-a25d-d24e37c3e55e,5a45b801-5a89-4183-8e99-461a60cf255d,ChIJ--FGZrMZDTkRnNnjWOLxdmI,view,2026-03-10T04:29:46.004612
3b7849a3-3783-422f-819f-d2ae02609999,a37a4025-611e-4834-b206-02f588ad555c,ChIJRz8fTtb7DDkR35WthLi8XWg,view,2026-03-10T04:29:46.004612
0044a43c-96ca-429f-adee-40f9e4e05838,79d8c9cb-75ab-4bde-8742-5828e9f6c484,ChIJO4bEjrL7DDkR_Sj7Ag-P-Pk,click,2026-03-10T05:29:46.004612
6d3d326d-abd4-4640-8283-60714e72ceba,caab96b4-e8ef-4347-afd0-094ea39488d5,ChIJP74sbM4JDTkRYsiyuOAPek8,view,2026-03-10T06:29:46.004612
43af4cd4-65c2-4f59-a5ee-d465d67237eb,c903641a-a29f-414d-b2d7-b1523031f0c3,ChIJ42FWKggdDTkRFzcocUxirBs,view,2026-03-10T07:29:46.004612
7369e563-6db6-4cf5-a744-f7a29167716c,cc04bfa6-c90e-4dcc-a3ca-d304f232bc5c,ChIJdad-SAQBDTkR6-Y1PIrL3Tk,booking,2026-03-10T09:29:46.004612
36373fd4-df70-437b-8780-4cae7f8a0ffa,217befaa-a458-450a-8c24-12aadb4c1f66,ChIJgYEW9tHjDDkRY7NOQXZZSTU,click,2026-03-10T09:29:46.004612
d2ad05d6-e58f-470b-b6ef-0b5d2d056e9c,bed789cf-6df4-4973-b9d8-7134b6c526fb,ChIJ0bhXzyPnDDkRtIidxqRxIhM,view,2026-03-10T11:29:46.004612
23cd1101-3458-48f4-afe1-0e2ed3c7ce31,f056007d-a5bb-4c58-aef7-4517575f8292,ChIJE9ZNnEoYDTkRKUGTJncZXrI,click,2026-03-10T11:29:46.004612
be243a4c-bd1c-4bec-b731-b03e8ad50b31,71ae3c55-6348-4d79-99bb-9c5d39142091,ChIJb681I4YbDTkRsQz7dBn9LQM,booking,2026-03-10T12:29:46.004612
156dc394-6715-4942-9969-423d3d7ac5b7,68be285b-1a38-4ef9-8adb-e9d8d197e111,ChIJxbmmUzkcDTkRupwAbVY8NHE,view,2026-03-10T12:29:46.004612
d9a46a07-60c7-458e-9448-19ed4f399adf,f5f4a114-68d1-4f54-a589-9da9679700bc,ChIJz6mMvD4cDTkRC1x5YWUVypU,view,2026-03-10T13:29:46.004612
5114123c-5ba9-4380-9001-9cb47be43bb6,5c188236-04ed-4ee0-a96b-0af143487f5d,ChIJ40I_kCvnDDkRsOwVtnuR6I4,view,2026-03-10T16:29:46.004612
70d9ee80-093e-4fbd-80f2-07fcb0cfc52c,b9da6e16-3980-4e85-a275-645c69b299d2,ChIJt5NINK-rDTkR6hsYRxJory0,view,2026-03-10T17:29:46.004612
e2a3e1c6-3f75-402b-85dd-3bc0b246b6c3,6e8e4d3a-1efd-4e21-a015-272eb9d742a5,ChIJmbKGWigZDTkRnFzstL8pzNQ,view,2026-03-10T18:29:46.004612
fadc7900-62ae-413e-9da0-e0ac773142df,90b562bb-4239-4ce0-a88c-c0f205711700,ChIJCxPaVwADDTkRQZ-4juHz88U,click,2026-03-10T18:29:46.004612
f95c4dd0-202b-45f7-a584-c658565048f0,d6601a21-1afe-4426-bcac-c14472456e67,ChIJWZJF18sYDTkRlMhB1jn6drk,view,2026-03-10T18:29:46.004612
f3bd35e9-42c5-458b-b786-850f7b69bb03,edc86b94-a97d-41c0-ba0e-891091c3f233,ChIJ6yMHonsZDTkRMN0eS43o7Tw,view,2026-03-10T19:29:46.004612
ef6a7690-7c86-4f26-b490-1c7d3efa007a,b3440ec7-c397-458b-8788-741bff239018,ChIJ8RAL_OL_DDkRfkpERnh9Ujo,view,2026-03-10T19:29:46.004612
335bfa9c-bc0e-4df3-af5e-069c1eb31500,b988bd2a-7c75-4df8-b2db-28493c0a7680,ChIJFzlAtHoEDTkRWL-rjvV_XKE,view,2026-03-10T20:29:46.004612
102ef247-ec41-4b5a-bc78-1aca168a546c,1cc1f619-e172-43eb-95a9-250a047d53e3,ChIJC_BtMAmsDTkR0zDkFj0klCs,click,2026-03-10T21:29:46.004612
48792b26-0ff6-4d57-8a23-ac8f017b0a98,6dcfb609-2ce5-4bdb-87fc-08118fcee7e6,ChIJ93r8-wbjDDkRlf30qg5Q_pM,view,2026-03-11T00:29:46.004612
84f661e7-74b2-4c95-8783-571ff4b4cd83,b1bc4a4f-a54d-4dfd-9a38-bbd7d2e0d558,ChIJNf0vlaKrDTkRaPkYfpVHJ70,view,2026-03-11T01:29:46.004612
439f6c9c-e066-42f2-99f6-8834ce30032a,f056007d-a5bb-4c58-aef7-4517575f8292,ChIJMWavIwCpDTkRz9RcEhXzSA4,view,2026-03-11T04:29:46.004612
f82f1d7c-0ab5-4718-b7ed-75e37b025a10,3736b331-d748-495c-a46e-1d6ef91edf11,ChIJdXE5kq8ZDTkR3XRcDlA5Alk,view,2026-03-11T05:29:46.004612
9552ab84-fdc8-4557-bc22-f0f439d66a24,4e9359e0-a2c8-48de-b32c-17fee0cf5c36,ChIJm1yegN_iDDkR2RLLVNyqbZ4,click,2026-03-11T06:29:46.004612
ccb9be20-b821-4e1f-8bf4-5120e16fa0ca,dd07791a-aca9-4b2a-812a-6e394171de8d,ChIJuWJbafgdDTkRgrD6U1ZCKtc,booking,2026-03-11T06:29:46.004612
3b1dda52-d7b1-4bce-a7af-b171a14b1452,b1bc4a4f-a54d-4dfd-9a38-bbd7d2e0d558,ChIJBbgsxsYEDTkRc2dRoyxQ5Cw,view,2026-03-11T07:29:46.004612
01fa8acb-641c-4da9-94ff-b9b5510b36aa,217befaa-a458-450a-8c24-12aadb4c1f66,ChIJ3X0NsjECDTkRYoNaNClVwuE,view,2026-03-11T10:29:46.004612
d3db7a28-77c9-4e56-99f4-f9e738ed03a7,3b08d955-3c94-4732-bfb6-b67bcec421cf,ChIJe-euBg79DDkRqrpZ5Pzm8Qw,booking,2026-03-11T10:29:46.004612
be088623-3ffd-4691-9393-9597fa1ca70c,3a40b1c2-baad-46de-91e3-69eb5211f542,ChIJSdUxIfqpDTkRb6Y2Nt719Gs,view,2026-03-11T10:29:46.004612
ea14a361-6225-43e2-8195-076b82a72936,aef9db74-8ed6-414b-b575-d026e1a757f7,ChIJ80WEYuD8DDkR2z_JnqJYSd0,view,2026-03-11T11:29:46.004612
44627b03-e8f9-48e1-9ee4-d9d0b5266481,85022eea-434f-4cb1-9f29-305747ee367a,ChIJr3G6agDdDDkRHk3tDePJCI4,booking,2026-03-11T11:29:46.004612
bbcfce7c-4eb5-42dd-8d01-85b735581d97,8da672ff-814d-4227-b722-f99f4d59c6e2,ChIJdaJqbSgdDTkRiKTTCgl1KSk,view,2026-03-11T12:29:46.004612
b1f8b621-0e26-4b18-8b16-748314ea1708,2cf4a0e9-b235-47bd-bea5-d3539ba5581d,ChIJFzkmDJ4CDTkRf70JRh0UBes,view,2026-03-11T14:29:46.004612
212b5033-3d7e-4aac-b96a-e042ca03e43e,bed789cf-6df4-4973-b9d8-7134b6c526fb,ChIJF73zruTnDDkR4fHFPKspu28,view,2026-03-11T15:29:46.004612
c993cfde-4727-477c-bb96-92d118f0e7fc,438c3530-9fcd-424b-9ceb-e56415adb4b8,ChIJL_M_RmYYDTkRorRddpAJS_E,view,2026-03-11T15:29:46.004612
6e757ade-6f1b-4403-b5d6-837e38ce2efd,a2cfe09b-c95d-4df9-be37-98a6eafe1549,ChIJIX4qK5gCDTkRbm67bcxGI7I,click,2026-03-11T17:29:46.004612
dcfa6a5b-6163-42e5-822a-bbaf11dd1ef0,7f29a7e8-29b8-4038-bc46-8a33d2e3a8c9,ChIJW6btYiX7DDkR-wBnM_9K9bE,view,2026-03-11T18:29:46.004612
e6f40113-ac1a-4233-a041-6233a4f403ee,bed6aa64-aa16-4b8d-ae0a-08044b6f518f,ChIJaf9ECAAZDTkRC8nY0G2d1SY,view,2026-03-11T19:29:46.004612
240b2b1c-c0cf-4496-a2b0-80699f6bfc54,4d738cf6-50d3-40f8-b83a-922abbe0ec30,ChIJzVpPAUwHDTkRCd2U21g5PSs,view,2026-03-11T19:29:46.004612
23974678-f342-4f47-820e-aed9a30d8f37,81896acb-b496-4804-bfdd-792aec7d47ea,ChIJD6eyOWkEDTkRa5DoupugiDg,view,2026-03-11T20:29:46.004612
d0a2844b-123d-407e-8ead-17be8e5e82a3,8cdcfb8b-2826-48e2-bd78-fe1ab76f2155,ChIJP6BH6_0VDTkRvwuF1c6Yb6k,view,2026-03-11T20:29:46.004612
1293a8e9-fc15-48e7-ba96-76d324a1996b,5da70823-a49c-40ca-91e9-3077db391b34,ChIJ_y1TYvz9DDkRN-aFtSMAKCs,view,2026-03-11T21:29:46.004612
18731762-1dce-4a77-9bbc-0645c8c7bb54,9a263236-afcb-403e-8655-3a6f6ecb858a,ChIJ09LJrqwHDTkR6EUOtQ_cFqg,view,2026-03-11T22:29:46.004612
302d03d5-4e12-4f7a-bb13-7bee86127dca,2fea94f5-b851-4055-87f9-efbe34d5c731,ChIJ7aqq-vTkDDkRgQTJLDQBQlA,booking,2026-03-11T23:29:46.004612
b7ac411d-f00a-40be-aa8a-f3e77a085402,e55d9a53-a0b3-45df-80fc-ae4b5f97b829,ChIJTyMFBar8DDkRR_cmTPi5jkw,view,2026-03-11T23:29:46.004612
ba328278-c04e-447d-8f6d-14f7e1cd833e,bed789cf-6df4-4973-b9d8-7134b6c526fb,ChIJz5G7EdPgDDkR3nBZAmkk6QM,view,2026-03-12T00:29:46.004612
beb1724e-ba24-4f24-bcc6-6548f4f8954b,6dcfb609-2ce5-4bdb-87fc-08118fcee7e6,ChIJjyeFQCMfDTkRJuuH8AyC5YE,view,2026-03-12T01:29:46.004612
21240d58-591e-4e8f-a198-cb7a2158a510,bab17f22-cf43-4897-a023-31b708559dfb,ChIJxY54Sx_9DDkRgZ05aiuE6aQ,click,2026-03-12T01:29:46.004612
aa00def3-7828-4857-98a5-e031dfde54cf,e79fc8eb-d34c-4eba-9f82-3f875c8cef74,ChIJU1FwGXDeDDkRzzTKRRRe3EY,click,2026-03-12T01:29:46.004612
9c4d4935-1359-43ed-bb75-3d6c4d9fa91b,4f6f8371-18c0-4a14-b176-7e3454ff3110,ChIJAd3619A9DTkR4UZYACYhK9E,booking,2026-03-12T03:29:46.004612
68ae2ad1-96a0-47ff-bcac-1dda847ab91f,5796e64c-fe0d-4d3a-850e-56b86cb78e76,ChIJZ8qlyNIODTkRGzLMscwXcVg,view,2026-03-12T04:29:46.004612
325e1afc-06e7-4846-a779-09d1aa57d639,4a9b5a31-30cb-4210-8cf6-0068f510758b,ChIJT4jvxKGrDTkRnzdf-hiY6nU,click,2026-03-12T05:29:46.004612
760651da-bb07-434a-9af4-7cdcfaa87742,caab4413-f522-45f3-922c-28d705578a11,ChIJd0ioAMQbDTkRQVSbRjEe7WY,booking,2026-03-12T08:29:46.004612
9207e98c-a990-4494-801a-f90cf77bd184,f6bca5e6-d93f-4742-9d35-8b9c2d6ae349,ChIJbRm2nIndDDkRSBeUA2LGd1I,view,2026-03-12T08:29:46.004612
476c7f61-76f6-4310-8964-70176e05baf8,26b70735-b82d-4c89-9334-8cd9716109e6,ChIJ5RjjCirlDDkR5wrzax-BZEs,view,2026-03-12T08:29:46.004612
068ebe3e-8ebc-433b-8333-0e7d2e1d9567,544f1349-c1c5-481f-8968-8b4a3f64ba7b,ChIJVc6eI2IDDTkRDzKffVzg-is,booking,2026-03-12T09:29:46.004612
2392a86d-fbda-4131-b398-529f79a6f8b1,f5f4a114-68d1-4f54-a589-9da9679700bc,ChIJ52dGUtcDDTkR9ccRlGw9PG0,view,2026-03-12T11:29:46.004612
7ee25e1a-186b-413a-89a6-73d6f26ed2fe,3be37f58-0dfb-4c1a-b9bf-9b21b5badc17,ChIJYWObOR_lDDkRC3aMeHig0Mw,view,2026-03-12T11:29:46.004612
afa4feb6-fcac-4fbe-a87e-a1715a14e077,0360d884-fc9d-4a9f-bcde-f7563113a77e,ChIJq6qqatPgDDkRZcvXKuNHJ0M,view,2026-03-12T12:29:46.004612
d5183b5e-4669-4a33-b47c-f1ce195e3ac1,d0249923-13a8-485b-99f8-6879bb7badf2,ChIJz6uJIQfjDDkR3gifjDKqsIQ,view,2026-03-12T12:29:46.004612
6e2ce51b-2bc6-4ca1-8a18-2160c16bac37,c4fdb3d6-600d-4485-9c08-ff6f8ea29afd,ChIJh_S5sis9DTkR1oUaarU1OPk,view,2026-03-12T12:29:46.004612
1b601dac-f9fc-4ad3-a7df-33a7cc6f95df,57e8dcaa-fdaa-4def-936e-0b4021b78ee7,ChIJo0kq50oDDTkRW31gcMJK4TY,click,2026-03-12T13:29:46.004612
5b8bdaec-4168-458c-9680-92f917d0d4e3,0fcbf1b1-b632-4a5b-ad37-a1cafc6a9b99,ChIJby0WOwAfDTkR6PBzipNl_n8,click,2026-03-12T13:29:46.004612
8581f3ba-3a3d-44db-964a-e28730b661b7,400ef25e-95ca-4e02-9149-13b2c73cdced,ChIJb0yEFbr7DDkR1DMZ_Stt7uI,view,2026-03-12T17:29:46.004612
8569d5c8-ffc2-4975-aa36-d8477967a09f,dedb4304-bec8-4355-954d-14319cfb705a,ChIJi36xEZ8bDTkR4WthqzO9FOk,view,2026-03-12T17:29:46.004612
10f2a9e6-bbff-4e1d-af26-8cd2f8aa25ae,1332f2a9-c787-4d56-a619-7c67fb64a9aa,ChIJHZqb6wsZDTkR3n303iVwJq0,click,2026-03-12T19:29:46.004612
a157220e-8d59-44af-ae12-92d86b9ef7dd,3b08d955-3c94-4732-bfb6-b67bcec421cf,ChIJ0_UDiGcBDTkRZ9S_7mx5PVs,view,2026-03-12T22:29:46.004612
cd642528-9f29-431b-80a2-6a7af1cffdad,b38395c5-c158-4137-9ad2-bda81def4908,ChIJU5ZfTy3nDDkREzNyq06aZjA,view,2026-03-12T22:29:46.004612
13ab18d7-8be7-4231-b658-20e21dd43dd2,ce684b65-1011-48f4-b0fc-af68c31c585a,ChIJh-mR3oYFDTkRrvwH-wGgU5I,click,2026-03-12T23:29:46.004612
abef2eed-7cb7-4b00-9740-ff9ae3b4f7d1,a123c201-eb05-40b0-a623-65fc5c901802,ChIJ27PwpZ0EDTkRwIoF5IlHPDI,click,2026-03-12T23:29:46.004612
03287c2b-2662-4dd7-b8cf-555ae904190e,d5e48dc1-31fc-42fa-9872-a3ff735624f8,ChIJ80WEYuD8DDkR2z_JnqJYSd0,click,2026-03-13T01:29:46.004612
8db4f7db-d986-47ff-8932-dd4fbc5a24ea,d5e48dc1-31fc-42fa-9872-a3ff735624f8,ChIJqatSgMQfDTkRF9LVcrExTdM,click,2026-03-13T02:29:46.004612
d571d5b1-5ea2-4bba-af36-098cea865728,aaf6da95-4ceb-4028-87ae-d70cab30bac3,ChIJC_BtMAmsDTkR0zDkFj0klCs,booking,2026-03-13T03:29:46.004612
f3a5929f-ef35-4a64-b976-c38837979c51,fb5bd947-522c-4a43-9cd2-6a4e1e3d39f8,ChIJzduWdHEZDTkRBKRB3ET9eV8,view,2026-03-13T03:29:46.004612
18077b9f-f27f-4ae5-b922-e70d36eaef5a,501d7b93-7873-4a3e-a801-8c1c2b684e85,ChIJjTVekIr9DDkROSy1R9mJXRc,view,2026-03-13T04:29:46.004612
46118f28-2448-4471-a680-433abcb1605e,9c9bbc96-a034-46f6-9517-98986f690a92,ChIJAzdTzS7jDDkRIt7HRR47yfc,click,2026-03-13T04:29:46.004612
871a5739-ba3b-41ba-a377-fa59d3272f5b,f4445df4-8aa1-46d1-ba98-281e62da5701,ChIJ4WmKF40BDTkRhunQxIe-GlU,booking,2026-03-13T05:29:46.004612
d3937e34-06cd-48dd-a7a2-cf83db01ec88,d34c9416-f56f-4dae-9cf5-56f6594ee57e,ChIJnSdHCZYDDTkR_BE827TPifk,view,2026-03-13T09:29:46.004612
169432a7-3fd6-4605-9f36-0b2ccaf59806,ee4ff499-5094-41ce-ad34-44aa3d6320fd,ChIJDX40hD0bDTkRJ4CwNPbP0LI,click,2026-03-13T11:29:46.004612
6b104435-be54-4a89-95d8-a8e84e1c5003,fb5bd947-522c-4a43-9cd2-6a4e1e3d39f8,ChIJU1FwGXDeDDkRzzTKRRRe3EY,click,2026-03-13T12:29:46.004612
bf38fc70-e9a1-4157-97f9-ac7d9932944a,49b2edb8-ec6d-43a5-ae9a-dbfb71df90d5,ChIJx_FdBwDnDDkRBnx9GzcApi8,view,2026-03-13T13:29:46.004612
a4651523-286f-4024-a7fa-318d0404557a,b93f1c5f-045a-466a-a21b-d2905677cd14,ChIJ6-1znNsFDTkRm7yVEo8cwTc,click,2026-03-13T13:29:46.004612
1e400c10-0943-4a29-85b2-21291cc1a6f1,88c44c7a-7a90-4499-b7e5-5500d709369e,ChIJ1eAJv3EBDTkRh-_kWmP5-nE,view,2026-03-13T13:29:46.004612
3e4a1852-e35b-4423-b1c1-a5129441fa34,bded2630-13b7-4983-996d-dfe536cc25e8,ChIJI5Qg-hYeDTkRJPOLBw0uKeQ,view,2026-03-13T13:29:46.004612
082660fa-e3a3-46b0-92e2-e7171a1599cb,465b38fd-b023-42c8-ac74-4f3a04c11aef,ChIJNQkZiF4HDTkRBq76ILZTk7M,view,2026-03-13T14:29:46.004612
0c5f7422-0dc0-4386-9b68-68035a83e44a,3b3e881a-72d0-47ab-9058-597b7916acc0,ChIJF32jzq8bDTkRBUGw8qVoInQ,booking,2026-03-13T14:29:46.004612
3affa8c0-0af1-4bcc-bbf2-fbbd2362deea,b90825c7-9af5-430a-bb5b-94f97f9edac2,ChIJ02TzQUn7DDkRNflvIGixm0c,view,2026-03-13T15:29:46.004612
b3767bbd-268a-402c-bbd8-054296b3a59f,f6bca5e6-d93f-4742-9d35-8b9c2d6ae349,ChIJHTk_xiSrDTkRuw-N0yZBD0I,view,2026-03-13T15:29:46.004612
23f4b8e6-68a4-44ae-bb2b-7eb93cf58475,5634ccaa-f864-4d36-8a6c-77bded2a45ca,ChIJSweSUaznDDkRiDsGkG487WY,click,2026-03-13T15:29:46.004612
21799a55-8c10-4d85-9e65-72e719c4ed10,ab07ab46-445b-426a-b5ef-96a3feb8d1c5,ChIJz6mMvD4cDTkRC1x5YWUVypU,booking,2026-03-13T16:29:46.004612
d24b5070-3f87-4e1f-bafe-18e3231dcf0b,bb27f4a3-acf5-4fbe-b9e7-ac5430056281,ChIJmxMf1OUZDTkRIJSsusHos68,booking,2026-03-13T16:29:46.004612
191647fc-595d-4221-a7dc-e48902c26aaa,a7cc2721-25a5-4249-96c5-dd28b2e6a2d2,ChIJbW7dveILDTkRpbfTOIEo1U0,view,2026-03-13T18:29:46.004612
f4a19d75-e1b2-474a-9f65-9f865bd1d4a0,8f4d7c87-1d82-4a50-9906-1697ed6997a3,ChIJa3V2bkYYDTkRXORa3zzhsTw,rating,2026-03-13T18:29:46.004612
dd0354ec-8105-4d80-9b16-283b7017a838,2fea94f5-b851-4055-87f9-efbe34d5c731,ChIJnQTKoYYXDTkRU7pRAcKFALk,click,2026-03-13T18:29:46.004612
64809761-e2e5-4479-b734-9fe993efbe5a,6f2154b1-c2c9-4669-b941-b2cb97c01852,ChIJBz-A1bT9DDkRyCwXhKz5ZC8,rating,2026-03-13T19:29:46.004612
8dde024f-e9c0-48a8-9ec3-c94e426d79f4,81896acb-b496-4804-bfdd-792aec7d47ea,ChIJtTHggW4YDTkRq1i72xHmz6E,click,2026-03-13T19:29:46.004612
af01e4e3-cb15-49e6-acd2-aa4f6c5d2e16,7f03cab6-f668-4086-8629-2f21ce712f9c,ChIJMV2w6CweDTkR-KXGpaExz2Q,view,2026-03-13T20:29:46.004612
90eb3de4-2585-4d5a-a073-5949110c9a18,6937561c-f57e-43d6-94dd-239d2a10af5f,ChIJDdqRm4vnDDkRVPs6i90nqM4,view,2026-03-13T22:29:46.004612
f4affe24-a33f-401b-aae2-fd089f81eb94,e79fc8eb-d34c-4eba-9f82-3f875c8cef74,ChIJm5rPtlGrDTkR8sMpKe-1YS4,view,2026-03-13T22:29:46.004612
b58457a1-3be4-4536-a708-eeace0e26cda,03a15616-3687-40ea-8a20-d01b6c4010f7,ChIJowM_upkCDTkRtKfuVBhKgdw,view,2026-03-13T23:29:46.004612
a4e9d438-1919-4643-8b6c-82cf0f642afa,1d6480f8-1b79-4db4-a917-49a280dcee2f,ChIJeeAAHGsFDTkR0f2LZFlwN8I,view,2026-03-13T23:29:46.004612
cec545fa-fbb0-424b-b9c3-76b400f829f7,d61cd3f5-5242-4468-8633-1939d4899de5,ChIJE3DvtxIjDTkRjoZAKwZ_L-A,view,2026-03-14T01:29:46.004612
b7ca6dd9-3326-42bd-83ec-ef963764477e,c903641a-a29f-414d-b2d7-b1523031f0c3,ChIJCVKJb40hDTkRperhcYArmyI,rating,2026-03-14T02:29:46.004612
3cb89c3b-a766-4409-82f3-c1361bb17651,d853ef17-5a32-48d7-b5ef-b40a9b628554,ChIJVVWF8pwCDTkRqM8xtxxMbm0,rating,2026-03-14T02:29:46.004612
d5e80489-eaf4-459f-b71e-12f4abe2fc86,33397e6e-13d7-49e1-9503-70a9f4200e71,ChIJTxZARVUZDTkRpaG7WjvgWiI,view,2026-03-14T02:29:46.004612
b123ad97-f587-49bc-9172-830a9b0d6b96,4425f3a7-554a-4c3a-a9b7-a894da580b61,ChIJ_2COEUEcDTkRRyJOt032yac,view,2026-03-14T03:29:46.004612
1d41ccd2-3d3f-4214-8c52-c0bc9123f2bc,c042e4c1-9799-40f7-92be-9a4d8db3434f,ChIJZ8qlyNIODTkRGzLMscwXcVg,click,2026-03-14T03:29:46.004612
de93cd04-2065-48f7-83bd-2d7ea2673cc5,bd8ea27c-380a-4077-9622-481aa8659acb,ChIJ46DoQ1AbDTkROjfRXbq6LiU,click,2026-03-14T03:29:46.004612
0da84e14-5d41-48d8-86d4-4088727ed376,fc6588c1-dacf-4c0f-bbbb-a17492c3e29c,ChIJtwsPvxsXDTkRbnLWQkgcsoU,click,2026-03-14T05:29:46.004612
6677e996-7ec0-4a22-93a8-8183ed5458dd,4fc25487-3a6c-4534-a98a-c87948cb8300,ChIJi2vT-3UcDTkROnoFPdqD-bA,view,2026-03-14T06:29:46.004612
7aa3f4b9-0933-4613-a022-bd95be423a26,75d89ec6-1107-49bc-988d-c97c46238ff6,ChIJxY54Sx_9DDkRgZ05aiuE6aQ,view,2026-03-14T09:29:46.004612
86a4793b-9cb6-4b11-9cc2-5576c49cc72b,5bcca5b0-f7a2-4403-82e9-54ba1d9b87fa,ChIJZyIlaxwZDTkRlnVSGo9liHo,booking,2026-03-14T09:29:46.004612
e8e5e20f-1da0-47ab-9aa1-25d8caccd51c,4113bbda-803e-4395-9fb1-668ab2b08142,ChIJayqg-TUbDTkRcFyaA0O5Wog,click,2026-03-14T13:29:46.004612
7b39ffba-942b-4001-b86c-fa554286ebb0,273f4f11-eeb9-481e-bedd-70af1db321b3,ChIJkTyoKUkVDTkR8L5-ZWny4t8,booking,2026-03-14T15:29:46.004612
0e843c0a-f080-47ae-bb1d-43641f4db6e7,5726aa25-2159-40f2-ab85-fb507378d08d,ChIJeXalCScHDTkRdVQT8zcdM2s,view,2026-03-14T17:29:46.004612
57afbae0-d735-4064-8e07-6b375627b24d,b128442f-55eb-4429-83c8-942a0fccd011,ChIJFdnp4hTdDDkR_KMLdSsdEUU,view,2026-03-14T18:29:46.004612
70666331-86f5-4566-a2e0-8aebc7369fb1,2c0c18c4-b0f1-44e3-a7bc-9b9d8a191886,ChIJ1Qnx2DA9DTkRdqk9S2x5zI0,view,2026-03-14T18:29:46.004612
9b1a185b-0c05-4e13-a500-a05133b5936e,dbca0a66-9608-436f-8ea5-710f955c0a74,ChIJ__9Cj5v9DDkRsjHV7byyVaw,booking,2026-03-14T19:29:46.004612
e372be94-2942-46ea-9adc-7e7cb02b6bf8,5506193e-74cd-4613-8e95-0431a350fea1,ChIJ4x53ez8BDTkR5CIlTSFHw1g,view,2026-03-14T19:29:46.004612
25bffcc6-ab70-4ca1-b4b2-cc523ebd825e,5dbd832e-a6ea-4a7d-a8aa-245b331cb431,ChIJR8UMrJgCDTkRNFgwNsDuAtI,view,2026-03-14T20:29:46.004612
a36ad55b-7d67-4663-b102-d63850172bdd,cc36dc83-0ef2-4158-8593-0bf90b2929f2,ChIJjXIMuls9DTkRhBhavLC_ajo,view,2026-03-14T20:29:46.004612
40ef9255-691e-4a58-9761-24d8133e2779,95414a6c-3d9b-4c5d-b418-caa12f63c1f0,ChIJtQK8YgDlDDkR2GhqfmSyzwE,view,2026-03-14T20:29:46.004612
b023c1a0-72f6-4d97-bce5-902eebae7072,ede3c223-c729-4f41-8a65-93e70a54573f,ChIJebj_xJUCDTkRJTp1RhuuXcI,view,2026-03-14T21:29:46.004612
938d389a-d491-4d13-aa3e-03195d9a79e5,7f29a7e8-29b8-4038-bc46-8a33d2e3a8c9,ChIJ7VH_h-IdDTkRFNSyL2_D5vs,view,2026-03-14T22:29:46.004612
79d09248-cb08-41e7-82ad-0638555d7b44,cb4ba209-214b-4c3e-9d38-d6e297a60fc4,ChIJ8eQZ5P4bDTkRHptlV4BmkLY,view,2026-03-14T22:29:46.004612
2ce2c94c-aa5b-401c-8b28-93a52089be7f,18bda87a-d1f0-4fa1-ba1b-0b6158fd3c26,ChIJJ0FnHkH9DDkRTSUSlC-IXoo,view,2026-03-14T22:29:46.004612
61f36cb0-644c-49d3-896f-1f090b021bc9,438c3530-9fcd-424b-9ceb-e56415adb4b8,ChIJm0qIOasjDTkRA453tuikBoQ,view,2026-03-14T23:29:46.004612
615b5171-7c36-4cf7-864c-e1fd0c345a84,d1ccba7e-1334-446e-886c-120e0eb88e73,ChIJ02TzQUn7DDkRNflvIGixm0c,click,2026-03-15T00:29:46.004612
d9c9b84b-3554-4b52-9d08-4ed5d6663763,623e9ea6-1956-44d0-b116-9fe15be116c2,ChIJadUD2mn9DDkR9T7bQcD1ErY,view,2026-03-15T00:29:46.004612
1f05bdaa-6a3c-4a72-a484-b5a2a441a479,d0249923-13a8-485b-99f8-6879bb7badf2,ChIJiZo7fRYBDTkRiTXIZN7ndcM,click,2026-03-15T00:29:46.004612
a33a977b-d64a-4982-82d2-4fc30a73e975,482c4751-fdb5-406a-93d4-c8ab9f4d24a9,ChIJRZ8E8Qz9DDkRaDxap1se5-g,view,2026-03-15T00:29:46.004612
55792ce1-c18d-4dbe-8bbb-b351e53984e6,fa43185e-8b35-45b0-b06b-ba23cd2be955,ChIJmb7NnTHlDDkRlv2WNrp3Wio,booking,2026-03-15T01:29:46.004612
02683cb1-df2b-4f2e-b436-5616ebd7445c,4f6b2cdd-7c5e-42e9-a615-b9d0e094dd29,ChIJQTH0_aoZDTkR2bqpQS51Gh4,view,2026-03-15T05:29:46.004612
65f1cd7a-0837-4fc4-9db0-a7004e4388c2,5da70823-a49c-40ca-91e9-3077db391b34,ChIJL2zf1n8ZDTkRrIjmGANW7ks,view,2026-03-15T08:29:46.004612
a71f9f47-b7ec-4d51-b246-57b559adacd8,b1bc4a4f-a54d-4dfd-9a38-bbd7d2e0d558,ChIJ64ybpDgFDTkRNm-JNcbqCuE,click,2026-03-15T10:29:46.004612
e37d93a3-ebe0-4c0a-b785-0ab43664e014,c4260743-0058-48a7-a3f8-b4929bdd3743,ChIJVZv6HQD7DDkRuvanyn__P7A,view,2026-03-15T10:29:46.004612
c7c68ea8-819b-4ad2-84d0-fbee98aa49b8,45851b54-9ffa-4405-ab68-681909d82682,ChIJY2tQYgD7DDkRiK5qtxTSXfk,view,2026-03-15T12:29:46.004612
48b4a2b6-fe79-48a1-b661-6de4f5fad125,839088d5-7b33-40bf-8bf6-49d5f44731c4,ChIJVee69IHnDDkRFJKRVfqe5nw,view,2026-03-15T12:29:46.004612
e39469cf-f5cd-474e-84d4-623912fdd056,6937561c-f57e-43d6-94dd-239d2a10af5f,ChIJgVaLtj38DDkR9GuM4URH1aM,view,2026-03-15T15:29:46.004612
f459bf4f-1ec7-45e9-9f64-e10ff6b56d4b,455c5038-f0da-4351-8e44-5c698fbb3cd4,ChIJjWa5JFAPDTkRDAWNgAmRllc,view,2026-03-15T16:29:46.004612
bfe42bc6-2650-4ac4-bb92-dbb02f874f7e,44cefed8-14df-43de-af44-e88ab07652c3,ChIJVSfh4c8FDTkRe54mRvZAn0E,view,2026-03-15T16:29:46.004612
b1691583-6ffb-4cb5-9e11-bdb9c62701cf,cb4ba209-214b-4c3e-9d38-d6e297a60fc4,ChIJgdyQHisbDTkRlN7jaSGm6Zw,click,2026-03-15T18:29:46.004612
56f478c8-b4b3-47ac-ba4c-ed9d2eb35445,90a78129-53ea-4e27-90f6-4c185ab2663a,ChIJ6wyYSJndDDkRRdbX4at-Y-0,view,2026-03-15T18:29:46.004612
874ed80c-3cae-4b3a-82af-1454ce38ca9e,046edcd1-73a5-4ef0-8c68-545439e7f43a,ChIJuXLbfLffDDkRxy1PB4zL1WA,view,2026-03-15T20:29:46.004612
3821e293-bc86-42b1-bcf8-a86708786d8f,309a3e0f-e49c-4ecc-b251-e14eb1752d8a,ChIJlzKkDmkFDTkR741uQY0UNgg,view,2026-03-15T22:29:46.004612
6ab09f79-1467-496e-b493-9b59726655eb,1f7fe618-fbc5-4a4b-b214-1840b1852906,ChIJ27PwpZ0EDTkRwIoF5IlHPDI,click,2026-03-15T23:29:46.004612
ebfc81de-3f6e-4f54-a851-0cd4781dd5d6,a22b0a6e-7e85-4dc5-8f62-c0e1a1118cb0,ChIJqeUQpd3lDDkRAa1qCvUP7Lw,view,2026-03-15T23:29:46.004612
86a9ecd7-02c8-4973-bd69-50865503bd82,8d275bb4-94e5-44d4-a506-7ef33dd1aad6,ChIJ73h-x7AfDTkRYODY5sS8TO8,view,2026-03-16T00:29:46.004612
46272035-5a24-47f7-9ce4-dbc75cfa3f94,6ff6f214-34c6-4b5d-be45-6bad358924b7,ChIJc3ZI9pobDTkRPtK8HE8mb4I,rating,2026-03-16T00:29:46.004612
1a94a81d-0dfe-4bec-9440-e0a039b9f4ed,c1ca45ed-c3ad-46fb-9a72-f73e18dc8700,ChIJRdQiFUo8DTkRlKBQhTQKzPo,view,2026-03-16T00:29:46.004612
0e2c0708-bd7a-4afc-9b69-0e5bcffeffe3,aa89df07-439a-45b6-b957-89603535eb64,ChIJF2RXUBEbDTkRc03qDshixcQ,booking,2026-03-16T00:29:46.004612
f4609ba1-6f35-464a-8388-0dacae372a3d,7f31a28a-8a8b-46cc-95f1-2f15e5a87f6c,ChIJHfZfh2kZDTkRAs6yvHNDDwI,booking,2026-03-16T01:29:46.004612
f52a2606-e7c4-407f-9bd3-743d504f9a6a,7d8adac2-b34a-427b-91a4-cc8abd138e9c,ChIJpTozLlOrDTkRpgHOFA2GJwQ,view,2026-03-16T01:29:46.004612
07a23005-5a21-431f-b489-87769f70b1de,6b11b2cc-9f94-4c6f-b9de-f595d313ff12,ChIJAZRhEZWjDTkRjOCGULUsIM0,click,2026-03-16T02:29:46.004612
958ce7ca-239d-435b-8192-e260489e7543,d89e1f00-8ca2-4838-8356-679ff50a23c9,ChIJQcH65xwdDTkRcF0kAI2f3WI,click,2026-03-16T02:29:46.004612
9bbc45be-fa82-405d-9e0d-963bb13775c3,cc04bfa6-c90e-4dcc-a3ca-d304f232bc5c,ChIJ8SaLJQcbDTkRDummRi-bBts,click,2026-03-16T02:29:46.004612
8eea8030-897f-41a8-a272-2f13168fbe82,f32ed5f5-48b9-4967-9ec6-8c0147bd672c,ChIJVVVVJXjiDDkR8LEuFu326Ss,view,2026-03-16T03:29:46.004612
8d3c25d8-129d-4e43-ace0-54f796d867b8,484ba900-a1cf-4128-ac39-0cdaae9a5892,ChIJ9f5mdiv7DDkRq-mRrFelJAo,view,2026-03-16T04:29:46.004612
e9811148-4f8e-4f99-8259-ae7190a1e4d1,6f2154b1-c2c9-4669-b941-b2cb97c01852,ChIJRyNm3GD9DDkRUDuZ6cJXPy4,view,2026-03-16T05:29:46.004612
0b90d7f3-87c0-4a3a-82ee-2812e830d2a8,5506193e-74cd-4613-8e95-0431a350fea1,ChIJoZy0FF3dDDkRDl0o6XjtTAQ,view,2026-03-16T05:29:46.004612
6267ba96-c844-4f33-9c03-aa5cc4642593,0360d884-fc9d-4a9f-bcde-f7563113a77e,ChIJk93LUHsFDTkRUXPXSpxy6eE,view,2026-03-16T05:29:46.004612
82380cf7-ab4b-4942-a499-cf3dbc7cca71,67364aa1-8d07-45f5-941f-31b64963f318,ChIJtQuDZvIZDTkRoGzaPPVdMss,view,2026-03-16T05:29:46.004612
c2e55c46-1283-48e4-94ed-021d94761ddf,45851b54-9ffa-4405-ab68-681909d82682,ChIJN7SyOloZDTkRk7RKye2AtZI,booking,2026-03-16T06:29:46.004612
70f53ab4-6303-429a-bde0-4e71d6f4f6dc,deefffa1-96ae-4ef6-ba08-7bc27c9629e2,ChIJcSOPprgdDTkR02f7jAhRoFE,view,2026-03-16T07:29:46.004612
8b92bd1e-53b2-49f6-9a09-2a9f58c08212,d0249923-13a8-485b-99f8-6879bb7badf2,ChIJHUReadH6DDkRo5MiseFGFZQ,view,2026-03-16T08:29:46.004612
a3236bd6-8fa5-42de-be50-2b4cd7fd58b4,c4b2e08f-17a0-4035-97fd-b2cccb6535d7,ChIJBS-HCGL9DDkRnvfrMTf9pDM,booking,2026-03-16T10:29:46.004612
edb88f82-b0e7-409e-a199-d3a10921fd60,242eaaec-3cbd-4c88-ad5b-70f7c5eb03a4,ChIJk8AAxBEFDTkRijYHy1lzdPE,booking,2026-03-16T11:29:46.004612
94d59854-e8e5-46eb-bffe-fa5a26e62726,694404ea-c783-4605-9f69-b3cb51e90bba,ChIJOQBN0w8_DTkR2kC7ccAduAs,view,2026-03-16T15:29:46.004612
8fc7ba44-9bf9-4eff-98d5-6eed909fc175,707176f7-e65e-4f74-aa77-67cf4908c945,ChIJCzkoDqcEDTkR80MrklwRG6U,booking,2026-03-16T15:29:46.004612
7f4585dd-0d33-447e-a826-dea8038940b9,f83a9ebe-79bf-4a5e-a810-f0efdebbe210,ChIJWeQkGvn9DDkR472-MKgiClU,view,2026-03-16T15:29:46.004612
e485b379-3027-4359-a482-7af29924bdd3,679828ac-25ef-47d0-b116-ef9f689c8e4e,ChIJCxPaVwADDTkRQZ-4juHz88U,view,2026-03-16T16:29:46.004612
08689bff-8bff-47b5-af8c-75262d4ce0ef,6edb4a6d-c6d9-42fe-8f07-3f162343fa8c,ChIJ4WmKF40BDTkRhunQxIe-GlU,view,2026-03-16T17:29:46.004612
49f1318b-d03e-4876-92d2-8a8353d3578a,57e8dcaa-fdaa-4def-936e-0b4021b78ee7,ChIJGT-mXoQ9DTkRq9y4I-4mxNQ,view,2026-03-16T19:29:46.004612
ccda7daa-5c5d-44de-a426-8c15d76d24c7,39b76144-566c-4959-8bff-c3994d5d34bf,ChIJz5hJI3IPDTkR00N5NdACfRs,click,2026-03-16T20:29:46.004612
78876af4-3b8e-4f6a-b419-4bfea6c6a652,d13eb782-effc-4dda-837d-726c57a16422,ChIJefT_XP8ZDTkRD_-feFIklCk,view,2026-03-16T21:29:46.004612
5cc46898-ab19-44ec-9859-7c9fe93dbf43,3796b1bf-575f-417c-9e89-19e1e0808e5f,ChIJ40I_kCvnDDkRsOwVtnuR6I4,view,2026-03-16T23:29:46.004612
d73047cb-66fc-43c9-af2f-bc0acbd43c4c,ed413153-57f8-45f0-bdeb-8be9375fe111,ChIJR3VQqa0ZDTkRTEA4kYW9eMo,click,2026-03-17T00:29:46.004612
f984f2fc-a48c-4c67-9a24-8e258e8b21f4,c6e0c036-706c-442d-845a-369635621566,ChIJSYldhsvkDDkRzAmX8vxgfs0,booking,2026-03-17T00:29:46.004612
c8dbeacb-6c72-4e28-9338-e4355b97e66f,438c3530-9fcd-424b-9ceb-e56415adb4b8,ChIJ5bX1UNLjDDkRFUd-LjbGr28,click,2026-03-17T01:29:46.004612
5f5a4134-c99b-47bb-9f08-dbae044e3216,5dbd832e-a6ea-4a7d-a8aa-245b331cb431,ChIJUe6L_IT7DDkRZIuJu1OTSfA,booking,2026-03-17T02:29:46.004612
801feb00-1b7b-4c08-a8f8-773ff602d8a6,9182e03f-2dd2-48d2-8ccd-8a62bc3c3a05,ChIJCzkoDqcEDTkR80MrklwRG6U,click,2026-03-17T06:29:46.004612
0403f35b-5ee7-4d8d-8b90-3136fe0abc3c,7271d882-98d1-4026-a9d8-19bb56a3505c,ChIJfyoHSjznDDkR1l32qWnDa94,click,2026-03-17T06:29:46.004612
a5673e8e-06cd-45c4-8392-ab453004ad9c,d75e85d1-0d9b-4036-b0ca-d4b0e37153f8,ChIJtfVFi38ADTkRXdDWAReIZ2o,view,2026-03-17T07:29:46.004612
b0459154-dae9-45fb-8dc2-a976130417d1,bd8ea27c-380a-4077-9622-481aa8659acb,ChIJE-uo-fwYDTkREmhTJ5h_HSI,click,2026-03-17T08:29:46.004612
dc562f82-2919-43d8-885e-3b4b36157e9a,594d3d8a-35f8-41cc-8de8-d3f2d5ac97b0,ChIJJxUVzAkdDTkR3suKEjMZLts,booking,2026-03-17T09:29:46.004612
9cc7c085-5ed8-42f7-868b-b2b170239293,b84c7985-fd4f-4250-81db-dc6b114a69d0,ChIJg6ULUdEjDTkRnQiTUDS_J9s,click,2026-03-17T10:29:46.004612
2e577df4-a60c-4c1d-a821-d9f9412e3e76,7982c846-d69e-4f9f-8142-bed1f5e309f0,ChIJadUD2mn9DDkR9T7bQcD1ErY,view,2026-03-17T10:29:46.004612
014226ad-8a18-4ab2-a70d-573f964a7f56,707176f7-e65e-4f74-aa77-67cf4908c945,ChIJR8UMrJgCDTkRNFgwNsDuAtI,view,2026-03-17T12:29:46.004612
cc66b78a-76ea-4a3b-815e-5b7c10761a20,74f869b6-84dc-476e-88de-57c3636377a7,ChIJ-XvcAPgdDTkRFvBaEfggBoE,click,2026-03-17T14:29:46.004612
15dfe11a-3eff-4f86-a6dc-16e3f1469774,67b9adee-57d3-4bcc-a9b0-422b875c4050,ChIJQSiYSGkeDTkRXBZMMWIbY5s,view,2026-03-17T17:29:46.004612
dbe75038-ae8e-41a2-a033-931f97c69e0e,a123c201-eb05-40b0-a623-65fc5c901802,ChIJe0xCk5bdDDkR666iGLVq8iw,booking,2026-03-17T17:29:46.004612
56cf8fbd-1d6d-489a-bca5-df98bc7e6b9b,2dd93f15-9a8f-45ed-87dc-a5093eecd56a,ChIJNY0f0Q8bDTkRlcDkJHBQLnM,view,2026-03-17T18:29:46.004612
2ebd843b-bf20-43e5-bfa8-0cb7a77e35d8,03a15616-3687-40ea-8a20-d01b6c4010f7,ChIJzXc9YhUBDTkRsWv66_fqyqA,view,2026-03-17T19:29:46.004612
c176cf10-d33e-4b8a-8be9-4fd433535b98,4ca1fab7-5bd1-49a0-9b56-9c3993a6d8d1,ChIJ13uwGBMBDTkREGuDRst9C8s,view,2026-03-17T19:29:46.004612
f0b26d5c-52cb-472a-9a2e-db47d9dcfe8a,dd07791a-aca9-4b2a-812a-6e394171de8d,ChIJIagCv3IZDTkR_J9Y0e95QvU,click,2026-03-17T19:29:46.004612
6bd2a907-2e7b-42a4-b693-89bd099775f7,d0568206-fb99-4420-93e5-955e8cbc76f9,ChIJNf0vlaKrDTkRaPkYfpVHJ70,click,2026-03-17T20:29:46.004612
a0302828-9d22-4425-ae8f-84d9a07fb803,b6b9a069-7775-44ae-b276-b2ff93dcb7be,ChIJJWjGrxEeDTkRwBTPOhzPqgA,booking,2026-03-17T20:29:46.004612
fcb1f464-f125-4a1d-945e-936cf0746e68,4ef76e02-bb82-46e4-b94e-a2762f4f3e40,ChIJPfl6An39DDkR9DyzbJAjrXA,click,2026-03-17T21:29:46.004612
65471a99-264b-4eb6-b789-4c2ac5bc60fa,bed789cf-6df4-4973-b9d8-7134b6c526fb,ChIJa8gPi4Y9DTkRTPXvb9eCpQg,click,2026-03-17T21:29:46.004612
919b6da6-d573-4798-b995-6de05603cb8c,b2bae56e-6bef-4589-91f8-3bcb0079a939,ChIJPfpkEwHiDDkRiS9jVibNSdw,booking,2026-03-17T22:29:46.004612
16f58be1-340c-4f5d-8c8c-7f6c2d558e7d,cce8c56a-e309-4b1b-a10f-aa98d1c1a2e6,ChIJ374hXsgDDTkRRRix0z5YTcQ,click,2026-03-17T23:29:46.004612
55c09c5b-4e43-4330-b855-2988a1097630,b93f1c5f-045a-466a-a21b-d2905677cd14,ChIJm6x4_EL9DDkR-nogAnARs0Y,view,2026-03-17T23:29:46.004612
f22a4ce3-1773-4ca3-aad9-f943467ea6f7,45a5ef60-7a39-4857-8520-7f395ec26f2a,ChIJLX-noAwdDTkRf90CzrP8goU,view,2026-03-18T00:29:46.004612
5f183220-6201-4e8d-8ebc-cacc0c81ce70,67c2686b-a7c5-4cf0-8b27-bcc3f277c271,ChIJudcH0C8dDTkRk6QLFST8EMs,view,2026-03-18T01:29:46.004612
0a2841c8-1420-4a3a-b52d-6ba9229a0600,8e935e7a-0260-49cb-aa1e-48267d2f9a18,ChIJh7ypMCkZDTkRa9qZat_uAfQ,click,2026-03-18T01:29:46.004612
cc256d56-c015-4407-8241-f86c37f43025,bc40a13a-1f0d-4827-8fd7-b0013673bbb5,ChIJm3CI3S0ZDTkRAUh7BLkoMAg,view,2026-03-18T01:29:46.004612
7423f930-16ae-455f-9e8d-133ad1c0d59f,71a97c06-0f2a-4bda-a53b-8c3a1583e76a,ChIJKagwI0YZDTkRYT__pYzMFyY,view,2026-03-18T04:29:46.004612
4f8b34c3-3b74-40e1-a7d8-5b2e432b6a12,71ae3c55-6348-4d79-99bb-9c5d39142091,ChIJKSxZzWIEDTkRrhjAZD1JDX4,view,2026-03-18T04:29:46.004612
bb9fcc4a-5ab4-4101-9cf4-7ff5a1cdcf79,11e5be4e-236a-4c37-86c4-a82ff94ee7e5,ChIJK4wZZQADDTkRkyUH87huHo4,view,2026-03-18T05:29:46.004612
7edb7ba5-3f1f-46c4-a9fe-ca372737a560,8e935e7a-0260-49cb-aa1e-48267d2f9a18,ChIJW000QPcZDTkR2q-1cDbfges,view,2026-03-18T07:29:46.004612
759a8f39-7916-410b-8413-7d4c4f42e4f9,b1bc4a4f-a54d-4dfd-9a38-bbd7d2e0d558,ChIJO4bEjrL7DDkR_Sj7Ag-P-Pk,click,2026-03-18T10:29:46.004612
c18de715-0887-44eb-a2f2-d6359c25d83d,9be46000-e50f-41d7-a48e-ba9af941968f,ChIJY1IE51RrDTkR9LtkvGG2rMs,view,2026-03-18T10:29:46.004612
a91575c8-5da2-4ce1-8749-59602f0ffde6,b1bc4a4f-a54d-4dfd-9a38-bbd7d2e0d558,ChIJa4Td0z8jDTkRPG1sCr5IS5o,view,2026-03-18T10:29:46.004612
80d3df79-60a4-448c-9047-9e45b6f42afa,fc6588c1-dacf-4c0f-bbbb-a17492c3e29c,ChIJv5eWZj3jDDkR_tI3DXrwG3M,click,2026-03-18T10:29:46.004612
3aa64801-6257-4f48-8636-23deb68fa945,a0803a68-464d-49f2-aa0c-09fd2759c982,ChIJEct2-vnbDDkREpc6nVEm_CM,view,2026-03-18T10:29:46.004612
befcf946-b541-4635-9fe3-b3341068bc0b,40e0e959-e6b4-48b9-a8e2-f18df0cf67a6,ChIJq6qqqg3cDDkRcNh5dl8gb9c,booking,2026-03-18T12:29:46.004612
f59b783a-fcd4-4ac6-8a41-f6cb6d9e3d56,26b70735-b82d-4c89-9334-8cd9716109e6,ChIJi36xEZ8bDTkR4WthqzO9FOk,booking,2026-03-18T12:29:46.004612
18e6a3dd-a070-45f6-9c86-a139425d223b,c4260743-0058-48a7-a3f8-b4929bdd3743,ChIJYYEN1ewHDTkRc3o8PiMnX34,view,2026-03-18T13:29:46.004612
df90d226-122d-4e0b-9d2a-731c8f2ebc07,c4fdb3d6-600d-4485-9c08-ff6f8ea29afd,ChIJDX40hD0bDTkRJ4CwNPbP0LI,view,2026-03-18T13:29:46.004612
82232419-5ae4-4459-a6a1-bba699dfa1d9,3606ec4c-922f-4545-8386-4952f9e7fd86,ChIJ-c-55sofDTkRvmWM-SVTms4,click,2026-03-18T14:29:46.004612
7bcf2cf7-afc5-4774-9de6-92662b7a537c,6a9b1cbb-8985-4a54-b23e-9defdf9472f8,ChIJ8eQZ5P4bDTkRHptlV4BmkLY,view,2026-03-18T14:29:46.004612
eb3d3769-258f-4919-aaa3-c0859369c13b,87c95bcd-459b-421b-ad97-669d5aea864a,ChIJ8RAL_OL_DDkRfkpERnh9Ujo,booking,2026-03-18T14:29:46.004612
ab105e57-b03a-497f-8c68-55d37d978119,49bdfd2e-4f97-41c8-8abd-86cd53b48388,ChIJ6yMHonsZDTkRMN0eS43o7Tw,view,2026-03-18T15:29:46.004612
04c51785-75f4-4740-86a7-be04cd4a7df0,0360d884-fc9d-4a9f-bcde-f7563113a77e,ChIJw9i-ZDMaDTkRsJ7qB0K3hFw,view,2026-03-18T16:29:46.004612
5a62baab-46e2-45ed-ac33-4715e20e049e,6ef7c17f-1f34-4ed8-a961-05c1c0081f79,ChIJc71sG0EcDTkRy3QIJsXVu6I,view,2026-03-18T17:29:46.004612
0c11ef11-5462-4b85-b614-c5713257b3e3,d29e6b85-cdf9-462f-8815-6dfeff9a152f,ChIJix1ZFWUYDTkRrJMXkJIv9mk,view,2026-03-18T17:29:46.004612
44b99049-4913-4ca0-82af-3e126c2db4aa,9182e03f-2dd2-48d2-8ccd-8a62bc3c3a05,ChIJY6Gyi5UCDTkRmjXmCUzwY6w,click,2026-03-18T17:29:46.004612
41b53d90-e2f8-482e-931f-f66a27a0e6dd,7352c669-5481-460d-b466-9c9d080ca607,ChIJw5YvHgAfDTkRBy56MNY2nl0,booking,2026-03-18T19:29:46.004612
854d9d94-e9e7-46df-b176-a861307cb890,fdb7ca70-b5a5-48af-9880-77e833de17bd,ChIJX_p5Lu0dDTkRqOKPEmR2EB4,view,2026-03-18T20:29:46.004612
bf5456c0-415d-4bc1-876e-6b4c74f3e95c,839088d5-7b33-40bf-8bf6-49d5f44731c4,ChIJe54WwuEFDTkRx2ZedvVZh3o,click,2026-03-18T20:29:46.004612
f6b3ae4b-1ffd-48d6-af13-aff4191ea97d,71a97c06-0f2a-4bda-a53b-8c3a1583e76a,ChIJtQuDZvIZDTkRoGzaPPVdMss,click,2026-03-18T21:29:46.004612
62e21fcd-b5df-48ca-9873-aad3bda5e31a,3f88c491-58fd-44a2-abf9-df85d43a1465,ChIJz6cFNNcDDTkR2sR2snMfXUM,click,2026-03-18T22:29:46.004612
d8988751-496f-4bb2-9c80-dab53a64e7d3,1abc322f-e7d0-479a-92fa-24b3f76adf1e,ChIJbTT-v875DDkRfg30l_AE0wg,rating,2026-03-18T23:29:46.004612
eaafa963-4d64-4e87-8dfc-4d15e62409e9,4425f3a7-554a-4c3a-a9b7-a894da580b61,ChIJE94Ic8AHDTkRHl5uQ9veo-s,view,2026-03-18T23:29:46.004612
a4de6acc-afb5-4d5e-b9ea-04525a603219,83ffdadc-58d1-4474-a5d5-e61a9f6dd60c,ChIJw4-X1Tf5DDkRmtRsLfv7Gco,view,2026-03-19T00:29:46.004612
121ec110-445f-4775-bb6a-997efbe26881,3b030995-f450-4070-abce-89f1ee8fd2ec,ChIJVU6JSPD5DDkRQUOY5xnNBmo,view,2026-03-19T03:29:46.004612
f1386444-2a2d-487b-98c8-473a8d428e2d,27c5fee4-ee41-4dea-9443-ec4fb6fb1a66,ChIJm8VGkugYDTkRs--928cKH1s,view,2026-03-19T04:29:46.004612
549f77c8-6c14-47df-b64e-b1f689e7bf5f,caab96b4-e8ef-4347-afd0-094ea39488d5,ChIJ3f2tTHbeDDkRDf98bXDD7Zg,rating,2026-03-19T04:29:46.004612
ec4467a7-db93-428f-a52f-a6394d64e7c6,6ef7c17f-1f34-4ed8-a961-05c1c0081f79,ChIJs8OMODejDTkRKBAolDAcW9k,view,2026-03-19T05:29:46.004612
3a6c30df-f13c-42db-a9ae-0becc28b79a0,df95df7b-505f-484d-a77d-0f4a6cff7299,ChIJwdp9bzADDTkRt_4Txb3SJn4,click,2026-03-19T06:29:46.004612
442e88bc-489f-40f5-bb53-7eb7e3b97bb2,2f593b57-222f-4ca2-a2f0-685b7daf81df,ChIJa40AUI4dDTkR9i55mAwMWqE,view,2026-03-19T06:29:46.004612
126b0270-7521-43c3-abbb-7bf9999eb2aa,27c5fee4-ee41-4dea-9443-ec4fb6fb1a66,ChIJQyBpbkVrDTkRN-vCqZuLFWc,view,2026-03-19T06:29:46.004612
4cd95526-9b7e-4c89-8cd8-6b26491519e3,6b407a40-9886-47bb-8ead-3205c79118ae,ChIJMZJZ7_zlDDkRz63Sj2pBYPs,view,2026-03-19T08:29:46.004612
65674453-2207-4af2-b4fa-a9d35436aff2,5fc98c67-e5e9-43f6-8188-59f70e55c234,ChIJGSgZBUEcDTkRRd8_ULbNj6U,click,2026-03-19T08:29:46.004612
56bebe80-3adc-4483-b460-d2d1bc299c0e,5d1a8502-0bde-4cbf-abb8-8046f6e08c8f,ChIJ-Q4xA7DlDDkRKbmDpYkiiUA,rating,2026-03-19T09:29:46.004612
829837ac-ceb2-4525-86c5-3a5bf64d35fc,b1bc4a4f-a54d-4dfd-9a38-bbd7d2e0d558,ChIJda712aMDDTkRHVw3A7xAp0Q,booking,2026-03-19T10:29:46.004612
2f447cfe-8f60-4698-b96b-ea314a0e9167,975eb39c-d011-4576-8de1-db559ddf4e91,ChIJvbq6qMAYDTkR_ir2j3Ddu6g,click,2026-03-19T11:29:46.004612
5f7181ac-4448-484e-b532-303a80017d7e,b9da6e16-3980-4e85-a275-645c69b299d2,ChIJ5V5eFuAHDTkR47MCn7ul_ww,view,2026-03-19T11:29:46.004612
e70f0cfd-9fd6-40c6-b62a-a50360aa51a7,242eaaec-3cbd-4c88-ad5b-70f7c5eb03a4,ChIJiTGgzpkCDTkRfjZ2Ar8ZSBU,booking,2026-03-19T11:29:46.004612
0402c4e0-530a-48dc-973c-8497b60af986,b3440ec7-c397-458b-8788-741bff239018,ChIJv1JvttIYDTkR6QQG8Hbu9Io,view,2026-03-19T13:29:46.004612
7d2c36a9-4727-44b2-8cde-84d84e72e5b6,fcb72392-8ff6-441f-b444-3ef00c0af658,ChIJAQB0mwAiDTkRGTqwPngT9Qg,view,2026-03-19T13:29:46.004612
90eb3b63-d06a-4273-9170-455162be817d,438c3530-9fcd-424b-9ceb-e56415adb4b8,ChIJiTGgzpkCDTkRfjZ2Ar8ZSBU,view,2026-03-19T14:29:46.004612
42db41f6-0db0-4b45-a803-d40379e5d6ec,7f29a7e8-29b8-4038-bc46-8a33d2e3a8c9,ChIJY-ctAJMHDTkRY5ucKDe0kz8,view,2026-03-19T14:29:46.004612
ca1dfd7c-5c38-4822-8dd4-a3c1b8879121,bf8ef2c4-1eb7-42ca-8be6-f2bef274044f,ChIJLZVJ9iYZDTkRMIJz2UHHjlY,click,2026-03-19T15:29:46.004612
5192485a-9b27-4fd4-adc6-7ec115c32bf5,a0803a68-464d-49f2-aa0c-09fd2759c982,ChIJjU2t8HIBDTkRxUapQdDtARk,click,2026-03-19T19:29:46.004612
42d99294-676e-495a-b4eb-2a4155f3ebb8,d6601a21-1afe-4426-bcac-c14472456e67,ChIJE3DvtxIjDTkRjoZAKwZ_L-A,booking,2026-03-19T19:29:46.004612
92368c43-f39f-4a77-9a69-9155bf5d6c75,00062863-ad1f-4d03-8bb1-ae6ba994a3ad,ChIJAQAAAKHThDkROOHqJK8SqEQ,click,2026-03-19T21:29:46.004612
f6d6b385-6bd9-40d0-94fb-67396795476b,f4445df4-8aa1-46d1-ba98-281e62da5701,ChIJxQtapR8bDTkRlecBFB8YTu4,view,2026-03-19T22:29:46.004612
ef1dd98f-ebd4-4bdf-a704-8be05aa02121,ee112730-a254-4747-ac9b-4cd3bcbf885e,ChIJnStO6bwZDTkRREJ25WLH6gQ,view,2026-03-19T22:29:46.004612
94c754e9-ae32-48aa-97e9-3ab6c56111c8,5634ccaa-f864-4d36-8a6c-77bded2a45ca,ChIJ83zzx1sHDTkRI1NK8xauAC4,view,2026-03-19T23:29:46.004612
b9bc5d86-886b-4bf8-80fb-f3af3447b26c,c5a7409b-0bec-416b-a9ca-2e341c3f79c4,ChIJf9JJIkX_DDkRaznuubwpzmU,click,2026-03-20T01:29:46.004612
c3571b9d-2585-484e-80ec-ac349c61247b,5a45b801-5a89-4183-8e99-461a60cf255d,ChIJ-SQyPM4_DTkR7vUfVVwEFyI,rating,2026-03-20T01:29:46.004612
76824568-1f41-42da-8eb0-c88b427e3977,089ad2c3-6ac3-4512-81d3-fb730a543b2b,ChIJ0QiWDhsVDTkRTsuxDtQTKxk,view,2026-03-20T02:29:46.004612
732b5c99-a496-48ce-bf08-c5714c2178ea,664dac6b-5441-4ea5-b690-49182d74ead3,ChIJdaJqbSgdDTkRiKTTCgl1KSk,view,2026-03-20T02:29:46.004612
2060343f-092f-45e9-9e2c-26bcbababba1,6ef7c17f-1f34-4ed8-a961-05c1c0081f79,ChIJ9WJgCpwiDTkR9v_-VgD8zc4,click,2026-03-20T03:29:46.004612
bf1ed1c8-5810-4a84-b5c4-e775c66c9ffb,216821c0-ba84-464d-9d3e-455250a05e9f,ChIJ01RYkd0dDTkRcowtxjOpraI,click,2026-03-20T04:29:46.004612
779e0dcf-f653-4d18-a59c-4855e7bb970b,5fc98c67-e5e9-43f6-8188-59f70e55c234,ChIJw5YvHgAfDTkRBy56MNY2nl0,view,2026-03-20T06:29:46.004612
58da531e-a8a3-4534-b242-8813184e3fb9,18bda87a-d1f0-4fa1-ba1b-0b6158fd3c26,ChIJ17YA13zcDDkRo3GFvGnqcYw,view,2026-03-20T06:29:46.004612
df763da6-9e47-4533-8477-82034a2daded,5da70823-a49c-40ca-91e9-3077db391b34,ChIJy9TCyKj7DDkRhTRHFi2RHQA,click,2026-03-20T08:29:46.004612
de590130-d8c5-4e95-82af-ae4deb7a2315,99391f5c-99d4-4657-a111-c296af97a9ce,ChIJwdp9bzADDTkRt_4Txb3SJn4,view,2026-03-20T08:29:46.004612
018cc8dd-89ea-4ca9-8fcd-4cc6797eaa97,45166870-9387-4484-b22d-da6ca7e8e9e2,ChIJUXEBCwAbDTkReAT2lErQcEA,view,2026-03-20T08:29:46.004612
379dffba-2542-41a9-b988-f28524e2072a,347df7b2-6daf-4811-bb35-2ef31257a753,ChIJUXcJCEEcDTkRoT8BaaFhuUI,view,2026-03-20T09:29:46.004612
0be30de9-2e16-4684-b2bb-5fa4cfabbb32,82703928-e288-4c52-85cb-7d60ddd1bf9a,ChIJt3KdyTsZDTkRnrRRDF9xwo0,click,2026-03-20T11:29:46.004612
041a02a6-27cb-47c8-a9cb-54d6857ae1b7,05016619-489b-40dc-a763-8503a48a47ef,ChIJB4eb5VziDDkR8DQnuhE4HhU,booking,2026-03-20T15:29:46.004612
f802d9a3-cba9-440d-87fd-be828929e622,2fa7abcb-5b57-43dd-8df8-d6119015d2d2,ChIJtf6bT0X_DDkRyAZLrwRyr58,view,2026-03-20T16:29:46.004612
7d454086-21a8-4ca5-9280-1249609f8665,3252bd00-3a8a-47bd-ba86-fd871df444ce,ChIJdwQosSwhDTkRemMOwhgmgNM,booking,2026-03-20T16:29:46.004612
1400fd19-dba4-4fe8-a035-55cabe20ea5f,e3e541af-1639-410c-b2a3-0b7b5ce191f3,ChIJidaezV_dDDkRnRpQRPzREZc,rating,2026-03-20T18:29:46.004612
002a26c6-7b75-4c23-853b-6c4f946561ad,b602ad38-cc4b-46ca-897b-b91ecf1c889f,ChIJBevGfo4ZDTkRVZgGThgWOhM,view,2026-03-20T19:29:46.004612
b79dd22f-3d04-4296-b61e-f1608c97b62e,fa43185e-8b35-45b0-b06b-ba23cd2be955,ChIJPxKs_owBDTkRpqyMziMelqc,click,2026-03-20T19:29:46.004612
70bf08d0-da88-4a9e-a710-a2695dbe2a3e,644ddcbe-3a6c-4c87-9979-76c4f245432b,ChIJK31TtXX7DDkRI07HmBH4rWE,booking,2026-03-20T22:29:46.004612
e998d451-cede-40f3-b013-8320cd35d7b2,db7cb10c-7a2c-43e6-a261-591ad5984a61,ChIJUy66hJ79DDkRvKr2xkN1Cms,booking,2026-03-21T00:29:46.004612
3694771d-90ba-4bb0-8278-9f1516b2299d,d89e1f00-8ca2-4838-8356-679ff50a23c9,ChIJNZIqYG0bDTkRdTH5rWIGgSM,view,2026-03-21T00:29:46.004612
d9733306-3be0-4b6a-8266-d0a065c9cfdf,18bda87a-d1f0-4fa1-ba1b-0b6158fd3c26,ChIJe4zp0KMdDTkRm90YLrHBVg8,view,2026-03-21T00:29:46.004612
4c778a91-05ef-4153-8db4-de8fb292fdad,12e57e00-9995-464b-98d6-47b66b2e11dc,ChIJUQ3mbVndDDkRlkR4HMW7AVA,view,2026-03-21T01:29:46.004612
a7f11fee-ce75-490e-bb9e-e24bd067da79,6937561c-f57e-43d6-94dd-239d2a10af5f,ChIJh58T-3wHDTkRAf1MFbIVc2Y,view,2026-03-21T03:29:46.004612
f104ca21-8953-40ba-abf0-ec8b317ce581,6f5cee92-8e7c-4c1c-9d8c-411e6f4f82bd,ChIJSQVKhP4hDTkR2I0YM9eyqOA,view,2026-03-21T03:29:46.004612
7b3168cf-70ef-47e1-ae47-ec22a3fb5e9c,fcb72392-8ff6-441f-b444-3ef00c0af658,ChIJIQA2Z7wfDTkRZw25k-8InI0,view,2026-03-21T05:29:46.004612
8d274ea0-8287-456b-9fb7-7348996661b6,b84c7985-fd4f-4250-81db-dc6b114a69d0,ChIJT-DMdTkZDTkRiN-ft-zozUQ,view,2026-03-21T05:29:46.004612
e58185f9-34bd-4d1a-972e-868a1af39b9d,8c0efedc-1d9e-4474-a375-d497de640a07,ChIJQTyWH_v9DDkRWIAPGAhMUz0,view,2026-03-21T05:29:46.004612
c1ff86f1-9c8d-45f0-a9e3-ae86623cf501,3cbe9e02-9036-49ac-a4f2-371f63c4608c,ChIJJ0FnHkH9DDkRTSUSlC-IXoo,view,2026-03-21T06:29:46.004612
42a7d8f5-fa7a-4faf-8158-eab9e537c85c,a63ce3a9-8eb7-4028-979b-e79d5f10eae1,ChIJGwNKtJ_iDDkRzM29RVCaCN8,view,2026-03-21T07:29:46.004612
e8462adc-cfc8-4559-a93c-2ad5dd6a5fa8,0c50b5d9-f96c-4e02-90ff-f62dc44de641,ChIJX7S4gF4ZDTkR1muRn56eJLM,booking,2026-03-21T08:29:46.004612
35c435d7-6f3e-40fc-944a-ed5019ce464b,309f441d-29e0-4ce7-beae-bf3754530e3a,ChIJ22pMGCUbDTkRB0hRdA_VG8k,view,2026-03-21T09:29:46.004612
90c7093d-ce21-4589-9e6d-ea34501f3ebe,459130c7-4617-4eec-b6b7-413a5293b66e,ChIJ_z56lUH9DDkRhf379R0nNTM,booking,2026-03-21T10:29:46.004612
34af2ca7-cbe7-44de-9b6a-a28af1602a7c,e55d9a53-a0b3-45df-80fc-ae4b5f97b829,ChIJ86e0i6sjDTkRzMsqrb9fdGU,view,2026-03-21T10:29:46.004612
2515a585-d7b8-4e99-9286-274ec5014879,20a3b51e-0c43-41c0-8993-bab69b7ad66b,ChIJ_-A3ZQA9DTkRohlfyHDiSeU,view,2026-03-21T11:29:46.004612
2605729f-a209-4687-89ab-f08806fc3c5d,454fa168-4941-434c-a50d-28b215c69bf1,ChIJt5NINK-rDTkR6hsYRxJory0,view,2026-03-21T11:29:46.004612
dad08777-6c96-4dba-b9c3-8af92ebb5efd,ec9d8689-eafc-4031-b2bb-9c7ab11601ae,ChIJAQBA6eAYDTkRV0RzEJj5IE8,booking,2026-03-21T14:29:46.004612
4e9b7869-e569-4efb-8de3-c2c4c607b012,86d28bc0-8971-4188-824b-f6a721bf58a4,ChIJuwnUayoBDTkR7f2EijQM9g8,click,2026-03-21T14:29:46.004612
64883524-3753-4785-b7fb-17372e996165,b44fa2f8-0fca-4063-adad-2925b086ffd4,ChIJx_sVdgXlDDkR6EBNphWNsXc,booking,2026-03-21T16:29:46.004612
72eb9382-5603-44c0-88f7-7ca2255988c5,309f441d-29e0-4ce7-beae-bf3754530e3a,ChIJN-n7sWnhDDkR4H39boxluks,rating,2026-03-21T16:29:46.004612
c8052b0e-46b3-43a5-a39b-27ce25afbb05,2193f16f-6e7d-43b4-b8c4-d81443715e97,ChIJxydUCQAZDTkRTbnjfN2N-1I,booking,2026-03-21T16:29:46.004612
76fca8a9-347f-479a-a305-7aef1fe539f3,9b8b2cdf-b647-436c-bfa1-08291768ca1c,ChIJPwDEgOH9DDkRVZXlK8nS0nw,view,2026-03-21T17:29:46.004612
075df1e8-5a50-46c3-ad9b-91a9c167b325,81f17506-2057-4c64-bc50-ffa0a4be120e,ChIJEct2-vnbDDkREpc6nVEm_CM,view,2026-03-21T18:29:46.004612
f4ee86d9-d516-4db1-8bb8-eeb34fd39a60,68be285b-1a38-4ef9-8adb-e9d8d197e111,ChIJO4HVEPUBDTkRn0LyWHtKEs8,view,2026-03-21T20:29:46.004612
49ad3856-7ce5-4c5a-aa76-ecd18578332a,8c0efedc-1d9e-4474-a375-d497de640a07,ChIJ_-aIgzIYDTkRBlQb3cm8lhA,click,2026-03-21T22:29:46.004612
143afa8a-0b45-4e7e-b9c6-cd2ca85c699d,847d6eaf-b9bf-4508-bed5-ce0364bc8d76,ChIJfSiOnxMcDTkRahjPqJOeN-g,click,2026-03-22T02:29:46.004612
d6479c37-c0ff-4c83-b104-7a7298448649,24f94256-cfb0-4089-81aa-5730704504ef,ChIJOdNvnNkFDTkRX4MD2_JUXeQ,view,2026-03-22T03:29:46.004612
ecb8e9c8-9550-47a1-b40f-9ccd7b420ec4,484ba900-a1cf-4128-ac39-0cdaae9a5892,ChIJWRkUo-8DDTkRI5QgI0OqdsI,click,2026-03-22T05:29:46.004612
f09df229-28f1-4927-8c8e-bdd8481c18fb,6ee09409-0b4e-41b7-8daf-93dfa6d3922b,ChIJoXCAC4UCDTkR74kNa9O7gqI,view,2026-03-22T05:29:46.004612
70a9bab7-92b5-495c-8550-90ecd9cc2341,4c18b54d-024c-4b20-aeb7-d1e358626222,ChIJAQBA6eAYDTkRV0RzEJj5IE8,view,2026-03-22T06:29:46.004612
ae361347-7b11-4760-8ea1-6db38d49a2f9,5506193e-74cd-4613-8e95-0431a350fea1,ChIJjyeFQCMfDTkRJuuH8AyC5YE,click,2026-03-22T06:29:46.004612
fd3f5f06-b620-4a7d-8545-811ec9d4e4aa,4ce15bcd-d008-4633-907c-6d683f1b45b9,ChIJW6btYiX7DDkR-wBnM_9K9bE,click,2026-03-22T06:29:46.004612
16f9c6a2-9aae-4bf0-97af-aa8723dd9e69,fadb7e18-8707-44c6-a92c-258234df3d06,ChIJkVWZhsvkDDkRBjzrN61i9fQ,click,2026-03-22T07:29:46.004612
34d58f06-3760-4e7b-a669-70ccf46f19b6,05f1d6d4-2877-47cb-9725-75bbc4956be0,ChIJRYVcMn8_DTkRjwOiyekkc18,view,2026-03-22T07:29:46.004612
1916ae4a-4ee8-4b1b-9b5f-572503d50aab,edc86b94-a97d-41c0-ba0e-891091c3f233,ChIJfRuk03LcDDkRjgXz8GpwXrc,view,2026-03-22T08:29:46.004612
268e2d51-5e4e-452e-bfac-9e568e157423,c7a8d4a0-9ace-40ab-884a-865494523cec,ChIJD-BZ3TMDDTkRXdT-qrMpMYY,view,2026-03-22T09:29:46.004612
184bfa53-f365-4ca0-aae1-a3ea79d80d63,3c4b7a3f-0093-4a17-a928-554f1957cab9,ChIJ8XJNQSHnDDkR60BZUyvH0_8,rating,2026-03-22T09:29:46.004612
49785a50-4894-4cad-886c-ff8da7d95d8d,3736b331-d748-495c-a46e-1d6ef91edf11,ChIJkf5hPkEcDTkRkw-x73G9OyM,click,2026-03-22T11:29:46.004612
b953b4ef-7a8e-486e-8094-0736b6345cfa,d61cd3f5-5242-4468-8633-1939d4899de5,ChIJp1raBtP9DDkRj02Yk5kcBcY,view,2026-03-22T11:29:46.004612
a0a47694-b010-4c60-9ed9-2f24fac747b7,940b5992-b2c8-4606-8577-fb950b49d30e,ChIJZ_Ph8UP9DDkR3ZwIJeTmtoA,booking,2026-03-22T12:29:46.004612
a97d4243-7233-4d7d-a14c-6bd21357b5dc,cc04bfa6-c90e-4dcc-a3ca-d304f232bc5c,ChIJ44xy620HDTkRZkVQGauKZBI,view,2026-03-22T12:29:46.004612
d9cae187-d72e-49a1-bc83-be0949aca34f,6a174ce0-a131-498a-a7b3-8118ef201107,ChIJL7Vg9KHiDDkRSwZ_W8H-sIY,booking,2026-03-22T12:29:46.004612
519236bc-1f52-4c62-814e-9b17f7117d6a,5da70823-a49c-40ca-91e9-3077db391b34,ChIJ09LJrqwHDTkR6EUOtQ_cFqg,view,2026-03-22T13:29:46.004612
a379018b-ace6-4df3-8728-28d3cc7c01db,74f869b6-84dc-476e-88de-57c3636377a7,ChIJEXaERDFVDDkRSCbwxjjDzig,click,2026-03-22T13:29:46.004612
0d80b7f6-cb85-4901-af57-21f7db710287,ab07ab46-445b-426a-b5ef-96a3feb8d1c5,ChIJk8qoSVIDDTkRAEGQnmvB3wY,rating,2026-03-22T13:29:46.004612
f230895c-4a4a-4086-8ba8-900b989ed59b,ef575917-4cb4-4cbd-903d-4be53a66ca29,ChIJM3l9UZoBDTkR2_ot_oWf6eg,click,2026-03-22T15:29:46.004612
0efbe41c-5053-4f94-a2b1-7126352e44b2,11e5be4e-236a-4c37-86c4-a82ff94ee7e5,ChIJX6pW1UYcDTkRgiws2YCBsJw,view,2026-03-22T15:29:46.004612
4d4a17a2-42d9-4af6-a8e4-6b1a87f25ca3,d6601a21-1afe-4426-bcac-c14472456e67,ChIJw8MNqtEYDTkR-YsYLWK7GI4,view,2026-03-22T15:29:46.004612
16271d77-d64f-4a95-b72e-fdb1fc21572a,cc4e5d47-390c-4243-bf4e-87ed1a948154,ChIJGwNKtJ_iDDkRzM29RVCaCN8,view,2026-03-22T16:29:46.004612
8ef09235-223c-4b8e-8de0-43a4432ec4d4,63202cd2-4df1-414e-90d4-f3548eec0853,ChIJC5jTgNcZDTkR3ajFCvQd1dI,view,2026-03-22T19:29:46.004612
93435d9d-1e43-4ece-ae9b-b8b53019fb29,562e74bd-3afd-4a7a-95d9-5705ea03a607,ChIJ_5Hg9YIFDTkRXwEXjrDM4mM,click,2026-03-22T20:29:46.004612
2da052e1-ad78-4d4c-98ca-2a39a7f11133,b2bae56e-6bef-4589-91f8-3bcb0079a939,ChIJV_KLIUD9DDkRyK187fZFk-k,click,2026-03-22T20:29:46.004612
351200cf-aa32-4d99-a090-e68eb94f6fb4,aab10c81-0332-41a7-9c80-c13a075e121f,ChIJE9OYdkHlDDkR8960E_5cjco,view,2026-03-22T20:29:46.004612
b11d3e47-ae69-4b6e-af8b-f722a4bc3ffd,b7568585-cef1-401a-bfc8-42122cfb985d,ChIJMdyRYz_9DDkR4yFKmyfjev0,view,2026-03-22T22:29:46.004612
ed90fdf9-143e-4b9c-8d79-73e3656b462f,839088d5-7b33-40bf-8bf6-49d5f44731c4,ChIJDdqRm4vnDDkRVPs6i90nqM4,view,2026-03-22T23:29:46.004612
035a66ce-e07b-4d59-9ee8-ccdd308da7aa,4d6646bc-b36d-45de-a3ca-ce7fc91447a8,ChIJxbmmUzkcDTkRupwAbVY8NHE,view,2026-03-23T00:29:46.004612
e5517d17-7e90-4ce1-881d-7dad3ed21b8f,c9ebadce-3230-44db-85ee-e0a12a580290,ChIJmfuSlfUiDTkRvusb7g244DQ,view,2026-03-23T01:29:46.004612
d70bf42c-a64f-4ca5-be92-12e83691529c,fd0a9c7d-c212-4dd1-94af-29cd1630015c,ChIJia8n1w7jDDkRB1hLFYhbDH4,view,2026-03-23T01:29:46.004612
0e3f7f2b-2dfd-40c9-96d5-86a56d925981,5bcca5b0-f7a2-4403-82e9-54ba1d9b87fa,ChIJX_nDWw4bDTkRyBuwCgrqmNQ,booking,2026-03-23T02:29:46.004612
1305ecb3-6b4d-41e2-8f7d-91d1fc78e127,1168582a-a016-437c-a4ff-15850825f071,ChIJ2ewIwZTdDDkROBzUNEliaAg,rating,2026-03-23T04:29:46.004612
6c88c286-c6ec-4407-93d4-8a975c1c8c15,24f94256-cfb0-4089-81aa-5730704504ef,ChIJXSzSTs8VDTkRG66LLYu27cE,click,2026-03-23T05:29:46.004612
403c587b-3e00-4aa4-a097-3142964ad5ce,363eabf7-9851-4ce3-aca3-6c053f03ad0e,ChIJr8efdIv7DDkRnYHKsoANzwQ,view,2026-03-23T05:29:46.004612
0a3a46d7-a268-4b2f-aedb-4b9b605dc79b,a7cc2721-25a5-4249-96c5-dd28b2e6a2d2,ChIJZSlK1MrjDDkRjZgS3iDnj1w,view,2026-03-23T08:29:46.004612
8f4d095c-5613-44fe-a42d-fcdbea303ad2,3606ec4c-922f-4545-8386-4952f9e7fd86,ChIJJbbr8_T_DDkR-ofOseudRO4,view,2026-03-23T13:29:46.004612
937ae7b3-821d-4be7-81a1-c2bffd25d64a,b1bc4a4f-a54d-4dfd-9a38-bbd7d2e0d558,ChIJ0cKCfqgXDTkRtG8R8lMZzME,click,2026-03-23T13:29:46.004612
a2639229-5628-418d-b2a6-982d1fb32dcd,14237f3f-320c-4edb-85ce-4f3d28234a74,ChIJC-P-G5gCDTkRpV3HzHjERLA,view,2026-03-23T13:29:46.004612
6cf1544e-7dc5-40cf-966a-2ab831192fb6,aab10c81-0332-41a7-9c80-c13a075e121f,ChIJUXQfIkD9DDkRcVucp8aFAD8,booking,2026-03-23T15:29:46.004612
f23144c2-743f-4f4c-83cf-34c7d9671535,9d11d036-b210-4371-be0e-9867403d23dc,ChIJmxMf1OUZDTkRIJSsusHos68,view,2026-03-23T15:29:46.004612
f8d51333-7289-4005-ba13-5342d1f4c1a9,4f3d83ab-aa51-4189-8bac-c0b0795541f7,ChIJd0OgBToZDTkRhlQmthdje-Y,view,2026-03-23T17:29:46.004612
b621c667-bf86-42f0-85db-e8131c6ad6bb,fc6588c1-dacf-4c0f-bbbb-a17492c3e29c,ChIJ_-aIgzIYDTkRBlQb3cm8lhA,view,2026-03-23T18:29:46.004612
f30bb5fa-5775-498c-84b3-0dbdd1ae0e8a,da7bdf63-c815-45bd-9ed2-1d70cc614424,ChIJs7GJ-NsFDTkRLD5mS5lSTCw,click,2026-03-23T20:29:46.004612
7c3c026f-62e6-4fa4-9f5c-4dc58ca1f456,6a174ce0-a131-498a-a7b3-8118ef201107,ChIJP6H9y4PjDDkRCjSUHsc5fjI,view,2026-03-23T21:29:46.004612
20c63819-eb73-4119-9fb2-2cdb7f861f1d,0b96ad05-ad6c-46c2-a6f4-63a849620078,ChIJPwgrXucFDTkRwjJyjNbunV0,view,2026-03-23T22:29:46.004612
509f91b3-a111-422b-8e87-5f7d483e5abf,f5f4a114-68d1-4f54-a589-9da9679700bc,ChIJJbQZ8ej5DDkRgU3unSid7-U,view,2026-03-23T22:29:46.004612
8117f776-69ce-4d2c-82f9-1589114a92cd,db457081-4cae-4dce-9ccc-f0545849532e,ChIJeS1Ng48BDTkRzKyCcH8fBB8,view,2026-03-23T23:29:46.004612
3e7e5315-b2aa-41f8-a661-480af437a3aa,d0ff5ea0-21b1-4d08-96e0-2be464aec051,ChIJ4aZIwh0XDTkRk3pS4f1_2cA,rating,2026-03-24T00:29:46.004612
7ee15fd7-cbea-4bf0-8761-a56b57373a9a,d2ebe84c-5f13-4e28-9708-4906369718ba,ChIJUa9kJyUZDTkRCLz0DgmLSlY,rating,2026-03-24T01:29:46.004612
bd369287-6fe5-40e5-9f76-3a06cf7ac4eb,2fae13cb-f7a9-4b09-923d-f2e6f812a3cc,ChIJI7P9KOMXDTkRmTNCIVrNgU0,view,2026-03-24T01:29:46.004612
75e28b9a-a93c-48e8-94f5-e339207fd1f3,455c5038-f0da-4351-8e44-5c698fbb3cd4,ChIJ_8JzTlsDDTkRbbgJvd3R7J8,view,2026-03-24T03:29:46.004612
5a109c15-6b72-4010-9032-5edffefa4912,b93f1c5f-045a-466a-a21b-d2905677cd14,ChIJR3VQqa0ZDTkRTEA4kYW9eMo,view,2026-03-24T03:29:46.004612
197c2a39-9c51-4480-ac44-85ec06168698,95c51aa1-e6ce-4852-a42e-f3569b27a779,ChIJC5Q-kVUFDTkRJw9wSqEzoKY,view,2026-03-24T04:29:46.004612
238f9272-b3c2-4f23-a6b8-26680fcf95c5,3f55c1d1-863f-4034-b86b-c80b78ac8f54,ChIJfxtgQFYaDTkRwu0tU9lGPGE,click,2026-03-24T04:29:46.004612
2b168886-f945-488e-9dc3-4058181f1509,7352c669-5481-460d-b466-9c9d080ca607,ChIJg6CUT7IDDTkRVgUaYRZF5Ks,view,2026-03-24T05:29:46.004612
3d1c4270-01c7-402c-be34-443f549eb2d9,6dcfb609-2ce5-4bdb-87fc-08118fcee7e6,ChIJPWBpSw0MDTkRIJprdOzTE0U,click,2026-03-24T05:29:46.004612
8b815c80-2022-47c6-949a-44944282185e,cc04bfa6-c90e-4dcc-a3ca-d304f232bc5c,ChIJy6Pl_f8fDTkR21i3BZN30L4,rating,2026-03-24T06:29:46.004612
c588cbed-0357-464a-abda-19347afebae4,c6e0c036-706c-442d-845a-369635621566,ChIJO5gx3G0ZDTkRyQkPGNTASN0,view,2026-03-24T07:29:46.004612
135c2310-a5a8-4baf-b1e7-5bf601cb4dad,707176f7-e65e-4f74-aa77-67cf4908c945,ChIJs5LeHAAXDTkRhHmVT0FLf6Q,view,2026-03-24T07:29:46.004612
521f5581-2bee-4f63-bf63-e51b35789711,8cdcfb8b-2826-48e2-bd78-fe1ab76f2155,ChIJuf3nLdQODTkRvjBZOc2vxzc,view,2026-03-24T07:29:46.004612
8e7f3578-e550-4e79-9ba0-e38158e03c79,d1ccba7e-1334-446e-886c-120e0eb88e73,ChIJTUvWM5MYDTkR3hEIs_noaC8,view,2026-03-24T08:29:46.004612
20d1845e-1afd-412f-91cd-2c6806018f56,9b8b2cdf-b647-436c-bfa1-08291768ca1c,ChIJ2-xcczADDTkR_bBvOkfwe2M,view,2026-03-24T08:29:46.004612
8cfa31a4-9669-43dd-a4df-f2e048ebb516,6b11b2cc-9f94-4c6f-b9de-f595d313ff12,ChIJnQTKoYYXDTkRU7pRAcKFALk,rating,2026-03-24T09:29:46.004612
d509e293-aff6-4c5b-919e-4b13067d9369,1cc1f619-e172-43eb-95a9-250a047d53e3,ChIJf7d4Yt36DDkRGKQZ09p4zI0,booking,2026-03-24T09:29:46.004612
45988474-6a45-4184-b806-3244e7063e43,bed6aa64-aa16-4b8d-ae0a-08044b6f518f,ChIJs4RS1F8FDTkR5f4f0ryLlWo,view,2026-03-24T09:29:46.004612
4cfde6b3-8bc1-46fc-a6f4-bf27e895e8e7,1168582a-a016-437c-a4ff-15850825f071,ChIJT-DMdTkZDTkRiN-ft-zozUQ,click,2026-03-24T10:29:46.004612
5844bf61-a825-490b-822b-9459e7806fd9,82703928-e288-4c52-85cb-7d60ddd1bf9a,ChIJE9ZNnEoYDTkRKUGTJncZXrI,click,2026-03-24T11:29:46.004612
672b6980-a2b3-4c4b-9554-7368ca1684b7,4d6646bc-b36d-45de-a3ca-ce7fc91447a8,ChIJO4dvLpr9DDkRXrQkso5NLj4,view,2026-03-24T12:29:46.004612
7f1a9232-4ce4-4d4a-a2d4-ef72698aabba,5506193e-74cd-4613-8e95-0431a350fea1,ChIJe0aRQU_jDDkRiANhTaAQknI,view,2026-03-24T13:29:46.004612
24316630-7407-4f5b-adf3-f7c390ecca98,21819714-4b8b-44be-b538-6a6d5ffa4a75,ChIJSbK5LDjcDDkRNyRcRHo4DI0,view,2026-03-24T14:29:46.004612
02f4ab1d-c05a-40cd-9e6e-24219a73ba20,6e8e4d3a-1efd-4e21-a015-272eb9d742a5,ChIJx2G4jXwDDTkRHWHRAX90qJg,view,2026-03-24T14:29:46.004612
594e6ae3-83c0-429d-8dee-599ccebb5d39,ac0226a0-09b2-4fde-a7a7-ac6182412c84,ChIJd0ioAMQbDTkRQVSbRjEe7WY,click,2026-03-24T15:29:46.004612
02d7af19-5f1a-460e-b2ac-8b0241405c27,b235fa8c-2e45-40d6-a101-d3e2ec9b95f3,ChIJ-XvcAPgdDTkRFvBaEfggBoE,view,2026-03-24T15:29:46.004612
0496c5c9-e168-4f0d-bdfc-26145fa55d72,11e5be4e-236a-4c37-86c4-a82ff94ee7e5,ChIJs5LeHAAXDTkRhHmVT0FLf6Q,booking,2026-03-24T15:29:46.004612
8b01a043-9ea4-45da-8d90-5d14b59d555c,ab07ab46-445b-426a-b5ef-96a3feb8d1c5,ChIJtaHuZ1AZDTkRyrznyfcQis8,view,2026-03-24T15:29:46.004612
1283385c-60aa-49a6-92ca-63aaaab85454,74f869b6-84dc-476e-88de-57c3636377a7,ChIJh58T-3wHDTkRAf1MFbIVc2Y,booking,2026-03-24T16:29:46.004612
f12a969f-ff72-41df-bcae-b896d37e817c,799aa2d6-3c57-455e-b252-e547096f6c65,ChIJHcE1PUsYDTkRk6DOqjzqpVQ,view,2026-03-24T17:29:46.004612
0485211d-c270-4506-8f80-614ff08671a5,251badb0-9163-4023-a6d4-218019fbada7,ChIJSZffIU3kDDkRuDXcAje-AKo,view,2026-03-24T17:29:46.004612
e34b9f5f-76fc-49d7-8754-2754e12c0eb4,edc86b94-a97d-41c0-ba0e-891091c3f233,ChIJ80WEYuD8DDkR2z_JnqJYSd0,view,2026-03-24T17:29:46.004612
d94cd44c-4c0c-44a8-83cf-36a70152ff8b,81896acb-b496-4804-bfdd-792aec7d47ea,ChIJQSiYSGkeDTkRXBZMMWIbY5s,view,2026-03-24T17:29:46.004612
a9cf8c7c-d228-439e-8f57-91b96c019710,f774a82b-0033-4ac2-bd81-889eb6212c52,ChIJS51qEH4ZDTkR5-RJJbhYIZk,view,2026-03-24T18:29:46.004612
ecd44d21-c14c-4f8c-9ac9-652ae03b765d,e7483e8d-5e2f-48fd-be42-05bb11f1c1e8,ChIJ_TgOBC77DDkRn-cT52fWX4g,click,2026-03-24T20:29:46.004612
107fc09b-2b81-4813-a5cb-75732f226833,3b030995-f450-4070-abce-89f1ee8fd2ec,ChIJD0MQIp89DTkRP3c_QnFrdws,view,2026-03-24T21:29:46.004612
34d9e4ea-8a02-45f8-99c6-24833871d576,b44fa2f8-0fca-4063-adad-2925b086ffd4,ChIJVWI3S-MfDTkRWw65C3hVwe8,view,2026-03-24T22:29:46.004612
9b792c70-e1fa-41b3-a6b6-08aa3f2e0ee5,9541d020-4717-4348-8140-c9dbc6ac086d,ChIJG8xOITwZDTkRA5LpEQ9_5hA,booking,2026-03-24T22:29:46.004612
2b31fb88-6225-4b1e-8f25-ae268de30946,44cefed8-14df-43de-af44-e88ab07652c3,ChIJ8eP7GADhDDkRFW6C7rXhNB0,click,2026-03-24T22:29:46.004612
e8048202-fa43-4d10-8502-cb6286f6570a,42536817-5943-4069-999f-811aabc65160,ChIJ91XVqDABDTkRs5l8m4h51Dk,view,2026-03-24T23:29:46.004612
59ab011b-a953-4fd9-bfb1-fae16fe1fffc,85f877fc-5969-4798-846a-782e928d85b4,ChIJ5wVw0d0ZDTkRKhByqx1b0lQ,booking,2026-03-24T23:29:46.004612
56d19832-e235-49db-b210-65f54e348416,3cbe9e02-9036-49ac-a4f2-371f63c4608c,ChIJU3oKZUD9DDkRkIDqiY8COb0,view,2026-03-24T23:29:46.004612
416df3fc-3a73-40a4-9db4-f784786db3c7,8607d01f-4afb-46aa-83cb-03047e38a8ee,ChIJZ3M-4pwCDTkRzGqi6XmAYD8,booking,2026-03-25T01:29:46.004612
5ab3b5cc-afe8-42a0-8033-772ecbaadb34,8e1590a4-3c73-44fd-b894-b061956af9ef,ChIJ3VgjA3L7DDkRMlHJajqQ8xA,view,2026-03-25T01:29:46.004612
e2c65429-120d-412e-9f8d-53fe12e981de,d91358cd-b234-405c-a307-8d6755658412,ChIJBcMcWOAjDTkRUzbA5iIK4lY,view,2026-03-25T01:29:46.004612
4da63743-9174-45f9-92c0-7f2a434287a4,3c4b7a3f-0093-4a17-a928-554f1957cab9,ChIJSW4lHx7lDDkR2uhhO7q7SH8,view,2026-03-25T03:29:46.004612
44aa4abf-9058-4470-bd84-8919027de936,68be285b-1a38-4ef9-8adb-e9d8d197e111,ChIJU1FwGXDeDDkRzzTKRRRe3EY,view,2026-03-25T05:29:46.004612
8885bcc3-9f9e-42b9-8455-f7c8b219e3fb,454fa168-4941-434c-a50d-28b215c69bf1,ChIJeVadFNoBDTkRI6lS8QVv_7k,booking,2026-03-25T06:29:46.004612
a4ef3c90-d16c-4c7b-ab39-ebc4adc0f286,bf8ef2c4-1eb7-42ca-8be6-f2bef274044f,ChIJs7GJ-NsFDTkRLD5mS5lSTCw,view,2026-03-25T08:29:46.004612
dfd077fc-490d-489e-a052-51cb00f03a27,aab10c81-0332-41a7-9c80-c13a075e121f,ChIJ7wT_1n0jDTkRHes_l2DwAiI,click,2026-03-25T10:29:46.004612
51c063ec-5aee-407f-9d7c-3ed9f44d8669,1af78088-0b1c-47f9-b1dc-923c9353f8b4,ChIJ7__72BTdDDkR4IspIyx07sM,view,2026-03-25T10:29:46.004612
35add018-8b09-40c4-a5c2-c410be62032c,fa43185e-8b35-45b0-b06b-ba23cd2be955,ChIJN5u7MekfDTkRGGmz2C41TvQ,click,2026-03-25T12:29:46.004612
376b3619-f633-4483-8069-788ba0a3ff3d,db457081-4cae-4dce-9ccc-f0545849532e,ChIJ9Xii03PiDDkRFaoIddnxtns,view,2026-03-25T14:29:46.004612
cf580c00-0787-4a98-abfc-818376985f1f,a4246560-5054-4535-88c2-99e9381235ce,ChIJh_fvpJ0fDTkRUtRf7hTB600,view,2026-03-25T22:29:46.004612
f8628719-5df4-459e-9d19-2610156b38b0,9c9bbc96-a034-46f6-9517-98986f690a92,ChIJbd9OQUMZDTkRVnrtcXUQNAA,view,2026-03-25T22:29:46.004612
df2f6aa1-845d-485e-aec4-fcb32e302205,fb617c3d-7cd1-413c-a61b-d2a28188a0e8,ChIJuU4UWSEFDTkR_sveAJgD2-g,view,2026-03-26T00:29:46.004612
d89ecde3-6b6b-45fc-a36b-72138badc5eb,7d11a3e6-38c9-4c51-b54c-9616796ccf44,ChIJk8P9dub_DDkRontArtZB6bw,view,2026-03-26T01:29:46.004612
0b24f8ef-dac4-4eb8-bf8c-c5c4cf9bdef0,2193f16f-6e7d-43b4-b8c4-d81443715e97,ChIJ24_GvcapDTkR2ADVFniKmic,click,2026-03-26T04:29:46.004612
ec8e8374-738c-40c5-989a-8e296d134c1e,efd72ece-80e7-4e54-bde7-7b22ec0a290b,ChIJPwpn3iIZDTkRtUmKOOXCCSw,view,2026-03-26T05:29:46.004612
6995fafd-4aa1-4265-81fc-7a24336a76a4,0017310a-c3e7-4737-8d72-a3e46b8bab54,ChIJ8eXMjBQDDTkRB0vq5KGUuro,view,2026-03-26T05:29:46.004612
fa30462d-49d4-442b-912c-c78045c8a1c6,bd8ea27c-380a-4077-9622-481aa8659acb,ChIJ6_4lqtj8DDkR5K7EOXYtvCI,view,2026-03-26T07:29:46.004612
c41c73cc-fb77-4b90-96eb-19e34fde35c2,8c0efedc-1d9e-4474-a375-d497de640a07,ChIJoRD2ulIbDTkRSe133WMqhaI,view,2026-03-26T10:29:46.004612
f205b858-95a8-44e2-8230-7024a14514cb,4ee53c98-472b-4757-9476-f0053bbc9025,ChIJAxoZFF0-DTkRrQYeGhnCS1c,view,2026-03-26T11:29:46.004612
20f4a46b-59b3-4659-a0d4-18920fcf7ba3,3741b114-83ef-4fdb-ad4c-b47eed63e977,ChIJjU2t8HIBDTkRxUapQdDtARk,click,2026-03-26T11:29:46.004612
9ba8df97-5868-4faa-8218-bf5c9c48e1a3,aeb166fd-c454-43a4-be17-eefd82ad126a,ChIJw-ezIEAFDTkRjI637nlIT1Y,view,2026-03-26T11:29:46.004612
0c5f2b7f-fbb5-454d-9858-109ffef6f86e,6ee09409-0b4e-41b7-8daf-93dfa6d3922b,ChIJtQuDZvIZDTkRoGzaPPVdMss,view,2026-03-26T14:29:46.004612
49e79723-f45e-4db5-be75-ea72fd996d5f,8e1590a4-3c73-44fd-b894-b061956af9ef,ChIJf71eU6wFDTkRg91tr_Fx31Y,view,2026-03-26T14:29:46.004612
ce76e0a2-1900-4dc9-b932-4a6a7b449de5,04c48e09-7532-4bfa-8622-cf1c105e871b,ChIJcYHejWQHDTkRoCglvFFeLcc,view,2026-03-26T14:29:46.004612
d4826c61-0425-4548-bb1e-1cb253e2790c,bed789cf-6df4-4973-b9d8-7134b6c526fb,ChIJA_gnLTQbDTkRVHz_FmDumIs,click,2026-03-26T15:29:46.004612
be7eb6be-d2f5-4317-8aef-a452e6b9ee65,b988bd2a-7c75-4df8-b2db-28493c0a7680,ChIJ-wj47an9DDkRHSkcTjVxnn0,view,2026-03-26T15:29:46.004612
36512d94-ac43-48b6-9bdb-16fc3ce3d4f3,2c9dde81-e54c-479b-b88a-2c5f24e573b2,ChIJf_RyNJQZDTkRAVspU3WJK8U,view,2026-03-26T16:29:46.004612
e3cf0656-a9d9-4cad-97d5-d3722e4a2298,2df7c9fa-e1b5-4986-8644-a1c7220f45dd,ChIJD-_OOykHDTkRfcnV8lQwHtg,view,2026-03-26T17:29:46.004612
d624b457-a937-49ab-9a72-50aed074983b,dd07791a-aca9-4b2a-812a-6e394171de8d,ChIJt3LeD7_nDDkRPvWAjIqtFk8,view,2026-03-26T18:29:46.004612
01aabe05-9d8d-4f2f-9aac-69d3f703d722,f83a9ebe-79bf-4a5e-a810-f0efdebbe210,ChIJjxDREmjhDDkR_q86XhG-KDE,view,2026-03-26T18:29:46.004612
c47d57be-2799-45ab-9e88-c90986c3523d,d6601a21-1afe-4426-bcac-c14472456e67,ChIJ8XJNQSHnDDkR60BZUyvH0_8,rating,2026-03-26T18:29:46.004612
04536c02-e5ce-468a-890c-4559c45202b0,0360d884-fc9d-4a9f-bcde-f7563113a77e,ChIJS9nAr1DdDDkRYZcXozkGok0,click,2026-03-26T19:29:46.004612
ff2f1345-63e8-4757-9702-f44e093806a1,63b5bdd1-bc81-48ec-bf19-eb5122086ace,ChIJI6js6jjjDDkRfSHTcQtq7WQ,click,2026-03-26T19:29:46.004612
f7c80e13-fdb1-4c92-9bd0-ac029f476760,2897d22c-1b7f-4641-b976-942bcd0098fc,ChIJ2TtPSgAZDTkR0nVA4pUDCkw,booking,2026-03-26T20:29:46.004612
a05c0fce-715b-45aa-ae3a-b19c9f9bb1f9,6649644a-256e-49cd-aaf3-52ae768e6f93,ChIJLXu-o_3kDDkRQFo-tpFQDCk,view,2026-03-26T21:29:46.004612
1a655f81-dd86-4ce9-8343-dbca4fe6c5e5,6ef7c17f-1f34-4ed8-a961-05c1c0081f79,ChIJM0-S5aAHDTkRRSCWC-TUc4o,click,2026-03-26T21:29:46.004612
495700a0-ab74-411a-8525-df0cd3ab87b7,3f55c1d1-863f-4034-b86b-c80b78ac8f54,ChIJZfR22t4DDTkRGeZis44ky1o,rating,2026-03-26T22:29:46.004612
3ea3d0fc-8ff1-460f-b8ae-b39d50c659e5,1d6480f8-1b79-4db4-a917-49a280dcee2f,ChIJKRCAWocZDTkRba7C87Hijs8,view,2026-03-26T23:29:46.004612
87c8e503-7e22-4bfb-8ccd-cb0dcd8cda44,8f4d7c87-1d82-4a50-9906-1697ed6997a3,ChIJP-R4HAg9DTkR4EwItRUAaa8,view,2026-03-27T00:29:46.004612
649805d2-5432-4794-a46b-72e260678ca2,48a54767-0408-4189-9a47-6a810b2227e1,ChIJIxJHPnEBDTkRdg5tnZH7IOY,view,2026-03-27T00:29:46.004612
e95f43d0-8350-4a90-90ac-7eb2671c2c46,18bda87a-d1f0-4fa1-ba1b-0b6158fd3c26,ChIJAZRhEZWjDTkRjOCGULUsIM0,view,2026-03-27T01:29:46.004612
facf3940-2723-445d-acbb-1874165aebf8,90b562bb-4239-4ce0-a88c-c0f205711700,ChIJ7fAQv8_dDDkRYi2IELVDS38,view,2026-03-27T02:29:46.004612
e1edbb24-d8e5-4070-850f-e5581bd62e09,4fc25487-3a6c-4534-a98a-c87948cb8300,ChIJBS-HCGL9DDkRnvfrMTf9pDM,booking,2026-03-27T03:29:46.004612
86bb1591-b78f-4236-a228-a4ae1c6aa394,79d8c9cb-75ab-4bde-8742-5828e9f6c484,ChIJdb2nSwwZDTkR_qFicz-CfPw,view,2026-03-27T04:29:46.004612
a2dec8b5-17f8-4bfd-8b86-3a734ade1dde,bb74e6c0-1515-41e7-a45d-f026aff79822,ChIJd-ZjPh_7DDkR1oqGuo5VE1E,click,2026-03-27T05:29:46.004612
f92c815c-c576-4fb6-9287-c69a4ab85f73,482c4751-fdb5-406a-93d4-c8ab9f4d24a9,ChIJN7SyOloZDTkRk7RKye2AtZI,click,2026-03-27T05:29:46.004612
0b625769-8208-4be8-acc8-a1e5109a70b4,7862ba6c-1e87-4810-ac29-1ecdedc490ac,ChIJMefpUh8FDTkRTvRW7W_PuCw,booking,2026-03-27T07:29:46.004612
8f42866a-bfff-4686-ab17-de3ffc4237e5,4d6646bc-b36d-45de-a3ca-ce7fc91447a8,ChIJk52GIJUjDTkRFLn_-Jkhn3Y,click,2026-03-27T07:29:46.004612
917e9d54-2e50-49a1-823a-ec598accce29,99391f5c-99d4-4657-a111-c296af97a9ce,ChIJW_GtJlH9DDkRLk8zWDBpE8g,view,2026-03-27T10:29:46.004612
7802c3d5-432f-48a0-a8ef-d80fad5dad0f,1332f2a9-c787-4d56-a619-7c67fb64a9aa,ChIJPdbsEubdDDkREN5Uabi4_aQ,view,2026-03-27T12:29:46.004612
f4dcd9d3-e3f2-44d0-8ea4-0fa4f7f15ea4,9be46000-e50f-41d7-a48e-ba9af941968f,ChIJi6djbFgaDTkRSlSm1pL_cEI,view,2026-03-27T13:29:46.004612
a39af08f-bf35-4cc6-8c33-a1c7d4a8c2b6,40e0e959-e6b4-48b9-a8e2-f18df0cf67a6,ChIJD4ycINPjDDkR4Xvm3Q1Quq8,click,2026-03-27T13:29:46.004612
a3f90b6b-fe3d-4bd2-8741-83cf5af12903,f4cda6fe-eeda-424e-9053-2afe299ddd5b,ChIJixXicdkPDTkR2UeugUm5oMQ,rating,2026-03-27T13:29:46.004612
afa0a130-ad42-4f53-a714-d39303c8d0be,a4242dbd-9983-4afb-a44f-2f856be11ace,ChIJc9nUFqgYDTkRLusxIdi-tzQ,click,2026-03-27T14:29:46.004612
f238a7c1-9db7-403e-94f3-579916f8bf5e,4639b934-5fe9-4988-a7c9-d96a8fdde734,ChIJe2RlJx0VDTkRrx8Vc-9ASYc,booking,2026-03-27T18:29:46.004612
7bf78ac5-e2f3-4f9d-ab3d-508897ba2503,fa110865-51ea-4a5b-ba2d-a9cb901012a8,ChIJs6KqbUwFDTkRsT_CP-hoENs,view,2026-03-27T18:29:46.004612
954ac7fe-6967-42e8-90ec-32ebbbf7c6f2,c7a8d4a0-9ace-40ab-884a-865494523cec,ChIJ97W7F9EfDTkRidfrk_JoC5s,click,2026-03-27T18:29:46.004612
6e2553d8-b799-4c2a-a777-0a829c517620,6b407a40-9886-47bb-8ead-3205c79118ae,ChIJbRm2nIndDDkRSBeUA2LGd1I,view,2026-03-27T18:29:46.004612
822e3812-018b-4f31-aaf3-f028bed6948c,cd0e6e81-4106-4013-b7c0-e32e581c44c4,ChIJqXNvIZUdDTkR25SLKrXqpcs,click,2026-03-27T18:29:46.004612
216c6404-5c02-4206-bc72-29e1ab0f785b,d13eb782-effc-4dda-837d-726c57a16422,ChIJW9lffGEPDTkRKS5A-LwG5AU,booking,2026-03-27T20:29:46.004612
fd7c2f67-38c9-4190-aaa2-5da358150c83,e7846780-b12f-477e-9b42-13be2a46552a,ChIJzyidtTEdDTkR32S2ajuXbOs,booking,2026-03-27T20:29:46.004612
c7dfb405-0ac0-4626-aac3-6a2eb09e7793,565135ed-0dc7-44c1-94ec-6e217b95e3e7,ChIJ73h-x7AfDTkRYODY5sS8TO8,view,2026-03-27T22:29:46.004612
e0ccd057-d9e9-4501-b802-1d3611715c9d,7dda7ab6-4686-44b0-981a-42a865591aa9,ChIJ9yKcCbQXDTkRW3uWCbf-uLQ,click,2026-03-27T22:29:46.004612
ee38c9ab-8dca-4675-bbed-c0170a2a81e9,7f29a7e8-29b8-4038-bc46-8a33d2e3a8c9,ChIJKagwI0YZDTkRYT__pYzMFyY,view,2026-03-27T22:29:46.004612
1c02ec5a-5be4-4160-bc87-405d6670205c,bf4a6286-f6db-40cb-9bcc-9a1a9f09f2a0,ChIJaWaDFCkdDTkR0-v3D-Mz6BA,view,2026-03-27T23:29:46.004612
66aeeab0-d747-4fd3-a16f-a56b29067ff7,5796e64c-fe0d-4d3a-850e-56b86cb78e76,ChIJR8UMrJgCDTkRNFgwNsDuAtI,view,2026-03-28T01:29:46.004612
7e55f473-49d4-45d2-92bd-901501e30136,1985a14e-3658-436a-9fa0-f2e01a645c6f,ChIJUaBSPtUFDTkRyZQihsgC1wU,view,2026-03-28T02:29:46.004612
4cbb37b3-e942-419b-9f52-69fc0f6e68e2,6ee09409-0b4e-41b7-8daf-93dfa6d3922b,ChIJE7CtJRT9DDkR9LyAsvfENVs,view,2026-03-28T02:29:46.004612
2071877b-d000-4bf0-ac55-6afdd9c9bb02,ede3c223-c729-4f41-8a65-93e70a54573f,ChIJVc-6iDLcDDkRYFx6THP4ASc,rating,2026-03-28T02:29:46.004612
20cb0cdf-62e5-4c98-ac25-eddb0440532e,d73b304a-f775-4123-9173-d5265d5c878c,ChIJS49M_lcZDTkRKyK8H7uO5Gc,view,2026-03-28T03:29:46.004612
90220283-cf56-48fc-903f-e6055ba00ddf,f32ed5f5-48b9-4967-9ec6-8c0147bd672c,ChIJC4qlMTf9DDkRhRQpkx58hqI,click,2026-03-28T03:29:46.004612
edaa5da4-3719-4cad-9eda-0c549265aee6,7271d882-98d1-4026-a9d8-19bb56a3505c,ChIJz6mMvD4cDTkRC1x5YWUVypU,booking,2026-03-28T04:29:46.004612
c4301038-d92d-4c5c-a228-7b4d58dc4b3b,20329a95-39f9-46bc-9d3e-dccaacb1574b,ChIJgWst_o4FDTkREBbjHgEZyow,view,2026-03-28T05:29:46.004612
739cfd12-9bb3-456e-9520-34f4e267daa0,b2bae56e-6bef-4589-91f8-3bcb0079a939,ChIJQb2D4b8DDTkRq0dRnD7Y1VI,view,2026-03-28T05:29:46.004612
172c9cd8-7809-480d-bac8-a60c0e83efb9,6e8e4d3a-1efd-4e21-a015-272eb9d742a5,ChIJTZiw9_P9DDkRCKU-wU7cgV8,click,2026-03-28T05:29:46.004612
83e1a175-979e-46cb-83b8-fe6bff5c7a76,6a9b1cbb-8985-4a54-b23e-9defdf9472f8,ChIJ788UkOAeDTkR1IXMH3KeYTY,rating,2026-03-28T06:29:46.004612
e5aeaca7-860b-429f-ac7a-4e1bb8ae3146,6649644a-256e-49cd-aaf3-52ae768e6f93,ChIJS0aYLBwjDTkRg1kvuwxqGGk,view,2026-03-28T06:29:46.004612
1a20eab5-96ec-497d-831f-1f978d4a8001,4639b934-5fe9-4988-a7c9-d96a8fdde734,ChIJXdmXL30EDTkR5YJTrNiByBs,rating,2026-03-28T08:29:46.004612
694c3496-6a6b-4309-a6c0-717fcabd3570,c74fef9b-4167-4893-8d8c-aa5a673376a4,ChIJ3Z8udED9DDkRr00_4ufSiV0,click,2026-03-28T08:29:46.004612
c1795490-0f97-4d01-a917-49b54b41b834,00062863-ad1f-4d03-8bb1-ae6ba994a3ad,ChIJ13uwGBMBDTkREGuDRst9C8s,view,2026-03-28T08:29:46.004612
2f61068d-996c-444d-92c0-d8d4ad4df3d3,edc86b94-a97d-41c0-ba0e-891091c3f233,ChIJp0gsI8YVDTkRta54FAmE9x4,view,2026-03-28T09:29:46.004612
3ee4aad8-aa0e-4e0e-ac34-c6d57505085a,b1bc4a4f-a54d-4dfd-9a38-bbd7d2e0d558,ChIJCcAUB0UUDTkRFVah_3Z_EA8,view,2026-03-28T10:29:46.004612
0ffdb1ab-324e-46d8-943b-2e5601ec98c5,b57da618-a9b5-4630-9880-8c79827b243b,ChIJHRhUZowjDTkR6J5dsol9s_Q,click,2026-03-28T10:29:46.004612
154e8d38-cb95-49fd-8ea8-ddfeae146347,8d275bb4-94e5-44d4-a506-7ef33dd1aad6,ChIJMx8pT70EDTkRuLk3NLaTp4M,view,2026-03-28T10:29:46.004612
5b04ae92-1a6f-4e25-9260-361c9040f7bb,67c2686b-a7c5-4cf0-8b27-bcc3f277c271,ChIJ0bhXzyPnDDkRtIidxqRxIhM,click,2026-03-28T11:29:46.004612
16a26285-7917-49cf-93c8-4b0c71de4db1,9d8fa24e-9ba2-4485-a6e5-5df3ee87e764,ChIJ7fAQv8_dDDkRYi2IELVDS38,view,2026-03-28T13:29:46.004612
a1d51364-45e6-4bba-bac2-f51067e69089,f5f4a114-68d1-4f54-a589-9da9679700bc,ChIJLZVJ9iYZDTkRMIJz2UHHjlY,click,2026-03-28T14:29:46.004612
d405c8f1-f304-476b-afd4-5af2628aaf9b,3b428902-1fa1-4f4b-832a-63e59efc721e,ChIJe6wA2_TjDDkR7Ojp3A0uKiI,view,2026-03-28T15:29:46.004612
fb6838ad-15fb-44eb-9a80-01cf1e477784,5c188236-04ed-4ee0-a96b-0af143487f5d,ChIJCyc2Pa_mDDkRFDjbRorrdGg,view,2026-03-28T15:29:46.004612
1d99b494-5ad2-4965-855a-a2fb628954b1,a30f1759-b906-4a04-ac21-fbfffd8022ec,ChIJNU3GbwAFDTkRd1SNKICWQos,view,2026-03-28T16:29:46.004612
a7774113-a230-40b0-a3a3-e6cdccb23a52,5411c625-0363-45d1-8312-e40a866e6d71,ChIJFzlAtHoEDTkRWL-rjvV_XKE,view,2026-03-28T16:29:46.004612
875cc566-9e01-4ddc-b70d-36622aab200f,c131bea0-1936-4c45-9c96-2241d812f287,ChIJIYwrZt7jDDkRvGirDdAwW2Q,view,2026-03-28T17:29:46.004612
a6676dcf-5a1f-44dc-a3b1-dd4681939c3b,727def27-1002-43f4-adf8-95427b0d04c6,ChIJ-5u-Vo0hDTkRbRiX9zTmtN8,click,2026-03-28T17:29:46.004612
78cff7a1-bdee-4a52-a4ff-90e56718e7a1,7352c669-5481-460d-b466-9c9d080ca607,ChIJiyN1kz8bDTkRA2ud_zDRLqM,view,2026-03-28T18:29:46.004612
8d622055-67ac-451d-b079-0c8350565df2,95c51aa1-e6ce-4852-a42e-f3569b27a779,ChIJ78FO7agFDTkRWu2o8J3LbLE,view,2026-03-28T18:29:46.004612
1f74f819-88fa-40ba-8a20-d04b9328fb22,7f31a28a-8a8b-46cc-95f1-2f15e5a87f6c,ChIJl_0cXHwZDTkRFz_CkZcrn-I,view,2026-03-28T19:29:46.004612
dfecfe1a-c211-426b-9865-9ae19339080d,d13eb782-effc-4dda-837d-726c57a16422,ChIJYy_XeOQbDTkRK2NfXsfpEEE,view,2026-03-28T20:29:46.004612
0673d2cd-5318-485d-847e-4b7565b01e90,fa110865-51ea-4a5b-ba2d-a9cb901012a8,ChIJz6cFNNcDDTkR2sR2snMfXUM,view,2026-03-28T20:29:46.004612
b040cbd7-0ccc-4a44-8a7a-4ed73ddc871e,6ff6f214-34c6-4b5d-be45-6bad358924b7,ChIJORerleg9DTkRUm59PSlICrE,view,2026-03-28T20:29:46.004612
0fda5249-c300-4ced-9b2c-32ef8236ed01,d801e23d-c229-4ebc-8261-5eeff8a3e839,ChIJI1C0ziziDDkRKofmqRF3WKE,view,2026-03-28T21:29:46.004612
6275105a-28ff-4d22-91af-7332c4233301,363eabf7-9851-4ce3-aca3-6c053f03ad0e,ChIJCWY26SAhDTkR1Zlugtx6d1U,view,2026-03-28T22:29:46.004612
32607519-9ec8-43d6-afc2-7fcddadc7331,1241c6f3-c91f-42df-96f8-3f4947ba237e,ChIJSy_yupgCDTkR3sp_8N4urK8,view,2026-03-29T00:29:46.004612
f846a047-2847-42c1-9b04-b16f282b5ebf,aeedca81-5b94-4f80-b95d-b3596c11b746,ChIJixO9pSwfDTkRnBicOK6DA54,view,2026-03-29T00:29:46.004612
661f3264-410a-420c-97a0-8185f4f721fd,ef575917-4cb4-4cbd-903d-4be53a66ca29,ChIJExG1eyD7DDkRL_OZpZYiyHE,view,2026-03-29T02:29:46.004612
955c8399-65be-415d-b462-7894efc93267,c5a7409b-0bec-416b-a9ca-2e341c3f79c4,ChIJjRnSLIwfDTkRSeSzIDKDY_s,view,2026-03-29T03:29:46.004612
96d8249e-9f5f-4ec4-bb43-3fb2faccd8eb,15648a93-5422-43e7-a1d6-64fa0ce9ea19,ChIJ_TgOBC77DDkRn-cT52fWX4g,view,2026-03-29T03:29:46.004612
b191d848-2ac2-43e6-9216-9c7f500b35a6,04c48e09-7532-4bfa-8622-cf1c105e871b,ChIJ9zJVVgD7DDkRWOQxBwWX3G4,click,2026-03-29T07:29:46.004612
d31386f8-5611-4fe0-b229-0f1e45653968,b8280c36-4b28-45ac-a1d6-ac369a47ebea,ChIJtzflUNEhDTkRCosTp3T0fO8,view,2026-03-29T07:29:46.004612
bf80802e-ccbb-4a87-96e1-65f61d5b3744,51d092dd-3846-4d2f-8b35-b21be88ff3f2,ChIJE3OAKsb7DDkR9ddf6PCweXI,click,2026-03-29T07:29:46.004612
2ee8de37-c028-466f-b190-ff2ef5a22899,0360d884-fc9d-4a9f-bcde-f7563113a77e,ChIJuf3nLdQODTkRvjBZOc2vxzc,click,2026-03-29T09:29:46.004612
1579ee2d-52a9-4585-afec-d5fca6b4093c,644ddcbe-3a6c-4c87-9979-76c4f245432b,ChIJ5dfWP_UdDTkRciVp85XPAk0,booking,2026-03-29T09:29:46.004612
be3816cf-0fcc-481d-a324-d460fa87949e,455c5038-f0da-4351-8e44-5c698fbb3cd4,ChIJO5LQI-XjDDkRitHWBr5ZqXU,view,2026-03-29T09:29:46.004612
a2ddddd6-2c99-4e8a-8834-343569a3e072,309f441d-29e0-4ce7-beae-bf3754530e3a,ChIJ59PVuv4bDTkRw6GldlMth6I,view,2026-03-29T09:29:46.004612
eeb62683-fe86-4479-80d1-c9d71baa2d1d,ec9d8689-eafc-4031-b2bb-9c7ab11601ae,ChIJmY1WY2gBDTkRsmGgG-zn_90,booking,2026-03-29T10:29:46.004612
61c02c8d-0db9-4c18-8444-95c1371ad8ee,95414a6c-3d9b-4c5d-b418-caa12f63c1f0,ChIJG6IcrxkBDTkRkey4OvsU8RA,view,2026-03-29T12:29:46.004612
300829cd-6a8f-47d0-b383-476db289084f,5411c625-0363-45d1-8312-e40a866e6d71,ChIJZ15qheAHDTkRTBlaPob9Hjs,view,2026-03-29T12:29:46.004612
6326a733-9663-432c-96fb-926c4a7a1c18,fdb7ca70-b5a5-48af-9880-77e833de17bd,ChIJr8efdIv7DDkRnYHKsoANzwQ,booking,2026-03-29T14:29:46.004612
cdfd46e3-d1bb-4e66-831c-666e3a12d1f6,d80e9afb-ddc2-46b9-8b07-1483fcd71a37,ChIJ5ybDRzjcDDkRl2FKQsRD4eo,view,2026-03-29T14:29:46.004612
f5be4e30-0b2c-4fd6-97c9-9c1cd62fdedc,22719aa4-f2ac-491f-b133-5be359b4d629,ChIJ70yHFd4BDTkRDCBZqoNKwjY,view,2026-03-29T15:29:46.004612
7fd62789-dbee-433b-af0a-9d9a83cb0c21,694404ea-c783-4605-9f69-b3cb51e90bba,ChIJO4bEjrL7DDkR_Sj7Ag-P-Pk,view,2026-03-29T18:29:46.004612
d6fc4a60-4a75-4fa6-bf65-53fec248c6d8,1e0f9973-e20c-4600-a03c-6b0211c2a772,ChIJGT-mXoQ9DTkRq9y4I-4mxNQ,view,2026-03-29T18:29:46.004612
642e6692-f024-447d-b2d9-c415797d7234,3015c9b6-5899-4199-bf11-0dce85a55a7f,ChIJoYZHA4UHDTkR0NeUuFoc3XQ,view,2026-03-29T20:29:46.004612
873eed34-f5ed-4d22-8693-693214c437e7,ef575917-4cb4-4cbd-903d-4be53a66ca29,ChIJe1-rNqjjDDkR8ByQ3dve4Pc,view,2026-03-29T20:29:46.004612
45efd5b9-0e78-4edc-a14a-6ba403282e29,91a4e9b7-5744-4abb-98ee-9bd1984e6771,ChIJqyK42_sYDTkRv0equibh_ow,booking,2026-03-29T21:29:46.004612
f909e072-5100-4930-9e76-25672588a727,6b11b2cc-9f94-4c6f-b9de-f595d313ff12,ChIJh58T-3wHDTkRAf1MFbIVc2Y,click,2026-03-29T22:29:46.004612
4945a5c4-d0c6-4de1-b34a-675d69b90ddc,c4fdb3d6-600d-4485-9c08-ff6f8ea29afd,ChIJh_S5sis9DTkR1oUaarU1OPk,booking,2026-03-29T22:29:46.004612
88652be1-1cfe-4ea2-babf-1f4ae400e8df,4d738cf6-50d3-40f8-b83a-922abbe0ec30,ChIJRUCw2qIFDTkR48WVAJkMcjM,view,2026-03-29T22:29:46.004612
a8cd75fe-1a62-4b10-a3ca-930402842b98,054e41aa-8836-4baa-967d-1a4b72099979,ChIJlU7xMJ4dDTkRS-CEa9X7JHw,view,2026-03-29T22:29:46.004612
68b9edee-fbf3-4c56-8c36-4cd7fced3bca,6edb4a6d-c6d9-42fe-8f07-3f162343fa8c,ChIJdb2nSwwZDTkR_qFicz-CfPw,view,2026-03-29T23:29:46.004612
c95bc89f-4a60-4dd7-862c-70e1fff025b7,69f96058-9730-4fb9-9a17-3410bbd202c9,ChIJ70yHFd4BDTkRDCBZqoNKwjY,rating,2026-03-29T23:29:46.004612
e7c8b229-fe7d-4f18-b9ec-85ddb8671b0a,7f29a7e8-29b8-4038-bc46-8a33d2e3a8c9,ChIJLc--96LnDDkRcxUjrcGUL18,click,2026-03-30T00:29:46.004612
46d57ad2-ffae-4eec-b028-7733751288bb,07f01097-d530-4312-baab-84f09e19bebc,ChIJwXfALvkaDTkRmyFhEbkG2JQ,click,2026-03-30T01:29:46.004612
1ddb4665-8ffa-47fe-a7e8-baa40fea9e9b,400ef25e-95ca-4e02-9149-13b2c73cdced,ChIJB3eNuar9DDkRdLXjKjlGuaE,view,2026-03-30T01:29:46.004612
d3dd64bf-a434-44d8-a5be-c6c62593d5b6,846b2807-cf91-4cf7-a447-83140da3193f,ChIJNW7xfpUjDTkRnk6REafay-g,view,2026-03-30T03:29:46.004612
3e3d74cc-e30c-402d-8383-b266df8e8153,4ca1fab7-5bd1-49a0-9b56-9c3993a6d8d1,ChIJvwz3f_wYDTkRppCWpizlKPk,view,2026-03-30T05:29:46.004612
086d025e-a310-4b7c-b911-6f1cbdcaf8fe,9fd64f36-b44c-465e-a838-768ba5b5d51f,ChIJR7opKkHnDDkRu2lSbe2ecIE,booking,2026-03-30T06:29:46.004612
7daad96e-cf9b-4103-890b-c6d0dd1e3780,aa11e355-39c9-4ce8-9ee4-13608adb3979,ChIJhZ5e-RYHDTkRUj9TQ7kXtYA,view,2026-03-30T06:29:46.004612
4417103f-9f8a-4e14-9140-09cc4b204b51,7f03cab6-f668-4086-8629-2f21ce712f9c,ChIJzXc9YhUBDTkRsWv66_fqyqA,view,2026-03-30T08:29:46.004612
b8d3f2f9-3c4a-46ce-b421-4573f0d739a6,96ffebd7-5dbe-4467-9460-c36ae73f330f,ChIJhfP0934DDTkRb0xgy-Wsucs,view,2026-03-30T09:29:46.004612
1d88c9a8-54c0-4bad-bed0-6b6300f1c323,7b28e71d-661d-45bc-b8bb-a1194522b88b,ChIJEYDU5mYbDTkRH-UsiC4Cu4E,view,2026-03-30T09:29:46.004612
f1ed8356-c702-4b57-91b7-141cbffe453a,3f88c491-58fd-44a2-abf9-df85d43a1465,ChIJCbfAqZ4CDTkRb3axkMEgrnw,view,2026-03-30T10:29:46.004612
fd51263e-c22e-4a09-b10f-968436baeebb,db757573-d418-4493-aeaf-4a5ea11c09ab,ChIJb0ZxgdSpDTkRliL_cFrDh4Q,view,2026-03-30T11:29:46.004612
d9d41efb-249d-4d69-987a-b5e64f6b0ae8,aaf6da95-4ceb-4028-87ae-d70cab30bac3,ChIJ3ydPH0rcDDkRphpP8-WHB1c,click,2026-03-30T12:29:46.004612
e33f31d5-f42d-4fac-9592-a8ae8c77e8ec,aaf6da95-4ceb-4028-87ae-d70cab30bac3,ChIJpaO1QngdDTkRH43WFRC6rSA,booking,2026-03-30T12:29:46.004612
9c38da62-ccaf-4f01-8240-2a7aec2bc7b0,13681eb3-7b25-44f1-b853-5b46921740de,ChIJbQ74MQkiDTkRYja2Bqk2fsE,view,2026-03-30T15:29:46.004612
f91b19e3-60ef-40b5-a1dd-cfcaa4200203,d13eb782-effc-4dda-837d-726c57a16422,ChIJM1VXRjQZDTkRoBS-7Y_b8qY,view,2026-03-30T17:29:46.004612
37023f0d-3e7c-45b7-8b4e-fdd1b0b544de,d0ff5ea0-21b1-4d08-96e0-2be464aec051,ChIJ52FmthX9DDkRuV3TTavgdAA,view,2026-03-30T19:29:46.004612
eebf4246-b31c-4fbc-b11d-cb4de1e34d29,aaf6da95-4ceb-4028-87ae-d70cab30bac3,ChIJ9yKcCbQXDTkRW3uWCbf-uLQ,click,2026-03-30T19:29:46.004612
54aff24f-c8cc-432a-9cb5-5cb47361cb3f,1f7fe618-fbc5-4a4b-b214-1840b1852906,ChIJVVVVVYUbDTkRhQCZRO1qOUE,view,2026-03-30T19:29:46.004612
c35f2730-0c90-46cd-8418-5546eb3723b4,40e0e959-e6b4-48b9-a8e2-f18df0cf67a6,ChIJidaezV_dDDkRnRpQRPzREZc,view,2026-03-30T21:29:46.004612
eb1015f6-aaba-4930-b2bf-af5217a6597c,5a45b801-5a89-4183-8e99-461a60cf255d,ChIJ_5Hg9YIFDTkRXwEXjrDM4mM,click,2026-03-30T22:29:46.004612
cc59ca09-9d72-48d0-8970-9caced5fd11c,8532628a-d2ef-476a-a189-6700fe34130c,ChIJA5noYTHdDDkRzwENbOht5eU,view,2026-03-30T23:29:46.004612
b6eef376-ab85-4aef-a102-2d420253d12d,bded2630-13b7-4983-996d-dfe536cc25e8,ChIJAXp7bFcZDTkRkKdt_Lt46Tk,view,2026-03-30T23:29:46.004612
8a4e31dd-396f-4b46-94e5-4a5202f23b26,03a15616-3687-40ea-8a20-d01b6c4010f7,ChIJSy_yupgCDTkR3sp_8N4urK8,click,2026-03-30T23:29:46.004612
874ab545-dd17-4567-a60f-09566db97b7b,4ee53c98-472b-4757-9476-f0053bbc9025,ChIJFzlAtHoEDTkRWL-rjvV_XKE,view,2026-03-30T23:29:46.004612
06adb27e-4634-4dda-91a3-eb157c835029,2e1aac52-247d-4fc8-a7ad-1af63ee89bca,ChIJaxDfKpMEDTkRrRoIsuSSnSM,view,2026-03-31T00:29:46.004612
8aabb600-c89d-4270-bb79-9d3c8661e286,afee0ca8-aa1a-4864-be53-1421a03ede9c,ChIJUdsPbuIdDTkRqpgi2i7xKkI,view,2026-03-31T00:29:46.004612
fde77757-aaab-4ef6-8802-59358d9d5847,c28bf682-7f39-4316-9aa9-ee5f7e627aa1,ChIJicRbzksFDTkR6DUl_93l5Uk,click,2026-03-31T01:29:46.004612
b0b7550f-2354-4815-8f45-f4a8cbc0195f,8532628a-d2ef-476a-a189-6700fe34130c,ChIJyd-sPQDjDDkRfRiRKD5GJXg,view,2026-03-31T01:29:46.004612
44dc0da7-3b7e-41b5-b372-16445058e5e2,707176f7-e65e-4f74-aa77-67cf4908c945,ChIJlbip0PAdDTkRf4CfOJtwHZI,view,2026-03-31T02:29:46.004612
563e4f76-9648-4d2f-9a65-0bba5f2585b8,bf8ef2c4-1eb7-42ca-8be6-f2bef274044f,ChIJ5dfWP_UdDTkRciVp85XPAk0,view,2026-03-31T02:29:46.004612
53da61cb-b586-4b8b-b76b-ef1c0360e589,85f877fc-5969-4798-846a-782e928d85b4,ChIJFXWsgMwZDTkRvXpQTNJyZlM,view,2026-03-31T04:29:46.004612
0cdc17a7-bbd7-403e-a4ac-360f1b708863,4c18b54d-024c-4b20-aeb7-d1e358626222,ChIJd5LhshIDDTkRPxoMyHG_tgA,click,2026-03-31T06:29:46.004612
45d4aa30-b139-44ad-ae3a-e5fd378eca00,e36a7a29-e37f-4ebb-869f-fd6d38fb9c4c,ChIJTUvWM5MYDTkR3hEIs_noaC8,click,2026-03-31T06:29:46.004612
cebb4c9d-2d44-4424-9e06-849e0acd3365,caab96b4-e8ef-4347-afd0-094ea39488d5,ChIJfRuk03LcDDkRjgXz8GpwXrc,click,2026-03-31T06:29:46.004612
7bc1e35e-a291-4360-8a7b-02a47536a5c0,86d28bc0-8971-4188-824b-f6a721bf58a4,ChIJi154BwIFDTkREjsPJCSV5O4,booking,2026-03-31T07:29:46.004612
a4176502-8d72-46c3-bd66-63cb3fce653c,6ff6f214-34c6-4b5d-be45-6bad358924b7,ChIJ5xMxsdwDDTkRmPBTgKIUMbo,view,2026-03-31T07:29:46.004612
b737c415-89b5-4613-80bf-6542e1c01d81,bed789cf-6df4-4973-b9d8-7134b6c526fb,ChIJ8Z3G91sHDTkR4fx3eLbmUAU,view,2026-03-31T07:29:46.004612
c3e127fb-df99-49b7-8206-8f964cfd602d,a0803a68-464d-49f2-aa0c-09fd2759c982,ChIJMzNKkUYBDTkRBzsD5Gov384,view,2026-03-31T08:29:46.004612
83717121-6980-4ee7-8ae6-762ebb6a5160,5bcca5b0-f7a2-4403-82e9-54ba1d9b87fa,ChIJOTFgFrkZDTkRtGNiP_WDHVE,rating,2026-03-31T08:29:46.004612
4b1e520a-9041-4e72-8bd0-0ac7b79dbdbb,752ae880-5193-4949-8c44-7268f53705a2,ChIJx6m1uo7dDDkR12u8JLX6V1I,click,2026-03-31T10:29:46.004612
bec4b52a-a275-4296-ba43-50e2bab71222,2a2a8f2c-ddf2-496a-b7dd-03d2d93bf249,ChIJ9z9RjKzjDDkRkqMhtJ2HBNM,view,2026-03-31T10:29:46.004612
458d0dbd-5329-4d36-99fd-f608f13ca10f,2fae13cb-f7a9-4b09-923d-f2e6f812a3cc,ChIJl0GK5hX5DDkRotk6Zj4Dd1M,view,2026-03-31T10:29:46.004612
1120701c-1fd8-49c6-9a2c-44c81b83e753,f4445df4-8aa1-46d1-ba98-281e62da5701,ChIJAQDARl7iDDkRPMvE7jjAm4s,rating,2026-03-31T11:29:46.004612
f860623a-d332-48f8-bfbc-e708b0a50e7d,49b2edb8-ec6d-43a5-ae9a-dbfb71df90d5,ChIJPwgrXucFDTkRwjJyjNbunV0,view,2026-03-31T12:29:46.004612
39e01dcc-1ce4-4414-9ab4-0781265fa427,8607d01f-4afb-46aa-83cb-03047e38a8ee,ChIJm3CI3S0ZDTkRAUh7BLkoMAg,click,2026-03-31T12:29:46.004612
b78bfc92-6c82-452d-9adf-7d6b9c02364a,2fa7abcb-5b57-43dd-8df8-d6119015d2d2,ChIJXXRN7bsbDTkRiO1syjt3AM0,view,2026-03-31T13:29:46.004612
748c90d0-4328-4e17-85cd-9e451faca124,d2ebe84c-5f13-4e28-9708-4906369718ba,ChIJa2KZCt77DDkRKDW7Yi-oHV0,booking,2026-03-31T14:29:46.004612
155c1dd7-c445-402a-a0f9-75807cd8ce2b,5c188236-04ed-4ee0-a96b-0af143487f5d,ChIJBXnLrFvhDDkRAiQRIACRglQ,view,2026-03-31T18:29:46.004612
42e6e1bd-19a0-4175-b772-76d8c6e7306e,30249500-e4fa-4c09-bfa4-c65e17b79175,ChIJTelod2r9DDkRNcR4Skjiyg4,view,2026-03-31T20:29:46.004612
ca407988-a780-4003-b399-04840edb1ea6,3796b1bf-575f-417c-9e89-19e1e0808e5f,ChIJPbBju7WrDTkR4JTqvSWdJZc,view,2026-03-31T21:29:46.004612
81b2d5c6-0e78-4daa-ac63-496d29662f92,c52cd18e-e4a9-48cf-9b4f-f37a04c823f5,ChIJ77AkL1sHDTkRckJGkQC1VuY,view,2026-03-31T21:29:46.004612
b896a04c-843b-4602-b47d-466c4e2f508f,4c18b54d-024c-4b20-aeb7-d1e358626222,ChIJBS-HCGL9DDkRnvfrMTf9pDM,view,2026-03-31T23:29:46.004612
9ae73810-30d1-480e-9453-29227dae8dd7,ee4ff499-5094-41ce-ad34-44aa3d6320fd,ChIJwdp9bzADDTkRt_4Txb3SJn4,view,2026-04-01T01:29:46.004612
e6332dfe-0c8f-4bf3-b6f6-46d1bf9357ac,3015c9b6-5899-4199-bf11-0dce85a55a7f,ChIJE-nHCOw9DTkRWoaV4qW-0B8,view,2026-04-01T02:29:46.004612
19fa9814-4b77-462b-b0f8-7134ead19a57,11e5be4e-236a-4c37-86c4-a82ff94ee7e5,ChIJ59PVuv4bDTkRw6GldlMth6I,view,2026-04-01T02:29:46.004612
8632d7ed-8ad3-4355-b6ee-e538701801a7,6ee09409-0b4e-41b7-8daf-93dfa6d3922b,ChIJeQIQJdXgDDkRfhn0uyMOrxQ,booking,2026-04-01T03:29:46.004612
4825ebb3-74df-43eb-acbf-5a590ad20e38,49bdfd2e-4f97-41c8-8abd-86cd53b48388,ChIJF8uqIgAJDTkREYIBZj_hsKE,view,2026-04-01T04:29:46.004612
e6d8aa79-2165-4620-8d2e-f06b6eff1fa3,594d3d8a-35f8-41cc-8de8-d3f2d5ac97b0,ChIJE7CtJRT9DDkR9LyAsvfENVs,view,2026-04-01T05:29:46.004612
7d22275e-cdc3-418f-a5c5-6267038b1ce8,85022eea-434f-4cb1-9f29-305747ee367a,ChIJIQAAADAYDTkRr-j3eVMKaeI,rating,2026-04-01T05:29:46.004612
ac48f4c6-78e1-4459-ad40-2ea5c9aee7bd,7d372a30-1f32-47f1-a5ae-29f38ce51ae0,ChIJhe8U-lo_DTkRUQkm2haPpZ8,view,2026-04-01T05:29:46.004612
60c62ef1-3e76-46d2-a4df-a7c2dd53619c,975eb39c-d011-4576-8de1-db559ddf4e91,ChIJG56hgj4cDTkR0kDH_XNxj1Y,click,2026-04-01T08:29:46.004612
b4cb38d7-af05-4d04-946e-8eb95c244410,7271d882-98d1-4026-a9d8-19bb56a3505c,ChIJZfR22t4DDTkRGeZis44ky1o,click,2026-04-01T11:29:46.004612
44a531e5-860d-498e-a550-43c93ed1be2d,3a40b1c2-baad-46de-91e3-69eb5211f542,ChIJr1OuS62pDTkRGQUhFaXynZY,view,2026-04-01T11:29:46.004612
f40c583e-f567-4144-9d9b-685bd96f7b49,e55d9a53-a0b3-45df-80fc-ae4b5f97b829,ChIJUVEwtnIfDTkRUKif-DLwqfg,view,2026-04-01T12:29:46.004612
0e40b02c-d6cc-4620-bb4b-33dcb8f015c2,da7bdf63-c815-45bd-9ed2-1d70cc614424,ChIJe4zp0KMdDTkRm90YLrHBVg8,booking,2026-04-01T13:29:46.004612
9cdd86cf-2b36-4d90-879b-46e5b3bc90f6,1d50262e-384c-48c6-b5ad-e6828a492d4e,ChIJ2am72v89DTkROMLW-jN2w0w,view,2026-04-01T14:29:46.004612
1ad07801-6efd-4806-bb04-a9fa58c2d46c,c42068b5-0ffe-446d-bc62-0d9188aa634a,ChIJW1fDLSUbDTkRityti1y0TWk,booking,2026-04-01T15:29:46.004612
a7ef863a-bbf2-4f0b-b769-513b47410013,7f31a28a-8a8b-46cc-95f1-2f15e5a87f6c,ChIJVYx7WkYZDTkRLSo5i62rT3Y,view,2026-04-01T15:29:46.004612
cc17216c-2f7c-4434-bd3b-9f02233ba996,a5d390af-a9b0-40bb-84fe-6a3a45236261,ChIJ2am72v89DTkROMLW-jN2w0w,view,2026-04-01T16:29:46.004612
ff66459a-f4c2-4ea8-bec4-6cbbf2228cd0,d29e6b85-cdf9-462f-8815-6dfeff9a152f,ChIJk8P9dub_DDkRontArtZB6bw,click,2026-04-01T17:29:46.004612
1130f5c0-5184-449b-a1f9-1428b5c6f85b,54cbb673-58d1-4206-9254-266ea780131d,ChIJuQOV4UP9DDkR_zW0AORu0Os,view,2026-04-01T18:29:46.004612
2acaddeb-aff9-4815-a5a6-e0ebe76ac687,caab4413-f522-45f3-922c-28d705578a11,ChIJfQEtoOsCDTkRZ6-PHF1QCG4,booking,2026-04-01T20:29:46.004612
38fc68d3-dcc6-46f4-8e5d-f8d02ec9ae74,3be37f58-0dfb-4c1a-b9bf-9b21b5badc17,ChIJAQAAwMoZDTkRW9hrHxvXr20,view,2026-04-01T21:29:46.004612
472db2fc-9d5a-4d1f-8ea5-89656635392b,c74fef9b-4167-4893-8d8c-aa5a673376a4,ChIJ6yMHonsZDTkRMN0eS43o7Tw,view,2026-04-01T23:29:46.004612
fdbb7e46-eab5-4113-9ccf-b5036bf90b17,e36a7a29-e37f-4ebb-869f-fd6d38fb9c4c,ChIJ14Hw8TkBDTkRkLqc_kOi0fY,view,2026-04-01T23:29:46.004612
778f0684-417c-4bb7-92ee-d3e17afcf6fd,6c2832ef-52b7-4ee9-85e0-7f010f2ca247,ChIJg6CUT7IDDTkRVgUaYRZF5Ks,view,2026-04-02T00:29:46.004612
562f664e-d57a-492c-9498-a288348a9972,3ff11692-d469-4c8c-a91e-bf5dc86c1d71,ChIJmaiOGEo8DTkRRhZyisMfsrA,view,2026-04-02T00:29:46.004612
59f446ad-0355-4bf3-81b3-1d482962337a,72e38c5b-4c41-4765-88bb-9762bba55769,ChIJmxMf1OUZDTkRIJSsusHos68,view,2026-04-02T03:29:46.004612
7d397f56-af6e-4f5b-a887-665a9bc27336,d91358cd-b234-405c-a307-8d6755658412,ChIJgVaLtj38DDkR9GuM4URH1aM,booking,2026-04-02T05:29:46.004612
52742e54-24e4-496e-a047-7c22a151e101,2cf4a0e9-b235-47bd-bea5-d3539ba5581d,ChIJ6wyYSJndDDkRRdbX4at-Y-0,click,2026-04-02T07:29:46.004612
55c7f167-88bd-49dc-abac-6c54e3f062bd,b7568585-cef1-401a-bfc8-42122cfb985d,ChIJ69cVdAD9DDkRKbdKKZC9RCA,view,2026-04-02T07:29:46.004612
0ab5977f-08c9-4b3f-87e7-ae021ffcb59e,67e6daba-b5fb-4298-a055-22ac933c8ab2,ChIJSdUxIfqpDTkRb6Y2Nt719Gs,view,2026-04-02T07:29:46.004612
9b0dd914-80d2-434b-b1c9-a38e592591b9,57e8dcaa-fdaa-4def-936e-0b4021b78ee7,ChIJ_XfWkV0DDTkRV-MWftStFZY,view,2026-04-02T08:29:46.004612
3bf6d03f-11b0-4cf1-b43d-e5dd90907e40,c4fdb3d6-600d-4485-9c08-ff6f8ea29afd,ChIJwRT3qCUeDTkRecFelntewZs,booking,2026-04-02T09:29:46.004612
5b992fa1-da78-40c9-a885-0b86314fe6b7,00062863-ad1f-4d03-8bb1-ae6ba994a3ad,ChIJZV2pMp4CDTkRKjabTG-yEYc,view,2026-04-02T10:29:46.004612
7c561681-c130-48ee-8ed5-77b3e1847271,465b38fd-b023-42c8-ac74-4f3a04c11aef,ChIJJfVl6mnfDDkRF7gDYYhtgvE,view,2026-04-02T10:29:46.004612
3b505da0-96f9-49d3-b53a-dfd3475e68db,839088d5-7b33-40bf-8bf6-49d5f44731c4,ChIJLSTH2_wHDTkRl-rs7KjuUWo,view,2026-04-02T10:29:46.004612
dae1af3c-b30e-4f40-bbea-c924b8ad99de,3ff11692-d469-4c8c-a91e-bf5dc86c1d71,ChIJHRhUZowjDTkR6J5dsol9s_Q,view,2026-04-02T10:29:46.004612
a60659e7-5169-47eb-94f5-e5b05352a068,4b1efde4-1976-41de-8e08-9be773c8c067,ChIJt5NINK-rDTkR6hsYRxJory0,view,2026-04-02T13:29:46.004612
3eb17b1a-aaa5-4cac-9e1c-16344fb8d631,e55d9a53-a0b3-45df-80fc-ae4b5f97b829,ChIJBbgsxsYEDTkRc2dRoyxQ5Cw,view,2026-04-02T14:29:46.004612
3545f24d-e0a6-4187-a26f-8b87a328ec69,a37a4025-611e-4834-b206-02f588ad555c,ChIJZ8qlyNIODTkRGzLMscwXcVg,click,2026-04-02T14:29:46.004612
6f082907-39e9-467c-8b88-e42167452dcc,fadb7e18-8707-44c6-a92c-258234df3d06,ChIJRU-t04EYDTkRvvJW6Wqkwes,view,2026-04-02T14:29:46.004612
a4bbe555-3f24-40c4-a820-a0f8f099a48f,7b28e71d-661d-45bc-b8bb-a1194522b88b,ChIJBevGfo4ZDTkRVZgGThgWOhM,booking,2026-04-02T15:29:46.004612
76a3fe12-eb80-4859-a2d6-22a4efc2f6ad,d853ef17-5a32-48d7-b5ef-b40a9b628554,ChIJPeq9RFDnDDkR3ThA8S-1P4Y,view,2026-04-02T16:29:46.004612
fb244c5f-23bf-429b-86ea-cd57a0cbc62c,51fa3079-2cef-4318-b8ef-a637eea98162,ChIJw1-SozIZDTkRl1rQPEknUFw,click,2026-04-02T17:29:46.004612
4b83ab8c-de70-4656-a77e-3cc11f667625,18926347-9c00-4610-ba3b-b4f0628dfc4b,ChIJR3-TfVQZDTkRhVHU7cnbjZw,view,2026-04-02T17:29:46.004612
b237c003-3218-44a4-85b2-92c07296d218,3c9d6a37-dfc1-4aa0-a1c0-ce6a5f7eeb6f,ChIJVzbidAD_DDkRv-MDCrl-Ka0,view,2026-04-02T17:29:46.004612
c95de7dc-fe3d-4fb7-841f-4462a132f46b,edc86b94-a97d-41c0-ba0e-891091c3f233,ChIJG7ishgb9DDkRnIrNWT8PfPM,view,2026-04-02T19:29:46.004612
5a1e2d1f-644f-4b65-8484-11ff8830895d,91a4e9b7-5744-4abb-98ee-9bd1984e6771,ChIJj1OudT0CDTkRtj84wg-cCE8,view,2026-04-02T19:29:46.004612
ec4e2490-e843-471f-852c-16792b124a85,1985a14e-3658-436a-9fa0-f2e01a645c6f,ChIJIX4qK5gCDTkRbm67bcxGI7I,click,2026-04-02T19:29:46.004612
ccb6b9c6-8cd3-4762-b92a-b543de6f9568,1168582a-a016-437c-a4ff-15850825f071,ChIJtzflUNEhDTkRCosTp3T0fO8,click,2026-04-02T19:29:46.004612
c0628a14-33db-41c3-8d26-77005c72ff17,6ff6f214-34c6-4b5d-be45-6bad358924b7,ChIJcU_DX6j_DDkRgq0yuWNNbMg,view,2026-04-02T20:29:46.004612
36cbefa9-2f09-4785-8ba7-609c37c0e8b1,b44fa2f8-0fca-4063-adad-2925b086ffd4,ChIJN7SyOloZDTkRk7RKye2AtZI,view,2026-04-02T20:29:46.004612
e2ef5178-9944-4f08-bf6f-ec694861f6ed,6ff6f214-34c6-4b5d-be45-6bad358924b7,ChIJEZjKmqMJDTkR_YzJs9owIhI,click,2026-04-02T20:29:46.004612
b64258e4-3eed-4ccb-836f-6956f9031dee,7352c669-5481-460d-b466-9c9d080ca607,ChIJHaWKGvAdDTkR1l7uIkF9HwE,click,2026-04-02T20:29:46.004612
94bebcce-e1b8-4fab-8853-fe73d9105836,6c2832ef-52b7-4ee9-85e0-7f010f2ca247,ChIJ5wVw0d0ZDTkRKhByqx1b0lQ,booking,2026-04-02T21:29:46.004612
cfffffa9-0461-415a-9f57-cc2a72386f36,694404ea-c783-4605-9f69-b3cb51e90bba,ChIJO4HVEPUBDTkRn0LyWHtKEs8,view,2026-04-02T21:29:46.004612
6ba8a2e1-5fa5-4dec-a146-107e54154da6,ce684b65-1011-48f4-b0fc-af68c31c585a,ChIJi154BwIFDTkREjsPJCSV5O4,view,2026-04-02T22:29:46.004612
571c9a92-e8ed-4e77-bbe7-c49beaa35928,2897d22c-1b7f-4641-b976-942bcd0098fc,ChIJr3w57d8ZDTkReaF1ZGBlgvM,view,2026-04-02T22:29:46.004612
7bcb4b0a-5e01-49a1-8733-b6461744abff,7c71e93f-0a3e-4d1d-817b-1c0c1870c296,ChIJ_xQYuMUGDTkRBSlXLNO45WY,view,2026-04-03T00:29:46.004612
6b21383b-db02-4623-bccb-d6ea0926b36d,bf66700f-a785-4863-8675-5231896b5901,ChIJ2QB-FpgEDTkRjMmKF58N8H0,view,2026-04-03T01:29:46.004612
e84693ac-c089-4315-bf5d-2e47834f1a51,5bcca5b0-f7a2-4403-82e9-54ba1d9b87fa,ChIJYbdlwT3fDDkRR4j0lgH9GwQ,click,2026-04-03T04:29:46.004612
2728a93c-2778-4540-9a7d-78d24acb5d41,d16cdef1-96c2-4f1f-8bcd-9b46274759c5,ChIJzyKBJd7lDDkRCBDbrwbxyt0,booking,2026-04-03T04:29:46.004612
eded55ad-7cd3-4907-931c-1f0ffab475ac,016c47da-f16b-4395-998c-e8891c818397,ChIJUXcJCEEcDTkRoT8BaaFhuUI,view,2026-04-03T04:29:46.004612
e3dbe7a7-dec6-4157-82c6-f24492c5f97a,459130c7-4617-4eec-b6b7-413a5293b66e,ChIJz6uJIQfjDDkR3gifjDKqsIQ,rating,2026-04-03T05:29:46.004612
b6ceebb4-6450-4563-b38f-d57c4d3e7ed1,ece06da3-fbf2-4e16-8615-5a2990099b20,ChIJ52FmthX9DDkRuV3TTavgdAA,view,2026-04-03T05:29:46.004612
076a173f-96a1-4568-919f-705a08318217,a63ce3a9-8eb7-4028-979b-e79d5f10eae1,ChIJoXCAC4UCDTkR74kNa9O7gqI,view,2026-04-03T06:29:46.004612
fd190b57-df91-4b01-bfb9-ea3703364338,c7dc289e-eb3a-4c76-98f7-d8b14c5a4d4b,ChIJG7ishgb9DDkRnIrNWT8PfPM,click,2026-04-03T07:29:46.004612
43026d3e-9c60-4954-a1bc-044cf6b4ddea,d6601a21-1afe-4426-bcac-c14472456e67,ChIJKRCAWocZDTkRba7C87Hijs8,click,2026-04-03T08:29:46.004612
abdd9d09-3e20-462b-824a-99d739ac8e31,14237f3f-320c-4edb-85ce-4f3d28234a74,ChIJ76KgAiEiDTkRw62nMJ-4n7k,booking,2026-04-03T09:29:46.004612
9a41a1f1-11e8-418b-9e27-96022a6f3146,90a78129-53ea-4e27-90f6-4c185ab2663a,ChIJSyEeQxUcDTkRtP518kGmaNs,click,2026-04-03T10:29:46.004612
d28579f5-355f-4d25-9ead-5f44b734725b,2df7c9fa-e1b5-4986-8644-a1c7220f45dd,ChIJteDOQaoDDTkR671xxVVa6Dc,view,2026-04-03T10:29:46.004612
0812a48a-9d5e-4591-9d82-3c833af50182,d80e9afb-ddc2-46b9-8b07-1483fcd71a37,ChIJQXZOlAj9DDkRGt_aiGqrOHk,booking,2026-04-03T11:29:46.004612
cbb5386c-55d7-4431-9dc9-38a6f7efb532,6937561c-f57e-43d6-94dd-239d2a10af5f,ChIJ9WJgCpwiDTkR9v_-VgD8zc4,click,2026-04-03T11:29:46.004612
24c6b5f3-1204-47d6-bb36-2d2fab868af6,ec9d8689-eafc-4031-b2bb-9c7ab11601ae,ChIJ8XJNQSHnDDkR60BZUyvH0_8,view,2026-04-03T12:29:46.004612
cbaff3f5-f38b-4b71-a20d-16840980dd42,046edcd1-73a5-4ef0-8c68-545439e7f43a,ChIJUQXBdgXdDDkRanjpvTLK7f0,click,2026-04-03T12:29:46.004612
541c4360-1152-4d2d-92c9-ec07f3a5b142,4fc25487-3a6c-4534-a98a-c87948cb8300,ChIJq6qqqg3cDDkRcNh5dl8gb9c,view,2026-04-03T13:29:46.004612
cc938fce-9b1e-41f4-a0a0-5385dda3edf8,1286e900-2bda-4dc7-a8b2-b147e132c1b1,ChIJuwnUayoBDTkR7f2EijQM9g8,booking,2026-04-03T13:29:46.004612
8d644e0f-70b5-4b27-aa92-68f0074a30ee,7f29a7e8-29b8-4038-bc46-8a33d2e3a8c9,ChIJCbfAqZ4CDTkRb3axkMEgrnw,view,2026-04-03T13:29:46.004612
651390ba-bd35-418b-92d0-0f5522f913d7,2fea94f5-b851-4055-87f9-efbe34d5c731,ChIJMTVTdAAHDTkRL4vgks9_bAQ,rating,2026-04-03T14:29:46.004612
8f399e8f-de22-4845-ba7b-bfdecbabc2cb,df95df7b-505f-484d-a77d-0f4a6cff7299,ChIJEefgc975DDkRMtvbFpfSpBo,click,2026-04-03T15:29:46.004612
7a5d33a4-f9d0-4efc-80a7-12f7a02d4580,b60e1ae9-9bbe-4fe3-b307-8ee22b9be2e8,ChIJv7HZjfwHDTkRsAY2J5m3BfQ,view,2026-04-03T16:29:46.004612
200522ab-3a6f-42de-9e24-8b15f612ff11,5506193e-74cd-4613-8e95-0431a350fea1,ChIJ2-xcczADDTkR_bBvOkfwe2M,view,2026-04-03T16:29:46.004612
9b0a9e97-6425-4125-bf04-908320684253,5bcca5b0-f7a2-4403-82e9-54ba1d9b87fa,ChIJPQR11mkEDTkRFscLu0VKDTE,view,2026-04-03T17:29:46.004612
9c9076cf-5cdd-46cc-be84-160cceb28689,380668ac-3826-4240-8bc5-84eac5c2d421,ChIJf_1WQ0H9DDkRRBGIPpYPrC4,view,2026-04-03T17:29:46.004612
4a037fa1-19eb-4cb3-a4f1-7736a45d05ad,42536817-5943-4069-999f-811aabc65160,ChIJCyc2Pa_mDDkRFDjbRorrdGg,click,2026-04-03T19:29:46.004612
d1580a7c-ea85-4d5a-bfb1-da90677a5ae6,6d77fd2f-12f8-44f7-9f3d-0955d9330f54,ChIJm6x4_EL9DDkR-nogAnARs0Y,view,2026-04-03T23:29:46.004612
5621e296-f7f2-4919-aaff-a3b5457d92ef,3606ec4c-922f-4545-8386-4952f9e7fd86,ChIJz2Og6PoBDTkRAgZCmM4Axi0,click,2026-04-04T00:29:46.004612
4dcedf61-16af-4fba-a72c-aed4b8eb770b,8f9e1132-4420-4b95-8a79-3d6493bc06de,ChIJLe0O0J0CDTkRqLWCYm9HSsE,view,2026-04-04T00:29:46.004612
2ce6795e-0402-40bc-be60-ecf45892d714,975eb39c-d011-4576-8de1-db559ddf4e91,ChIJZfR22t4DDTkRGeZis44ky1o,view,2026-04-04T00:29:46.004612
c85c6e31-d8bf-4c5c-bb9a-6236c276df9b,10e75ef2-4399-4391-a2b7-17ac26c011aa,ChIJ-d8FwZ4ZDTkRRzTD7epgUdw,booking,2026-04-04T02:29:46.004612
c1c7aba5-544f-4cca-bb88-a24511ccf124,6ee09409-0b4e-41b7-8daf-93dfa6d3922b,ChIJpReYhpb7DDkRSU_AvVk7Vwk,view,2026-04-04T05:29:46.004612
18a5cbce-dbfc-4914-af97-3422de3ca0b1,10287ce6-65b9-4142-8b2a-cf7790da529f,ChIJKxVFie8CDTkRIgB2qqYMcOs,view,2026-04-04T07:29:46.004612
152fb969-627f-446d-8fb5-77188999ec61,aac09aeb-fa74-4654-b63e-ad5dd38d7863,ChIJ34bw-9AbDTkRX4duKPn_Nqg,view,2026-04-04T08:29:46.004612
cae5bdbd-a653-47ac-a9a1-673a088e1dfe,343d5e3b-254c-4a76-8135-239d2bcf5816,ChIJB-shS9_jDDkRQQSbddJ0GOU,click,2026-04-04T08:29:46.004612
11b14f97-95b5-4693-87f7-0de1c114db9a,18926347-9c00-4610-ba3b-b4f0628dfc4b,ChIJLfQAWagDDTkRGM0hGwSrAyw,view,2026-04-04T09:29:46.004612
9912a099-7e9e-4e28-b067-178bff03cda4,aa89df07-439a-45b6-b957-89603535eb64,ChIJp6MyJTcZDTkRGFrLyjljPJk,view,2026-04-04T09:29:46.004612
bb8e484d-1343-47c1-bd83-05d5df95939f,b44fa2f8-0fca-4063-adad-2925b086ffd4,ChIJx_sVdgXlDDkR6EBNphWNsXc,click,2026-04-04T09:29:46.004612
41c177c2-9542-4d68-af73-2a0af38980e9,20065164-876c-4db0-b1e2-47612559208a,ChIJ6-1znNsFDTkRm7yVEo8cwTc,view,2026-04-04T10:29:46.004612
4f0b449f-7829-4b88-b69c-6698edb357f4,242eaaec-3cbd-4c88-ad5b-70f7c5eb03a4,ChIJfbu6VMgaDTkREnaExmD70RM,view,2026-04-04T12:29:46.004612
6ee296cc-6f10-467b-aac6-ba1f07341914,48a54767-0408-4189-9a47-6a810b2227e1,ChIJv9Wh8n8BDTkRiFIlyqavyjg,view,2026-04-04T12:29:46.004612
289195c8-276e-4d99-b001-cd61b79cf694,752ae880-5193-4949-8c44-7268f53705a2,ChIJc71sG0EcDTkRy3QIJsXVu6I,click,2026-04-04T12:29:46.004612
aee03c22-73d6-416e-963f-5beae3d84415,d89e1f00-8ca2-4838-8356-679ff50a23c9,ChIJk2gHn-nhDDkRuZScc5-PY8A,view,2026-04-04T12:29:46.004612
27aa902b-3389-4765-bbba-c19a322ca0a9,51fa3079-2cef-4318-b8ef-a637eea98162,ChIJAQAAAKHThDkROOHqJK8SqEQ,view,2026-04-04T13:29:46.004612
40c034b4-3813-4217-9e15-395e35087fe4,1f79ba5b-356e-4127-b6f3-d87edbe2c4d4,ChIJHaWKGvAdDTkR1l7uIkF9HwE,booking,2026-04-04T15:29:46.004612
7ec8a204-4cde-4d3c-a56d-7d6633b3bf3d,582bf9c7-76f1-4115-9e3a-1e8c16dc802d,ChIJuXhKZJPjDDkRWaj_AQQKWGk,rating,2026-04-04T16:29:46.004612
c3ce3f2f-f520-42a6-a0f1-42a7b463d5b8,a4246560-5054-4535-88c2-99e9381235ce,ChIJ09kc2dgZDTkRR7K_tp-Fgco,view,2026-04-04T17:29:46.004612
8de9cb7e-b136-42d4-9168-232c83884b8c,217befaa-a458-450a-8c24-12aadb4c1f66,ChIJQ5QKh-cBDTkRdH8g2foHdjc,click,2026-04-04T18:29:46.004612
0f729228-263c-438a-9cef-33cd630b9d7b,3741b114-83ef-4fdb-ad4c-b47eed63e977,ChIJ0ceq0e3nDDkRvQoyn2KosgA,view,2026-04-04T19:29:46.004612
70304fcc-ec4c-44bd-876f-900e3270b484,cb4ba209-214b-4c3e-9d38-d6e297a60fc4,ChIJA4pw_H4ZDTkRyr1y9v30CQ4,click,2026-04-04T20:29:46.004612
2c723411-3740-4912-ba33-e6244532fb5e,9d8fa24e-9ba2-4485-a6e5-5df3ee87e764,ChIJ22pMGCUbDTkRB0hRdA_VG8k,booking,2026-04-04T21:29:46.004612
2dd6aebf-cb10-40f9-aadf-3fc44322080b,0360d884-fc9d-4a9f-bcde-f7563113a77e,ChIJ_RzqqisFDTkRYxg7FcLYFkg,view,2026-04-04T22:29:46.004612
eb912108-70d4-4e58-b4c8-65cb003b5de9,1af78088-0b1c-47f9-b1dc-923c9353f8b4,ChIJm0ebk2OpDTkR1k5tqktw8bg,view,2026-04-04T23:29:46.004612
420e29de-495d-4cd6-91dc-aae9920b03c4,ec9d8689-eafc-4031-b2bb-9c7ab11601ae,ChIJFzlAtHoEDTkRWL-rjvV_XKE,view,2026-04-04T23:29:46.004612
1fad8d09-2784-4818-a84a-f29067111d14,4f6f8371-18c0-4a14-b176-7e3454ff3110,ChIJH9Crl7sVDTkRASEZWnCtzjw,view,2026-04-05T01:29:46.004612
4769330a-3469-4fc7-a82e-776e25f35f3c,bb27f4a3-acf5-4fbe-b9e7-ac5430056281,ChIJuWJbafgdDTkRgrD6U1ZCKtc,view,2026-04-05T02:29:46.004612
1bc694b4-4b59-4498-a6f8-1e46e737b755,7f31a28a-8a8b-46cc-95f1-2f15e5a87f6c,ChIJ3RlMdckBDTkR0pjpqymKelw,view,2026-04-05T03:29:46.004612
cefec6f5-bfee-486e-abe8-60eb33a0bc9b,fadb7e18-8707-44c6-a92c-258234df3d06,ChIJE9OYdkHlDDkR8960E_5cjco,view,2026-04-05T04:29:46.004612
aca689db-a5e8-4aa9-8c94-c9673266db36,11e5be4e-236a-4c37-86c4-a82ff94ee7e5,ChIJey3atz_cDDkRzaFat-06_cg,view,2026-04-05T06:29:46.004612
2cfce3fb-8991-4985-8f1b-67c24916c7e6,b02a8ef4-0dc1-4e3e-b34b-71430b2f044f,ChIJIxJHPnEBDTkRdg5tnZH7IOY,view,2026-04-05T08:29:46.004612
e23dfd21-302e-46f3-a752-a0cc957fc420,694404ea-c783-4605-9f69-b3cb51e90bba,ChIJe1-rNqjjDDkR8ByQ3dve4Pc,view,2026-04-05T08:29:46.004612
2a3bb6a5-1db9-4c42-972d-86118aafadf0,86d28bc0-8971-4188-824b-f6a721bf58a4,ChIJ4bbuL5sZDTkRKr-J97a4G0s,view,2026-04-05T10:29:46.004612
64d49da4-fd32-44a2-a089-a30e184b1328,05f1d6d4-2877-47cb-9725-75bbc4956be0,ChIJ5ztBr_kZDTkR4LzBbqbWcSk,view,2026-04-05T10:29:46.004612
641ed8be-81bb-42ca-af35-fdf0614d0138,40e0e959-e6b4-48b9-a8e2-f18df0cf67a6,ChIJed3qvkHhDDkRZz9hwNvIc1k,view,2026-04-05T10:29:46.004612
c79c3edc-9933-4b0b-b9d6-ed27ded82097,15bc78d3-1d91-47eb-9b28-2cb4422ed832,ChIJ_TgOBC77DDkRn-cT52fWX4g,view,2026-04-05T10:29:46.004612
c88dc6cc-a09b-4151-ac38-1df05d3b3765,10e75ef2-4399-4391-a2b7-17ac26c011aa,ChIJb0ZxgdSpDTkRliL_cFrDh4Q,view,2026-04-05T11:29:46.004612
d260997b-79c9-4bea-aedc-f7d5a53faec3,799aa2d6-3c57-455e-b252-e547096f6c65,ChIJkTyoKUkVDTkR8L5-ZWny4t8,booking,2026-04-05T11:29:46.004612
81ebd8fa-2d3a-4185-b233-8087fa630b4e,68c1db27-af96-4b10-8e19-55873cb43635,ChIJC4a0GTAdDTkR08VLCKrqsfs,booking,2026-04-05T12:29:46.004612
3476d750-cc49-4640-93d7-fd72b4bf9922,3f88c491-58fd-44a2-abf9-df85d43a1465,ChIJZazyR6vdDDkReF4YzZwjGLw,booking,2026-04-05T13:29:46.004612
a9f14ee7-6b60-43f6-9c6b-adec5c89e4b6,20329a95-39f9-46bc-9d3e-dccaacb1574b,ChIJayqg-TUbDTkRcFyaA0O5Wog,view,2026-04-05T14:29:46.004612
bc37f1a9-ca84-40c5-90a5-8bfb6a5b5fcf,c93d87fb-8e69-48fd-b7fe-3ada0e1ca17c,ChIJqzx_of0hDTkR-rg9kq8jjq0,view,2026-04-05T17:29:46.004612
a2a2fc72-9103-43f1-8172-6bbaca9bea47,b90825c7-9af5-430a-bb5b-94f97f9edac2,ChIJDQno1z4ZDTkRCYA0YtLlZos,click,2026-04-05T17:29:46.004612
25f6b1c2-6395-4c2d-a7ca-6ba4277366d0,7779069e-c5ed-4221-b334-a4a5bccb349a,ChIJw2f9Y3YDDTkR7XalAEXGCGI,view,2026-04-05T17:29:46.004612
cedf6967-11d5-4a48-b762-7b3ff765aecf,3f88c491-58fd-44a2-abf9-df85d43a1465,ChIJ93r8-wbjDDkRlf30qg5Q_pM,view,2026-04-05T21:29:46.004612
7d023706-f01c-43ff-a124-01d3d3bfbd3d,b93f1c5f-045a-466a-a21b-d2905677cd14,ChIJp77fqcAdDTkRI_xm4ZpmmOU,click,2026-04-05T21:29:46.004612
84adad95-c5db-4649-ac26-38a5892d208f,664dac6b-5441-4ea5-b690-49182d74ead3,ChIJuzFfhHP9DDkRoWxD6RIlgzY,view,2026-04-05T21:29:46.004612
b2d2bbfd-391b-442b-9890-9faa80cef4f5,aeb166fd-c454-43a4-be17-eefd82ad126a,ChIJ02Bkw2gYDTkRTp9KZwPMeG8,view,2026-04-05T21:29:46.004612
b5a00aec-d4ab-4646-abbd-9924146c77e3,5377df52-fd02-42d9-9083-2254689f6f7a,ChIJ69cVdAD9DDkRKbdKKZC9RCA,click,2026-04-06T00:29:46.004612
978365ab-24ec-42f8-8011-29411b61ae71,2fa7bd5e-bc33-4237-aaab-2e9ccd14f633,ChIJ9yKcCbQXDTkRW3uWCbf-uLQ,view,2026-04-06T00:29:46.004612
414aa8a4-102f-4ecd-a728-2541c4474400,3b030995-f450-4070-abce-89f1ee8fd2ec,ChIJL2zf1n8ZDTkRrIjmGANW7ks,click,2026-04-06T01:29:46.004612
b0c7c43f-f11b-4787-ac6c-86be6801e14a,d801e23d-c229-4ebc-8261-5eeff8a3e839,ChIJ4ZO2ChQZDTkRpunIryEaAR8,view,2026-04-06T02:29:46.004612
13b6165c-9596-4666-b7b6-cfc0d775892e,9b8b2cdf-b647-436c-bfa1-08291768ca1c,ChIJUXEBCwAbDTkReAT2lErQcEA,view,2026-04-06T02:29:46.004612
50e43386-f6b0-445a-8ed3-6e1da82f2208,7b28e71d-661d-45bc-b8bb-a1194522b88b,ChIJey3atz_cDDkRzaFat-06_cg,view,2026-04-06T02:29:46.004612
355eab49-fdc8-4103-baeb-db3487541746,2e1aac52-247d-4fc8-a7ad-1af63ee89bca,ChIJAQDARl7iDDkRPMvE7jjAm4s,click,2026-04-06T03:29:46.004612
eca7ca2e-d71d-4117-b118-54dd6a6ed9ea,e36a7a29-e37f-4ebb-869f-fd6d38fb9c4c,ChIJWdsZcpYDDTkRbJ9VIM03aUs,view,2026-04-06T03:29:46.004612
3c1d0a86-beef-4bed-aa57-427d38c78713,9d0d6a27-7f27-4d93-8c47-818ba00fe46f,ChIJJZbTaLPiDDkR0iCsQ0HteV4,view,2026-04-06T04:29:46.004612
41a5e13d-26ce-480a-8f61-d007dc9caef5,c7a8d4a0-9ace-40ab-884a-865494523cec,ChIJ____Qq3jDDkRUN3S8QF_1Ec,view,2026-04-06T04:29:46.004612
e52063c7-06a9-4866-91d5-2d41dd7e8db7,839088d5-7b33-40bf-8bf6-49d5f44731c4,ChIJG2fuQYn7DDkRdUMU68JY8hM,click,2026-04-06T07:29:46.004612
b2aaf936-e6ca-44ce-a0ae-2a1b7a71b215,f83a9ebe-79bf-4a5e-a810-f0efdebbe210,ChIJCVKJb40hDTkRperhcYArmyI,view,2026-04-06T07:29:46.004612
d4fea6cd-1d26-49cc-9299-c65f56b13e8c,6dcfb609-2ce5-4bdb-87fc-08118fcee7e6,ChIJqaVBZgAJDTkRUZgxzV0qqI0,view,2026-04-06T08:29:46.004612
8e3de222-a0e4-4ac2-9b41-8cb5a29fd634,a5d390af-a9b0-40bb-84fe-6a3a45236261,ChIJUa9kJyUZDTkRCLz0DgmLSlY,booking,2026-04-06T09:29:46.004612
940266dc-98d4-43fd-a23b-df90f1b61bfe,aac09aeb-fa74-4654-b63e-ad5dd38d7863,ChIJ73h-x7AfDTkRYODY5sS8TO8,click,2026-04-06T09:29:46.004612
3c5b6cdb-4b72-4204-a146-1d9fd7e3f449,5565485b-f264-4b14-acdc-ff5089e43975,ChIJ7UcKMUjhDDkRL-mPFW5-q7g,view,2026-04-06T09:29:46.004612
1576e2f3-e7e6-42ce-89cf-e9d1df05e8c7,71a97c06-0f2a-4bda-a53b-8c3a1583e76a,ChIJNVRyWcgaDTkRj3BVa6ccnAo,view,2026-04-06T10:29:46.004612
8a45ca28-fe30-4600-83bb-9ad14f7b1e08,1f570286-7792-442b-8f71-00fb25c68d25,ChIJzaSD0YLjDDkRNdQPGay3_OE,click,2026-04-06T10:29:46.004612
b6232ec2-99e8-4d1a-9ec9-04481fae0129,1d50262e-384c-48c6-b5ad-e6828a492d4e,ChIJ832IbC79DDkRxvUL3edYTw4,view,2026-04-06T11:29:46.004612
f7f2a106-c52e-4e2f-8576-ef51e9a5f796,dbca0a66-9608-436f-8ea5-710f955c0a74,ChIJIaV9XGr_DDkR-mZh2s1Gu3g,view,2026-04-06T12:29:46.004612
7ca850d1-1940-42a3-81b7-a1f024389f30,217befaa-a458-450a-8c24-12aadb4c1f66,ChIJf7d4Yt36DDkRGKQZ09p4zI0,click,2026-04-06T14:29:46.004612
d27ebf38-03ef-4083-9029-47d0513ca490,d5e48dc1-31fc-42fa-9872-a3ff735624f8,ChIJVZv6HQD7DDkRuvanyn__P7A,booking,2026-04-06T16:29:46.004612
2c0f1abf-7b6b-48ca-a2ba-89d263bcab10,438c3530-9fcd-424b-9ceb-e56415adb4b8,ChIJ6UDMWr4DDTkR-s5z0b2N_Z8,view,2026-04-06T16:29:46.004612
08a45f29-ffb4-491b-bf2a-b88f58699b38,309f441d-29e0-4ce7-beae-bf3754530e3a,ChIJCzkoDqcEDTkR80MrklwRG6U,booking,2026-04-06T17:29:46.004612
b601848e-11a4-4afe-ad34-e2919e96f154,1af78088-0b1c-47f9-b1dc-923c9353f8b4,ChIJH9Crl7sVDTkRASEZWnCtzjw,view,2026-04-06T17:29:46.004612
e0d4ad20-e4e3-49d4-a3a0-8a5f1441bfce,0da216f8-05a2-465e-9b7f-9d4924cd4baf,ChIJ7eql54AFDTkRqeVDzk7JbSo,click,2026-04-06T19:29:46.004612
be67dd4e-ff44-4513-b423-3591e8dfc329,d0ff5ea0-21b1-4d08-96e0-2be464aec051,ChIJwzxOpWkcDTkRIODm_a6JlXA,view,2026-04-06T20:29:46.004612
a8593d43-2d44-4a4d-8d90-8ce191baf9b8,45166870-9387-4484-b22d-da6ca7e8e9e2,ChIJSbK5LDjcDDkRNyRcRHo4DI0,view,2026-04-06T20:29:46.004612
c83456f8-9cd5-4c64-8051-d7d646069c54,aab10c81-0332-41a7-9c80-c13a075e121f,ChIJ8SaLJQcbDTkRDummRi-bBts,view,2026-04-06T20:29:46.004612
12aff99f-25f7-4e23-9a78-fd4e7d6794b9,c4fdb3d6-600d-4485-9c08-ff6f8ea29afd,ChIJteDOQaoDDTkR671xxVVa6Dc,view,2026-04-06T21:29:46.004612
97cf00c8-c19a-4453-8eef-a41796ffd097,33198914-5fc8-470a-a24c-44b194d79d75,ChIJx62cgXHiDDkRpfnRkuY4q2I,booking,2026-04-06T21:29:46.004612
3351d923-3b3b-4e00-8fd0-af7e8e133c54,6b407a40-9886-47bb-8ead-3205c79118ae,ChIJWxJ1vDscDTkRtxnxwLjdnK4,view,2026-04-06T21:29:46.004612
46217f71-39fa-4ac6-ab06-eaee08be26d1,1241c6f3-c91f-42df-96f8-3f4947ba237e,ChIJq7-D7G77DDkR93Czw_SxpJ4,view,2026-04-06T22:29:46.004612
82d645ec-487f-4420-8654-a1d55bc5b525,10f543c8-1c12-44c4-bd7a-379c57cf1952,ChIJYfoVs1v9DDkRM9L-6Z-zHdg,click,2026-04-06T22:29:46.004612
72f5643f-3414-40a6-9836-f0090c1fe71d,21819714-4b8b-44be-b538-6a6d5ffa4a75,ChIJd0vHMCweDTkRayozzfX4sGc,rating,2026-04-06T22:29:46.004612
2a511bea-b028-4b11-8054-d1579fe3b880,f2b832c6-31cb-4296-93c7-38b91309e699,ChIJUdsPbuIdDTkRqpgi2i7xKkI,view,2026-04-07T00:29:46.004612
5103f8aa-eb56-4bd8-9162-88f87472479e,7982c846-d69e-4f9f-8142-bed1f5e309f0,ChIJW1fDLSUbDTkRityti1y0TWk,booking,2026-04-07T01:29:46.004612
3b529335-0b20-410c-b585-0b009dab4dce,82d92a45-0d99-43de-8933-341bad36565c,ChIJxzEBJLMZDTkR3JmM3HkM_qQ,click,2026-04-07T01:29:46.004612
2f5298aa-db6e-4227-9b27-e5c4ea2d6af4,1cc1f619-e172-43eb-95a9-250a047d53e3,ChIJKYv_S8jjDDkRIbrMlfnrKF8,click,2026-04-07T01:29:46.004612
f5f0d87b-c2ce-4055-8777-7ab9f25c1786,b90825c7-9af5-430a-bb5b-94f97f9edac2,ChIJSfJXLaADDTkR3n9-HoFizwU,view,2026-04-07T02:29:46.004612
7a05ec76-00a9-4747-8210-65a90a8baca2,12e57e00-9995-464b-98d6-47b66b2e11dc,ChIJDYSnz5QBDTkRX_zVDWiJhWI,booking,2026-04-07T02:29:46.004612
377c62be-3c8e-46d8-af75-545445ac26e4,4d738cf6-50d3-40f8-b83a-922abbe0ec30,ChIJ7fuzuzgBDTkRPKEENDxBLpw,rating,2026-04-07T03:29:46.004612
20b287d8-32b6-47f6-b452-a816a8f1292d,b7568585-cef1-401a-bfc8-42122cfb985d,ChIJJ_d6dAr7DDkRuT7Y-9pNcMA,click,2026-04-07T04:29:46.004612
d55c8ae5-4208-4d96-880d-6a6b908e72a0,1a966a46-37e5-4402-8172-7fe4c1d1a78c,ChIJ3xHFu-8BDTkRniKPVpPnnZA,booking,2026-04-07T04:29:46.004612
29b4ee59-4e3b-4739-9a7b-6552bfd54667,8e935e7a-0260-49cb-aa1e-48267d2f9a18,ChIJc-0fwtYBDTkRsO8KJ3y5_gM,booking,2026-04-07T05:29:46.004612
fd3d90d0-f86b-4310-8fb3-79730fb9ca98,6e8e4d3a-1efd-4e21-a015-272eb9d742a5,ChIJF89697MFDTkRfrH0O-4wLtg,view,2026-04-07T06:29:46.004612
946641e0-b063-4d88-ae62-d844c0187e8c,bed789cf-6df4-4973-b9d8-7134b6c526fb,ChIJRU_hfK0ZDTkRmuwgwPQ_cDM,rating,2026-04-07T07:29:46.004612
7fed13d6-2dd6-43dd-82ac-e57acad2c12a,f90c6e05-6022-434d-87ad-87731a11c6e9,ChIJ6XGgrjLnDDkRe1YaEUjd_r8,view,2026-04-07T07:29:46.004612
1a7b3a40-0f6f-469e-85a1-d061547a5785,82703928-e288-4c52-85cb-7d60ddd1bf9a,ChIJuWJbafgdDTkRgrD6U1ZCKtc,click,2026-04-07T08:29:46.004612
2555d053-ef65-442e-a629-e00d9ab43e52,c903641a-a29f-414d-b2d7-b1523031f0c3,ChIJh58T-3wHDTkRAf1MFbIVc2Y,click,2026-04-07T09:29:46.004612
df07e95f-c245-4b3f-a853-ebf8729d8112,25b120ae-05d7-4db4-97be-65de8c6ce579,ChIJYbCLDMP7DDkR1-R0n48fg2I,click,2026-04-07T09:29:46.004612
e1c7b922-c6a8-41c6-ab5c-9f57323e0c63,465b38fd-b023-42c8-ac74-4f3a04c11aef,ChIJ-c-55sofDTkRvmWM-SVTms4,booking,2026-04-07T09:29:46.004612
5e981282-aa61-4f8e-93d1-78abefe5c19c,d75e85d1-0d9b-4036-b0ca-d4b0e37153f8,ChIJQ_bOxt8BDTkRAmvBpYtyb_U,click,2026-04-07T09:29:46.004612
6646585d-a262-41f7-9129-1646f21d66c7,49bdfd2e-4f97-41c8-8abd-86cd53b48388,ChIJBS-HCGL9DDkRnvfrMTf9pDM,view,2026-04-07T10:29:46.004612
b3e84800-c246-4089-8590-d4e1cf8d0148,1f7fe618-fbc5-4a4b-b214-1840b1852906,ChIJqdWdI88jDTkRl5jezmWbhyo,view,2026-04-07T10:29:46.004612
7491e516-203d-48c2-b8b7-86d3335603d5,b84c7985-fd4f-4250-81db-dc6b114a69d0,ChIJI5Qg-hYeDTkRJPOLBw0uKeQ,view,2026-04-07T11:29:46.004612
357d5642-f938-456d-9d1e-8d8e4a19dc1f,cce8c56a-e309-4b1b-a10f-aa98d1c1a2e6,ChIJh_fvpJ0fDTkRUtRf7hTB600,rating,2026-04-07T12:29:46.004612
f48998e2-4b32-47ac-a694-263e6e12d66b,f4cda6fe-eeda-424e-9053-2afe299ddd5b,ChIJMWavIwCpDTkRz9RcEhXzSA4,view,2026-04-07T12:29:46.004612
4e204b22-b5a9-44bb-a432-3c44d4a9162d,2fae13cb-f7a9-4b09-923d-f2e6f812a3cc,ChIJmdW7GNgBDTkRKwUFKpM13zc,click,2026-04-07T13:29:46.004612
a502eb2c-ef90-4135-aa0d-14998bcb6922,7346238f-82e5-4c3b-8dcb-2ad548a8073c,ChIJa9fUXWDjDDkREFvr2Csh_lQ,view,2026-04-07T15:29:46.004612
df7e165d-6474-426f-879b-3199611b190b,8d275bb4-94e5-44d4-a506-7ef33dd1aad6,ChIJX_nDWw4bDTkRyBuwCgrqmNQ,click,2026-04-07T16:29:46.004612
66a8d9c8-9457-4673-b4c6-4c14034ec0b4,501d7b93-7873-4a3e-a801-8c1c2b684e85,ChIJ2TtPSgAZDTkR0nVA4pUDCkw,view,2026-04-07T17:29:46.004612
f9918ce0-a6fb-4f98-96bd-de3017c893a6,7779069e-c5ed-4221-b334-a4a5bccb349a,ChIJ5WV5tSj7DDkR5C7fCFDWTps,view,2026-04-07T18:29:46.004612
7f4f63a4-7e1f-499b-82b1-189b1a900a9a,05016619-489b-40dc-a763-8503a48a47ef,ChIJgYEW9tHjDDkRY7NOQXZZSTU,rating,2026-04-07T20:29:46.004612
bb9316db-ad58-4b7a-8474-f8b567de5fa6,fd0a9c7d-c212-4dd1-94af-29cd1630015c,ChIJjWa5JFAPDTkRDAWNgAmRllc,click,2026-04-07T21:29:46.004612
e7871601-3ae7-44e8-8e9d-208243c86675,8eb07be8-2d0a-465d-889e-75d3715585c5,ChIJ4_cSyxPhDDkRRdBaWb4TUL4,rating,2026-04-07T23:29:46.004612
4fe06b60-598f-4b3e-babe-c6d4eb9a5b58,c6e0c036-706c-442d-845a-369635621566,ChIJ1cHW68oFDTkREy5Oee6PIYA,click,2026-04-07T23:29:46.004612
db2dc9af-374d-4795-aee8-9f5be4b2c794,a63ce3a9-8eb7-4028-979b-e79d5f10eae1,ChIJuZcQSHoYDTkR8OykqL6oCRA,view,2026-04-07T23:29:46.004612
fe25a1f6-30cf-4d7e-86bd-bf7cd2cd7833,c5f30753-7997-42fd-a42e-8c163ed92a7d,ChIJdaJqbSgdDTkRiKTTCgl1KSk,view,2026-04-08T01:29:46.004612
81badd52-943b-4629-9df1-53d4c141db51,6f2154b1-c2c9-4669-b941-b2cb97c01852,ChIJr_HCO-kFDTkR_aDiWYPlg_g,click,2026-04-08T02:29:46.004612
f650d423-0cc7-4c0c-a93a-1a130cdbcd3a,846b2807-cf91-4cf7-a447-83140da3193f,ChIJaV7NaqEPDTkRd7n9IfLtJik,booking,2026-04-08T02:29:46.004612
dff3245a-dc53-4e2b-bc3f-6ecb1ee8eab0,d6601a21-1afe-4426-bcac-c14472456e67,ChIJfRu5zIwFDTkR4eaDE_lLUMs,view,2026-04-08T03:29:46.004612
08aea768-f572-441c-952d-c5e2d8cc4e74,0da216f8-05a2-465e-9b7f-9d4924cd4baf,ChIJC5jTgNcZDTkR3ajFCvQd1dI,view,2026-04-08T04:29:46.004612
17ae4827-9d81-4af1-93ae-8f14a08a888b,9a263236-afcb-403e-8655-3a6f6ecb858a,ChIJAZTkm0D9DDkRAMiy3bHdGCY,click,2026-04-08T04:29:46.004612
32d8d94a-41d1-4de4-924e-560b199acdff,71a97c06-0f2a-4bda-a53b-8c3a1583e76a,ChIJuXSu2CbhDDkR2BjuXI2YDLU,click,2026-04-08T04:29:46.004612
03241f9e-1e8b-4520-9a9c-a239c7ecde63,48a54767-0408-4189-9a47-6a810b2227e1,ChIJ9bGyTpwCDTkRpCJHmrLyp8g,view,2026-04-08T05:29:46.004612
9bece5fa-9890-42d5-94ff-111a3814ed36,fb5bd947-522c-4a43-9cd2-6a4e1e3d39f8,ChIJveR9BhL9DDkRzovn1p9-oZ8,view,2026-04-08T05:29:46.004612
88fb4e55-e9cc-47bf-beb1-3fa87f055c04,f2b832c6-31cb-4296-93c7-38b91309e699,ChIJL0f22DLiDDkR3fcJSE_kmw8,view,2026-04-08T05:29:46.004612
f73a58c0-ef27-404c-ab40-d58fee71e04c,217befaa-a458-450a-8c24-12aadb4c1f66,ChIJoRD2ulIbDTkRSe133WMqhaI,click,2026-04-08T08:29:46.004612
fe83afc9-85fd-4615-9fc4-0b5a211e25cf,85022eea-434f-4cb1-9f29-305747ee367a,ChIJQb2D4b8DDTkRq0dRnD7Y1VI,booking,2026-04-08T09:29:46.004612
b2f95a43-f33d-425f-8aad-555ade81d917,e2168cc0-d734-40be-b899-2ab111c62c7a,ChIJvc-DqwwbDTkRSoKQ3ptUOHE,view,2026-04-08T09:29:46.004612
7de21cd8-4d2d-47ed-8562-76c8ed545b34,1168582a-a016-437c-a4ff-15850825f071,ChIJq6q295cCDTkRHSmPwMHZeCk,click,2026-04-08T09:29:46.004612
c60c7e6c-24f9-4f4c-8c87-047a0f61a9da,2c9dde81-e54c-479b-b88a-2c5f24e573b2,ChIJwXk9hdr9DDkR2FSvNa9XuIo,rating,2026-04-08T09:29:46.004612
8e67b910-1da8-479c-9fbc-0f69281ec5e6,4ce15bcd-d008-4633-907c-6d683f1b45b9,ChIJJ_yccvHhDDkRZT2M9nML5Y8,view,2026-04-08T09:29:46.004612
e48d3371-1df5-4e16-ac79-3e4ff224717d,5411c625-0363-45d1-8312-e40a866e6d71,ChIJPeq9RFDnDDkR3ThA8S-1P4Y,view,2026-04-08T10:29:46.004612
71a84d6d-ed9a-41e4-b716-be161d380ba7,30249500-e4fa-4c09-bfa4-c65e17b79175,ChIJw8MNqtEYDTkR-YsYLWK7GI4,click,2026-04-08T11:29:46.004612
315b13cf-d04b-41af-85da-305bd1acdea5,4fb6ac45-b3b7-4ca7-b2b1-3a7b65dfaedf,ChIJLfQAWagDDTkRGM0hGwSrAyw,view,2026-04-08T11:29:46.004612
fcc55ea6-7f01-4628-a1bf-ea2c075f08cf,4ef76e02-bb82-46e4-b94e-a2762f4f3e40,ChIJKYv_S8jjDDkRIbrMlfnrKF8,view,2026-04-08T11:29:46.004612
f868f8ff-ad95-4974-80af-14582be80854,7c71e93f-0a3e-4d1d-817b-1c0c1870c296,ChIJERGjA9qrDTkRDLW8qze8P0I,booking,2026-04-08T12:29:46.004612
ecb33a27-1e3c-48cf-9c76-a360cd3eae2b,20065164-876c-4db0-b1e2-47612559208a,ChIJjYjbl0gbDTkRCrRAMjT45Yg,click,2026-04-08T12:29:46.004612
32c6e33b-a238-40b1-927b-ecf310d060c2,2897d22c-1b7f-4641-b976-942bcd0098fc,ChIJ42FWKggdDTkRFzcocUxirBs,booking,2026-04-08T12:29:46.004612
3f388afa-cbf8-40e4-897f-1e4bc764189f,67c2686b-a7c5-4cf0-8b27-bcc3f277c271,ChIJ2UWUkp4HDTkRBo8KrLlPKjU,view,2026-04-08T13:29:46.004612
05d61014-353b-41b5-9a3d-984d60d1076d,e8d93133-4aaa-428c-8120-027f2cfd27a1,ChIJ64_MiLE_DTkRGOHzyJ5UpDM,booking,2026-04-08T13:29:46.004612
2e89176d-873c-4ca5-89be-7e774ca500d6,33397e6e-13d7-49e1-9503-70a9f4200e71,ChIJR8UMrJgCDTkRNFgwNsDuAtI,view,2026-04-08T13:29:46.004612
4aa7f485-ce59-4da4-b995-4415389311e5,2df7c9fa-e1b5-4986-8644-a1c7220f45dd,ChIJ7YAuUx89DTkRFRi0TeqfJ7I,view,2026-04-08T13:29:46.004612
46ecbc4f-ac16-4489-a42d-00556cba76ce,91a4e9b7-5744-4abb-98ee-9bd1984e6771,ChIJh_S5sis9DTkR1oUaarU1OPk,booking,2026-04-08T13:29:46.004612
b43aaf8e-83e5-4c32-9707-686843fdca90,7f03cab6-f668-4086-8629-2f21ce712f9c,ChIJYxr1NN_7DDkRDUsJ4DgCEyw,view,2026-04-08T15:29:46.004612
67502cbb-4fb2-4d1f-b91c-3cf0d4a34d47,7d8adac2-b34a-427b-91a4-cc8abd138e9c,ChIJb9VeCNMYDTkRcs0Bfr8neXo,view,2026-04-08T15:29:46.004612
6b889561-cf51-4e4d-9945-36cf59b7297f,00062863-ad1f-4d03-8bb1-ae6ba994a3ad,ChIJD17xGwccDTkR56renr5AHfM,view,2026-04-08T18:29:46.004612
b17f3639-e061-4175-82b7-5c89a621961e,c4fdb3d6-600d-4485-9c08-ff6f8ea29afd,ChIJMdVeUHz9DDkRUb0zQeex0LI,view,2026-04-08T18:29:46.004612
5b4b5b2c-edef-4a28-adb2-c35e67d2dc87,a9f2b8e4-5587-4cb2-9cf6-444ee1d94e8d,ChIJ3a9ngjLfDDkRSKpG4qiY0Uc,view,2026-04-08T19:29:46.004612
4b1ea14a-4a6b-4ff7-8e33-a2539575e0af,5726aa25-2159-40f2-ab85-fb507378d08d,ChIJVU6JSPD5DDkRQUOY5xnNBmo,click,2026-04-08T19:29:46.004612
3f76030a-0be7-4909-bba2-a9343726b419,d1ccba7e-1334-446e-886c-120e0eb88e73,ChIJGT-mXoQ9DTkRq9y4I-4mxNQ,view,2026-04-08T19:29:46.004612
6f588693-3500-4abd-a102-1877efd6364d,0f0b3196-4513-4454-9357-72d7f6241f04,ChIJUQ3mbVndDDkRlkR4HMW7AVA,view,2026-04-08T20:29:46.004612
3f69d7d5-9436-4519-8059-d0d84bd1b434,b7568585-cef1-401a-bfc8-42122cfb985d,ChIJ83sN18QEDTkR8THDqjoDwF8,view,2026-04-08T20:29:46.004612
ec5fe187-82ea-4283-a31f-cb7053b1e72a,0f0b3196-4513-4454-9357-72d7f6241f04,ChIJP6tpxmiqDTkRK1TQg7pafpw,view,2026-04-08T20:29:46.004612
c46bc02a-57a9-48c9-ad5e-28b41ba1c162,4b3d1313-86ae-416e-83df-480f1500caf5,ChIJR4Lniwz7DDkR5BZxf723LKk,click,2026-04-08T21:29:46.004612
0ed6d964-1514-4a2c-b37e-1d6392569c05,c903641a-a29f-414d-b2d7-b1523031f0c3,ChIJSbK5LDjcDDkRNyRcRHo4DI0,click,2026-04-08T22:29:46.004612
aa8f545e-d747-4707-b408-2bfbe23a8ce8,b3809d4d-22ce-4328-86ee-3d7915426163,ChIJOw9xHnqyvDsRI5yP40PhcsM,view,2026-04-08T23:29:46.004612
facb83b9-2394-41a2-8766-f4b5092982dc,e55d9a53-a0b3-45df-80fc-ae4b5f97b829,ChIJixO9pSwfDTkRnBicOK6DA54,view,2026-04-08T23:29:46.004612
e52c2201-c807-420c-9201-440d847841ff,85f877fc-5969-4798-846a-782e928d85b4,ChIJw9i-ZDMaDTkRsJ7qB0K3hFw,view,2026-04-08T23:29:46.004612
670dac00-4ca8-4e1e-9e2e-8b27869ac682,e55d9a53-a0b3-45df-80fc-ae4b5f97b829,ChIJMdVeUHz9DDkRUb0zQeex0LI,booking,2026-04-09T00:29:46.004612
08e42dd8-05f5-42d4-8150-af4be37c736c,a63ce3a9-8eb7-4028-979b-e79d5f10eae1,ChIJbTT-v875DDkRfg30l_AE0wg,view,2026-04-09T00:29:46.004612
5ecc0f59-ab4d-412a-8978-3e4a48c88ce2,3f499889-a418-497c-916e-2919e78cf28b,ChIJixN4GUv9DDkRyd_Iu--GXgU,click,2026-04-09T01:29:46.004612
07e9162a-f782-456c-a115-ab21df785706,bed6aa64-aa16-4b8d-ae0a-08044b6f518f,ChIJi6djbFgaDTkRSlSm1pL_cEI,rating,2026-04-09T02:29:46.004612
efb9f4c3-daa6-4e10-9618-663015e2f52c,7346238f-82e5-4c3b-8dcb-2ad548a8073c,ChIJlbip0PAdDTkRf4CfOJtwHZI,view,2026-04-09T03:29:46.004612
4e79e73a-3244-4afe-bdcd-ecff33abf836,db757573-d418-4493-aeaf-4a5ea11c09ab,ChIJbRm2nIndDDkRSBeUA2LGd1I,view,2026-04-09T05:29:46.004612
126c7e40-be9e-4a81-a035-ae0892705066,e36a7a29-e37f-4ebb-869f-fd6d38fb9c4c,ChIJCzkoDqcEDTkR80MrklwRG6U,view,2026-04-09T06:29:46.004612
34ddfcd4-f7a4-472d-8fab-20c79d182546,016c47da-f16b-4395-998c-e8891c818397,ChIJMdVeUHz9DDkRUb0zQeex0LI,view,2026-04-09T07:29:46.004612
afc7d292-8029-4537-8e37-4aca7a0bc5c4,caab96b4-e8ef-4347-afd0-094ea39488d5,ChIJBbCOpAnlDDkRaY_Ew4Tetlk,click,2026-04-09T07:29:46.004612
9ca98816-21ce-4e8e-b5b7-9d4933eae192,2897d22c-1b7f-4641-b976-942bcd0098fc,ChIJ46DoQ1AbDTkROjfRXbq6LiU,view,2026-04-09T07:29:46.004612
5bb2fa20-fc86-4802-810d-b77af6401ef4,24f94256-cfb0-4089-81aa-5730704504ef,ChIJh2pGUIICDTkRZPwKRwgklls,rating,2026-04-09T07:29:46.004612
6db26722-13b6-4ad2-b627-bc25b8df1c66,b02a8ef4-0dc1-4e3e-b34b-71430b2f044f,ChIJqatSgMQfDTkRF9LVcrExTdM,view,2026-04-09T08:29:46.004612
c3a08f9e-6ee7-4049-a614-e9ba4a8671b5,d18f287a-51f3-40e8-b8cb-0cc2548799a7,ChIJYbdlwT3fDDkRR4j0lgH9GwQ,view,2026-04-09T08:29:46.004612
69da56d0-daa9-4e61-8f76-9110b6794c62,51d092dd-3846-4d2f-8b35-b21be88ff3f2,ChIJ80WEYuD8DDkR2z_JnqJYSd0,click,2026-04-09T08:29:46.004612
4c6b489c-1896-485d-9521-57ebb6d9b420,6dcfb609-2ce5-4bdb-87fc-08118fcee7e6,ChIJs6KqbUwFDTkRsT_CP-hoENs,booking,2026-04-09T10:29:46.004612
5ef83e95-a51e-46eb-a048-bb2227a68216,f83a9ebe-79bf-4a5e-a810-f0efdebbe210,ChIJHzfXMashDTkRWbUuOutv-AM,view,2026-04-09T10:29:46.004612
d776a847-831f-48c9-a319-cc6a7d698919,5b506e71-9c12-4464-bcad-b01a9a6f78a7,ChIJO_r_o_cADTkRGwll3ggET_I,view,2026-04-09T11:29:46.004612
dafb5b5f-b77b-4437-b035-3dea97933e4e,d13eb782-effc-4dda-837d-726c57a16422,ChIJ-yw3PGIbDTkRXAfYWuFspOY,rating,2026-04-09T11:29:46.004612
89b642b5-42a0-4743-ab85-6e7e7f77285c,ede3c223-c729-4f41-8a65-93e70a54573f,ChIJlyMMChcHDTkRR-fZqsAQqLc,booking,2026-04-09T12:29:46.004612
42398783-7e49-43d5-8ddd-e78cd4687d68,6b11b2cc-9f94-4c6f-b9de-f595d313ff12,ChIJcSOPprgdDTkR02f7jAhRoFE,view,2026-04-09T13:29:46.004612
73e39215-318b-45c6-81aa-18d5f76be617,4003ebff-5d17-4435-a6c6-3fb2f1cd6fc9,ChIJfQc6E2MbDTkR60ajQ_TItMw,view,2026-04-09T14:29:46.004612
78ed6452-138a-4948-80b8-7e1ff635fdf0,c93d87fb-8e69-48fd-b7fe-3ada0e1ca17c,ChIJr-JBHwAPDTkRfQSor5wNRiE,booking,2026-04-09T14:29:46.004612
3148da37-6f2d-4be6-90b5-9670cff587a8,57e8dcaa-fdaa-4def-936e-0b4021b78ee7,ChIJm5rPtlGrDTkR8sMpKe-1YS4,view,2026-04-09T16:29:46.004612
d9e67dcd-2539-4689-8444-7e25ffe2a8b8,bab17f22-cf43-4897-a023-31b708559dfb,ChIJU5ZfTy3nDDkREzNyq06aZjA,view,2026-04-09T17:29:46.004612
9e98e6fd-9b3d-49f6-adc9-b86e196ab0c9,90a78129-53ea-4e27-90f6-4c185ab2663a,ChIJNaMuONvjDDkRv5D1tbP4bIE,view,2026-04-09T17:29:46.004612
1d479a98-9f7b-4dec-bc55-642de5842127,b7568585-cef1-401a-bfc8-42122cfb985d,ChIJP5TxuNIHDTkRFBc7GO5QuDQ,view,2026-04-09T18:29:46.004612
682b9830-20c2-40c2-a9e0-0b5cdbdf0647,a2cfe09b-c95d-4df9-be37-98a6eafe1549,ChIJd6482AwFDTkRIzkWAxQEfIw,view,2026-04-09T18:29:46.004612
9bf5f922-708d-4867-9fd2-9153651fd18d,454fa168-4941-434c-a50d-28b215c69bf1,ChIJN4mrAP8DDTkRdYDOnNgL40w,booking,2026-04-09T19:29:46.004612
b97d0eec-aaba-4c62-980e-95c1163a3c35,72e38c5b-4c41-4765-88bb-9762bba55769,ChIJa11F3PThDDkRiXUu-XFCPsM,view,2026-04-09T20:29:46.004612
14b2a391-f301-4aa9-a358-8cbe89cce2fb,846b2807-cf91-4cf7-a447-83140da3193f,ChIJH6vik5r9DDkRwaLCMAtRMBM,click,2026-04-09T22:29:46.004612
cc0d6a62-d11b-4202-9a96-e16717b32c5d,69f96058-9730-4fb9-9a17-3410bbd202c9,ChIJn31IGhI9DTkRkFdkJCaQLms,view,2026-04-09T22:29:46.004612
f7361d32-dc6d-4a83-9708-0302f0c3c6e1,230a24ea-89f9-4b74-a54c-d9696059eb93,ChIJ42FWKggdDTkRFzcocUxirBs,click,2026-04-10T01:29:46.004612
e2868431-57e5-4811-93ad-1a9eec572d5e,30249500-e4fa-4c09-bfa4-c65e17b79175,ChIJC7kLf7ghDTkRxYDIWk_0mrg,click,2026-04-10T01:29:46.004612
9b2fc9b5-f56b-480c-952a-6bce1f1dcc06,d0568206-fb99-4420-93e5-955e8cbc76f9,ChIJHUReadH6DDkRo5MiseFGFZQ,click,2026-04-10T01:29:46.004612
03fbdb16-eefb-45cb-8be4-13eaf65b013d,68be285b-1a38-4ef9-8adb-e9d8d197e111,ChIJ5RjjCirlDDkR5wrzax-BZEs,booking,2026-04-10T03:29:46.004612
0c9ae191-b65c-4300-84ee-44e5983ae741,9541d020-4717-4348-8140-c9dbc6ac086d,ChIJnQozcn8_DTkR60f2nzOlM_M,view,2026-04-10T03:29:46.004612
276e4fdc-7c8b-454f-9bcc-afa646af9041,ce684b65-1011-48f4-b0fc-af68c31c585a,ChIJHcE1PUsYDTkRk6DOqjzqpVQ,view,2026-04-10T05:29:46.004612
5c682b85-524e-4316-851a-99ce41c06240,d61cd3f5-5242-4468-8633-1939d4899de5,ChIJ--FGZrMZDTkRnNnjWOLxdmI,booking,2026-04-10T05:29:46.004612
f3bfd6b1-1d8d-4acb-a8aa-540193fa96f2,9fd64f36-b44c-465e-a838-768ba5b5d51f,ChIJq5SJS2YfDTkRQUWOxyoaoOE,booking,2026-04-10T06:29:46.004612
28ae20d4-7aff-4440-a791-4b5c1802ba3b,f1951d22-67a0-41cf-88b4-fca26b5a0ad8,ChIJe-euBg79DDkRqrpZ5Pzm8Qw,view,2026-04-10T06:29:46.004612
1dbb9077-f0f0-4d6a-9585-fd9084e732bd,0c50b5d9-f96c-4e02-90ff-f62dc44de641,ChIJ8eP7GADhDDkRFW6C7rXhNB0,booking,2026-04-10T07:29:46.004612
a6db9ff6-dc18-4255-b746-3712e3400872,aa11e355-39c9-4ce8-9ee4-13608adb3979,ChIJ97W7F9EfDTkRidfrk_JoC5s,view,2026-04-10T08:29:46.004612
208867fb-fb58-41fb-8fb2-28ac69300746,c9ebadce-3230-44db-85ee-e0a12a580290,ChIJ1ywK05AZDTkRdgEqHoRr7Qc,view,2026-04-10T08:29:46.004612
0783d98d-9554-4f89-867e-06c38b44c962,8c30620c-53b0-4082-b6e7-989999a6a645,ChIJQyBpbkVrDTkRN-vCqZuLFWc,view,2026-04-10T08:29:46.004612
5da40066-96f1-43dc-9203-4e3f81503fa3,0c50b5d9-f96c-4e02-90ff-f62dc44de641,ChIJ6ztvUg3-DDkRLVhUcMEzffQ,booking,2026-04-10T09:29:46.004612
6d02b1cc-7af6-44b5-85bf-c44bffabf243,cc36dc83-0ef2-4158-8593-0bf90b2929f2,ChIJ8XJNQSHnDDkR60BZUyvH0_8,view,2026-04-10T09:29:46.004612
f1dbef63-46ae-438b-98ac-e47b204e9dd1,7f31a28a-8a8b-46cc-95f1-2f15e5a87f6c,ChIJnT-yG1cJDTkR5GYKsn2M7fU,view,2026-04-10T10:29:46.004612
28f34c6a-b581-4bc5-b43d-98ac81b63e85,046edcd1-73a5-4ef0-8c68-545439e7f43a,ChIJ7YAuUx89DTkRFRi0TeqfJ7I,booking,2026-04-10T10:29:46.004612
e04510b2-9eb1-45a0-bbaf-c87bf6a8bfad,7f03cab6-f668-4086-8629-2f21ce712f9c,ChIJ6RTDdCTnDDkRZaKJnxryIMs,click,2026-04-10T13:29:46.004612
40a22b5f-673b-461a-ab1e-6ec5d6824076,438c3530-9fcd-424b-9ceb-e56415adb4b8,ChIJN6VWM40HDTkRhpq1Mo1G1UM,view,2026-04-10T14:29:46.004612
652451ad-fe4f-4164-9485-3949fc08fb84,8e1590a4-3c73-44fd-b894-b061956af9ef,ChIJX6pW1UYcDTkRgiws2YCBsJw,view,2026-04-10T15:29:46.004612
b64c7984-4a27-4c50-8eb9-75fd34547a5f,bf8ef2c4-1eb7-42ca-8be6-f2bef274044f,ChIJ5dfWP_UdDTkRciVp85XPAk0,click,2026-04-10T16:29:46.004612
08d245dd-49c3-4d26-a427-362128a78f33,4fc25487-3a6c-4534-a98a-c87948cb8300,ChIJqaoxLsUEDTkR-NjBX_zkwmo,booking,2026-04-10T16:29:46.004612
599b36e2-ca55-438d-a0fc-218ad14d0935,f774a82b-0033-4ac2-bd81-889eb6212c52,ChIJF6F7gOEaDTkRsbOosIh1sUk,click,2026-04-10T16:29:46.004612
7e0178cd-8570-40ad-b55a-cb34dc587cc6,75d89ec6-1107-49bc-988d-c97c46238ff6,ChIJDVaYpxcFDTkRC2JgbXYnzpA,view,2026-04-10T17:29:46.004612
df5698ff-3cf6-4ee5-bdbc-57e65f6b31d2,90b562bb-4239-4ce0-a88c-c0f205711700,ChIJCS9C0uhrDTkRa6WloDihzjA,view,2026-04-10T18:29:46.004612
fb424340-00dc-46d5-93af-cc17c35f6b62,d80e9afb-ddc2-46b9-8b07-1483fcd71a37,ChIJfQMZakYFDTkRoFBxu-hcf6A,view,2026-04-10T18:29:46.004612
4ecbadab-5dfb-4bfd-b066-82ba46cfd476,b57da618-a9b5-4630-9880-8c79827b243b,ChIJV5-5zT8ZDTkRZVbc0L1G0SU,view,2026-04-10T18:29:46.004612
a12bb08b-6794-4c1b-8c35-ca75bf2956fc,82703928-e288-4c52-85cb-7d60ddd1bf9a,ChIJR3VQqa0ZDTkRTEA4kYW9eMo,booking,2026-04-10T18:29:46.004612
5dd9665a-ec21-4a8b-bdcf-90ac76560afe,8bf99a39-9f9c-400d-a8dc-af9200c755f2,ChIJT-DMdTkZDTkRiN-ft-zozUQ,click,2026-04-10T20:29:46.004612
f9e75e18-b6ac-4330-9a52-2931f0e59010,006181ac-dcd3-4be5-be84-3a780c383e71,ChIJI88zKgABDTkRTjxG8EH5ayY,view,2026-04-10T22:29:46.004612
34d1eff6-227c-4cde-aafc-4e71b8683bbf,79d8c9cb-75ab-4bde-8742-5828e9f6c484,ChIJcc4_KG8EDTkR4zJt8puaXqY,view,2026-04-11T01:29:46.004612
0f56afc3-10cc-48b0-b6c8-828be2f55911,3a40b1c2-baad-46de-91e3-69eb5211f542,ChIJLW-emhIXDTkR-6bqCk1VS9M,click,2026-04-11T02:29:46.004612
8bd5fb04-203a-407c-ae77-b318ca4ff6fc,4b1efde4-1976-41de-8e08-9be773c8c067,ChIJVVVVVYUbDTkRhQCZRO1qOUE,view,2026-04-11T05:29:46.004612
e32501aa-40b0-4bd5-a454-6e35676e4446,482c4751-fdb5-406a-93d4-c8ab9f4d24a9,ChIJAZRhEZWjDTkRjOCGULUsIM0,view,2026-04-11T05:29:46.004612
77f148b9-f269-4ddd-8d24-3688bc56eecc,82703928-e288-4c52-85cb-7d60ddd1bf9a,ChIJCbfAqZ4CDTkRb3axkMEgrnw,booking,2026-04-11T05:29:46.004612
4289bc0f-4c4a-4546-80e4-248dd186f8e1,752ae880-5193-4949-8c44-7268f53705a2,ChIJ6-1znNsFDTkRm7yVEo8cwTc,click,2026-04-11T08:29:46.004612
e0913d99-daf8-40f0-8860-efa61c187e8e,ac0226a0-09b2-4fde-a7a7-ac6182412c84,ChIJJbbr8_T_DDkR-ofOseudRO4,view,2026-04-11T09:29:46.004612
9932b9a1-6630-4261-bae5-0d99a2dcc3a0,9182e03f-2dd2-48d2-8ccd-8a62bc3c3a05,ChIJ3VgjA3L7DDkRMlHJajqQ8xA,view,2026-04-11T10:29:46.004612
ee5b2b1a-b766-4b85-adbd-1354adeebce8,251badb0-9163-4023-a6d4-218019fbada7,ChIJa0S09SwYDTkRYlUWmvR1zMg,view,2026-04-11T10:29:46.004612
f7e14b61-eecb-4b62-baec-3313bb68fcaf,400ef25e-95ca-4e02-9149-13b2c73cdced,ChIJpfgC7NwFDTkRHExGxyfrvek,view,2026-04-11T11:29:46.004612
f543e14d-ca52-485e-83d9-62c5040548c4,0c409718-3b15-48df-a596-5a8363fbea4a,ChIJiTGgzpkCDTkRfjZ2Ar8ZSBU,click,2026-04-11T12:29:46.004612
fa234737-6b40-41ba-b3d0-009cab5de08d,cce8c56a-e309-4b1b-a10f-aa98d1c1a2e6,ChIJ48E4IKoZDTkRUDIRdG8HzTI,rating,2026-04-11T13:29:46.004612
504483da-5168-481b-afcb-2469668bfa00,c042e4c1-9799-40f7-92be-9a4d8db3434f,ChIJjYjbl0gbDTkRCrRAMjT45Yg,booking,2026-04-11T13:29:46.004612
414b352d-51e5-4d9f-9bc5-e992ccaf1824,623e9ea6-1956-44d0-b116-9fe15be116c2,ChIJ-V35ZQLkDDkRAN9EIFb6qLA,view,2026-04-11T13:29:46.004612
2728b1c7-453c-41d7-85d4-966007ae6f5f,c28bf682-7f39-4316-9aa9-ee5f7e627aa1,ChIJDVaYpxcFDTkRC2JgbXYnzpA,view,2026-04-11T14:29:46.004612
de7b4070-eb29-4803-bd01-76f5d44f7e93,caab4413-f522-45f3-922c-28d705578a11,ChIJNW7xfpUjDTkRnk6REafay-g,click,2026-04-11T14:29:46.004612
9e7bb9eb-5152-45bc-8fb0-ea3253e73b43,4769586c-565e-4800-8d7e-0749f031e475,ChIJ8eXMjBQDDTkRB0vq5KGUuro,view,2026-04-11T14:29:46.004612
312bb9c1-21ca-4007-bbf6-e49d8366e064,bab17f22-cf43-4897-a023-31b708559dfb,ChIJFXSOmqDdDDkRvjkhVVsePg0,view,2026-04-11T15:29:46.004612
86768822-d146-4d87-a68d-8daeb9a77911,5634ccaa-f864-4d36-8a6c-77bded2a45ca,ChIJsyRMG9PjDDkRu-_yoSGBWiQ,view,2026-04-11T16:29:46.004612
22ec2c06-60c1-464f-afee-1e1404ab4f0c,1a966a46-37e5-4402-8172-7fe4c1d1a78c,ChIJ3VgjA3L7DDkRMlHJajqQ8xA,view,2026-04-11T17:29:46.004612
7c244c64-4589-41b3-bdea-91f16d53a182,9fd64f36-b44c-465e-a838-768ba5b5d51f,ChIJoYZHA4UHDTkR0NeUuFoc3XQ,view,2026-04-11T18:29:46.004612
370b800c-0053-46a5-9c53-b75173d52b34,2fa7abcb-5b57-43dd-8df8-d6119015d2d2,ChIJI69JKUfcDDkRXn3xNhvAIp8,view,2026-04-11T18:29:46.004612
e70784c9-cc13-4b05-9ad5-e4b958797650,a5d390af-a9b0-40bb-84fe-6a3a45236261,ChIJA5noYTHdDDkRzwENbOht5eU,view,2026-04-11T19:29:46.004612
3021a19e-329e-4fb2-8fd5-4f62568f7e64,c93d87fb-8e69-48fd-b7fe-3ada0e1ca17c,ChIJU6eIyfUXDTkRunuHeTS9MaA,rating,2026-04-11T19:29:46.004612
a34211f9-d516-466b-be68-bd1029e577b2,2c9dde81-e54c-479b-b88a-2c5f24e573b2,ChIJAx_1cQAjDTkRyUfJqOJ0uhw,booking,2026-04-11T19:29:46.004612
b7c2b84d-f2dc-4444-b6cf-13275e712423,99391f5c-99d4-4657-a111-c296af97a9ce,ChIJRdQiFUo8DTkRlKBQhTQKzPo,click,2026-04-11T19:29:46.004612
06bb7277-36a4-4a5b-8c44-fe882530d703,86d28bc0-8971-4188-824b-f6a721bf58a4,ChIJN7SyOloZDTkRk7RKye2AtZI,click,2026-04-11T20:29:46.004612
f2a8a580-262f-4361-8e6f-cf99f53eae36,1286e900-2bda-4dc7-a8b2-b147e132c1b1,ChIJCUCbwIwZDTkRpOs1cXoyU2Q,view,2026-04-11T20:29:46.004612
82eb4071-b6cd-4780-aca2-2d0dcad60185,e79fc8eb-d34c-4eba-9f82-3f875c8cef74,ChIJt7Z0krEVDTkRQK6XaPH4h6I,booking,2026-04-11T20:29:46.004612
be08b1bb-13bb-47bf-b505-12f687621509,707176f7-e65e-4f74-aa77-67cf4908c945,ChIJjWa5JFAPDTkRDAWNgAmRllc,rating,2026-04-11T22:29:46.004612
7533e54b-be01-4f9d-a12e-8664f015a173,7f03cab6-f668-4086-8629-2f21ce712f9c,ChIJayXjcrfdDDkR3fX98P4X8t4,booking,2026-04-11T22:29:46.004612
c7455747-9141-4237-86da-be814f934e11,39f5fcae-f5ba-44ad-8b50-270a409a543d,ChIJMxiT1OH9DDkRU1GuGjDKbsU,click,2026-04-11T23:29:46.004612
d7932974-bfcf-457d-a093-9b9ded8ee3c1,a9f2b8e4-5587-4cb2-9cf6-444ee1d94e8d,ChIJ3VgjA3L7DDkRMlHJajqQ8xA,view,2026-04-11T23:29:46.004612
85822c1e-f17b-4574-bd15-6d2d361fec49,01d97da9-9450-46d0-9d48-4d63b6ee1037,ChIJSYldhsvkDDkRzAmX8vxgfs0,click,2026-04-11T23:29:46.004612
b32470f9-cf47-42fe-9906-a09a1d54f55e,0c50b5d9-f96c-4e02-90ff-f62dc44de641,ChIJE94Ic8AHDTkRHl5uQ9veo-s,view,2026-04-12T00:29:46.004612
42c61a0d-032b-4c3d-8295-fa14d54de946,caab96b4-e8ef-4347-afd0-094ea39488d5,ChIJn31IGhI9DTkRkFdkJCaQLms,rating,2026-04-12T00:29:46.004612
1e315cf0-289d-4f9f-9a2d-cf666b3235bb,3736b331-d748-495c-a46e-1d6ef91edf11,ChIJMyjsl_rhDDkRcU3rb0yGJ3s,view,2026-04-12T01:29:46.004612
ab248529-aa25-4870-b26c-afb010e33d76,694404ea-c783-4605-9f69-b3cb51e90bba,ChIJa4Td0z8jDTkRPG1sCr5IS5o,view,2026-04-12T03:29:46.004612
1180cb43-bd65-454e-9f89-bf771e58676a,efd72ece-80e7-4e54-bde7-7b22ec0a290b,ChIJTxZARVUZDTkRpaG7WjvgWiI,view,2026-04-12T03:29:46.004612
b942d1e7-2d02-4375-b7e1-c0cd4a09ca86,79d8c9cb-75ab-4bde-8742-5828e9f6c484,ChIJ5V5eFuAHDTkR47MCn7ul_ww,click,2026-04-12T05:29:46.004612
01193c0b-7222-4541-b43e-5b8225cea541,ede3c223-c729-4f41-8a65-93e70a54573f,ChIJ_VWw2m0FDTkRNLPQlWkE8Bo,view,2026-04-12T06:29:46.004612
b53b33bd-9fc1-40ce-a1b9-a6be1f507ee2,ee112730-a254-4747-ac9b-4cd3bcbf885e,ChIJ28LE6QX5DDkRdi9KWWQZLDw,view,2026-04-12T08:29:46.004612
86b4a35e-5a16-4b8c-b5d5-fa2a364db2c8,4639b934-5fe9-4988-a7c9-d96a8fdde734,ChIJD-BZ3TMDDTkRXdT-qrMpMYY,view,2026-04-12T10:29:46.004612
605d822f-1e7e-432a-bbae-1fb4496f2f1c,c0b3bded-dc6e-4bd9-86ae-6844ea80d2e9,ChIJa0S09SwYDTkRYlUWmvR1zMg,view,2026-04-12T11:29:46.004612
fbd3452e-d230-4964-b97b-4ffc7b3218e0,10e75ef2-4399-4391-a2b7-17ac26c011aa,ChIJB-shS9_jDDkRQQSbddJ0GOU,view,2026-04-12T12:29:46.004612
9308186c-4a08-444e-a697-05a683ad2f6e,20065164-876c-4db0-b1e2-47612559208a,ChIJq8lvdiIFDTkRB74NMBwT_Vk,click,2026-04-12T13:29:46.004612
6200bfd9-8994-46ea-91fd-c473b074c15e,7b25bca1-5cf8-4df1-a24f-5c00b397a370,ChIJC4qlMTf9DDkRhRQpkx58hqI,click,2026-04-12T13:29:46.004612
fa82d83c-78eb-46a9-ae05-cac0f164a1ef,2fa7bd5e-bc33-4237-aaab-2e9ccd14f633,ChIJe2r3TGoDDTkRE13K07ETc9I,rating,2026-04-12T14:29:46.004612
a7a4d908-57f3-4a7c-b2ef-20065b8eb91b,0c50b5d9-f96c-4e02-90ff-f62dc44de641,ChIJE7CtJRT9DDkR9LyAsvfENVs,booking,2026-04-12T15:29:46.004612
53abf612-948a-442a-88bb-0f08471803b3,12fa4ce4-e2ef-4524-8132-24094afc0019,ChIJCxPaVwADDTkRQZ-4juHz88U,view,2026-04-12T17:29:46.004612
df725df6-424d-46e9-ae16-e92b792b6a1c,81b57fe8-6ec3-40ae-bf9a-0555a7fa02bc,ChIJh5Fhbsj7DDkRVWFOMmVGyy8,view,2026-04-12T17:29:46.004612
03c01f25-5870-449a-b4c0-b85e4f4da73b,91a4e9b7-5744-4abb-98ee-9bd1984e6771,ChIJ87NRphjiDDkRMh3igGPGQUg,view,2026-04-12T20:29:46.004612
a3f84019-d1b7-434e-adbc-634e3809c9b1,f5f4a114-68d1-4f54-a589-9da9679700bc,ChIJAQAQ3iIeDTkRUX6NDxRGhiA,click,2026-04-12T21:29:46.004612
7dedafe3-c207-42f1-877d-607728633434,4b1efde4-1976-41de-8e08-9be773c8c067,ChIJ8eXMjBQDDTkRB0vq5KGUuro,click,2026-04-12T21:29:46.004612
26443e99-8450-4431-95e2-666c3a7e5c1f,bc40a13a-1f0d-4827-8fd7-b0013673bbb5,ChIJR2D6ioQXDTkRBDwuY3-75P0,click,2026-04-12T21:29:46.004612
4aa42d67-637a-4630-9420-0af7a96ac8f2,b2bae56e-6bef-4589-91f8-3bcb0079a939,ChIJTelod2r9DDkRNcR4Skjiyg4,view,2026-04-12T22:29:46.004612
901d25bc-3cbb-4174-9cb0-6b072dd87dbc,f1951d22-67a0-41cf-88b4-fca26b5a0ad8,ChIJX7ZyGED9DDkRuBBONr3Eijs,view,2026-04-13T00:29:46.004612
bf323b67-8a20-4b02-9c57-de0d5ee869e2,4d6646bc-b36d-45de-a3ca-ce7fc91447a8,ChIJZSEVrPHlDDkRZ5C2vrpZXRM,view,2026-04-13T01:29:46.004612
3cafb36f-b385-49f5-8199-e95ba6378fe3,9d8bd99c-42c0-42ec-a794-1d8f96692b09,ChIJ96cpUlsDDTkRK5rHUFLyRQc,booking,2026-04-13T02:29:46.004612
4a3151d9-79b7-4d98-a868-b2f5b2638e74,4fc25487-3a6c-4534-a98a-c87948cb8300,ChIJTyMFBar8DDkRR_cmTPi5jkw,view,2026-04-13T05:29:46.004612
402c58dc-4b75-498c-bffd-08a6f5ae9868,bed6aa64-aa16-4b8d-ae0a-08044b6f518f,ChIJYbCLDMP7DDkR1-R0n48fg2I,view,2026-04-13T06:29:46.004612
88ae7999-bced-4b84-b88c-98bb77e086ad,d4ed3b72-0227-477f-91d7-16c5d6a4afd4,ChIJm053GEI-DTkRwKJuNdfAyLw,view,2026-04-13T07:29:46.004612
02dd299b-5ec1-4313-a770-45d81d20c208,aab10c81-0332-41a7-9c80-c13a075e121f,ChIJr-UiyxHhDDkR9jmGwVikkO4,view,2026-04-13T07:29:46.004612
0933c7eb-16ad-496f-b1d6-6f628bd1b6d8,7b28e71d-661d-45bc-b8bb-a1194522b88b,ChIJSQ2YOw8iDTkRoX6IDTHFSr8,view,2026-04-13T11:29:46.004612
d2e43ee8-5c44-4a88-9fd6-b44598055195,6a174ce0-a131-498a-a7b3-8118ef201107,ChIJR8UMrJgCDTkRNFgwNsDuAtI,view,2026-04-13T12:29:46.004612
02f36958-32a6-4020-93bf-6cf9c7324b1b,454fa168-4941-434c-a50d-28b215c69bf1,ChIJq7-D7G77DDkR93Czw_SxpJ4,view,2026-04-13T12:29:46.004612
20dbb83a-e7de-4a39-8a81-c6b2c9e52859,c042e4c1-9799-40f7-92be-9a4d8db3434f,ChIJI7P9KOMXDTkRmTNCIVrNgU0,rating,2026-04-13T13:29:46.004612
fb12bd22-e285-4f08-8afd-f2ed6206d815,27c5fee4-ee41-4dea-9443-ec4fb6fb1a66,ChIJ5ywskdUBDTkReNdCgxAYPJI,view,2026-04-13T14:29:46.004612
cd66d247-e1da-419a-a4ac-6b1de6b9f109,8607d01f-4afb-46aa-83cb-03047e38a8ee,ChIJP74sbM4JDTkRYsiyuOAPek8,click,2026-04-13T16:29:46.004612
29624751-d3cc-4525-8a29-0f8867d02316,e8d93133-4aaa-428c-8120-027f2cfd27a1,ChIJM8VeA8kbDTkRx4Flhzxppg4,view,2026-04-13T16:29:46.004612
e8baba6c-1bce-41e7-98fe-edf22d0b0d66,4ef76e02-bb82-46e4-b94e-a2762f4f3e40,ChIJn4Wvaj_dDDkR0OOyRUrFYsk,view,2026-04-13T17:29:46.004612
201add75-656e-490e-83ea-920952dada9a,8e1590a4-3c73-44fd-b894-b061956af9ef,ChIJIYwrZt7jDDkRvGirDdAwW2Q,click,2026-04-13T18:29:46.004612
a955c563-4870-488a-98a9-e3795a9cd3a3,74c2d5ae-5c70-47b1-9aa6-a69c4234b58f,ChIJ6RTDdCTnDDkRZaKJnxryIMs,click,2026-04-13T18:29:46.004612
602b3267-6875-4476-bfb6-e6c2c58f1884,bf4a6286-f6db-40cb-9bcc-9a1a9f09f2a0,ChIJ486HNRMBDTkRM1sl8rwuie4,view,2026-04-13T20:29:46.004612
2e01e4cb-2e8a-415e-a575-aad89407914b,8c0efedc-1d9e-4474-a375-d497de640a07,ChIJFQ0O2UAcDTkRbl1w-7nT3-M,rating,2026-04-13T23:29:46.004612
92358570-35d4-4397-9853-d2bf774d0651,286ff317-1da8-4ec6-b632-d31a28acb766,ChIJ5-z-Hc_jDDkRZyU2Wz8Mae4,view,2026-04-13T23:29:46.004612
e403d9b4-6155-4f5a-9d3b-7a1d1dbbb208,bb9ba807-5b46-42f5-8465-5c97af0f5beb,ChIJVYMKBmgNDTkRj8J6SsyjxSo,view,2026-04-14T07:29:46.004612
4ba4f0c1-e73a-464b-87e6-7748091b72ba,e36a7a29-e37f-4ebb-869f-fd6d38fb9c4c,ChIJ80WEYuD8DDkR2z_JnqJYSd0,view,2026-04-14T07:29:46.004612
2f874930-ab8b-412e-97b8-65c8b5a192c0,f32ed5f5-48b9-4967-9ec6-8c0147bd672c,ChIJu9d5CfDjDDkRCegi4jcwD24,view,2026-04-14T07:29:46.004612
837c0448-981e-4d25-a9c3-e8d850995392,9fd64f36-b44c-465e-a838-768ba5b5d51f,ChIJf7tphKv8DDkRN6Kwn9dLpAI,rating,2026-04-14T09:29:46.004612
0d61ef01-e23b-4ac8-9348-4db62ae7fcda,3252bd00-3a8a-47bd-ba86-fd871df444ce,ChIJW2SoYy_5DDkRo4lNAEzFY1I,view,2026-04-14T09:29:46.004612
6095c03f-2fd7-4f15-bf08-f68ba9fd0f83,740236fe-6fa5-44c8-890a-ba72d5a36e52,ChIJtQuDZvIZDTkRoGzaPPVdMss,view,2026-04-14T10:29:46.004612
bcc5b1c8-b866-4e14-834b-ca78da14e9fd,52c153e2-41de-4d35-810b-c52b9f4a0421,ChIJxZnWx8oHDTkRUkMD7g_KF04,click,2026-04-14T10:29:46.004612
c1175c2d-c5f0-4742-8c7c-7a69e85534e5,fdb7ca70-b5a5-48af-9880-77e833de17bd,ChIJP-R4HAg9DTkR4EwItRUAaa8,view,2026-04-14T10:29:46.004612
00014665-d758-4b64-a3d6-2f7955613e4f,b2e7a098-4d76-4ba5-ad49-7f4f75a9dabc,ChIJ1d-ok2QBDTkRPEamr4ALHlY,view,2026-04-14T10:29:46.004612
2dd38edb-fbca-4c3a-a65c-3ba8e2d6f42f,4c18b54d-024c-4b20-aeb7-d1e358626222,ChIJ-XC0KyYBDTkRHfjsKAMwROE,click,2026-04-14T13:29:46.004612
dc517ce8-84a9-4148-aa00-d768fd415ab1,7346238f-82e5-4c3b-8dcb-2ad548a8073c,ChIJAeEer4jkDDkRnvYOsth2r2c,view,2026-04-14T14:29:46.004612
7298942b-5b1b-4f9f-a027-76bd1867349d,8532628a-d2ef-476a-a189-6700fe34130c,ChIJj0IpArTeDDkRBg2UFCSt5DI,view,2026-04-14T15:29:46.004612
01862d1a-3a30-4fd1-aaab-34333d51af0d,3c6b907b-a9a0-4ec9-9d24-fec31f360051,ChIJF40SMosZDTkRch0ZBwZJygY,view,2026-04-14T15:29:46.004612
b3e52d82-4ec0-409c-a66c-050ddf363d84,33198914-5fc8-470a-a24c-44b194d79d75,ChIJxQtapR8bDTkRlecBFB8YTu4,booking,2026-04-14T16:29:46.004612
a215c870-3c7b-472e-b58f-7332ea91a3a0,d694e279-26f0-478e-a275-e78f43bbc3be,ChIJJ_d6dAr7DDkRuT7Y-9pNcMA,click,2026-04-14T17:29:46.004612
697f7a7f-a3d5-400d-bc1b-b9e139cd8182,d75e85d1-0d9b-4036-b0ca-d4b0e37153f8,ChIJw88JQH8bDTkRQidfQEiNIMY,click,2026-04-14T18:29:46.004612
b48c115e-ea7f-4883-9ffe-4f04044e84ce,f6bca5e6-d93f-4742-9d35-8b9c2d6ae349,ChIJh_S5sis9DTkR1oUaarU1OPk,click,2026-04-14T19:29:46.004612
0045ac93-9aca-4dce-b56f-70ee023712d0,7f31a28a-8a8b-46cc-95f1-2f15e5a87f6c,ChIJY009gVIXDTkR68MwDX50jN8,view,2026-04-14T19:29:46.004612
0f7c1de3-596a-4eac-bca3-32b3382e36ee,95c51aa1-e6ce-4852-a42e-f3569b27a779,ChIJdy7ZET3cDDkRwzZ86bC0Ick,view,2026-04-14T20:29:46.004612
3ae710bc-1e35-4e4f-9cb5-01aba1396c6e,9d11d036-b210-4371-be0e-9867403d23dc,ChIJBXLyghI9DTkRRrOaOusMssk,booking,2026-04-14T20:29:46.004612
100053a9-0257-4899-97ce-7163e104984a,44cefed8-14df-43de-af44-e88ab07652c3,ChIJY_BPJDYYDTkRkHZ4zEVDmxg,view,2026-04-14T21:29:46.004612
dfdd375e-5728-407b-bf30-4a91f6e77112,aab10c81-0332-41a7-9c80-c13a075e121f,ChIJU3oKZUD9DDkRkIDqiY8COb0,click,2026-04-14T21:29:46.004612
33a3ea03-529d-4686-b635-61bf22e29b2b,86d28bc0-8971-4188-824b-f6a721bf58a4,ChIJN-n7sWnhDDkR4H39boxluks,view,2026-04-14T22:29:46.004612
cb4bec23-2a7d-430f-b954-ba68bd1f951d,04cc9df0-3d75-4091-84c2-a22195082704,ChIJq6qqp2r9DDkRR7me8ggUY5A,click,2026-04-15T00:29:46.004612
248b4d79-39a3-475c-8a1c-bbe69383f790,85f877fc-5969-4798-846a-782e928d85b4,ChIJtdwaGPMYDTkRQK0oAP05IEI,booking,2026-04-15T01:29:46.004612
e5b5c922-8d6b-4f81-9456-473ec9f7f211,1f79ba5b-356e-4127-b6f3-d87edbe2c4d4,ChIJo7kBM2ocDTkR2TXLzP1eBUk,view,2026-04-15T03:29:46.004612
893052a8-e7ab-4fd8-92b7-d5da63f6b2e4,11e5be4e-236a-4c37-86c4-a82ff94ee7e5,ChIJPfpkEwHiDDkRiS9jVibNSdw,view,2026-04-15T03:29:46.004612
39c79dd9-d690-48d7-afe5-3baccd8a1264,90b562bb-4239-4ce0-a88c-c0f205711700,ChIJrcVbzE3fDDkR0ONLilZcnO0,view,2026-04-15T04:29:46.004612
05fe656c-9250-4989-bdcf-0849d1be8dc6,15648a93-5422-43e7-a1d6-64fa0ce9ea19,ChIJi36xEZ8bDTkR4WthqzO9FOk,view,2026-04-15T05:29:46.004612
5cc8c6de-747a-4ed3-8f8b-dfdd3b599bac,4d738cf6-50d3-40f8-b83a-922abbe0ec30,ChIJoY6Dp7cfDTkRzEdiSCB7ErA,click,2026-04-15T05:29:46.004612
bffbad9e-4c74-4f5e-ac97-e6c613bf186d,d61cd3f5-5242-4468-8633-1939d4899de5,ChIJc3tLO9gHDTkR-Yt8o7HV9V0,rating,2026-04-15T06:29:46.004612
bba90a43-79b1-4338-a6c4-1e18c799b54f,1168582a-a016-437c-a4ff-15850825f071,ChIJD4ycINPjDDkR4Xvm3Q1Quq8,view,2026-04-15T08:29:46.004612
0ccad99b-a86b-4f6e-a6d5-58e99b66a197,839088d5-7b33-40bf-8bf6-49d5f44731c4,ChIJIbuMAirnDDkR1HtuJqkJsPY,rating,2026-04-15T09:29:46.004612
6afed7f8-f622-4e1e-8e53-6c20772ab313,3be37f58-0dfb-4c1a-b9bf-9b21b5badc17,ChIJy9TCyKj7DDkRhTRHFi2RHQA,click,2026-04-15T11:29:46.004612
7e43ce0d-9f4a-4909-830e-7f1206f38d49,8e935e7a-0260-49cb-aa1e-48267d2f9a18,ChIJqatSgMQfDTkRF9LVcrExTdM,view,2026-04-15T13:29:46.004612
f531eaba-d23a-4fb5-acaa-254a914676c2,67364aa1-8d07-45f5-941f-31b64963f318,ChIJGSgZBUEcDTkRRd8_ULbNj6U,click,2026-04-15T16:29:46.004612
681b475f-1857-44ff-b556-6f28c9406a67,b948be74-ff70-4b2c-a8ac-6733c4d38921,ChIJ_z56lUH9DDkRhf379R0nNTM,view,2026-04-15T16:29:46.004612
37dd0a7e-eec8-405c-a108-ac976d352339,55d1592c-6b83-4763-bc4a-ec29a66a4d8f,ChIJNQkZiF4HDTkRBq76ILZTk7M,view,2026-04-15T17:29:46.004612
1d60787c-6cb0-4923-9429-6d25f6910ce9,fd0a9c7d-c212-4dd1-94af-29cd1630015c,ChIJGX2GTD77DDkRkCEj_1vvVpQ,view,2026-04-15T17:29:46.004612
e6853bf0-8567-47e4-8727-712e7bb0901d,37de0f28-7a43-47a2-9d90-c2de45afbe17,ChIJYd2edCEPDTkRXh72EOAVeTg,click,2026-04-15T17:29:46.004612
22d13f8d-5f8d-49a0-a780-d290f4f5d3e9,38bb4a57-be5d-4372-8710-fca2be88939e,ChIJX7C574UZDTkRYfqnTVhY8-k,view,2026-04-15T17:29:46.004612
365c64b4-e9ce-402b-806b-a5e10dcf1f7f,67e6daba-b5fb-4298-a055-22ac933c8ab2,ChIJFfwScQABDTkRJvSz1Bp0JRM,view,2026-04-15T18:29:46.004612
1c12fe52-51df-4ea2-af5d-2ad61057e1cc,4fc25487-3a6c-4534-a98a-c87948cb8300,ChIJPwc231QFDTkR8Y5XU62U7R4,rating,2026-04-15T18:29:46.004612
bd5c0c4d-f0f3-4e9a-899a-98e6353633d2,1168582a-a016-437c-a4ff-15850825f071,ChIJdbSUpfABDTkRYe0f9XoVlwQ,rating,2026-04-15T18:29:46.004612
265da520-8dfe-4769-a549-6d52852b3aa1,273f4f11-eeb9-481e-bedd-70af1db321b3,ChIJe2r3TGoDDTkRE13K07ETc9I,click,2026-04-15T19:29:46.004612
148b6d3e-10b6-4f76-89eb-eb4fa72aa276,67b9adee-57d3-4bcc-a9b0-422b875c4050,ChIJ95pIbxIMDTkRS4oadXUcB64,view,2026-04-15T19:29:46.004612
27df99a7-d29b-4e4e-8557-7aa02a58b730,2df7c9fa-e1b5-4986-8644-a1c7220f45dd,ChIJxZnWx8oHDTkRUkMD7g_KF04,view,2026-04-15T20:29:46.004612
397e2d47-be3a-4f3b-9b12-cbe9e3ba4eb2,e7483e8d-5e2f-48fd-be42-05bb11f1c1e8,ChIJuS9QqWoHDTkRK828ZAauYDE,view,2026-04-15T21:29:46.004612
0a875d28-419a-462f-b972-83c9a45d18bb,a30f1759-b906-4a04-ac21-fbfffd8022ec,ChIJdb2nSwwZDTkR_qFicz-CfPw,click,2026-04-15T21:29:46.004612
4ebefa11-3743-41c2-a495-ab0d12199cd0,deefffa1-96ae-4ef6-ba08-7bc27c9629e2,ChIJd6srbPEdDTkR7DweAzHQPI4,click,2026-04-15T22:29:46.004612
0d0686cc-c45c-41fe-b163-bb7169195969,7f31a28a-8a8b-46cc-95f1-2f15e5a87f6c,ChIJ3VQnN78ZDTkRmGxqa1UL0eo,view,2026-04-15T22:29:46.004612
ae7401c9-f59b-438e-bb77-46a596a02f46,6649644a-256e-49cd-aaf3-52ae768e6f93,ChIJw2f9Y3YDDTkR7XalAEXGCGI,rating,2026-04-16T00:29:46.004612
3d659750-b930-4516-bf65-bbafb3fb9c3b,18926347-9c00-4610-ba3b-b4f0628dfc4b,ChIJ0yLaR0H9DDkR4ItbT8FxMO8,view,2026-04-16T00:29:46.004612
edf82ba7-a6b9-4ef0-afd6-d17a7060c512,d853ef17-5a32-48d7-b5ef-b40a9b628554,ChIJ10WSvbAbDTkR8nRvr9xv9cE,view,2026-04-16T01:29:46.004612
909ae0f8-df41-4f46-841a-93cddb208c29,dbca0a66-9608-436f-8ea5-710f955c0a74,ChIJS0aYLBwjDTkRg1kvuwxqGGk,view,2026-04-16T01:29:46.004612
ca173bf1-c01b-4f81-981e-866eeb57406c,309a3e0f-e49c-4ecc-b251-e14eb1752d8a,ChIJ7xzv0_XhDDkRouVSxdtA7Kg,view,2026-04-16T02:29:46.004612
6082af96-55f7-407d-80bc-d76ed83dd0b6,20329a95-39f9-46bc-9d3e-dccaacb1574b,ChIJSbK5LDjcDDkRNyRcRHo4DI0,view,2026-04-16T03:29:46.004612
64e64e4e-6f73-4d45-835f-9f14c3d181cc,4fb6ac45-b3b7-4ca7-b2b1-3a7b65dfaedf,ChIJtwsPvxsXDTkRbnLWQkgcsoU,view,2026-04-16T03:29:46.004612
d3e40650-bfeb-4e85-99f5-b33eae69c21b,5bcca5b0-f7a2-4403-82e9-54ba1d9b87fa,ChIJq6qathkdDTkR-mtwPPIV2C8,click,2026-04-16T07:29:46.004612
af6994ac-e2f2-4ee0-a442-00c76a7f5790,01d97da9-9450-46d0-9d48-4d63b6ee1037,ChIJk8qoSVIDDTkRAEGQnmvB3wY,view,2026-04-16T07:29:46.004612
5b5f052b-f3f8-44da-9677-cdefaba217f1,04cc9df0-3d75-4091-84c2-a22195082704,ChIJHY9kQ3oZDTkRFwMKA9zUHhA,booking,2026-04-16T08:29:46.004612
6695dcca-1f40-4a6f-9e45-b55b93965fe2,a37a4025-611e-4834-b206-02f588ad555c,ChIJGTTB6-0ZDTkRdIDLpY_uLr4,click,2026-04-16T10:29:46.004612
2d0b0bc1-d5aa-4383-86c9-7ef1f3e713b0,9541d020-4717-4348-8140-c9dbc6ac086d,ChIJ6XCwlb0dDTkRLWxu1qjVv00,view,2026-04-16T10:29:46.004612
51e65fcc-141b-455d-b949-8b4be99ca74d,bab17f22-cf43-4897-a023-31b708559dfb,ChIJgfLBXRgeDTkRlsDBRnel4Ws,view,2026-04-16T11:29:46.004612
a174a3e8-904a-46b8-b457-9e7155049695,3b3e881a-72d0-47ab-9058-597b7916acc0,ChIJkVWZhsvkDDkRBjzrN61i9fQ,view,2026-04-16T12:29:46.004612
3a61b26f-6347-4637-b553-231ef71698c1,b06db2c7-0962-44a2-9e2e-0c20ed116e97,ChIJYdNoMrwCDTkRFluyHeSqGoI,rating,2026-04-16T14:29:46.004612
f11a1e6f-2bf7-45ab-a587-2fa81bdc80c2,85022eea-434f-4cb1-9f29-305747ee367a,ChIJAQAAAKHThDkROOHqJK8SqEQ,booking,2026-04-16T14:29:46.004612
b92c3b0c-6610-4d6a-91b1-f52534665217,3b030995-f450-4070-abce-89f1ee8fd2ec,ChIJd877ErcBDTkRSFMpmZaG98k,view,2026-04-16T16:29:46.004612
122c1709-eb10-489a-aee5-0ba8095374ef,26b70735-b82d-4c89-9334-8cd9716109e6,ChIJiTGgzpkCDTkRfjZ2Ar8ZSBU,click,2026-04-16T16:29:46.004612
14d19633-7f2d-4f33-98d6-6cb575ba01fa,309f441d-29e0-4ce7-beae-bf3754530e3a,ChIJdXE5kq8ZDTkR3XRcDlA5Alk,view,2026-04-16T17:29:46.004612
550117a5-364b-4921-aa6a-3725f1c6a4ec,1168582a-a016-437c-a4ff-15850825f071,ChIJ75mawVXjDDkRgnu3gPfCRjc,view,2026-04-16T20:29:46.004612
e7565101-6811-41f6-963b-1279f87d82e1,11e5be4e-236a-4c37-86c4-a82ff94ee7e5,ChIJE_C2GxfjDDkR-hXZcO33uF0,view,2026-04-16T21:29:46.004612
b4138f59-04b7-4e72-982a-d892e7cf8e4c,4113bbda-803e-4395-9fb1-668ab2b08142,ChIJuS9QqWoHDTkRK828ZAauYDE,click,2026-04-16T21:29:46.004612
b6611ad3-43eb-4ff1-838e-a9ff5498a795,48a54767-0408-4189-9a47-6a810b2227e1,ChIJ0YSsSrcdDTkRPyej8NVwQ3E,view,2026-04-16T21:29:46.004612
3af017a6-a97b-4007-aa6c-f5c0821ff29b,5da70823-a49c-40ca-91e9-3077db391b34,ChIJcU_DX6j_DDkRgq0yuWNNbMg,view,2026-04-16T23:29:46.004612
4edbb584-49a4-48f1-bdf0-9795b5eb4c9c,4639b934-5fe9-4988-a7c9-d96a8fdde734,ChIJdaJqbSgdDTkRiKTTCgl1KSk,click,2026-04-17T01:29:46.004612
0a779795-d7ab-4d67-958d-4fae998d70fc,bab17f22-cf43-4897-a023-31b708559dfb,ChIJRyNm3GD9DDkRUDuZ6cJXPy4,click,2026-04-17T01:29:46.004612
a8690131-d04a-43ba-9a0a-125c18732e47,68c1db27-af96-4b10-8e19-55873cb43635,ChIJBUyBs_EBDTkR6NDsh_942IY,view,2026-04-17T02:29:46.004612
0e4586b9-7d58-4396-8714-f0eaa157c973,940b5992-b2c8-4606-8577-fb950b49d30e,ChIJgyqMzGPnDDkRQ20lUOXLQO8,view,2026-04-17T02:29:46.004612
873d3e8d-5918-4e65-a52a-a2005aebd009,e79fc8eb-d34c-4eba-9f82-3f875c8cef74,ChIJAzdTzS7jDDkRIt7HRR47yfc,view,2026-04-17T02:29:46.004612
57bf8cd3-5fce-49dc-a5fd-7364f92987d0,2fa7abcb-5b57-43dd-8df8-d6119015d2d2,ChIJa6yw1-AZDTkRqNKlmkNQJ_I,view,2026-04-17T03:29:46.004612
31813cb8-5c80-4862-86be-cbbf9531c912,e8d93133-4aaa-428c-8120-027f2cfd27a1,ChIJX7S4gF4ZDTkR1muRn56eJLM,view,2026-04-17T03:29:46.004612
e81b4964-eb3e-4858-b338-a9fa55239009,557d605a-e639-4ef3-9f0a-8d9ce87566ba,ChIJ6yMHonsZDTkRMN0eS43o7Tw,view,2026-04-17T05:29:46.004612
3c4ed636-673e-4988-9ef2-5df5b1935f21,3f499889-a418-497c-916e-2919e78cf28b,ChIJzXc9YhUBDTkRsWv66_fqyqA,booking,2026-04-17T05:29:46.004612
fefd9033-0faf-45eb-a674-dffbcd030ecc,b2bae56e-6bef-4589-91f8-3bcb0079a939,ChIJPeq9RFDnDDkR3ThA8S-1P4Y,view,2026-04-17T05:29:46.004612
e60aa8c9-92af-4250-a669-3c19f30fb98b,85022eea-434f-4cb1-9f29-305747ee367a,ChIJr3G6agDdDDkRHk3tDePJCI4,click,2026-04-17T05:29:46.004612
5dd0f77b-9239-46a8-bf5d-b3cf9371b14c,aac09aeb-fa74-4654-b63e-ad5dd38d7863,ChIJN4mrAP8DDTkRdYDOnNgL40w,click,2026-04-17T05:29:46.004612
c3993689-5cc0-4b93-9a6d-4f2acb3e1a6d,da7bdf63-c815-45bd-9ed2-1d70cc614424,ChIJ64ybpDgFDTkRNm-JNcbqCuE,view,2026-04-17T06:29:46.004612
c9d5c95f-5473-461b-b95c-c4a8b3ea0715,63202cd2-4df1-414e-90d4-f3548eec0853,ChIJnTjJeM49DTkRFBa_G4PhaXg,view,2026-04-17T06:29:46.004612
d531486b-8901-42bc-9a52-dbe52261d7c9,ee112730-a254-4747-ac9b-4cd3bcbf885e,ChIJq3VR8w3_DDkRPICGVj8ny_I,booking,2026-04-17T08:29:46.004612
7431e3f9-3000-40ce-aaf0-ab383a72a446,aeedca81-5b94-4f80-b95d-b3596c11b746,ChIJ2am72v89DTkROMLW-jN2w0w,booking,2026-04-17T10:29:46.004612
03488e61-3008-49f7-aed6-e1db99d39073,3252bd00-3a8a-47bd-ba86-fd871df444ce,ChIJKxVFie8CDTkRIgB2qqYMcOs,view,2026-04-17T10:29:46.004612
d5cbbfa0-eb96-4d73-8e61-2e4fa6852960,67b9adee-57d3-4bcc-a9b0-422b875c4050,ChIJdwQosSwhDTkRemMOwhgmgNM,booking,2026-04-17T10:29:46.004612
101de53c-5d63-4782-bd1b-e13566e96473,52c153e2-41de-4d35-810b-c52b9f4a0421,ChIJSY21bsX9DDkRkp0mg84Qa64,view,2026-04-17T11:29:46.004612
81675aa6-ccc4-4221-bc03-d1de3a4571dc,7982c846-d69e-4f9f-8142-bed1f5e309f0,ChIJNVRyWcgaDTkRj3BVa6ccnAo,click,2026-04-17T12:29:46.004612
b4b635da-b89f-4321-8f5f-2e9bf28e13d2,10e75ef2-4399-4391-a2b7-17ac26c011aa,ChIJa2MsH6MCDTkR2k0d3sh8BGU,view,2026-04-17T14:29:46.004612
115cd354-2422-435a-b4e5-91760cc0eef8,f90c6e05-6022-434d-87ad-87731a11c6e9,ChIJuWJbafgdDTkRgrD6U1ZCKtc,view,2026-04-17T14:29:46.004612
a4a84820-044a-4c6a-a292-ff6db17aceae,8e1590a4-3c73-44fd-b894-b061956af9ef,ChIJ34bw-9AbDTkRX4duKPn_Nqg,view,2026-04-17T15:29:46.004612
d5a4d3fc-61d7-4436-8685-429a829d443e,d89e1f00-8ca2-4838-8356-679ff50a23c9,ChIJBbpSm1sJDTkRdKOUL6qnOIY,view,2026-04-17T16:29:46.004612
69cdc8aa-9c48-43cc-81fd-5cf8af1ba76e,6edb4a6d-c6d9-42fe-8f07-3f162343fa8c,ChIJOdNvnNkFDTkRX4MD2_JUXeQ,view,2026-04-17T17:29:46.004612
406a0a9b-f12a-422c-ba57-9cda4b7a96b0,86d28bc0-8971-4188-824b-f6a721bf58a4,ChIJAQAAAKHThDkROOHqJK8SqEQ,view,2026-04-17T18:29:46.004612
64994217-710f-451c-80b0-d2bcba10494a,a4242dbd-9983-4afb-a44f-2f856be11ace,ChIJdx3KI4vhDDkRjBieM5ZC8sI,view,2026-04-17T19:29:46.004612
873d8eb4-471e-4a61-a795-4ca2a8b52dc9,59e28b8b-ec3b-45e3-ad0a-a6ece3d84656,ChIJ13o6losfDTkR7ugYxJNGxvo,click,2026-04-17T19:29:46.004612
085204f3-e83e-40a3-acc3-c0d7033e98de,d0ff5ea0-21b1-4d08-96e0-2be464aec051,ChIJ5ybDRzjcDDkRl2FKQsRD4eo,view,2026-04-17T21:29:46.004612
31e9fa9f-f2a8-4c29-b2f0-6d3ff5fee53e,623e9ea6-1956-44d0-b116-9fe15be116c2,ChIJNVRyWcgaDTkRj3BVa6ccnAo,click,2026-04-17T22:29:46.004612
44fbd93e-f4c1-4150-80fe-8e75a8583093,82703928-e288-4c52-85cb-7d60ddd1bf9a,ChIJ7yY1S0AcDTkRZIaCEtrF_-A,view,2026-04-17T22:29:46.004612
e0f0b89b-4ce6-4077-93d5-a2498870da58,216821c0-ba84-464d-9d3e-455250a05e9f,ChIJ7bfQAnIcDTkR6QuFSvjr3e4,view,2026-04-17T23:29:46.004612
e9740ad2-37b8-4d41-ae13-6d62f1e06a70,4fc25487-3a6c-4534-a98a-c87948cb8300,ChIJy2cTCzADDTkRQf0Uee9-tZ4,click,2026-04-17T23:29:46.004612
61ea74fa-9a74-4cfb-a471-da28dfb644b1,4ef76e02-bb82-46e4-b94e-a2762f4f3e40,ChIJe61PIQ8FDTkRhg9m7cdt9gg,booking,2026-04-17T23:29:46.004612
78f8d1bf-b12a-415a-8d96-834b756d9a6d,55d1592c-6b83-4763-bc4a-ec29a66a4d8f,ChIJAeEer4jkDDkRnvYOsth2r2c,click,2026-04-18T00:29:46.004612
1986f70b-734c-4738-ba96-32997f0105d4,83ffdadc-58d1-4474-a5d5-e61a9f6dd60c,ChIJKWnq_wPkDDkR5dlmfoAQhCE,view,2026-04-18T01:29:46.004612
ecb84edc-0e69-4465-9199-808c9f91c052,15648a93-5422-43e7-a1d6-64fa0ce9ea19,ChIJfRuk03LcDDkRjgXz8GpwXrc,view,2026-04-18T02:29:46.004612
258bbfd8-7566-4362-9bd8-d820e05e13d2,c6e0c036-706c-442d-845a-369635621566,ChIJnQozcn8_DTkR60f2nzOlM_M,view,2026-04-18T03:29:46.004612
6609a74e-02ec-4f20-923b-2a4d84363a51,c4b2e08f-17a0-4035-97fd-b2cccb6535d7,ChIJ9_YcO0AcDTkR-IevngItAKw,view,2026-04-18T03:29:46.004612
20167639-80a1-42a9-a271-d8a818684339,582bf9c7-76f1-4115-9e3a-1e8c16dc802d,ChIJadUD2mn9DDkR9T7bQcD1ErY,view,2026-04-18T04:29:46.004612
afe67b00-b5fa-443b-a5bf-4a37c8ff5bb2,6b11b2cc-9f94-4c6f-b9de-f595d313ff12,ChIJKWnq_wPkDDkR5dlmfoAQhCE,booking,2026-04-18T05:29:46.004612
f99a4dac-b1a2-44c4-ab51-0f470c034fb6,e867d19b-6f44-4b17-93ce-942c8c66460a,ChIJUVEwtnIfDTkRUKif-DLwqfg,click,2026-04-18T06:29:46.004612
1ecf72d7-5a6e-4ef4-973c-db8bce7fb926,83ffdadc-58d1-4474-a5d5-e61a9f6dd60c,ChIJl-ab2zzdDDkR3F9f6h1Sy4U,click,2026-04-18T07:29:46.004612
47ab173b-ea84-4aaa-ba81-d66485979f78,8cdcfb8b-2826-48e2-bd78-fe1ab76f2155,ChIJtzqgI2U-DTkRsyjuU_lRS18,view,2026-04-18T08:29:46.004612
ce6f096b-7a70-4bd2-80e2-011a1d26c9e0,752ae880-5193-4949-8c44-7268f53705a2,ChIJm_hMGRjjDDkRypFWdaJKIic,view,2026-04-18T09:29:46.004612
18b24f71-fb73-4fff-b083-254ea7c50af1,6a9b1cbb-8985-4a54-b23e-9defdf9472f8,ChIJjYjbl0gbDTkRCrRAMjT45Yg,view,2026-04-18T09:29:46.004612
8e7fc41f-0e38-40f7-97cb-18d85d40a46c,6649644a-256e-49cd-aaf3-52ae768e6f93,ChIJPeq9RFDnDDkR3ThA8S-1P4Y,rating,2026-04-18T09:29:46.004612
aa1a193c-59cd-4902-b8f1-2b487a2a00c4,44cefed8-14df-43de-af44-e88ab07652c3,ChIJf8BWKED9DDkRo0tNpcGElSk,view,2026-04-18T12:29:46.004612
577809aa-ce9c-4837-abe1-fa777b087af8,6937561c-f57e-43d6-94dd-239d2a10af5f,ChIJcfBZzI0ZDTkRzkNr9l0ifhY,click,2026-04-18T12:29:46.004612
33fa96a6-4e94-4e40-a470-eaee58e67f55,c5f30753-7997-42fd-a42e-8c163ed92a7d,ChIJP-7LeaE9DTkRHg0KCwS-sEQ,click,2026-04-18T15:29:46.004612
789b10c7-3927-4057-aa76-27e50b42fe2e,13681eb3-7b25-44f1-b853-5b46921740de,ChIJLe0O0J0CDTkRqLWCYm9HSsE,view,2026-04-18T15:29:46.004612
40707005-92fc-4b34-97b9-d8aa3932f7f5,5634ccaa-f864-4d36-8a6c-77bded2a45ca,ChIJNVRyWcgaDTkRj3BVa6ccnAo,view,2026-04-18T16:29:46.004612
5162cc4b-6737-45e6-ae2f-c3c8c2352cd3,d801e23d-c229-4ebc-8261-5eeff8a3e839,ChIJC-P-G5gCDTkRpV3HzHjERLA,booking,2026-04-18T17:29:46.004612
4ecd5b01-0926-4da7-9709-b4e15efe45e4,67b9adee-57d3-4bcc-a9b0-422b875c4050,ChIJHyrrFgYFDTkRCzPiQ2YZTo8,click,2026-04-18T17:29:46.004612
512e767b-ac01-4392-a9d4-579e4aef968b,046edcd1-73a5-4ef0-8c68-545439e7f43a,ChIJBztzF2_dDDkRL7U3jwZkoRM,view,2026-04-18T18:29:46.004612
08fdeb6e-5634-495e-98b0-92315464b1ac,562e74bd-3afd-4a7a-95d9-5705ea03a607,ChIJW6btYiX7DDkR-wBnM_9K9bE,click,2026-04-18T20:29:46.004612
19ab1c4c-9a01-43c8-a6f6-f9b4f3ebc9df,2a2a8f2c-ddf2-496a-b7dd-03d2d93bf249,ChIJ7xzv0_XhDDkRouVSxdtA7Kg,view,2026-04-18T20:29:46.004612
5f698418-bc76-4c81-a03a-117979a90ccb,7b25bca1-5cf8-4df1-a24f-5c00b397a370,ChIJ96cpUlsDDTkRK5rHUFLyRQc,view,2026-04-18T21:29:46.004612
7abe71e7-4393-4c94-bdac-ac464d1ed1db,79d8c9cb-75ab-4bde-8742-5828e9f6c484,ChIJL0f22DLiDDkR3fcJSE_kmw8,rating,2026-04-18T22:29:46.004612
ac124342-1134-484f-b9f8-16fb2a9b5434,4b1efde4-1976-41de-8e08-9be773c8c067,ChIJveFwKoPhDDkRIqlykGWRMYA,view,2026-04-18T22:29:46.004612
bd92a878-29b5-4d41-b423-51dd9710ac51,82d92a45-0d99-43de-8933-341bad36565c,ChIJqaqqZ4YXDTkRtQ-QBVfHHQI,view,2026-04-18T22:29:46.004612
f0c992bf-0782-445b-bb9e-530fb519bafd,afee0ca8-aa1a-4864-be53-1421a03ede9c,ChIJczKllXuqDTkRLn-SdXvjeUs,booking,2026-04-18T23:29:46.004612
98c3b41e-aeff-4449-bfdf-2bc5c5ae2bbe,ab07ab46-445b-426a-b5ef-96a3feb8d1c5,ChIJ4ZO2ChQZDTkRpunIryEaAR8,view,2026-04-19T00:29:46.004612
ec7fc717-6410-4f0e-80a0-d44f49516d38,deefffa1-96ae-4ef6-ba08-7bc27c9629e2,ChIJYfWy3MIYDTkReIo6KYRj6yw,view,2026-04-19T00:29:46.004612
23b4052f-1e48-4fe7-b506-e18d2d0b9f36,0251744c-c6b0-443c-ab01-d59a3e773afd,ChIJsbue63QfDTkRhBwRIuFCTN8,view,2026-04-19T01:29:46.004612
956e84a2-0907-45f6-b58a-909202b2fddd,5a45b801-5a89-4183-8e99-461a60cf255d,ChIJda712aMDDTkRHVw3A7xAp0Q,click,2026-04-19T01:29:46.004612
919efbc7-9234-4d75-98d4-dd86b4ef6100,8eb07be8-2d0a-465d-889e-75d3715585c5,ChIJ83zzx1sHDTkRI1NK8xauAC4,booking,2026-04-19T02:29:46.004612
14acc6bb-5bb4-4127-9488-0a7689e6dce8,e36a7a29-e37f-4ebb-869f-fd6d38fb9c4c,ChIJOeYjR7WrDTkRgkC5GYzgCSc,view,2026-04-19T02:29:46.004612
e4e25441-2e23-4eb6-a342-c1e580a9204e,3252bd00-3a8a-47bd-ba86-fd871df444ce,ChIJuXSu2CbhDDkR2BjuXI2YDLU,booking,2026-04-19T03:29:46.004612
bd693ea9-a865-4b68-80d6-b6ee20cf0398,e867d19b-6f44-4b17-93ce-942c8c66460a,ChIJqeUQpd3lDDkRAa1qCvUP7Lw,view,2026-04-19T04:29:46.004612
20ad3e53-c235-4fac-b7fb-549a869821ba,67c2686b-a7c5-4cf0-8b27-bcc3f277c271,ChIJNf0vlaKrDTkRaPkYfpVHJ70,view,2026-04-19T05:29:46.004612
c4645138-6175-466a-b399-02d50d8fdf1d,67364aa1-8d07-45f5-941f-31b64963f318,ChIJ8Z3G91sHDTkR4fx3eLbmUAU,view,2026-04-19T06:29:46.004612
c025d4ac-b888-4264-a049-5c6c35cb4b93,1abc322f-e7d0-479a-92fa-24b3f76adf1e,ChIJyRN6s1z7DDkRXyz-nBjM_D8,click,2026-04-19T07:29:46.004612
ef0ab4fa-3f12-47eb-9466-a787184e21d2,d16cdef1-96c2-4f1f-8bcd-9b46274759c5,ChIJ_2UShLkZDTkRuxpjX8R1uP8,view,2026-04-19T07:29:46.004612
2034674a-6215-4b81-bfe6-f6a41dad2ddf,2fa7bd5e-bc33-4237-aaab-2e9ccd14f633,ChIJ8eQZ5P4bDTkRHptlV4BmkLY,view,2026-04-19T08:29:46.004612
34ebb52a-72bd-442f-b632-bc9d0d12aa2e,8e1590a4-3c73-44fd-b894-b061956af9ef,ChIJ93r8-wbjDDkRlf30qg5Q_pM,click,2026-04-19T10:29:46.004612
647067f4-9931-4eee-a8d7-26e341aa4923,242eaaec-3cbd-4c88-ad5b-70f7c5eb03a4,ChIJRdQiFUo8DTkRlKBQhTQKzPo,view,2026-04-19T10:29:46.004612
fee768c6-3f00-4484-8a59-95aa9e440ded,12e57e00-9995-464b-98d6-47b66b2e11dc,ChIJMx8pT70EDTkRuLk3NLaTp4M,click,2026-04-19T10:29:46.004612
7a7886c6-8b20-48d0-b318-2114a4a1800e,bf32f0be-fb4a-4c05-af6c-5f7f6971a8c2,ChIJO6S1YKjdDDkRgT-6xy2HcGU,click,2026-04-19T10:29:46.004612
ac7684b4-6870-4de9-9bac-ea3bd6110068,25c08eda-76f1-4b3b-ba8c-38135b29e77e,ChIJ75mawVXjDDkRgnu3gPfCRjc,click,2026-04-19T12:29:46.004612
b940966b-82bd-46a6-bdb9-a6af160e035c,e79fc8eb-d34c-4eba-9f82-3f875c8cef74,ChIJSw2XgVADDTkRqIELwjHJgn8,view,2026-04-19T13:29:46.004612
5f863b39-6c01-4c54-baf2-cb2a3f891eac,45a5ef60-7a39-4857-8520-7f395ec26f2a,ChIJiZo7fRYBDTkRiTXIZN7ndcM,rating,2026-04-19T14:29:46.004612
54fa99bf-3799-4273-ae79-bf5f0f48b9bc,9c9bbc96-a034-46f6-9517-98986f690a92,ChIJawhvr7PnDDkRzK8CptG0rAo,click,2026-04-19T14:29:46.004612
29e81895-8ec9-4dfa-9a4c-49a2389ab919,322ac3a0-7777-4da1-ad77-78f199723f75,ChIJ_y1TYvz9DDkRN-aFtSMAKCs,click,2026-04-19T14:29:46.004612
60638b81-910e-4277-8dfd-d6a71d0a8c80,d4ed3b72-0227-477f-91d7-16c5d6a4afd4,ChIJ5X7CbgAZDTkR2E-ZjpnjZi8,booking,2026-04-19T15:29:46.004612
6303b511-8645-485d-9b78-d3ff3c907750,594d3d8a-35f8-41cc-8de8-d3f2d5ac97b0,ChIJixN4GUv9DDkRyd_Iu--GXgU,view,2026-04-19T15:29:46.004612
5f9c82e3-81af-45d2-81a3-1bb95bd385a8,82d92a45-0d99-43de-8933-341bad36565c,ChIJtRsd1IMjDTkRhi5TIH7xu98,view,2026-04-19T16:29:46.004612
c49ea3fd-7c3e-4ae0-bc2a-0cd1b46b34ad,c7dc289e-eb3a-4c76-98f7-d8b14c5a4d4b,ChIJoZy0FF3dDDkRDl0o6XjtTAQ,view,2026-04-19T17:29:46.004612
a1faa108-5009-4e13-aae3-75a05034fc0f,81f17506-2057-4c64-bc50-ffa0a4be120e,ChIJy9TCyKj7DDkRhTRHFi2RHQA,click,2026-04-19T18:29:46.004612
f9344fa3-9587-4859-8dde-3c65797292fe,e79fc8eb-d34c-4eba-9f82-3f875c8cef74,ChIJ523s_LLgDDkReZgVUIHDaaA,view,2026-04-19T21:29:46.004612
bc304ccb-7100-4e98-ad90-0b319682215d,d91358cd-b234-405c-a307-8d6755658412,ChIJEefgc975DDkRMtvbFpfSpBo,view,2026-04-19T22:29:46.004612
725ad1df-0581-407c-b7fd-2ce3e8954a17,dedb4304-bec8-4355-954d-14319cfb705a,ChIJo_EVHzH7DDkRq0dEqPdaQ04,view,2026-04-19T22:29:46.004612
fe670a7c-e506-4299-bc4a-43c8649968f5,f2b832c6-31cb-4296-93c7-38b91309e699,ChIJv3LFrLbjDDkRcD6s3AqKMl8,view,2026-04-19T22:29:46.004612
6918f7a1-70d3-4833-8ccb-d839529266cd,e3e541af-1639-410c-b2a3-0b7b5ce191f3,ChIJ96cpUlsDDTkRK5rHUFLyRQc,view,2026-04-19T22:29:46.004612
85a7c8dc-2da2-4b4c-a7b4-2d6f5b453590,52c153e2-41de-4d35-810b-c52b9f4a0421,ChIJmZbL1DwBDTkRTUDCMOLJz6s,view,2026-04-20T02:29:46.004612
2533bb56-e3da-42a0-b1f0-84aac3d5f2db,b44fa2f8-0fca-4063-adad-2925b086ffd4,ChIJm-_MRdgJDTkRaZlhQn1wdRo,booking,2026-04-20T02:29:46.004612
9ff6c9a6-5be2-4698-b1d5-05bddfbe0cfc,d0ff5ea0-21b1-4d08-96e0-2be464aec051,ChIJ_XGJiqsVDTkRsDGzPDq1p6Q,view,2026-04-20T03:29:46.004612
eee54977-52ff-40d8-8e81-e1eb18b31697,5fc98c67-e5e9-43f6-8188-59f70e55c234,ChIJuYjlFNPjDDkRq-G603kqdxU,click,2026-04-20T03:29:46.004612
8796c0fa-97dd-4e4b-9889-496dac21e275,b1998710-c279-4d01-817d-c99ad02236af,ChIJk93LUHsFDTkRUXPXSpxy6eE,view,2026-04-20T03:29:46.004612
75575d44-39a4-4734-9e58-30ba556b072b,4d6e905c-7e27-4c61-b9eb-2bc79ce3ea71,ChIJpTozLlOrDTkRpgHOFA2GJwQ,view,2026-04-20T03:29:46.004612
ccb3b5f4-bd45-4a37-b378-5f746073aa8b,2e1aac52-247d-4fc8-a7ad-1af63ee89bca,ChIJ9f5mdiv7DDkRq-mRrFelJAo,click,2026-04-20T03:29:46.004612
4e253805-bf0b-45f4-8246-76e3a015f51e,7271d882-98d1-4026-a9d8-19bb56a3505c,ChIJQxM3RNLjDDkRpfU_0WZcbw8,rating,2026-04-20T03:29:46.004612
097d232e-6892-46ad-b078-d09fa1a87cb3,740236fe-6fa5-44c8-890a-ba72d5a36e52,ChIJAzdTzS7jDDkRIt7HRR47yfc,view,2026-04-20T04:29:46.004612
2e15037a-85af-4cfb-be6a-f8d5d000e5c9,49b2df49-3f31-4516-8625-94cad41afb7b,ChIJYwWeSWEbDTkRDX74PgkC5qU,view,2026-04-20T06:29:46.004612
76f91385-57a4-449e-bae1-dd57b91739d9,90a78129-53ea-4e27-90f6-4c185ab2663a,ChIJgfNsgx3iDDkRVYjia-ScBMI,view,2026-04-20T06:29:46.004612
0c9bf540-24db-42ad-8404-049983a72dc3,d18f287a-51f3-40e8-b8cb-0cc2548799a7,ChIJI25rymXhDDkRpXprJDubtzQ,view,2026-04-20T06:29:46.004612
014cde6f-898d-4d0a-a2c6-c88089c02ed6,ce684b65-1011-48f4-b0fc-af68c31c585a,ChIJq6qqqg3cDDkRcNh5dl8gb9c,booking,2026-04-20T08:29:46.004612
ab39f0c6-18cf-4ee3-8e0b-f081a887181d,380668ac-3826-4240-8bc5-84eac5c2d421,ChIJA-zn7S77DDkRXJsksvK3hLw,click,2026-04-20T09:29:46.004612
65516feb-d1a6-484e-b13d-a077175a71fc,30249500-e4fa-4c09-bfa4-c65e17b79175,ChIJ3f2tTHbeDDkRDf98bXDD7Zg,click,2026-04-20T09:29:46.004612
7bc99829-c1ea-4487-9c72-a61d6a02d6a9,1af78088-0b1c-47f9-b1dc-923c9353f8b4,ChIJD0MQIp89DTkRP3c_QnFrdws,view,2026-04-20T10:29:46.004612
964b4903-d1be-46aa-b981-208711340583,b3809d4d-22ce-4328-86ee-3d7915426163,ChIJFaVru3bjDDkRrUBWLmUZSM8,view,2026-04-20T13:29:46.004612
b75ce1f0-3923-499f-9617-b489aba0281f,f774a82b-0033-4ac2-bd81-889eb6212c52,ChIJVc-6iDLcDDkRYFx6THP4ASc,view,2026-04-20T14:29:46.004612
fa6cd3d9-1e16-412b-8f3e-bd2f9abb78d6,4ef76e02-bb82-46e4-b94e-a2762f4f3e40,ChIJQXZOlAj9DDkRGt_aiGqrOHk,rating,2026-04-20T16:29:46.004612
13c4ec64-27bd-4f6e-b68a-09755d44d46c,b8c90cfd-7490-43bd-912f-128c7b0f4647,ChIJ7yY1S0AcDTkRZIaCEtrF_-A,view,2026-04-20T16:29:46.004612
8a79ce1d-18a6-4455-b2f4-6ee63343db80,c1ca45ed-c3ad-46fb-9a72-f73e18dc8700,ChIJV5m_Ty8dDTkRyHJJlJvPEAk,view,2026-04-20T17:29:46.004612
f9ee574b-e35b-4a8e-a651-c6f26e1f57a5,0017310a-c3e7-4737-8d72-a3e46b8bab54,ChIJAzDQxXn9DDkRYPf3fWJwA8M,view,2026-04-20T18:29:46.004612
1b25b22b-b8ca-4541-b50d-c2178fb3e0bc,81f17506-2057-4c64-bc50-ffa0a4be120e,ChIJr1CxLkEbDTkRau7ByVr9-gc,booking,2026-04-20T20:29:46.004612
678fb3d5-a255-44e6-a07a-ff51619b35ee,e79fc8eb-d34c-4eba-9f82-3f875c8cef74,ChIJC-svMT7nDDkRsnPyEfm6MSM,view,2026-04-20T20:29:46.004612
172e7be9-aa39-4415-9736-100b1d0b4a86,d0249923-13a8-485b-99f8-6879bb7badf2,ChIJSzkGUSv7DDkR43AJnSSLgjU,view,2026-04-20T22:29:46.004612
66c44d0e-0d9b-4dc2-8a80-1a6abd01b81c,1168582a-a016-437c-a4ff-15850825f071,ChIJYxr1NN_7DDkRDUsJ4DgCEyw,view,2026-04-21T00:29:46.004612
7b7d7985-0b62-4261-9451-1433e1240dc6,bd8ea27c-380a-4077-9622-481aa8659acb,ChIJg4EYhZcCDTkRpG4TeF_9Xtw,view,2026-04-21T01:29:46.004612
1e6cbb87-ce8c-405f-952c-284315be45e0,e79fc8eb-d34c-4eba-9f82-3f875c8cef74,ChIJM6ES7xUdDTkRjzrscxEeS8g,click,2026-04-21T01:29:46.004612
553a9d51-722d-4b8e-bfba-b8df223fa436,4f6b2cdd-7c5e-42e9-a615-b9d0e094dd29,ChIJcyCyFDgBDTkRlbnFt0ewlWQ,click,2026-04-21T02:29:46.004612
79513328-1814-4883-b961-bee0d62a7582,5634ccaa-f864-4d36-8a6c-77bded2a45ca,ChIJYfWy3MIYDTkReIo6KYRj6yw,booking,2026-04-21T03:29:46.004612
87e0a9f2-ab2a-428c-a61a-ec9d1710187d,95c51aa1-e6ce-4852-a42e-f3569b27a779,ChIJT1_dZwDjDDkRnebfK5pM3Es,view,2026-04-21T03:29:46.004612
d4351374-8d95-4d9d-9bb4-cc4940d67262,7862ba6c-1e87-4810-ac29-1ecdedc490ac,ChIJ3RlMdckBDTkR0pjpqymKelw,booking,2026-04-21T05:29:46.004612
72c5ae78-a611-44eb-9161-6cb5e3ebdd5c,8bf99a39-9f9c-400d-a8dc-af9200c755f2,ChIJdXj1neQBDTkRe6C6ogZuxoU,view,2026-04-21T06:29:46.004612
6b78ed7e-ae08-447c-b943-62a03bb3a6b5,557d605a-e639-4ef3-9f0a-8d9ce87566ba,ChIJBbgsxsYEDTkRc2dRoyxQ5Cw,click,2026-04-21T09:29:46.004612
d52c2081-f279-4697-88dd-8460d54c590d,b0646bb4-2e4d-4bb0-84c0-1e4362d49fe0,ChIJtdwaGPMYDTkRQK0oAP05IEI,view,2026-04-21T09:29:46.004612
1cdc0e06-3a41-4404-a0ae-2942c867b0c5,4f6f8371-18c0-4a14-b176-7e3454ff3110,ChIJ8SoxXNoVDTkRR5Pv53WSjPk,click,2026-04-21T10:29:46.004612
36253887-a967-438a-b0d3-97361c2a9b59,707176f7-e65e-4f74-aa77-67cf4908c945,ChIJi36xEZ8bDTkR4WthqzO9FOk,view,2026-04-21T10:29:46.004612
b8024f07-9681-4e55-bddd-ee9649f07078,454fa168-4941-434c-a50d-28b215c69bf1,ChIJG8FI6_UXDTkRHGRJJxf6O_w,view,2026-04-21T12:29:46.004612
538842a5-8300-4b0d-b41b-21180aa73af1,557d605a-e639-4ef3-9f0a-8d9ce87566ba,ChIJgVaLtj38DDkR9GuM4URH1aM,rating,2026-04-21T14:29:46.004612
71f59b46-bb35-4247-9e92-4804f715c7f0,644ddcbe-3a6c-4c87-9979-76c4f245432b,ChIJh11bAXrjDDkR9tb-KG0AsUU,view,2026-04-21T14:29:46.004612
aca2ff2f-6bcb-4909-a2df-792fe2da71d7,67c2686b-a7c5-4cf0-8b27-bcc3f277c271,ChIJcWZoJ0rnDDkR7ya1Tpcw6-k,view,2026-04-21T15:29:46.004612
8cb10e0d-e9f3-4888-99f4-48f2a317e5e1,77fa55a5-6c5c-4e55-a431-5a3e55b1e3ed,ChIJa2MsH6MCDTkR2k0d3sh8BGU,view,2026-04-21T15:29:46.004612
cb3e8959-b550-4891-901b-1cd866554e41,0360d884-fc9d-4a9f-bcde-f7563113a77e,ChIJjdR7GgEDDTkRk1PVg8rr8dE,booking,2026-04-21T16:29:46.004612
5334548f-f13c-4aa4-bfff-8dfde90f0b0a,484ba900-a1cf-4128-ac39-0cdaae9a5892,ChIJs8OMODejDTkRKBAolDAcW9k,view,2026-04-21T16:29:46.004612
abc99db9-88e4-432b-850a-c728d2015336,2dd93f15-9a8f-45ed-87dc-a5093eecd56a,ChIJCdCLTWgcDTkRgCe4U3CxnUo,view,2026-04-21T18:29:46.004612
f4a89e3a-5c73-4c38-82ac-969dd9812d66,9182e03f-2dd2-48d2-8ccd-8a62bc3c3a05,ChIJwdp9bzADDTkRt_4Txb3SJn4,booking,2026-04-21T21:29:46.004612
18669571-2314-49f9-9b4e-0379997361a2,1d50262e-384c-48c6-b5ad-e6828a492d4e,ChIJGVd7GyYZDTkR72EnTWRzVTM,click,2026-04-21T22:29:46.004612
ac3c6a03-2ad7-4fde-b63f-5e083eb7bff6,18926347-9c00-4610-ba3b-b4f0628dfc4b,ChIJ95pIbxIMDTkRS4oadXUcB64,view,2026-04-21T22:29:46.004612
6dbbd06e-35aa-4efd-8237-e1d94fbf20ee,1168582a-a016-437c-a4ff-15850825f071,ChIJ3SQBg8chDTkRY0_2MuPDqv0,view,2026-04-22T00:29:46.004612
9bb86e58-912e-4b8b-9763-daac4116ad7e,2f593b57-222f-4ca2-a2f0-685b7daf81df,ChIJBeUtHnTiDDkR4Ubj5utSO8c,click,2026-04-22T00:29:46.004612
7b1e3871-a42a-4899-9a18-07bebf96b738,bf66700f-a785-4863-8675-5231896b5901,ChIJQW0dhlAbDTkR27QFjwM29j4,view,2026-04-22T03:29:46.004612
f281b58f-9c41-46ef-9e49-22cf7481fcd6,37de0f28-7a43-47a2-9d90-c2de45afbe17,ChIJi36xEZ8bDTkR4WthqzO9FOk,view,2026-04-22T03:29:46.004612
c39cfbb3-cbbc-41d0-9505-b158a55d5d4e,aeb166fd-c454-43a4-be17-eefd82ad126a,ChIJT9rE5V_9DDkRMhhHsDLqGkY,view,2026-04-22T04:29:46.004612
0adcd211-f765-4e63-acfc-af004dc493a3,6edb4a6d-c6d9-42fe-8f07-3f162343fa8c,ChIJ788UkOAeDTkR1IXMH3KeYTY,click,2026-04-22T04:29:46.004612
01d6121b-b6e1-4acb-be69-367343c9d691,0017310a-c3e7-4737-8d72-a3e46b8bab54,ChIJb9R_xAfdDDkR2AVEx0QfRhk,view,2026-04-22T05:29:46.004612
f5fcf2b3-5216-4a1e-bb3a-5422f4990a54,e867d19b-6f44-4b17-93ce-942c8c66460a,ChIJHUReadH6DDkRo5MiseFGFZQ,click,2026-04-22T07:29:46.004612
1ec9ada5-4cd6-44bf-ac80-8d757aad1650,13681eb3-7b25-44f1-b853-5b46921740de,ChIJwRT3qCUeDTkRecFelntewZs,booking,2026-04-22T08:29:46.004612
cce21282-e69d-46e0-85e4-db0d3cf2d9d6,8c0efedc-1d9e-4474-a375-d497de640a07,ChIJHcE1PUsYDTkRk6DOqjzqpVQ,rating,2026-04-22T09:29:46.004612
24bcb435-ebbe-49b6-9a4a-e80b47d314a5,45851b54-9ffa-4405-ab68-681909d82682,ChIJe0aRQU_jDDkRiANhTaAQknI,rating,2026-04-22T12:29:46.004612
003f1aa6-2916-4fd4-8c29-cb4beaa1a985,68c1db27-af96-4b10-8e19-55873cb43635,ChIJayqg-TUbDTkRcFyaA0O5Wog,view,2026-04-22T17:29:46.004612
4ec1933f-4d3c-4f7d-905e-fdd91a84e24e,b1998710-c279-4d01-817d-c99ad02236af,ChIJT9rE5V_9DDkRMhhHsDLqGkY,booking,2026-04-22T18:29:46.004612
e5c0c375-b860-417f-aef1-0a8ccf58fd14,3c9d6a37-dfc1-4aa0-a1c0-ce6a5f7eeb6f,ChIJk4_wGzL7DDkR7ryPrhtrJuw,click,2026-04-22T19:29:46.004612
38763af6-a61a-4ad6-9ff9-da1358456d4c,567cca15-a491-4b46-a71a-5e8d911c94aa,ChIJAQAAwMoZDTkRW9hrHxvXr20,click,2026-04-22T19:29:46.004612
94aceca6-6f2c-4446-aeb2-98029a11ec7d,d29e6b85-cdf9-462f-8815-6dfeff9a152f,ChIJNQkZiF4HDTkRBq76ILZTk7M,view,2026-04-22T19:29:46.004612
7b6bab9a-c7d1-4c46-a2c6-eee7085f8857,8cdcfb8b-2826-48e2-bd78-fe1ab76f2155,ChIJ6YO4P9zdDDkR_N4aclI98Ng,view,2026-04-22T21:29:46.004612
1e28465c-6ac9-4e26-aa6f-5f82669581c5,b93f1c5f-045a-466a-a21b-d2905677cd14,ChIJ9QLLUI3dDDkRRkT-iEdX5Oo,view,2026-04-22T22:29:46.004612
e909d165-cf2e-4ed7-8548-5f9796124a34,52c153e2-41de-4d35-810b-c52b9f4a0421,ChIJ02qaT-P9DDkRmOF-ajKFnjk,view,2026-04-22T23:29:46.004612
f0bc3e36-bd23-4934-af62-078baaed2191,ef575917-4cb4-4cbd-903d-4be53a66ca29,ChIJWdsZcpYDDTkRbJ9VIM03aUs,view,2026-04-22T23:29:46.004612
a2c95754-9cbd-4c9f-827b-5f9d669f96cd,9182e03f-2dd2-48d2-8ccd-8a62bc3c3a05,ChIJgRHwEe_7DDkRC6q5bpveHsc,view,2026-04-23T00:29:46.004612
b31f8497-5a2c-4957-b70b-3b6c7aee71fc,d61cd3f5-5242-4468-8633-1939d4899de5,ChIJq6qqatPgDDkRZcvXKuNHJ0M,view,2026-04-23T02:29:46.004612
43235133-94a4-474c-a44a-844bce3b6939,e867d19b-6f44-4b17-93ce-942c8c66460a,ChIJkfHo0wEbDTkRUlBuTJv40mE,click,2026-04-23T03:29:46.004612
9146562a-1863-4684-9f3f-801c76f076e7,4639b934-5fe9-4988-a7c9-d96a8fdde734,ChIJZfR22t4DDTkRGeZis44ky1o,view,2026-04-23T03:29:46.004612
f60272be-200b-4541-9832-b93372a5dd95,8d275bb4-94e5-44d4-a506-7ef33dd1aad6,ChIJxY54Sx_9DDkRgZ05aiuE6aQ,view,2026-04-23T03:29:46.004612
56f5ca9a-06d8-4dc6-998d-578957034b63,3c4b7a3f-0093-4a17-a928-554f1957cab9,ChIJ8eXMjBQDDTkRB0vq5KGUuro,view,2026-04-23T04:29:46.004612
4a3c80fa-6154-4e57-a017-d00625c07b65,273f4f11-eeb9-481e-bedd-70af1db321b3,ChIJHz6rlQ0ZDTkR3PLIrgWCYmM,view,2026-04-23T07:29:46.004612
0f127700-664a-4755-8904-8afad3dc9877,aac09aeb-fa74-4654-b63e-ad5dd38d7863,ChIJBXnLrFvhDDkRAiQRIACRglQ,view,2026-04-23T08:29:46.004612
c7a9c389-456f-415b-80c1-ce7daf612a19,f0abf17e-55d4-4b53-a889-e6b8756557cc,ChIJ6dIL9O3lDDkR08PFnVJrs1I,view,2026-04-23T08:29:46.004612
e49d3a82-513b-4e3a-a4ae-f96eea4085fe,ee4ff499-5094-41ce-ad34-44aa3d6320fd,ChIJZ03D9-X_DDkRDe5lPjcYyWg,view,2026-04-23T08:29:46.004612
2f7c7fff-4165-485e-8a8b-544719180e5b,f4cda6fe-eeda-424e-9053-2afe299ddd5b,ChIJ1Qnx2DA9DTkRdqk9S2x5zI0,view,2026-04-23T08:29:46.004612
5fdeea50-f34d-49d1-82c4-904b0a0e91e4,4ef76e02-bb82-46e4-b94e-a2762f4f3e40,ChIJ5ybDRzjcDDkRl2FKQsRD4eo,view,2026-04-23T09:29:46.004612
45852b54-22e5-4d3f-b6a0-440c110fb6fc,8e935e7a-0260-49cb-aa1e-48267d2f9a18,ChIJC0pNFKb_DDkR6f4LYdcCE3w,booking,2026-04-23T10:29:46.004612
d2dea2a3-48b9-4b63-a207-c6adc53238a8,8cbcbe27-f2ef-492c-95fe-ac29cf61c512,ChIJTSw1U9UXDTkRPNDA5dxjbTw,click,2026-04-23T10:29:46.004612
ad8b40e5-635a-48f9-8bca-4d875175f9fa,b84c7985-fd4f-4250-81db-dc6b114a69d0,ChIJm0qIOasjDTkRA453tuikBoQ,view,2026-04-23T10:29:46.004612
85f892c4-4733-4e5b-bb48-fdcd13ca82c8,b4c22be5-bfd5-4719-9adb-b47fd6ce6ccb,ChIJz0uozLL7DDkRn8ViMcXySzo,view,2026-04-23T11:29:46.004612
afc4b0e5-970f-4508-8f56-71b1c55140dd,e2168cc0-d734-40be-b899-2ab111c62c7a,ChIJ3wz0KwfiDDkRjHFWQTiSUNA,view,2026-04-23T12:29:46.004612
6c39c831-f1cb-4afd-ae09-112a7b144435,6937561c-f57e-43d6-94dd-239d2a10af5f,ChIJz6uJIQfjDDkR3gifjDKqsIQ,view,2026-04-23T12:29:46.004612
da26458c-ddff-4696-a370-ee88c5be742d,2897d22c-1b7f-4641-b976-942bcd0098fc,ChIJuwnUayoBDTkR7f2EijQM9g8,view,2026-04-23T12:29:46.004612
da81b9d2-9f90-47ba-a5b7-a31141b126cd,3f88c491-58fd-44a2-abf9-df85d43a1465,ChIJ-XvcAPgdDTkRFvBaEfggBoE,view,2026-04-23T13:29:46.004612
1013dccc-70be-45a3-a3c3-97f010ca772d,d29e6b85-cdf9-462f-8815-6dfeff9a152f,ChIJ5V5eFuAHDTkR47MCn7ul_ww,click,2026-04-23T13:29:46.004612
098087f4-73e9-4214-8bab-3458b52ec402,e36a7a29-e37f-4ebb-869f-fd6d38fb9c4c,ChIJiZo7fRYBDTkRiTXIZN7ndcM,click,2026-04-23T14:29:46.004612
bb4bfe0c-f632-4ea9-91e9-8abeb0a35792,3a40b1c2-baad-46de-91e3-69eb5211f542,ChIJuS9QqWoHDTkRK828ZAauYDE,view,2026-04-23T14:29:46.004612
f37f8c98-4505-4847-b242-8316bced0b44,f83a9ebe-79bf-4a5e-a810-f0efdebbe210,ChIJM8VeA8kbDTkRx4Flhzxppg4,view,2026-04-23T16:29:46.004612
d72bdf92-ea07-4ed0-b983-417af413842e,1f570286-7792-442b-8f71-00fb25c68d25,ChIJPbBju7WrDTkR4JTqvSWdJZc,view,2026-04-23T18:29:46.004612
591e7a74-004b-4661-8dc0-bedc351dfd50,dedb4304-bec8-4355-954d-14319cfb705a,ChIJDfbvBQAXDTkRhozPcRxRaJ8,booking,2026-04-23T18:29:46.004612
680e501f-aa8f-4303-930c-dedfd6867319,b7568585-cef1-401a-bfc8-42122cfb985d,ChIJp6qq6tofDTkRxTTgVXrcTZk,view,2026-04-23T19:29:46.004612
e4e2359b-21a0-4c2b-a202-f1e6f5b7edcc,cc4e5d47-390c-4243-bf4e-87ed1a948154,ChIJ73h-x7AfDTkRYODY5sS8TO8,view,2026-04-23T19:29:46.004612
deb25e26-eeaa-44a6-aa06-2388388dd39b,6f5cee92-8e7c-4c1c-9d8c-411e6f4f82bd,ChIJC5Q-kVUFDTkRJw9wSqEzoKY,booking,2026-04-23T19:29:46.004612
4f2e9201-45ed-4bde-827d-2123ecee01d9,85f877fc-5969-4798-846a-782e928d85b4,ChIJERGjA9qrDTkRDLW8qze8P0I,view,2026-04-23T20:29:46.004612
8d27f990-799d-4473-977d-c7ef0d035191,9541d020-4717-4348-8140-c9dbc6ac086d,ChIJH6vik5r9DDkRwaLCMAtRMBM,view,2026-04-23T21:29:46.004612
31c1c982-229e-45ab-9856-2acbbd438821,a123c201-eb05-40b0-a623-65fc5c901802,ChIJqxGysiLcDDkRb_4pTjmeGHc,click,2026-04-23T21:29:46.004612
cd4eb665-fa64-44b7-a1a5-b46453db09af,665e3599-cb6b-4c1d-a10d-1e405f2b6c97,ChIJJfVl6mnfDDkRF7gDYYhtgvE,click,2026-04-23T21:29:46.004612
687b348c-1058-463c-8a71-b0976b5ebcc3,2897d22c-1b7f-4641-b976-942bcd0098fc,ChIJ69cVdAD9DDkRKbdKKZC9RCA,view,2026-04-23T23:29:46.004612
28613c98-1266-4233-858e-6a3b70a33fb0,3015c9b6-5899-4199-bf11-0dce85a55a7f,ChIJR3a0cswFDTkR9VOW8hki9K4,view,2026-04-23T23:29:46.004612
9a46b38b-dd9c-4693-801d-a6ae09007a37,bab17f22-cf43-4897-a023-31b708559dfb,ChIJT8kShEAZDTkRl2U1GRhAYN8,view,2026-04-23T23:29:46.004612
107045da-2843-44d4-8240-3c8104ef8128,4fc25487-3a6c-4534-a98a-c87948cb8300,ChIJBUyBs_EBDTkR6NDsh_942IY,view,2026-04-23T23:29:46.004612
45d08818-a78f-4682-bb18-634480d9e4c4,dbca0a66-9608-436f-8ea5-710f955c0a74,ChIJmaiOGEo8DTkRRhZyisMfsrA,click,2026-04-24T01:29:46.004612
95fec92c-9fde-4fa5-9555-f8866135e68c,b6b9a069-7775-44ae-b276-b2ff93dcb7be,ChIJYxr1NN_7DDkRDUsJ4DgCEyw,click,2026-04-24T03:29:46.004612
3cd5b020-56d5-47ed-9236-8638a3a5ff55,ee112730-a254-4747-ac9b-4cd3bcbf885e,ChIJ2YQPmRgFDTkRpjzhL5Eas-U,view,2026-04-24T03:29:46.004612
551301ad-4c43-4c39-98c4-176e5e2b8b2c,7d372a30-1f32-47f1-a5ae-29f38ce51ae0,ChIJtdwaGPMYDTkRQK0oAP05IEI,view,2026-04-24T03:29:46.004612
aa8604a1-66a2-464a-982e-9bfa113b1545,79d8c9cb-75ab-4bde-8742-5828e9f6c484,ChIJ_XfWkV0DDTkRV-MWftStFZY,click,2026-04-24T06:29:46.004612
327da8ae-76f8-4432-a45f-685db689092a,4ef76e02-bb82-46e4-b94e-a2762f4f3e40,ChIJA4OXYoEHDTkROFZ398gVHHU,view,2026-04-24T07:29:46.004612
5a215a47-e3af-4c26-9b38-7a59e1ec627f,7dda7ab6-4686-44b0-981a-42a865591aa9,ChIJORerleg9DTkRUm59PSlICrE,view,2026-04-24T07:29:46.004612
f1456d70-204c-44da-a008-d6cafa19fedf,aeb166fd-c454-43a4-be17-eefd82ad126a,ChIJ10WSvbAbDTkR8nRvr9xv9cE,click,2026-04-24T07:29:46.004612
fe753c17-8ea8-4c7a-889d-4174ba548b63,d5e48dc1-31fc-42fa-9872-a3ff735624f8,ChIJNaMuONvjDDkRv5D1tbP4bIE,click,2026-04-24T08:29:46.004612
a1f299ab-a7c7-4840-8b5a-45eab1a810fd,f774a82b-0033-4ac2-bd81-889eb6212c52,ChIJ1QmSeSYJDTkRiOphuniTwKA,rating,2026-04-24T08:29:46.004612
9ac5e1a4-2729-4002-a859-38d39c6a73b5,25b120ae-05d7-4db4-97be-65de8c6ce579,ChIJFXSOmqDdDDkRvjkhVVsePg0,view,2026-04-24T10:29:46.004612
f8e6e4ee-7226-4403-a36b-017fc6d54b41,25c08eda-76f1-4b3b-ba8c-38135b29e77e,ChIJqxGysiLcDDkRb_4pTjmeGHc,view,2026-04-24T10:29:46.004612
5198cfc4-fa74-4564-a0d7-da9fabdd2e4b,01d97da9-9450-46d0-9d48-4d63b6ee1037,ChIJe0xCk5bdDDkR666iGLVq8iw,view,2026-04-24T10:29:46.004612
a30631ba-aedb-4a9c-bb6d-d36114a936f4,dbca0a66-9608-436f-8ea5-710f955c0a74,ChIJtwsPvxsXDTkRbnLWQkgcsoU,click,2026-04-24T11:29:46.004612
b1a39d80-d2dd-4c1b-bc5e-8b674c14543f,7f29a7e8-29b8-4038-bc46-8a33d2e3a8c9,ChIJJ7fCIwAfDTkReXn71Uz-ONM,view,2026-04-24T12:29:46.004612
881da2df-228d-4899-8e13-013a8ba688c2,3b08d955-3c94-4732-bfb6-b67bcec421cf,ChIJ83sN18QEDTkR8THDqjoDwF8,view,2026-04-24T13:29:46.004612
898f5540-7b11-4f8a-8507-a56bf87b8e10,bb9ba807-5b46-42f5-8465-5c97af0f5beb,ChIJPwDEgOH9DDkRVZXlK8nS0nw,view,2026-04-24T14:29:46.004612
f210c88b-a7d2-4446-b249-378785da296f,7d11a3e6-38c9-4c51-b54c-9616796ccf44,ChIJ7VH_h-IdDTkRFNSyL2_D5vs,click,2026-04-24T14:29:46.004612
b87ef280-7ca4-479f-9aba-d98f416d399f,7352c669-5481-460d-b466-9c9d080ca607,ChIJqxGysiLcDDkRb_4pTjmeGHc,view,2026-04-24T15:29:46.004612
4e5a61d1-5859-4e24-a390-21a938d3e6e9,1274b034-38fa-494a-92bf-820c21e1d8ae,ChIJ8Z_NJZ4DDTkReip6lwx436M,rating,2026-04-24T16:29:46.004612
353f1aff-a596-401a-b8c3-78d8449d01c8,948ee998-a734-4e61-86e6-d0f2bbe92cb1,ChIJIbuMAirnDDkR1HtuJqkJsPY,click,2026-04-24T17:29:46.004612
a84f8389-6bc3-4946-9914-5c8476353fb1,cc04bfa6-c90e-4dcc-a3ca-d304f232bc5c,ChIJH6jGmccFDTkR3zHqyC0B97E,view,2026-04-24T17:29:46.004612
43005754-2df9-43db-80c2-24dc411b691a,bd8ea27c-380a-4077-9622-481aa8659acb,ChIJSw2XgVADDTkRqIELwjHJgn8,view,2026-04-24T18:29:46.004612
dce71b02-4caf-42c0-aff8-0130ac3b38eb,bf8ef2c4-1eb7-42ca-8be6-f2bef274044f,ChIJf7d4Yt36DDkRGKQZ09p4zI0,view,2026-04-24T18:29:46.004612
a3261478-7ace-4914-b8d6-5e2fdf85f830,12e57e00-9995-464b-98d6-47b66b2e11dc,ChIJTXTyo_f9DDkRj2PdyIQw41c,view,2026-04-24T18:29:46.004612
c3d0a61c-9793-419b-b356-52c216d027de,8cdcfb8b-2826-48e2-bd78-fe1ab76f2155,ChIJ-Ty9tEz9DDkRxhAk4j8Iu8s,rating,2026-04-24T23:29:46.004612
15e0a0dc-bef2-4870-815d-374f9306ed9a,9c35b8b7-3f25-444c-8695-1e1a6e215ef7,ChIJ8fp48rP7DDkRB1sioTWEZE8,view,2026-04-24T23:29:46.004612
f8322bd7-c382-4a6b-8f91-ae4664e9f849,2fd646f2-e520-44d5-91cc-a0c8d5556ccd,ChIJAaXhBdofDTkRjJVX_cRNLSQ,view,2026-04-25T00:29:46.004612
d389b4a2-86bd-4f9c-a951-ef575bb86427,d0c07121-b2b5-415a-9d77-9211fb33bf8e,ChIJZSEVrPHlDDkRZ5C2vrpZXRM,rating,2026-04-25T00:29:46.004612
dcc1a8f0-4789-4d69-afcc-9586f6508ad6,83ffdadc-58d1-4474-a5d5-e61a9f6dd60c,ChIJe6wA2_TjDDkR7Ojp3A0uKiI,click,2026-04-25T02:29:46.004612
92a6bbfd-3fde-4010-9bfe-4297471b5a34,45166870-9387-4484-b22d-da6ca7e8e9e2,ChIJWWh9-XjdDDkR5HcuTf_TKY4,view,2026-04-25T02:29:46.004612
901cb9cc-3bad-4289-83ca-a0c61205ada1,5f717026-5eec-44ef-99b2-099eb05496d6,ChIJu3tzx0EHDTkRNcc5Qf8-vLI,view,2026-04-25T03:29:46.004612
ff4ddb05-e723-4245-9405-0f790f64cda5,0251744c-c6b0-443c-ab01-d59a3e773afd,ChIJqXNAFM4JDTkRv9fJ8SQ8ADM,booking,2026-04-25T03:29:46.004612
b8cdc670-3e11-4402-8805-2115f26b2066,8b090365-f819-477f-a8f7-4bc8e4f950d9,ChIJUW2yCxEZDTkRJV_Mf597aw8,view,2026-04-25T04:29:46.004612
94925bbc-06b9-4071-9679-54584e6147e9,6a9b1cbb-8985-4a54-b23e-9defdf9472f8,ChIJx6qqOlDkDDkROn5jLYb6oo4,view,2026-04-25T05:29:46.004612
809418e5-204e-462c-9619-6ecb15588f8d,77fa55a5-6c5c-4e55-a431-5a3e55b1e3ed,ChIJKzAS1fPxDDkRIFxmqw8Crug,view,2026-04-25T05:29:46.004612
e3ffe0bf-b5ed-48c0-b37e-5779dd5281af,1332f2a9-c787-4d56-a619-7c67fb64a9aa,ChIJrdT4SiEbDTkRIgX5tj9QnPs,view,2026-04-25T05:29:46.004612
3cefa595-615d-41e1-9359-d69b3c1e1c84,846b2807-cf91-4cf7-a447-83140da3193f,ChIJVT5iTz_9DDkRIMfaom19syQ,view,2026-04-25T06:29:46.004612
90213a45-0f29-4304-994d-f68f83570a4f,45166870-9387-4484-b22d-da6ca7e8e9e2,ChIJFdnp4hTdDDkR_KMLdSsdEUU,view,2026-04-25T10:29:46.004612
29fe18f0-0293-42f9-ba10-e52320b8b8c3,ee112730-a254-4747-ac9b-4cd3bcbf885e,ChIJJ0FnHkH9DDkRTSUSlC-IXoo,view,2026-04-25T10:29:46.004612
fa6239d1-c0aa-44c9-b499-8ecd5e35a57d,3741b114-83ef-4fdb-ad4c-b47eed63e977,ChIJHY9kQ3oZDTkRFwMKA9zUHhA,click,2026-04-25T10:29:46.004612
15d97bee-9509-4058-88d1-c634431299b1,cce8c56a-e309-4b1b-a10f-aa98d1c1a2e6,ChIJz6cFNNcDDTkR2sR2snMfXUM,view,2026-04-25T11:29:46.004612
f7f5d77d-b8fe-4fcf-8bba-83bc3ce9ecd4,62689cf5-8b3d-4aca-8ff2-e66406e93ef1,ChIJH6vik5r9DDkRwaLCMAtRMBM,click,2026-04-25T12:29:46.004612
19244ebb-d182-4512-9e91-32c7bc4efb3e,567cca15-a491-4b46-a71a-5e8d911c94aa,ChIJGwNKtJ_iDDkRzM29RVCaCN8,click,2026-04-25T13:29:46.004612
3cec08c2-732e-4758-a7aa-2193312111d2,07f01097-d530-4312-baab-84f09e19bebc,ChIJk8P9dub_DDkRontArtZB6bw,view,2026-04-25T13:29:46.004612
f0405ab3-dafc-4db7-b547-fcd84f781aef,24f94256-cfb0-4089-81aa-5730704504ef,ChIJYfWy3MIYDTkReIo6KYRj6yw,view,2026-04-25T14:29:46.004612
4a6fe204-c8a7-4668-9fe8-f783e0073b66,c93d87fb-8e69-48fd-b7fe-3ada0e1ca17c,ChIJy9TCyKj7DDkRhTRHFi2RHQA,view,2026-04-25T15:29:46.004612
9f7981a7-8aa7-48d2-8bd2-6172dcad3597,b988bd2a-7c75-4df8-b2db-28493c0a7680,ChIJxzEBJLMZDTkR3JmM3HkM_qQ,click,2026-04-25T16:29:46.004612
30d7af21-3b16-4a86-a90c-510986eaa74f,13681eb3-7b25-44f1-b853-5b46921740de,ChIJixN4GUv9DDkRyd_Iu--GXgU,click,2026-04-25T16:29:46.004612
8ccdd8e2-4273-49f7-8d53-130168789219,9be46000-e50f-41d7-a48e-ba9af941968f,ChIJpXzVXgD7DDkROTg2qZrmdZE,click,2026-04-25T17:29:46.004612
17f398b5-4aac-4c36-8846-4232b41dbc35,b06db2c7-0962-44a2-9e2e-0c20ed116e97,ChIJW5do3zkFDTkR4EgaTWFczG0,rating,2026-04-25T19:29:46.004612
5855c22a-7527-4753-b044-950a62f094fa,4639b934-5fe9-4988-a7c9-d96a8fdde734,ChIJ5XqZzjwFDTkRMQgkRgFzsz4,click,2026-04-25T19:29:46.004612
3b2cbc0f-5dfe-40cb-a287-7d334d3062b5,5411c625-0363-45d1-8312-e40a866e6d71,ChIJMefpUh8FDTkRTvRW7W_PuCw,view,2026-04-25T20:29:46.004612
68988ead-e259-4533-9ae8-9620f9819de6,63b5bdd1-bc81-48ec-bf19-eb5122086ace,ChIJuwDMPGMZDTkRwLNEZhvujiY,view,2026-04-25T20:29:46.004612
100facaf-7532-4602-a923-8c5214bac2d2,71ae3c55-6348-4d79-99bb-9c5d39142091,ChIJ9bGyTpwCDTkRpCJHmrLyp8g,click,2026-04-25T22:29:46.004612
3d3a9c16-879b-4ff1-9557-140fd5e116fa,d694e279-26f0-478e-a275-e78f43bbc3be,ChIJqaqqZ4YXDTkRtQ-QBVfHHQI,view,2026-04-25T23:29:46.004612
dc6b120b-28e8-48ac-9638-412982204085,3be37f58-0dfb-4c1a-b9bf-9b21b5badc17,ChIJqeUQpd3lDDkRAa1qCvUP7Lw,click,2026-04-26T00:29:46.004612
3d710ee2-64c0-462f-b7e6-3cc3a913dc57,79d8c9cb-75ab-4bde-8742-5828e9f6c484,ChIJJxUVzAkdDTkR3suKEjMZLts,view,2026-04-26T02:29:46.004612
99f70c63-4124-43bd-ab93-8b7c37d97bd7,fd0a9c7d-c212-4dd1-94af-29cd1630015c,ChIJ5RheowbkDDkRtDC1TjcYz1w,view,2026-04-26T04:29:46.004612
ff9a612b-0935-4906-83e1-5f9bcaaac4c2,e7483e8d-5e2f-48fd-be42-05bb11f1c1e8,ChIJ_zxrm-cHDTkRc_Jjh14DsCg,view,2026-04-26T06:29:46.004612
1e4bc865-148c-470a-9afa-34540cc21e5d,0c409718-3b15-48df-a596-5a8363fbea4a,ChIJ51yNUgbjDDkRhRjK5RkEXn4,view,2026-04-26T06:29:46.004612
9478830d-5895-44a7-ab23-f12cac3cb2f8,4d6646bc-b36d-45de-a3ca-ce7fc91447a8,ChIJ75mawVXjDDkRgnu3gPfCRjc,booking,2026-04-26T07:29:46.004612
ae9da35e-82d6-452b-a2ce-a2ffe588d97f,fc6588c1-dacf-4c0f-bbbb-a17492c3e29c,ChIJ7_KbKp4CDTkRuZLvVbQuguc,view,2026-04-26T07:29:46.004612
bc80104d-a1df-4e67-bcdb-a6de6bebf189,fdb7ca70-b5a5-48af-9880-77e833de17bd,ChIJlVva8wIDDTkROmiajVKodCw,click,2026-04-26T09:29:46.004612
9cbb9b43-b93f-4915-ba64-13f6847e8c78,dd07791a-aca9-4b2a-812a-6e394171de8d,ChIJHY9kQ3oZDTkRFwMKA9zUHhA,rating,2026-04-26T11:29:46.004612
67d9f29b-7597-4d2a-acdb-4d2f2b681851,f056007d-a5bb-4c58-aef7-4517575f8292,ChIJ2QB-FpgEDTkRjMmKF58N8H0,click,2026-04-26T12:29:46.004612
bc21ef93-3bb9-4ca6-95d7-50a5b1fc856f,e8d93133-4aaa-428c-8120-027f2cfd27a1,ChIJv95cHRgZDTkRuOlyYk0-h9g,booking,2026-04-26T12:29:46.004612
443de82f-f477-476d-9661-53d5a0135efb,6937561c-f57e-43d6-94dd-239d2a10af5f,ChIJ91XVqDABDTkRs5l8m4h51Dk,view,2026-04-26T12:29:46.004612
18f85fc6-8f2e-4949-9fc7-598f33c757d7,4d6646bc-b36d-45de-a3ca-ce7fc91447a8,ChIJc71sG0EcDTkRy3QIJsXVu6I,view,2026-04-26T12:29:46.004612
6917293e-edba-4859-8d25-3d93872d2a4a,a67483a0-bba7-4549-b3cc-1da04bc4ad8e,ChIJTYaPJtkdDTkRueyL3cN2yXA,view,2026-04-26T13:29:46.004612
02a52dd1-f608-47e7-b3bc-4add95754798,d6c92fba-1649-488b-ab2d-05bd565daea4,ChIJ7__72BTdDDkR4IspIyx07sM,view,2026-04-26T14:29:46.004612
2b8ea28e-ed6e-4fa9-a814-78c7edbaa01b,3b3e881a-72d0-47ab-9058-597b7916acc0,ChIJSQVKhP4hDTkR2I0YM9eyqOA,click,2026-04-26T14:29:46.004612
baa673f1-b0ed-4003-b32e-d38814e26eb4,26b70735-b82d-4c89-9334-8cd9716109e6,ChIJi2vT-3UcDTkROnoFPdqD-bA,view,2026-04-26T15:29:46.004612
5972c4d7-8e62-4993-a41c-f6ae6af68d82,6d77fd2f-12f8-44f7-9f3d-0955d9330f54,ChIJU5k0fwAZDTkRO_rImIrqbtA,view,2026-04-26T15:29:46.004612
4c47e5ed-2436-42e1-8375-a58d0f0725b6,400ef25e-95ca-4e02-9149-13b2c73cdced,ChIJpX4ZcV4DDTkRd-eCiR8vt7E,click,2026-04-26T18:29:46.004612
54bde4f4-0a9d-4497-89e5-8c7325fc250c,b02a8ef4-0dc1-4e3e-b34b-71430b2f044f,ChIJqzx_of0hDTkR-rg9kq8jjq0,click,2026-04-26T19:29:46.004612
a4fd424d-0a75-4a29-877f-74adfbbf59d0,3606ec4c-922f-4545-8386-4952f9e7fd86,ChIJN9BQGOwbDTkRiigfGvmr8Yo,view,2026-04-26T19:29:46.004612
d0d498db-5ca2-46b1-8b7e-a69417536364,d853ef17-5a32-48d7-b5ef-b40a9b628554,ChIJT8kShEAZDTkRl2U1GRhAYN8,rating,2026-04-26T19:29:46.004612
56846016-b3fa-4e65-864d-95a1cc467377,b9da6e16-3980-4e85-a275-645c69b299d2,ChIJ_xQYuMUGDTkRBSlXLNO45WY,view,2026-04-26T20:29:46.004612
79b58787-646a-49dc-b0bf-13f5857f3097,4dc7cd50-ed82-4165-9cb2-95481760b39c,ChIJ1QGaMpkCDTkRKj4GIDBC48o,click,2026-04-26T23:29:46.004612
60defb4a-6a7c-40c4-a093-ffd75340a8c2,6c2832ef-52b7-4ee9-85e0-7f010f2ca247,ChIJsbue63QfDTkRhBwRIuFCTN8,view,2026-04-27T01:29:46.004612
2e72a4da-cff3-4a77-a0a1-f63fbeddf24b,438c3530-9fcd-424b-9ceb-e56415adb4b8,ChIJ0SRAJy7jDDkRFajeIphw03w,rating,2026-04-27T01:29:46.004612
32efa88c-50bc-41c7-b11a-ccbe087b9f12,e3e541af-1639-410c-b2a3-0b7b5ce191f3,ChIJ9QLLUI3dDDkRRkT-iEdX5Oo,click,2026-04-27T02:29:46.004612
9be3305a-84a6-4063-81cb-e997fcd0cf55,15bc78d3-1d91-47eb-9b28-2cb4422ed832,ChIJj3OjmdKtDTkRvWh_wE1co6E,click,2026-04-27T04:29:46.004612
e20e3461-3c2f-4b8c-bc90-5ebe4a411e08,c0b3bded-dc6e-4bd9-86ae-6844ea80d2e9,ChIJ0_gWbwAZDTkR_RpnbSXlPFY,view,2026-04-27T04:29:46.004612
e69314e2-c680-43ad-8788-c419e33f8b7a,c74fef9b-4167-4893-8d8c-aa5a673376a4,ChIJh_fvpJ0fDTkRUtRf7hTB600,click,2026-04-27T04:29:46.004612
7bfcb8dc-a4f2-4da8-ab57-0603e04757bc,a2cfe09b-c95d-4df9-be37-98a6eafe1549,ChIJU3oKZUD9DDkRkIDqiY8COb0,view,2026-04-27T04:29:46.004612
dc09afaf-c5cd-481c-9b01-e096581c35f4,4c18b54d-024c-4b20-aeb7-d1e358626222,ChIJLX-noAwdDTkRf90CzrP8goU,booking,2026-04-27T05:29:46.004612
86b9fff9-b4b6-4c89-8f7f-851411dd52a5,cd0e6e81-4106-4013-b7c0-e32e581c44c4,ChIJUc57VzMHDTkRg3Uh88w6Gbk,view,2026-04-27T06:29:46.004612
ceb94897-cea3-4751-b5a1-2fab2e3d47dc,f7b4c86d-3e91-48e0-a4c4-aa93d7561142,ChIJZfR22t4DDTkRGeZis44ky1o,booking,2026-04-27T08:29:46.004612
fdcd2d84-2c80-47b9-9983-22a77aaa3790,aaf6da95-4ceb-4028-87ae-d70cab30bac3,ChIJpXzVXgD7DDkROTg2qZrmdZE,click,2026-04-27T08:29:46.004612
6a746f4a-8316-43ed-8a32-db6e3b49bde5,bf8ef2c4-1eb7-42ca-8be6-f2bef274044f,ChIJUXQfIkD9DDkRcVucp8aFAD8,view,2026-04-27T09:29:46.004612
82f0c265-874e-4c81-aaae-895a6936a662,77fa55a5-6c5c-4e55-a431-5a3e55b1e3ed,ChIJQ3NDXD0dDTkRhr6qseSsSxg,view,2026-04-27T10:29:46.004612
786502d5-9159-4614-853b-abca4fadb153,6d77fd2f-12f8-44f7-9f3d-0955d9330f54,ChIJ5RPXWkbnDDkRHPIEdZvEvnM,rating,2026-04-27T12:29:46.004612
8cd6d823-3d60-4a61-8168-2e14854a1968,82703928-e288-4c52-85cb-7d60ddd1bf9a,ChIJt3KdyTsZDTkRnrRRDF9xwo0,view,2026-04-27T13:29:46.004612
9effcb95-749b-4fc9-a3ab-0c7048e7839f,707176f7-e65e-4f74-aa77-67cf4908c945,ChIJ6YO4P9zdDDkR_N4aclI98Ng,view,2026-04-27T13:29:46.004612
8131660d-bd6b-426f-a3c9-833c029f1765,679828ac-25ef-47d0-b116-ef9f689c8e4e,ChIJq6qqatPgDDkRZcvXKuNHJ0M,view,2026-04-27T13:29:46.004612
48452c6b-e8ef-4ecf-95db-986ea95bf269,8cdcfb8b-2826-48e2-bd78-fe1ab76f2155,ChIJAeEer4jkDDkRnvYOsth2r2c,view,2026-04-27T13:29:46.004612
9ac51f81-d004-4402-a67a-16658d968c0a,3f88c491-58fd-44a2-abf9-df85d43a1465,ChIJ8Z3G91sHDTkR4fx3eLbmUAU,click,2026-04-27T13:29:46.004612
7557295c-81d1-4490-8cf4-08486f8ce662,0f0b3196-4513-4454-9357-72d7f6241f04,ChIJu32QGTP_DDkRokwZ4k-ZmZ8,view,2026-04-27T14:29:46.004612
2ffa01e0-88df-46da-b504-8836613a276c,b0646bb4-2e4d-4bb0-84c0-1e4362d49fe0,ChIJLW-emhIXDTkR-6bqCk1VS9M,view,2026-04-27T14:29:46.004612
8baeec12-e2bb-4465-86ea-325fe43bc83d,82d92a45-0d99-43de-8933-341bad36565c,ChIJE36DOowgDTkRLAxRjfgu7bk,view,2026-04-27T15:29:46.004612
5ffb8e1f-52b4-4e84-98b8-b95523be33f5,847d6eaf-b9bf-4508-bed5-ce0364bc8d76,ChIJ7W5mGAIWDTkRI2I_wKlwLRk,click,2026-04-27T16:29:46.004612
edfb2251-2dfb-4baa-9e5b-36ca82528460,4ca1fab7-5bd1-49a0-9b56-9c3993a6d8d1,ChIJ44xy620HDTkRZkVQGauKZBI,view,2026-04-27T16:29:46.004612
11cd2c76-7f60-470b-985b-0fdefaf31331,68be285b-1a38-4ef9-8adb-e9d8d197e111,ChIJgfLBXRgeDTkRlsDBRnel4Ws,rating,2026-04-27T18:29:46.004612
87f44ffa-c1c5-497e-8d09-c8f1a63d19d7,bb74e6c0-1515-41e7-a45d-f026aff79822,ChIJe4zp0KMdDTkRm90YLrHBVg8,booking,2026-04-27T19:29:46.004612
cad0ea02-7774-41d1-b1eb-d47383f2bc10,6c2832ef-52b7-4ee9-85e0-7f010f2ca247,ChIJx-nhZO3hDDkRhvElsSXy5jE,click,2026-04-27T21:29:46.004612
a0d585b1-7db2-4c62-aa5c-f79d68412846,fdb7ca70-b5a5-48af-9880-77e833de17bd,ChIJ3btan6QFDTkRqEJyaQ20wag,view,2026-04-27T21:29:46.004612
53fcea57-cc63-471f-bc99-cff252398fb5,623e9ea6-1956-44d0-b116-9fe15be116c2,ChIJ40I_kCvnDDkRsOwVtnuR6I4,view,2026-04-27T22:29:46.004612
932271b3-7d32-458e-b76e-d194ca79289c,cb4ba209-214b-4c3e-9d38-d6e297a60fc4,ChIJW2SoYy_5DDkRo4lNAEzFY1I,click,2026-04-27T22:29:46.004612
defbc4bf-0dcc-4fd8-a18b-6df4366a397d,b2e7a098-4d76-4ba5-ad49-7f4f75a9dabc,ChIJRUCw2qIFDTkR48WVAJkMcjM,view,2026-04-28T00:29:46.004612
74ceeb5e-62c8-429a-ad52-b2bc7870546c,363eabf7-9851-4ce3-aca3-6c053f03ad0e,ChIJTyMFBar8DDkRR_cmTPi5jkw,click,2026-04-28T00:29:46.004612
af8bb135-ac31-4b03-82eb-5999e3928d3a,5411c625-0363-45d1-8312-e40a866e6d71,ChIJTQ2erOLdDDkRB_-qK1Sz1Ek,rating,2026-04-28T00:29:46.004612
961ee033-fe8c-4601-95d0-2e660c4fa9cc,4d6e905c-7e27-4c61-b9eb-2bc79ce3ea71,ChIJcc4_KG8EDTkR4zJt8puaXqY,click,2026-04-28T02:29:46.004612
a7f44b40-06b3-4b26-8a8e-ccfad311aab7,665e3599-cb6b-4c1d-a10d-1e405f2b6c97,ChIJI6js6jjjDDkRfSHTcQtq7WQ,view,2026-04-28T02:29:46.004612
d6be90a8-6a03-4283-9a1b-fcb09ea12696,d29e6b85-cdf9-462f-8815-6dfeff9a152f,ChIJmbKGWigZDTkRnFzstL8pzNQ,view,2026-04-28T02:29:46.004612
cf87cde9-3924-4e86-9d89-2f5056645b1e,c1ca45ed-c3ad-46fb-9a72-f73e18dc8700,ChIJ5X7CbgAZDTkR2E-ZjpnjZi8,rating,2026-04-28T04:29:46.004612
1bbd73f7-49df-4ab8-a8ef-ed0a12cce249,49b2edb8-ec6d-43a5-ae9a-dbfb71df90d5,ChIJf6Yq7tHjDDkR9wn1DIoV_GM,click,2026-04-28T06:29:46.004612
b0fec11e-c285-44a7-8d12-1b3084b7c558,3f55c1d1-863f-4034-b86b-c80b78ac8f54,ChIJDX40hD0bDTkRJ4CwNPbP0LI,view,2026-04-28T08:29:46.004612
38fbc0b6-6079-4ed7-9409-15ccae884635,bf66700f-a785-4863-8675-5231896b5901,ChIJ7_KbKp4CDTkRuZLvVbQuguc,view,2026-04-28T08:29:46.004612
ced41d76-832f-4471-9696-e3d81207ced4,0c50b5d9-f96c-4e02-90ff-f62dc44de641,ChIJ97W7F9EfDTkRidfrk_JoC5s,view,2026-04-28T10:29:46.004612
b2f33fdb-2be4-4669-9413-4074d554e3ab,454fa168-4941-434c-a50d-28b215c69bf1,ChIJ7bfQAnIcDTkR6QuFSvjr3e4,click,2026-04-28T10:29:46.004612
8cbbe06e-953c-4236-9365-1bf03df8b852,3b08d955-3c94-4732-bfb6-b67bcec421cf,ChIJy6Pl_f8fDTkR21i3BZN30L4,view,2026-04-28T10:29:46.004612
cbc34fad-c902-41e2-b631-1343bcf53b9e,05f1d6d4-2877-47cb-9725-75bbc4956be0,ChIJGbsb2uIDDTkRH8ymaGf-FEk,click,2026-04-28T12:29:46.004612
17275c42-804e-439f-b5da-d8464de0e5e3,557d605a-e639-4ef3-9f0a-8d9ce87566ba,ChIJzYWKVtgEDTkREkjqjzN6nas,view,2026-04-28T12:29:46.004612
7b940dc3-d2da-4d32-b333-5bfe134d4057,c4f2cd7f-b455-4d7a-83f5-5aa726986e15,ChIJv1PxxrsFDTkRYvU1JXgaRds,view,2026-04-28T12:29:46.004612
d23936b0-2519-4a3f-9f5c-26c3b33e1ddb,2a2a8f2c-ddf2-496a-b7dd-03d2d93bf249,ChIJeeAAHGsFDTkR0f2LZFlwN8I,click,2026-04-28T12:29:46.004612
f0efb4a6-c209-4c6c-8858-c9e83d70b394,9d0d6a27-7f27-4d93-8c47-818ba00fe46f,ChIJ3S7zfJ8CDTkRI1ahIlccS5o,rating,2026-04-28T12:29:46.004612
ceeac6be-d3a4-4c9d-8405-cacc9ca58b2a,799aa2d6-3c57-455e-b252-e547096f6c65,ChIJQYncXHQFDTkRJ6acaW9_9Cs,view,2026-04-28T13:29:46.004612
d5e9a39f-64f2-4863-99f7-5eb49d910735,4ca1fab7-5bd1-49a0-9b56-9c3993a6d8d1,ChIJgXegMZgbDTkRJjWjnK4hf1U,view,2026-04-28T13:29:46.004612
fa3415fc-47b8-48ce-94c7-ae6e39371e55,3be37f58-0dfb-4c1a-b9bf-9b21b5badc17,ChIJazcHbn09DTkRy0dvrTlBckw,booking,2026-04-28T15:29:46.004612
e4b28d0e-de90-433a-a7c5-86a3c571dadf,75d89ec6-1107-49bc-988d-c97c46238ff6,ChIJ335bATblDDkR1WS3B174oYA,view,2026-04-28T16:29:46.004612
aa498565-a29a-4c10-a9a4-5bc6f6484c53,2a2a8f2c-ddf2-496a-b7dd-03d2d93bf249,ChIJQXZOlAj9DDkRGt_aiGqrOHk,view,2026-04-28T17:29:46.004612
c90bd6d9-eeb6-41cc-9598-519ff52d7977,006181ac-dcd3-4be5-be84-3a780c383e71,ChIJ_2XTFpEbDTkR_wloHcUNR5g,view,2026-04-28T19:29:46.004612
228bd253-f4a4-401a-aa6a-927049a8f70f,91a4e9b7-5744-4abb-98ee-9bd1984e6771,ChIJZ8qlyNIODTkRGzLMscwXcVg,view,2026-04-28T21:29:46.004612
d7848567-4e6c-4c76-b455-f4a3cd79464e,482c4751-fdb5-406a-93d4-c8ab9f4d24a9,ChIJFRvwjdj7DDkRxXDEolyF2gc,click,2026-04-29T00:29:46.004612
d249cf32-5da5-467d-9a40-d5b467c44851,45851b54-9ffa-4405-ab68-681909d82682,ChIJx-nhZO3hDDkRhvElsSXy5jE,view,2026-04-29T02:29:46.004612
cde34b29-88fb-4640-b7ff-4c28704a13e0,975eb39c-d011-4576-8de1-db559ddf4e91,ChIJ6-1znNsFDTkRm7yVEo8cwTc,view,2026-04-29T02:29:46.004612
5cf29c33-de55-4855-bed0-eac7ca0d5382,e7846780-b12f-477e-9b42-13be2a46552a,ChIJl3iEtgsXDTkRiPiStrNCuOo,click,2026-04-29T02:29:46.004612
f41e7649-cd60-452b-9ec3-bd999611b8e2,bf4a6286-f6db-40cb-9bcc-9a1a9f09f2a0,ChIJ9WJgCpwiDTkR9v_-VgD8zc4,view,2026-04-29T02:29:46.004612
49d5369a-0551-4033-93a4-2957ac50e2bf,b4c22be5-bfd5-4719-9adb-b47fd6ce6ccb,ChIJ9UwfBWzdDDkRCkXnHDqFYAQ,view,2026-04-29T05:29:46.004612
8a0d4716-722e-4b36-ada7-b1e173e17ee5,6f97f60e-e1de-4197-8bcc-5ee284285f0f,ChIJIQRNwakFDTkRRR6RxHgzr8M,click,2026-04-29T05:29:46.004612
20a29bee-4d3c-4855-91dc-dbd331fcc8a2,484ba900-a1cf-4128-ac39-0cdaae9a5892,ChIJJbbr8_T_DDkR-ofOseudRO4,view,2026-04-29T06:29:46.004612
6e2ec746-c18f-4003-9572-c89d025517e0,c5a7409b-0bec-416b-a9ca-2e341c3f79c4,ChIJRdQiFUo8DTkRlKBQhTQKzPo,click,2026-04-29T08:29:46.004612
4ce4e98f-265a-41b6-bcb3-a732b694a8be,9a263236-afcb-403e-8655-3a6f6ecb858a,ChIJg4EYhZcCDTkRpG4TeF_9Xtw,click,2026-04-29T09:29:46.004612
401f7d59-9f24-4a00-b5c4-c412ed641bbc,dd07791a-aca9-4b2a-812a-6e394171de8d,ChIJNYCvH2QZDTkRjLl3MLSE4S0,click,2026-04-29T10:29:46.004612
c8780956-a2da-4aca-b6b9-54e4e21c6736,839088d5-7b33-40bf-8bf6-49d5f44731c4,ChIJtSaw3HP9DDkR67XUWkcGF0k,booking,2026-04-29T10:29:46.004612
e1361db4-f9f7-4852-9786-b0fc700e3f98,da7bdf63-c815-45bd-9ed2-1d70cc614424,ChIJX7C574UZDTkRYfqnTVhY8-k,click,2026-04-29T11:29:46.004612
b855e0d8-27d5-447a-9856-f589c205e092,a554eb05-1b5b-4f27-9dad-f6cc82a824cd,ChIJgSqaay0ZDTkR76AdQCpsw1s,booking,2026-04-29T11:29:46.004612
079d05df-382d-49e4-82cc-47757b2f8292,27c5fee4-ee41-4dea-9443-ec4fb6fb1a66,ChIJsehXBLEFDTkRRnCG_Agg_HY,view,2026-04-29T11:29:46.004612
f3c1eabc-e663-49fd-a6d0-d94cb3409017,7d8adac2-b34a-427b-91a4-cc8abd138e9c,ChIJUe6L_IT7DDkRZIuJu1OTSfA,click,2026-04-29T11:29:46.004612
44a10f53-2fcf-4acd-bc69-a22f50945e82,9d0d6a27-7f27-4d93-8c47-818ba00fe46f,ChIJTSw1U9UXDTkRPNDA5dxjbTw,click,2026-04-29T13:29:46.004612
b6f5ba4f-01a9-4b39-bcd4-251864f933a8,b06db2c7-0962-44a2-9e2e-0c20ed116e97,ChIJlbip0PAdDTkRf4CfOJtwHZI,view,2026-04-29T13:29:46.004612
6504c207-189c-4d9a-8957-4d0bf1f1543f,5a45b801-5a89-4183-8e99-461a60cf255d,ChIJ____b0MADTkRbiV2o9JWBTw,view,2026-04-29T14:29:46.004612
885cf278-cdd0-4668-bd97-852e128c3d44,bf4a6286-f6db-40cb-9bcc-9a1a9f09f2a0,ChIJ3biBSov9DDkRTqlRipFxhOk,view,2026-04-29T15:29:46.004612
5b45a31a-3684-4b44-8180-c4ce79e2a06e,4a9b5a31-30cb-4210-8cf6-0068f510758b,ChIJC4a0GTAdDTkR08VLCKrqsfs,rating,2026-04-29T16:29:46.004612
36cc097f-1371-4612-96d9-26f8f1d7515c,8b090365-f819-477f-a8f7-4bc8e4f950d9,ChIJX_p5Lu0dDTkRqOKPEmR2EB4,booking,2026-04-29T16:29:46.004612
2da61e06-7665-4d3b-82e9-6e2c6e19b505,19eaa5b2-8d2c-433e-8ca9-a8410959b4b3,ChIJAYFTg5HhDDkR_v7Ha_GJtt8,click,2026-04-29T17:29:46.004612
b1b146d3-1586-46e5-8a25-0775e66a262b,88c44c7a-7a90-4499-b7e5-5500d709369e,ChIJAw2759jjDDkReqlGzFG1rN8,rating,2026-04-29T18:29:46.004612
38417baa-8a55-41ad-bdc8-5827bce97278,a5d390af-a9b0-40bb-84fe-6a3a45236261,ChIJ52dGUtcDDTkR9ccRlGw9PG0,view,2026-04-29T18:29:46.004612
1c2b1b16-7630-4f69-acc4-4f37dba179c5,37de0f28-7a43-47a2-9d90-c2de45afbe17,ChIJa0S09SwYDTkRYlUWmvR1zMg,view,2026-04-29T18:29:46.004612
cd34158e-908f-4a1d-a6e1-25852080c08a,1500926f-4009-4080-add3-26ab53f7c313,ChIJDc1QIUf9DDkRvbhK8u3ZTlg,view,2026-04-29T20:29:46.004612
f756b1f9-7e98-4813-b5bf-e9b62887163a,6f97f60e-e1de-4197-8bcc-5ee284285f0f,ChIJ5-z-Hc_jDDkRZyU2Wz8Mae4,click,2026-04-29T20:29:46.004612
650c137e-09f4-49c0-9731-8ec7ef8fbad6,484ba900-a1cf-4128-ac39-0cdaae9a5892,ChIJYd2edCEPDTkRXh72EOAVeTg,click,2026-04-29T21:29:46.004612
9cc568c6-54c1-4a56-92b3-fb4ae8d5982b,f4cda6fe-eeda-424e-9053-2afe299ddd5b,ChIJ0yLaR0H9DDkR4ItbT8FxMO8,view,2026-04-29T21:29:46.004612
eb2a0814-0323-43d0-a3f6-28d2f52c1869,9be46000-e50f-41d7-a48e-ba9af941968f,ChIJpTgCIZobDTkREstZmkWNvdE,booking,2026-04-29T21:29:46.004612
9acd433d-e722-484c-b032-ad12d0deceae,a5d390af-a9b0-40bb-84fe-6a3a45236261,ChIJsbue63QfDTkRhBwRIuFCTN8,click,2026-04-29T23:29:46.004612
cb6a6bbe-10f1-411a-95db-06a85b8c6216,4f6f8371-18c0-4a14-b176-7e3454ff3110,ChIJ97ryQcUaDTkRMRQ3U8RDauM,view,2026-04-29T23:29:46.004612
b4570041-5b6f-43b9-8c02-7234cb0cb875,cc4e5d47-390c-4243-bf4e-87ed1a948154,ChIJEZjKmqMJDTkR_YzJs9owIhI,view,2026-04-30T02:29:46.004612
fdc3d55f-c1e9-4767-97b0-c3c2a9f1357a,a4246560-5054-4535-88c2-99e9381235ce,ChIJed3qvkHhDDkRZz9hwNvIc1k,view,2026-04-30T02:29:46.004612
d54828fd-e2e4-4375-859a-3b22d5ddcf1d,839088d5-7b33-40bf-8bf6-49d5f44731c4,ChIJAaXhBdofDTkRjJVX_cRNLSQ,view,2026-04-30T04:29:46.004612
3cfad210-50c7-4239-bff5-023caaa46fa5,d801e23d-c229-4ebc-8261-5eeff8a3e839,ChIJ1xMztXH9DDkRrZ5RpRJu8zI,booking,2026-04-30T06:29:46.004612
651b1ebb-ddf8-411d-8a0d-fc0863f78ee9,10e75ef2-4399-4391-a2b7-17ac26c011aa,ChIJ8fp48rP7DDkRB1sioTWEZE8,booking,2026-04-30T07:29:46.004612
20422dbf-b961-4048-a2ec-062aadb1ab20,42536817-5943-4069-999f-811aabc65160,ChIJi4RsIRvnDDkRz11cKiGwPMU,view,2026-04-30T08:29:46.004612
2c8d6964-38ea-4d24-9221-8a9bfe01d7db,fadb7e18-8707-44c6-a92c-258234df3d06,ChIJ93r8-wbjDDkRlf30qg5Q_pM,view,2026-04-30T09:29:46.004612
1c80d485-1c5d-4c47-9e7f-32422f95b0e8,4e9359e0-a2c8-48de-b32c-17fee0cf5c36,ChIJjdR7GgEDDTkRk1PVg8rr8dE,view,2026-04-30T11:29:46.004612
0f32d6e0-22b1-497e-83e6-af4424eca3db,6b407a40-9886-47bb-8ead-3205c79118ae,ChIJSfTjlIYXDTkRJjVdzF94PSM,view,2026-04-30T11:29:46.004612
9953ef9e-a51f-487b-8333-7c7ae62d47db,a30f1759-b906-4a04-ac21-fbfffd8022ec,ChIJCcAUB0UUDTkRFVah_3Z_EA8,view,2026-04-30T13:29:46.004612
8ac0bc8f-a79b-4eeb-a035-0ecda3321b57,f5f4a114-68d1-4f54-a589-9da9679700bc,ChIJT0kDM8_7DDkRgnPVUAuR6fA,view,2026-04-30T13:29:46.004612
f15a7f4b-3278-47ab-a054-fb64974f0913,dac14e2b-c22b-40ff-98fd-9cd122f25adc,ChIJyRN6s1z7DDkRXyz-nBjM_D8,view,2026-04-30T14:29:46.004612
55298e48-029a-43c0-a421-2cc0b24d52e4,74f869b6-84dc-476e-88de-57c3636377a7,ChIJm053GEI-DTkRwKJuNdfAyLw,booking,2026-04-30T16:29:46.004612
97f4095c-959f-4368-b1f7-8ecf81cf0f57,a22b0a6e-7e85-4dc5-8f62-c0e1a1118cb0,ChIJ5ybDRzjcDDkRl2FKQsRD4eo,rating,2026-04-30T16:29:46.004612
f99d7e52-d4fb-4053-8412-8fb43b742e64,b02a8ef4-0dc1-4e3e-b34b-71430b2f044f,ChIJc2maTQAFDTkRh3AjPkXjtts,click,2026-04-30T16:29:46.004612
04975a44-022c-4d51-931c-128f0e53986d,57e8dcaa-fdaa-4def-936e-0b4021b78ee7,ChIJV4_uqVXdDDkRhSjJem1l21I,click,2026-04-30T16:29:46.004612
94f8ae0c-aea3-4ba1-8cce-c390da03b22e,1168582a-a016-437c-a4ff-15850825f071,ChIJp6qq6tofDTkRxTTgVXrcTZk,booking,2026-04-30T21:29:46.004612
be8d6842-c0bc-4642-9c49-dd25dedf4e57,501d7b93-7873-4a3e-a801-8c1c2b684e85,ChIJLTUFPQABDTkR2v6CmEIy83o,click,2026-05-01T00:29:46.004612
702c6776-3d45-43d4-be20-dd9e2bf3a278,4d6e905c-7e27-4c61-b9eb-2bc79ce3ea71,ChIJl3iEtgsXDTkRiPiStrNCuOo,view,2026-05-01T01:29:46.004612
1d7e8500-c374-4a18-8553-5f51c1f67c30,046edcd1-73a5-4ef0-8c68-545439e7f43a,ChIJKRCAWocZDTkRba7C87Hijs8,view,2026-05-01T02:29:46.004612
b9e8691a-09a2-4210-a57c-cae9f7ebd440,3a40b1c2-baad-46de-91e3-69eb5211f542,ChIJr2pE1N8BDTkR_szajQiBDpA,click,2026-05-01T02:29:46.004612
d9f1f3ff-8331-44a2-9214-48174bc03715,a4242dbd-9983-4afb-a44f-2f856be11ace,ChIJWVTdOtkGDTkRqhpoxf-FT6A,view,2026-05-01T04:29:46.004612
000dd067-5eba-4609-85a6-6bd28dcf7b31,679828ac-25ef-47d0-b116-ef9f689c8e4e,ChIJXw3kOk8ZDTkR5BoYbGOlxWQ,click,2026-05-01T05:29:46.004612
7516b424-e410-4bfd-bfbf-774bfff6ae7a,1d50262e-384c-48c6-b5ad-e6828a492d4e,ChIJTcaicyDjDDkRriIeJG6QFM8,booking,2026-05-01T06:29:46.004612
899aafc0-60e1-49c0-86e6-6cb3d00bb920,b90825c7-9af5-430a-bb5b-94f97f9edac2,ChIJrU48_w_9DDkRAXDl9rxJ0kQ,view,2026-05-01T07:29:46.004612
900b91d5-ec39-4b0c-a708-0f66001414cf,4113bbda-803e-4395-9fb1-668ab2b08142,ChIJd6482AwFDTkRIzkWAxQEfIw,view,2026-05-01T09:29:46.004612
88d274b3-54c8-4775-b00f-b4dc6ba00a6d,b06db2c7-0962-44a2-9e2e-0c20ed116e97,ChIJmyas5kQfDTkRq1YVNY1ULj8,view,2026-05-01T10:29:46.004612
4f25d8a3-b8c1-4eaf-97dc-eef0aa2ac36c,aa11e355-39c9-4ce8-9ee4-13608adb3979,ChIJ9ewU6Ls_DTkRzsiQ4T9QLWo,view,2026-05-01T11:29:46.004612
d1f58692-b56b-4649-bcfd-447f98c05a89,5fc98c67-e5e9-43f6-8188-59f70e55c234,ChIJ4QSpaUwbDTkRTJLcTeZmT64,view,2026-05-01T13:29:46.004612
6955b600-66c4-4ea2-9408-133807964f5c,0c409718-3b15-48df-a596-5a8363fbea4a,ChIJ5VpnAeYfDTkRYQ9sYR8yMGs,view,2026-05-01T14:29:46.004612
11fd877b-ef27-4ff9-96cd-979c1878d66f,482c4751-fdb5-406a-93d4-c8ab9f4d24a9,ChIJ6XGgrjLnDDkRe1YaEUjd_r8,click,2026-05-01T15:29:46.004612
1a31dfd5-595d-4a37-a456-733095cb326c,c52cd18e-e4a9-48cf-9b4f-f37a04c823f5,ChIJAx_1cQAjDTkRyUfJqOJ0uhw,view,2026-05-01T15:29:46.004612
6f9c5174-91fb-47b9-89ee-ca1c7b358f29,6649644a-256e-49cd-aaf3-52ae768e6f93,ChIJ6ykOwE37DDkR4kHteRFVpGg,view,2026-05-01T17:29:46.004612
55707e02-3698-466b-bb02-f8f7f0ccc386,4003ebff-5d17-4435-a6c6-3fb2f1cd6fc9,ChIJp4vc-_IHDTkRb_HfVWOCbec,view,2026-05-01T18:29:46.004612
86bc103c-a639-4fec-85c8-58710b43412d,b57da618-a9b5-4630-9880-8c79827b243b,ChIJ845-Av8hDTkR92215ULZUa0,view,2026-05-01T20:29:46.004612
8e22d99b-54a8-448b-806a-289f8a173dd2,fb617c3d-7cd1-413c-a61b-d2a28188a0e8,ChIJI69JKUfcDDkRXn3xNhvAIp8,click,2026-05-01T20:29:46.004612
6ff7b521-7cb3-482c-95eb-eb84139546fb,454fa168-4941-434c-a50d-28b215c69bf1,ChIJTZYJvY8BDTkRMqD9vfIeu3I,view,2026-05-01T20:29:46.004612
9b7687a0-4f04-4a42-a022-d270668beb4a,006181ac-dcd3-4be5-be84-3a780c383e71,ChIJWT9tW5AdDTkRrVM7VtKZjw8,view,2026-05-01T22:29:46.004612
733899c3-306e-48fd-a2a8-8f22cdc76334,e7483e8d-5e2f-48fd-be42-05bb11f1c1e8,ChIJT6HNpJQZDTkRGu2XPHz05z8,view,2026-05-01T22:29:46.004612
127a61c9-82b1-4023-9592-72ec2581a0e5,b8280c36-4b28-45ac-a1d6-ac369a47ebea,ChIJHfSvKvcFDTkR4vGMEzb0wDc,click,2026-05-02T02:29:46.004612
4c5d9083-de37-4451-925b-a89720245390,9d8bd99c-42c0-42ec-a794-1d8f96692b09,ChIJF8uqIgAJDTkREYIBZj_hsKE,view,2026-05-02T03:29:46.004612
62e2f1b9-fd1e-43dd-b865-3b8b60c11573,d29e6b85-cdf9-462f-8815-6dfeff9a152f,ChIJRz8fTtb7DDkR35WthLi8XWg,view,2026-05-02T03:29:46.004612
bc73a705-7e86-4e17-b9b1-421f404ea4d9,594d3d8a-35f8-41cc-8de8-d3f2d5ac97b0,ChIJj9ohA_sZDTkRzpldRlEu7O8,view,2026-05-02T04:29:46.004612
597e9d01-9420-42a9-be9b-c80deb6e3805,847d6eaf-b9bf-4508-bed5-ce0364bc8d76,ChIJW2SoYy_5DDkRo4lNAEzFY1I,rating,2026-05-02T04:29:46.004612
da9f702d-314f-40b3-8f73-8ca6d58bc169,1168582a-a016-437c-a4ff-15850825f071,ChIJQzynNDjcDDkRwyLgZhp-JWY,view,2026-05-02T04:29:46.004612
5c41cfe9-26a3-4700-95fb-8c011484e555,39b76144-566c-4959-8bff-c3994d5d34bf,ChIJyx6PzRIZDTkR_rpcf2iugfY,click,2026-05-02T05:29:46.004612
79163f1a-3add-417d-a2ce-f5b357508636,8f9e1132-4420-4b95-8a79-3d6493bc06de,ChIJW9lffGEPDTkRKS5A-LwG5AU,view,2026-05-02T05:29:46.004612
11b950fe-4a5c-4c2c-bb21-d208413da341,582bf9c7-76f1-4115-9e3a-1e8c16dc802d,ChIJWT9tW5AdDTkRrVM7VtKZjw8,click,2026-05-02T06:29:46.004612
48edff6a-b24b-493e-94f9-db6788d42238,d0ff5ea0-21b1-4d08-96e0-2be464aec051,ChIJp77fqcAdDTkRI_xm4ZpmmOU,view,2026-05-02T07:29:46.004612
5a0a0992-4e72-4c94-a0b4-27ba762d8315,67e6daba-b5fb-4298-a055-22ac933c8ab2,ChIJs6yuI3QBDTkRG_R3QThdxY4,view,2026-05-02T07:29:46.004612
355b0d5f-aa90-4330-9bc5-0bef47960253,c7953376-7b1f-4ddf-8938-2f851c89c11f,ChIJq6qq6pMCDTkRqTr-63N3wDg,booking,2026-05-02T08:29:46.004612
23f28e54-01cc-41be-8c22-7ca34194aa55,bc40a13a-1f0d-4827-8fd7-b0013673bbb5,ChIJUaBSPtUFDTkRyZQihsgC1wU,view,2026-05-02T08:29:46.004612
70231184-9978-43f9-a318-2d97e5d205e9,4ce15bcd-d008-4633-907c-6d683f1b45b9,ChIJSzkGUSv7DDkR43AJnSSLgjU,view,2026-05-02T09:29:46.004612
7f47c6b5-20c3-4241-b144-6a2f2817fd93,d0ff5ea0-21b1-4d08-96e0-2be464aec051,ChIJSXFOGecZDTkRR7ECThr6qcM,rating,2026-05-02T10:29:46.004612
0d411c9b-011b-43b2-81f7-454aa21fef38,9a263236-afcb-403e-8655-3a6f6ecb858a,ChIJpwfcnIsdDTkRozATce4XjIU,view,2026-05-02T11:29:46.004612
7c16dd71-46b8-401e-8d86-758baad1dda1,a22b0a6e-7e85-4dc5-8f62-c0e1a1118cb0,ChIJYZ4wOkEcDTkREEowD3Q59Fc,booking,2026-05-02T12:29:46.004612
c410b2dc-38ba-4e56-9f77-a13b2fdfb094,90b562bb-4239-4ce0-a88c-c0f205711700,ChIJpTcilaQ9DTkR5_-YMDv8bCY,view,2026-05-02T13:29:46.004612
4d059bf7-fda0-41a3-b8f7-c6de1544037a,1332f2a9-c787-4d56-a619-7c67fb64a9aa,ChIJoRD2ulIbDTkRSe133WMqhaI,view,2026-05-02T14:29:46.004612
29f293c5-6971-413b-b493-56f842e84c06,cb4ba209-214b-4c3e-9d38-d6e297a60fc4,ChIJ-UnEBH7jDDkRhJaGrJjZF4Y,click,2026-05-02T14:29:46.004612
4e8752aa-09a3-4c9b-80a0-cf57369378a9,cc04bfa6-c90e-4dcc-a3ca-d304f232bc5c,ChIJGwNKtJ_iDDkRzM29RVCaCN8,view,2026-05-02T15:29:46.004612
ced98606-0b09-4b26-b095-12c38a83e0c7,9c9bbc96-a034-46f6-9517-98986f690a92,ChIJxydUCQAZDTkRTbnjfN2N-1I,view,2026-05-02T15:29:46.004612
63525cdc-f27a-4774-8dee-14bd719ce527,455c5038-f0da-4351-8e44-5c698fbb3cd4,ChIJVVVVVWj9DDkRiPICBGicnJk,click,2026-05-02T16:29:46.004612
9393cf8a-d140-4bf9-9166-4806bfbef54a,2c0c18c4-b0f1-44e3-a7bc-9b9d8a191886,ChIJkfmYCz_nDDkRl-e30Xfjyuw,view,2026-05-02T16:29:46.004612
2fab5d31-afff-408f-ac3d-4432a3140c46,e867d19b-6f44-4b17-93ce-942c8c66460a,ChIJnQTKoYYXDTkRU7pRAcKFALk,view,2026-05-02T17:29:46.004612
ce6f91d6-5ea6-46fc-98a0-f6b44e27a052,1cc1f619-e172-43eb-95a9-250a047d53e3,ChIJEZfQ9zQbDTkRxsEoCNGPATA,rating,2026-05-02T17:29:46.004612
883150a2-e5e9-4b8a-90b6-92482f536a5c,afee0ca8-aa1a-4864-be53-1421a03ede9c,ChIJMdfEwa4VDTkRNvWJPcjjKvs,view,2026-05-02T17:29:46.004612
2ab14036-f65b-4cc9-9891-1b9bc0a0567f,74ad3d40-2592-4821-a38e-36590ea74c68,ChIJ0SRAJy7jDDkRFajeIphw03w,view,2026-05-02T17:29:46.004612
5a96a707-71f7-459c-be93-d156c32fff0a,d5e48dc1-31fc-42fa-9872-a3ff735624f8,ChIJhWenoXoZDTkR8_pA7WnKEAk,click,2026-05-02T19:29:46.004612
ec31e997-23e2-4774-a3f8-ccd2cc90c2a5,5f717026-5eec-44ef-99b2-099eb05496d6,ChIJ5-z-Hc_jDDkRZyU2Wz8Mae4,view,2026-05-02T20:29:46.004612
96c6220b-3982-4016-8a46-e3aa257e5b4c,d4ed3b72-0227-477f-91d7-16c5d6a4afd4,ChIJiziWrzAbDTkRdIPNjwNfI-o,click,2026-05-02T20:29:46.004612
ab7f2b79-fc6c-4cb3-b584-1fbcf63c2a6f,03a15616-3687-40ea-8a20-d01b6c4010f7,ChIJFaVru3bjDDkRrUBWLmUZSM8,view,2026-05-02T21:29:46.004612
9e988aae-3b5f-4772-88b0-748628d59854,85f877fc-5969-4798-846a-782e928d85b4,ChIJc3ZI9pobDTkRPtK8HE8mb4I,view,2026-05-02T22:29:46.004612
7ab2882f-52c1-44cd-b7c6-8ec0aefe93f4,85022eea-434f-4cb1-9f29-305747ee367a,ChIJ788UkOAeDTkR1IXMH3KeYTY,view,2026-05-03T02:29:46.004612
13c769c8-5704-4cd7-b04d-76fabd82d12e,bf4a6286-f6db-40cb-9bcc-9a1a9f09f2a0,ChIJ7VIOTVseDTkRdnOMsxb5ftI,view,2026-05-03T02:29:46.004612
43ffbadb-d637-4c79-8bc8-25442e7efc34,dbca0a66-9608-436f-8ea5-710f955c0a74,ChIJayqg-TUbDTkRcFyaA0O5Wog,view,2026-05-03T02:29:46.004612
75823f44-7887-4ddf-95b0-608ce80233cf,4d6e905c-7e27-4c61-b9eb-2bc79ce3ea71,ChIJt5NINK-rDTkR6hsYRxJory0,booking,2026-05-03T03:29:46.004612
d96ceb90-8cce-4f81-8bbf-fd3cfe7de9c2,8cbcbe27-f2ef-492c-95fe-ac29cf61c512,ChIJvc-DqwwbDTkRSoKQ3ptUOHE,click,2026-05-03T04:29:46.004612
3f79d843-526e-4254-83d7-bc5d22f6703b,054e41aa-8836-4baa-967d-1a4b72099979,ChIJ0_UDiGcBDTkRZ9S_7mx5PVs,booking,2026-05-03T06:29:46.004612
236255e5-dd7f-419c-b87a-45df3ebce546,f7bdf6e2-f5d0-4b36-9776-2115898d5b5a,ChIJv7HZjfwHDTkRsAY2J5m3BfQ,view,2026-05-03T06:29:46.004612
c93fbe1e-b8a4-42e2-a7f0-e3992400f26d,2cf4a0e9-b235-47bd-bea5-d3539ba5581d,ChIJCbfAqZ4CDTkRFi_5YrUbYzg,view,2026-05-03T07:29:46.004612
5dd8bec4-6844-48b1-826b-53503d8d53f1,2a2a8f2c-ddf2-496a-b7dd-03d2d93bf249,ChIJW2w4ran8DDkRoFkWIhzXKxk,view,2026-05-03T08:29:46.004612
753b357f-46b5-439e-befe-632e30b08010,5411c625-0363-45d1-8312-e40a866e6d71,ChIJj9wYgTDjDDkRVGwv1YerDGY,click,2026-05-03T09:29:46.004612
7c2c8a81-59da-4fca-8fe1-5f48a6fcc7f2,2fae13cb-f7a9-4b09-923d-f2e6f812a3cc,ChIJ64_MiLE_DTkRGOHzyJ5UpDM,click,2026-05-03T10:29:46.004612
5e7bc22c-93b5-4e96-9074-33942bad4118,6dcfb609-2ce5-4bdb-87fc-08118fcee7e6,ChIJBeUtHnTiDDkR4Ubj5utSO8c,click,2026-05-03T10:29:46.004612
20eb2d07-ec81-4691-80a6-a5866a116f6f,da7bdf63-c815-45bd-9ed2-1d70cc614424,ChIJt5NINK-rDTkR6hsYRxJory0,view,2026-05-03T10:29:46.004612
100c2969-99a6-4be3-af04-78df2e3b962e,006181ac-dcd3-4be5-be84-3a780c383e71,ChIJrQm2IkQZDTkR-GCn7nUAuSQ,booking,2026-05-03T11:29:46.004612
b4d53a5a-fa69-46f6-a7e2-ed986df38fa2,3b08d955-3c94-4732-bfb6-b67bcec421cf,ChIJGywLmWv9DDkRnxyK623ysBM,view,2026-05-03T12:29:46.004612
6578bf1f-8f1f-4abd-ad72-ba1c1191d571,6b11b2cc-9f94-4c6f-b9de-f595d313ff12,ChIJr3G6agDdDDkRHk3tDePJCI4,view,2026-05-03T15:29:46.004612
c54f158e-fddf-4356-a0af-3143511cad8d,68be285b-1a38-4ef9-8adb-e9d8d197e111,ChIJj1OudT0CDTkRtj84wg-cCE8,view,2026-05-03T15:29:46.004612
51b741b4-d762-4e3a-a493-7454af72a5f7,cc4e5d47-390c-4243-bf4e-87ed1a948154,ChIJu1A7MTIdDTkRPwUWrLom8yw,view,2026-05-03T16:29:46.004612
93b69ea8-4088-44c6-a237-bb099fe17a9d,3b030995-f450-4070-abce-89f1ee8fd2ec,ChIJqxGysiLcDDkRb_4pTjmeGHc,view,2026-05-03T17:29:46.004612
5ee7bc5b-7c27-415d-a6f8-741b82e0f933,c756df7e-3e15-432b-9cb9-f1f09f2e12ce,ChIJ1bSHNgLjDDkR4txUN5dzXiM,view,2026-05-03T18:29:46.004612
a5050cca-69d8-41cd-9923-ee9916658380,10287ce6-65b9-4142-8b2a-cf7790da529f,ChIJAQB0mwAiDTkRGTqwPngT9Qg,click,2026-05-03T18:29:46.004612
4777179c-3fc8-48f7-8cac-c315f42e93e5,c131bea0-1936-4c45-9c96-2241d812f287,ChIJSUAGLTjcDDkReJYvgFOryxU,click,2026-05-03T20:29:46.004612
7d728bd6-bcf3-4601-a5b7-c1145941d4ed,dac14e2b-c22b-40ff-98fd-9cd122f25adc,ChIJpReYhpb7DDkRSU_AvVk7Vwk,view,2026-05-03T20:29:46.004612
b1fc51ab-2de9-43ef-9757-50f3c0344ff0,dedb4304-bec8-4355-954d-14319cfb705a,ChIJNaMuONvjDDkRv5D1tbP4bIE,click,2026-05-03T21:29:46.004612
19880bd8-1f73-43cf-87ab-cb3c155a96cc,cc4e5d47-390c-4243-bf4e-87ed1a948154,ChIJExG1eyD7DDkRL_OZpZYiyHE,view,2026-05-03T22:29:46.004612
010c61cb-f166-4054-bcd4-7948d0bfb557,799aa2d6-3c57-455e-b252-e547096f6c65,ChIJ52FmthX9DDkRuV3TTavgdAA,view,2026-05-03T22:29:46.004612
e098ddd5-c65e-41e5-8282-184bc54b33b7,501d7b93-7873-4a3e-a801-8c1c2b684e85,ChIJTUvWM5MYDTkR3hEIs_noaC8,booking,2026-05-03T22:29:46.004612
0bb8c22e-442e-4568-b9fc-fc98092e8767,fd0a9c7d-c212-4dd1-94af-29cd1630015c,ChIJr3w57d8ZDTkReaF1ZGBlgvM,click,2026-05-03T23:29:46.004612
3eaa206a-2e2d-4a6c-a363-60a2751d1f27,9be46000-e50f-41d7-a48e-ba9af941968f,ChIJjXIMuls9DTkRhBhavLC_ajo,view,2026-05-03T23:29:46.004612
1e1bc5fc-c6a2-4b33-b932-0894f73da2e5,0360d884-fc9d-4a9f-bcde-f7563113a77e,ChIJKYKSWQAZDTkRGfvUj75CLA0,view,2026-05-04T01:29:46.004612
86b4132d-b572-4e26-b903-cbb6089d5b0b,04c48e09-7532-4bfa-8622-cf1c105e871b,ChIJuXhKZJPjDDkRWaj_AQQKWGk,click,2026-05-04T02:29:46.004612
c8bc7f2d-1486-4418-a327-c972da954e06,4a9b5a31-30cb-4210-8cf6-0068f510758b,ChIJSzkGUSv7DDkR43AJnSSLgjU,view,2026-05-04T04:29:46.004612
1eba8fc5-60e8-431f-903a-902eeb58a5e4,2193f16f-6e7d-43b4-b8c4-d81443715e97,ChIJQ1QHIZqrDTkRcb5xBvj37zk,click,2026-05-04T06:29:46.004612
3d8db197-a07d-4f05-9eb7-7f8c4e6c7b51,68be285b-1a38-4ef9-8adb-e9d8d197e111,ChIJr_HCO-kFDTkR_aDiWYPlg_g,view,2026-05-04T07:29:46.004612
dca96262-4222-47d4-88f0-cc8b9c4ef208,455c5038-f0da-4351-8e44-5c698fbb3cd4,ChIJiz6C02gYDTkRQyDPMavhpE8,rating,2026-05-04T07:29:46.004612
c5f20163-87ef-4ab7-9cf8-9cd31baf1fc9,07f01097-d530-4312-baab-84f09e19bebc,ChIJiRsZjhfjDDkRh-Hz8soazjI,view,2026-05-04T07:29:46.004612
2e85f5b5-0a66-464c-b644-01c0eaaf991d,d6c92fba-1649-488b-ab2d-05bd565daea4,ChIJT8kShEAZDTkRl2U1GRhAYN8,view,2026-05-04T07:29:46.004612
88d26d73-2ca3-4faf-b45c-1ec69f54122b,5b506e71-9c12-4464-bcad-b01a9a6f78a7,ChIJIaLpK2UHDTkRbIISKFozkdo,view,2026-05-04T07:29:46.004612
946c5cdc-dd70-4795-a94f-17b91f9eed01,d80e9afb-ddc2-46b9-8b07-1483fcd71a37,ChIJAQBAAokZDTkRZxk3dwZd-4I,view,2026-05-04T10:29:46.004612
dfd112d0-6413-4280-a039-cae8b58496c7,e867d19b-6f44-4b17-93ce-942c8c66460a,ChIJhzHamC_iDDkRkUSrm3hnORw,view,2026-05-04T11:29:46.004612
66637d15-572d-493f-b866-b12b92fc5029,c756df7e-3e15-432b-9cb9-f1f09f2e12ce,ChIJq6qqqg3cDDkRcNh5dl8gb9c,view,2026-05-04T12:29:46.004612
6abebb8f-5f68-4d3d-9f91-143173e9f960,ed413153-57f8-45f0-bdeb-8be9375fe111,ChIJh45apMkfDTkRsVm3VhUXE74,view,2026-05-04T12:29:46.004612
10bfae54-9bdf-4c7a-ab89-5414e04879f8,d73b304a-f775-4123-9173-d5265d5c878c,ChIJl_6HRQwZDTkRxKFsmlnUHXY,click,2026-05-04T13:29:46.004612
d517a54a-a4bc-4f04-8afc-5a82e21d958f,13681eb3-7b25-44f1-b853-5b46921740de,ChIJqx4kZTP5DDkR0tWpOf7Q3tM,click,2026-05-04T14:29:46.004612
a2da2f8f-bebe-49bf-8e8b-27034f548efb,19eaa5b2-8d2c-433e-8ca9-a8410959b4b3,ChIJuS9QqWoHDTkRK828ZAauYDE,click,2026-05-04T15:29:46.004612
beabf226-1c67-4f63-887c-4cc82ef5b75e,5da70823-a49c-40ca-91e9-3077db391b34,ChIJxydUCQAZDTkRTbnjfN2N-1I,click,2026-05-04T15:29:46.004612
e7ed6305-16ee-455d-b0a9-bd5eb75d5e23,99391f5c-99d4-4657-a111-c296af97a9ce,ChIJg301fAMJDTkRf7OGcLE3iAU,booking,2026-05-04T15:29:46.004612
8808213f-a0bd-434b-9a80-5a7b7f3904d6,f0abf17e-55d4-4b53-a889-e6b8756557cc,ChIJ77cDh5H9DDkRw4eomzQsdh4,view,2026-05-04T16:29:46.004612
57885f5a-aa55-406e-8364-7cbfbbdf7488,54cbb673-58d1-4206-9254-266ea780131d,ChIJ4_cSyxPhDDkRRdBaWb4TUL4,view,2026-05-04T16:29:46.004612
dbdfc225-55a5-44b8-812a-36b5eabf3067,c4fdb3d6-600d-4485-9c08-ff6f8ea29afd,ChIJ5wVw0d0ZDTkRKhByqx1b0lQ,view,2026-05-04T19:29:46.004612
1c63584d-9205-4764-a034-6f54da7ea427,03a15616-3687-40ea-8a20-d01b6c4010f7,ChIJYcsBST0ZDTkR5eL0sZwm_rI,click,2026-05-04T22:29:46.004612
9ccf0ae9-bb14-4b73-8c6d-403f6fbfeb30,d91358cd-b234-405c-a307-8d6755658412,ChIJJZbTaLPiDDkR0iCsQ0HteV4,rating,2026-05-04T23:29:46.004612
f63e3874-7c7f-40fb-8c68-7638f7329029,5411c625-0363-45d1-8312-e40a866e6d71,ChIJSbvehE48DTkRMs0PN6iblgk,view,2026-05-05T00:29:46.004612
18202507-f42f-4e37-8d35-de566c2cf649,b44fa2f8-0fca-4063-adad-2925b086ffd4,ChIJnYoZbzMZDTkRo083db9CdDs,view,2026-05-05T02:29:46.004612
56b252f4-5e8f-4b04-a796-c9e0b46e7403,3f55c1d1-863f-4034-b86b-c80b78ac8f54,ChIJpRwQWB6rDTkRxLYyRyYlOo4,view,2026-05-05T02:29:46.004612
d2fb9cd8-0dc3-47d0-9654-01c030fbda50,a0803a68-464d-49f2-aa0c-09fd2759c982,ChIJJWjGrxEeDTkRwBTPOhzPqgA,booking,2026-05-05T04:29:46.004612
866bb84a-7693-4fb6-9380-c9691970374a,d801e23d-c229-4ebc-8261-5eeff8a3e839,ChIJ3xHFu-8BDTkRniKPVpPnnZA,view,2026-05-05T05:29:46.004612
0da1f00b-0fd7-4ed1-a74b-d0cd5e5cd42a,63b5bdd1-bc81-48ec-bf19-eb5122086ace,ChIJj1OudT0CDTkRtj84wg-cCE8,view,2026-05-05T07:29:46.004612
d83a4ea8-3427-4921-8338-d9b1fd16cd1f,b8c90cfd-7490-43bd-912f-128c7b0f4647,ChIJSbtGxVI8DTkR1n3vqBK1m5I,click,2026-05-05T07:29:46.004612
cf6655b0-3359-449e-b1c0-8daa1c2e01ad,33397e6e-13d7-49e1-9503-70a9f4200e71,ChIJpdqtbN8jDTkRmuU5UArPQn0,view,2026-05-05T08:29:46.004612
e04a0bf7-83dd-4777-8adb-05655c21a8c0,e2168cc0-d734-40be-b899-2ab111c62c7a,ChIJGbsb2uIDDTkRH8ymaGf-FEk,view,2026-05-05T08:29:46.004612
0f73fb4a-3545-4612-8dc1-b1c5a535cd87,26b70735-b82d-4c89-9334-8cd9716109e6,ChIJmdW7GNgBDTkRKwUFKpM13zc,view,2026-05-05T09:29:46.004612
1b1b7e48-ddf4-48c8-beb2-638e9ee42ebe,b235fa8c-2e45-40d6-a101-d3e2ec9b95f3,ChIJoe00oYwBDTkR88z2B2LfPpE,view,2026-05-05T10:29:46.004612
10fe5858-7118-43b1-8a1d-3618e366cfec,71a97c06-0f2a-4bda-a53b-8c3a1583e76a,ChIJUXQfIkD9DDkRcVucp8aFAD8,booking,2026-05-05T12:29:46.004612
7a36b06a-f779-46da-8133-600c4ee0d376,f1951d22-67a0-41cf-88b4-fca26b5a0ad8,ChIJgfLBXRgeDTkRlsDBRnel4Ws,booking,2026-05-05T12:29:46.004612
a1e85f19-055b-4e4b-96d9-b32d8af6681b,1985a14e-3658-436a-9fa0-f2e01a645c6f,ChIJteDOQaoDDTkR671xxVVa6Dc,view,2026-05-05T14:29:46.004612
718304ab-af0e-434b-a9b0-925a481024cb,15bc78d3-1d91-47eb-9b28-2cb4422ed832,ChIJ7__72BTdDDkR4IspIyx07sM,rating,2026-05-05T14:29:46.004612
c0badae2-7a7d-4ab6-9b95-0d666cb12c1b,86d28bc0-8971-4188-824b-f6a721bf58a4,ChIJ____Qq3jDDkRUN3S8QF_1Ec,click,2026-05-05T14:29:46.004612
fd6671e6-7d4f-4979-8e87-0e655b1a9f15,aeedca81-5b94-4f80-b95d-b3596c11b746,ChIJJ_yccvHhDDkRZT2M9nML5Y8,view,2026-05-05T14:29:46.004612
5d31d22f-cbcd-48cb-8374-1a9e47fc322d,847d6eaf-b9bf-4508-bed5-ce0364bc8d76,ChIJLbvB2x4dDTkR3qHyJO5FV-g,view,2026-05-05T14:29:46.004612
c6fdad5f-0f0a-4ffa-bc20-8b84a467dd75,6c2832ef-52b7-4ee9-85e0-7f010f2ca247,ChIJ306lNAADDTkRP-6e4yPnr8U,view,2026-05-05T16:29:46.004612
15172f8c-ebb4-438c-bcf3-74e49386c84a,df95df7b-505f-484d-a77d-0f4a6cff7299,ChIJazcHbn09DTkRy0dvrTlBckw,booking,2026-05-05T16:29:46.004612
a0b97153-d73b-4ec6-b21e-208351af3485,1cc1f619-e172-43eb-95a9-250a047d53e3,ChIJSXFOGecZDTkRR7ECThr6qcM,view,2026-05-05T16:29:46.004612
f6a9beda-8f39-471f-a17a-c4835b6325d1,cc36dc83-0ef2-4158-8593-0bf90b2929f2,ChIJG6IcrxkBDTkRkey4OvsU8RA,view,2026-05-05T17:29:46.004612
1a4769ff-9251-4a1f-bda6-d5b07cd7722f,30249500-e4fa-4c09-bfa4-c65e17b79175,ChIJvfkKM1ICDTkRARQ_hfTtLF0,click,2026-05-05T18:29:46.004612
2c65531b-fcb8-47ea-bb4b-239dcbce33fb,c9ebadce-3230-44db-85ee-e0a12a580290,ChIJKSxZzWIEDTkRrhjAZD1JDX4,view,2026-05-05T18:29:46.004612
9d22dd5e-44a7-4ac9-aa6e-87ed8b33e14d,05f1d6d4-2877-47cb-9725-75bbc4956be0,ChIJM9UXNmEZDTkRS8oL7LSIarI,view,2026-05-05T20:29:46.004612
9ce19d81-9956-4fa9-bfee-f16a49c4429a,d73b304a-f775-4123-9173-d5265d5c878c,ChIJW6btYiX7DDkR-wBnM_9K9bE,click,2026-05-05T22:29:46.004612
a08fd253-8c4a-4f1e-96b3-e2fb3ff5cbec,f32ed5f5-48b9-4967-9ec6-8c0147bd672c,ChIJz0uozLL7DDkRn8ViMcXySzo,view,2026-05-05T23:29:46.004612
b50792e2-d7c0-43cf-bb60-24586ca01a83,6b407a40-9886-47bb-8ead-3205c79118ae,ChIJn8LrfyyvJzoRS4k22Vtcxl0,view,2026-05-05T23:29:46.004612
981f31da-5774-4ef7-af4b-4a70724f6169,9d0d6a27-7f27-4d93-8c47-818ba00fe46f,ChIJld5jYJgCDTkRDRSGiGrG4H0,click,2026-05-06T00:29:46.004612
05a8988a-aac6-43e6-ab4a-7b7f3c5f6237,217befaa-a458-450a-8c24-12aadb4c1f66,ChIJO_r_o_cADTkRGwll3ggET_I,view,2026-05-06T01:29:46.004612
68d2ec80-3ef4-421e-8371-45d436490d41,1d6480f8-1b79-4db4-a917-49a280dcee2f,ChIJ5X7CbgAZDTkR2E-ZjpnjZi8,view,2026-05-06T02:29:46.004612
5887b804-4016-4219-8732-8ebcc6c7fe6d,3f55c1d1-863f-4034-b86b-c80b78ac8f54,ChIJ9f5mdiv7DDkRq-mRrFelJAo,view,2026-05-06T02:29:46.004612
7e5850ef-f3f4-48a1-a1d1-5dd0a92ccfb8,cd5f98c4-435d-44c6-b897-bd98a994cdf6,ChIJBfnuD7sZDTkRo_vgFmqNTNs,booking,2026-05-06T02:29:46.004612
4c783423-c6d0-49e9-a7bc-d80557bc9588,ee4ff499-5094-41ce-ad34-44aa3d6320fd,ChIJ8Z3G91sHDTkR4fx3eLbmUAU,click,2026-05-06T02:29:46.004612
ae1d053b-1ee5-4e6f-8370-6d3b2273586b,2cf4a0e9-b235-47bd-bea5-d3539ba5581d,ChIJf3Hgsir9DDkRm76px0vVAt4,view,2026-05-06T03:29:46.004612
ae064dd3-c0d4-4a43-be56-58b1d07c1168,2fa7abcb-5b57-43dd-8df8-d6119015d2d2,ChIJRZ8E8Qz9DDkRaDxap1se5-g,view,2026-05-06T03:29:46.004612
b3007a8e-6c81-4c27-8fac-0bf9cd0ad4ea,c903641a-a29f-414d-b2d7-b1523031f0c3,ChIJI1C0ziziDDkRKofmqRF3WKE,view,2026-05-06T03:29:46.004612
38baac19-32fe-45a4-b3c6-efaafcc9db7c,cb4ba209-214b-4c3e-9d38-d6e297a60fc4,ChIJE_C2GxfjDDkR-hXZcO33uF0,click,2026-05-06T03:29:46.004612
a5e00dcc-d06b-4606-b82e-d845c6f21f44,484ba900-a1cf-4128-ac39-0cdaae9a5892,ChIJAaXhBdofDTkRjJVX_cRNLSQ,click,2026-05-06T05:29:46.004612
697aac2f-3154-46a6-9c17-9dcac3fb4ff9,38bb4a57-be5d-4372-8710-fca2be88939e,ChIJaxDfKpMEDTkRrRoIsuSSnSM,view,2026-05-06T05:29:46.004612
a1200e6c-3bc4-43bb-b9f6-bc0cdab1e82e,4769586c-565e-4800-8d7e-0749f031e475,ChIJw6EdanYDDTkR9EzmpV-p2Dw,view,2026-05-06T06:29:46.004612
c81bde98-3e97-42b0-b277-3379dc6203dc,52c153e2-41de-4d35-810b-c52b9f4a0421,ChIJZcuFGLkZDTkRsbttoM1gL2w,view,2026-05-06T06:29:46.004612
317e56f1-13a4-400d-afd0-36b02d0c52e4,f4445df4-8aa1-46d1-ba98-281e62da5701,ChIJAQAAAKHThDkROOHqJK8SqEQ,booking,2026-05-06T06:29:46.004612
5187a3b6-ab5f-4fb6-aca1-b1b05e1c0945,68c1db27-af96-4b10-8e19-55873cb43635,ChIJhbQ2bW8ZDTkRgB6pJDAyXXc,view,2026-05-06T07:29:46.004612
863712d3-f3f6-42c9-8840-5cf7389ba2ce,48a54767-0408-4189-9a47-6a810b2227e1,ChIJ02qaT-P9DDkRmOF-ajKFnjk,booking,2026-05-06T07:29:46.004612
b6f9bd90-6ea4-452f-a7a5-2124d535c888,9a263236-afcb-403e-8655-3a6f6ecb858a,ChIJF8uqIgAJDTkREYIBZj_hsKE,view,2026-05-06T07:29:46.004612
f08c6b5b-e610-4d02-b717-e04810b2df5d,1985a14e-3658-436a-9fa0-f2e01a645c6f,ChIJSbK5LDjcDDkRNyRcRHo4DI0,click,2026-05-06T07:29:46.004612
1756b775-21dd-4f88-add3-168c9d426167,455c5038-f0da-4351-8e44-5c698fbb3cd4,ChIJs1sEqnMPDTkRLnqJlQn-Zs4,view,2026-05-06T08:29:46.004612
ed3844ce-b936-4713-9bbd-97be2593aecc,aeedca81-5b94-4f80-b95d-b3596c11b746,ChIJh2pGUIICDTkRZPwKRwgklls,booking,2026-05-06T08:29:46.004612
f40afc29-e667-4576-bdbe-2db0f73a8fc9,459130c7-4617-4eec-b6b7-413a5293b66e,ChIJ88UPbKcfDTkRn5RuCRubLAI,rating,2026-05-06T08:29:46.004612
57701a96-5d8d-40a7-85b1-96f1ca6f4300,3606ec4c-922f-4545-8386-4952f9e7fd86,ChIJr3w57d8ZDTkReaF1ZGBlgvM,view,2026-05-06T09:29:46.004612
40233cd9-e4ee-41b5-8d18-71bca4723710,0c50b5d9-f96c-4e02-90ff-f62dc44de641,ChIJQ0vxHv8fDTkRUeYGo5JciUc,view,2026-05-06T10:29:46.004612
24431ab5-26b9-4e48-9193-2e2bea4ffeb9,7b28e71d-661d-45bc-b8bb-a1194522b88b,ChIJoUDVS4MZDTkRqZ1d-JC_LcA,view,2026-05-06T10:29:46.004612
a5802f1f-cd98-4a30-971d-e9f3ce10761b,aeedca81-5b94-4f80-b95d-b3596c11b746,ChIJ-_yRL8EZDTkRpKoCJVWyNKU,view,2026-05-06T12:29:46.004612
671ff68c-ab55-411c-b3b1-917a4bd3d5d1,c28bf682-7f39-4316-9aa9-ee5f7e627aa1,ChIJEYDU5mYbDTkRH-UsiC4Cu4E,click,2026-05-06T14:29:46.004612
8205d339-d501-4af2-af4a-c6e58ea43822,a67483a0-bba7-4549-b3cc-1da04bc4ad8e,ChIJ_y1TYvz9DDkRN-aFtSMAKCs,click,2026-05-06T16:29:46.004612
ce83374c-e720-4878-9325-6d02b0e239cc,8532628a-d2ef-476a-a189-6700fe34130c,ChIJbe0Wa9oZDTkR_jLO_rumWio,view,2026-05-06T16:29:46.004612
53b42573-b9e3-4964-85a0-dc8b716c6ef6,12e57e00-9995-464b-98d6-47b66b2e11dc,ChIJ1eAJv3EBDTkRh-_kWmP5-nE,view,2026-05-06T16:29:46.004612
9f57c492-8ea6-4d8a-a525-21109ad633ba,d1ccba7e-1334-446e-886c-120e0eb88e73,ChIJVSfh4c8FDTkRe54mRvZAn0E,view,2026-05-06T18:29:46.004612
4e1dd811-d4fa-46bf-94d8-a2ce70eb8863,6f5cee92-8e7c-4c1c-9d8c-411e6f4f82bd,ChIJnyd0goQCDTkRajFw4m1a10A,click,2026-05-06T19:29:46.004612
99d812f7-b0b7-4fd6-af79-fe76881a4781,ce684b65-1011-48f4-b0fc-af68c31c585a,ChIJFRvwjdj7DDkRxXDEolyF2gc,view,2026-05-06T21:29:46.004612
25f0e99d-c4a3-4c51-bf09-cdd5a2f81b91,30249500-e4fa-4c09-bfa4-c65e17b79175,ChIJq0A_wPYbDTkRnV2bk_7Fzfc,view,2026-05-06T21:29:46.004612
886613f3-48a6-44d6-9dd5-492887fe9abb,242eaaec-3cbd-4c88-ad5b-70f7c5eb03a4,ChIJr1CxLkEbDTkRau7ByVr9-gc,click,2026-05-06T23:29:46.004612
35f9c48f-3100-4ec6-9ac5-382b4dad2797,4b1efde4-1976-41de-8e08-9be773c8c067,ChIJScWYucUGDTkR2nasp1YBYkU,click,2026-05-07T00:29:46.004612
fb014172-0cc7-42a4-8ea9-4b9874ea0634,3f55c1d1-863f-4034-b86b-c80b78ac8f54,ChIJBztzF2_dDDkRL7U3jwZkoRM,click,2026-05-07T04:29:46.004612
65b44ed2-5a7e-4c38-8e9f-73392c3549ea,c7953376-7b1f-4ddf-8938-2f851c89c11f,ChIJiTGgzpkCDTkRfjZ2Ar8ZSBU,click,2026-05-07T05:29:46.004612
ca7b232a-742e-46d2-8894-4e098f0abcf0,309f441d-29e0-4ce7-beae-bf3754530e3a,ChIJ3VQnN78ZDTkRmGxqa1UL0eo,rating,2026-05-07T05:29:46.004612
3b49b693-326f-4f82-947c-41f8d577fd5e,b1998710-c279-4d01-817d-c99ad02236af,ChIJ34bw-9AbDTkRX4duKPn_Nqg,view,2026-05-07T05:29:46.004612
3b9dc4d6-7e6b-4080-9e14-14ed606f2411,1e0f9973-e20c-4600-a03c-6b0211c2a772,ChIJS0aYLBwjDTkRg1kvuwxqGGk,click,2026-05-07T05:29:46.004612
adf6fe5f-a4ad-44fc-837d-3169a885ee8f,0da216f8-05a2-465e-9b7f-9d4924cd4baf,ChIJCS9C0uhrDTkRa6WloDihzjA,click,2026-05-07T06:29:46.004612
cd95b36e-e8f0-43fb-bccd-6187a209769d,c7953376-7b1f-4ddf-8938-2f851c89c11f,ChIJmQYnvXEEDTkR0r7CgDsyI6Q,view,2026-05-07T06:29:46.004612
c7898ea0-ecc4-49c3-a6ba-182144a4f4a0,016c47da-f16b-4395-998c-e8891c818397,ChIJwavkUvL7DDkRm7mRe1PIo8Q,view,2026-05-07T06:29:46.004612
300517b2-61ad-4d15-baa0-4bbb5bc889f0,1168582a-a016-437c-a4ff-15850825f071,ChIJ6UcYhSEeDTkR6E7j3U9cv-0,view,2026-05-07T07:29:46.004612
4d84d067-d10f-4185-a754-41673b20ce1a,b8c90cfd-7490-43bd-912f-128c7b0f4647,ChIJTW2J7Yv7DDkRoaEMVYMmb-0,view,2026-05-07T08:29:46.004612
bc3f4593-0ad2-4f1b-9e7c-a10f7541cf66,1241c6f3-c91f-42df-96f8-3f4947ba237e,ChIJd0vHMCweDTkRayozzfX4sGc,view,2026-05-07T08:29:46.004612
313603b2-3679-40a7-98bd-5ae78738f67c,b8c90cfd-7490-43bd-912f-128c7b0f4647,ChIJX7ZyGED9DDkRuBBONr3Eijs,view,2026-05-07T09:29:46.004612
4372a870-0ee9-4787-8c83-f13ea3075272,9d0d6a27-7f27-4d93-8c47-818ba00fe46f,ChIJC4qlMTf9DDkRhRQpkx58hqI,click,2026-05-07T10:29:46.004612
c9f8bd25-1808-4dc9-9453-dc5485e6cb92,1cc1f619-e172-43eb-95a9-250a047d53e3,ChIJa0S09SwYDTkRYlUWmvR1zMg,click,2026-05-07T10:29:46.004612
0cd6888c-d186-41e4-863e-c544e78bcfc4,30249500-e4fa-4c09-bfa4-c65e17b79175,ChIJcWZoJ0rnDDkR7ya1Tpcw6-k,click,2026-05-07T12:29:46.004612
82ed8859-6290-43f6-8bc3-5226b2aeb94a,7d11a3e6-38c9-4c51-b54c-9616796ccf44,ChIJr3G6agDdDDkRHk3tDePJCI4,view,2026-05-07T13:29:46.004612
ef37ca9e-6376-4d6f-8058-b141e744202b,d61cd3f5-5242-4468-8633-1939d4899de5,ChIJ0yLaR0H9DDkR4ItbT8FxMO8,click,2026-05-07T15:29:46.004612
40790a2a-922f-4707-af2d-56ba3d3dde82,ce684b65-1011-48f4-b0fc-af68c31c585a,ChIJqUMw8V0DDTkRcqy-cZvfVvY,view,2026-05-07T16:29:46.004612
7f35250a-b0d6-412d-88c1-ab79961cc471,5565485b-f264-4b14-acdc-ff5089e43975,ChIJu32QGTP_DDkRokwZ4k-ZmZ8,view,2026-05-07T17:29:46.004612
491ab0cd-d1ea-475f-9dd5-ff9ef7ec5b44,4fc25487-3a6c-4534-a98a-c87948cb8300,ChIJQTyWH_v9DDkRWIAPGAhMUz0,click,2026-05-07T17:29:46.004612
b41559fc-02ba-49d0-bc1f-20635294a868,f7b4c86d-3e91-48e0-a4c4-aa93d7561142,ChIJS-KftYABDTkRmu7Uh_Lzeqg,view,2026-05-07T18:29:46.004612
c0571b3e-81d4-4dfd-aedd-7c6a0b7fc789,5f717026-5eec-44ef-99b2-099eb05496d6,ChIJ34bw-9AbDTkRX4duKPn_Nqg,click,2026-05-07T18:29:46.004612
0daf8412-7bc3-4c05-970d-0827c8edd9e3,d16cdef1-96c2-4f1f-8bcd-9b46274759c5,ChIJdZJtxyIVDTkRIE66YtbuTXM,click,2026-05-07T20:29:46.004612
76c9ab23-1810-400b-b6d8-72b1b9db86f0,4e9359e0-a2c8-48de-b32c-17fee0cf5c36,ChIJ6XfP3Yn7DDkR7EkhxIHNGO4,view,2026-05-07T21:29:46.004612
b9e0cd4d-136e-4513-8dc9-fb3bae10c7a1,d2ebe84c-5f13-4e28-9708-4906369718ba,ChIJtYbaLgD7DDkRnGLGPEVaYt0,view,2026-05-07T22:29:46.004612
f554895f-9a90-47ba-99f7-602503353f12,20329a95-39f9-46bc-9d3e-dccaacb1574b,ChIJtRsd1IMjDTkRhi5TIH7xu98,rating,2026-05-07T23:29:46.004612
70dae175-0a7c-415e-8a21-6f54778debc6,10e75ef2-4399-4391-a2b7-17ac26c011aa,ChIJTYaPJtkdDTkRueyL3cN2yXA,view,2026-05-08T00:29:46.004612
78c7f9ec-e0be-43bb-b2ae-bf6a0e3e9cf8,565135ed-0dc7-44c1-94ec-6e217b95e3e7,ChIJw8MNqtEYDTkR-YsYLWK7GI4,view,2026-05-08T00:29:46.004612
db6c432a-af2c-4120-8175-b631894c6f58,77fa55a5-6c5c-4e55-a431-5a3e55b1e3ed,ChIJ523s_LLgDDkReZgVUIHDaaA,booking,2026-05-08T00:29:46.004612
08e75f6d-c974-48c3-8b86-bdeaa0f523e3,ac0226a0-09b2-4fde-a7a7-ac6182412c84,ChIJuwnUayoBDTkR7f2EijQM9g8,view,2026-05-08T01:29:46.004612
c8eb7040-7021-48f1-a2e1-d28d1bd4ce84,7d372a30-1f32-47f1-a5ae-29f38ce51ae0,ChIJbe0Wa9oZDTkR_jLO_rumWio,view,2026-05-08T01:29:46.004612
0e193e7f-17a3-4d45-84f5-dd69aa17eb75,9c35b8b7-3f25-444c-8695-1e1a6e215ef7,ChIJP8qaCJ_iDDkR0vVkDdWGYSU,rating,2026-05-08T03:29:46.004612
0515dc3f-b1f9-4e97-971d-bd42a3ccdbbc,482c4751-fdb5-406a-93d4-c8ab9f4d24a9,ChIJU6eIyfUXDTkRunuHeTS9MaA,rating,2026-05-08T03:29:46.004612
7daf0d3a-96f6-40e6-9e8c-ef779f0a835e,b7568585-cef1-401a-bfc8-42122cfb985d,ChIJR3a0cswFDTkR9VOW8hki9K4,view,2026-05-08T05:29:46.004612
306402af-2d25-4236-aeb9-eaec57fd17b3,4f6f8371-18c0-4a14-b176-7e3454ff3110,ChIJSfJXLaADDTkR3n9-HoFizwU,view,2026-05-08T05:29:46.004612
b2453500-9e79-4ee7-bc5c-8bc7704af0db,a5d390af-a9b0-40bb-84fe-6a3a45236261,ChIJo0kq50oDDTkRW31gcMJK4TY,view,2026-05-08T08:29:46.004612
6cea4392-df55-4326-9c13-78f32d9c9c79,b0646bb4-2e4d-4bb0-84c0-1e4362d49fe0,ChIJRYVcMn8_DTkRjwOiyekkc18,view,2026-05-08T09:29:46.004612
b98827ee-1f78-46c8-9133-83f83930e434,8e935e7a-0260-49cb-aa1e-48267d2f9a18,ChIJX7ZyGED9DDkRuBBONr3Eijs,view,2026-05-08T09:29:46.004612
36aef484-c86a-432b-95a4-cb952403468f,01d97da9-9450-46d0-9d48-4d63b6ee1037,ChIJtYbaLgD7DDkRnGLGPEVaYt0,booking,2026-05-08T09:29:46.004612
aa4890d2-941f-4a1b-9132-2769ca724a12,b602ad38-cc4b-46ca-897b-b91ecf1c889f,ChIJj9ohA_sZDTkRzpldRlEu7O8,view,2026-05-08T10:29:46.004612
41435ce9-271a-43f2-b2f2-c58995224bc9,a7cc2721-25a5-4249-96c5-dd28b2e6a2d2,ChIJVSfh4c8FDTkRe54mRvZAn0E,click,2026-05-08T11:29:46.004612
27070af3-c5b3-450d-89c2-414aa6a059f4,089ad2c3-6ac3-4512-81d3-fb730a543b2b,ChIJqx4kZTP5DDkR0tWpOf7Q3tM,view,2026-05-08T13:29:46.004612
19b2a6cb-e874-4f87-ad59-43b29416f447,459130c7-4617-4eec-b6b7-413a5293b66e,ChIJ80WEYuD8DDkR2z_JnqJYSd0,view,2026-05-08T14:29:46.004612
ecacf1f6-44d7-4847-8266-daa0ee120bd1,380668ac-3826-4240-8bc5-84eac5c2d421,ChIJ24_GvcapDTkR2ADVFniKmic,view,2026-05-08T15:29:46.004612
e4cee0df-3f28-4717-a57e-5fc589f34a8f,b06db2c7-0962-44a2-9e2e-0c20ed116e97,ChIJCcAUB0UUDTkRFVah_3Z_EA8,click,2026-05-08T17:29:46.004612
6b818733-ac55-4d24-b798-96d1b7ba075d,bd8ea27c-380a-4077-9622-481aa8659acb,ChIJSQVKhP4hDTkR2I0YM9eyqOA,view,2026-05-08T17:29:46.004612
a20273bd-ff36-459d-87d1-9db3c0c2adf0,f1951d22-67a0-41cf-88b4-fca26b5a0ad8,ChIJ61WTkQ8BDTkROsXSSW6I5SQ,view,2026-05-08T18:29:46.004612
bcc3d3f7-6502-4f2c-95bb-cef6872678f1,c903641a-a29f-414d-b2d7-b1523031f0c3,ChIJr8v4rd0fDTkRYHHvdeASgxA,view,2026-05-08T19:29:46.004612
d98e264c-bc1b-44d2-8f7c-32060c48f0e0,5411c625-0363-45d1-8312-e40a866e6d71,ChIJEZjKmqMJDTkR_YzJs9owIhI,view,2026-05-08T20:29:46.004612
7b553f45-ec8f-4605-8692-dc07655f1891,cc04bfa6-c90e-4dcc-a3ca-d304f232bc5c,ChIJLTUFPQABDTkR2v6CmEIy83o,view,2026-05-08T20:29:46.004612
72a8680e-7452-46b5-8e11-0e1b1d28e696,d34c9416-f56f-4dae-9cf5-56f6594ee57e,ChIJd6482AwFDTkRIzkWAxQEfIw,view,2026-05-08T21:29:46.004612
244219d5-8351-43f8-a171-787a313c177c,3a40b1c2-baad-46de-91e3-69eb5211f542,ChIJ_RV61HsHDTkRAWWXg1KJw4k,view,2026-05-08T21:29:46.004612
73145308-899d-4e3d-8a4e-163134a4e582,aac09aeb-fa74-4654-b63e-ad5dd38d7863,ChIJqx4kZTP5DDkR0tWpOf7Q3tM,booking,2026-05-08T22:29:46.004612
eda340e5-a1e8-4d12-bb83-730b02842206,3c6b907b-a9a0-4ec9-9d24-fec31f360051,ChIJfQc6E2MbDTkR60ajQ_TItMw,view,2026-05-08T22:29:46.004612
69478741-8f7d-4ec0-b97a-41dedfbd1814,5c188236-04ed-4ee0-a96b-0af143487f5d,ChIJbW7dveILDTkRpbfTOIEo1U0,view,2026-05-08T23:29:46.004612
1904f454-e9f5-43a7-99b1-dbb74f2eb976,1abc322f-e7d0-479a-92fa-24b3f76adf1e,ChIJCyc2Pa_mDDkRFDjbRorrdGg,click,2026-05-09T00:29:46.004612
985fae74-f4ff-4d5e-9ed6-e7aa58e01056,0b96ad05-ad6c-46c2-a6f4-63a849620078,ChIJia8n1w7jDDkRB1hLFYhbDH4,view,2026-05-09T00:29:46.004612
65191d48-1418-41ea-8cc6-9a66c7ced4e3,ddad8abc-1036-442d-a7df-508178783d21,ChIJjayGAQAFDTkR_tXrPD-6ou8,view,2026-05-09T00:29:46.004612
fcf8f83e-7803-4c19-a845-c2223a1ebf7c,e8d93133-4aaa-428c-8120-027f2cfd27a1,ChIJC7kLf7ghDTkRxYDIWk_0mrg,view,2026-05-09T01:29:46.004612
0abadb2b-8fee-4148-b3ec-59f6eff31bb3,2df7c9fa-e1b5-4986-8644-a1c7220f45dd,ChIJacclYuwZDTkR5UZdmKWu_90,view,2026-05-09T01:29:46.004612
102de71e-d7f7-4ca1-8a0b-574b6939bd2f,6b11b2cc-9f94-4c6f-b9de-f595d313ff12,ChIJhzHamC_iDDkRkUSrm3hnORw,click,2026-05-09T01:29:46.004612
56855ee9-cfe9-4872-a13a-5ef982eea93c,c042e4c1-9799-40f7-92be-9a4d8db3434f,ChIJY-4p2XsVDTkRMuT0wXQAdrI,view,2026-05-09T02:29:46.004612
b6b29965-d623-402f-8e07-5f6aaf462635,6ff6f214-34c6-4b5d-be45-6bad358924b7,ChIJX4jrIjbjDDkRXXZoolO_JAw,booking,2026-05-09T02:29:46.004612
5766c66e-9768-42e5-8213-6f28f6c18fa1,bb9ba807-5b46-42f5-8465-5c97af0f5beb,ChIJvbq6qMAYDTkR_ir2j3Ddu6g,view,2026-05-09T04:29:46.004612
359ae10f-36ca-4ba2-b586-63a1b66d5f35,2fa7abcb-5b57-43dd-8df8-d6119015d2d2,ChIJe1-rNqjjDDkR8ByQ3dve4Pc,view,2026-05-09T04:29:46.004612
22257608-887a-44ac-b127-eb69950afe76,45166870-9387-4484-b22d-da6ca7e8e9e2,ChIJRyNm3GD9DDkRUDuZ6cJXPy4,rating,2026-05-09T04:29:46.004612
45a59c15-ecaa-4a03-a3d9-436bd1786962,dac14e2b-c22b-40ff-98fd-9cd122f25adc,ChIJuWdhYEQcDTkRSaDfih8YwjA,click,2026-05-09T04:29:46.004612
903b16cb-35da-41aa-b34e-5fc3d5012ed4,33397e6e-13d7-49e1-9503-70a9f4200e71,ChIJ3SQBg8chDTkRY0_2MuPDqv0,view,2026-05-09T05:29:46.004612
a9fa6349-b44c-47a7-9712-91b7231a0be4,b0646bb4-2e4d-4bb0-84c0-1e4362d49fe0,ChIJr1CxLkEbDTkRau7ByVr9-gc,click,2026-05-09T06:29:46.004612
79d833e4-90d4-4804-a922-362b2a08f943,4d738cf6-50d3-40f8-b83a-922abbe0ec30,ChIJkUS0a7hrDTkR8_OhQzGLVjE,view,2026-05-09T07:29:46.004612
1e2150f2-3473-46a4-abaa-bd01796d7f82,ee4ff499-5094-41ce-ad34-44aa3d6320fd,ChIJ7U43gHXdDDkRxrQvQ2InjH8,view,2026-05-09T09:29:46.004612
7c3e0a5b-9ded-4df3-a479-30b4825a6099,bab17f22-cf43-4897-a023-31b708559dfb,ChIJDdqRm4vnDDkRVPs6i90nqM4,rating,2026-05-09T09:29:46.004612
97fd8348-ec28-4cf1-8213-e5429fe95f32,7c71e93f-0a3e-4d1d-817b-1c0c1870c296,ChIJq6qq6pMCDTkRqTr-63N3wDg,rating,2026-05-09T10:29:46.004612
8e71fe9c-66c3-4f79-9a9e-c33b027cf557,77fa55a5-6c5c-4e55-a431-5a3e55b1e3ed,ChIJx3sMMbYFDTkRoVO9BC4gqLI,view,2026-05-09T10:29:46.004612
c85b6bd1-4b9d-418c-8f44-9f9448cf8dbc,054e41aa-8836-4baa-967d-1a4b72099979,ChIJOTDUK3wFDTkR_mzMfRGI7jI,view,2026-05-09T10:29:46.004612
509dbc90-ed4f-4d8d-8388-d9f3b9e82dfa,b0646bb4-2e4d-4bb0-84c0-1e4362d49fe0,ChIJazcHbn09DTkRy0dvrTlBckw,click,2026-05-09T10:29:46.004612
44ebf286-45fd-4bd1-b16f-5504f75b96be,2434643d-e449-4434-baf0-1a56659c1297,ChIJ17YA13zcDDkRo3GFvGnqcYw,click,2026-05-09T10:29:46.004612
ec26fe04-42f1-4c46-89dc-d274c20a6443,8607d01f-4afb-46aa-83cb-03047e38a8ee,ChIJTUvWM5MYDTkR3hEIs_noaC8,view,2026-05-09T11:29:46.004612
71117d7c-7379-4752-a662-86c9518eb7f2,a30f1759-b906-4a04-ac21-fbfffd8022ec,ChIJZSK5CTYZDTkRfA7occujCkk,view,2026-05-09T13:29:46.004612
8573711a-3cee-493c-a8ec-8fc3906e599c,380668ac-3826-4240-8bc5-84eac5c2d421,ChIJtQuDZvIZDTkRoGzaPPVdMss,booking,2026-05-09T13:29:46.004612
a0c72f4c-c6db-479e-a8a7-582fbdd746f7,b02a8ef4-0dc1-4e3e-b34b-71430b2f044f,ChIJGT-mXoQ9DTkRq9y4I-4mxNQ,view,2026-05-09T13:29:46.004612
2cda3401-1f22-4dba-9e2e-f18224cddf4f,25c08eda-76f1-4b3b-ba8c-38135b29e77e,ChIJNYCvH2QZDTkRjLl3MLSE4S0,click,2026-05-09T15:29:46.004612
f93c32e6-3090-4f95-bfcf-f41fbf88cfb2,20329a95-39f9-46bc-9d3e-dccaacb1574b,ChIJI25rymXhDDkRpXprJDubtzQ,view,2026-05-09T16:29:46.004612
a798668b-0a3f-4a17-8c0a-74306306184b,22719aa4-f2ac-491f-b133-5be359b4d629,ChIJuVkOINPjDDkR4FBr49a3Org,view,2026-05-09T16:29:46.004612
651b8c9e-b5de-4c08-a970-bbe3d157c2c1,1e0f9973-e20c-4600-a03c-6b0211c2a772,ChIJixLvaq8HDTkR3a-ToyPGxt8,view,2026-05-09T17:29:46.004612
810350c5-4107-4ed8-be73-0e50d2400318,8eb07be8-2d0a-465d-889e-75d3715585c5,ChIJgSk2NVIFDTkRfuvFZDMRVkU,view,2026-05-09T17:29:46.004612
fa0ee174-0f12-4dc6-b3c9-286ad356ccd1,8f9e1132-4420-4b95-8a79-3d6493bc06de,ChIJFdnp4hTdDDkR_KMLdSsdEUU,click,2026-05-09T20:29:46.004612
be9a036e-7d0d-400e-b0e2-a34e84efcbe2,39b76144-566c-4959-8bff-c3994d5d34bf,ChIJNVRyWcgaDTkRj3BVa6ccnAo,click,2026-05-09T21:29:46.004612
c3c303d9-e12a-4d76-910e-dd7c25ed7ef0,664dac6b-5441-4ea5-b690-49182d74ead3,ChIJ73h-x7AfDTkRYODY5sS8TO8,booking,2026-05-09T21:29:46.004612
ed649c1b-27c5-4513-bdf5-c467c1a3b882,fce67dbf-f65f-4b9c-91e9-0d809f84a9ef,ChIJ3SD_AlkVDTkR5vw23z7SA68,view,2026-05-09T22:29:46.004612
17ffe24b-c119-4ac2-9880-9a9725c5dcc8,3c9d6a37-dfc1-4aa0-a1c0-ce6a5f7eeb6f,ChIJ3Z8udED9DDkRr00_4ufSiV0,rating,2026-05-09T23:29:46.004612
dd52a344-d6e3-41af-9b10-55133ed9f4fd,cc4e5d47-390c-4243-bf4e-87ed1a948154,ChIJL7Vg9KHiDDkRSwZ_W8H-sIY,view,2026-05-09T23:29:46.004612
e7cf3bda-b8ad-4eaf-874d-9365aff49975,501d7b93-7873-4a3e-a801-8c1c2b684e85,ChIJYZTxSwEBDTkRT9D2NJmj2bE,view,2026-05-10T00:29:46.004612
0f6443b9-ec92-48c0-b46a-a0fd33ed93f1,6649644a-256e-49cd-aaf3-52ae768e6f93,ChIJX4jrIjbjDDkRXXZoolO_JAw,view,2026-05-10T01:29:46.004612
cef18983-a5ac-4249-a7ea-a4a3bc8735be,8f9e1132-4420-4b95-8a79-3d6493bc06de,ChIJE9OYdkHlDDkR8960E_5cjco,booking,2026-05-10T01:29:46.004612
a6b98f51-fae0-40ac-959b-289fe1a158a2,c42068b5-0ffe-446d-bc62-0d9188aa634a,ChIJ5VpnAeYfDTkRYQ9sYR8yMGs,view,2026-05-10T01:29:46.004612
d185d9fc-8654-4db1-a11e-76ce2c1d71d9,fb617c3d-7cd1-413c-a61b-d2a28188a0e8,ChIJJ9wSfkKqDTkRzfuvNoR76ds,view,2026-05-10T04:29:46.004612
94f4715a-8e17-407f-8286-f9bde86142e1,49b2edb8-ec6d-43a5-ae9a-dbfb71df90d5,ChIJvbq6qMAYDTkR_ir2j3Ddu6g,view,2026-05-10T05:29:46.004612
27407092-44db-484a-85b3-729dd29b817c,f92946ca-6620-4d98-aaf2-fe22830211f2,ChIJudcH0C8dDTkRk6QLFST8EMs,booking,2026-05-10T05:29:46.004612
8f71b7b1-d201-499f-8fc1-7bf68743563a,707176f7-e65e-4f74-aa77-67cf4908c945,ChIJf6Yq7tHjDDkR9wn1DIoV_GM,view,2026-05-10T06:29:46.004612
13fa6784-4767-4d18-b52b-39f195940d48,a30f1759-b906-4a04-ac21-fbfffd8022ec,ChIJqXNvIZUdDTkR25SLKrXqpcs,view,2026-05-10T09:29:46.004612
87a3e3fe-3e44-4977-8584-868975fb7c26,322ac3a0-7777-4da1-ad77-78f199723f75,ChIJF7LqehsbDTkR6XzlZaqz00s,view,2026-05-10T10:29:46.004612
9369f5dc-28c0-4328-bebe-2ba8ac4a6f35,edc86b94-a97d-41c0-ba0e-891091c3f233,ChIJI25rymXhDDkRpXprJDubtzQ,booking,2026-05-10T11:29:46.004612
7e81ad39-3a92-402c-8402-f0d2a467d120,1d91a951-055b-4366-90cc-4a08d8bbbd0a,ChIJPQR11mkEDTkRFscLu0VKDTE,booking,2026-05-10T12:29:46.004612
d16c421e-e1f2-4c7a-9161-387eebe11f1b,b60e1ae9-9bbe-4fe3-b307-8ee22b9be2e8,ChIJd-3rnjD9DDkRh4jC5r1Deec,view,2026-05-10T13:29:46.004612
48573dfa-6139-4d9e-ae49-b90d905442da,aab10c81-0332-41a7-9c80-c13a075e121f,ChIJs4RS1F8FDTkR5f4f0ryLlWo,view,2026-05-10T14:29:46.004612
95ced66e-3189-4eb6-8359-e40d18aa7d64,216821c0-ba84-464d-9d3e-455250a05e9f,ChIJecUTHEUFDTkR29XTbwIDD8s,view,2026-05-10T14:29:46.004612
5376ce81-5dae-4aff-9740-d1fb08286cbe,3c9d6a37-dfc1-4aa0-a1c0-ce6a5f7eeb6f,ChIJdQZbs-EXDTkReLc3La1x-IU,rating,2026-05-10T15:29:46.004612
e021f95d-874d-4e47-9861-66f92b102c61,95c51aa1-e6ce-4852-a42e-f3569b27a779,ChIJf9AdFZ0DDTkROoUXx6i7QvM,view,2026-05-10T15:29:46.004612
a9b43504-b080-49d9-8809-7cf3f4f63c5d,bb9ba807-5b46-42f5-8465-5c97af0f5beb,ChIJA9WYaIEHDTkRTK-Lo25SbTA,view,2026-05-10T16:29:46.004612
73e1bda3-29d9-4e17-91ff-ff7c74d00206,98e4f59a-5671-44a4-95c3-9fe7f00ace75,ChIJoe00oYwBDTkR88z2B2LfPpE,click,2026-05-10T16:29:46.004612
2a48e7bc-d721-42a2-a819-903acc8d2287,86d28bc0-8971-4188-824b-f6a721bf58a4,ChIJtQuDZvIZDTkRoGzaPPVdMss,booking,2026-05-10T18:29:46.004612
db8cc74f-d33e-42f3-87eb-2c4c5d82ee40,6ff6f214-34c6-4b5d-be45-6bad358924b7,ChIJVVVVVWj9DDkRiPICBGicnJk,view,2026-05-10T18:29:46.004612
dd24b2f5-9f32-4c42-9c7c-796514cc2a0f,d4ed3b72-0227-477f-91d7-16c5d6a4afd4,ChIJF8i-etEdDTkREtkYnwqAdDg,rating,2026-05-10T19:29:46.004612
2dbc3abe-11db-4439-85ed-f0650002accf,3c4b7a3f-0093-4a17-a928-554f1957cab9,ChIJT0kDM8_7DDkRgnPVUAuR6fA,view,2026-05-10T20:29:46.004612
9a648f4a-6d60-421b-94c6-aa6df7d9e4a1,d0568206-fb99-4420-93e5-955e8cbc76f9,ChIJS4Ok5QoZDTkRvuSk45jH_qw,click,2026-05-10T21:29:46.004612
ff12da1b-fe86-460d-ab85-4d5de640bf55,7d11a3e6-38c9-4c51-b54c-9616796ccf44,ChIJIX4qK5gCDTkRbm67bcxGI7I,view,2026-05-10T21:29:46.004612
8879b2f5-f9e8-43e2-bcfb-5e4109c53409,96ffebd7-5dbe-4467-9460-c36ae73f330f,ChIJHRhUZowjDTkR6J5dsol9s_Q,click,2026-05-10T21:29:46.004612
be98dc67-fac9-4e27-8ae4-8bc08f06131d,3b08d955-3c94-4732-bfb6-b67bcec421cf,ChIJuXLbfLffDDkRxy1PB4zL1WA,view,2026-05-10T22:29:46.004612
abf3fee7-9a41-4f59-bf45-4cd73596945e,df95df7b-505f-484d-a77d-0f4a6cff7299,ChIJacclYuwZDTkR5UZdmKWu_90,click,2026-05-10T23:29:46.004612
703690aa-2cd2-4707-8d38-e2a7a860dd93,4ce15bcd-d008-4633-907c-6d683f1b45b9,ChIJ968tGgojDTkRObaW2xZSuXs,view,2026-05-10T23:29:46.004612
33b3fc02-138f-4e04-9f7c-7dd26f9049d4,fa110865-51ea-4a5b-ba2d-a9cb901012a8,ChIJjXIMuls9DTkRhBhavLC_ajo,view,2026-05-11T00:29:46.004612
5646158b-ea39-44bd-83e4-82a0ed4ba451,3ffcba89-0cc5-4537-b758-67a79d5365f5,ChIJWeQkGvn9DDkR472-MKgiClU,rating,2026-05-11T00:29:46.004612
3b0fcd7e-ceef-4d69-8ee0-4aee991cbf05,f6bca5e6-d93f-4742-9d35-8b9c2d6ae349,ChIJtfVFi38ADTkRXdDWAReIZ2o,view,2026-05-11T02:29:46.004612
cf23dcc0-dd8d-4d43-8661-c57be999b293,10287ce6-65b9-4142-8b2a-cf7790da529f,ChIJzaSD0YLjDDkRNdQPGay3_OE,view,2026-05-11T05:29:46.004612
4db4eb7d-9c08-4d1e-a370-23fe9f046c9c,3ebd9cac-43d4-411e-8233-c1dc7596d78e,ChIJAQAAAKHThDkROOHqJK8SqEQ,view,2026-05-11T05:29:46.004612
c6e66465-35e0-4ae4-8473-7b17ee1fe791,82703928-e288-4c52-85cb-7d60ddd1bf9a,ChIJuYL0zDb7DDkRznsMPPI-ZsM,click,2026-05-11T06:29:46.004612
cf00255b-4106-4491-a44b-77a9f8a91d4d,82d92a45-0d99-43de-8933-341bad36565c,ChIJi6djbFgaDTkRSlSm1pL_cEI,view,2026-05-11T07:29:46.004612
ad37b6e2-f968-44a9-afe6-6c5ff6329c4a,8cbcbe27-f2ef-492c-95fe-ac29cf61c512,ChIJPWZW_gkEDTkRvJ3DTtFoPVQ,view,2026-05-11T08:29:46.004612
1a8ec694-cfda-4c9d-a1c7-32888d019499,df95df7b-505f-484d-a77d-0f4a6cff7299,ChIJe7gYHwCrDTkR_a-YZabtmog,view,2026-05-11T08:29:46.004612
e6a3b46e-64a0-453e-a6d7-ccdb57e884cb,4425f3a7-554a-4c3a-a9b7-a894da580b61,ChIJq6qathkdDTkR-mtwPPIV2C8,view,2026-05-11T09:29:46.004612
0d6d3d46-a4f5-4c52-ae54-a850785bf67b,694404ea-c783-4605-9f69-b3cb51e90bba,ChIJ--FGZrMZDTkRnNnjWOLxdmI,click,2026-05-11T12:29:46.004612
9011cd91-59a6-43b5-a01f-6d9486e1e935,2434643d-e449-4434-baf0-1a56659c1297,ChIJz1izm5IjDTkRNiCBlzrxrNk,click,2026-05-11T12:29:46.004612
a97a83a5-b193-4e79-ae9e-7ad6be7b8e04,d801e23d-c229-4ebc-8261-5eeff8a3e839,ChIJXRvWOpkCDTkRmsdHCqu8KnI,click,2026-05-11T13:29:46.004612
17b479d8-0fee-4e03-85c4-7a5cbd28f955,03a15616-3687-40ea-8a20-d01b6c4010f7,ChIJf_RyNJQZDTkRAVspU3WJK8U,click,2026-05-11T13:29:46.004612
c9b933c9-02e3-4976-965e-602e03d50723,12e57e00-9995-464b-98d6-47b66b2e11dc,ChIJKWnq_wPkDDkR5dlmfoAQhCE,view,2026-05-11T15:29:46.004612
5ac47f25-c961-4ff0-b818-a9f4114e7450,85f877fc-5969-4798-846a-782e928d85b4,ChIJjayGAQAFDTkR_tXrPD-6ou8,view,2026-05-11T15:29:46.004612
3dcf42d0-1ba1-4a8d-8e8d-41cf71742012,363eabf7-9851-4ce3-aca3-6c053f03ad0e,ChIJs5RrKf8hDTkRAqpHTQgqjBI,rating,2026-05-11T15:29:46.004612
77c0c836-cc14-4dd1-86da-926095e62c88,ece06da3-fbf2-4e16-8615-5a2990099b20,ChIJUXQfIkD9DDkRcVucp8aFAD8,booking,2026-05-11T15:29:46.004612
f1b7fee1-f842-41eb-903a-6294bd8631be,8b090365-f819-477f-a8f7-4bc8e4f950d9,ChIJnWzx20U9DTkRPxUI9pMRna4,view,2026-05-11T15:29:46.004612
917b7de9-ffff-4281-87d9-0dff52ca42e0,d29e6b85-cdf9-462f-8815-6dfeff9a152f,ChIJj8YORkcFDTkR94RXl2cn8tE,view,2026-05-11T16:29:46.004612
1640bc5a-3b4d-4302-90d9-c3bcbc5faa54,1d6480f8-1b79-4db4-a917-49a280dcee2f,ChIJX7S4gF4ZDTkR1muRn56eJLM,click,2026-05-11T17:29:46.004612
0d420c9a-fb41-4692-8076-cd5c2283b3f3,7862ba6c-1e87-4810-ac29-1ecdedc490ac,ChIJVVWF8pwCDTkRqM8xtxxMbm0,view,2026-05-11T17:29:46.004612
683db13c-efed-42e8-9d36-170db2e1410c,7779069e-c5ed-4221-b334-a4a5bccb349a,ChIJ5ztBr_kZDTkR4LzBbqbWcSk,booking,2026-05-11T19:29:46.004612
a658cb1c-92dc-47e9-a50e-bcb154165dc8,bded2630-13b7-4983-996d-dfe536cc25e8,ChIJr8v4rd0fDTkRYHHvdeASgxA,click,2026-05-11T20:29:46.004612
475111f5-cba6-4924-bf97-b3554d694435,b6b9a069-7775-44ae-b276-b2ff93dcb7be,ChIJX7C574UZDTkRYfqnTVhY8-k,view,2026-05-11T21:29:46.004612
84fb734d-da0a-42f8-99a1-294acad8c7e5,1286e900-2bda-4dc7-a8b2-b147e132c1b1,ChIJl-fnJmXnDDkRI72MNPOzSFA,click,2026-05-11T23:29:46.004612
4aa42990-0cba-4da5-b827-79cbc693e4b4,1d6480f8-1b79-4db4-a917-49a280dcee2f,ChIJiTGgzpkCDTkRfjZ2Ar8ZSBU,view,2026-05-11T23:29:46.004612
482b6586-9cd6-4871-b5a8-b3bec206ac12,309f441d-29e0-4ce7-beae-bf3754530e3a,ChIJAZTkm0D9DDkRAMiy3bHdGCY,click,2026-05-12T00:29:46.004612
7f9f0efe-f3ac-41da-9c89-958e12ce3581,77fa55a5-6c5c-4e55-a431-5a3e55b1e3ed,ChIJR7opKkHnDDkRu2lSbe2ecIE,view,2026-05-12T00:29:46.004612
32817a95-6e1a-426b-89c3-85bc5928d57b,9be46000-e50f-41d7-a48e-ba9af941968f,ChIJ5dfWP_UdDTkRciVp85XPAk0,view,2026-05-12T00:29:46.004612
7343c629-b3a9-4b0e-842f-fdfa3a30a569,694404ea-c783-4605-9f69-b3cb51e90bba,ChIJ5V5eFuAHDTkR47MCn7ul_ww,view,2026-05-12T01:29:46.004612
4dbacb54-d49b-4c69-adf0-e199c040939e,9c35b8b7-3f25-444c-8695-1e1a6e215ef7,ChIJ3RlMdckBDTkR0pjpqymKelw,view,2026-05-12T05:29:46.004612
88c26fa2-1535-4183-9db8-31c6e6379bbf,da9b2f0d-d096-4cea-954a-60d89171bcc7,ChIJXeSnHXIHDTkRprqwYbtYCHg,view,2026-05-12T06:29:46.004612
0325abdf-d7a5-476f-9e40-90232bfadb45,484ba900-a1cf-4128-ac39-0cdaae9a5892,ChIJC_BtMAmsDTkR0zDkFj0klCs,booking,2026-05-12T06:29:46.004612
128f92fd-13d7-4ba9-8ff4-7c7ab5201eec,b84c7985-fd4f-4250-81db-dc6b114a69d0,ChIJj1OudT0CDTkRtj84wg-cCE8,click,2026-05-12T07:29:46.004612
6f86610e-e0c9-4195-a229-64fc3126a821,5fc98c67-e5e9-43f6-8188-59f70e55c234,ChIJ9z9RjKzjDDkRkqMhtJ2HBNM,view,2026-05-12T07:29:46.004612
1268ba27-d01f-4405-8929-1fe7b2341bd7,f32ed5f5-48b9-4967-9ec6-8c0147bd672c,ChIJm5rPtlGrDTkR8sMpKe-1YS4,click,2026-05-12T08:29:46.004612
48b291aa-5a1d-4c9c-b086-ab240dc96e7d,ddad8abc-1036-442d-a7df-508178783d21,ChIJl6486XvhDDkR4B-ArwFX0Ak,click,2026-05-12T08:29:46.004612
f9b3de93-7e5b-4a8f-93b7-7f63bb0591e2,c1ca45ed-c3ad-46fb-9a72-f73e18dc8700,ChIJMyjsl_rhDDkRcU3rb0yGJ3s,click,2026-05-12T09:29:46.004612
54bea6a9-93ad-4ac5-92bc-d9f939099150,20065164-876c-4db0-b1e2-47612559208a,ChIJz2kv2TwZDTkRxLds7WNtqJY,view,2026-05-12T09:29:46.004612
0a877e27-ee42-4ad4-9ee1-a266e0c04f1c,caab4413-f522-45f3-922c-28d705578a11,ChIJl-fnJmXnDDkRI72MNPOzSFA,view,2026-05-12T10:29:46.004612
f804e791-711b-4e07-8406-eca523d64c0e,2c0c18c4-b0f1-44e3-a7bc-9b9d8a191886,ChIJMWavIwCpDTkRz9RcEhXzSA4,click,2026-05-12T12:29:46.004612
b8227407-5e1f-47dc-bf6d-6d12d16b493a,39f5fcae-f5ba-44ad-8b50-270a409a543d,ChIJAQBA6eAYDTkRV0RzEJj5IE8,view,2026-05-12T12:29:46.004612
ebfd7342-96d8-4e03-8b4a-7df86875d350,e867d19b-6f44-4b17-93ce-942c8c66460a,ChIJRU-t04EYDTkRvvJW6Wqkwes,view,2026-05-12T13:29:46.004612
a53883fe-4011-44a6-badf-71582246aa8c,484ba900-a1cf-4128-ac39-0cdaae9a5892,ChIJCS9C0uhrDTkRa6WloDihzjA,click,2026-05-12T15:29:46.004612
a948e15c-c892-4f65-906a-cde8b5f5511d,d694e279-26f0-478e-a275-e78f43bbc3be,ChIJO4bEjrL7DDkR_Sj7Ag-P-Pk,view,2026-05-12T15:29:46.004612
db843c1e-2e9e-4a84-8e6b-85ad53f171a7,c042e4c1-9799-40f7-92be-9a4d8db3434f,ChIJNQbCLoPhDDkRFI2nnt7W9qE,view,2026-05-12T17:29:46.004612
9b6f863d-ff84-444c-bbda-a64b0c078c90,aa11e355-39c9-4ce8-9ee4-13608adb3979,ChIJHz6rlQ0ZDTkR3PLIrgWCYmM,click,2026-05-12T17:29:46.004612
79199616-4527-4910-997a-c2bb7eaa2214,75d89ec6-1107-49bc-988d-c97c46238ff6,ChIJl_0cXHwZDTkRFz_CkZcrn-I,click,2026-05-12T18:29:46.004612
a7160017-3a42-489d-82a2-48be9fbba45d,5411c625-0363-45d1-8312-e40a866e6d71,ChIJtQuDZvIZDTkRoGzaPPVdMss,booking,2026-05-12T18:29:46.004612
72addf0d-f0d3-40fa-8de0-ab69eaf68df7,04c48e09-7532-4bfa-8622-cf1c105e871b,ChIJYdNoMrwCDTkRFluyHeSqGoI,view,2026-05-12T19:29:46.004612
56d69cc1-bb9e-4bc9-89d1-93b10762d09e,e3e541af-1639-410c-b2a3-0b7b5ce191f3,ChIJmb7NnTHlDDkRlv2WNrp3Wio,view,2026-05-13T01:29:46.004612
99eb25a3-16e3-4518-948d-da20c9c43f1a,a123c201-eb05-40b0-a623-65fc5c901802,ChIJYYEN1ewHDTkRc3o8PiMnX34,click,2026-05-13T03:29:46.004612
fbc463b0-805a-4039-a9b2-a4a7e59e9236,68c1db27-af96-4b10-8e19-55873cb43635,ChIJQ0mCURIeDTkRxSzdLV_yWnw,booking,2026-05-13T08:29:46.004612
e98934a4-9828-418a-9718-8414d1d00453,4e9359e0-a2c8-48de-b32c-17fee0cf5c36,ChIJqaoxLsUEDTkR-NjBX_zkwmo,view,2026-05-13T09:29:46.004612
d7823e4b-c308-4a5f-9b26-1cf06c77de6e,18bda87a-d1f0-4fa1-ba1b-0b6158fd3c26,ChIJm0ebk2OpDTkR1k5tqktw8bg,click,2026-05-13T10:29:46.004612
4e9fef51-869f-4580-aa4f-1b02c4fdc142,bb27f4a3-acf5-4fbe-b9e7-ac5430056281,ChIJ75mawVXjDDkRgnu3gPfCRjc,view,2026-05-13T15:29:46.004612
41712e02-893c-467d-984c-c39c2961a191,62689cf5-8b3d-4aca-8ff2-e66406e93ef1,ChIJs28LAX_7DDkRyHzGDbAs6YM,view,2026-05-13T16:29:46.004612
1d9af2c0-9f59-4fed-b923-31b67d6219ad,7b25bca1-5cf8-4df1-a24f-5c00b397a370,ChIJ-V35ZQLkDDkRAN9EIFb6qLA,view,2026-05-13T17:29:46.004612
163a2ce4-095f-420d-a17b-7cfbbfee7d8b,5411c625-0363-45d1-8312-e40a866e6d71,ChIJd5cZPc8aDTkRE1xpc6mQ0Sg,click,2026-05-13T18:29:46.004612
08732a7c-1927-44a1-8321-28ddf82a102d,e7846780-b12f-477e-9b42-13be2a46552a,ChIJY6PJh2kcDTkRybb5KBGcqIY,booking,2026-05-13T19:29:46.004612
6f7c5e4b-9424-4e7a-987c-385381de18fe,aab10c81-0332-41a7-9c80-c13a075e121f,ChIJmTJKjpsCDTkR1STz4I0smpo,click,2026-05-13T19:29:46.004612
271acbd5-5a8a-46f6-8dfa-81b0a598dd89,d5e48dc1-31fc-42fa-9872-a3ff735624f8,ChIJXXRN7bsbDTkRiO1syjt3AM0,booking,2026-05-13T20:29:46.004612
73d73301-d161-4faf-beeb-6a983154dab0,74f869b6-84dc-476e-88de-57c3636377a7,ChIJqaqqZ4YXDTkRtQ-QBVfHHQI,click,2026-05-13T21:29:46.004612
057ad5b5-9ad2-448f-9db3-102b7626ef02,665e3599-cb6b-4c1d-a10d-1e405f2b6c97,ChIJr3G6agDdDDkRHk3tDePJCI4,booking,2026-05-13T23:29:46.004612
815a5ca1-d704-4a76-82c4-a5f0087e92bd,03c6f2e7-c9cd-4768-94d6-a9ec4429752f,ChIJ-cFw1QcDDTkRZHlhKN9WUNs,click,2026-05-13T23:29:46.004612
4ac5dcce-2a23-4ffe-bf77-97d9c71ae89c,484ba900-a1cf-4128-ac39-0cdaae9a5892,ChIJX4jrIjbjDDkRXXZoolO_JAw,view,2026-05-14T00:29:46.004612
b22ac52f-ccf2-429b-827c-77b51b2516e9,63202cd2-4df1-414e-90d4-f3548eec0853,ChIJS6pNJr4ZDTkRU4iPl8B64uE,view,2026-05-14T01:29:46.004612
924380b8-2a1f-40c2-8c5c-cff879463db9,da7bdf63-c815-45bd-9ed2-1d70cc614424,ChIJC4a0GTAdDTkR08VLCKrqsfs,view,2026-05-14T01:29:46.004612
3fb9d374-29ad-4fef-b2d7-920a3511572d,4d6e905c-7e27-4c61-b9eb-2bc79ce3ea71,ChIJaQpZ9tsdDTkRt-gxwpbrYSw,click,2026-05-14T02:29:46.004612
659c38b8-4e75-45e7-b320-893e137ef888,9d0d6a27-7f27-4d93-8c47-818ba00fe46f,ChIJc4BAbZoJDTkRKKZrpsVFBFw,view,2026-05-14T03:29:46.004612
e10ee578-dd13-4f16-94e2-56b3b9982213,5506193e-74cd-4613-8e95-0431a350fea1,ChIJbei8fiD9DDkR6sUO_0lx9Cg,view,2026-05-14T03:29:46.004612
d286ce10-45b3-489c-9062-c7fcf291b975,3b030995-f450-4070-abce-89f1ee8fd2ec,ChIJfQoZ9HbiDDkRSibFdAucTrw,click,2026-05-14T04:29:46.004612
0e658398-a3ac-4738-91ee-e89834c573d7,00062863-ad1f-4d03-8bb1-ae6ba994a3ad,ChIJC-svMT7nDDkRsnPyEfm6MSM,view,2026-05-14T05:29:46.004612
04e0d6af-820f-4542-8df0-52a95e4ef76d,72e38c5b-4c41-4765-88bb-9762bba55769,ChIJJZbBIxcdDTkRWHSDuiBGNDc,click,2026-05-14T05:29:46.004612
a3c2aaf1-f67e-4cde-897b-03cfa40a496e,9d0d6a27-7f27-4d93-8c47-818ba00fe46f,ChIJnSnYFEsZDTkR6NLGDcS6Qvo,view,2026-05-14T05:29:46.004612
02e247b0-39d4-4125-80d7-f5ba7bec88e4,727def27-1002-43f4-adf8-95427b0d04c6,ChIJe0aRQU_jDDkRiANhTaAQknI,view,2026-05-14T06:29:46.004612
3d4688b1-add6-407a-a788-c16f8ebaef08,3741b114-83ef-4fdb-ad4c-b47eed63e977,ChIJw6EdanYDDTkR9EzmpV-p2Dw,rating,2026-05-14T06:29:46.004612
874ff35a-2613-4f4b-b50e-25c1fd4a623c,3ff11692-d469-4c8c-a91e-bf5dc86c1d71,ChIJQzynNDjcDDkRwyLgZhp-JWY,click,2026-05-14T06:29:46.004612
61d8c614-5bc1-4fc4-9b85-ac0d60381ee1,b6b9a069-7775-44ae-b276-b2ff93dcb7be,ChIJCYkD0ckZDTkROZqkEmNEa5k,click,2026-05-14T09:29:46.004612
aefc132a-e638-4fc5-aa9f-dee597d1b0f0,fd0a9c7d-c212-4dd1-94af-29cd1630015c,ChIJM6ES7xUdDTkRjzrscxEeS8g,view,2026-05-14T09:29:46.004612
7d4bf4c6-d43a-4feb-b2a2-d041fa2d48f7,d34c9416-f56f-4dae-9cf5-56f6594ee57e,ChIJa4Td0z8jDTkRPG1sCr5IS5o,click,2026-05-14T09:29:46.004612
71ec2306-c4d3-4620-a201-34629cb39948,aef9db74-8ed6-414b-b575-d026e1a757f7,ChIJ_xQYuMUGDTkRBSlXLNO45WY,view,2026-05-14T13:29:46.004612
44c8c179-cf99-4814-af69-8b5b81b78959,27c5fee4-ee41-4dea-9443-ec4fb6fb1a66,ChIJ3a9ngjLfDDkRSKpG4qiY0Uc,view,2026-05-14T14:29:46.004612
99a164ae-2dce-4452-963a-bf5e622baeb5,ef575917-4cb4-4cbd-903d-4be53a66ca29,ChIJ9WJgCpwiDTkR9v_-VgD8zc4,booking,2026-05-14T22:29:46.004612
774691fa-ce82-426f-9e8f-c16e86f547d9,aeb166fd-c454-43a4-be17-eefd82ad126a,ChIJ64ybpDgFDTkRNm-JNcbqCuE,view,2026-05-14T22:29:46.004612
ad5defcc-8324-47d0-a296-695208197f00,67364aa1-8d07-45f5-941f-31b64963f318,ChIJO4HVEPUBDTkRn0LyWHtKEs8,booking,2026-05-14T22:29:46.004612
78857b65-cb63-4ffa-81d3-2e0d0323f406,8b090365-f819-477f-a8f7-4bc8e4f950d9,ChIJd9sdC4MHDTkRtaltQYd0h2s,click,2026-05-14T22:29:46.004612
d6198c68-5274-4528-81a4-6810b3caec67,c0b3bded-dc6e-4bd9-86ae-6844ea80d2e9,ChIJAQBAAokZDTkRZxk3dwZd-4I,booking,2026-05-14T22:29:46.004612
1691a842-17be-4fe4-9eaf-51031a9d59b1,3b030995-f450-4070-abce-89f1ee8fd2ec,ChIJe-euBg79DDkRqrpZ5Pzm8Qw,view,2026-05-14T23:29:46.004612
0403c73d-e27a-4326-9b92-dfa828edd3e9,67364aa1-8d07-45f5-941f-31b64963f318,ChIJXXRN7bsbDTkRiO1syjt3AM0,view,2026-05-15T00:29:46.004612
d2fe7372-a0dc-4315-ac6f-a7259857fd93,2fd646f2-e520-44d5-91cc-a0c8d5556ccd,ChIJW5dO58MfDTkR0IkpjGctiBY,click,2026-05-15T02:29:46.004612
cc2f6048-2a5c-443e-9532-efcc651253df,bded2630-13b7-4983-996d-dfe536cc25e8,ChIJtdwaGPMYDTkRQK0oAP05IEI,click,2026-05-15T04:29:46.004612
380caf65-192f-4d61-9feb-530b06935fac,d91358cd-b234-405c-a307-8d6755658412,ChIJtYbaLgD7DDkRnGLGPEVaYt0,view,2026-05-15T04:29:46.004612
db5f54f3-26d0-42a7-96d3-a63a5a69ace3,4f6b2cdd-7c5e-42e9-a615-b9d0e094dd29,ChIJz6mMvD4cDTkRC1x5YWUVypU,click,2026-05-15T05:29:46.004612
8bb577f0-384f-4a5f-b0e6-4306cc6b7d8e,f5f4a114-68d1-4f54-a589-9da9679700bc,ChIJCbfAqZ4CDTkRFi_5YrUbYzg,view,2026-05-15T05:29:46.004612
46c9237b-244f-45c1-8aae-956f19b78cad,45a5ef60-7a39-4857-8520-7f395ec26f2a,ChIJmbKGWigZDTkRnFzstL8pzNQ,click,2026-05-15T05:29:46.004612
3bf76068-2236-4838-b3fd-6912529625f8,bf4a6286-f6db-40cb-9bcc-9a1a9f09f2a0,ChIJ7Xa0GEEcDTkRE39X-CgUsG0,view,2026-05-15T05:29:46.004612
fbc8f3e1-f728-4a54-aeee-f770ece3dbff,4ca1fab7-5bd1-49a0-9b56-9c3993a6d8d1,ChIJS4Ok5QoZDTkRvuSk45jH_qw,click,2026-05-15T06:29:46.004612
1e692459-10bc-4677-9c6f-bedd5ed43dae,91a4e9b7-5744-4abb-98ee-9bd1984e6771,ChIJO-1YhaoBDTkRSjyr7WIIzG4,click,2026-05-15T06:29:46.004612
1a65042f-ae12-4b17-8f88-30c433404dc2,a67483a0-bba7-4549-b3cc-1da04bc4ad8e,ChIJpXzVXgD7DDkROTg2qZrmdZE,view,2026-05-15T06:29:46.004612
e9cbcce9-6b96-4163-a31f-62394d910529,6a174ce0-a131-498a-a7b3-8118ef201107,ChIJ6c81vdD6DDkRwSloTrOLG6E,view,2026-05-15T07:29:46.004612
d752a894-b718-4b99-893b-874146fcb672,30249500-e4fa-4c09-bfa4-c65e17b79175,ChIJk4_wGzL7DDkR7ryPrhtrJuw,view,2026-05-15T08:29:46.004612
fcb6ffe1-d187-4af1-9534-dbcf0cef8d53,ef575917-4cb4-4cbd-903d-4be53a66ca29,ChIJiTGgzpkCDTkRfjZ2Ar8ZSBU,view,2026-05-15T08:29:46.004612
66cf2f4b-dd68-4329-a20f-83d3cdaf2e5e,52c153e2-41de-4d35-810b-c52b9f4a0421,ChIJUQAAACQCDTkROgV0toDmdlM,click,2026-05-15T08:29:46.004612
c78de942-2a09-4a6b-9bbc-5a091746053e,aeedca81-5b94-4f80-b95d-b3596c11b746,ChIJFyrcK3cBDTkRAplBTYJQlag,view,2026-05-15T12:29:46.004612
9c8e5fdd-7690-4fe8-94e3-b8825208e7c0,d91358cd-b234-405c-a307-8d6755658412,ChIJ5bXEImgdDTkRTcDcVIVTblg,view,2026-05-15T13:29:46.004612
97c0c283-5fe1-4b72-8c0a-b89576a20cdb,1afdbaef-b1c9-4af6-b3fd-0657dd8126f6,ChIJR-WL4m3iDDkR4jurspZOnwQ,view,2026-05-15T13:29:46.004612
91d1980b-5c78-4c47-a37d-090cb0b95f73,ac0226a0-09b2-4fde-a7a7-ac6182412c84,ChIJz2kv2TwZDTkRxLds7WNtqJY,booking,2026-05-15T14:29:46.004612
23077bd6-e22f-481e-a88f-1555352fedec,cc04bfa6-c90e-4dcc-a3ca-d304f232bc5c,ChIJ0_UDiGcBDTkRZ9S_7mx5PVs,view,2026-05-15T14:29:46.004612
d58515ae-a1a4-4e82-bb14-616c2c01e095,bc40a13a-1f0d-4827-8fd7-b0013673bbb5,ChIJC5jTgNcZDTkR3ajFCvQd1dI,click,2026-05-15T16:29:46.004612
c660eaca-d446-49a2-b690-2e9092d34da2,309a3e0f-e49c-4ecc-b251-e14eb1752d8a,ChIJZQCmAjEZDTkRwrCenXr9HJ4,click,2026-05-15T17:29:46.004612
cbc8d447-1f53-43f7-bb41-5cca02497ecb,7f29a7e8-29b8-4038-bc46-8a33d2e3a8c9,ChIJP99idcvdDDkRAuPrzOLRVNE,view,2026-05-15T17:29:46.004612
f0b0aa0a-aee0-4dc2-ab7c-d3f413d2b0fc,b02a8ef4-0dc1-4e3e-b34b-71430b2f044f,ChIJ9yKcCbQXDTkRW3uWCbf-uLQ,view,2026-05-15T19:29:46.004612
25ebeb49-eddf-4fed-8e15-a9487d4c7fe1,7346238f-82e5-4c3b-8dcb-2ad548a8073c,ChIJk4WvZ3DjDDkRZ9zZPlkz7RU,click,2026-05-15T19:29:46.004612
2fdb28c3-18fe-4b7b-b29f-5b9680c7a98a,42536817-5943-4069-999f-811aabc65160,ChIJTSw1U9UXDTkRPNDA5dxjbTw,rating,2026-05-15T20:29:46.004612
beb6b785-da28-4821-908c-37443542c4ed,9b8b2cdf-b647-436c-bfa1-08291768ca1c,ChIJSbtGxVI8DTkR1n3vqBK1m5I,view,2026-05-15T21:29:46.004612
c92080b8-3801-4869-ba1d-e73749e28793,62689cf5-8b3d-4aca-8ff2-e66406e93ef1,ChIJh-mR3oYFDTkRrvwH-wGgU5I,booking,2026-05-15T21:29:46.004612
92e98664-85ea-4571-8c44-961aa8e05fde,b60e1ae9-9bbe-4fe3-b307-8ee22b9be2e8,ChIJgYEW9tHjDDkRY7NOQXZZSTU,view,2026-05-15T22:29:46.004612
187553b0-2345-4a5a-8103-5277d1fa5b97,05f1d6d4-2877-47cb-9725-75bbc4956be0,ChIJV5m_Ty8dDTkRyHJJlJvPEAk,view,2026-05-15T22:29:46.004612
a929e50e-731d-4191-83e9-70d654cabacf,b8280c36-4b28-45ac-a1d6-ac369a47ebea,ChIJnWzx20U9DTkRPxUI9pMRna4,click,2026-05-15T22:29:46.004612
fb076f74-cdab-405a-85d5-fd3ebedfc4e8,567cca15-a491-4b46-a71a-5e8d911c94aa,ChIJVZv6HQD7DDkRuvanyn__P7A,booking,2026-05-15T22:29:46.004612
ffca74d1-d640-44de-9e82-f9d40facc9fa,3736b331-d748-495c-a46e-1d6ef91edf11,ChIJNaMuONvjDDkRv5D1tbP4bIE,view,2026-05-15T23:29:46.004612
4fa082d7-844b-45c9-b5ab-b3306bfced64,e3e541af-1639-410c-b2a3-0b7b5ce191f3,ChIJcyPwClgJDTkRpkzRG7inG44,booking,2026-05-16T00:29:46.004612
8b9aa3c9-4124-4ecd-8fd3-71a71fe1107d,e55d9a53-a0b3-45df-80fc-ae4b5f97b829,ChIJGTTB6-0ZDTkRdIDLpY_uLr4,view,2026-05-16T02:29:46.004612
b8985a6a-3d54-4ea2-b1ec-5de69241ff90,7b28e71d-661d-45bc-b8bb-a1194522b88b,ChIJw-ezIEAFDTkRjI637nlIT1Y,view,2026-05-16T05:29:46.004612
217b603d-f072-46dc-b12e-ca03bd77d160,6d77fd2f-12f8-44f7-9f3d-0955d9330f54,ChIJf8BWKED9DDkRo0tNpcGElSk,view,2026-05-16T05:29:46.004612
1416d067-2055-4d9e-84fa-cb17c70608d4,4d6e905c-7e27-4c61-b9eb-2bc79ce3ea71,ChIJL0f22DLiDDkR3fcJSE_kmw8,view,2026-05-16T05:29:46.004612
69aa343d-61b1-450f-96d3-f774c19eb5cf,bf8ef2c4-1eb7-42ca-8be6-f2bef274044f,ChIJ32Vw6zEVDTkRjhdgrT9Hq_Y,view,2026-05-16T05:29:46.004612
91acbf80-2542-4b3c-aa77-4c41c9de40a3,a9f2b8e4-5587-4cb2-9cf6-444ee1d94e8d,ChIJv7HZjfwHDTkRsAY2J5m3BfQ,view,2026-05-16T08:29:46.004612
5130c899-2225-4326-ace8-c5a0689f20c7,3b030995-f450-4070-abce-89f1ee8fd2ec,ChIJW9pNqsgFDTkRuLtIJdxTt7I,click,2026-05-16T08:29:46.004612
dca9bd3c-ccd8-4afd-822b-243ba82ebe53,a22b0a6e-7e85-4dc5-8f62-c0e1a1118cb0,ChIJe0xCk5bdDDkR666iGLVq8iw,booking,2026-05-16T09:29:46.004612
1c40d9a6-0163-4da7-9aef-07fb0d7c4572,c1ca45ed-c3ad-46fb-9a72-f73e18dc8700,ChIJXdmXL30EDTkR5YJTrNiByBs,view,2026-05-16T10:29:46.004612
4e16a31f-8a08-4305-8710-79ef25f6da1a,b57da618-a9b5-4630-9880-8c79827b243b,ChIJX_nDWw4bDTkRyBuwCgrqmNQ,click,2026-05-16T11:29:46.004612
af194a08-a7bc-4e34-9346-f8bdfc918a8a,9182e03f-2dd2-48d2-8ccd-8a62bc3c3a05,ChIJxY54Sx_9DDkRgZ05aiuE6aQ,view,2026-05-16T12:29:46.004612
b87eea1f-4577-4a8b-a901-60a13f605f40,cb4ba209-214b-4c3e-9d38-d6e297a60fc4,ChIJe7gYHwCrDTkR_a-YZabtmog,click,2026-05-16T12:29:46.004612
3bcbbd8e-14ae-49b2-bc55-dfab4f69b3f2,5bcca5b0-f7a2-4403-82e9-54ba1d9b87fa,ChIJGbsb2uIDDTkRH8ymaGf-FEk,click,2026-05-16T14:29:46.004612
b622cba4-ad94-47d8-ba74-5c14cf3e77c8,55d1592c-6b83-4763-bc4a-ec29a66a4d8f,ChIJSxK4WHb9DDkRfUCoVOoXhdo,click,2026-05-16T14:29:46.004612
1bab1984-e163-4edb-b3df-cbc17d93775e,20a3b51e-0c43-41c0-8993-bab69b7ad66b,ChIJJWjGrxEeDTkRwBTPOhzPqgA,click,2026-05-16T15:29:46.004612
9ea20518-d388-4e7c-a505-bdcc3d634853,20065164-876c-4db0-b1e2-47612559208a,ChIJxydUCQAZDTkRTbnjfN2N-1I,view,2026-05-16T15:29:46.004612
6e52b8cf-0363-47a9-90ce-28a9c558e9eb,ddad8abc-1036-442d-a7df-508178783d21,ChIJ5XqZzjwFDTkRMQgkRgFzsz4,click,2026-05-16T16:29:46.004612
f96b99fb-8ba7-480e-a397-c90a84ace3a1,aa89df07-439a-45b6-b957-89603535eb64,ChIJDX40hD0bDTkRJ4CwNPbP0LI,click,2026-05-16T16:29:46.004612
b295fc28-e956-4188-94a3-141434527874,ac0226a0-09b2-4fde-a7a7-ac6182412c84,ChIJ_yPZ5d4fDTkRzAGMFkC6CGQ,booking,2026-05-16T16:29:46.004612
465b997d-000c-4763-8468-d983447142ad,3015c9b6-5899-4199-bf11-0dce85a55a7f,ChIJRUCw2qIFDTkR48WVAJkMcjM,view,2026-05-16T18:29:46.004612
1511a364-b0c6-45bc-8454-83c14887cfb2,49b2edb8-ec6d-43a5-ae9a-dbfb71df90d5,ChIJnyd0goQCDTkRajFw4m1a10A,view,2026-05-16T18:29:46.004612
116f0d54-adaa-49ec-b5eb-368ce65525b4,2fea94f5-b851-4055-87f9-efbe34d5c731,ChIJ5xMxsdwDDTkRmPBTgKIUMbo,booking,2026-05-16T18:29:46.004612
b5b2678c-4618-4d11-97c0-153b2649c264,d16cdef1-96c2-4f1f-8bcd-9b46274759c5,ChIJW0SQRxT9DDkRBGrOcSzO88g,click,2026-05-16T19:29:46.004612
9e01ce47-82aa-4ca7-9ff6-ab1d58049aa3,0251744c-c6b0-443c-ab01-d59a3e773afd,ChIJed7uWW4jDTkRqkxrKc2dId0,view,2026-05-16T19:29:46.004612
baf266e7-ba3e-4a8f-be26-f4ee2b31a364,04c48e09-7532-4bfa-8622-cf1c105e871b,ChIJL_M_RmYYDTkRorRddpAJS_E,view,2026-05-16T20:29:46.004612
facae37d-d925-4cae-a1fd-d0c9b8b04e2c,d694e279-26f0-478e-a275-e78f43bbc3be,ChIJF32jzq8bDTkRBUGw8qVoInQ,booking,2026-05-16T20:29:46.004612
c102132d-5dd1-4009-a393-b88008b6e1ab,54cbb673-58d1-4206-9254-266ea780131d,ChIJS6pNJr4ZDTkRU4iPl8B64uE,view,2026-05-16T21:29:46.004612
86ccab61-a87b-4dcc-b552-cca60092f805,8da672ff-814d-4227-b722-f99f4d59c6e2,ChIJBb6nI8D9DDkRwrBTMaXlXG4,booking,2026-05-16T21:29:46.004612
0dfb3f73-5b0d-491e-808d-15f9b14ed092,7779069e-c5ed-4221-b334-a4a5bccb349a,ChIJ68pMy4ujDTkRfdLW8KShqPs,view,2026-05-16T21:29:46.004612
7324f802-b52d-4a88-8d91-719e179f473f,3b3e881a-72d0-47ab-9058-597b7916acc0,ChIJZ15qheAHDTkRTBlaPob9Hjs,view,2026-05-16T21:29:46.004612
4e0bf6ab-c55e-418a-9494-ff07a8cabbfb,679828ac-25ef-47d0-b116-ef9f689c8e4e,ChIJE36DOowgDTkRLAxRjfgu7bk,view,2026-05-16T23:29:46.004612
8406af95-b117-4ffd-99e8-e4184a54900f,c7dc289e-eb3a-4c76-98f7-d8b14c5a4d4b,ChIJ4QSpaUwbDTkRTJLcTeZmT64,click,2026-05-17T00:29:46.004612
e8454aa5-a9d2-4384-bd60-db1801fd1c6a,7dda7ab6-4686-44b0-981a-42a865591aa9,ChIJs6yuI3QBDTkRG_R3QThdxY4,view,2026-05-17T01:29:46.004612
4b5aa0b5-c364-460e-8a6b-40566da9d8fc,e55d9a53-a0b3-45df-80fc-ae4b5f97b829,ChIJE_C2GxfjDDkR-hXZcO33uF0,view,2026-05-17T05:29:46.004612
a88e90ee-8df1-487d-a7ad-1d250ada8583,6a174ce0-a131-498a-a7b3-8118ef201107,ChIJjeAJQbbdDDkRRcIeFMXXeRo,view,2026-05-17T05:29:46.004612
ff2d5cef-c0ab-41ac-8d9e-aa4a8c84a5aa,54cbb673-58d1-4206-9254-266ea780131d,ChIJW1fDLSUbDTkRityti1y0TWk,view,2026-05-17T06:29:46.004612
0fc55dbf-5cfe-40de-9ac4-a412624150f4,04cc9df0-3d75-4091-84c2-a22195082704,ChIJw4-X1Tf5DDkRmtRsLfv7Gco,click,2026-05-17T06:29:46.004612
fcbd27f9-2717-40be-b7cc-b6843c566d6d,99391f5c-99d4-4657-a111-c296af97a9ce,ChIJi2vT-3UcDTkROnoFPdqD-bA,view,2026-05-17T07:29:46.004612
775f5a90-c8c5-45f6-8439-36bb24635899,c4260743-0058-48a7-a3f8-b4929bdd3743,ChIJEfscDYrdDDkRWnjQ9k_6njQ,view,2026-05-17T07:29:46.004612
f10593e5-45b1-4779-8446-eafd55866982,74f869b6-84dc-476e-88de-57c3636377a7,ChIJVb3KwfkBDTkRSXdPeP0lRbs,click,2026-05-17T07:29:46.004612
f47201e9-3ccc-4b40-9f6b-41a38f8dc174,88c44c7a-7a90-4499-b7e5-5500d709369e,ChIJP-z7CgAdDTkR7pLATQ2ZZwQ,view,2026-05-17T07:29:46.004612
55ab5460-6aeb-4a28-a708-3f4ccc7efa25,8b090365-f819-477f-a8f7-4bc8e4f950d9,ChIJ8X5p4sGpDTkRAn5CHmb8CgM,click,2026-05-17T09:29:46.004612
fa7c7fc9-3d32-4f9d-80fc-b81bc766f29f,7b25bca1-5cf8-4df1-a24f-5c00b397a370,ChIJUQbQB0L9DDkR4kMbtnRzQps,click,2026-05-17T11:29:46.004612
2353ea1d-0b48-4e4c-8f74-7ceaa5428594,a4242dbd-9983-4afb-a44f-2f856be11ace,ChIJ306lNAADDTkRP-6e4yPnr8U,booking,2026-05-17T13:29:46.004612
f8c24a43-c3f4-4791-836b-3407bc2049ca,054e41aa-8836-4baa-967d-1a4b72099979,ChIJ7UGbOM8aDTkRyL55gyT-jpg,view,2026-05-17T14:29:46.004612
1726615e-5ffb-45a2-9eaa-8aa85225d048,4d738cf6-50d3-40f8-b83a-922abbe0ec30,ChIJkVWZhsvkDDkRBjzrN61i9fQ,view,2026-05-17T15:29:46.004612
0150cd81-13d1-4a34-9153-95923fb829a2,6f97f60e-e1de-4197-8bcc-5ee284285f0f,ChIJka2EkL3lDDkRFeu9Eghc8xU,click,2026-05-17T16:29:46.004612
d8219037-145c-438b-ab75-918bb58b014d,1a966a46-37e5-4402-8172-7fe4c1d1a78c,ChIJ_-aIgzIYDTkRBlQb3cm8lhA,view,2026-05-17T16:29:46.004612
b42fbe39-178e-4dbc-8c02-30357736acf8,ef575917-4cb4-4cbd-903d-4be53a66ca29,ChIJm0qIOasjDTkRA453tuikBoQ,view,2026-05-17T17:29:46.004612
b65320ac-bec8-42c7-8170-1a959acbc752,5b506e71-9c12-4464-bcad-b01a9a6f78a7,ChIJw6EdanYDDTkR9EzmpV-p2Dw,view,2026-05-17T17:29:46.004612
fc1efc6a-4728-4e63-946e-735beeb2d5e7,76494271-a595-49c7-8fcf-cdbb4ac3c3b9,ChIJd5LhshIDDTkRPxoMyHG_tgA,view,2026-05-17T19:29:46.004612
a044dfff-d8e5-46a9-ac69-84e3d7c8bf78,77fa55a5-6c5c-4e55-a431-5a3e55b1e3ed,ChIJlyMMChcHDTkRR-fZqsAQqLc,booking,2026-05-17T20:29:46.004612
66bc5e72-db05-4010-b8f9-bf59afa030bb,95c51aa1-e6ce-4852-a42e-f3569b27a779,ChIJgePgPlwbDTkRe99VXOPJjJ4,view,2026-05-17T22:29:46.004612
2b36629d-1942-4e59-82db-b07dc1224065,63b5bdd1-bc81-48ec-bf19-eb5122086ace,ChIJzUZZUdzjDDkRJKDEesqf9fQ,click,2026-05-18T02:29:46.004612
cd7e82cf-bae5-407c-a8e1-774dc05e59a2,bd53fe1b-2589-4522-adde-54aa56cf7d13,ChIJz2AwM0IeDTkRE2lvAzLoGH4,view,2026-05-18T02:29:46.004612
7a78f60f-6334-4f7f-84fe-0cd0b650431e,57e8dcaa-fdaa-4def-936e-0b4021b78ee7,ChIJa0S09SwYDTkRYlUWmvR1zMg,click,2026-05-18T02:29:46.004612
bdcba14c-c96f-4b66-a874-609fcbe41ab9,8607d01f-4afb-46aa-83cb-03047e38a8ee,ChIJw8MNqtEYDTkR-YsYLWK7GI4,rating,2026-05-18T03:29:46.004612
265e183d-62c4-4c19-86a8-53475b9e68c6,8e935e7a-0260-49cb-aa1e-48267d2f9a18,ChIJL7sYP6T9DDkRKJECSyhpJpU,view,2026-05-18T03:29:46.004612
27f9a6fe-8f99-4d7d-8710-619fefd9e412,49b2df49-3f31-4516-8625-94cad41afb7b,ChIJR8UMrJgCDTkRNFgwNsDuAtI,view,2026-05-18T05:29:46.004612
096db9e7-1c1d-4d07-b165-7d5e4c11b3f0,465b38fd-b023-42c8-ac74-4f3a04c11aef,ChIJs1sEqnMPDTkRLnqJlQn-Zs4,rating,2026-05-18T06:29:46.004612
d4537a6f-bc97-49a9-8ca8-c64c4f545a16,3ff11692-d469-4c8c-a91e-bf5dc86c1d71,ChIJf9JJIkX_DDkRaznuubwpzmU,rating,2026-05-18T06:29:46.004612
672b4c48-5c07-42a3-bd62-468c1755e526,8c0efedc-1d9e-4474-a375-d497de640a07,ChIJmb7NnTHlDDkRlv2WNrp3Wio,click,2026-05-18T07:29:46.004612
d71f2720-a77b-4e09-973e-6a2a25b1db69,aac09aeb-fa74-4654-b63e-ad5dd38d7863,ChIJpdaR5mQHDTkRNN_caaPvuOs,view,2026-05-18T08:29:46.004612
9acc8b6c-aa7d-447d-b1cf-e0f1f389771f,90b562bb-4239-4ce0-a88c-c0f205711700,ChIJe3A-xMkEDTkR1g2PS6vXF5k,booking,2026-05-18T12:29:46.004612
42fd3ccb-1620-4f30-8b5c-70c219b5152a,d5e48dc1-31fc-42fa-9872-a3ff735624f8,ChIJq_mqsfIZDTkR7CQGzKLopiM,view,2026-05-18T13:29:46.004612
519b9273-6727-4668-b01a-aadb19a101cc,b38395c5-c158-4137-9ad2-bda81def4908,ChIJAQAQ3iIeDTkRUX6NDxRGhiA,view,2026-05-18T13:29:46.004612
cbb5c369-19eb-405b-8255-35c2bd641d21,b06db2c7-0962-44a2-9e2e-0c20ed116e97,ChIJ02qaT-P9DDkRmOF-ajKFnjk,booking,2026-05-18T14:29:46.004612
a14458fa-a0ef-4703-ab03-6ad01706d37b,6a174ce0-a131-498a-a7b3-8118ef201107,ChIJf7tphKv8DDkRN6Kwn9dLpAI,view,2026-05-18T14:29:46.004612
8b9aaaae-c163-4968-8ea1-265a6bcfcc07,81f17506-2057-4c64-bc50-ffa0a4be120e,ChIJ5X7CbgAZDTkR2E-ZjpnjZi8,click,2026-05-18T15:29:46.004612
31686eb0-e018-49ce-86d7-e409737dcfea,18926347-9c00-4610-ba3b-b4f0628dfc4b,ChIJm0ebk2OpDTkR1k5tqktw8bg,click,2026-05-18T15:29:46.004612
362d916c-6603-40c7-9079-2e3b5c58d28a,b7568585-cef1-401a-bfc8-42122cfb985d,ChIJA5noYTHdDDkRzwENbOht5eU,click,2026-05-18T16:29:46.004612
52628a11-e116-4e0f-af35-d8924f706b80,e867d19b-6f44-4b17-93ce-942c8c66460a,ChIJHyrrFgYFDTkRCzPiQ2YZTo8,view,2026-05-18T16:29:46.004612
8de16ec8-8421-4e37-8360-28ce44334c34,380668ac-3826-4240-8bc5-84eac5c2d421,ChIJxbmmUzkcDTkRupwAbVY8NHE,booking,2026-05-18T17:29:46.004612
b8038752-e1cc-4839-a358-684900531167,c042e4c1-9799-40f7-92be-9a4d8db3434f,ChIJq7-D7G77DDkR93Czw_SxpJ4,view,2026-05-18T17:29:46.004612
67efc2ef-0c54-4939-bedb-389acae20611,81896acb-b496-4804-bfdd-792aec7d47ea,ChIJRdQiFUo8DTkRlKBQhTQKzPo,rating,2026-05-18T19:29:46.004612
06c7e672-4380-41c1-9554-fe6e5782f6cc,089ad2c3-6ac3-4512-81d3-fb730a543b2b,ChIJt4qyPQAfDTkRBMvujBJs42E,rating,2026-05-18T19:29:46.004612
7b19e2c0-a144-4a97-a37b-93aec33a087d,04cc9df0-3d75-4091-84c2-a22195082704,ChIJoYZHA4UHDTkR0NeUuFoc3XQ,click,2026-05-18T20:29:46.004612
396fb702-8fcc-4467-b47b-3ea878cfd7e6,1500926f-4009-4080-add3-26ab53f7c313,ChIJufECNbAfDTkRsAyk2MG1b1w,view,2026-05-18T20:29:46.004612
d001317b-9fdd-4a8d-be35-8415dbe4c153,da9b2f0d-d096-4cea-954a-60d89171bcc7,ChIJxTh6dqD_DDkRcDRMltyZr8E,booking,2026-05-18T21:29:46.004612
56909aad-e5e8-4813-af7b-a9879383a259,4d738cf6-50d3-40f8-b83a-922abbe0ec30,ChIJjyeFQCMfDTkRJuuH8AyC5YE,view,2026-05-18T21:29:46.004612
4eaa30df-b47b-48b2-92bd-c134f0031715,bb9ba807-5b46-42f5-8465-5c97af0f5beb,ChIJYbCLDMP7DDkR1-R0n48fg2I,click,2026-05-18T21:29:46.004612
d68166c6-e719-4d79-b23c-81f1ff1a6ec1,7b28e71d-661d-45bc-b8bb-a1194522b88b,ChIJe3MwXDQYDTkRFSLBgYWqUOo,view,2026-05-18T22:29:46.004612
c2e7c06b-2de1-4da3-95ee-0362ecb89301,1f79ba5b-356e-4127-b6f3-d87edbe2c4d4,ChIJKxVFie8CDTkRIgB2qqYMcOs,view,2026-05-19T00:29:46.004612
64facb07-acf6-42bd-acf4-2ba01fed184a,67c2686b-a7c5-4cf0-8b27-bcc3f277c271,ChIJHaWKGvAdDTkR1l7uIkF9HwE,click,2026-05-19T01:29:46.004612
31372d6c-0793-4a9a-bc03-eb8e24306cf3,bded2630-13b7-4983-996d-dfe536cc25e8,ChIJzabjO74BDTkRpMz3VDvN2Aw,view,2026-05-19T01:29:46.004612
356eae1d-025f-4d5f-9c5c-9906366be000,3c6b907b-a9a0-4ec9-9d24-fec31f360051,ChIJAeEer4jkDDkRnvYOsth2r2c,view,2026-05-19T02:29:46.004612
f719ce17-a265-42d9-80c7-622ed2c36e6e,07f01097-d530-4312-baab-84f09e19bebc,ChIJoxuvkn_hDDkRxd31OthoEt8,rating,2026-05-19T03:29:46.004612
24e2054d-130e-4369-b46c-fa48e8e0e1ea,6dcfb609-2ce5-4bdb-87fc-08118fcee7e6,ChIJf8BWKED9DDkRo0tNpcGElSk,view,2026-05-19T04:29:46.004612
cab22fd2-ccc8-4f52-995f-100f7ebb5276,3736b331-d748-495c-a46e-1d6ef91edf11,ChIJmfuSlfUiDTkRvusb7g244DQ,click,2026-05-19T05:29:46.004612
2377d5f3-f062-4e11-b7de-eb023cf779fa,81896acb-b496-4804-bfdd-792aec7d47ea,ChIJk4_wGzL7DDkR7ryPrhtrJuw,view,2026-05-19T06:29:46.004612
83a693e5-7a80-4476-87f8-709f795beaaf,fa110865-51ea-4a5b-ba2d-a9cb901012a8,ChIJQYtC9bIBDTkRtzYGNORyATo,view,2026-05-19T08:29:46.004612
1738ee70-672c-4516-9f6b-b54fd16135d2,3f55c1d1-863f-4034-b86b-c80b78ac8f54,ChIJ14q4-0D9DDkReBdC7Lapp0A,view,2026-05-19T08:29:46.004612
99e55a4d-afd7-42bd-b957-e6fd603d6595,fdb7ca70-b5a5-48af-9880-77e833de17bd,ChIJ5ztBr_kZDTkR4LzBbqbWcSk,booking,2026-05-19T08:29:46.004612
7ccc4422-a16b-4cc0-9669-1865eeefffbc,4fb6ac45-b3b7-4ca7-b2b1-3a7b65dfaedf,ChIJi2vT-3UcDTkROnoFPdqD-bA,click,2026-05-19T09:29:46.004612
9140e69f-5cf6-4448-8f4a-18225a70c863,bab17f22-cf43-4897-a023-31b708559dfb,ChIJgSqaay0ZDTkR76AdQCpsw1s,view,2026-05-19T09:29:46.004612
a5f44b21-17fe-4866-b3da-3d7221ab1ed7,9c35b8b7-3f25-444c-8695-1e1a6e215ef7,ChIJm053GEI-DTkRwKJuNdfAyLw,click,2026-05-19T09:29:46.004612
37a460e8-ab6c-4339-a158-199c75710c05,6f2154b1-c2c9-4669-b941-b2cb97c01852,ChIJpaO1QngdDTkRH43WFRC6rSA,view,2026-05-19T11:29:46.004612
73df1233-ebec-4f62-bfc1-7ee37fb17245,1500926f-4009-4080-add3-26ab53f7c313,ChIJ9bGyTpwCDTkRUo-2hSFXffA,view,2026-05-19T12:29:46.004612
26bfa978-2df6-40dd-82f3-5afa4cb074a7,5bcca5b0-f7a2-4403-82e9-54ba1d9b87fa,ChIJr4AGGVvhDDkRG_xKgOWkQAQ,view,2026-05-19T12:29:46.004612
583e5cc5-69c8-4e78-929d-e6d767513d59,8f9e1132-4420-4b95-8a79-3d6493bc06de,ChIJveFwKoPhDDkRIqlykGWRMYA,view,2026-05-19T14:29:46.004612
672aebb4-3768-4a25-a51e-ec09e594dab8,3f55c1d1-863f-4034-b86b-c80b78ac8f54,ChIJCYkD0ckZDTkROZqkEmNEa5k,view,2026-05-19T16:29:46.004612
28bc27e5-3c83-4308-9a81-882cd26a8ba0,03c6f2e7-c9cd-4768-94d6-a9ec4429752f,ChIJZ3M-4pwCDTkRzGqi6XmAYD8,view,2026-05-19T16:29:46.004612
7c5ee71c-218e-4423-9b2b-a6f5a65c0f42,c52cd18e-e4a9-48cf-9b4f-f37a04c823f5,ChIJT-DMdTkZDTkRiN-ft-zozUQ,click,2026-05-19T16:29:46.004612
71eb8fc7-df71-4970-86b7-c96d2c463a85,0c409718-3b15-48df-a596-5a8363fbea4a,ChIJHyrrFgYFDTkRCzPiQ2YZTo8,click,2026-05-19T16:29:46.004612
4f5e98c8-b3e2-4a62-919e-036ac1570983,3741b114-83ef-4fdb-ad4c-b47eed63e977,ChIJPQR11mkEDTkRFscLu0VKDTE,click,2026-05-19T16:29:46.004612
e8cae8c0-d110-4ba0-9f94-0ba30d5388aa,5634ccaa-f864-4d36-8a6c-77bded2a45ca,ChIJ13uwGBMBDTkREGuDRst9C8s,view,2026-05-19T20:29:46.004612
73b5d197-6075-41c9-b5cc-99935c98f959,4e9359e0-a2c8-48de-b32c-17fee0cf5c36,ChIJw5YvHgAfDTkRBy56MNY2nl0,click,2026-05-19T20:29:46.004612
f6d7da9a-6550-4942-bed5-85f4fc6117a4,90b562bb-4239-4ce0-a88c-c0f205711700,ChIJ4bbuL5sZDTkRKr-J97a4G0s,click,2026-05-19T22:29:46.004612
113e933a-b2bc-4b7e-94d4-260c476cb8b0,4f6b2cdd-7c5e-42e9-a615-b9d0e094dd29,ChIJd877ErcBDTkRSFMpmZaG98k,click,2026-05-19T23:29:46.004612
606e4f23-8f76-4621-a5dd-3ae35a0fcea7,75d89ec6-1107-49bc-988d-c97c46238ff6,ChIJGwNKtJ_iDDkRzM29RVCaCN8,view,2026-05-20T00:29:46.004612
8b87e5c6-74a3-403a-bbd4-17584fd9e638,b8fcf47c-4bb1-4462-855b-b29e2dbb8968,ChIJMVA5uh0BDTkRYl-pVgvlkPc,view,2026-05-20T00:29:46.004612
c733d09f-776c-4992-9c56-903dc956e7eb,07f01097-d530-4312-baab-84f09e19bebc,ChIJmbKGWigZDTkRnFzstL8pzNQ,click,2026-05-20T00:29:46.004612
933d0c85-d3ea-4a59-985a-d2b0ac5453bf,484ba900-a1cf-4128-ac39-0cdaae9a5892,ChIJ8SaLJQcbDTkRDummRi-bBts,view,2026-05-20T01:29:46.004612
49c686d4-3684-4611-a06c-bd3b3980ecf9,f056007d-a5bb-4c58-aef7-4517575f8292,ChIJMxiT1OH9DDkRU1GuGjDKbsU,click,2026-05-20T01:29:46.004612
72c3288b-e269-4f2a-bf5a-d426d069e7ef,2fa7bd5e-bc33-4237-aaab-2e9ccd14f633,ChIJyYjLxBEFDTkROW8FHNZ98FM,view,2026-05-20T01:29:46.004612
fef56409-4cbc-487b-b4fa-34d9eab04395,054e41aa-8836-4baa-967d-1a4b72099979,ChIJF7Cpu4YdDTkR64xYubWmXq4,view,2026-05-20T02:29:46.004612
45bd64ce-fa06-4b96-a305-cee0c31c9efd,694404ea-c783-4605-9f69-b3cb51e90bba,ChIJtfVFi38ADTkRXdDWAReIZ2o,click,2026-05-20T03:29:46.004612
5e80ddbf-34d1-4d54-ab40-b581efd06f13,18926347-9c00-4610-ba3b-b4f0628dfc4b,ChIJZ3M-4pwCDTkRzGqi6XmAYD8,booking,2026-05-20T05:29:46.004612
b95d7f06-76ce-450a-ab2c-e9404ecd507c,c6e0c036-706c-442d-845a-369635621566,ChIJOeYjR7WrDTkRgkC5GYzgCSc,view,2026-05-20T06:29:46.004612
1e1106c8-032a-4d62-a339-bfa29abeb48e,73d1f3ba-ad8f-4898-81b9-f6c5929fcc4a,ChIJn2NM8QP9DDkRe7eRmvljE_4,click,2026-05-20T07:29:46.004612
938c6ca8-c372-43f7-8a23-78df5ad4aefc,501d7b93-7873-4a3e-a801-8c1c2b684e85,ChIJAy3yrrofDTkRo9pQpHva1MY,view,2026-05-20T08:29:46.004612
4786b5c6-ba04-42e1-846c-ea981fe86af0,83ffdadc-58d1-4474-a5d5-e61a9f6dd60c,ChIJf9AdFZ0DDTkROoUXx6i7QvM,booking,2026-05-20T09:29:46.004612
50ebd823-d6a1-403b-8741-bf1f2efb922a,b988bd2a-7c75-4df8-b2db-28493c0a7680,ChIJ-cFw1QcDDTkRZHlhKN9WUNs,click,2026-05-20T09:29:46.004612
cec6ef27-84eb-4005-8bba-a26b2fb425c2,13681eb3-7b25-44f1-b853-5b46921740de,ChIJt8hDrN_7DDkR4A_kFDaUU4Y,view,2026-05-20T10:29:46.004612
3ea5910f-9747-407d-aa3c-e9fa5a88fa71,400ef25e-95ca-4e02-9149-13b2c73cdced,ChIJbW7dveILDTkRpbfTOIEo1U0,view,2026-05-20T10:29:46.004612
e22c4da8-b92e-412d-8827-612de9c7175e,1241c6f3-c91f-42df-96f8-3f4947ba237e,ChIJ5RheowbkDDkRtDC1TjcYz1w,view,2026-05-20T11:29:46.004612
d839bacd-da80-46c3-825f-5970f0fcb7e8,230a24ea-89f9-4b74-a54c-d9696059eb93,ChIJc4BAbZoJDTkRKKZrpsVFBFw,booking,2026-05-20T12:29:46.004612
b4ee2c60-6e81-4da7-94e4-cf8875f9094b,51fa3079-2cef-4318-b8ef-a637eea98162,ChIJW6e21DgADTkRH8BsMhBw3jQ,view,2026-05-20T12:29:46.004612
c1e6c9ce-6dd1-4878-ae13-f124a2a4c578,c0b3bded-dc6e-4bd9-86ae-6844ea80d2e9,ChIJiziWrzAbDTkRdIPNjwNfI-o,click,2026-05-20T12:29:46.004612
9f436892-36e9-4b45-8e58-6b041d2128b1,dd07791a-aca9-4b2a-812a-6e394171de8d,ChIJNaMuONvjDDkRv5D1tbP4bIE,rating,2026-05-20T14:29:46.004612
96084f85-fb9d-465c-915a-8e3df906f68b,c1ca45ed-c3ad-46fb-9a72-f73e18dc8700,ChIJL9PXUUv7DDkRRafKbKk_-Ts,booking,2026-05-20T15:29:46.004612
df6c2bee-de76-45f1-a4d3-158fbad2612a,b93f1c5f-045a-466a-a21b-d2905677cd14,ChIJ8b0cjakbDTkRswKAZj95Mjk,click,2026-05-20T16:29:46.004612
324f8c26-5a5b-4a9d-ba95-dab035374b19,846b2807-cf91-4cf7-a447-83140da3193f,ChIJExG1eyD7DDkRL_OZpZYiyHE,view,2026-05-20T17:29:46.004612
4e3cd318-0944-4680-aa3b-c20af8a91d97,3b428902-1fa1-4f4b-832a-63e59efc721e,ChIJjRnSLIwfDTkRSeSzIDKDY_s,view,2026-05-20T17:29:46.004612
7f85f9a5-c309-49f0-83d0-17a833fc199b,15bc78d3-1d91-47eb-9b28-2cb4422ed832,ChIJUe6L_IT7DDkRZIuJu1OTSfA,booking,2026-05-20T18:29:46.004612
02e86bef-8bc8-4eb1-aac8-7238bc762ba9,30249500-e4fa-4c09-bfa4-c65e17b79175,ChIJFZZ_cMbiDDkRyR0HOWvIml0,view,2026-05-20T18:29:46.004612
a3eb9691-b97e-4595-b158-215147e9f024,4ef76e02-bb82-46e4-b94e-a2762f4f3e40,ChIJ96cpUlsDDTkRK5rHUFLyRQc,view,2026-05-20T19:29:46.004612
f3fbd3d2-76af-4e6f-8096-3ecb087a6534,d75e85d1-0d9b-4036-b0ca-d4b0e37153f8,ChIJSyEeQxUcDTkRtP518kGmaNs,view,2026-05-20T20:29:46.004612
75e94eec-4521-4c7e-9f27-ff42995c8814,85022eea-434f-4cb1-9f29-305747ee367a,ChIJCbfAqZ4CDTkRFi_5YrUbYzg,view,2026-05-20T20:29:46.004612
982eaa33-6799-4ff0-ac79-29caac510942,e7483e8d-5e2f-48fd-be42-05bb11f1c1e8,ChIJnz7FD6b9DDkRAwrb4dvt8Xw,rating,2026-05-20T20:29:46.004612
e8ecf4c0-5b01-497d-832d-45e15e949a2b,4b3d1313-86ae-416e-83df-480f1500caf5,ChIJ3RlMdckBDTkR0pjpqymKelw,view,2026-05-20T21:29:46.004612
c4a0d019-a0c0-4caa-a042-465f46c2640b,7f03cab6-f668-4086-8629-2f21ce712f9c,ChIJbwpdFIXhDDkR1mfZ7FLaOV8,view,2026-05-20T21:29:46.004612
4db07a9a-8303-4695-ac37-82c1d0ec0265,4d6e905c-7e27-4c61-b9eb-2bc79ce3ea71,ChIJjeAJQbbdDDkRRcIeFMXXeRo,view,2026-05-20T21:29:46.004612
7e5ae571-820c-4bfc-a8fe-f29deadc5919,72e38c5b-4c41-4765-88bb-9762bba55769,ChIJ7Xa0GEEcDTkRE39X-CgUsG0,view,2026-05-20T21:29:46.004612
66919fe1-6606-4383-a66e-3244c3c4c93c,fd0a9c7d-c212-4dd1-94af-29cd1630015c,ChIJvwz3f_wYDTkRppCWpizlKPk,click,2026-05-20T22:29:46.004612
d1e1977a-34dd-4f99-902b-59b3845bfdab,2c0c18c4-b0f1-44e3-a7bc-9b9d8a191886,ChIJ6-1znNsFDTkRm7yVEo8cwTc,view,2026-05-20T23:29:46.004612
90df2112-0393-4b9d-b058-0ab80e98e454,db757573-d418-4493-aeaf-4a5ea11c09ab,ChIJ73aJFo_7DDkRD75wIldcHf4,click,2026-05-20T23:29:46.004612
31f44517-0f61-41cd-9648-815377e0b709,b02a8ef4-0dc1-4e3e-b34b-71430b2f044f,ChIJ_2COEUEcDTkRRyJOt032yac,view,2026-05-20T23:29:46.004612
d94962ad-8aec-481c-9577-76d01069c8b2,fd52ef5f-a3ad-4f17-b65f-4e148b894e34,ChIJF1rwqbA_DTkRKDUXfcJj9g4,view,2026-05-20T23:29:46.004612
04551555-e469-4257-9485-64c65ab292a0,b128442f-55eb-4429-83c8-942a0fccd011,ChIJj0IpArTeDDkRBg2UFCSt5DI,view,2026-05-20T23:29:46.004612
08ea8170-0862-4221-9d6c-e07cb30f058e,81b57fe8-6ec3-40ae-bf9a-0555a7fa02bc,ChIJHcE1PUsYDTkRk6DOqjzqpVQ,click,2026-05-20T23:29:46.004612
0f7d5587-c01a-40ff-b830-2b4170a8e04d,3ebd9cac-43d4-411e-8233-c1dc7596d78e,ChIJ7VH_h-IdDTkRFNSyL2_D5vs,click,2026-05-20T23:29:46.004612
a6d5e4b5-0573-401f-9da3-f77f48e8e81f,046edcd1-73a5-4ef0-8c68-545439e7f43a,ChIJHTk_xiSrDTkRuw-N0yZBD0I,view,2026-05-21T01:29:46.004612
9c3d2a06-5ede-4309-8a32-5208744265a7,3252bd00-3a8a-47bd-ba86-fd871df444ce,ChIJjeAJQbbdDDkRRcIeFMXXeRo,view,2026-05-21T02:29:46.004612
04f6e4a4-99a2-4fe1-bdb1-12659a5d4b99,2193f16f-6e7d-43b4-b8c4-d81443715e97,ChIJb9VeCNMYDTkRcs0Bfr8neXo,view,2026-05-21T02:29:46.004612
f03eb0c2-6eff-4ead-9c91-1b882c175a2e,752ae880-5193-4949-8c44-7268f53705a2,ChIJ4ZO2ChQZDTkRpunIryEaAR8,view,2026-05-21T03:29:46.004612
a4e077ec-e8e6-4b24-9497-e6b0cceb9480,07f01097-d530-4312-baab-84f09e19bebc,ChIJVcq7PHb_DDkRvXTkH3L2FNM,booking,2026-05-21T05:29:46.004612
70a70752-4e12-4ca1-a5fe-2310993eff58,544f1349-c1c5-481f-8968-8b4a3f64ba7b,ChIJV_KLIUD9DDkRW62Ipndqqnw,booking,2026-05-21T09:29:46.004612
a152737f-10df-4e09-830f-e272f357cf27,25c08eda-76f1-4b3b-ba8c-38135b29e77e,ChIJtxG-LJkCDTkRg84qf1td3qg,click,2026-05-21T11:29:46.004612
d6a811b0-ef50-4008-9a59-5a123b337f46,1168582a-a016-437c-a4ff-15850825f071,ChIJnSdHCZYDDTkR_BE827TPifk,view,2026-05-21T11:29:46.004612
af1cf394-16d0-4aaf-97ed-2d00c396aec0,e55d9a53-a0b3-45df-80fc-ae4b5f97b829,ChIJazcHbn09DTkRy0dvrTlBckw,view,2026-05-21T12:29:46.004612
2631000c-9890-4829-a6ea-8d3b8d575376,6ef7c17f-1f34-4ed8-a961-05c1c0081f79,ChIJ3a9ngjLfDDkRSKpG4qiY0Uc,view,2026-05-21T13:29:46.004612
d7a74bb1-4716-4118-9eb4-e008c29e6bac,c131bea0-1936-4c45-9c96-2241d812f287,ChIJZ-6qctYdDTkR9AxnmCK-SMw,view,2026-05-21T15:29:46.004612
5b7e94f4-d599-4b3b-8a98-00aff0beb4d5,76494271-a595-49c7-8fcf-cdbb4ac3c3b9,ChIJuZcQSHoYDTkR8OykqL6oCRA,booking,2026-05-21T16:29:46.004612
029469c5-71c8-4886-8f16-a0d6706e1d21,fd52ef5f-a3ad-4f17-b65f-4e148b894e34,ChIJqaqqZ4YXDTkRtQ-QBVfHHQI,rating,2026-05-21T17:29:46.004612
d473afe4-c14c-4ad9-9339-f744bdd6b814,7982c846-d69e-4f9f-8142-bed1f5e309f0,ChIJFY4uPHjfDDkR79j1cq2_-W8,view,2026-05-21T18:29:46.004612
bf3949b1-c42a-4309-bc76-9c1b03efca91,3015c9b6-5899-4199-bf11-0dce85a55a7f,ChIJQ0mCURIeDTkRxSzdLV_yWnw,click,2026-05-21T19:29:46.004612
32ed2f33-be03-4cff-98ed-7841a93b7568,68c1db27-af96-4b10-8e19-55873cb43635,ChIJ14q4-0D9DDkReBdC7Lapp0A,view,2026-05-21T19:29:46.004612
fb17d566-4983-420f-982f-706df576f8f4,707176f7-e65e-4f74-aa77-67cf4908c945,ChIJ3a9ngjLfDDkRSKpG4qiY0Uc,click,2026-05-21T19:29:46.004612
c7c0d399-6576-4d76-b6d4-a7fab885dea5,bd53fe1b-2589-4522-adde-54aa56cf7d13,ChIJnYoZbzMZDTkRo083db9CdDs,booking,2026-05-21T20:29:46.004612
c3ea9aca-9c58-46b4-ab48-0dc90e115fba,a5d390af-a9b0-40bb-84fe-6a3a45236261,ChIJx-nhZO3hDDkRhvElsSXy5jE,view,2026-05-21T20:29:46.004612
c3bc95e9-8cda-49f0-b4b4-35b86251f063,49b2edb8-ec6d-43a5-ae9a-dbfb71df90d5,ChIJYcsBST0ZDTkR5eL0sZwm_rI,booking,2026-05-21T21:29:46.004612
1d275780-ef73-4018-ad34-30311a6640f3,e3e541af-1639-410c-b2a3-0b7b5ce191f3,ChIJP1vHsD_cDDkRdzvsWXI8hbc,click,2026-05-21T23:29:46.004612
de5afa9e-a88c-410e-a012-492c762a4d81,1286e900-2bda-4dc7-a8b2-b147e132c1b1,ChIJbQ74MQkiDTkRYja2Bqk2fsE,click,2026-05-22T00:29:46.004612
207baaee-7371-48e9-9d0b-6afc5303c323,b3440ec7-c397-458b-8788-741bff239018,ChIJBUyBs_EBDTkR6NDsh_942IY,booking,2026-05-22T00:29:46.004612
6422994d-fb7f-4ab7-aa06-2c3c65aa8767,d91358cd-b234-405c-a307-8d6755658412,ChIJR-G7XwX9DDkRB5h2b4-759I,click,2026-05-22T01:29:46.004612
5aa0aaf7-d4ac-4ea8-b624-f715ee8249f1,c903641a-a29f-414d-b2d7-b1523031f0c3,ChIJkTyoKUkVDTkR8L5-ZWny4t8,booking,2026-05-22T02:29:46.004612
940bf6c4-4886-4b27-99b8-b8181741919e,3b030995-f450-4070-abce-89f1ee8fd2ec,ChIJFyrcK3cBDTkRAplBTYJQlag,view,2026-05-22T02:29:46.004612
e7498a5c-42ff-47f4-ad63-4f3fa45cd036,343d5e3b-254c-4a76-8135-239d2bcf5816,ChIJ7VH_h-IdDTkRFNSyL2_D5vs,click,2026-05-22T02:29:46.004612
f616b004-76ac-48f3-9a9d-654aaa7aba53,6dcfb609-2ce5-4bdb-87fc-08118fcee7e6,ChIJAQDARl7iDDkRPMvE7jjAm4s,rating,2026-05-22T02:29:46.004612
8f5ed60c-6789-47a2-b2fe-6f9456142ccc,347df7b2-6daf-4811-bb35-2ef31257a753,ChIJXR3J6cQFDTkRjbqqOTC2dls,view,2026-05-22T02:29:46.004612
13fdbf4a-e182-41fa-982f-8ffab0f71451,ffccccf4-2c20-4f4a-a66d-20eff4e7c71f,ChIJAZTkm0D9DDkRAMiy3bHdGCY,view,2026-05-22T06:29:46.004612
a12bc43a-bc45-4d77-9f67-9927ad40930b,18926347-9c00-4610-ba3b-b4f0628dfc4b,ChIJCYkD0ckZDTkROZqkEmNEa5k,view,2026-05-22T06:29:46.004612
695a998d-af6e-4b9e-94d3-71d11138feef,3796b1bf-575f-417c-9e89-19e1e0808e5f,ChIJ_SPfEQOrDTkRvvuzVUspwgQ,click,2026-05-22T08:29:46.004612
acb98583-6a7a-45b3-93cc-4459b4e75333,4c18b54d-024c-4b20-aeb7-d1e358626222,ChIJB-shS9_jDDkRQQSbddJ0GOU,view,2026-05-22T12:29:46.004612
4677ead1-c645-4061-b4da-59e9d2ababa5,82d92a45-0d99-43de-8933-341bad36565c,ChIJh3MXlKUjDTkRo6ibACe4IOE,click,2026-05-22T14:29:46.004612
c121e689-0730-4ec3-bcd2-22da6fee9de7,24f94256-cfb0-4089-81aa-5730704504ef,ChIJcc4_KG8EDTkR4zJt8puaXqY,click,2026-05-22T14:29:46.004612
6a07e764-b7fd-480d-8868-663615fb9082,2dd93f15-9a8f-45ed-87dc-a5093eecd56a,ChIJKREHk7IbDTkRqiqzifn1WX8,click,2026-05-22T15:29:46.004612
2d6bf73b-e308-47f0-9ac5-9873ffbbee09,322ac3a0-7777-4da1-ad77-78f199723f75,ChIJg7gqCGsZDTkRdaEehmo_1F8,view,2026-05-22T16:29:46.004612
49493b67-0536-49a4-9cad-978ad5840294,ffccccf4-2c20-4f4a-a66d-20eff4e7c71f,ChIJda712aMDDTkRHVw3A7xAp0Q,click,2026-05-22T16:29:46.004612
47c7399d-8398-473b-82cb-ab3c0de7be54,ffccccf4-2c20-4f4a-a66d-20eff4e7c71f,ChIJ_TgOBC77DDkRn-cT52fWX4g,rating,2026-05-22T17:29:46.004612
8a1187b7-e84f-45e8-accf-e0607453bf61,0fcbf1b1-b632-4a5b-ad37-a1cafc6a9b99,ChIJYdNoMrwCDTkRFluyHeSqGoI,view,2026-05-22T17:29:46.004612
e562ba37-dcfe-4724-b90d-d8b5c73922b2,90a78129-53ea-4e27-90f6-4c185ab2663a,ChIJk8AAxBEFDTkRijYHy1lzdPE,view,2026-05-22T18:29:46.004612
bea76a90-4d91-4b43-8434-78f2ca6b8302,b8280c36-4b28-45ac-a1d6-ac369a47ebea,ChIJ5VpnAeYfDTkRYQ9sYR8yMGs,click,2026-05-22T18:29:46.004612
5b06f97b-34d4-4be1-b845-db1ccbf58d2b,054e41aa-8836-4baa-967d-1a4b72099979,ChIJkcJp03YDDTkRH88qPNzHLkw,view,2026-05-22T18:29:46.004612
822bbbb8-017a-4dc9-9cac-158e0efe64e4,95c51aa1-e6ce-4852-a42e-f3569b27a779,ChIJTelod2r9DDkRNcR4Skjiyg4,view,2026-05-22T18:29:46.004612
86f49774-c738-465c-85df-769b6dea780d,a67483a0-bba7-4549-b3cc-1da04bc4ad8e,ChIJX_nDWw4bDTkRyBuwCgrqmNQ,view,2026-05-22T19:29:46.004612
64b95f59-877c-43e6-a900-94c3e7bb058d,bf32f0be-fb4a-4c05-af6c-5f7f6971a8c2,ChIJF8BDSvUjDTkRmTGzo9MYiVg,view,2026-05-22T19:29:46.004612
d1f2574b-64a9-4143-80d0-4ba85d199618,6dcfb609-2ce5-4bdb-87fc-08118fcee7e6,ChIJOeYjR7WrDTkRgkC5GYzgCSc,view,2026-05-22T19:29:46.004612
0ad5f32e-7b10-4678-8c32-738258c9eb12,df95df7b-505f-484d-a77d-0f4a6cff7299,ChIJMx8pT70EDTkRuLk3NLaTp4M,view,2026-05-22T21:29:46.004612
b40dcc56-e475-43e6-9997-c619bd936370,4dc7cd50-ed82-4165-9cb2-95481760b39c,ChIJNaMuONvjDDkRv5D1tbP4bIE,booking,2026-05-22T23:29:46.004612
6ba0a66e-c073-435b-9f81-62ba5eb71879,bed6aa64-aa16-4b8d-ae0a-08044b6f518f,ChIJ6UcYhSEeDTkR6E7j3U9cv-0,view,2026-05-22T23:29:46.004612
ada22d4a-8734-4e4b-a656-0f7bbf428a21,1985a14e-3658-436a-9fa0-f2e01a645c6f,ChIJg6CUT7IDDTkRVgUaYRZF5Ks,view,2026-05-22T23:29:46.004612
063d96ce-e017-42f8-bba9-37889b49d047,3b030995-f450-4070-abce-89f1ee8fd2ec,ChIJYcsBST0ZDTkR5eL0sZwm_rI,booking,2026-05-23T02:29:46.004612
bd037718-1898-45b3-99ff-5c3f8d79ce20,2a2a8f2c-ddf2-496a-b7dd-03d2d93bf249,ChIJpX4ZcV4DDTkRd-eCiR8vt7E,view,2026-05-23T02:29:46.004612
7c460a60-4cc5-492e-ae2e-3bc40a8f040c,b3809d4d-22ce-4328-86ee-3d7915426163,ChIJ8X5p4sGpDTkRAn5CHmb8CgM,view,2026-05-23T03:29:46.004612
0692217f-4ffd-4d0b-8546-2eb1af263800,9d11d036-b210-4371-be0e-9867403d23dc,ChIJJ9wSfkKqDTkRzfuvNoR76ds,rating,2026-05-23T03:29:46.004612
0e99b579-cb06-4513-a7eb-9f62b3fd1cfa,45166870-9387-4484-b22d-da6ca7e8e9e2,ChIJlTs8-VIZDTkRsrFfQNWP92U,view,2026-05-23T03:29:46.004612
32dbd030-bb5f-4e3f-ab56-fdb32ec85b92,12e57e00-9995-464b-98d6-47b66b2e11dc,ChIJz0uozLL7DDkRn8ViMcXySzo,view,2026-05-23T04:29:46.004612
3e3b4b54-7c62-4cbe-a6d2-7c47312b35b0,4b3d1313-86ae-416e-83df-480f1500caf5,ChIJi2vT-3UcDTkROnoFPdqD-bA,view,2026-05-23T05:29:46.004612
69586f6b-ffc8-42f4-b790-bf87afc00152,8c30620c-53b0-4082-b6e7-989999a6a645,ChIJC4qlMTf9DDkRhRQpkx58hqI,view,2026-05-23T06:29:46.004612
a31fc18b-8816-4876-926e-76889eb9f62a,3015c9b6-5899-4199-bf11-0dce85a55a7f,ChIJmbKGWigZDTkRnFzstL8pzNQ,view,2026-05-23T06:29:46.004612
ae0d705e-5483-441b-9645-c66ad5b579c8,2193f16f-6e7d-43b4-b8c4-d81443715e97,ChIJhzHamC_iDDkRkUSrm3hnORw,view,2026-05-23T06:29:46.004612
7a8812d0-bff7-4f7e-849d-a4285e61dc1b,76494271-a595-49c7-8fcf-cdbb4ac3c3b9,ChIJf25pKZnhDDkRwGJaFMZCYAk,view,2026-05-23T06:29:46.004612
c35f3f47-6431-476a-89b3-86554d11b8c8,44cefed8-14df-43de-af44-e88ab07652c3,ChIJK31TtXX7DDkRI07HmBH4rWE,view,2026-05-23T07:29:46.004612
f4743b6d-cbd8-41d0-a651-54a97c99d9c5,644ddcbe-3a6c-4c87-9979-76c4f245432b,ChIJ3yRDa7gGDTkRLrdOe3Q5vpU,view,2026-05-23T07:29:46.004612
074d33d6-8851-49b1-ad80-609fb3f4ec71,d801e23d-c229-4ebc-8261-5eeff8a3e839,ChIJda712aMDDTkRHVw3A7xAp0Q,click,2026-05-23T09:29:46.004612
a6fe4638-a069-4f65-98eb-77bd3cd3b3b3,b02a8ef4-0dc1-4e3e-b34b-71430b2f044f,ChIJ9cVfgg_9DDkRMQLzjeAJ-vY,booking,2026-05-23T09:29:46.004612
c2a72c5c-2e2c-4914-8dae-cd1222a72aef,0017310a-c3e7-4737-8d72-a3e46b8bab54,ChIJG8FI6_UXDTkRHGRJJxf6O_w,click,2026-05-23T11:29:46.004612
3acb5bd0-364b-4930-97b3-886cdb3d3f33,0c409718-3b15-48df-a596-5a8363fbea4a,ChIJx62cgXHiDDkRpfnRkuY4q2I,click,2026-05-23T11:29:46.004612
fe85ac7f-967d-44e0-9ace-0a80472d01c9,82703928-e288-4c52-85cb-7d60ddd1bf9a,ChIJ9_YcO0AcDTkR-IevngItAKw,booking,2026-05-23T14:29:46.004612
1020d84a-c1dc-4ade-bdea-829fb4d353d5,73d1f3ba-ad8f-4898-81b9-f6c5929fcc4a,ChIJeVadFNoBDTkRI6lS8QVv_7k,click,2026-05-23T15:29:46.004612
cca1f0c2-b705-47fb-a9a8-22ccf5d5862d,45a5ef60-7a39-4857-8520-7f395ec26f2a,ChIJCfft_zQZDTkR-d687pw4YUI,click,2026-05-23T16:29:46.004612
7b5c9307-8ab1-4403-977b-254cb6b2a763,72e38c5b-4c41-4765-88bb-9762bba55769,ChIJEYDU5mYbDTkRH-UsiC4Cu4E,click,2026-05-23T17:29:46.004612
de82cfed-2174-4e99-ad1b-9cbd934edc57,3cbe9e02-9036-49ac-a4f2-371f63c4608c,ChIJ14q4-0D9DDkReBdC7Lapp0A,view,2026-05-23T17:29:46.004612
576b0c96-b58f-4c10-9b25-5f00c54266b2,cc36dc83-0ef2-4158-8593-0bf90b2929f2,ChIJr7zikkjjDDkRmaLEnWGPiYo,click,2026-05-23T18:29:46.004612
473d8cd6-51a8-4963-939c-effc08730a16,aef9db74-8ed6-414b-b575-d026e1a757f7,ChIJ_RzqqisFDTkRYxg7FcLYFkg,view,2026-05-23T18:29:46.004612
b38a479f-6e56-404b-b674-c85bdb080aff,7d372a30-1f32-47f1-a5ae-29f38ce51ae0,ChIJ_TgOBC77DDkRn-cT52fWX4g,view,2026-05-23T21:29:46.004612
fd598e38-9e02-40ee-a739-8011afc9ce36,a554eb05-1b5b-4f27-9dad-f6cc82a824cd,ChIJW2w4ran8DDkRoFkWIhzXKxk,view,2026-05-23T21:29:46.004612
5351e062-f511-4762-93dc-72d7f4880169,459130c7-4617-4eec-b6b7-413a5293b66e,ChIJAQBAAokZDTkRZxk3dwZd-4I,view,2026-05-23T22:29:46.004612
086d9b9d-ef8b-4dc8-90cd-46361f9f12f7,48a54767-0408-4189-9a47-6a810b2227e1,ChIJockhMFI_DTkRlyEKfQmbwZU,booking,2026-05-23T23:29:46.004612
774cc0d1-13d7-438c-8bcc-d908aacd888f,82703928-e288-4c52-85cb-7d60ddd1bf9a,ChIJ5ybFfAsXDTkR5slZzBjfm8o,click,2026-05-23T23:29:46.004612
48be1879-4bd7-4af5-b5ab-81f8502291a5,4b3d1313-86ae-416e-83df-480f1500caf5,ChIJpV-ywbQVDTkRqWm6FgM6WCM,view,2026-05-24T01:29:46.004612
1d2b6a32-a18b-420d-95e1-eff9be67675e,d0ff5ea0-21b1-4d08-96e0-2be464aec051,ChIJ1d-ok2QBDTkRPEamr4ALHlY,view,2026-05-24T02:29:46.004612
0431d563-408f-4487-a01d-e319e1b4b33a,aaf6da95-4ceb-4028-87ae-d70cab30bac3,ChIJVVVVJdQDDTkRyYcuYnqjUqc,view,2026-05-24T03:29:46.004612
9083b498-f951-46b5-bad9-6648b06054ec,8d275bb4-94e5-44d4-a506-7ef33dd1aad6,ChIJ_cETkuP_DDkRhX8mgtJsk20,rating,2026-05-24T03:29:46.004612
c98f31f4-1e10-471a-8609-b1e3f03ab95c,4f6b2cdd-7c5e-42e9-a615-b9d0e094dd29,ChIJAQAAwMoZDTkRW9hrHxvXr20,view,2026-05-24T04:29:46.004612
5b29e3a0-da73-4bac-ad91-ac6f4ad788c9,6f2154b1-c2c9-4669-b941-b2cb97c01852,ChIJzaSD0YLjDDkRNdQPGay3_OE,booking,2026-05-24T05:29:46.004612
7ab6e905-f4eb-48ee-84ea-30e80f3fe798,e36a7a29-e37f-4ebb-869f-fd6d38fb9c4c,ChIJt8hDrN_7DDkR4A_kFDaUU4Y,booking,2026-05-24T06:29:46.004612
57ca13f4-d9dc-4889-9ff7-7b1e98870772,7982c846-d69e-4f9f-8142-bed1f5e309f0,ChIJ_____28-DTkRl1V_FzJyhHA,booking,2026-05-24T06:29:46.004612
979d8039-252c-40d1-bbf1-38b3b115fb19,2fae13cb-f7a9-4b09-923d-f2e6f812a3cc,ChIJf7tphKv8DDkRN6Kwn9dLpAI,view,2026-05-24T06:29:46.004612
ffc5c4a7-54a6-4c01-9a82-0b63d4c5e5f2,fa43185e-8b35-45b0-b06b-ba23cd2be955,ChIJuWJbafgdDTkRgrD6U1ZCKtc,click,2026-05-24T08:29:46.004612
e604f42f-ef34-48fb-894f-43aa7a8ed8d1,b988bd2a-7c75-4df8-b2db-28493c0a7680,ChIJAxoZFF0-DTkRrQYeGhnCS1c,rating,2026-05-24T10:29:46.004612
2675259d-5003-4cb1-b6e7-596c99161c46,15648a93-5422-43e7-a1d6-64fa0ce9ea19,ChIJY6PJh2kcDTkRybb5KBGcqIY,view,2026-05-24T10:29:46.004612
039cded4-ce9c-45bc-be68-6b9e5439fbfd,3b3e881a-72d0-47ab-9058-597b7916acc0,ChIJaxDfKpMEDTkRrRoIsuSSnSM,view,2026-05-24T10:29:46.004612
e5fef2bd-b9aa-497d-9f36-da0cd93a3a97,7d372a30-1f32-47f1-a5ae-29f38ce51ae0,ChIJ2ewIwZTdDDkROBzUNEliaAg,view,2026-05-24T10:29:46.004612
e5d5be37-e320-451b-aef6-0f61fd943ff1,3741b114-83ef-4fdb-ad4c-b47eed63e977,ChIJR3VQqa0ZDTkRTEA4kYW9eMo,click,2026-05-24T11:29:46.004612
7d165857-16b8-40ec-ae13-80cacf11c865,d89e1f00-8ca2-4838-8356-679ff50a23c9,ChIJfyoHSjznDDkR1l32qWnDa94,view,2026-05-24T11:29:46.004612
81c3cbe4-ed99-4ecd-8279-4dafd4bd85b1,bf8ef2c4-1eb7-42ca-8be6-f2bef274044f,ChIJ8XJNQSHnDDkR60BZUyvH0_8,click,2026-05-24T13:29:46.004612
939b652f-38b9-40b4-8694-dca4afcd2751,dbca0a66-9608-436f-8ea5-710f955c0a74,ChIJnTjJeM49DTkRFBa_G4PhaXg,view,2026-05-24T13:29:46.004612
dcf0966d-e22f-48f4-8e04-2a32815d573a,33397e6e-13d7-49e1-9503-70a9f4200e71,ChIJl-fnJmXnDDkRI72MNPOzSFA,view,2026-05-24T13:29:46.004612
4c33b476-7b52-4f54-96bc-3dc1f0df2a4b,07f01097-d530-4312-baab-84f09e19bebc,ChIJVVVVVWj9DDkRiPICBGicnJk,view,2026-05-24T14:29:46.004612
083a6d7f-7eb5-444d-ae4b-7718ab8dc09d,f7bdf6e2-f5d0-4b36-9776-2115898d5b5a,ChIJWxJ1vDscDTkRtxnxwLjdnK4,view,2026-05-24T14:29:46.004612
f1300c35-5474-4792-a551-53e599bc565d,c93d87fb-8e69-48fd-b7fe-3ada0e1ca17c,ChIJv1PxxrsFDTkRYvU1JXgaRds,view,2026-05-24T14:29:46.004612
8809f115-58ce-4ef0-9237-b497e1418259,91a4e9b7-5744-4abb-98ee-9bd1984e6771,ChIJDVaYpxcFDTkRC2JgbXYnzpA,view,2026-05-24T16:29:46.004612
29deb0e2-4cb1-485c-b3cb-fa66db1a2d57,a0803a68-464d-49f2-aa0c-09fd2759c982,ChIJcSOPprgdDTkR02f7jAhRoFE,click,2026-05-24T16:29:46.004612
aa2b3d32-a032-479b-9618-c32256427453,1d50262e-384c-48c6-b5ad-e6828a492d4e,ChIJu85bG-QVDTkRHw-yR_kKZU4,view,2026-05-24T16:29:46.004612
f40e1cb0-30e5-42c0-891f-c93aca129c6d,f4445df4-8aa1-46d1-ba98-281e62da5701,ChIJi6ULd0sDDTkRFFLZ17omh6Y,view,2026-05-24T17:29:46.004612
4a53b626-7516-4e76-a125-73ed864953d9,bb9ba807-5b46-42f5-8465-5c97af0f5beb,ChIJe3A-xMkEDTkR1g2PS6vXF5k,click,2026-05-24T18:29:46.004612
a9bb6561-6aab-4bd2-8d57-eb7036d1df4a,82d92a45-0d99-43de-8933-341bad36565c,ChIJeS1Ng48BDTkRzKyCcH8fBB8,view,2026-05-24T19:29:46.004612
5cbc75bf-d5a8-4eef-bed5-92201c724e6c,c74fef9b-4167-4893-8d8c-aa5a673376a4,ChIJ7aqq-vTkDDkRgQTJLDQBQlA,view,2026-05-24T20:29:46.004612
096d8233-1aae-4371-8237-7c09e96afa37,d29e6b85-cdf9-462f-8815-6dfeff9a152f,ChIJO-1YhaoBDTkRSjyr7WIIzG4,booking,2026-05-24T23:29:46.004612
f5603f4d-7310-449e-8e49-2e890e835059,c6e0c036-706c-442d-845a-369635621566,ChIJbYigBcvjDDkRStKjE7MFi4o,view,2026-05-24T23:29:46.004612
c0563ead-7bd1-4ce1-9b50-719ca07271e6,86d28bc0-8971-4188-824b-f6a721bf58a4,ChIJnYoZbzMZDTkRo083db9CdDs,view,2026-05-25T00:29:46.004612
7fbc2a82-aa00-42b6-a2c2-55d4ce799428,20a3b51e-0c43-41c0-8993-bab69b7ad66b,ChIJlVva8wIDDTkROmiajVKodCw,view,2026-05-25T00:29:46.004612
8ef5c918-067b-4633-8edf-d0684bbcc021,3a40b1c2-baad-46de-91e3-69eb5211f542,ChIJa40AUI4dDTkR9i55mAwMWqE,click,2026-05-25T01:29:46.004612
c5dddc5d-39fc-482c-b1ee-9827d4b1eb06,727def27-1002-43f4-adf8-95427b0d04c6,ChIJBbwzvPMBDTkRPPGqzG0yUhc,click,2026-05-25T02:29:46.004612
ce673a08-441f-4494-8300-4bedb17d5955,68be285b-1a38-4ef9-8adb-e9d8d197e111,ChIJg95hFcUaDTkRPEIHxlLFqD0,view,2026-05-25T02:29:46.004612
3176c1e6-bb05-4e32-9403-1587e38cc53d,d80e9afb-ddc2-46b9-8b07-1483fcd71a37,ChIJf_1WQ0H9DDkRRBGIPpYPrC4,click,2026-05-25T04:29:46.004612
0685ca76-6d36-401d-899d-551e646e8476,18bda87a-d1f0-4fa1-ba1b-0b6158fd3c26,ChIJZSK5CTYZDTkRfA7occujCkk,view,2026-05-25T04:29:46.004612
b771382d-1fba-4872-8ada-dc3bede95796,2434643d-e449-4434-baf0-1a56659c1297,ChIJMx8pT70EDTkRuLk3NLaTp4M,view,2026-05-25T05:29:46.004612
3b39a962-0bc5-4fde-a13c-1de53fc62bc0,51fa3079-2cef-4318-b8ef-a637eea98162,ChIJx5ugHAv7DDkRSmi3LJexcdw,view,2026-05-25T05:29:46.004612
bc834a1b-2960-429c-bc4e-247f9b256a7e,88c44c7a-7a90-4499-b7e5-5500d709369e,ChIJvwz3f_wYDTkRppCWpizlKPk,view,2026-05-25T06:29:46.004612
1c197d48-3eb1-46b3-a1d6-14d81335ce0e,1f7fe618-fbc5-4a4b-b214-1840b1852906,ChIJSXFOGecZDTkRR7ECThr6qcM,booking,2026-05-25T07:29:46.004612
62842728-4093-41fc-b83c-07ca7e4208de,b02a8ef4-0dc1-4e3e-b34b-71430b2f044f,ChIJPdjkgibjDDkR_QptVlI3l0k,click,2026-05-25T08:29:46.004612
ff874452-54f1-44ba-9e39-43449030e40c,95414a6c-3d9b-4c5d-b418-caa12f63c1f0,ChIJqyK42_sYDTkRv0equibh_ow,view,2026-05-25T08:29:46.004612
4a8d1842-82f8-4eb7-a8cb-8f13a57e7446,20329a95-39f9-46bc-9d3e-dccaacb1574b,ChIJWdjKacEZDTkRJ9Sdiz-wiEo,view,2026-05-25T09:29:46.004612
20315038-0762-4ead-80f5-28894922c64a,05f1d6d4-2877-47cb-9725-75bbc4956be0,ChIJIVrBSmUHDTkR9fGMGA5NuAA,click,2026-05-25T12:29:46.004612
a2e3f68a-ee00-4f22-8efa-ad8d9664bd47,8da672ff-814d-4227-b722-f99f4d59c6e2,ChIJBbgsxsYEDTkRc2dRoyxQ5Cw,view,2026-05-25T13:29:46.004612
36fa6b65-cc26-4e0c-9148-cd01ced6bd72,a67483a0-bba7-4549-b3cc-1da04bc4ad8e,ChIJz6cFNNcDDTkR2sR2snMfXUM,view,2026-05-25T13:29:46.004612
19be9e9b-e035-4149-8797-eafbbae0afc3,400ef25e-95ca-4e02-9149-13b2c73cdced,ChIJi2vT-3UcDTkROnoFPdqD-bA,view,2026-05-25T14:29:46.004612
3d31ace6-401e-49a6-a8a8-298ae05bec95,380668ac-3826-4240-8bc5-84eac5c2d421,ChIJ7fRtZmwYDTkR1gC0XrYO20g,rating,2026-05-25T14:29:46.004612
0e9ad4fa-ae52-496a-b42d-3e4b44a3f651,caab4413-f522-45f3-922c-28d705578a11,ChIJx3sMMbYFDTkRoVO9BC4gqLI,view,2026-05-25T14:29:46.004612
500866dc-e449-4e7d-be2c-e5525e8b87f0,12e57e00-9995-464b-98d6-47b66b2e11dc,ChIJk5n5hwb7DDkRRzu4ZFp60dg,click,2026-05-25T15:29:46.004612
8c0244e4-0af7-4825-9ea3-ef73ae98ba7a,2dd93f15-9a8f-45ed-87dc-a5093eecd56a,ChIJ6ztvUg3-DDkRLVhUcMEzffQ,booking,2026-05-25T17:29:46.004612
a23b3e88-83e4-4999-b6d9-ff741c58b3a9,2c0c18c4-b0f1-44e3-a7bc-9b9d8a191886,ChIJBzhabYMFDTkRwDDnvz1r_Ms,view,2026-05-25T18:29:46.004612
9551c5b8-21c9-455f-bff8-d3539641ea19,1500926f-4009-4080-add3-26ab53f7c313,ChIJEYi_bxviDDkRxJy_gHRETS0,view,2026-05-25T18:29:46.004612
b03527ff-88d4-4615-b648-ff24429ddc83,0017310a-c3e7-4737-8d72-a3e46b8bab54,ChIJXaRnw_8BDTkREb1cB8_n2Xs,booking,2026-05-25T18:29:46.004612
ebea4c92-bbfa-4953-8b21-6131561d1f0e,5fc98c67-e5e9-43f6-8188-59f70e55c234,ChIJQ3NDXD0dDTkRhr6qseSsSxg,view,2026-05-25T19:29:46.004612
059245f9-09aa-4a89-a9e6-826057313695,8532628a-d2ef-476a-a189-6700fe34130c,ChIJ-yw3PGIbDTkRXAfYWuFspOY,view,2026-05-25T19:29:46.004612
98be4659-7e32-4f07-b102-a0b683609eea,74ad3d40-2592-4821-a38e-36590ea74c68,ChIJ86e0i6sjDTkRzMsqrb9fdGU,click,2026-05-25T19:29:46.004612
5acf9f9d-e000-429b-85e4-3a871f5192dd,2fa7abcb-5b57-43dd-8df8-d6119015d2d2,ChIJP6tpxmiqDTkRK1TQg7pafpw,rating,2026-05-25T21:29:46.004612
2b239426-7976-49ee-9d02-19611476add2,67b9adee-57d3-4bcc-a9b0-422b875c4050,ChIJ3S7zfJ8CDTkRI1ahIlccS5o,click,2026-05-25T22:29:46.004612
ba9f2a0a-6a1f-4468-a3f9-2c17e628a733,c4260743-0058-48a7-a3f8-b4929bdd3743,ChIJma0ObAsFDTkRevQdGGCNZEQ,click,2026-05-26T00:29:46.004612
96459af1-e96e-45f1-aa6d-4ca375169bab,3741b114-83ef-4fdb-ad4c-b47eed63e977,ChIJS49M_lcZDTkRKyK8H7uO5Gc,view,2026-05-26T00:29:46.004612
446afa9c-d578-4b02-afa3-90b07046722f,7982c846-d69e-4f9f-8142-bed1f5e309f0,ChIJDTI7CaIjDTkRKhz122Ji-Fk,booking,2026-05-26T03:29:46.004612
ccb4991f-b5eb-4716-bff7-e08901c3770e,752ae880-5193-4949-8c44-7268f53705a2,ChIJh_fvpJ0fDTkRUtRf7hTB600,view,2026-05-26T03:29:46.004612
6e98845d-78e8-4156-ba55-320ea99e6097,9d8bd99c-42c0-42ec-a794-1d8f96692b09,ChIJg95hFcUaDTkRPEIHxlLFqD0,click,2026-05-26T03:29:46.004612
45c0dcc4-c16d-48d0-9d88-9e0ef756d3f1,7346238f-82e5-4c3b-8dcb-2ad548a8073c,ChIJ_____1DcDDkRKENDYcDWJ98,click,2026-05-26T07:29:46.004612
a3603fa4-f314-44f0-8c00-fbff31f7556c,2e1aac52-247d-4fc8-a7ad-1af63ee89bca,ChIJKxVFie8CDTkRIgB2qqYMcOs,view,2026-05-26T08:29:46.004612
66bc02d9-6dff-424c-9be2-02d5336aca08,d34c9416-f56f-4dae-9cf5-56f6594ee57e,ChIJwyNkcvcjDTkRi9Q6m8AgXBg,view,2026-05-26T09:29:46.004612
1e30a6d4-ce1b-495e-b8f1-60e0c4477401,b06db2c7-0962-44a2-9e2e-0c20ed116e97,ChIJdy7ZET3cDDkRwzZ86bC0Ick,view,2026-05-26T10:29:46.004612
79b1daf7-1fa9-4d7b-985a-cf029f7f9893,c5f30753-7997-42fd-a42e-8c163ed92a7d,ChIJR4Lniwz7DDkR5BZxf723LKk,rating,2026-05-26T11:29:46.004612
ad3512f5-7964-4fb2-94bc-69ffd7e9fd09,5c188236-04ed-4ee0-a96b-0af143487f5d,ChIJ87DHGs4ZDTkRx1Hiq-G3rsI,view,2026-05-26T11:29:46.004612
51df0b81-6b27-48ef-a586-7af27cada0cc,4113bbda-803e-4395-9fb1-668ab2b08142,ChIJCbfAqZ4CDTkRb3axkMEgrnw,view,2026-05-26T13:29:46.004612
f9e53578-566c-4626-b7b6-59359f49d8ea,7346238f-82e5-4c3b-8dcb-2ad548a8073c,ChIJCyc2Pa_mDDkRFDjbRorrdGg,view,2026-05-26T13:29:46.004612
21da1208-2eaf-4780-879f-3a4d6625cb9a,7f29a7e8-29b8-4038-bc46-8a33d2e3a8c9,ChIJxydUCQAZDTkRTbnjfN2N-1I,view,2026-05-26T16:29:46.004612
05c334d2-c177-4413-8a0c-0152702574da,3ff11692-d469-4c8c-a91e-bf5dc86c1d71,ChIJJ3-uAo0BDTkRkOIZi70cb_4,view,2026-05-26T18:29:46.004612
c93d998d-dff2-4f39-b8ba-7e8b052c6cb1,2fa7abcb-5b57-43dd-8df8-d6119015d2d2,ChIJCyc2Pa_mDDkRFDjbRorrdGg,booking,2026-05-26T19:29:46.004612
8b5b8807-43a6-4f41-8094-74401551284f,76494271-a595-49c7-8fcf-cdbb4ac3c3b9,ChIJA-zn7S77DDkRXJsksvK3hLw,view,2026-05-26T23:29:46.004612
03199ce2-f982-40b8-89f5-34320b22ba82,0f0b3196-4513-4454-9357-72d7f6241f04,ChIJi4RsIRvnDDkRz11cKiGwPMU,view,2026-05-27T00:29:46.004612
74b26a72-5d00-438d-881f-35b2b6dbcce3,740236fe-6fa5-44c8-890a-ba72d5a36e52,ChIJN5u7MekfDTkRGGmz2C41TvQ,rating,2026-05-27T01:29:46.004612
4664716b-9eed-4e7f-8d98-da8d4996c939,8b090365-f819-477f-a8f7-4bc8e4f950d9,ChIJxWQtupobDTkR9JtPxAEP9Dc,booking,2026-05-27T02:29:46.004612
a4a30aac-5aa4-4927-a8cf-1cf7c2b87cf1,49b2df49-3f31-4516-8625-94cad41afb7b,ChIJxbmmUzkcDTkRupwAbVY8NHE,view,2026-05-27T03:29:46.004612
17b053eb-021f-479f-a2af-fd9a60fd9b65,665e3599-cb6b-4c1d-a10d-1e405f2b6c97,ChIJochkDJkBDTkRF4kn2GTWRng,view,2026-05-27T04:29:46.004612
eee00b20-6a5d-4708-a47c-d9ea56d7358f,f7bdf6e2-f5d0-4b36-9776-2115898d5b5a,ChIJCdCLTWgcDTkRgCe4U3CxnUo,view,2026-05-27T05:29:46.004612
407137eb-d2f1-4cb3-90f6-bfa1b218e50b,d80e9afb-ddc2-46b9-8b07-1483fcd71a37,ChIJI_krrZ89DTkRYdUZzkyLz3Y,booking,2026-05-27T06:29:46.004612
3d288224-8945-4bdf-b743-297d4d1be8f3,5b506e71-9c12-4464-bcad-b01a9a6f78a7,ChIJx-nhZO3hDDkRhvElsSXy5jE,view,2026-05-27T06:29:46.004612
4e7f865e-6982-4b6a-981c-2222757c703e,fdb7ca70-b5a5-48af-9880-77e833de17bd,ChIJV_KLIUD9DDkRyK187fZFk-k,view,2026-05-27T07:29:46.004612
b53ff7ce-66fe-4e1f-be4c-8b2f6cdb6b8e,22719aa4-f2ac-491f-b133-5be359b4d629,ChIJuQOV4UP9DDkR_zW0AORu0Os,view,2026-05-27T09:29:46.004612
531aa7a0-93ba-4ff2-90ef-1b6228ef712d,ac0226a0-09b2-4fde-a7a7-ac6182412c84,ChIJ_8JzTlsDDTkRbbgJvd3R7J8,view,2026-05-27T11:29:46.004612
ff0fe3a1-0e05-4654-911f-ca35c9a7f549,4d6e905c-7e27-4c61-b9eb-2bc79ce3ea71,ChIJAy3yrrofDTkRo9pQpHva1MY,view,2026-05-27T12:29:46.004612
4fa2c1e0-1f36-4678-b4a3-dbb27a100a20,05f1d6d4-2877-47cb-9725-75bbc4956be0,ChIJVVVVJXjiDDkR8LEuFu326Ss,booking,2026-05-27T13:29:46.004612
3a02f9d0-76e9-40be-b208-e6cb998e40f9,322ac3a0-7777-4da1-ad77-78f199723f75,ChIJacgOlAn7DDkRRMZnwujhhAE,click,2026-05-27T16:29:46.004612
247ac259-cde0-464f-b1a0-76119176e2ec,6a9b1cbb-8985-4a54-b23e-9defdf9472f8,ChIJg7gqCGsZDTkRdaEehmo_1F8,view,2026-05-27T16:29:46.004612
e7be7e30-0fad-4fd4-9444-83e77282a5b0,1286e900-2bda-4dc7-a8b2-b147e132c1b1,ChIJufECNbAfDTkRsAyk2MG1b1w,click,2026-05-27T17:29:46.004612
32bf2888-525c-4ec4-a442-e794dda2fdf5,2df7c9fa-e1b5-4986-8644-a1c7220f45dd,ChIJgSqaay0ZDTkR76AdQCpsw1s,view,2026-05-27T17:29:46.004612
a321b508-6eb1-43d5-93df-22f9ab3bbbbd,9a263236-afcb-403e-8655-3a6f6ecb858a,ChIJeZFe5kcPDTkRrhgPmHzFA_A,click,2026-05-27T17:29:46.004612
2a198678-6aa5-418d-adf1-53927b8e48e6,51d092dd-3846-4d2f-8b35-b21be88ff3f2,ChIJgdyQHisbDTkRlN7jaSGm6Zw,rating,2026-05-27T17:29:46.004612
36900a36-4903-49e9-8cfc-f804d541a8f1,940b5992-b2c8-4606-8577-fb950b49d30e,ChIJb31uBhoHDTkRgNR0Ru405iE,booking,2026-05-27T18:29:46.004612
7f3456ff-2360-4971-a150-db13d6d1023d,67e6daba-b5fb-4298-a055-22ac933c8ab2,ChIJ_____28-DTkRl1V_FzJyhHA,view,2026-05-27T18:29:46.004612
b980d87a-1123-4fb7-a11e-5230178da5f8,e79fc8eb-d34c-4eba-9f82-3f875c8cef74,ChIJlbip0PAdDTkRf4CfOJtwHZI,view,2026-05-27T19:29:46.004612
87e3dbe2-acd3-4d43-90cb-63899cfae618,10f543c8-1c12-44c4-bd7a-379c57cf1952,ChIJN_BW_aHdDDkRZ9V9q_co6K8,booking,2026-05-27T19:29:46.004612
419920d1-9714-4013-9483-6d5ad9c9697e,44cefed8-14df-43de-af44-e88ab07652c3,ChIJI69JKUfcDDkRXn3xNhvAIp8,view,2026-05-27T20:29:46.004612
076c185c-962f-4d26-a223-1825f08ca914,5377df52-fd02-42d9-9083-2254689f6f7a,ChIJ32Vw6zEVDTkRjhdgrT9Hq_Y,view,2026-05-27T20:29:46.004612
96cd0fcd-21f6-47f2-94ce-fea4f9fbb548,b8c90cfd-7490-43bd-912f-128c7b0f4647,ChIJNW7xfpUjDTkRnk6REafay-g,booking,2026-05-27T23:29:46.004612
7690dc42-5b35-4785-8d4e-fc169c25a8ea,6b407a40-9886-47bb-8ead-3205c79118ae,ChIJt8hDrN_7DDkR4A_kFDaUU4Y,view,2026-05-28T00:29:46.004612
58d791f8-b41a-48f6-94ef-0a76eb5d7248,caab4413-f522-45f3-922c-28d705578a11,ChIJSQVKhP4hDTkR2I0YM9eyqOA,view,2026-05-28T01:29:46.004612
bcb442db-5d78-468a-9f20-ece6e6e3d4ea,67b9adee-57d3-4bcc-a9b0-422b875c4050,ChIJ-c-55sofDTkRvmWM-SVTms4,booking,2026-05-28T03:29:46.004612
308528b8-b381-4ee1-84df-182ce1abe3d3,aac09aeb-fa74-4654-b63e-ad5dd38d7863,ChIJGTTB6-0ZDTkRdIDLpY_uLr4,view,2026-05-28T04:29:46.004612
eced98c0-c3b5-43d0-b178-0ab16ff7f523,b38395c5-c158-4137-9ad2-bda81def4908,ChIJSdUxIfqpDTkRb6Y2Nt719Gs,view,2026-05-28T05:29:46.004612
6b7972f9-8597-4c98-9ce0-8150f38fd973,ede3c223-c729-4f41-8a65-93e70a54573f,ChIJ____v_wYDTkRhZscYezopi4,view,2026-05-28T06:29:46.004612
4dddb3f7-7315-4856-a7b2-859bb7c9332f,2a2a8f2c-ddf2-496a-b7dd-03d2d93bf249,ChIJw7qPDAoZDTkRV-2mY2VsxR4,view,2026-05-28T06:29:46.004612
4ee77639-49b5-4791-89e8-bfb6b2ef101a,49bdfd2e-4f97-41c8-8abd-86cd53b48388,ChIJd-3rnjD9DDkRh4jC5r1Deec,view,2026-05-28T07:29:46.004612
69c7d7ad-54b0-4fcb-9d69-e857fbba82ae,7b28e71d-661d-45bc-b8bb-a1194522b88b,ChIJXXRN7bsbDTkRiO1syjt3AM0,view,2026-05-28T08:29:46.004612
2c79f2f6-f306-4519-914c-dacf80f276b2,bded2630-13b7-4983-996d-dfe536cc25e8,ChIJQ0mCURIeDTkRxSzdLV_yWnw,view,2026-05-28T10:29:46.004612
3858db38-4071-460c-ba32-a763026e5064,aef9db74-8ed6-414b-b575-d026e1a757f7,ChIJlVva8wIDDTkROmiajVKodCw,view,2026-05-28T12:29:46.004612
4abe414a-73a5-465a-9e9f-9994087c679d,11e5be4e-236a-4c37-86c4-a82ff94ee7e5,ChIJUdP3Rpb7DDkRtlGlfq_41wA,booking,2026-05-28T13:29:46.004612
7f8307bf-de1c-4db0-814b-13331d763c90,544f1349-c1c5-481f-8968-8b4a3f64ba7b,ChIJHR7ZdDj9DDkRSJTP7ahdEpY,click,2026-05-28T13:29:46.004612
75c77834-126b-4c09-a41c-ef0b846e753b,4b3d1313-86ae-416e-83df-480f1500caf5,ChIJF8i-etEdDTkREtkYnwqAdDg,click,2026-05-28T15:29:46.004612
fc730fc1-b67f-4cb1-b6fe-c030460fdda7,1500926f-4009-4080-add3-26ab53f7c313,ChIJCbfAqZ4CDTkRb3axkMEgrnw,click,2026-05-28T15:29:46.004612
263875fc-ebca-46ef-890b-c5708f3458a4,f774a82b-0033-4ac2-bd81-889eb6212c52,ChIJbTT-v875DDkRfg30l_AE0wg,click,2026-05-28T15:29:46.004612
fc1855b6-0812-4076-bd4d-63bf82e916d3,8e935e7a-0260-49cb-aa1e-48267d2f9a18,ChIJMyjsl_rhDDkRcU3rb0yGJ3s,click,2026-05-28T16:29:46.004612
0f176e21-0a09-498f-a53a-fb06da8a4b4f,7f29a7e8-29b8-4038-bc46-8a33d2e3a8c9,ChIJWUsSGaMZDTkRl5tZNykJQlM,view,2026-05-28T17:29:46.004612
2dcca2bb-5326-481d-aae9-db18466678a7,7dda7ab6-4686-44b0-981a-42a865591aa9,ChIJoRD2ulIbDTkRSe133WMqhaI,view,2026-05-28T20:29:46.004612
0df07b5b-5992-42e0-992f-c52ea6f9387d,2fd646f2-e520-44d5-91cc-a0c8d5556ccd,ChIJaUH1g7YZDTkRwGo7eJ6sXow,click,2026-05-28T21:29:46.004612
ed614ab2-cf5f-4c0a-9871-0f4253e8e78e,e7483e8d-5e2f-48fd-be42-05bb11f1c1e8,ChIJF8BDSvUjDTkRmTGzo9MYiVg,click,2026-05-28T21:29:46.004612
42488710-25f9-4c2e-b7c7-273bf434a670,6f2154b1-c2c9-4669-b941-b2cb97c01852,ChIJO4bEjrL7DDkR_Sj7Ag-P-Pk,view,2026-05-29T00:29:46.004612
cab5d045-2c14-48ff-8c01-42bec6d177fb,20329a95-39f9-46bc-9d3e-dccaacb1574b,ChIJ374hXsgDDTkRRRix0z5YTcQ,click,2026-05-29T00:29:46.004612
c841e195-ab36-4c93-aa74-8e9e554333f5,cd0e6e81-4106-4013-b7c0-e32e581c44c4,ChIJWeQkGvn9DDkR472-MKgiClU,click,2026-05-29T00:29:46.004612
1e2a3c7b-74cf-452b-931b-001bf5cd3e91,482c4751-fdb5-406a-93d4-c8ab9f4d24a9,ChIJ17YA13zcDDkRo3GFvGnqcYw,click,2026-05-29T01:29:46.004612
8cd6cfab-c3ac-4ece-bc8c-163d906f27ea,7f31a28a-8a8b-46cc-95f1-2f15e5a87f6c,ChIJZSEVrPHlDDkRZ5C2vrpZXRM,view,2026-05-29T02:29:46.004612
692e42d2-d90c-4038-892f-d20140c4e100,81b57fe8-6ec3-40ae-bf9a-0555a7fa02bc,ChIJ1Qnx2DA9DTkRdqk9S2x5zI0,view,2026-05-29T02:29:46.004612
9c7b85f2-74bb-4cc8-bbe4-cbad2efea545,d61cd3f5-5242-4468-8633-1939d4899de5,ChIJPRLCi3biDDkRQx5dqErBzrk,view,2026-05-29T03:29:46.004612
11d76e6e-7d8e-4271-89dc-85cbd05779e6,6f2154b1-c2c9-4669-b941-b2cb97c01852,ChIJR1FVbAgiDTkR3NiZViDPc1w,view,2026-05-29T03:29:46.004612
aa5ec192-ee4b-47f7-ad96-ab876e4472d8,bed6aa64-aa16-4b8d-ae0a-08044b6f518f,ChIJwXk9hdr9DDkR2FSvNa9XuIo,view,2026-05-29T03:29:46.004612
754c94af-e0bd-457e-8f0d-8b0c05070175,83ffdadc-58d1-4474-a5d5-e61a9f6dd60c,ChIJpdaR5mQHDTkRNN_caaPvuOs,click,2026-05-29T03:29:46.004612
dfc73952-b582-40af-83f0-d79c021c30d7,fdb7ca70-b5a5-48af-9880-77e833de17bd,ChIJD-BZ3TMDDTkRXdT-qrMpMYY,view,2026-05-29T06:29:46.004612
dfe3daed-370a-426b-98cf-d253b21157b7,dac14e2b-c22b-40ff-98fd-9cd122f25adc,ChIJbQkQQq38DDkRiO1-3Xdle-Y,view,2026-05-29T06:29:46.004612
8a01b7d2-84a2-41b8-bf40-591d3750de9f,6ef7c17f-1f34-4ed8-a961-05c1c0081f79,ChIJBUyBs_EBDTkR6NDsh_942IY,view,2026-05-29T09:29:46.004612
f8d74a04-846d-4769-8e91-5354e831254a,68be285b-1a38-4ef9-8adb-e9d8d197e111,ChIJSfJXLaADDTkR3n9-HoFizwU,view,2026-05-29T10:29:46.004612
3217f4ed-5628-4f9a-a132-0975abf6fe80,59e28b8b-ec3b-45e3-ad0a-a6ece3d84656,ChIJaWaDFCkdDTkR0-v3D-Mz6BA,view,2026-05-29T10:29:46.004612
9531495c-3349-40ac-843e-4dca89970b2c,e79fc8eb-d34c-4eba-9f82-3f875c8cef74,ChIJWUK7TDoZDTkRdp-9-g52j1k,view,2026-05-29T13:29:46.004612
74441c1d-5e06-4039-a179-43ae0684d574,567cca15-a491-4b46-a71a-5e8d911c94aa,ChIJG6b9UeEDDTkRekt9szIwFig,click,2026-05-29T14:29:46.004612
8e463792-82a2-4c64-9205-6f469d7ea277,7d8adac2-b34a-427b-91a4-cc8abd138e9c,ChIJSZffIU3kDDkRuDXcAje-AKo,booking,2026-05-29T15:29:46.004612
3e21be47-bd78-4a70-a108-4e102ca67595,49b2edb8-ec6d-43a5-ae9a-dbfb71df90d5,ChIJY6PJh2kcDTkRybb5KBGcqIY,view,2026-05-29T16:29:46.004612
08bcab68-a97e-4bba-8d6a-2ac29a789b48,b2e7a098-4d76-4ba5-ad49-7f4f75a9dabc,ChIJmWEg6snjDDkRKh3js-UGjvs,click,2026-05-29T18:29:46.004612
7af13b0f-a0a9-4811-af84-8d21d5671db6,91a4e9b7-5744-4abb-98ee-9bd1984e6771,ChIJTW2J7Yv7DDkRoaEMVYMmb-0,view,2026-05-29T19:29:46.004612
95030e32-8d0e-4987-a0d6-7a7718ffe3bd,b44fa2f8-0fca-4063-adad-2925b086ffd4,ChIJB-shS9_jDDkRQQSbddJ0GOU,view,2026-05-29T19:29:46.004612
78fed593-1a64-4c10-b821-28355d714dc0,b128442f-55eb-4429-83c8-942a0fccd011,ChIJg95hFcUaDTkRPEIHxlLFqD0,view,2026-05-29T21:29:46.004612
94918070-130a-4035-8a11-5ca8feb55cfe,da9b2f0d-d096-4cea-954a-60d89171bcc7,ChIJYxr1NN_7DDkRDUsJ4DgCEyw,click,2026-05-29T22:29:46.004612
831a0201-3aaf-4ad6-a9a7-1eeee8842e15,fa110865-51ea-4a5b-ba2d-a9cb901012a8,ChIJVYx7WkYZDTkRLSo5i62rT3Y,view,2026-05-29T22:29:46.004612
1be38ebb-fcf1-4458-b821-c7dec5f92172,1abc322f-e7d0-479a-92fa-24b3f76adf1e,ChIJ7Q6BTxMFDTkRFnrFY18zdcU,click,2026-05-29T22:29:46.004612
d74e1fd2-f5b1-447b-b411-e4a2f0998c44,79d8c9cb-75ab-4bde-8742-5828e9f6c484,ChIJmWEg6snjDDkRKh3js-UGjvs,view,2026-05-30T00:29:46.004612
b10c18f8-50ed-49ed-970b-157b1adebc5a,1d6480f8-1b79-4db4-a917-49a280dcee2f,ChIJoVz4DZ2lDTkR10wvXvxoI6U,booking,2026-05-30T00:29:46.004612
22168443-2ca2-44da-b1f0-70643842ae22,fa110865-51ea-4a5b-ba2d-a9cb901012a8,ChIJd5LhshIDDTkRPxoMyHG_tgA,rating,2026-05-30T02:29:46.004612
db5924ef-387a-4e89-b8d3-4b52d8bb478f,1168582a-a016-437c-a4ff-15850825f071,ChIJv7HZjfwHDTkRsAY2J5m3BfQ,view,2026-05-30T03:29:46.004612
4c45747f-ae4e-4c69-815f-67ba39c34888,d0568206-fb99-4420-93e5-955e8cbc76f9,ChIJuQOV4UP9DDkR_zW0AORu0Os,click,2026-05-30T05:29:46.004612
6578691e-7d12-4f0f-ad6f-869c6bcfd482,b3440ec7-c397-458b-8788-741bff239018,ChIJd0OgBToZDTkRhlQmthdje-Y,view,2026-05-30T05:29:46.004612
2c1bbb49-f1f1-4561-906f-80c81268a163,501d7b93-7873-4a3e-a801-8c1c2b684e85,ChIJF40SMosZDTkRch0ZBwZJygY,click,2026-05-30T06:29:46.004612
a8ff7e8d-7ac4-4eb5-b027-993d09fe9864,665e3599-cb6b-4c1d-a10d-1e405f2b6c97,ChIJq7-D7G77DDkR93Czw_SxpJ4,view,2026-05-30T07:29:46.004612
5fe39641-35c0-4072-b78d-60506ef374fc,b90825c7-9af5-430a-bb5b-94f97f9edac2,ChIJ68pMy4ujDTkRfdLW8KShqPs,click,2026-05-30T08:29:46.004612
b7640f61-feb3-4925-97e3-d4e281d381ca,7982c846-d69e-4f9f-8142-bed1f5e309f0,ChIJAeEer4jkDDkRnvYOsth2r2c,view,2026-05-30T09:29:46.004612
024edc6b-8453-4148-b6dd-61a41a5ed120,9291da7d-ec80-4d1c-a640-2394346f1f5f,ChIJozZZLu0fDTkRC6DaaoQIvf4,view,2026-05-30T09:29:46.004612
9a916bb3-eb2a-44ad-b6f7-a294dd736e83,975eb39c-d011-4576-8de1-db559ddf4e91,ChIJK4wZZQADDTkRkyUH87huHo4,view,2026-05-30T10:29:46.004612
47dac21b-2e49-4634-9fdd-4e4f622949e2,87c95bcd-459b-421b-ad97-669d5aea864a,ChIJ306lNAADDTkRP-6e4yPnr8U,view,2026-05-30T11:29:46.004612
b9b80699-8f87-4b8e-ac49-ad4e95283d03,f7bdf6e2-f5d0-4b36-9776-2115898d5b5a,ChIJFfwScQABDTkRJvSz1Bp0JRM,click,2026-05-30T13:29:46.004612
0d7f0d26-58d9-469c-9a6f-7f91dfbde913,0c50b5d9-f96c-4e02-90ff-f62dc44de641,ChIJe0aRQU_jDDkRiANhTaAQknI,view,2026-05-30T14:29:46.004612
3ce85604-0802-4846-9a8c-44fd7212cb2c,fadb7e18-8707-44c6-a92c-258234df3d06,ChIJfyoHSjznDDkR1l32qWnDa94,booking,2026-05-30T15:29:46.004612
35e9ebc0-82d7-47e9-aee0-abf0fe5713c6,54cbb673-58d1-4206-9254-266ea780131d,ChIJu2YFVjb9DDkR0KTtXpZwXtA,view,2026-05-30T16:29:46.004612
ec65dbae-1138-4d38-8c68-8f18426c7147,c7953376-7b1f-4ddf-8938-2f851c89c11f,ChIJpXzVXgD7DDkROTg2qZrmdZE,view,2026-05-30T16:29:46.004612
26343d6d-9368-4a95-b23b-b9cbd7848bb8,bed6aa64-aa16-4b8d-ae0a-08044b6f518f,ChIJAxoZFF0-DTkRrQYeGhnCS1c,view,2026-05-30T17:29:46.004612
a307a65c-8e0e-4d08-87da-587a6961f654,1af78088-0b1c-47f9-b1dc-923c9353f8b4,ChIJw1-SozIZDTkRl1rQPEknUFw,click,2026-05-30T18:29:46.004612
d3f3bb68-dcd5-4185-920f-a1c102a2c04c,aa11e355-39c9-4ce8-9ee4-13608adb3979,ChIJO_r_o_cADTkRGwll3ggET_I,view,2026-05-30T20:29:46.004612
a5d83374-c0d7-4c34-9271-67825b53e3d9,3f88c491-58fd-44a2-abf9-df85d43a1465,ChIJK4wZZQADDTkRkyUH87huHo4,click,2026-05-30T20:29:46.004612
688996a1-9fff-4f9c-8ec3-30780200ba3b,63b5bdd1-bc81-48ec-bf19-eb5122086ace,ChIJAx_1cQAjDTkRyUfJqOJ0uhw,view,2026-05-30T21:29:46.004612
f4990798-0728-4346-aff3-27c8fca0c400,45851b54-9ffa-4405-ab68-681909d82682,ChIJb9R_xAfdDDkR2AVEx0QfRhk,view,2026-05-30T21:29:46.004612
0dd684ad-9523-4d81-8941-80f8930e1a91,c756df7e-3e15-432b-9cb9-f1f09f2e12ce,ChIJq6qqqtPgDDkRiU7ZAEq1d-8,click,2026-05-30T22:29:46.004612
29bd5983-56d8-429a-be21-206836d46298,c6e0c036-706c-442d-845a-369635621566,ChIJbZrCzw39DDkR76CW6KVWgYs,booking,2026-05-30T22:29:46.004612
f59dfc68-d05a-4428-8976-36913d59f1f3,69f96058-9730-4fb9-9a17-3410bbd202c9,ChIJA84Ws3QfDTkRLTRtRiMx5Dw,click,2026-05-30T23:29:46.004612
379e46ce-e1ec-45c0-bdcc-6b5fae2c35dc,8b090365-f819-477f-a8f7-4bc8e4f950d9,ChIJP6tpxmiqDTkRK1TQg7pafpw,click,2026-05-30T23:29:46.004612
0d95138e-d2dd-40fa-a3ad-f2f84e1a4ed5,322ac3a0-7777-4da1-ad77-78f199723f75,ChIJ8XJNQSHnDDkR60BZUyvH0_8,view,2026-05-30T23:29:46.004612
123f830f-5546-43da-b397-548d89ad89d6,8e935e7a-0260-49cb-aa1e-48267d2f9a18,ChIJOWkXrRcbDTkROW7di1XMXsA,click,2026-05-31T01:29:46.004612
7821496b-dce4-4cc5-a915-7bd91aa16e7b,9c9bbc96-a034-46f6-9517-98986f690a92,ChIJQRsr9UXlDDkRZm3Cf8qesPk,booking,2026-05-31T05:29:46.004612
520c5db1-3b73-4a40-aa56-5818504cb7ff,fa43185e-8b35-45b0-b06b-ba23cd2be955,ChIJ4RfKFssFDTkRU4i5FR1_Mcc,booking,2026-05-31T05:29:46.004612
0ddc1cd4-dbcd-44e6-a429-735f0ec60789,bb9ba807-5b46-42f5-8465-5c97af0f5beb,ChIJo7kBM2ocDTkR2TXLzP1eBUk,rating,2026-05-31T05:29:46.004612
b47a5de7-1d98-4d4d-8917-c9e41d0cfe87,aeedca81-5b94-4f80-b95d-b3596c11b746,ChIJu-J1KIL9DDkRr5qeJBYa8PM,view,2026-05-31T06:29:46.004612
027ae1de-6906-4514-97a6-59c0448a08a7,90a78129-53ea-4e27-90f6-4c185ab2663a,ChIJtzqgI2U-DTkRsyjuU_lRS18,booking,2026-05-31T07:29:46.004612
b60e3b15-7e5f-41a6-8102-49a88953ec1c,3be37f58-0dfb-4c1a-b9bf-9b21b5badc17,ChIJixLvaq8HDTkR3a-ToyPGxt8,view,2026-05-31T08:29:46.004612
6efedbf9-987b-4403-b4b4-0ce2b4a72efc,13681eb3-7b25-44f1-b853-5b46921740de,ChIJTZiw9_P9DDkRCKU-wU7cgV8,view,2026-05-31T09:29:46.004612
117db8db-b912-46d9-b210-548a1f5dd5c5,7f29a7e8-29b8-4038-bc46-8a33d2e3a8c9,ChIJS0aYLBwjDTkRg1kvuwxqGGk,click,2026-05-31T09:29:46.004612
79018fbd-bb3a-4b9a-ba0d-8620368213ff,da9b2f0d-d096-4cea-954a-60d89171bcc7,ChIJo_EVHzH7DDkRq0dEqPdaQ04,view,2026-05-31T09:29:46.004612
2742c38a-2360-4dd8-85f4-656e04b8ed00,a63ce3a9-8eb7-4028-979b-e79d5f10eae1,ChIJs6KqbUwFDTkRsT_CP-hoENs,click,2026-05-31T10:29:46.004612
3165148b-069a-4fa9-aee9-5f0779383df9,0360d884-fc9d-4a9f-bcde-f7563113a77e,ChIJp0gsI8YVDTkRta54FAmE9x4,view,2026-05-31T10:29:46.004612
876bb2e3-98f9-476f-86dd-4069577ac08b,82d92a45-0d99-43de-8933-341bad36565c,ChIJiZo7fRYBDTkRiTXIZN7ndcM,view,2026-05-31T10:29:46.004612
cff9299c-e898-4737-a938-56cdd1c262e1,d34c9416-f56f-4dae-9cf5-56f6594ee57e,ChIJadUD2mn9DDkR9T7bQcD1ErY,view,2026-05-31T12:29:46.004612
64528062-d402-47eb-9774-b059b9ce31c7,b8c90cfd-7490-43bd-912f-128c7b0f4647,ChIJbRm2nIndDDkRSBeUA2LGd1I,click,2026-05-31T13:29:46.004612
80dfe804-ab37-4a83-81df-7d47a7cd1e18,4dc7cd50-ed82-4165-9cb2-95481760b39c,ChIJr8LuNvwYDTkRLfjeI091NkU,view,2026-05-31T14:29:46.004612
1f72626a-7f2c-49cc-994b-d138a2eaef0a,00062863-ad1f-4d03-8bb1-ae6ba994a3ad,ChIJa3V2bkYYDTkRXORa3zzhsTw,view,2026-05-31T14:29:46.004612
74b1e2f3-7d71-4586-95dd-51cbadccba3d,0c409718-3b15-48df-a596-5a8363fbea4a,ChIJnYoZbzMZDTkRo083db9CdDs,view,2026-05-31T15:29:46.004612
8590ff54-dc70-4e0a-8428-83e3c59a11c0,74c2d5ae-5c70-47b1-9aa6-a69c4234b58f,ChIJMzJPXKkjDTkRj4J1rgUw_A4,click,2026-05-31T15:29:46.004612
17e2323b-768d-40eb-b3a3-14895d401e67,33397e6e-13d7-49e1-9503-70a9f4200e71,ChIJ845VBz0eDTkRn4taWpUHdMI,rating,2026-05-31T15:29:46.004612
137cd6ea-cf2b-4429-8974-bb931e37d397,79d8c9cb-75ab-4bde-8742-5828e9f6c484,ChIJSW4lHx7lDDkR2uhhO7q7SH8,view,2026-05-31T17:29:46.004612
68532c7d-86e6-4934-b46d-6a81ea08b1ab,49b2edb8-ec6d-43a5-ae9a-dbfb71df90d5,ChIJteDOQaoDDTkR671xxVVa6Dc,click,2026-05-31T17:29:46.004612
e789e0f0-a37d-448b-9605-130e432977ae,054e41aa-8836-4baa-967d-1a4b72099979,ChIJT-DMdTkZDTkRiN-ft-zozUQ,click,2026-05-31T19:29:46.004612
3770bb90-508a-409a-ad82-ff02f4692482,b9da6e16-3980-4e85-a275-645c69b299d2,ChIJXXRN7bsbDTkRiO1syjt3AM0,view,2026-05-31T23:29:46.004612
b5e34655-9a49-4484-b195-8d2371ccb5d8,e79fc8eb-d34c-4eba-9f82-3f875c8cef74,ChIJgYEW9tHjDDkRY7NOQXZZSTU,view,2026-06-01T00:29:46.004612
d0dd4bae-fc3c-42b9-8042-391a0eaf03e6,f5f4a114-68d1-4f54-a589-9da9679700bc,ChIJx-nhZO3hDDkRhvElsSXy5jE,view,2026-06-01T02:29:46.004612
06ae6c3f-bd44-470c-a387-d7f85a2152c6,15bc78d3-1d91-47eb-9b28-2cb4422ed832,ChIJVc-6iDLcDDkRYFx6THP4ASc,view,2026-06-01T02:29:46.004612
0718c028-26c8-451f-aae3-c469c9a486af,15bc78d3-1d91-47eb-9b28-2cb4422ed832,ChIJR2D6ioQXDTkRBDwuY3-75P0,view,2026-06-01T03:29:46.004612
efd9b1f5-89f9-408d-8355-7062f576a879,03c6f2e7-c9cd-4768-94d6-a9ec4429752f,ChIJP5TxuNIHDTkRFBc7GO5QuDQ,click,2026-06-01T03:29:46.004612
54e1d2dc-ca9d-4f3d-b3a9-a6b95aaf4a1f,9d0d6a27-7f27-4d93-8c47-818ba00fe46f,ChIJE9ZNnEoYDTkRKUGTJncZXrI,view,2026-06-01T03:29:46.004612
7b82c9a5-bfc1-45d7-9351-dd26acc3fcca,b06db2c7-0962-44a2-9e2e-0c20ed116e97,ChIJa3V2bkYYDTkRXORa3zzhsTw,rating,2026-06-01T03:29:46.004612
17991f99-caf5-46d0-be2c-f9629a642df5,67b9adee-57d3-4bcc-a9b0-422b875c4050,ChIJEeFFoyMBDTkR3or3ygSY_fU,view,2026-06-01T04:29:46.004612
4ff420aa-49a4-4bd8-a3a7-4ad9222a1273,9541d020-4717-4348-8140-c9dbc6ac086d,ChIJpTcilaQ9DTkR5_-YMDv8bCY,view,2026-06-01T05:29:46.004612
1c43b159-357e-4e55-a885-752bad966c54,81f17506-2057-4c64-bc50-ffa0a4be120e,ChIJ8VV1bwLkDDkRXF4dKZb7rf0,view,2026-06-01T05:29:46.004612
0864b65f-444d-438a-89de-25774c751003,55d1592c-6b83-4763-bc4a-ec29a66a4d8f,ChIJ5QdVesIFDTkR0Q9J7-vqSHw,view,2026-06-01T07:29:46.004612
54447558-0ea2-4b7d-b5ab-e28089956525,f32ed5f5-48b9-4967-9ec6-8c0147bd672c,ChIJFQ0O2UAcDTkRbl1w-7nT3-M,click,2026-06-01T07:29:46.004612
3db6e9bd-e09f-4f59-8515-165515c7189a,c9ebadce-3230-44db-85ee-e0a12a580290,ChIJBztzF2_dDDkRL7U3jwZkoRM,view,2026-06-01T10:29:46.004612
379417c6-ae77-47e2-8628-7efd82a3df76,a0803a68-464d-49f2-aa0c-09fd2759c982,ChIJ6ztvUg3-DDkRLVhUcMEzffQ,view,2026-06-01T10:29:46.004612
215d6673-ceb4-410e-8ca5-baa271625340,3ffcba89-0cc5-4537-b758-67a79d5365f5,ChIJVT5iTz_9DDkRIMfaom19syQ,click,2026-06-01T11:29:46.004612
73594c0f-923c-47f1-b5a1-2916e4393fda,557d605a-e639-4ef3-9f0a-8d9ce87566ba,ChIJMZJZ7_zlDDkRz63Sj2pBYPs,view,2026-06-01T12:29:46.004612
17894bf7-4d08-419a-8681-9f23b500389b,2fea94f5-b851-4055-87f9-efbe34d5c731,ChIJQQAAUALkDDkRPlvxqRwJGJo,view,2026-06-01T12:29:46.004612
2be277ed-5df3-46dd-b4a4-351bdb01fc51,3be37f58-0dfb-4c1a-b9bf-9b21b5badc17,ChIJAXp7bFcZDTkRkKdt_Lt46Tk,view,2026-06-01T13:29:46.004612
72d71911-893b-4a6e-b807-1ec3b301e6d4,b4c22be5-bfd5-4719-9adb-b47fd6ce6ccb,ChIJQw7XRwcjDTkRUpAE-J_C2JY,view,2026-06-01T13:29:46.004612
56ba97eb-5ae1-4075-a8c4-6f341745718e,0da216f8-05a2-465e-9b7f-9d4924cd4baf,ChIJwdp9bzADDTkRt_4Txb3SJn4,view,2026-06-01T13:29:46.004612
26cf1411-709c-40a3-acb2-ddf439e2e389,665e3599-cb6b-4c1d-a10d-1e405f2b6c97,ChIJUXEBCwAbDTkReAT2lErQcEA,view,2026-06-01T14:29:46.004612
851c9598-b8fa-4214-8f00-19453666defe,24f94256-cfb0-4089-81aa-5730704504ef,ChIJa4Td0z8jDTkRPG1sCr5IS5o,view,2026-06-01T15:29:46.004612
335f26e0-f78f-4d04-b2cd-aebcbdf1edc8,aeedca81-5b94-4f80-b95d-b3596c11b746,ChIJPwDEgOH9DDkRVZXlK8nS0nw,view,2026-06-01T15:29:46.004612
116a75cf-7c99-4815-9718-73287dc9acd5,5634ccaa-f864-4d36-8a6c-77bded2a45ca,ChIJ8RAL_OL_DDkRfkpERnh9Ujo,view,2026-06-01T15:29:46.004612
87d37f5f-7779-4ea4-a740-5ed2c1d84664,27c5fee4-ee41-4dea-9443-ec4fb6fb1a66,ChIJBb3mYrQdDTkRv0Dx43jGpGQ,click,2026-06-01T17:29:46.004612
c02c97ce-3232-4dd2-9e1d-873ca5fe7684,96ffebd7-5dbe-4467-9460-c36ae73f330f,ChIJEefgc975DDkRMtvbFpfSpBo,view,2026-06-01T17:29:46.004612
b42b8771-12c7-4eed-b11e-6b94dc75d981,5da70823-a49c-40ca-91e9-3077db391b34,ChIJ3RlMdckBDTkR0pjpqymKelw,click,2026-06-01T17:29:46.004612
4f04275e-e246-453b-b05b-6e7810c778c7,20065164-876c-4db0-b1e2-47612559208a,ChIJr2pE1N8BDTkR_szajQiBDpA,view,2026-06-01T17:29:46.004612
c8f94bd1-95b4-4bf1-aa63-45bc106d0235,67e6daba-b5fb-4298-a055-22ac933c8ab2,ChIJYbCLDMP7DDkR1-R0n48fg2I,view,2026-06-01T17:29:46.004612
a78884ab-4306-4240-a980-d3ff4494c9ec,8532628a-d2ef-476a-a189-6700fe34130c,ChIJZ-6qctYdDTkR9AxnmCK-SMw,view,2026-06-01T18:29:46.004612
d405b684-8979-4a64-ba6d-e43688d9cea1,bb9ba807-5b46-42f5-8465-5c97af0f5beb,ChIJKST1WAIiDTkRsgzAHRBHBv4,view,2026-06-01T21:29:46.004612
3b902529-3ebd-489e-9554-6b9f2358768e,aab10c81-0332-41a7-9c80-c13a075e121f,ChIJ8Z3G91sHDTkR4fx3eLbmUAU,view,2026-06-01T22:29:46.004612
9ec13b79-67ed-45e8-8c89-b9dcce9a2dba,3f88c491-58fd-44a2-abf9-df85d43a1465,ChIJvfkKM1ICDTkRARQ_hfTtLF0,view,2026-06-01T23:29:46.004612
15519f3e-6117-4423-986e-81a8b74266e2,c7a8d4a0-9ace-40ab-884a-865494523cec,ChIJe2r3TGoDDTkRE13K07ETc9I,view,2026-06-01T23:29:46.004612
352647d0-ee2a-41c5-a593-9f43dd529a99,016c47da-f16b-4395-998c-e8891c818397,ChIJoRD2ulIbDTkRSe133WMqhaI,rating,2026-06-01T23:29:46.004612
7863aadf-9e4d-487f-ad08-78f593277612,d75e85d1-0d9b-4036-b0ca-d4b0e37153f8,ChIJe-euBg79DDkRqrpZ5Pzm8Qw,view,2026-06-02T00:29:46.004612
985650fb-3f61-410d-8052-c52453931e4b,12fa4ce4-e2ef-4524-8132-24094afc0019,ChIJ3wz0KwfiDDkRjHFWQTiSUNA,view,2026-06-02T00:29:46.004612
0012ff7a-87f7-4254-bc85-98d1d2c82430,33198914-5fc8-470a-a24c-44b194d79d75,ChIJQQAAUALkDDkRPlvxqRwJGJo,view,2026-06-02T01:29:46.004612
185c8aed-7b3b-4171-bfb9-32905de92ab7,81896acb-b496-4804-bfdd-792aec7d47ea,ChIJ--FGZrMZDTkRnNnjWOLxdmI,view,2026-06-02T01:29:46.004612
2a1c20c2-02b1-4c23-8def-35e44f92c184,3ebd9cac-43d4-411e-8233-c1dc7596d78e,ChIJteDOQaoDDTkR671xxVVa6Dc,view,2026-06-02T02:29:46.004612
a529f7a1-a38a-4702-b5a6-343e6e06b694,fce67dbf-f65f-4b9c-91e9-0d809f84a9ef,ChIJxY54Sx_9DDkRgZ05aiuE6aQ,view,2026-06-02T03:29:46.004612
0604fc22-3d11-4d76-bbf7-bc2cc8cbc140,c7dc289e-eb3a-4c76-98f7-d8b14c5a4d4b,ChIJa8DmBlkZDTkRmCx2X4Z5BuU,view,2026-06-02T04:29:46.004612
6f95d314-98fa-4719-bbee-67720964bd9f,6937561c-f57e-43d6-94dd-239d2a10af5f,ChIJG8FI6_UXDTkRHGRJJxf6O_w,view,2026-06-02T05:29:46.004612
dac3f5d8-edcf-4c64-a975-fff91282ed66,9182e03f-2dd2-48d2-8ccd-8a62bc3c3a05,ChIJed7_0FcFDTkR-gZawBKRXdQ,view,2026-06-02T05:29:46.004612
de7327b1-41d1-4f69-ab7e-7baa384d5d4b,54cbb673-58d1-4206-9254-266ea780131d,ChIJxzEBJLMZDTkR3JmM3HkM_qQ,view,2026-06-02T07:29:46.004612
2eedc974-ed82-4a40-a6bb-f8d306346e6d,96ffebd7-5dbe-4467-9460-c36ae73f330f,ChIJSUAGLTjcDDkReJYvgFOryxU,click,2026-06-02T07:29:46.004612
fac0a13d-bf03-435b-94e0-ff3c26ee4faf,089ad2c3-6ac3-4512-81d3-fb730a543b2b,ChIJfYdgbx37DDkRNqrP_TGtdC0,click,2026-06-02T08:29:46.004612
e7bc233d-9475-406a-a230-9b43734c7618,45851b54-9ffa-4405-ab68-681909d82682,ChIJuXhKZJPjDDkRWaj_AQQKWGk,view,2026-06-02T08:29:46.004612
5b1b36d8-ae01-42de-9543-528a9b05d8d8,7779069e-c5ed-4221-b334-a4a5bccb349a,ChIJ6UDMWr4DDTkR-s5z0b2N_Z8,view,2026-06-02T09:29:46.004612
35c4059e-56fa-4a25-914b-f53cbee2ba0a,67b9adee-57d3-4bcc-a9b0-422b875c4050,ChIJvfDCaMerDTkRij3h8iw-1bM,view,2026-06-02T09:29:46.004612
534ab33a-efbd-4ab3-a6e6-77a59cbff292,25c08eda-76f1-4b3b-ba8c-38135b29e77e,ChIJ97W7F9EfDTkRidfrk_JoC5s,view,2026-06-02T13:29:46.004612
463b2489-18bb-4f41-bec4-56d1de7b9ec5,aeedca81-5b94-4f80-b95d-b3596c11b746,ChIJBS-HCGL9DDkRnvfrMTf9pDM,click,2026-06-02T13:29:46.004612
a3edf9c1-53bb-431d-8116-2342ecf36969,6ee09409-0b4e-41b7-8daf-93dfa6d3922b,ChIJVcq7PHb_DDkRvXTkH3L2FNM,view,2026-06-02T14:29:46.004612
5405b5b2-a99d-41f3-9492-7373930657ea,4a9b5a31-30cb-4210-8cf6-0068f510758b,ChIJp77fqcAdDTkRI_xm4ZpmmOU,view,2026-06-02T14:29:46.004612
1b3450c2-6301-46d5-aa41-32cd33d391ad,3b3e881a-72d0-47ab-9058-597b7916acc0,ChIJPVegOR3lDDkRbWNzyX_u8BM,view,2026-06-02T14:29:46.004612
8d459a03-e769-4b3b-b9c5-71f27e6b4395,ffccccf4-2c20-4f4a-a66d-20eff4e7c71f,ChIJBb2AhdMHDTkRiuP5pxgamCA,click,2026-06-02T14:29:46.004612
b636d395-90cc-49d0-abdf-2590c259c1a0,99391f5c-99d4-4657-a111-c296af97a9ce,ChIJz6uJIQfjDDkR3gifjDKqsIQ,view,2026-06-02T14:29:46.004612
