#,File Path,Type,Size (Bytes),Purpose,Referenced By Count,Runtime Used,Test Used,Data Dep,Legacy,Deletion Risk,Recommendation
1,.env,CONFIGURATION,181,Critical environment configuration (.env),243,True,False,False,False,🔴 DELETE = HIGH RISK,KEEP
2,.env.example,OTHER,119,,1,False,False,False,False,🟡 DELETE = LOW RISK,ARCHIVE
3,areas.json,OTHER,8813,,0,False,False,False,False,🟡 DELETE = LOW RISK,ARCHIVE
4,docker-compose.yml,OTHER,437,,1,False,False,False,False,🟡 DELETE = LOW RISK,ARCHIVE
5,Dockerfile,CONFIGURATION,285,Critical environment configuration (Dockerfile),3,True,False,False,False,🔴 DELETE = HIGH RISK,KEEP
6,README.md,OTHER,1042,,0,False,False,False,False,🟡 DELETE = LOW RISK,ARCHIVE
7,requirements.txt,CONFIGURATION,190,Critical environment configuration (requirements.txt),3,True,False,False,False,🔴 DELETE = HIGH RISK,KEEP
8,stage24_5_backend_audit.json,OTHER,1419,,3,False,False,False,False,🟡 DELETE = LOW RISK,ARCHIVE
9,temp.py,OTHER,386,,0,False,False,False,False,🟡 DELETE = LOW RISK,ARCHIVE
10,app/api/main.py,PRODUCTION_SOURCE,2885,Core backend production module (app/api/main.py),6,True,False,False,False,🔴 DELETE = HIGH RISK,KEEP
11,app/api/routes.py,PRODUCTION_SOURCE,14470,Core backend production module (app/api/routes.py),6,True,False,False,False,🔴 DELETE = HIGH RISK,KEEP
12,app/api/search_routes.py,PRODUCTION_SOURCE,1124,Core backend production module (app/api/search_routes.py),0,True,False,False,False,🔴 DELETE = HIGH RISK,KEEP
13,app/api/v1/debug_routes.py,PRODUCTION_SOURCE,1459,Core backend production module (app/api/v1/debug_routes.py),0,True,False,False,False,🔴 DELETE = HIGH RISK,KEEP
14,app/api/v1/hotel_routes.py,PRODUCTION_SOURCE,3881,Core backend production module (app/api/v1/hotel_routes.py),0,True,False,False,False,🔴 DELETE = HIGH RISK,KEEP
15,app/api/v1/recommend_routes.py,PRODUCTION_SOURCE,1438,Core backend production module (app/api/v1/recommend_routes.py),0,True,False,False,False,🔴 DELETE = HIGH RISK,KEEP
16,app/api/v1/search_routes.py,PRODUCTION_SOURCE,617,Core backend production module (app/api/v1/search_routes.py),0,True,False,False,False,🔴 DELETE = HIGH RISK,KEEP
17,app/api/v1/system_routes.py,PRODUCTION_SOURCE,1670,Core backend production module (app/api/v1/system_routes.py),0,True,False,False,False,🔴 DELETE = HIGH RISK,KEEP
18,app/config/config.py,PRODUCTION_SOURCE,1922,Core backend production module (app/config/config.py),5,True,False,False,False,🔴 DELETE = HIGH RISK,KEEP
19,app/domain/models.py,PRODUCTION_SOURCE,3226,Core backend production module (app/domain/models.py),3,True,False,False,False,🔴 DELETE = HIGH RISK,KEEP
20,app/repositories/base.py,PRODUCTION_SOURCE,2121,Core backend production module (app/repositories/base.py),2,True,False,False,False,🔴 DELETE = HIGH RISK,KEEP
21,app/repositories/db_schema.py,PRODUCTION_SOURCE,8333,Core backend production module (app/repositories/db_schema.py),3,True,False,False,False,🔴 DELETE = HIGH RISK,KEEP
22,app/repositories/embedding_repository.py,PRODUCTION_SOURCE,1334,Core backend production module (app/repositories/embedding_repository.py),2,True,False,False,False,🔴 DELETE = HIGH RISK,KEEP
23,app/repositories/factory.py,PRODUCTION_SOURCE,1587,Core backend production module (app/repositories/factory.py),3,True,False,False,False,🔴 DELETE = HIGH RISK,KEEP
24,app/repositories/hotel_repository.py,PRODUCTION_SOURCE,10183,Core backend production module (app/repositories/hotel_repository.py),2,True,False,False,False,🔴 DELETE = HIGH RISK,KEEP
25,app/repositories/pgvector_embedding_repository.py,PRODUCTION_SOURCE,5732,Core backend production module (app/repositories/pgvector_embedding_repository.py),2,True,False,False,False,🔴 DELETE = HIGH RISK,KEEP
26,app/repositories/postgres_hotel_repository.py,PRODUCTION_SOURCE,11009,Core backend production module (app/repositories/postgres_hotel_repository.py),2,True,False,False,False,🔴 DELETE = HIGH RISK,KEEP
27,app/repositories/postgres_trace_repository.py,PRODUCTION_SOURCE,2827,Core backend production module (app/repositories/postgres_trace_repository.py),0,True,False,False,False,🔴 DELETE = HIGH RISK,KEEP
28,app/repositories/trace_repository.py,PRODUCTION_SOURCE,3314,Core backend production module (app/repositories/trace_repository.py),0,True,False,False,False,🔴 DELETE = HIGH RISK,KEEP
29,app/repositories/__init__.py,PRODUCTION_SOURCE,562,Core backend production module (app/repositories/__init__.py),0,True,False,False,False,🔴 DELETE = HIGH RISK,KEEP
30,app/schemas/domain_models.py,PRODUCTION_SOURCE,353,Core backend production module (app/schemas/domain_models.py),0,True,False,False,False,🔴 DELETE = HIGH RISK,KEEP
31,app/schemas/response_models.py,PRODUCTION_SOURCE,3642,Core backend production module (app/schemas/response_models.py),3,True,False,False,False,🔴 DELETE = HIGH RISK,KEEP
32,app/services/cache_service.py,PRODUCTION_SOURCE,1110,Core backend production module (app/services/cache_service.py),6,True,False,False,False,🔴 DELETE = HIGH RISK,KEEP
33,app/services/citation_injector.py,PRODUCTION_SOURCE,1449,Core backend production module (app/services/citation_injector.py),2,True,False,False,False,🔴 DELETE = HIGH RISK,KEEP
34,app/services/context_compressor.py,PRODUCTION_SOURCE,1797,Core backend production module (app/services/context_compressor.py),2,True,False,False,False,🔴 DELETE = HIGH RISK,KEEP
35,app/services/data_integrity_service.py,PRODUCTION_SOURCE,3944,Core backend production module (app/services/data_integrity_service.py),0,True,False,False,False,🔴 DELETE = HIGH RISK,KEEP
36,app/services/debug_service.py,PRODUCTION_SOURCE,5741,Core backend production module (app/services/debug_service.py),0,True,False,False,False,🔴 DELETE = HIGH RISK,KEEP
37,app/services/grounding_validator.py,PRODUCTION_SOURCE,1496,Core backend production module (app/services/grounding_validator.py),7,True,False,False,False,🔴 DELETE = HIGH RISK,KEEP
38,app/services/hotel_service.py,PRODUCTION_SOURCE,5896,Core backend production module (app/services/hotel_service.py),0,True,False,False,False,🔴 DELETE = HIGH RISK,KEEP
39,app/services/llm_service.py,PRODUCTION_SOURCE,2590,Core backend production module (app/services/llm_service.py),4,True,False,False,False,🔴 DELETE = HIGH RISK,KEEP
40,app/services/prompt_orchestrator.py,PRODUCTION_SOURCE,3135,Core backend production module (app/services/prompt_orchestrator.py),2,True,False,False,False,🔴 DELETE = HIGH RISK,KEEP
41,app/services/recommendation_service.py,PRODUCTION_SOURCE,100150,Core backend production module (app/services/recommendation_service.py),9,True,False,False,False,🔴 DELETE = HIGH RISK,KEEP
42,app/services/search_service.py,PRODUCTION_SOURCE,2559,Core backend production module (app/services/search_service.py),0,True,False,False,False,🔴 DELETE = HIGH RISK,KEEP
43,app/utils/search_utils.py,PRODUCTION_SOURCE,4339,Core backend production module (app/utils/search_utils.py),0,True,False,False,False,🔴 DELETE = HIGH RISK,KEEP
44,architecture_and_system_docs/api_contract.md,DOCUMENTATION,2863,System architecture & evaluation documentation (architecture_and_system_docs/api_contract.md),4,False,False,False,False,🟢 DELETE = SAFE / NO RUNTIME IMPACT,ARCHIVE
45,architecture_and_system_docs/architecture_overview.md,DOCUMENTATION,1104,System architecture & evaluation documentation (architecture_and_system_docs/architecture_overview.md),1,False,False,False,False,🟢 DELETE = SAFE / NO RUNTIME IMPACT,ARCHIVE
46,architecture_and_system_docs/data_flow.md,DOCUMENTATION,986,System architecture & evaluation documentation (architecture_and_system_docs/data_flow.md),1,False,False,False,False,🟢 DELETE = SAFE / NO RUNTIME IMPACT,ARCHIVE
47,architecture_and_system_docs/reproducibility_manifest.md,DOCUMENTATION,830,System architecture & evaluation documentation (architecture_and_system_docs/reproducibility_manifest.md),1,False,False,False,False,🟢 DELETE = SAFE / NO RUNTIME IMPACT,ARCHIVE
48,architecture_and_system_docs/stage23/before_hashes.json,DOCUMENTATION,1229,System architecture & evaluation documentation (architecture_and_system_docs/stage23/before_hashes.json),0,False,False,False,False,🟢 DELETE = SAFE / NO RUNTIME IMPACT,ARCHIVE
49,architecture_and_system_docs/stage23/data_integrity_baseline.json,DOCUMENTATION,2492,System architecture & evaluation documentation (architecture_and_system_docs/stage23/data_integrity_baseline.json),1,False,False,False,False,🟢 DELETE = SAFE / NO RUNTIME IMPACT,ARCHIVE
50,architecture_and_system_docs/stage23/STAGE23.1_BACKEND_AUDIT_REPORT.md,DOCUMENTATION,12017,System architecture & evaluation documentation (architecture_and_system_docs/stage23/STAGE23.1_BACKEND_AUDIT_REPORT.md),1,False,False,False,False,🟢 DELETE = SAFE / NO RUNTIME IMPACT,ARCHIVE
51,architecture_and_system_docs/stage23/stage23_1_audit_raw.json,DOCUMENTATION,22320,System architecture & evaluation documentation (architecture_and_system_docs/stage23/stage23_1_audit_raw.json),2,False,False,False,False,🟢 DELETE = SAFE / NO RUNTIME IMPACT,ARCHIVE
52,architecture_and_system_docs/stage24/STAGE24.1_MANUAL_BACKEND_VERIFICATION_REPORT.md,DOCUMENTATION,10443,System architecture & evaluation documentation (architecture_and_system_docs/stage24/STAGE24.1_MANUAL_BACKEND_VERIFICATION_REPORT.md),1,False,False,False,False,🟢 DELETE = SAFE / NO RUNTIME IMPACT,ARCHIVE
53,architecture_and_system_docs/stage24/STAGE24.3_DATABASE_INSPECTION_REPORT.md,DOCUMENTATION,8213,System architecture & evaluation documentation (architecture_and_system_docs/stage24/STAGE24.3_DATABASE_INSPECTION_REPORT.md),2,False,False,False,False,🟢 DELETE = SAFE / NO RUNTIME IMPACT,ARCHIVE
54,architecture_and_system_docs/stage24/STAGE24.4_REAL_POSTGRESQL_DEPLOYMENT_REPORT.md,DOCUMENTATION,5561,System architecture & evaluation documentation (architecture_and_system_docs/stage24/STAGE24.4_REAL_POSTGRESQL_DEPLOYMENT_REPORT.md),1,False,False,False,False,🟢 DELETE = SAFE / NO RUNTIME IMPACT,ARCHIVE
55,architecture_and_system_docs/stage24/STAGE24.5_COMPLETE_BACKEND_FORENSIC_VERIFICATION_REPORT.md,DOCUMENTATION,5952,System architecture & evaluation documentation (architecture_and_system_docs/stage24/STAGE24.5_COMPLETE_BACKEND_FORENSIC_VERIFICATION_REPORT.md),1,False,False,False,False,🟢 DELETE = SAFE / NO RUNTIME IMPACT,ARCHIVE
56,architecture_and_system_docs/stage24/stage24_1_verification_raw.json,DOCUMENTATION,6589,System architecture & evaluation documentation (architecture_and_system_docs/stage24/stage24_1_verification_raw.json),2,False,False,False,False,🟢 DELETE = SAFE / NO RUNTIME IMPACT,ARCHIVE
57,architecture_and_system_docs/stage24/stage24_3_inspection_raw.json,DOCUMENTATION,19804,System architecture & evaluation documentation (architecture_and_system_docs/stage24/stage24_3_inspection_raw.json),2,False,False,False,False,🟢 DELETE = SAFE / NO RUNTIME IMPACT,ARCHIVE
58,architecture_and_system_docs/stage24/stage24_4_phase14_17_raw.json,DOCUMENTATION,190,System architecture & evaluation documentation (architecture_and_system_docs/stage24/stage24_4_phase14_17_raw.json),1,False,False,False,False,🟢 DELETE = SAFE / NO RUNTIME IMPACT,ARCHIVE
59,architecture_and_system_docs/stage24/stage24_4_pipeline_raw.json,DOCUMENTATION,1320,System architecture & evaluation documentation (architecture_and_system_docs/stage24/stage24_4_pipeline_raw.json),1,False,False,False,False,🟢 DELETE = SAFE / NO RUNTIME IMPACT,ARCHIVE
60,architecture_and_system_docs/stage24/STAGE24_ARCHITECTURE.md,DOCUMENTATION,3255,System architecture & evaluation documentation (architecture_and_system_docs/stage24/STAGE24_ARCHITECTURE.md),0,False,False,False,False,🟢 DELETE = SAFE / NO RUNTIME IMPACT,ARCHIVE
61,architecture_and_system_docs/stage24/stage24_baseline_manifest.json,DOCUMENTATION,1625,System architecture & evaluation documentation (architecture_and_system_docs/stage24/stage24_baseline_manifest.json),0,False,False,False,False,🟢 DELETE = SAFE / NO RUNTIME IMPACT,ARCHIVE
62,architecture_and_system_docs/stage24/STAGE24_DATABASE_SCHEMA.md,DOCUMENTATION,3984,System architecture & evaluation documentation (architecture_and_system_docs/stage24/STAGE24_DATABASE_SCHEMA.md),0,False,False,False,False,🟢 DELETE = SAFE / NO RUNTIME IMPACT,ARCHIVE
63,architecture_and_system_docs/stage24/STAGE24_DATA_INTEGRITY_REPORT.md,DOCUMENTATION,1316,System architecture & evaluation documentation (architecture_and_system_docs/stage24/STAGE24_DATA_INTEGRITY_REPORT.md),0,False,False,False,False,🟢 DELETE = SAFE / NO RUNTIME IMPACT,ARCHIVE
64,architecture_and_system_docs/stage24/STAGE24_FORENSIC_RECONCILIATION_REPORT.md,DOCUMENTATION,9307,System architecture & evaluation documentation (architecture_and_system_docs/stage24/STAGE24_FORENSIC_RECONCILIATION_REPORT.md),0,False,False,False,False,🟢 DELETE = SAFE / NO RUNTIME IMPACT,ARCHIVE
65,architecture_and_system_docs/stage24/STAGE24_PARITY_REPORT.md,DOCUMENTATION,3689,System architecture & evaluation documentation (architecture_and_system_docs/stage24/STAGE24_PARITY_REPORT.md),1,False,False,False,False,🟢 DELETE = SAFE / NO RUNTIME IMPACT,ARCHIVE
66,architecture_and_system_docs/stage24/STAGE24_RUNBOOK.md,DOCUMENTATION,1593,System architecture & evaluation documentation (architecture_and_system_docs/stage24/STAGE24_RUNBOOK.md),0,False,False,False,False,🟢 DELETE = SAFE / NO RUNTIME IMPACT,ARCHIVE
67,architecture_and_system_docs/stage24.2/chroma_vector_manifest.json,DOCUMENTATION,2908154,System architecture & evaluation documentation (architecture_and_system_docs/stage24.2/chroma_vector_manifest.json),0,False,False,False,False,🟢 DELETE = SAFE / NO RUNTIME IMPACT,ARCHIVE
68,architecture_and_system_docs/stage24.2/dual_backend_rag_comparison.json,DOCUMENTATION,5664,System architecture & evaluation documentation (architecture_and_system_docs/stage24.2/dual_backend_rag_comparison.json),2,False,False,False,False,🟢 DELETE = SAFE / NO RUNTIME IMPACT,ARCHIVE
69,architecture_and_system_docs/stage24.2/STAGE24.2_PGVECTOR_BACKFILL_REPORT.md,DOCUMENTATION,4183,System architecture & evaluation documentation (architecture_and_system_docs/stage24.2/STAGE24.2_PGVECTOR_BACKFILL_REPORT.md),0,False,False,False,False,🟢 DELETE = SAFE / NO RUNTIME IMPACT,ARCHIVE
70,data/bootstrap_stage24.db,DATASET_STORAGE,126976,Data storage or dataset (data/bootstrap_stage24.db),4,False,False,True,True,⚪ KEEP — DATA / REFERENCE,KEEP
71,data/bootstrap_test_idempotency.db,DATASET_STORAGE,78798848,Data storage or dataset (data/bootstrap_test_idempotency.db),16,False,False,True,True,⚪ KEEP — DATA / REFERENCE,KEEP
72,data/test_disposable_realtime.db,DATASET_STORAGE,126976,Data storage or dataset (data/test_disposable_realtime.db),3,False,False,True,True,⚪ KEEP — DATA / REFERENCE,KEEP
73,data/exports/batch_debug_results.json,DATASET_STORAGE,2574470,Data storage or dataset (data/exports/batch_debug_results.json),9,False,False,True,False,⚪ KEEP — DATA / REFERENCE,KEEP
74,data/exports/final_dataset_schema.csv,DATASET_STORAGE,847,Data storage or dataset (data/exports/final_dataset_schema.csv),3,False,False,True,False,⚪ KEEP — DATA / REFERENCE,KEEP
75,data/exports/final_hotel_dataset.csv,DATASET_STORAGE,648896,Data storage or dataset (data/exports/final_hotel_dataset.csv),49,False,False,True,False,⚪ KEEP — DATA / REFERENCE,KEEP
76,data/models/baseline/.gitkeep,DATASET_STORAGE,14,Data storage or dataset (data/models/baseline/.gitkeep),0,False,False,True,False,⚪ KEEP — DATA / REFERENCE,KEEP
77,data/models/baseline/model.pkl,DATASET_STORAGE,592566,Data storage or dataset (data/models/baseline/model.pkl),10,False,False,True,False,⚪ KEEP — DATA / REFERENCE,KEEP
78,data/models/collaborative/.gitkeep,DATASET_STORAGE,14,Data storage or dataset (data/models/collaborative/.gitkeep),0,False,False,True,False,⚪ KEEP — DATA / REFERENCE,KEEP
79,data/models/collaborative/model.pkl,DATASET_STORAGE,246493,Data storage or dataset (data/models/collaborative/model.pkl),10,False,False,True,False,⚪ KEEP — DATA / REFERENCE,KEEP
80,data/models/content_based/.gitkeep,DATASET_STORAGE,14,Data storage or dataset (data/models/content_based/.gitkeep),0,False,False,True,False,⚪ KEEP — DATA / REFERENCE,KEEP
81,data/models/content_based/model.pkl,DATASET_STORAGE,7026013,Data storage or dataset (data/models/content_based/model.pkl),10,False,False,True,False,⚪ KEEP — DATA / REFERENCE,KEEP
82,data/models/hybrid/.gitkeep,DATASET_STORAGE,14,Data storage or dataset (data/models/hybrid/.gitkeep),0,False,False,True,False,⚪ KEEP — DATA / REFERENCE,KEEP
83,data/models/hybrid/model.pkl,DATASET_STORAGE,7273177,Data storage or dataset (data/models/hybrid/model.pkl),10,False,False,True,False,⚪ KEEP — DATA / REFERENCE,KEEP
84,data/processed/cleaned/delhi_hotels_cleaned.csv,DATASET_STORAGE,345947,Data storage or dataset (data/processed/cleaned/delhi_hotels_cleaned.csv),11,False,False,True,False,⚪ KEEP — DATA / REFERENCE,KEEP
85,data/processed/cleaned/reviews_cleaned.csv,DATASET_STORAGE,4036956,Data storage or dataset (data/processed/cleaned/reviews_cleaned.csv),11,False,False,True,False,⚪ KEEP — DATA / REFERENCE,KEEP
86,data/processed/features/explainability_features.csv,DATASET_STORAGE,172731,Data storage or dataset (data/processed/features/explainability_features.csv),6,False,False,True,False,⚪ KEEP — DATA / REFERENCE,KEEP
87,data/processed/features/hotel_features.csv,DATASET_STORAGE,223157,Data storage or dataset (data/processed/features/hotel_features.csv),10,False,False,True,False,⚪ KEEP — DATA / REFERENCE,KEEP
88,data/processed/features/hotel_review_summary.csv,DATASET_STORAGE,94901,Data storage or dataset (data/processed/features/hotel_review_summary.csv),9,False,False,True,False,⚪ KEEP — DATA / REFERENCE,KEEP
89,data/processed/features/review_features.csv,DATASET_STORAGE,4418503,Data storage or dataset (data/processed/features/review_features.csv),11,False,False,True,False,⚪ KEEP — DATA / REFERENCE,KEEP
90,data/rag/ChIJ--FGZrMZDTkRnNnjWOLxdmI.json,DATASET_STORAGE,2005,Data storage or dataset (data/rag/ChIJ--FGZrMZDTkRnNnjWOLxdmI.json),0,False,False,True,False,⚪ KEEP — DATA / REFERENCE,KEEP
91,data/rag/ChIJ-5u-Vo0hDTkRbRiX9zTmtN8.json,DATASET_STORAGE,4425,Data storage or dataset (data/rag/ChIJ-5u-Vo0hDTkRbRiX9zTmtN8.json),0,False,False,True,False,⚪ KEEP — DATA / REFERENCE,KEEP
92,data/rag/ChIJ-c-55sofDTkRvmWM-SVTms4.json,DATASET_STORAGE,2399,Data storage or dataset (data/rag/ChIJ-c-55sofDTkRvmWM-SVTms4.json),0,False,False,True,False,⚪ KEEP — DATA / REFERENCE,KEEP
93,data/rag/ChIJ-cFw1QcDDTkRZHlhKN9WUNs.json,DATASET_STORAGE,3009,Data storage or dataset (data/rag/ChIJ-cFw1QcDDTkRZHlhKN9WUNs.json),0,False,False,True,False,⚪ KEEP — DATA / REFERENCE,KEEP
94,data/rag/ChIJ-d8FwZ4ZDTkRRzTD7epgUdw.json,DATASET_STORAGE,1808,Data storage or dataset (data/rag/ChIJ-d8FwZ4ZDTkRRzTD7epgUdw.json),0,False,False,True,False,⚪ KEEP — DATA / REFERENCE,KEEP
95,data/rag/ChIJ-Q4xA7DlDDkRKbmDpYkiiUA.json,DATASET_STORAGE,4387,Data storage or dataset (data/rag/ChIJ-Q4xA7DlDDkRKbmDpYkiiUA.json),0,False,False,True,False,⚪ KEEP — DATA / REFERENCE,KEEP
96,data/rag/ChIJ-SQyPM4_DTkR7vUfVVwEFyI.json,DATASET_STORAGE,2049,Data storage or dataset (data/rag/ChIJ-SQyPM4_DTkR7vUfVVwEFyI.json),0,False,False,True,False,⚪ KEEP — DATA / REFERENCE,KEEP
97,data/rag/ChIJ-Ty9tEz9DDkRxhAk4j8Iu8s.json,DATASET_STORAGE,1726,Data storage or dataset (data/rag/ChIJ-Ty9tEz9DDkRxhAk4j8Iu8s.json),0,False,False,True,False,⚪ KEEP — DATA / REFERENCE,KEEP
98,data/rag/ChIJ-UnEBH7jDDkRhJaGrJjZF4Y.json,DATASET_STORAGE,3521,Data storage or dataset (data/rag/ChIJ-UnEBH7jDDkRhJaGrJjZF4Y.json),0,False,False,True,False,⚪ KEEP — DATA / REFERENCE,KEEP
99,data/rag/ChIJ-V35ZQLkDDkRAN9EIFb6qLA.json,DATASET_STORAGE,2733,Data storage or dataset (data/rag/ChIJ-V35ZQLkDDkRAN9EIFb6qLA.json),0,False,False,True,False,⚪ KEEP — DATA / REFERENCE,KEEP
100,data/rag/ChIJ-VWydUYZDTkRCK1L0K_hslU.json,DATASET_STORAGE,1773,Data storage or dataset (data/rag/ChIJ-VWydUYZDTkRCK1L0K_hslU.json),0,False,False,True,False,⚪ KEEP — DATA / REFERENCE,KEEP
101,data/rag/ChIJ-wj47an9DDkRHSkcTjVxnn0.json,DATASET_STORAGE,1623,Data storage or dataset (data/rag/ChIJ-wj47an9DDkRHSkcTjVxnn0.json),0,False,False,True,False,⚪ KEEP — DATA / REFERENCE,KEEP
102,data/rag/ChIJ-XC0KyYBDTkRHfjsKAMwROE.json,DATASET_STORAGE,1649,Data storage or dataset (data/rag/ChIJ-XC0KyYBDTkRHfjsKAMwROE.json),0,False,False,True,False,⚪ KEEP — DATA / REFERENCE,KEEP
103,data/rag/ChIJ-XvcAPgdDTkRFvBaEfggBoE.json,DATASET_STORAGE,3141,Data storage or dataset (data/rag/ChIJ-XvcAPgdDTkRFvBaEfggBoE.json),0,False,False,True,False,⚪ KEEP — DATA / REFERENCE,KEEP
104,data/rag/ChIJ-yMuUIAZDTkRLIVVi0UXBZg.json,DATASET_STORAGE,3741,Data storage or dataset (data/rag/ChIJ-yMuUIAZDTkRLIVVi0UXBZg.json),0,False,False,True,False,⚪ KEEP — DATA / REFERENCE,KEEP
105,data/rag/ChIJ-yucsxU9DTkR6A2GPxzocoo.json,DATASET_STORAGE,6118,Data storage or dataset (data/rag/ChIJ-yucsxU9DTkR6A2GPxzocoo.json),0,False,False,True,False,⚪ KEEP — DATA / REFERENCE,KEEP
106,data/rag/ChIJ-yw3PGIbDTkRXAfYWuFspOY.json,DATASET_STORAGE,2217,Data storage or dataset (data/rag/ChIJ-yw3PGIbDTkRXAfYWuFspOY.json),0,False,False,True,False,⚪ KEEP — DATA / REFERENCE,KEEP
107,data/rag/ChIJ-_yRL8EZDTkRpKoCJVWyNKU.json,DATASET_STORAGE,3303,Data storage or dataset (data/rag/ChIJ-_yRL8EZDTkRpKoCJVWyNKU.json),0,False,False,True,False,⚪ KEEP — DATA / REFERENCE,KEEP
108,data/rag/ChIJ01RYkd0dDTkRcowtxjOpraI.json,DATASET_STORAGE,4699,Data storage or dataset (data/rag/ChIJ01RYkd0dDTkRcowtxjOpraI.json),0,False,False,True,False,⚪ KEEP — DATA / REFERENCE,KEEP
109,data/rag/ChIJ02Bkw2gYDTkRTp9KZwPMeG8.json,DATASET_STORAGE,2486,Data storage or dataset (data/rag/ChIJ02Bkw2gYDTkRTp9KZwPMeG8.json),0,False,False,True,False,⚪ KEEP — DATA / REFERENCE,KEEP
110,data/rag/ChIJ02qaT-P9DDkRmOF-ajKFnjk.json,DATASET_STORAGE,2720,Data storage or dataset (data/rag/ChIJ02qaT-P9DDkRmOF-ajKFnjk.json),0,False,False,True,False,⚪ KEEP — DATA / REFERENCE,KEEP
111,data/rag/ChIJ02TzQUn7DDkRNflvIGixm0c.json,DATASET_STORAGE,2097,Data storage or dataset (data/rag/ChIJ02TzQUn7DDkRNflvIGixm0c.json),0,False,False,True,False,⚪ KEEP — DATA / REFERENCE,KEEP
112,data/rag/ChIJ09kc2dgZDTkRR7K_tp-Fgco.json,DATASET_STORAGE,2846,Data storage or dataset (data/rag/ChIJ09kc2dgZDTkRR7K_tp-Fgco.json),0,False,False,True,False,⚪ KEEP — DATA / REFERENCE,KEEP
113,data/rag/ChIJ09LJrqwHDTkR6EUOtQ_cFqg.json,DATASET_STORAGE,1487,Data storage or dataset (data/rag/ChIJ09LJrqwHDTkR6EUOtQ_cFqg.json),0,False,False,True,False,⚪ KEEP — DATA / REFERENCE,KEEP
114,data/rag/ChIJ0bhXzyPnDDkRtIidxqRxIhM.json,DATASET_STORAGE,2057,Data storage or dataset (data/rag/ChIJ0bhXzyPnDDkRtIidxqRxIhM.json),0,False,False,True,False,⚪ KEEP — DATA / REFERENCE,KEEP
115,data/rag/ChIJ0ceq0e3nDDkRvQoyn2KosgA.json,DATASET_STORAGE,964,Data storage or dataset (data/rag/ChIJ0ceq0e3nDDkRvQoyn2KosgA.json),0,False,False,True,False,⚪ KEEP — DATA / REFERENCE,KEEP
116,data/rag/ChIJ0cF1deEPDTkRDLaGNJL-R4M.json,DATASET_STORAGE,995,Data storage or dataset (data/rag/ChIJ0cF1deEPDTkRDLaGNJL-R4M.json),0,False,False,True,False,⚪ KEEP — DATA / REFERENCE,KEEP
117,data/rag/ChIJ0cKCfqgXDTkRtG8R8lMZzME.json,DATASET_STORAGE,2971,Data storage or dataset (data/rag/ChIJ0cKCfqgXDTkRtG8R8lMZzME.json),0,False,False,True,False,⚪ KEEP — DATA / REFERENCE,KEEP
118,data/rag/ChIJ0fXfXH_7DDkREDM40klEACs.json,DATASET_STORAGE,1160,Data storage or dataset (data/rag/ChIJ0fXfXH_7DDkREDM40klEACs.json),0,False,False,True,False,⚪ KEEP — DATA / REFERENCE,KEEP
119,data/rag/ChIJ0QiWDhsVDTkRTsuxDtQTKxk.json,DATASET_STORAGE,2862,Data storage or dataset (data/rag/ChIJ0QiWDhsVDTkRTsuxDtQTKxk.json),0,False,False,True,False,⚪ KEEP — DATA / REFERENCE,KEEP
120,data/rag/ChIJ0Rj-PycFDTkRFINOVE9Kols.json,DATASET_STORAGE,1874,Data storage or dataset (data/rag/ChIJ0Rj-PycFDTkRFINOVE9Kols.json),0,False,False,True,False,⚪ KEEP — DATA / REFERENCE,KEEP
121,data/rag/ChIJ0SRAJy7jDDkRFajeIphw03w.json,DATASET_STORAGE,3582,Data storage or dataset (data/rag/ChIJ0SRAJy7jDDkRFajeIphw03w.json),0,False,False,True,False,⚪ KEEP — DATA / REFERENCE,KEEP
122,data/rag/ChIJ0yLaR0H9DDkR4ItbT8FxMO8.json,DATASET_STORAGE,3115,Data storage or dataset (data/rag/ChIJ0yLaR0H9DDkR4ItbT8FxMO8.json),0,False,False,True,False,⚪ KEEP — DATA / REFERENCE,KEEP
123,data/rag/ChIJ0YSsSrcdDTkRPyej8NVwQ3E.json,DATASET_STORAGE,2583,Data storage or dataset (data/rag/ChIJ0YSsSrcdDTkRPyej8NVwQ3E.json),0,False,False,True,False,⚪ KEEP — DATA / REFERENCE,KEEP
124,data/rag/ChIJ0Y_ckAb_DDkRb_zWS8vZuMs.json,DATASET_STORAGE,1079,Data storage or dataset (data/rag/ChIJ0Y_ckAb_DDkRb_zWS8vZuMs.json),0,False,False,True,False,⚪ KEEP — DATA / REFERENCE,KEEP
125,data/rag/ChIJ0_gWbwAZDTkR_RpnbSXlPFY.json,DATASET_STORAGE,2394,Data storage or dataset (data/rag/ChIJ0_gWbwAZDTkR_RpnbSXlPFY.json),0,False,False,True,False,⚪ KEEP — DATA / REFERENCE,KEEP
126,data/rag/ChIJ0_UDiGcBDTkRZ9S_7mx5PVs.json,DATASET_STORAGE,970,Data storage or dataset (data/rag/ChIJ0_UDiGcBDTkRZ9S_7mx5PVs.json),0,False,False,True,False,⚪ KEEP — DATA / REFERENCE,KEEP
127,data/rag/ChIJ0_y8CMkaDTkRQfaV0zBk2QE.json,DATASET_STORAGE,2381,Data storage or dataset (data/rag/ChIJ0_y8CMkaDTkRQfaV0zBk2QE.json),0,False,False,True,False,⚪ KEEP — DATA / REFERENCE,KEEP
128,data/rag/ChIJ10WgN8X_DDkRgi_2slwPS18.json,DATASET_STORAGE,1365,Data storage or dataset (data/rag/ChIJ10WgN8X_DDkRgi_2slwPS18.json),0,False,False,True,False,⚪ KEEP — DATA / REFERENCE,KEEP
129,data/rag/ChIJ10WSvbAbDTkR8nRvr9xv9cE.json,DATASET_STORAGE,1495,Data storage or dataset (data/rag/ChIJ10WSvbAbDTkR8nRvr9xv9cE.json),0,False,False,True,False,⚪ KEEP — DATA / REFERENCE,KEEP
130,data/rag/ChIJ13hb8gyrDTkRwoJ7oZSQY5g.json,DATASET_STORAGE,3973,Data storage or dataset (data/rag/ChIJ13hb8gyrDTkRwoJ7oZSQY5g.json),0,False,False,True,False,⚪ KEEP — DATA / REFERENCE,KEEP
131,data/rag/ChIJ13o6losfDTkR7ugYxJNGxvo.json,DATASET_STORAGE,4424,Data storage or dataset (data/rag/ChIJ13o6losfDTkR7ugYxJNGxvo.json),0,False,False,True,False,⚪ KEEP — DATA / REFERENCE,KEEP
132,data/rag/ChIJ13uwGBMBDTkREGuDRst9C8s.json,DATASET_STORAGE,3934,Data storage or dataset (data/rag/ChIJ13uwGBMBDTkREGuDRst9C8s.json),0,False,False,True,False,⚪ KEEP — DATA / REFERENCE,KEEP
133,data/rag/ChIJ148ArrIHDTkRLtH_2Sfx9TM.json,DATASET_STORAGE,2323,Data storage or dataset (data/rag/ChIJ148ArrIHDTkRLtH_2Sfx9TM.json),0,False,False,True,False,⚪ KEEP — DATA / REFERENCE,KEEP
134,data/rag/ChIJ14Hw8TkBDTkRkLqc_kOi0fY.json,DATASET_STORAGE,2862,Data storage or dataset (data/rag/ChIJ14Hw8TkBDTkRkLqc_kOi0fY.json),0,False,False,True,False,⚪ KEEP — DATA / REFERENCE,KEEP
135,data/rag/ChIJ14q4-0D9DDkReBdC7Lapp0A.json,DATASET_STORAGE,2415,Data storage or dataset (data/rag/ChIJ14q4-0D9DDkReBdC7Lapp0A.json),0,False,False,True,False,⚪ KEEP — DATA / REFERENCE,KEEP
136,data/rag/ChIJ17YA13zcDDkRo3GFvGnqcYw.json,DATASET_STORAGE,2762,Data storage or dataset (data/rag/ChIJ17YA13zcDDkRo3GFvGnqcYw.json),0,False,False,True,False,⚪ KEEP — DATA / REFERENCE,KEEP
137,data/rag/ChIJ1bSHNgLjDDkR4txUN5dzXiM.json,DATASET_STORAGE,1519,Data storage or dataset (data/rag/ChIJ1bSHNgLjDDkR4txUN5dzXiM.json),0,False,False,True,False,⚪ KEEP — DATA / REFERENCE,KEEP
138,data/rag/ChIJ1cHW68oFDTkREy5Oee6PIYA.json,DATASET_STORAGE,1564,Data storage or dataset (data/rag/ChIJ1cHW68oFDTkREy5Oee6PIYA.json),0,False,False,True,False,⚪ KEEP — DATA / REFERENCE,KEEP
139,data/rag/ChIJ1d-ok2QBDTkRPEamr4ALHlY.json,DATASET_STORAGE,1837,Data storage or dataset (data/rag/ChIJ1d-ok2QBDTkRPEamr4ALHlY.json),0,False,False,True,False,⚪ KEEP — DATA / REFERENCE,KEEP
140,data/rag/ChIJ1dTzbUD9DDkRixPcd_ToHAc.json,DATASET_STORAGE,1421,Data storage or dataset (data/rag/ChIJ1dTzbUD9DDkRixPcd_ToHAc.json),0,False,False,True,False,⚪ KEEP — DATA / REFERENCE,KEEP
141,data/rag/ChIJ1eAJv3EBDTkRh-_kWmP5-nE.json,DATASET_STORAGE,1882,Data storage or dataset (data/rag/ChIJ1eAJv3EBDTkRh-_kWmP5-nE.json),0,False,False,True,False,⚪ KEEP — DATA / REFERENCE,KEEP
142,data/rag/ChIJ1QGaMpkCDTkRKj4GIDBC48o.json,DATASET_STORAGE,2250,Data storage or dataset (data/rag/ChIJ1QGaMpkCDTkRKj4GIDBC48o.json),0,False,False,True,False,⚪ KEEP — DATA / REFERENCE,KEEP
143,data/rag/ChIJ1QmSeSYJDTkRiOphuniTwKA.json,DATASET_STORAGE,1495,Data storage or dataset (data/rag/ChIJ1QmSeSYJDTkRiOphuniTwKA.json),0,False,False,True,False,⚪ KEEP — DATA / REFERENCE,KEEP
144,data/rag/ChIJ1Qnx2DA9DTkRdqk9S2x5zI0.json,DATASET_STORAGE,1679,Data storage or dataset (data/rag/ChIJ1Qnx2DA9DTkRdqk9S2x5zI0.json),0,False,False,True,False,⚪ KEEP — DATA / REFERENCE,KEEP
145,data/rag/ChIJ1SaUP0obDTkRbBiVtIz-s3A.json,DATASET_STORAGE,4944,Data storage or dataset (data/rag/ChIJ1SaUP0obDTkRbBiVtIz-s3A.json),0,False,False,True,False,⚪ KEEP — DATA / REFERENCE,KEEP
146,data/rag/ChIJ1xMztXH9DDkRrZ5RpRJu8zI.json,DATASET_STORAGE,3044,Data storage or dataset (data/rag/ChIJ1xMztXH9DDkRrZ5RpRJu8zI.json),0,False,False,True,False,⚪ KEEP — DATA / REFERENCE,KEEP
147,data/rag/ChIJ1xyjNmH5DDkR74Qi8mkqu6Q.json,DATASET_STORAGE,1483,Data storage or dataset (data/rag/ChIJ1xyjNmH5DDkR74Qi8mkqu6Q.json),0,False,False,True,False,⚪ KEEP — DATA / REFERENCE,KEEP
148,data/rag/ChIJ1ykaSU0HDTkRaPYUsd4IX1w.json,DATASET_STORAGE,1163,Data storage or dataset (data/rag/ChIJ1ykaSU0HDTkRaPYUsd4IX1w.json),0,False,False,True,False,⚪ KEEP — DATA / REFERENCE,KEEP
149,data/rag/ChIJ1ywK05AZDTkRdgEqHoRr7Qc.json,DATASET_STORAGE,3038,Data storage or dataset (data/rag/ChIJ1ywK05AZDTkRdgEqHoRr7Qc.json),0,False,False,True,False,⚪ KEEP — DATA / REFERENCE,KEEP
150,data/rag/ChIJ2-xcczADDTkR_bBvOkfwe2M.json,DATASET_STORAGE,3553,Data storage or dataset (data/rag/ChIJ2-xcczADDTkR_bBvOkfwe2M.json),0,False,False,True,False,⚪ KEEP — DATA / REFERENCE,KEEP
151,data/rag/ChIJ22pMGCUbDTkRB0hRdA_VG8k.json,DATASET_STORAGE,3123,Data storage or dataset (data/rag/ChIJ22pMGCUbDTkRB0hRdA_VG8k.json),0,False,False,True,False,⚪ KEEP — DATA / REFERENCE,KEEP
152,data/rag/ChIJ23KVO4gZDTkR8kPIdIcogHg.json,DATASET_STORAGE,2727,Data storage or dataset (data/rag/ChIJ23KVO4gZDTkR8kPIdIcogHg.json),0,False,False,True,False,⚪ KEEP — DATA / REFERENCE,KEEP
153,data/rag/ChIJ24_GvcapDTkR2ADVFniKmic.json,DATASET_STORAGE,937,Data storage or dataset (data/rag/ChIJ24_GvcapDTkR2ADVFniKmic.json),0,False,False,True,False,⚪ KEEP — DATA / REFERENCE,KEEP
154,data/rag/ChIJ27PwpZ0EDTkRwIoF5IlHPDI.json,DATASET_STORAGE,1448,Data storage or dataset (data/rag/ChIJ27PwpZ0EDTkRwIoF5IlHPDI.json),0,False,False,True,False,⚪ KEEP — DATA / REFERENCE,KEEP
155,data/rag/ChIJ27TmZdrjDDkR0csS3EblZWw.json,DATASET_STORAGE,2338,Data storage or dataset (data/rag/ChIJ27TmZdrjDDkR0csS3EblZWw.json),0,False,False,True,False,⚪ KEEP — DATA / REFERENCE,KEEP
156,data/rag/ChIJ28LE6QX5DDkRdi9KWWQZLDw.json,DATASET_STORAGE,2194,Data storage or dataset (data/rag/ChIJ28LE6QX5DDkRdi9KWWQZLDw.json),0,False,False,True,False,⚪ KEEP — DATA / REFERENCE,KEEP
157,data/rag/ChIJ29BUF9oDDTkR6mXGVvaeoQs.json,DATASET_STORAGE,1048,Data storage or dataset (data/rag/ChIJ29BUF9oDDTkR6mXGVvaeoQs.json),0,False,False,True,False,⚪ KEEP — DATA / REFERENCE,KEEP
158,data/rag/ChIJ2am72v89DTkROMLW-jN2w0w.json,DATASET_STORAGE,2222,Data storage or dataset (data/rag/ChIJ2am72v89DTkROMLW-jN2w0w.json),0,False,False,True,False,⚪ KEEP — DATA / REFERENCE,KEEP
159,data/rag/ChIJ2bwVBgAZDTkRah_u1EhEw20.json,DATASET_STORAGE,1401,Data storage or dataset (data/rag/ChIJ2bwVBgAZDTkRah_u1EhEw20.json),0,False,False,True,False,⚪ KEEP — DATA / REFERENCE,KEEP
160,data/rag/ChIJ2ewIwZTdDDkROBzUNEliaAg.json,DATASET_STORAGE,3183,Data storage or dataset (data/rag/ChIJ2ewIwZTdDDkROBzUNEliaAg.json),0,False,False,True,False,⚪ KEEP — DATA / REFERENCE,KEEP
161,data/rag/ChIJ2QB-FpgEDTkRjMmKF58N8H0.json,DATASET_STORAGE,2776,Data storage or dataset (data/rag/ChIJ2QB-FpgEDTkRjMmKF58N8H0.json),0,False,False,True,False,⚪ KEEP — DATA / REFERENCE,KEEP
162,data/rag/ChIJ2QQhr8QaDTkRMce_qfoaI-A.json,DATASET_STORAGE,2133,Data storage or dataset (data/rag/ChIJ2QQhr8QaDTkRMce_qfoaI-A.json),0,False,False,True,False,⚪ KEEP — DATA / REFERENCE,KEEP
163,data/rag/ChIJ2Q_vUgAhDTkRG9JSfed_m9U.json,DATASET_STORAGE,2957,Data storage or dataset (data/rag/ChIJ2Q_vUgAhDTkRG9JSfed_m9U.json),0,False,False,True,False,⚪ KEEP — DATA / REFERENCE,KEEP
164,data/rag/ChIJ2Se7D0AZDTkRswVVBRehoeE.json,DATASET_STORAGE,2594,Data storage or dataset (data/rag/ChIJ2Se7D0AZDTkRswVVBRehoeE.json),0,False,False,True,False,⚪ KEEP — DATA / REFERENCE,KEEP
165,data/rag/ChIJ2TtPSgAZDTkR0nVA4pUDCkw.json,DATASET_STORAGE,2401,Data storage or dataset (data/rag/ChIJ2TtPSgAZDTkR0nVA4pUDCkw.json),0,False,False,True,False,⚪ KEEP — DATA / REFERENCE,KEEP
166,data/rag/ChIJ2UWUkp4HDTkRBo8KrLlPKjU.json,DATASET_STORAGE,2602,Data storage or dataset (data/rag/ChIJ2UWUkp4HDTkRBo8KrLlPKjU.json),0,False,False,True,False,⚪ KEEP — DATA / REFERENCE,KEEP
167,data/rag/ChIJ2YQPmRgFDTkRpjzhL5Eas-U.json,DATASET_STORAGE,6132,Data storage or dataset (data/rag/ChIJ2YQPmRgFDTkRpjzhL5Eas-U.json),0,False,False,True,False,⚪ KEEP — DATA / REFERENCE,KEEP
168,data/rag/ChIJ2zl8jRQbDTkRv1tqCweBkZY.json,DATASET_STORAGE,2341,Data storage or dataset (data/rag/ChIJ2zl8jRQbDTkRv1tqCweBkZY.json),0,False,False,True,False,⚪ KEEP — DATA / REFERENCE,KEEP
169,data/rag/ChIJ3-PpEgYZDTkRA3FAMu-E6AI.json,DATASET_STORAGE,2169,Data storage or dataset (data/rag/ChIJ3-PpEgYZDTkRA3FAMu-E6AI.json),0,False,False,True,False,⚪ KEEP — DATA / REFERENCE,KEEP
170,data/rag/ChIJ306lNAADDTkRP-6e4yPnr8U.json,DATASET_STORAGE,2905,Data storage or dataset (data/rag/ChIJ306lNAADDTkRP-6e4yPnr8U.json),0,False,False,True,False,⚪ KEEP — DATA / REFERENCE,KEEP
171,data/rag/ChIJ31qkaK4XDTkRRv1q3L_F6vs.json,DATASET_STORAGE,1021,Data storage or dataset (data/rag/ChIJ31qkaK4XDTkRRv1q3L_F6vs.json),0,False,False,True,False,⚪ KEEP — DATA / REFERENCE,KEEP
172,data/rag/ChIJ32Vw6zEVDTkRjhdgrT9Hq_Y.json,DATASET_STORAGE,2743,Data storage or dataset (data/rag/ChIJ32Vw6zEVDTkRjhdgrT9Hq_Y.json),0,False,False,True,False,⚪ KEEP — DATA / REFERENCE,KEEP
173,data/rag/ChIJ335bATblDDkR1WS3B174oYA.json,DATASET_STORAGE,3863,Data storage or dataset (data/rag/ChIJ335bATblDDkR1WS3B174oYA.json),0,False,False,True,False,⚪ KEEP — DATA / REFERENCE,KEEP
174,data/rag/ChIJ33rDkUkVDTkRBF6PlzwmTFw.json,DATASET_STORAGE,2395,Data storage or dataset (data/rag/ChIJ33rDkUkVDTkRBF6PlzwmTFw.json),0,False,False,True,False,⚪ KEEP — DATA / REFERENCE,KEEP
175,data/rag/ChIJ34bw-9AbDTkRX4duKPn_Nqg.json,DATASET_STORAGE,1800,Data storage or dataset (data/rag/ChIJ34bw-9AbDTkRX4duKPn_Nqg.json),0,False,False,True,False,⚪ KEEP — DATA / REFERENCE,KEEP
176,data/rag/ChIJ374hXsgDDTkRRRix0z5YTcQ.json,DATASET_STORAGE,3910,Data storage or dataset (data/rag/ChIJ374hXsgDDTkRRRix0z5YTcQ.json),0,False,False,True,False,⚪ KEEP — DATA / REFERENCE,KEEP
177,data/rag/ChIJ378Q6gb5DDkR__M5xEp30pQ.json,DATASET_STORAGE,1072,Data storage or dataset (data/rag/ChIJ378Q6gb5DDkR__M5xEp30pQ.json),0,False,False,True,False,⚪ KEEP — DATA / REFERENCE,KEEP
178,data/rag/ChIJ37trROcDDTkRPHhZWFNd5xQ.json,DATASET_STORAGE,1301,Data storage or dataset (data/rag/ChIJ37trROcDDTkRPHhZWFNd5xQ.json),0,False,False,True,False,⚪ KEEP — DATA / REFERENCE,KEEP
179,data/rag/ChIJ3a9ngjLfDDkRSKpG4qiY0Uc.json,DATASET_STORAGE,1607,Data storage or dataset (data/rag/ChIJ3a9ngjLfDDkRSKpG4qiY0Uc.json),0,False,False,True,False,⚪ KEEP — DATA / REFERENCE,KEEP
180,data/rag/ChIJ3bgkcZ8CDTkRTihSIjfk7w0.json,DATASET_STORAGE,2695,Data storage or dataset (data/rag/ChIJ3bgkcZ8CDTkRTihSIjfk7w0.json),0,False,False,True,False,⚪ KEEP — DATA / REFERENCE,KEEP
181,data/rag/ChIJ3biBSov9DDkRTqlRipFxhOk.json,DATASET_STORAGE,2376,Data storage or dataset (data/rag/ChIJ3biBSov9DDkRTqlRipFxhOk.json),0,False,False,True,False,⚪ KEEP — DATA / REFERENCE,KEEP
182,data/rag/ChIJ3btan6QFDTkRqEJyaQ20wag.json,DATASET_STORAGE,2763,Data storage or dataset (data/rag/ChIJ3btan6QFDTkRqEJyaQ20wag.json),0,False,False,True,False,⚪ KEEP — DATA / REFERENCE,KEEP
183,data/rag/ChIJ3f2tTHbeDDkRDf98bXDD7Zg.json,DATASET_STORAGE,2331,Data storage or dataset (data/rag/ChIJ3f2tTHbeDDkRDf98bXDD7Zg.json),0,False,False,True,False,⚪ KEEP — DATA / REFERENCE,KEEP
184,data/rag/ChIJ3fq-Uc4ZDTkRlJf8KDLs0wo.json,DATASET_STORAGE,3506,Data storage or dataset (data/rag/ChIJ3fq-Uc4ZDTkRlJf8KDLs0wo.json),0,False,False,True,False,⚪ KEEP — DATA / REFERENCE,KEEP
185,data/rag/ChIJ3RlMdckBDTkR0pjpqymKelw.json,DATASET_STORAGE,2984,Data storage or dataset (data/rag/ChIJ3RlMdckBDTkR0pjpqymKelw.json),0,False,False,True,False,⚪ KEEP — DATA / REFERENCE,KEEP
186,data/rag/ChIJ3S7zfJ8CDTkRI1ahIlccS5o.json,DATASET_STORAGE,3440,Data storage or dataset (data/rag/ChIJ3S7zfJ8CDTkRI1ahIlccS5o.json),0,False,False,True,False,⚪ KEEP — DATA / REFERENCE,KEEP
187,data/rag/ChIJ3SD_AlkVDTkR5vw23z7SA68.json,DATASET_STORAGE,3531,Data storage or dataset (data/rag/ChIJ3SD_AlkVDTkR5vw23z7SA68.json),0,False,False,True,False,⚪ KEEP — DATA / REFERENCE,KEEP
188,data/rag/ChIJ3SQBg8chDTkRY0_2MuPDqv0.json,DATASET_STORAGE,3832,Data storage or dataset (data/rag/ChIJ3SQBg8chDTkRY0_2MuPDqv0.json),0,False,False,True,False,⚪ KEEP — DATA / REFERENCE,KEEP
189,data/rag/ChIJ3VgjA3L7DDkRMlHJajqQ8xA.json,DATASET_STORAGE,3223,Data storage or dataset (data/rag/ChIJ3VgjA3L7DDkRMlHJajqQ8xA.json),0,False,False,True,False,⚪ KEEP — DATA / REFERENCE,KEEP
190,data/rag/ChIJ3VQnN78ZDTkRmGxqa1UL0eo.json,DATASET_STORAGE,3695,Data storage or dataset (data/rag/ChIJ3VQnN78ZDTkRmGxqa1UL0eo.json),0,False,False,True,False,⚪ KEEP — DATA / REFERENCE,KEEP
191,data/rag/ChIJ3wheEADnDDkRDzP-C5uNxr0.json,DATASET_STORAGE,2101,Data storage or dataset (data/rag/ChIJ3wheEADnDDkRDzP-C5uNxr0.json),0,False,False,True,False,⚪ KEEP — DATA / REFERENCE,KEEP
192,data/rag/ChIJ3wz0KwfiDDkRjHFWQTiSUNA.json,DATASET_STORAGE,4018,Data storage or dataset (data/rag/ChIJ3wz0KwfiDDkRjHFWQTiSUNA.json),0,False,False,True,False,⚪ KEEP — DATA / REFERENCE,KEEP
193,data/rag/ChIJ3X0NsjECDTkRYoNaNClVwuE.json,DATASET_STORAGE,3428,Data storage or dataset (data/rag/ChIJ3X0NsjECDTkRYoNaNClVwuE.json),0,False,False,True,False,⚪ KEEP — DATA / REFERENCE,KEEP
194,data/rag/ChIJ3xHFu-8BDTkRniKPVpPnnZA.json,DATASET_STORAGE,1556,Data storage or dataset (data/rag/ChIJ3xHFu-8BDTkRniKPVpPnnZA.json),0,False,False,True,False,⚪ KEEP — DATA / REFERENCE,KEEP
195,data/rag/ChIJ3ydPH0rcDDkRphpP8-WHB1c.json,DATASET_STORAGE,2078,Data storage or dataset (data/rag/ChIJ3ydPH0rcDDkRphpP8-WHB1c.json),0,False,False,True,False,⚪ KEEP — DATA / REFERENCE,KEEP
196,data/rag/ChIJ3yRDa7gGDTkRLrdOe3Q5vpU.json,DATASET_STORAGE,2461,Data storage or dataset (data/rag/ChIJ3yRDa7gGDTkRLrdOe3Q5vpU.json),0,False,False,True,False,⚪ KEEP — DATA / REFERENCE,KEEP
197,data/rag/ChIJ3Z8udED9DDkRr00_4ufSiV0.json,DATASET_STORAGE,2572,Data storage or dataset (data/rag/ChIJ3Z8udED9DDkRr00_4ufSiV0.json),0,False,False,True,False,⚪ KEEP — DATA / REFERENCE,KEEP
198,data/rag/ChIJ40I_kCvnDDkRsOwVtnuR6I4.json,DATASET_STORAGE,2374,Data storage or dataset (data/rag/ChIJ40I_kCvnDDkRsOwVtnuR6I4.json),0,False,False,True,False,⚪ KEEP — DATA / REFERENCE,KEEP
199,data/rag/ChIJ42FWKggdDTkRFzcocUxirBs.json,DATASET_STORAGE,4229,Data storage or dataset (data/rag/ChIJ42FWKggdDTkRFzcocUxirBs.json),0,False,False,True,False,⚪ KEEP — DATA / REFERENCE,KEEP
200,data/rag/ChIJ43idupk9DTkRjypZM1JQyko.json,DATASET_STORAGE,3463,Data storage or dataset (data/rag/ChIJ43idupk9DTkRjypZM1JQyko.json),0,False,False,True,False,⚪ KEEP — DATA / REFERENCE,KEEP
201,data/rag/ChIJ44xy620HDTkRZkVQGauKZBI.json,DATASET_STORAGE,1416,Data storage or dataset (data/rag/ChIJ44xy620HDTkRZkVQGauKZBI.json),0,False,False,True,False,⚪ KEEP — DATA / REFERENCE,KEEP
202,data/rag/ChIJ46DoQ1AbDTkROjfRXbq6LiU.json,DATASET_STORAGE,2910,Data storage or dataset (data/rag/ChIJ46DoQ1AbDTkROjfRXbq6LiU.json),0,False,False,True,False,⚪ KEEP — DATA / REFERENCE,KEEP
203,data/rag/ChIJ486HNRMBDTkRM1sl8rwuie4.json,DATASET_STORAGE,4747,Data storage or dataset (data/rag/ChIJ486HNRMBDTkRM1sl8rwuie4.json),0,False,False,True,False,⚪ KEEP — DATA / REFERENCE,KEEP
204,data/rag/ChIJ48E4IKoZDTkRUDIRdG8HzTI.json,DATASET_STORAGE,2302,Data storage or dataset (data/rag/ChIJ48E4IKoZDTkRUDIRdG8HzTI.json),0,False,False,True,False,⚪ KEEP — DATA / REFERENCE,KEEP
205,data/rag/ChIJ48_OUif9DDkR9L9PyvviY4s.json,DATASET_STORAGE,2163,Data storage or dataset (data/rag/ChIJ48_OUif9DDkR9L9PyvviY4s.json),0,False,False,True,False,⚪ KEEP — DATA / REFERENCE,KEEP
206,data/rag/ChIJ498BU249DTkRkH_DKrBZgC0.json,DATASET_STORAGE,1342,Data storage or dataset (data/rag/ChIJ498BU249DTkRkH_DKrBZgC0.json),0,False,False,True,False,⚪ KEEP — DATA / REFERENCE,KEEP
207,data/rag/ChIJ4aZIwh0XDTkRk3pS4f1_2cA.json,DATASET_STORAGE,1685,Data storage or dataset (data/rag/ChIJ4aZIwh0XDTkRk3pS4f1_2cA.json),0,False,False,True,False,⚪ KEEP — DATA / REFERENCE,KEEP
208,data/rag/ChIJ4bbuL5sZDTkRKr-J97a4G0s.json,DATASET_STORAGE,1883,Data storage or dataset (data/rag/ChIJ4bbuL5sZDTkRKr-J97a4G0s.json),0,False,False,True,False,⚪ KEEP — DATA / REFERENCE,KEEP
209,data/rag/ChIJ4QSpaUwbDTkRTJLcTeZmT64.json,DATASET_STORAGE,1576,Data storage or dataset (data/rag/ChIJ4QSpaUwbDTkRTJLcTeZmT64.json),0,False,False,True,False,⚪ KEEP — DATA / REFERENCE,KEEP
210,data/rag/ChIJ4RfKFssFDTkRU4i5FR1_Mcc.json,DATASET_STORAGE,3710,Data storage or dataset (data/rag/ChIJ4RfKFssFDTkRU4i5FR1_Mcc.json),0,False,False,True,False,⚪ KEEP — DATA / REFERENCE,KEEP
211,data/rag/ChIJ4WmKF40BDTkRhunQxIe-GlU.json,DATASET_STORAGE,1241,Data storage or dataset (data/rag/ChIJ4WmKF40BDTkRhunQxIe-GlU.json),0,False,False,True,False,⚪ KEEP — DATA / REFERENCE,KEEP
212,data/rag/ChIJ4x53ez8BDTkR5CIlTSFHw1g.json,DATASET_STORAGE,2166,Data storage or dataset (data/rag/ChIJ4x53ez8BDTkR5CIlTSFHw1g.json),0,False,False,True,False,⚪ KEEP — DATA / REFERENCE,KEEP
213,data/rag/ChIJ4xrnQuerDTkRFSt71MB3oMw.json,DATASET_STORAGE,1825,Data storage or dataset (data/rag/ChIJ4xrnQuerDTkRFSt71MB3oMw.json),0,False,False,True,False,⚪ KEEP — DATA / REFERENCE,KEEP
214,data/rag/ChIJ4ZM2vkIXDTkRAXr06HcF9JI.json,DATASET_STORAGE,1112,Data storage or dataset (data/rag/ChIJ4ZM2vkIXDTkRAXr06HcF9JI.json),0,False,False,True,False,⚪ KEEP — DATA / REFERENCE,KEEP
215,data/rag/ChIJ4ZO2ChQZDTkRpunIryEaAR8.json,DATASET_STORAGE,1474,Data storage or dataset (data/rag/ChIJ4ZO2ChQZDTkRpunIryEaAR8.json),0,False,False,True,False,⚪ KEEP — DATA / REFERENCE,KEEP
216,data/rag/ChIJ4_cSyxPhDDkRRdBaWb4TUL4.json,DATASET_STORAGE,3098,Data storage or dataset (data/rag/ChIJ4_cSyxPhDDkRRdBaWb4TUL4.json),0,False,False,True,False,⚪ KEEP — DATA / REFERENCE,KEEP
217,data/rag/ChIJ5-GnwuYBDTkRenzp2BlV9aY.json,DATASET_STORAGE,1236,Data storage or dataset (data/rag/ChIJ5-GnwuYBDTkRenzp2BlV9aY.json),0,False,False,True,False,⚪ KEEP — DATA / REFERENCE,KEEP
218,data/rag/ChIJ5-z-Hc_jDDkRZyU2Wz8Mae4.json,DATASET_STORAGE,5056,Data storage or dataset (data/rag/ChIJ5-z-Hc_jDDkRZyU2Wz8Mae4.json),0,False,False,True,False,⚪ KEEP — DATA / REFERENCE,KEEP
219,data/rag/ChIJ50F8pDQFDTkRW4vVtMDV2Vg.json,DATASET_STORAGE,1044,Data storage or dataset (data/rag/ChIJ50F8pDQFDTkRW4vVtMDV2Vg.json),0,False,False,True,False,⚪ KEEP — DATA / REFERENCE,KEEP
220,data/rag/ChIJ51yNUgbjDDkRhRjK5RkEXn4.json,DATASET_STORAGE,2596,Data storage or dataset (data/rag/ChIJ51yNUgbjDDkRhRjK5RkEXn4.json),0,False,False,True,False,⚪ KEEP — DATA / REFERENCE,KEEP
221,data/rag/ChIJ523s_LLgDDkReZgVUIHDaaA.json,DATASET_STORAGE,1581,Data storage or dataset (data/rag/ChIJ523s_LLgDDkReZgVUIHDaaA.json),0,False,False,True,False,⚪ KEEP — DATA / REFERENCE,KEEP
222,data/rag/ChIJ52dGUtcDDTkR9ccRlGw9PG0.json,DATASET_STORAGE,2066,Data storage or dataset (data/rag/ChIJ52dGUtcDDTkR9ccRlGw9PG0.json),0,False,False,True,False,⚪ KEEP — DATA / REFERENCE,KEEP
223,data/rag/ChIJ52FmthX9DDkRuV3TTavgdAA.json,DATASET_STORAGE,4895,Data storage or dataset (data/rag/ChIJ52FmthX9DDkRuV3TTavgdAA.json),0,False,False,True,False,⚪ KEEP — DATA / REFERENCE,KEEP
224,data/rag/ChIJ59PVuv4bDTkRw6GldlMth6I.json,DATASET_STORAGE,2987,Data storage or dataset (data/rag/ChIJ59PVuv4bDTkRw6GldlMth6I.json),0,False,False,True,False,⚪ KEEP — DATA / REFERENCE,KEEP
225,data/rag/ChIJ5bX1UNLjDDkRFUd-LjbGr28.json,DATASET_STORAGE,2225,Data storage or dataset (data/rag/ChIJ5bX1UNLjDDkRFUd-LjbGr28.json),0,False,False,True,False,⚪ KEEP — DATA / REFERENCE,KEEP
226,data/rag/ChIJ5bXEImgdDTkRTcDcVIVTblg.json,DATASET_STORAGE,3253,Data storage or dataset (data/rag/ChIJ5bXEImgdDTkRTcDcVIVTblg.json),0,False,False,True,False,⚪ KEEP — DATA / REFERENCE,KEEP
227,data/rag/ChIJ5c8bRRP9DDkRI_kpIfCtqB8.json,DATASET_STORAGE,2691,Data storage or dataset (data/rag/ChIJ5c8bRRP9DDkRI_kpIfCtqB8.json),0,False,False,True,False,⚪ KEEP — DATA / REFERENCE,KEEP
228,data/rag/ChIJ5dfWP_UdDTkRciVp85XPAk0.json,DATASET_STORAGE,4577,Data storage or dataset (data/rag/ChIJ5dfWP_UdDTkRciVp85XPAk0.json),0,False,False,True,False,⚪ KEEP — DATA / REFERENCE,KEEP
229,data/rag/ChIJ5QdVesIFDTkR0Q9J7-vqSHw.json,DATASET_STORAGE,1275,Data storage or dataset (data/rag/ChIJ5QdVesIFDTkR0Q9J7-vqSHw.json),0,False,False,True,False,⚪ KEEP — DATA / REFERENCE,KEEP
230,data/rag/ChIJ5RheowbkDDkRtDC1TjcYz1w.json,DATASET_STORAGE,3566,Data storage or dataset (data/rag/ChIJ5RheowbkDDkRtDC1TjcYz1w.json),0,False,False,True,False,⚪ KEEP — DATA / REFERENCE,KEEP
231,data/rag/ChIJ5RjjCirlDDkR5wrzax-BZEs.json,DATASET_STORAGE,3424,Data storage or dataset (data/rag/ChIJ5RjjCirlDDkR5wrzax-BZEs.json),0,False,False,True,False,⚪ KEEP — DATA / REFERENCE,KEEP
232,data/rag/ChIJ5RPXWkbnDDkRHPIEdZvEvnM.json,DATASET_STORAGE,1446,Data storage or dataset (data/rag/ChIJ5RPXWkbnDDkRHPIEdZvEvnM.json),0,False,False,True,False,⚪ KEEP — DATA / REFERENCE,KEEP
233,data/rag/ChIJ5V5eFuAHDTkR47MCn7ul_ww.json,DATASET_STORAGE,3232,Data storage or dataset (data/rag/ChIJ5V5eFuAHDTkR47MCn7ul_ww.json),0,False,False,True,False,⚪ KEEP — DATA / REFERENCE,KEEP
234,data/rag/ChIJ5VpnAeYfDTkRYQ9sYR8yMGs.json,DATASET_STORAGE,2466,Data storage or dataset (data/rag/ChIJ5VpnAeYfDTkRYQ9sYR8yMGs.json),0,False,False,True,False,⚪ KEEP — DATA / REFERENCE,KEEP
235,data/rag/ChIJ5WV5tSj7DDkR5C7fCFDWTps.json,DATASET_STORAGE,3861,Data storage or dataset (data/rag/ChIJ5WV5tSj7DDkR5C7fCFDWTps.json),0,False,False,True,False,⚪ KEEP — DATA / REFERENCE,KEEP
236,data/rag/ChIJ5wVw0d0ZDTkRKhByqx1b0lQ.json,DATASET_STORAGE,2191,Data storage or dataset (data/rag/ChIJ5wVw0d0ZDTkRKhByqx1b0lQ.json),0,False,False,True,False,⚪ KEEP — DATA / REFERENCE,KEEP
237,data/rag/ChIJ5X1AVYMCDTkRuXIfnpUxxSE.json,DATASET_STORAGE,3460,Data storage or dataset (data/rag/ChIJ5X1AVYMCDTkRuXIfnpUxxSE.json),0,False,False,True,False,⚪ KEEP — DATA / REFERENCE,KEEP
238,data/rag/ChIJ5X7CbgAZDTkR2E-ZjpnjZi8.json,DATASET_STORAGE,2620,Data storage or dataset (data/rag/ChIJ5X7CbgAZDTkR2E-ZjpnjZi8.json),0,False,False,True,False,⚪ KEEP — DATA / REFERENCE,KEEP
239,data/rag/ChIJ5xIjFAABDTkRPX5HONJzVLs.json,DATASET_STORAGE,1117,Data storage or dataset (data/rag/ChIJ5xIjFAABDTkRPX5HONJzVLs.json),0,False,False,True,False,⚪ KEEP — DATA / REFERENCE,KEEP
240,data/rag/ChIJ5xMxsdwDDTkRmPBTgKIUMbo.json,DATASET_STORAGE,3006,Data storage or dataset (data/rag/ChIJ5xMxsdwDDTkRmPBTgKIUMbo.json),0,False,False,True,False,⚪ KEEP — DATA / REFERENCE,KEEP
241,data/rag/ChIJ5XqZzjwFDTkRMQgkRgFzsz4.json,DATASET_STORAGE,2083,Data storage or dataset (data/rag/ChIJ5XqZzjwFDTkRMQgkRgFzsz4.json),0,False,False,True,False,⚪ KEEP — DATA / REFERENCE,KEEP
242,data/rag/ChIJ5XYHAwAJDTkRhk-aK3gljDQ.json,DATASET_STORAGE,1556,Data storage or dataset (data/rag/ChIJ5XYHAwAJDTkRhk-aK3gljDQ.json),0,False,False,True,False,⚪ KEEP — DATA / REFERENCE,KEEP
243,data/rag/ChIJ5ybDRzjcDDkRl2FKQsRD4eo.json,DATASET_STORAGE,1903,Data storage or dataset (data/rag/ChIJ5ybDRzjcDDkRl2FKQsRD4eo.json),0,False,False,True,False,⚪ KEEP — DATA / REFERENCE,KEEP
244,data/rag/ChIJ5ybFfAsXDTkR5slZzBjfm8o.json,DATASET_STORAGE,1760,Data storage or dataset (data/rag/ChIJ5ybFfAsXDTkR5slZzBjfm8o.json),0,False,False,True,False,⚪ KEEP — DATA / REFERENCE,KEEP
245,data/rag/ChIJ5ywskdUBDTkReNdCgxAYPJI.json,DATASET_STORAGE,1852,Data storage or dataset (data/rag/ChIJ5ywskdUBDTkReNdCgxAYPJI.json),0,False,False,True,False,⚪ KEEP — DATA / REFERENCE,KEEP
246,data/rag/ChIJ5zP56pMfDTkR4iADY4sOufg.json,DATASET_STORAGE,2491,Data storage or dataset (data/rag/ChIJ5zP56pMfDTkR4iADY4sOufg.json),0,False,False,True,False,⚪ KEEP — DATA / REFERENCE,KEEP
247,data/rag/ChIJ5ztBr_kZDTkR4LzBbqbWcSk.json,DATASET_STORAGE,2665,Data storage or dataset (data/rag/ChIJ5ztBr_kZDTkR4LzBbqbWcSk.json),0,False,False,True,False,⚪ KEEP — DATA / REFERENCE,KEEP
248,data/rag/ChIJ6-1znNsFDTkRm7yVEo8cwTc.json,DATASET_STORAGE,2195,Data storage or dataset (data/rag/ChIJ6-1znNsFDTkRm7yVEo8cwTc.json),0,False,False,True,False,⚪ KEEP — DATA / REFERENCE,KEEP
249,data/rag/ChIJ61WTkQ8BDTkROsXSSW6I5SQ.json,DATASET_STORAGE,2492,Data storage or dataset (data/rag/ChIJ61WTkQ8BDTkROsXSSW6I5SQ.json),0,False,False,True,False,⚪ KEEP — DATA / REFERENCE,KEEP
250,data/rag/ChIJ64ybpDgFDTkRNm-JNcbqCuE.json,DATASET_STORAGE,3012,Data storage or dataset (data/rag/ChIJ64ybpDgFDTkRNm-JNcbqCuE.json),0,False,False,True,False,⚪ KEEP — DATA / REFERENCE,KEEP
251,data/rag/ChIJ64_MiLE_DTkRGOHzyJ5UpDM.json,DATASET_STORAGE,3358,Data storage or dataset (data/rag/ChIJ64_MiLE_DTkRGOHzyJ5UpDM.json),0,False,False,True,False,⚪ KEEP — DATA / REFERENCE,KEEP
252,data/rag/ChIJ66UarT6rDTkRyZa4JzJBuoY.json,DATASET_STORAGE,1266,Data storage or dataset (data/rag/ChIJ66UarT6rDTkRyZa4JzJBuoY.json),0,False,False,True,False,⚪ KEEP — DATA / REFERENCE,KEEP
253,data/rag/ChIJ67eVkr8GDTkRVc10q3eNuvE.json,DATASET_STORAGE,1420,Data storage or dataset (data/rag/ChIJ67eVkr8GDTkRVc10q3eNuvE.json),0,False,False,True,False,⚪ KEEP — DATA / REFERENCE,KEEP
254,data/rag/ChIJ68pMy4ujDTkRfdLW8KShqPs.json,DATASET_STORAGE,1499,Data storage or dataset (data/rag/ChIJ68pMy4ujDTkRfdLW8KShqPs.json),0,False,False,True,False,⚪ KEEP — DATA / REFERENCE,KEEP
255,data/rag/ChIJ69cVdAD9DDkRKbdKKZC9RCA.json,DATASET_STORAGE,3959,Data storage or dataset (data/rag/ChIJ69cVdAD9DDkRKbdKKZC9RCA.json),0,False,False,True,False,⚪ KEEP — DATA / REFERENCE,KEEP
256,data/rag/ChIJ6c81vdD6DDkRwSloTrOLG6E.json,DATASET_STORAGE,3340,Data storage or dataset (data/rag/ChIJ6c81vdD6DDkRwSloTrOLG6E.json),0,False,False,True,False,⚪ KEEP — DATA / REFERENCE,KEEP
257,data/rag/ChIJ6dIL9O3lDDkR08PFnVJrs1I.json,DATASET_STORAGE,2316,Data storage or dataset (data/rag/ChIJ6dIL9O3lDDkR08PFnVJrs1I.json),0,False,False,True,False,⚪ KEEP — DATA / REFERENCE,KEEP
258,data/rag/ChIJ6RTDdCTnDDkRZaKJnxryIMs.json,DATASET_STORAGE,1348,Data storage or dataset (data/rag/ChIJ6RTDdCTnDDkRZaKJnxryIMs.json),0,False,False,True,False,⚪ KEEP — DATA / REFERENCE,KEEP
259,data/rag/ChIJ6UcYhSEeDTkR6E7j3U9cv-0.json,DATASET_STORAGE,3735,Data storage or dataset (data/rag/ChIJ6UcYhSEeDTkR6E7j3U9cv-0.json),0,False,False,True,False,⚪ KEEP — DATA / REFERENCE,KEEP
260,data/rag/ChIJ6UDMWr4DDTkR-s5z0b2N_Z8.json,DATASET_STORAGE,2793,Data storage or dataset (data/rag/ChIJ6UDMWr4DDTkR-s5z0b2N_Z8.json),0,False,False,True,False,⚪ KEEP — DATA / REFERENCE,KEEP
261,data/rag/ChIJ6VKu20AFDTkR0gckv0FCS3M.json,DATASET_STORAGE,1403,Data storage or dataset (data/rag/ChIJ6VKu20AFDTkR0gckv0FCS3M.json),0,False,False,True,False,⚪ KEEP — DATA / REFERENCE,KEEP
262,data/rag/ChIJ6wyYSJndDDkRRdbX4at-Y-0.json,DATASET_STORAGE,2319,Data storage or dataset (data/rag/ChIJ6wyYSJndDDkRRdbX4at-Y-0.json),0,False,False,True,False,⚪ KEEP — DATA / REFERENCE,KEEP
263,data/rag/ChIJ6XCwlb0dDTkRLWxu1qjVv00.json,DATASET_STORAGE,3626,Data storage or dataset (data/rag/ChIJ6XCwlb0dDTkRLWxu1qjVv00.json),0,False,False,True,False,⚪ KEEP — DATA / REFERENCE,KEEP
264,data/rag/ChIJ6XfP3Yn7DDkR7EkhxIHNGO4.json,DATASET_STORAGE,1151,Data storage or dataset (data/rag/ChIJ6XfP3Yn7DDkR7EkhxIHNGO4.json),0,False,False,True,False,⚪ KEEP — DATA / REFERENCE,KEEP
265,data/rag/ChIJ6XGgrjLnDDkRe1YaEUjd_r8.json,DATASET_STORAGE,2818,Data storage or dataset (data/rag/ChIJ6XGgrjLnDDkRe1YaEUjd_r8.json),0,False,False,True,False,⚪ KEEP — DATA / REFERENCE,KEEP
266,data/rag/ChIJ6ykOwE37DDkR4kHteRFVpGg.json,DATASET_STORAGE,1671,Data storage or dataset (data/rag/ChIJ6ykOwE37DDkR4kHteRFVpGg.json),0,False,False,True,False,⚪ KEEP — DATA / REFERENCE,KEEP
267,data/rag/ChIJ6yMHonsZDTkRMN0eS43o7Tw.json,DATASET_STORAGE,5434,Data storage or dataset (data/rag/ChIJ6yMHonsZDTkRMN0eS43o7Tw.json),0,False,False,True,False,⚪ KEEP — DATA / REFERENCE,KEEP
268,data/rag/ChIJ6YO4P9zdDDkR_N4aclI98Ng.json,DATASET_STORAGE,2712,Data storage or dataset (data/rag/ChIJ6YO4P9zdDDkR_N4aclI98Ng.json),0,False,False,True,False,⚪ KEEP — DATA / REFERENCE,KEEP
269,data/rag/ChIJ6ztvUg3-DDkRLVhUcMEzffQ.json,DATASET_STORAGE,2588,Data storage or dataset (data/rag/ChIJ6ztvUg3-DDkRLVhUcMEzffQ.json),0,False,False,True,False,⚪ KEEP — DATA / REFERENCE,KEEP
270,data/rag/ChIJ6_4lqtj8DDkR5K7EOXYtvCI.json,DATASET_STORAGE,2217,Data storage or dataset (data/rag/ChIJ6_4lqtj8DDkR5K7EOXYtvCI.json),0,False,False,True,False,⚪ KEEP — DATA / REFERENCE,KEEP
271,data/rag/ChIJ70yHFd4BDTkRDCBZqoNKwjY.json,DATASET_STORAGE,2877,Data storage or dataset (data/rag/ChIJ70yHFd4BDTkRDCBZqoNKwjY.json),0,False,False,True,False,⚪ KEEP — DATA / REFERENCE,KEEP
272,data/rag/ChIJ73aJFo_7DDkRD75wIldcHf4.json,DATASET_STORAGE,2368,Data storage or dataset (data/rag/ChIJ73aJFo_7DDkRD75wIldcHf4.json),0,False,False,True,False,⚪ KEEP — DATA / REFERENCE,KEEP
273,data/rag/ChIJ73h-x7AfDTkRYODY5sS8TO8.json,DATASET_STORAGE,2196,Data storage or dataset (data/rag/ChIJ73h-x7AfDTkRYODY5sS8TO8.json),0,False,False,True,False,⚪ KEEP — DATA / REFERENCE,KEEP
274,data/rag/ChIJ74P05McBDTkRI1DrZsSufxA.json,DATASET_STORAGE,991,Data storage or dataset (data/rag/ChIJ74P05McBDTkRI1DrZsSufxA.json),0,False,False,True,False,⚪ KEEP — DATA / REFERENCE,KEEP
275,data/rag/ChIJ75mawVXjDDkRgnu3gPfCRjc.json,DATASET_STORAGE,5475,Data storage or dataset (data/rag/ChIJ75mawVXjDDkRgnu3gPfCRjc.json),0,False,False,True,False,⚪ KEEP — DATA / REFERENCE,KEEP
276,data/rag/ChIJ76fRckIbDTkRIah0mfzCE08.json,DATASET_STORAGE,2293,Data storage or dataset (data/rag/ChIJ76fRckIbDTkRIah0mfzCE08.json),0,False,False,True,False,⚪ KEEP — DATA / REFERENCE,KEEP
277,data/rag/ChIJ76JImg0dDTkRVUXq0b3XW0A.json,DATASET_STORAGE,3423,Data storage or dataset (data/rag/ChIJ76JImg0dDTkRVUXq0b3XW0A.json),0,False,False,True,False,⚪ KEEP — DATA / REFERENCE,KEEP
278,data/rag/ChIJ76KgAiEiDTkRw62nMJ-4n7k.json,DATASET_STORAGE,3678,Data storage or dataset (data/rag/ChIJ76KgAiEiDTkRw62nMJ-4n7k.json),0,False,False,True,False,⚪ KEEP — DATA / REFERENCE,KEEP
279,data/rag/ChIJ77AkL1sHDTkRckJGkQC1VuY.json,DATASET_STORAGE,1313,Data storage or dataset (data/rag/ChIJ77AkL1sHDTkRckJGkQC1VuY.json),0,False,False,True,False,⚪ KEEP — DATA / REFERENCE,KEEP
280,data/rag/ChIJ77cDh5H9DDkRw4eomzQsdh4.json,DATASET_STORAGE,3093,Data storage or dataset (data/rag/ChIJ77cDh5H9DDkRw4eomzQsdh4.json),0,False,False,True,False,⚪ KEEP — DATA / REFERENCE,KEEP
281,data/rag/ChIJ788UkOAeDTkR1IXMH3KeYTY.json,DATASET_STORAGE,2110,Data storage or dataset (data/rag/ChIJ788UkOAeDTkR1IXMH3KeYTY.json),0,False,False,True,False,⚪ KEEP — DATA / REFERENCE,KEEP
282,data/rag/ChIJ78FO7agFDTkRWu2o8J3LbLE.json,DATASET_STORAGE,2500,Data storage or dataset (data/rag/ChIJ78FO7agFDTkRWu2o8J3LbLE.json),0,False,False,True,False,⚪ KEEP — DATA / REFERENCE,KEEP
283,data/rag/ChIJ78gy8y4HDTkRHZp1SwDEWHo.json,DATASET_STORAGE,2173,Data storage or dataset (data/rag/ChIJ78gy8y4HDTkRHZp1SwDEWHo.json),0,False,False,True,False,⚪ KEEP — DATA / REFERENCE,KEEP
284,data/rag/ChIJ78pTIgAfDTkRy0dLDmC0oRk.json,DATASET_STORAGE,2382,Data storage or dataset (data/rag/ChIJ78pTIgAfDTkRy0dLDmC0oRk.json),0,False,False,True,False,⚪ KEEP — DATA / REFERENCE,KEEP
285,data/rag/ChIJ7aqq-vTkDDkRgQTJLDQBQlA.json,DATASET_STORAGE,3451,Data storage or dataset (data/rag/ChIJ7aqq-vTkDDkRgQTJLDQBQlA.json),0,False,False,True,False,⚪ KEEP — DATA / REFERENCE,KEEP
286,data/rag/ChIJ7aqqqhn9DDkROmpPLJp4sS0.json,DATASET_STORAGE,5272,Data storage or dataset (data/rag/ChIJ7aqqqhn9DDkROmpPLJp4sS0.json),0,False,False,True,False,⚪ KEEP — DATA / REFERENCE,KEEP
287,data/rag/ChIJ7bfQAnIcDTkR6QuFSvjr3e4.json,DATASET_STORAGE,3481,Data storage or dataset (data/rag/ChIJ7bfQAnIcDTkR6QuFSvjr3e4.json),0,False,False,True,False,⚪ KEEP — DATA / REFERENCE,KEEP
288,data/rag/ChIJ7eql54AFDTkRqeVDzk7JbSo.json,DATASET_STORAGE,2827,Data storage or dataset (data/rag/ChIJ7eql54AFDTkRqeVDzk7JbSo.json),0,False,False,True,False,⚪ KEEP — DATA / REFERENCE,KEEP
289,data/rag/ChIJ7fAQv8_dDDkRYi2IELVDS38.json,DATASET_STORAGE,2075,Data storage or dataset (data/rag/ChIJ7fAQv8_dDDkRYi2IELVDS38.json),0,False,False,True,False,⚪ KEEP — DATA / REFERENCE,KEEP
290,data/rag/ChIJ7fRtZmwYDTkR1gC0XrYO20g.json,DATASET_STORAGE,2728,Data storage or dataset (data/rag/ChIJ7fRtZmwYDTkR1gC0XrYO20g.json),0,False,False,True,False,⚪ KEEP — DATA / REFERENCE,KEEP
291,data/rag/ChIJ7fuzuzgBDTkRPKEENDxBLpw.json,DATASET_STORAGE,4325,Data storage or dataset (data/rag/ChIJ7fuzuzgBDTkRPKEENDxBLpw.json),0,False,False,True,False,⚪ KEEP — DATA / REFERENCE,KEEP
292,data/rag/ChIJ7Q6BTxMFDTkRFnrFY18zdcU.json,DATASET_STORAGE,3049,Data storage or dataset (data/rag/ChIJ7Q6BTxMFDTkRFnrFY18zdcU.json),0,False,False,True,False,⚪ KEEP — DATA / REFERENCE,KEEP
293,data/rag/ChIJ7Swth0zjDDkRBuB9zPA6NRw.json,DATASET_STORAGE,934,Data storage or dataset (data/rag/ChIJ7Swth0zjDDkRBuB9zPA6NRw.json),0,False,False,True,False,⚪ KEEP — DATA / REFERENCE,KEEP
294,data/rag/ChIJ7TBF3w6tDTkRxqHf-88bekw.json,DATASET_STORAGE,2695,Data storage or dataset (data/rag/ChIJ7TBF3w6tDTkRxqHf-88bekw.json),0,False,False,True,False,⚪ KEEP — DATA / REFERENCE,KEEP
295,data/rag/ChIJ7U43gHXdDDkRxrQvQ2InjH8.json,DATASET_STORAGE,1799,Data storage or dataset (data/rag/ChIJ7U43gHXdDDkRxrQvQ2InjH8.json),0,False,False,True,False,⚪ KEEP — DATA / REFERENCE,KEEP
296,data/rag/ChIJ7UcKMUjhDDkRL-mPFW5-q7g.json,DATASET_STORAGE,2762,Data storage or dataset (data/rag/ChIJ7UcKMUjhDDkRL-mPFW5-q7g.json),0,False,False,True,False,⚪ KEEP — DATA / REFERENCE,KEEP
297,data/rag/ChIJ7UGbOM8aDTkRyL55gyT-jpg.json,DATASET_STORAGE,2269,Data storage or dataset (data/rag/ChIJ7UGbOM8aDTkRyL55gyT-jpg.json),0,False,False,True,False,⚪ KEEP — DATA / REFERENCE,KEEP
298,data/rag/ChIJ7VH_h-IdDTkRFNSyL2_D5vs.json,DATASET_STORAGE,2714,Data storage or dataset (data/rag/ChIJ7VH_h-IdDTkRFNSyL2_D5vs.json),0,False,False,True,False,⚪ KEEP — DATA / REFERENCE,KEEP
299,data/rag/ChIJ7VIOTVseDTkRdnOMsxb5ftI.json,DATASET_STORAGE,2476,Data storage or dataset (data/rag/ChIJ7VIOTVseDTkRdnOMsxb5ftI.json),0,False,False,True,False,⚪ KEEP — DATA / REFERENCE,KEEP
300,data/rag/ChIJ7VpQfSMeDTkRq4Uup9eQgNI.json,DATASET_STORAGE,3355,Data storage or dataset (data/rag/ChIJ7VpQfSMeDTkRq4Uup9eQgNI.json),0,False,False,True,False,⚪ KEEP — DATA / REFERENCE,KEEP
301,data/rag/ChIJ7W5mGAIWDTkRI2I_wKlwLRk.json,DATASET_STORAGE,1830,Data storage or dataset (data/rag/ChIJ7W5mGAIWDTkRI2I_wKlwLRk.json),0,False,False,True,False,⚪ KEEP — DATA / REFERENCE,KEEP
302,data/rag/ChIJ7wT_1n0jDTkRHes_l2DwAiI.json,DATASET_STORAGE,2151,Data storage or dataset (data/rag/ChIJ7wT_1n0jDTkRHes_l2DwAiI.json),0,False,False,True,False,⚪ KEEP — DATA / REFERENCE,KEEP
303,data/rag/ChIJ7Xa0GEEcDTkRE39X-CgUsG0.json,DATASET_STORAGE,2410,Data storage or dataset (data/rag/ChIJ7Xa0GEEcDTkRE39X-CgUsG0.json),0,False,False,True,False,⚪ KEEP — DATA / REFERENCE,KEEP
304,data/rag/ChIJ7xjccFQfDTkRNLupqKY77ZM.json,DATASET_STORAGE,2691,Data storage or dataset (data/rag/ChIJ7xjccFQfDTkRNLupqKY77ZM.json),0,False,False,True,False,⚪ KEEP — DATA / REFERENCE,KEEP
305,data/rag/ChIJ7xzv0_XhDDkRouVSxdtA7Kg.json,DATASET_STORAGE,2292,Data storage or dataset (data/rag/ChIJ7xzv0_XhDDkRouVSxdtA7Kg.json),0,False,False,True,False,⚪ KEEP — DATA / REFERENCE,KEEP
306,data/rag/ChIJ7YAuUx89DTkRFRi0TeqfJ7I.json,DATASET_STORAGE,1662,Data storage or dataset (data/rag/ChIJ7YAuUx89DTkRFRi0TeqfJ7I.json),0,False,False,True,False,⚪ KEEP — DATA / REFERENCE,KEEP
307,data/rag/ChIJ7yY1S0AcDTkRZIaCEtrF_-A.json,DATASET_STORAGE,4699,Data storage or dataset (data/rag/ChIJ7yY1S0AcDTkRZIaCEtrF_-A.json),0,False,False,True,False,⚪ KEEP — DATA / REFERENCE,KEEP
308,data/rag/ChIJ7zycekH9DDkRWd8FYsIVT3U.json,DATASET_STORAGE,2502,Data storage or dataset (data/rag/ChIJ7zycekH9DDkRWd8FYsIVT3U.json),0,False,False,True,False,⚪ KEEP — DATA / REFERENCE,KEEP
309,data/rag/ChIJ7_KbKp4CDTkRuZLvVbQuguc.json,DATASET_STORAGE,2533,Data storage or dataset (data/rag/ChIJ7_KbKp4CDTkRuZLvVbQuguc.json),0,False,False,True,False,⚪ KEEP — DATA / REFERENCE,KEEP
310,data/rag/ChIJ7__72BTdDDkR4IspIyx07sM.json,DATASET_STORAGE,1811,Data storage or dataset (data/rag/ChIJ7__72BTdDDkR4IspIyx07sM.json),0,False,False,True,False,⚪ KEEP — DATA / REFERENCE,KEEP
311,data/rag/ChIJ80jFb_AJDTkRlQqSwAF8FZs.json,DATASET_STORAGE,1008,Data storage or dataset (data/rag/ChIJ80jFb_AJDTkRlQqSwAF8FZs.json),0,False,False,True,False,⚪ KEEP — DATA / REFERENCE,KEEP
312,data/rag/ChIJ80WEYuD8DDkR2z_JnqJYSd0.json,DATASET_STORAGE,4070,Data storage or dataset (data/rag/ChIJ80WEYuD8DDkR2z_JnqJYSd0.json),0,False,False,True,False,⚪ KEEP — DATA / REFERENCE,KEEP
313,data/rag/ChIJ832IbC79DDkRxvUL3edYTw4.json,DATASET_STORAGE,3156,Data storage or dataset (data/rag/ChIJ832IbC79DDkRxvUL3edYTw4.json),0,False,False,True,False,⚪ KEEP — DATA / REFERENCE,KEEP
314,data/rag/ChIJ83sN18QEDTkR8THDqjoDwF8.json,DATASET_STORAGE,4895,Data storage or dataset (data/rag/ChIJ83sN18QEDTkR8THDqjoDwF8.json),0,False,False,True,False,⚪ KEEP — DATA / REFERENCE,KEEP
315,data/rag/ChIJ83zzx1sHDTkRI1NK8xauAC4.json,DATASET_STORAGE,1758,Data storage or dataset (data/rag/ChIJ83zzx1sHDTkRI1NK8xauAC4.json),0,False,False,True,False,⚪ KEEP — DATA / REFERENCE,KEEP
316,data/rag/ChIJ845-Av8hDTkR92215ULZUa0.json,DATASET_STORAGE,4610,Data storage or dataset (data/rag/ChIJ845-Av8hDTkR92215ULZUa0.json),0,False,False,True,False,⚪ KEEP — DATA / REFERENCE,KEEP
317,data/rag/ChIJ845VBz0eDTkRn4taWpUHdMI.json,DATASET_STORAGE,2218,Data storage or dataset (data/rag/ChIJ845VBz0eDTkRn4taWpUHdMI.json),0,False,False,True,False,⚪ KEEP — DATA / REFERENCE,KEEP
318,data/rag/ChIJ85M8_BDlDDkRuHggVmVCRmA.json,DATASET_STORAGE,3144,Data storage or dataset (data/rag/ChIJ85M8_BDlDDkRuHggVmVCRmA.json),0,False,False,True,False,⚪ KEEP — DATA / REFERENCE,KEEP
319,data/rag/ChIJ86e0i6sjDTkRzMsqrb9fdGU.json,DATASET_STORAGE,3900,Data storage or dataset (data/rag/ChIJ86e0i6sjDTkRzMsqrb9fdGU.json),0,False,False,True,False,⚪ KEEP — DATA / REFERENCE,KEEP
320,data/rag/ChIJ87DHGs4ZDTkRx1Hiq-G3rsI.json,DATASET_STORAGE,2274,Data storage or dataset (data/rag/ChIJ87DHGs4ZDTkRx1Hiq-G3rsI.json),0,False,False,True,False,⚪ KEEP — DATA / REFERENCE,KEEP
321,data/rag/ChIJ87NRphjiDDkRMh3igGPGQUg.json,DATASET_STORAGE,2963,Data storage or dataset (data/rag/ChIJ87NRphjiDDkRMh3igGPGQUg.json),0,False,False,True,False,⚪ KEEP — DATA / REFERENCE,KEEP
322,data/rag/ChIJ88UPbKcfDTkRn5RuCRubLAI.json,DATASET_STORAGE,1688,Data storage or dataset (data/rag/ChIJ88UPbKcfDTkRn5RuCRubLAI.json),0,False,False,True,False,⚪ KEEP — DATA / REFERENCE,KEEP
323,data/rag/ChIJ8b0cjakbDTkRswKAZj95Mjk.json,DATASET_STORAGE,2288,Data storage or dataset (data/rag/ChIJ8b0cjakbDTkRswKAZj95Mjk.json),0,False,False,True,False,⚪ KEEP — DATA / REFERENCE,KEEP
324,data/rag/ChIJ8eP7GADhDDkRFW6C7rXhNB0.json,DATASET_STORAGE,5572,Data storage or dataset (data/rag/ChIJ8eP7GADhDDkRFW6C7rXhNB0.json),0,False,False,True,False,⚪ KEEP — DATA / REFERENCE,KEEP
325,data/rag/ChIJ8eQZ5P4bDTkRHptlV4BmkLY.json,DATASET_STORAGE,3143,Data storage or dataset (data/rag/ChIJ8eQZ5P4bDTkRHptlV4BmkLY.json),0,False,False,True,False,⚪ KEEP — DATA / REFERENCE,KEEP
326,data/rag/ChIJ8eXMjBQDDTkRB0vq5KGUuro.json,DATASET_STORAGE,2208,Data storage or dataset (data/rag/ChIJ8eXMjBQDDTkRB0vq5KGUuro.json),0,False,False,True,False,⚪ KEEP — DATA / REFERENCE,KEEP
327,data/rag/ChIJ8fp48rP7DDkRB1sioTWEZE8.json,DATASET_STORAGE,1535,Data storage or dataset (data/rag/ChIJ8fp48rP7DDkRB1sioTWEZE8.json),0,False,False,True,False,⚪ KEEP — DATA / REFERENCE,KEEP
328,data/rag/ChIJ8RAL_OL_DDkRfkpERnh9Ujo.json,DATASET_STORAGE,2226,Data storage or dataset (data/rag/ChIJ8RAL_OL_DDkRfkpERnh9Ujo.json),0,False,False,True,False,⚪ KEEP — DATA / REFERENCE,KEEP
329,data/rag/ChIJ8Saeag4BDTkRpye1qynjXfI.json,DATASET_STORAGE,2030,Data storage or dataset (data/rag/ChIJ8Saeag4BDTkRpye1qynjXfI.json),0,False,False,True,False,⚪ KEEP — DATA / REFERENCE,KEEP
330,data/rag/ChIJ8SaLJQcbDTkRDummRi-bBts.json,DATASET_STORAGE,3124,Data storage or dataset (data/rag/ChIJ8SaLJQcbDTkRDummRi-bBts.json),0,False,False,True,False,⚪ KEEP — DATA / REFERENCE,KEEP
331,data/rag/ChIJ8SoxXNoVDTkRR5Pv53WSjPk.json,DATASET_STORAGE,1377,Data storage or dataset (data/rag/ChIJ8SoxXNoVDTkRR5Pv53WSjPk.json),0,False,False,True,False,⚪ KEEP — DATA / REFERENCE,KEEP
332,data/rag/ChIJ8SvdaJsLDTkR_ZJVxtepIE4.json,DATASET_STORAGE,1284,Data storage or dataset (data/rag/ChIJ8SvdaJsLDTkR_ZJVxtepIE4.json),0,False,False,True,False,⚪ KEEP — DATA / REFERENCE,KEEP
333,data/rag/ChIJ8VV1bwLkDDkRXF4dKZb7rf0.json,DATASET_STORAGE,3250,Data storage or dataset (data/rag/ChIJ8VV1bwLkDDkRXF4dKZb7rf0.json),0,False,False,True,False,⚪ KEEP — DATA / REFERENCE,KEEP
334,data/rag/ChIJ8wb5Nwb9DDkRrQpokLfjOsU.json,DATASET_STORAGE,2503,Data storage or dataset (data/rag/ChIJ8wb5Nwb9DDkRrQpokLfjOsU.json),0,False,False,True,False,⚪ KEEP — DATA / REFERENCE,KEEP
335,data/rag/ChIJ8X5p4sGpDTkRAn5CHmb8CgM.json,DATASET_STORAGE,1441,Data storage or dataset (data/rag/ChIJ8X5p4sGpDTkRAn5CHmb8CgM.json),0,False,False,True,False,⚪ KEEP — DATA / REFERENCE,KEEP
336,data/rag/ChIJ8XJNQSHnDDkR60BZUyvH0_8.json,DATASET_STORAGE,3758,Data storage or dataset (data/rag/ChIJ8XJNQSHnDDkR60BZUyvH0_8.json),0,False,False,True,False,⚪ KEEP — DATA / REFERENCE,KEEP
337,data/rag/ChIJ8XxKq60YDTkR1qyuvd84B8k.json,DATASET_STORAGE,2259,Data storage or dataset (data/rag/ChIJ8XxKq60YDTkR1qyuvd84B8k.json),0,False,False,True,False,⚪ KEEP — DATA / REFERENCE,KEEP
338,data/rag/ChIJ8Z3G91sHDTkR4fx3eLbmUAU.json,DATASET_STORAGE,2867,Data storage or dataset (data/rag/ChIJ8Z3G91sHDTkR4fx3eLbmUAU.json),0,False,False,True,False,⚪ KEEP — DATA / REFERENCE,KEEP
339,data/rag/ChIJ8Z_NJZ4DDTkReip6lwx436M.json,DATASET_STORAGE,3043,Data storage or dataset (data/rag/ChIJ8Z_NJZ4DDTkReip6lwx436M.json),0,False,False,True,False,⚪ KEEP — DATA / REFERENCE,KEEP
340,data/rag/ChIJ91XVqDABDTkRs5l8m4h51Dk.json,DATASET_STORAGE,3079,Data storage or dataset (data/rag/ChIJ91XVqDABDTkRs5l8m4h51Dk.json),0,False,False,True,False,⚪ KEEP — DATA / REFERENCE,KEEP
341,data/rag/ChIJ91zeLwDdDDkReFhf0mek_RM.json,DATASET_STORAGE,3306,Data storage or dataset (data/rag/ChIJ91zeLwDdDDkReFhf0mek_RM.json),0,False,False,True,False,⚪ KEEP — DATA / REFERENCE,KEEP
342,data/rag/ChIJ93r8-wbjDDkRlf30qg5Q_pM.json,DATASET_STORAGE,2656,Data storage or dataset (data/rag/ChIJ93r8-wbjDDkRlf30qg5Q_pM.json),0,False,False,True,False,⚪ KEEP — DATA / REFERENCE,KEEP
343,data/rag/ChIJ94OtjosHDTkRNzEsMJsW-jg.json,DATASET_STORAGE,2669,Data storage or dataset (data/rag/ChIJ94OtjosHDTkRNzEsMJsW-jg.json),0,False,False,True,False,⚪ KEEP — DATA / REFERENCE,KEEP
344,data/rag/ChIJ95pIbxIMDTkRS4oadXUcB64.json,DATASET_STORAGE,2085,Data storage or dataset (data/rag/ChIJ95pIbxIMDTkRS4oadXUcB64.json),0,False,False,True,False,⚪ KEEP — DATA / REFERENCE,KEEP
345,data/rag/ChIJ968tGgojDTkRObaW2xZSuXs.json,DATASET_STORAGE,2664,Data storage or dataset (data/rag/ChIJ968tGgojDTkRObaW2xZSuXs.json),0,False,False,True,False,⚪ KEEP — DATA / REFERENCE,KEEP
346,data/rag/ChIJ96cpUlsDDTkRK5rHUFLyRQc.json,DATASET_STORAGE,4643,Data storage or dataset (data/rag/ChIJ96cpUlsDDTkRK5rHUFLyRQc.json),0,False,False,True,False,⚪ KEEP — DATA / REFERENCE,KEEP
347,data/rag/ChIJ97ryQcUaDTkRMRQ3U8RDauM.json,DATASET_STORAGE,3486,Data storage or dataset (data/rag/ChIJ97ryQcUaDTkRMRQ3U8RDauM.json),0,False,False,True,False,⚪ KEEP — DATA / REFERENCE,KEEP
348,data/rag/ChIJ97W7F9EfDTkRidfrk_JoC5s.json,DATASET_STORAGE,3873,Data storage or dataset (data/rag/ChIJ97W7F9EfDTkRidfrk_JoC5s.json),0,False,False,True,False,⚪ KEEP — DATA / REFERENCE,KEEP
349,data/rag/ChIJ9bGyTpwCDTkRpCJHmrLyp8g.json,DATASET_STORAGE,3857,Data storage or dataset (data/rag/ChIJ9bGyTpwCDTkRpCJHmrLyp8g.json),0,False,False,True,False,⚪ KEEP — DATA / REFERENCE,KEEP
350,data/rag/ChIJ9bGyTpwCDTkRUo-2hSFXffA.json,DATASET_STORAGE,2552,Data storage or dataset (data/rag/ChIJ9bGyTpwCDTkRUo-2hSFXffA.json),0,False,False,True,False,⚪ KEEP — DATA / REFERENCE,KEEP
351,data/rag/ChIJ9cVfgg_9DDkRMQLzjeAJ-vY.json,DATASET_STORAGE,3989,Data storage or dataset (data/rag/ChIJ9cVfgg_9DDkRMQLzjeAJ-vY.json),0,False,False,True,False,⚪ KEEP — DATA / REFERENCE,KEEP
352,data/rag/ChIJ9edIGvoDDTkRVxqbcgB6rm0.json,DATASET_STORAGE,1978,Data storage or dataset (data/rag/ChIJ9edIGvoDDTkRVxqbcgB6rm0.json),0,False,False,True,False,⚪ KEEP — DATA / REFERENCE,KEEP
353,data/rag/ChIJ9ewU6Ls_DTkRzsiQ4T9QLWo.json,DATASET_STORAGE,1789,Data storage or dataset (data/rag/ChIJ9ewU6Ls_DTkRzsiQ4T9QLWo.json),0,False,False,True,False,⚪ KEEP — DATA / REFERENCE,KEEP
354,data/rag/ChIJ9f5mdiv7DDkRq-mRrFelJAo.json,DATASET_STORAGE,3065,Data storage or dataset (data/rag/ChIJ9f5mdiv7DDkRq-mRrFelJAo.json),0,False,False,True,False,⚪ KEEP — DATA / REFERENCE,KEEP
355,data/rag/ChIJ9QLLUI3dDDkRRkT-iEdX5Oo.json,DATASET_STORAGE,1970,Data storage or dataset (data/rag/ChIJ9QLLUI3dDDkRRkT-iEdX5Oo.json),0,False,False,True,False,⚪ KEEP — DATA / REFERENCE,KEEP
356,data/rag/ChIJ9UwfBWzdDDkRCkXnHDqFYAQ.json,DATASET_STORAGE,1670,Data storage or dataset (data/rag/ChIJ9UwfBWzdDDkRCkXnHDqFYAQ.json),0,False,False,True,False,⚪ KEEP — DATA / REFERENCE,KEEP
357,data/rag/ChIJ9W1BH1UHDTkR-atCKhI6R6Y.json,DATASET_STORAGE,4848,Data storage or dataset (data/rag/ChIJ9W1BH1UHDTkR-atCKhI6R6Y.json),0,False,False,True,False,⚪ KEEP — DATA / REFERENCE,KEEP
358,data/rag/ChIJ9WJgCpwiDTkR9v_-VgD8zc4.json,DATASET_STORAGE,2787,Data storage or dataset (data/rag/ChIJ9WJgCpwiDTkR9v_-VgD8zc4.json),0,False,False,True,False,⚪ KEEP — DATA / REFERENCE,KEEP
359,data/rag/ChIJ9Xii03PiDDkRFaoIddnxtns.json,DATASET_STORAGE,4175,Data storage or dataset (data/rag/ChIJ9Xii03PiDDkRFaoIddnxtns.json),0,False,False,True,False,⚪ KEEP — DATA / REFERENCE,KEEP
360,data/rag/ChIJ9yKcCbQXDTkRW3uWCbf-uLQ.json,DATASET_STORAGE,1494,Data storage or dataset (data/rag/ChIJ9yKcCbQXDTkRW3uWCbf-uLQ.json),0,False,False,True,False,⚪ KEEP — DATA / REFERENCE,KEEP
361,data/rag/ChIJ9YQiGwA9DTkRPjg7rABv8os.json,DATASET_STORAGE,4318,Data storage or dataset (data/rag/ChIJ9YQiGwA9DTkRPjg7rABv8os.json),0,False,False,True,False,⚪ KEEP — DATA / REFERENCE,KEEP
362,data/rag/ChIJ9z9RjKzjDDkRkqMhtJ2HBNM.json,DATASET_STORAGE,2793,Data storage or dataset (data/rag/ChIJ9z9RjKzjDDkRkqMhtJ2HBNM.json),0,False,False,True,False,⚪ KEEP — DATA / REFERENCE,KEEP
363,data/rag/ChIJ9zJVVgD7DDkRWOQxBwWX3G4.json,DATASET_STORAGE,3252,Data storage or dataset (data/rag/ChIJ9zJVVgD7DDkRWOQxBwWX3G4.json),0,False,False,True,False,⚪ KEEP — DATA / REFERENCE,KEEP
364,data/rag/ChIJ9_LFpUoZDTkRmQc0nr3920Y.json,DATASET_STORAGE,3449,Data storage or dataset (data/rag/ChIJ9_LFpUoZDTkRmQc0nr3920Y.json),0,False,False,True,False,⚪ KEEP — DATA / REFERENCE,KEEP
365,data/rag/ChIJ9_YcO0AcDTkR-IevngItAKw.json,DATASET_STORAGE,3006,Data storage or dataset (data/rag/ChIJ9_YcO0AcDTkR-IevngItAKw.json),0,False,False,True,False,⚪ KEEP — DATA / REFERENCE,KEEP
366,data/rag/ChIJA-vXAVT9DDkRgea1TJCa_UU.json,DATASET_STORAGE,1842,Data storage or dataset (data/rag/ChIJA-vXAVT9DDkRgea1TJCa_UU.json),0,False,False,True,False,⚪ KEEP — DATA / REFERENCE,KEEP
367,data/rag/ChIJA-XE0cprDTkRwR3bG7Oc7JM.json,DATASET_STORAGE,1342,Data storage or dataset (data/rag/ChIJA-XE0cprDTkRwR3bG7Oc7JM.json),0,False,False,True,False,⚪ KEEP — DATA / REFERENCE,KEEP
368,data/rag/ChIJA-zn7S77DDkRXJsksvK3hLw.json,DATASET_STORAGE,2506,Data storage or dataset (data/rag/ChIJA-zn7S77DDkRXJsksvK3hLw.json),0,False,False,True,False,⚪ KEEP — DATA / REFERENCE,KEEP
369,data/rag/ChIJa0S09SwYDTkRYlUWmvR1zMg.json,DATASET_STORAGE,4994,Data storage or dataset (data/rag/ChIJa0S09SwYDTkRYlUWmvR1zMg.json),0,False,False,True,False,⚪ KEEP — DATA / REFERENCE,KEEP
370,data/rag/ChIJa11F3PThDDkRiXUu-XFCPsM.json,DATASET_STORAGE,2527,Data storage or dataset (data/rag/ChIJa11F3PThDDkRiXUu-XFCPsM.json),0,False,False,True,False,⚪ KEEP — DATA / REFERENCE,KEEP
371,data/rag/ChIJa1Ew2zQdDTkRoVtBcorX4Nw.json,DATASET_STORAGE,3491,Data storage or dataset (data/rag/ChIJa1Ew2zQdDTkRoVtBcorX4Nw.json),0,False,False,True,False,⚪ KEEP — DATA / REFERENCE,KEEP
372,data/rag/ChIJa2dbPJkCDTkRh57e5vMUkj4.json,DATASET_STORAGE,3376,Data storage or dataset (data/rag/ChIJa2dbPJkCDTkRh57e5vMUkj4.json),0,False,False,True,False,⚪ KEEP — DATA / REFERENCE,KEEP
373,data/rag/ChIJa2KZCt77DDkRKDW7Yi-oHV0.json,DATASET_STORAGE,1947,Data storage or dataset (data/rag/ChIJa2KZCt77DDkRKDW7Yi-oHV0.json),0,False,False,True,False,⚪ KEEP — DATA / REFERENCE,KEEP
374,data/rag/ChIJa2MsH6MCDTkR2k0d3sh8BGU.json,DATASET_STORAGE,4071,Data storage or dataset (data/rag/ChIJa2MsH6MCDTkR2k0d3sh8BGU.json),0,False,False,True,False,⚪ KEEP — DATA / REFERENCE,KEEP
375,data/rag/ChIJa3V2bkYYDTkRXORa3zzhsTw.json,DATASET_STORAGE,3553,Data storage or dataset (data/rag/ChIJa3V2bkYYDTkRXORa3zzhsTw.json),0,False,False,True,False,⚪ KEEP — DATA / REFERENCE,KEEP
376,data/rag/ChIJa40AUI4dDTkR9i55mAwMWqE.json,DATASET_STORAGE,3399,Data storage or dataset (data/rag/ChIJa40AUI4dDTkR9i55mAwMWqE.json),0,False,False,True,False,⚪ KEEP — DATA / REFERENCE,KEEP
377,data/rag/ChIJA4OXYoEHDTkROFZ398gVHHU.json,DATASET_STORAGE,1650,Data storage or dataset (data/rag/ChIJA4OXYoEHDTkROFZ398gVHHU.json),0,False,False,True,False,⚪ KEEP — DATA / REFERENCE,KEEP
378,data/rag/ChIJA4pw_H4ZDTkRyr1y9v30CQ4.json,DATASET_STORAGE,3022,Data storage or dataset (data/rag/ChIJA4pw_H4ZDTkRyr1y9v30CQ4.json),0,False,False,True,False,⚪ KEEP — DATA / REFERENCE,KEEP
379,data/rag/ChIJa4Td0z8jDTkRPG1sCr5IS5o.json,DATASET_STORAGE,4327,Data storage or dataset (data/rag/ChIJa4Td0z8jDTkRPG1sCr5IS5o.json),0,False,False,True,False,⚪ KEEP — DATA / REFERENCE,KEEP
380,data/rag/ChIJa5dF22oZDTkRQ2KjgHaw2d8.json,DATASET_STORAGE,3142,Data storage or dataset (data/rag/ChIJa5dF22oZDTkRQ2KjgHaw2d8.json),0,False,False,True,False,⚪ KEEP — DATA / REFERENCE,KEEP
381,data/rag/ChIJA5noYTHdDDkRzwENbOht5eU.json,DATASET_STORAGE,2145,Data storage or dataset (data/rag/ChIJA5noYTHdDDkRzwENbOht5eU.json),0,False,False,True,False,⚪ KEEP — DATA / REFERENCE,KEEP
382,data/rag/ChIJA5u7YpYZDTkRCEcqc98Pbak.json,DATASET_STORAGE,1309,Data storage or dataset (data/rag/ChIJA5u7YpYZDTkRCEcqc98Pbak.json),0,False,False,True,False,⚪ KEEP — DATA / REFERENCE,KEEP
383,data/rag/ChIJa6yw1-AZDTkRqNKlmkNQJ_I.json,DATASET_STORAGE,2597,Data storage or dataset (data/rag/ChIJa6yw1-AZDTkRqNKlmkNQJ_I.json),0,False,False,True,False,⚪ KEEP — DATA / REFERENCE,KEEP
384,data/rag/ChIJA84Ws3QfDTkRLTRtRiMx5Dw.json,DATASET_STORAGE,940,Data storage or dataset (data/rag/ChIJA84Ws3QfDTkRLTRtRiMx5Dw.json),0,False,False,True,False,⚪ KEEP — DATA / REFERENCE,KEEP
385,data/rag/ChIJa8DmBlkZDTkRmCx2X4Z5BuU.json,DATASET_STORAGE,2621,Data storage or dataset (data/rag/ChIJa8DmBlkZDTkRmCx2X4Z5BuU.json),0,False,False,True,False,⚪ KEEP — DATA / REFERENCE,KEEP
386,data/rag/ChIJa8gPi4Y9DTkRTPXvb9eCpQg.json,DATASET_STORAGE,3286,Data storage or dataset (data/rag/ChIJa8gPi4Y9DTkRTPXvb9eCpQg.json),0,False,False,True,False,⚪ KEEP — DATA / REFERENCE,KEEP
387,data/rag/ChIJa9fUXWDjDDkREFvr2Csh_lQ.json,DATASET_STORAGE,3404,Data storage or dataset (data/rag/ChIJa9fUXWDjDDkREFvr2Csh_lQ.json),0,False,False,True,False,⚪ KEEP — DATA / REFERENCE,KEEP
388,data/rag/ChIJA9WYaIEHDTkRTK-Lo25SbTA.json,DATASET_STORAGE,3448,Data storage or dataset (data/rag/ChIJA9WYaIEHDTkRTK-Lo25SbTA.json),0,False,False,True,False,⚪ KEEP — DATA / REFERENCE,KEEP
389,data/rag/ChIJAaXhBdofDTkRjJVX_cRNLSQ.json,DATASET_STORAGE,3438,Data storage or dataset (data/rag/ChIJAaXhBdofDTkRjJVX_cRNLSQ.json),0,False,False,True,False,⚪ KEEP — DATA / REFERENCE,KEEP
390,data/rag/ChIJacclYuwZDTkR5UZdmKWu_90.json,DATASET_STORAGE,2089,Data storage or dataset (data/rag/ChIJacclYuwZDTkR5UZdmKWu_90.json),0,False,False,True,False,⚪ KEEP — DATA / REFERENCE,KEEP
391,data/rag/ChIJacgOlAn7DDkRRMZnwujhhAE.json,DATASET_STORAGE,951,Data storage or dataset (data/rag/ChIJacgOlAn7DDkRRMZnwujhhAE.json),0,False,False,True,False,⚪ KEEP — DATA / REFERENCE,KEEP
392,data/rag/ChIJacydQs0BDTkRlTfsjoQdjLA.json,DATASET_STORAGE,1433,Data storage or dataset (data/rag/ChIJacydQs0BDTkRlTfsjoQdjLA.json),0,False,False,True,False,⚪ KEEP — DATA / REFERENCE,KEEP
393,data/rag/ChIJAd3619A9DTkR4UZYACYhK9E.json,DATASET_STORAGE,2305,Data storage or dataset (data/rag/ChIJAd3619A9DTkR4UZYACYhK9E.json),0,False,False,True,False,⚪ KEEP — DATA / REFERENCE,KEEP
394,data/rag/ChIJadUD2mn9DDkR9T7bQcD1ErY.json,DATASET_STORAGE,2822,Data storage or dataset (data/rag/ChIJadUD2mn9DDkR9T7bQcD1ErY.json),0,False,False,True,False,⚪ KEEP — DATA / REFERENCE,KEEP
395,data/rag/ChIJAeEer4jkDDkRnvYOsth2r2c.json,DATASET_STORAGE,2377,Data storage or dataset (data/rag/ChIJAeEer4jkDDkRnvYOsth2r2c.json),0,False,False,True,False,⚪ KEEP — DATA / REFERENCE,KEEP
396,data/rag/ChIJaf9ECAAZDTkRC8nY0G2d1SY.json,DATASET_STORAGE,3063,Data storage or dataset (data/rag/ChIJaf9ECAAZDTkRC8nY0G2d1SY.json),0,False,False,True,False,⚪ KEEP — DATA / REFERENCE,KEEP
397,data/rag/ChIJAQA0MlMeDTkRBu02w_FNO1U.json,DATASET_STORAGE,1179,Data storage or dataset (data/rag/ChIJAQA0MlMeDTkRBu02w_FNO1U.json),0,False,False,True,False,⚪ KEEP — DATA / REFERENCE,KEEP
398,data/rag/ChIJAQAAAKHThDkROOHqJK8SqEQ.json,DATASET_STORAGE,3449,Data storage or dataset (data/rag/ChIJAQAAAKHThDkROOHqJK8SqEQ.json),0,False,False,True,False,⚪ KEEP — DATA / REFERENCE,KEEP
399,data/rag/ChIJAQAAMLD-DDkRdPtt8LsVujA.json,DATASET_STORAGE,3307,Data storage or dataset (data/rag/ChIJAQAAMLD-DDkRdPtt8LsVujA.json),0,False,False,True,False,⚪ KEEP — DATA / REFERENCE,KEEP
400,data/rag/ChIJAQAAwMoZDTkRW9hrHxvXr20.json,DATASET_STORAGE,3293,Data storage or dataset (data/rag/ChIJAQAAwMoZDTkRW9hrHxvXr20.json),0,False,False,True,False,⚪ KEEP — DATA / REFERENCE,KEEP
401,data/rag/ChIJAQAQ3iIeDTkRUX6NDxRGhiA.json,DATASET_STORAGE,4960,Data storage or dataset (data/rag/ChIJAQAQ3iIeDTkRUX6NDxRGhiA.json),0,False,False,True,False,⚪ KEEP — DATA / REFERENCE,KEEP
402,data/rag/ChIJAQB0mwAiDTkRGTqwPngT9Qg.json,DATASET_STORAGE,3139,Data storage or dataset (data/rag/ChIJAQB0mwAiDTkRGTqwPngT9Qg.json),0,False,False,True,False,⚪ KEEP — DATA / REFERENCE,KEEP
403,data/rag/ChIJAQBA6eAYDTkRV0RzEJj5IE8.json,DATASET_STORAGE,3274,Data storage or dataset (data/rag/ChIJAQBA6eAYDTkRV0RzEJj5IE8.json),0,False,False,True,False,⚪ KEEP — DATA / REFERENCE,KEEP
404,data/rag/ChIJAQBAAokZDTkRZxk3dwZd-4I.json,DATASET_STORAGE,2376,Data storage or dataset (data/rag/ChIJAQBAAokZDTkRZxk3dwZd-4I.json),0,False,False,True,False,⚪ KEEP — DATA / REFERENCE,KEEP
405,data/rag/ChIJAQCTgEP7DDkR8z4l4Lv6Uhc.json,DATASET_STORAGE,3851,Data storage or dataset (data/rag/ChIJAQCTgEP7DDkR8z4l4Lv6Uhc.json),0,False,False,True,False,⚪ KEEP — DATA / REFERENCE,KEEP
406,data/rag/ChIJAQDARl7iDDkRPMvE7jjAm4s.json,DATASET_STORAGE,4213,Data storage or dataset (data/rag/ChIJAQDARl7iDDkRPMvE7jjAm4s.json),0,False,False,True,False,⚪ KEEP — DATA / REFERENCE,KEEP
407,data/rag/ChIJAQDviIUCDTkRGce6KapJ6xw.json,DATASET_STORAGE,2513,Data storage or dataset (data/rag/ChIJAQDviIUCDTkRGce6KapJ6xw.json),0,False,False,True,False,⚪ KEEP — DATA / REFERENCE,KEEP
408,data/rag/ChIJaQdz0fEVDTkRUSxN6XkGWfo.json,DATASET_STORAGE,1368,Data storage or dataset (data/rag/ChIJaQdz0fEVDTkRUSxN6XkGWfo.json),0,False,False,True,False,⚪ KEEP — DATA / REFERENCE,KEEP
409,data/rag/ChIJaQpZ9tsdDTkRt-gxwpbrYSw.json,DATASET_STORAGE,1565,Data storage or dataset (data/rag/ChIJaQpZ9tsdDTkRt-gxwpbrYSw.json),0,False,False,True,False,⚪ KEEP — DATA / REFERENCE,KEEP
410,data/rag/ChIJaROo4qIXDTkRp83S4LarHGg.json,DATASET_STORAGE,1565,Data storage or dataset (data/rag/ChIJaROo4qIXDTkRp83S4LarHGg.json),0,False,False,True,False,⚪ KEEP — DATA / REFERENCE,KEEP
411,data/rag/ChIJaUH1g7YZDTkRwGo7eJ6sXow.json,DATASET_STORAGE,4484,Data storage or dataset (data/rag/ChIJaUH1g7YZDTkRwGo7eJ6sXow.json),0,False,False,True,False,⚪ KEEP — DATA / REFERENCE,KEEP
412,data/rag/ChIJaV7NaqEPDTkRd7n9IfLtJik.json,DATASET_STORAGE,1702,Data storage or dataset (data/rag/ChIJaV7NaqEPDTkRd7n9IfLtJik.json),0,False,False,True,False,⚪ KEEP — DATA / REFERENCE,KEEP
413,data/rag/ChIJAw2759jjDDkReqlGzFG1rN8.json,DATASET_STORAGE,1922,Data storage or dataset (data/rag/ChIJAw2759jjDDkReqlGzFG1rN8.json),0,False,False,True,False,⚪ KEEP — DATA / REFERENCE,KEEP
414,data/rag/ChIJaWaDFCkdDTkR0-v3D-Mz6BA.json,DATASET_STORAGE,5587,Data storage or dataset (data/rag/ChIJaWaDFCkdDTkR0-v3D-Mz6BA.json),0,False,False,True,False,⚪ KEEP — DATA / REFERENCE,KEEP
415,data/rag/ChIJawhvr7PnDDkRzK8CptG0rAo.json,DATASET_STORAGE,1866,Data storage or dataset (data/rag/ChIJawhvr7PnDDkRzK8CptG0rAo.json),0,False,False,True,False,⚪ KEEP — DATA / REFERENCE,KEEP
416,data/rag/ChIJAWlbwzsZDTkRTD1NrIaIoJg.json,DATASET_STORAGE,1637,Data storage or dataset (data/rag/ChIJAWlbwzsZDTkRTD1NrIaIoJg.json),0,False,False,True,False,⚪ KEEP — DATA / REFERENCE,KEEP
417,data/rag/ChIJaWnPPIYFDTkR5G99LKfy-d0.json,DATASET_STORAGE,1128,Data storage or dataset (data/rag/ChIJaWnPPIYFDTkR5G99LKfy-d0.json),0,False,False,True,False,⚪ KEEP — DATA / REFERENCE,KEEP
418,data/rag/ChIJaxDfKpMEDTkRrRoIsuSSnSM.json,DATASET_STORAGE,1784,Data storage or dataset (data/rag/ChIJaxDfKpMEDTkRrRoIsuSSnSM.json),0,False,False,True,False,⚪ KEEP — DATA / REFERENCE,KEEP
419,data/rag/ChIJAxoZFF0-DTkRrQYeGhnCS1c.json,DATASET_STORAGE,4201,Data storage or dataset (data/rag/ChIJAxoZFF0-DTkRrQYeGhnCS1c.json),0,False,False,True,False,⚪ KEEP — DATA / REFERENCE,KEEP
420,data/rag/ChIJAXp7bFcZDTkRkKdt_Lt46Tk.json,DATASET_STORAGE,2059,Data storage or dataset (data/rag/ChIJAXp7bFcZDTkRkKdt_Lt46Tk.json),0,False,False,True,False,⚪ KEEP — DATA / REFERENCE,KEEP
421,data/rag/ChIJAx_1cQAjDTkRyUfJqOJ0uhw.json,DATASET_STORAGE,2239,Data storage or dataset (data/rag/ChIJAx_1cQAjDTkRyUfJqOJ0uhw.json),0,False,False,True,False,⚪ KEEP — DATA / REFERENCE,KEEP
422,data/rag/ChIJAy3yrrofDTkRo9pQpHva1MY.json,DATASET_STORAGE,3350,Data storage or dataset (data/rag/ChIJAy3yrrofDTkRo9pQpHva1MY.json),0,False,False,True,False,⚪ KEEP — DATA / REFERENCE,KEEP
423,data/rag/ChIJAYcyTJ0ZDTkRLMQcp2ZFyMc.json,DATASET_STORAGE,3139,Data storage or dataset (data/rag/ChIJAYcyTJ0ZDTkRLMQcp2ZFyMc.json),0,False,False,True,False,⚪ KEEP — DATA / REFERENCE,KEEP
424,data/rag/ChIJAYFTg5HhDDkR_v7Ha_GJtt8.json,DATASET_STORAGE,3791,Data storage or dataset (data/rag/ChIJAYFTg5HhDDkR_v7Ha_GJtt8.json),0,False,False,True,False,⚪ KEEP — DATA / REFERENCE,KEEP
425,data/rag/ChIJayqg-TUbDTkRcFyaA0O5Wog.json,DATASET_STORAGE,2655,Data storage or dataset (data/rag/ChIJayqg-TUbDTkRcFyaA0O5Wog.json),0,False,False,True,False,⚪ KEEP — DATA / REFERENCE,KEEP
426,data/rag/ChIJayXjcrfdDDkR3fX98P4X8t4.json,DATASET_STORAGE,2781,Data storage or dataset (data/rag/ChIJayXjcrfdDDkR3fX98P4X8t4.json),0,False,False,True,False,⚪ KEEP — DATA / REFERENCE,KEEP
427,data/rag/ChIJazcHbn09DTkRy0dvrTlBckw.json,DATASET_STORAGE,3541,Data storage or dataset (data/rag/ChIJazcHbn09DTkRy0dvrTlBckw.json),0,False,False,True,False,⚪ KEEP — DATA / REFERENCE,KEEP
428,data/rag/ChIJAzDQxXn9DDkRYPf3fWJwA8M.json,DATASET_STORAGE,1143,Data storage or dataset (data/rag/ChIJAzDQxXn9DDkRYPf3fWJwA8M.json),0,False,False,True,False,⚪ KEEP — DATA / REFERENCE,KEEP
429,data/rag/ChIJAzdTzS7jDDkRIt7HRR47yfc.json,DATASET_STORAGE,2762,Data storage or dataset (data/rag/ChIJAzdTzS7jDDkRIt7HRR47yfc.json),0,False,False,True,False,⚪ KEEP — DATA / REFERENCE,KEEP
430,data/rag/ChIJAzPudb_dDDkR7Ky0lXG8OeI.json,DATASET_STORAGE,2941,Data storage or dataset (data/rag/ChIJAzPudb_dDDkR7Ky0lXG8OeI.json),0,False,False,True,False,⚪ KEEP — DATA / REFERENCE,KEEP
431,data/rag/ChIJAZRhEZWjDTkRjOCGULUsIM0.json,DATASET_STORAGE,2221,Data storage or dataset (data/rag/ChIJAZRhEZWjDTkRjOCGULUsIM0.json),0,False,False,True,False,⚪ KEEP — DATA / REFERENCE,KEEP
432,data/rag/ChIJAZTkm0D9DDkRAMiy3bHdGCY.json,DATASET_STORAGE,2070,Data storage or dataset (data/rag/ChIJAZTkm0D9DDkRAMiy3bHdGCY.json),0,False,False,True,False,⚪ KEEP — DATA / REFERENCE,KEEP
433,data/rag/ChIJAZTkm0D9DDkRMDezVFMRIKM.json,DATASET_STORAGE,2896,Data storage or dataset (data/rag/ChIJAZTkm0D9DDkRMDezVFMRIKM.json),0,False,False,True,False,⚪ KEEP — DATA / REFERENCE,KEEP
434,data/rag/ChIJA_gnLTQbDTkRVHz_FmDumIs.json,DATASET_STORAGE,1431,Data storage or dataset (data/rag/ChIJA_gnLTQbDTkRVHz_FmDumIs.json),0,False,False,True,False,⚪ KEEP — DATA / REFERENCE,KEEP
435,data/rag/ChIJB-shS9_jDDkRQQSbddJ0GOU.json,DATASET_STORAGE,4988,Data storage or dataset (data/rag/ChIJB-shS9_jDDkRQQSbddJ0GOU.json),0,False,False,True,False,⚪ KEEP — DATA / REFERENCE,KEEP
436,data/rag/ChIJB0f_eV8VDTkRZLamMeFD228.json,DATASET_STORAGE,993,Data storage or dataset (data/rag/ChIJB0f_eV8VDTkRZLamMeFD228.json),0,False,False,True,False,⚪ KEEP — DATA / REFERENCE,KEEP
437,data/rag/ChIJb0yEFbr7DDkR1DMZ_Stt7uI.json,DATASET_STORAGE,951,Data storage or dataset (data/rag/ChIJb0yEFbr7DDkR1DMZ_Stt7uI.json),0,False,False,True,False,⚪ KEEP — DATA / REFERENCE,KEEP
438,data/rag/ChIJb0ZxgdSpDTkRliL_cFrDh4Q.json,DATASET_STORAGE,1656,Data storage or dataset (data/rag/ChIJb0ZxgdSpDTkRliL_cFrDh4Q.json),0,False,False,True,False,⚪ KEEP — DATA / REFERENCE,KEEP
439,data/rag/ChIJB1BnotkdDTkRWrfJkptd0f4.json,DATASET_STORAGE,3722,Data storage or dataset (data/rag/ChIJB1BnotkdDTkRWrfJkptd0f4.json),0,False,False,True,False,⚪ KEEP — DATA / REFERENCE,KEEP
440,data/rag/ChIJb1sEEkEZDTkRDOPsDUSAn_U.json,DATASET_STORAGE,3240,Data storage or dataset (data/rag/ChIJb1sEEkEZDTkRDOPsDUSAn_U.json),0,False,False,True,False,⚪ KEEP — DATA / REFERENCE,KEEP
441,data/rag/ChIJb1VVVZoCDTkR55_HhaH8rMk.json,DATASET_STORAGE,1400,Data storage or dataset (data/rag/ChIJb1VVVZoCDTkR55_HhaH8rMk.json),0,False,False,True,False,⚪ KEEP — DATA / REFERENCE,KEEP
442,data/rag/ChIJB1xm5avdDDkRF1xqDSafw50.json,DATASET_STORAGE,3268,Data storage or dataset (data/rag/ChIJB1xm5avdDDkRF1xqDSafw50.json),0,False,False,True,False,⚪ KEEP — DATA / REFERENCE,KEEP
443,data/rag/ChIJb31uBhoHDTkRgNR0Ru405iE.json,DATASET_STORAGE,1859,Data storage or dataset (data/rag/ChIJb31uBhoHDTkRgNR0Ru405iE.json),0,False,False,True,False,⚪ KEEP — DATA / REFERENCE,KEEP
444,data/rag/ChIJB3eNuar9DDkRdLXjKjlGuaE.json,DATASET_STORAGE,4174,Data storage or dataset (data/rag/ChIJB3eNuar9DDkRdLXjKjlGuaE.json),0,False,False,True,False,⚪ KEEP — DATA / REFERENCE,KEEP
445,data/rag/ChIJB4eb5VziDDkR8DQnuhE4HhU.json,DATASET_STORAGE,1209,Data storage or dataset (data/rag/ChIJB4eb5VziDDkR8DQnuhE4HhU.json),0,False,False,True,False,⚪ KEEP — DATA / REFERENCE,KEEP
446,data/rag/ChIJb681I4YbDTkRsQz7dBn9LQM.json,DATASET_STORAGE,2520,Data storage or dataset (data/rag/ChIJb681I4YbDTkRsQz7dBn9LQM.json),0,False,False,True,False,⚪ KEEP — DATA / REFERENCE,KEEP
447,data/rag/ChIJb75Ao-79DDkRsIlRbmeNhYw.json,DATASET_STORAGE,2592,Data storage or dataset (data/rag/ChIJb75Ao-79DDkRsIlRbmeNhYw.json),0,False,False,True,False,⚪ KEEP — DATA / REFERENCE,KEEP
448,data/rag/ChIJb9R_xAfdDDkR2AVEx0QfRhk.json,DATASET_STORAGE,2116,Data storage or dataset (data/rag/ChIJb9R_xAfdDDkR2AVEx0QfRhk.json),0,False,False,True,False,⚪ KEEP — DATA / REFERENCE,KEEP
449,data/rag/ChIJb9VeCNMYDTkRcs0Bfr8neXo.json,DATASET_STORAGE,2775,Data storage or dataset (data/rag/ChIJb9VeCNMYDTkRcs0Bfr8neXo.json),0,False,False,True,False,⚪ KEEP — DATA / REFERENCE,KEEP
450,data/rag/ChIJBb2AhdMHDTkRiuP5pxgamCA.json,DATASET_STORAGE,1825,Data storage or dataset (data/rag/ChIJBb2AhdMHDTkRiuP5pxgamCA.json),0,False,False,True,False,⚪ KEEP — DATA / REFERENCE,KEEP
451,data/rag/ChIJBb3mYrQdDTkRv0Dx43jGpGQ.json,DATASET_STORAGE,4326,Data storage or dataset (data/rag/ChIJBb3mYrQdDTkRv0Dx43jGpGQ.json),0,False,False,True,False,⚪ KEEP — DATA / REFERENCE,KEEP
452,data/rag/ChIJBb6nI8D9DDkRwrBTMaXlXG4.json,DATASET_STORAGE,2320,Data storage or dataset (data/rag/ChIJBb6nI8D9DDkRwrBTMaXlXG4.json),0,False,False,True,False,⚪ KEEP — DATA / REFERENCE,KEEP
453,data/rag/ChIJBbCOpAnlDDkRaY_Ew4Tetlk.json,DATASET_STORAGE,2092,Data storage or dataset (data/rag/ChIJBbCOpAnlDDkRaY_Ew4Tetlk.json),0,False,False,True,False,⚪ KEEP — DATA / REFERENCE,KEEP
454,data/rag/ChIJBbgsxsYEDTkRc2dRoyxQ5Cw.json,DATASET_STORAGE,3282,Data storage or dataset (data/rag/ChIJBbgsxsYEDTkRc2dRoyxQ5Cw.json),0,False,False,True,False,⚪ KEEP — DATA / REFERENCE,KEEP
455,data/rag/ChIJBbpSm1sJDTkRdKOUL6qnOIY.json,DATASET_STORAGE,1306,Data storage or dataset (data/rag/ChIJBbpSm1sJDTkRdKOUL6qnOIY.json),0,False,False,True,False,⚪ KEEP — DATA / REFERENCE,KEEP
456,data/rag/ChIJBbwzvPMBDTkRPPGqzG0yUhc.json,DATASET_STORAGE,1665,Data storage or dataset (data/rag/ChIJBbwzvPMBDTkRPPGqzG0yUhc.json),0,False,False,True,False,⚪ KEEP — DATA / REFERENCE,KEEP
457,data/rag/ChIJBcMcWOAjDTkRUzbA5iIK4lY.json,DATASET_STORAGE,2607,Data storage or dataset (data/rag/ChIJBcMcWOAjDTkRUzbA5iIK4lY.json),0,False,False,True,False,⚪ KEEP — DATA / REFERENCE,KEEP
458,data/rag/ChIJbd9OQUMZDTkRVnrtcXUQNAA.json,DATASET_STORAGE,2969,Data storage or dataset (data/rag/ChIJbd9OQUMZDTkRVnrtcXUQNAA.json),0,False,False,True,False,⚪ KEEP — DATA / REFERENCE,KEEP
459,data/rag/ChIJbe0Wa9oZDTkR_jLO_rumWio.json,DATASET_STORAGE,2466,Data storage or dataset (data/rag/ChIJbe0Wa9oZDTkR_jLO_rumWio.json),0,False,False,True,False,⚪ KEEP — DATA / REFERENCE,KEEP
460,data/rag/ChIJbei8fiD9DDkR6sUO_0lx9Cg.json,DATASET_STORAGE,2442,Data storage or dataset (data/rag/ChIJbei8fiD9DDkR6sUO_0lx9Cg.json),0,False,False,True,False,⚪ KEEP — DATA / REFERENCE,KEEP
461,data/rag/ChIJBeUtHnTiDDkR4Ubj5utSO8c.json,DATASET_STORAGE,2206,Data storage or dataset (data/rag/ChIJBeUtHnTiDDkR4Ubj5utSO8c.json),0,False,False,True,False,⚪ KEEP — DATA / REFERENCE,KEEP
462,data/rag/ChIJBevGfo4ZDTkRVZgGThgWOhM.json,DATASET_STORAGE,2649,Data storage or dataset (data/rag/ChIJBevGfo4ZDTkRVZgGThgWOhM.json),0,False,False,True,False,⚪ KEEP — DATA / REFERENCE,KEEP
463,data/rag/ChIJbfkmJQAHDTkRD-L97rM_8Bc.json,DATASET_STORAGE,1471,Data storage or dataset (data/rag/ChIJbfkmJQAHDTkRD-L97rM_8Bc.json),0,False,False,True,False,⚪ KEEP — DATA / REFERENCE,KEEP
464,data/rag/ChIJBfnuD7sZDTkRo_vgFmqNTNs.json,DATASET_STORAGE,1998,Data storage or dataset (data/rag/ChIJBfnuD7sZDTkRo_vgFmqNTNs.json),0,False,False,True,False,⚪ KEEP — DATA / REFERENCE,KEEP
465,data/rag/ChIJbQ74MQkiDTkRYja2Bqk2fsE.json,DATASET_STORAGE,3249,Data storage or dataset (data/rag/ChIJbQ74MQkiDTkRYja2Bqk2fsE.json),0,False,False,True,False,⚪ KEEP — DATA / REFERENCE,KEEP
466,data/rag/ChIJbQkQQq38DDkRiO1-3Xdle-Y.json,DATASET_STORAGE,1525,Data storage or dataset (data/rag/ChIJbQkQQq38DDkRiO1-3Xdle-Y.json),0,False,False,True,False,⚪ KEEP — DATA / REFERENCE,KEEP
467,data/rag/ChIJbRm2nIndDDkRSBeUA2LGd1I.json,DATASET_STORAGE,1972,Data storage or dataset (data/rag/ChIJbRm2nIndDDkRSBeUA2LGd1I.json),0,False,False,True,False,⚪ KEEP — DATA / REFERENCE,KEEP
468,data/rag/ChIJBS-HCGL9DDkRnvfrMTf9pDM.json,DATASET_STORAGE,2764,Data storage or dataset (data/rag/ChIJBS-HCGL9DDkRnvfrMTf9pDM.json),0,False,False,True,False,⚪ KEEP — DATA / REFERENCE,KEEP
469,data/rag/ChIJbTT-v875DDkRfg30l_AE0wg.json,DATASET_STORAGE,1330,Data storage or dataset (data/rag/ChIJbTT-v875DDkRfg30l_AE0wg.json),0,False,False,True,False,⚪ KEEP — DATA / REFERENCE,KEEP
470,data/rag/ChIJBUyBs_EBDTkR6NDsh_942IY.json,DATASET_STORAGE,3400,Data storage or dataset (data/rag/ChIJBUyBs_EBDTkR6NDsh_942IY.json),0,False,False,True,False,⚪ KEEP — DATA / REFERENCE,KEEP
471,data/rag/ChIJbVCvAvAFDTkRlzr9tZeOr3c.json,DATASET_STORAGE,3321,Data storage or dataset (data/rag/ChIJbVCvAvAFDTkRlzr9tZeOr3c.json),0,False,False,True,False,⚪ KEEP — DATA / REFERENCE,KEEP
472,data/rag/ChIJBVSGE6gbDTkRSmVkRqpoTi8.json,DATASET_STORAGE,4050,Data storage or dataset (data/rag/ChIJBVSGE6gbDTkRSmVkRqpoTi8.json),0,False,False,True,False,⚪ KEEP — DATA / REFERENCE,KEEP
473,data/rag/ChIJBw4gkmQJDTkRCfSriSCLgGE.json,DATASET_STORAGE,1281,Data storage or dataset (data/rag/ChIJBw4gkmQJDTkRCfSriSCLgGE.json),0,False,False,True,False,⚪ KEEP — DATA / REFERENCE,KEEP
474,data/rag/ChIJbW7dveILDTkRpbfTOIEo1U0.json,DATASET_STORAGE,3664,Data storage or dataset (data/rag/ChIJbW7dveILDTkRpbfTOIEo1U0.json),0,False,False,True,False,⚪ KEEP — DATA / REFERENCE,KEEP
475,data/rag/ChIJBWLPRSvfDDkR9hoirJEhMJI.json,DATASET_STORAGE,1509,Data storage or dataset (data/rag/ChIJBWLPRSvfDDkR9hoirJEhMJI.json),0,False,False,True,False,⚪ KEEP — DATA / REFERENCE,KEEP
476,data/rag/ChIJbwpdFIXhDDkR1mfZ7FLaOV8.json,DATASET_STORAGE,6475,Data storage or dataset (data/rag/ChIJbwpdFIXhDDkR1mfZ7FLaOV8.json),0,False,False,True,False,⚪ KEEP — DATA / REFERENCE,KEEP
477,data/rag/ChIJBXLyghI9DTkRRrOaOusMssk.json,DATASET_STORAGE,7743,Data storage or dataset (data/rag/ChIJBXLyghI9DTkRRrOaOusMssk.json),0,False,False,True,False,⚪ KEEP — DATA / REFERENCE,KEEP
478,data/rag/ChIJBXnLrFvhDDkRAiQRIACRglQ.json,DATASET_STORAGE,3907,Data storage or dataset (data/rag/ChIJBXnLrFvhDDkRAiQRIACRglQ.json),0,False,False,True,False,⚪ KEEP — DATA / REFERENCE,KEEP
479,data/rag/ChIJby0WOwAfDTkR6PBzipNl_n8.json,DATASET_STORAGE,3088,Data storage or dataset (data/rag/ChIJby0WOwAfDTkR6PBzipNl_n8.json),0,False,False,True,False,⚪ KEEP — DATA / REFERENCE,KEEP
480,data/rag/ChIJbYigBcvjDDkRStKjE7MFi4o.json,DATASET_STORAGE,3056,Data storage or dataset (data/rag/ChIJbYigBcvjDDkRStKjE7MFi4o.json),0,False,False,True,False,⚪ KEEP — DATA / REFERENCE,KEEP
481,data/rag/ChIJByYe3LL9DDkRVpIn7noONz0.json,DATASET_STORAGE,3501,Data storage or dataset (data/rag/ChIJByYe3LL9DDkRVpIn7noONz0.json),0,False,False,True,False,⚪ KEEP — DATA / REFERENCE,KEEP
482,data/rag/ChIJBz-A1bT9DDkRyCwXhKz5ZC8.json,DATASET_STORAGE,2963,Data storage or dataset (data/rag/ChIJBz-A1bT9DDkRyCwXhKz5ZC8.json),0,False,False,True,False,⚪ KEEP — DATA / REFERENCE,KEEP
483,data/rag/ChIJBzhabYMFDTkRwDDnvz1r_Ms.json,DATASET_STORAGE,2281,Data storage or dataset (data/rag/ChIJBzhabYMFDTkRwDDnvz1r_Ms.json),0,False,False,True,False,⚪ KEEP — DATA / REFERENCE,KEEP
484,data/rag/ChIJbZrCzw39DDkR76CW6KVWgYs.json,DATASET_STORAGE,2056,Data storage or dataset (data/rag/ChIJbZrCzw39DDkR76CW6KVWgYs.json),0,False,False,True,False,⚪ KEEP — DATA / REFERENCE,KEEP
485,data/rag/ChIJBztzF2_dDDkRL7U3jwZkoRM.json,DATASET_STORAGE,2541,Data storage or dataset (data/rag/ChIJBztzF2_dDDkRL7U3jwZkoRM.json),0,False,False,True,False,⚪ KEEP — DATA / REFERENCE,KEEP
486,data/rag/ChIJB_YlZ60DDTkRk6N2H6cp11Q.json,DATASET_STORAGE,3102,Data storage or dataset (data/rag/ChIJB_YlZ60DDTkRk6N2H6cp11Q.json),0,False,False,True,False,⚪ KEEP — DATA / REFERENCE,KEEP
487,data/rag/ChIJc-0fwtYBDTkRsO8KJ3y5_gM.json,DATASET_STORAGE,2036,Data storage or dataset (data/rag/ChIJc-0fwtYBDTkRsO8KJ3y5_gM.json),0,False,False,True,False,⚪ KEEP — DATA / REFERENCE,KEEP
488,data/rag/ChIJC-P-G5gCDTkRpV3HzHjERLA.json,DATASET_STORAGE,3369,Data storage or dataset (data/rag/ChIJC-P-G5gCDTkRpV3HzHjERLA.json),0,False,False,True,False,⚪ KEEP — DATA / REFERENCE,KEEP
489,data/rag/ChIJC-svMT7nDDkRsnPyEfm6MSM.json,DATASET_STORAGE,2603,Data storage or dataset (data/rag/ChIJC-svMT7nDDkRsnPyEfm6MSM.json),0,False,False,True,False,⚪ KEEP — DATA / REFERENCE,KEEP
490,data/rag/ChIJC0pNFKb_DDkR6f4LYdcCE3w.json,DATASET_STORAGE,3036,Data storage or dataset (data/rag/ChIJC0pNFKb_DDkR6f4LYdcCE3w.json),0,False,False,True,False,⚪ KEEP — DATA / REFERENCE,KEEP
491,data/rag/ChIJc2maTQAFDTkRh3AjPkXjtts.json,DATASET_STORAGE,1446,Data storage or dataset (data/rag/ChIJc2maTQAFDTkRh3AjPkXjtts.json),0,False,False,True,False,⚪ KEEP — DATA / REFERENCE,KEEP
492,data/rag/ChIJC3jSkMLnDDkRpbyJHHT6HjY.json,DATASET_STORAGE,2204,Data storage or dataset (data/rag/ChIJC3jSkMLnDDkRpbyJHHT6HjY.json),0,False,False,True,False,⚪ KEEP — DATA / REFERENCE,KEEP
493,data/rag/ChIJc3tLO9gHDTkR-Yt8o7HV9V0.json,DATASET_STORAGE,4530,Data storage or dataset (data/rag/ChIJc3tLO9gHDTkR-Yt8o7HV9V0.json),0,False,False,True,False,⚪ KEEP — DATA / REFERENCE,KEEP
494,data/rag/ChIJc3ZI9pobDTkRPtK8HE8mb4I.json,DATASET_STORAGE,2942,Data storage or dataset (data/rag/ChIJc3ZI9pobDTkRPtK8HE8mb4I.json),0,False,False,True,False,⚪ KEEP — DATA / REFERENCE,KEEP
495,data/rag/ChIJC4a0GTAdDTkR08VLCKrqsfs.json,DATASET_STORAGE,3868,Data storage or dataset (data/rag/ChIJC4a0GTAdDTkR08VLCKrqsfs.json),0,False,False,True,False,⚪ KEEP — DATA / REFERENCE,KEEP
496,data/rag/ChIJc4BAbZoJDTkRKKZrpsVFBFw.json,DATASET_STORAGE,1806,Data storage or dataset (data/rag/ChIJc4BAbZoJDTkRKKZrpsVFBFw.json),0,False,False,True,False,⚪ KEEP — DATA / REFERENCE,KEEP
497,data/rag/ChIJC4qlMTf9DDkRhRQpkx58hqI.json,DATASET_STORAGE,2084,Data storage or dataset (data/rag/ChIJC4qlMTf9DDkRhRQpkx58hqI.json),0,False,False,True,False,⚪ KEEP — DATA / REFERENCE,KEEP
498,data/rag/ChIJC567cIwdDTkRsrbn8qAY9H4.json,DATASET_STORAGE,3031,Data storage or dataset (data/rag/ChIJC567cIwdDTkRsrbn8qAY9H4.json),0,False,False,True,False,⚪ KEEP — DATA / REFERENCE,KEEP
499,data/rag/ChIJC5jTgNcZDTkR3ajFCvQd1dI.json,DATASET_STORAGE,3093,Data storage or dataset (data/rag/ChIJC5jTgNcZDTkR3ajFCvQd1dI.json),0,False,False,True,False,⚪ KEEP — DATA / REFERENCE,KEEP
500,data/rag/ChIJC5Q-kVUFDTkRJw9wSqEzoKY.json,DATASET_STORAGE,2980,Data storage or dataset (data/rag/ChIJC5Q-kVUFDTkRJw9wSqEzoKY.json),0,False,False,True,False,⚪ KEEP — DATA / REFERENCE,KEEP
501,data/rag/ChIJc71sG0EcDTkRy3QIJsXVu6I.json,DATASET_STORAGE,3541,Data storage or dataset (data/rag/ChIJc71sG0EcDTkRy3QIJsXVu6I.json),0,False,False,True,False,⚪ KEEP — DATA / REFERENCE,KEEP
502,data/rag/ChIJC7kLf7ghDTkRxYDIWk_0mrg.json,DATASET_STORAGE,3141,Data storage or dataset (data/rag/ChIJC7kLf7ghDTkRxYDIWk_0mrg.json),0,False,False,True,False,⚪ KEEP — DATA / REFERENCE,KEEP
503,data/rag/ChIJc9nUFqgYDTkRLusxIdi-tzQ.json,DATASET_STORAGE,2145,Data storage or dataset (data/rag/ChIJc9nUFqgYDTkRLusxIdi-tzQ.json),0,False,False,True,False,⚪ KEEP — DATA / REFERENCE,KEEP
504,data/rag/ChIJCbfAqZ4CDTkRb3axkMEgrnw.json,DATASET_STORAGE,2902,Data storage or dataset (data/rag/ChIJCbfAqZ4CDTkRb3axkMEgrnw.json),0,False,False,True,False,⚪ KEEP — DATA / REFERENCE,KEEP
505,data/rag/ChIJCbfAqZ4CDTkRFi_5YrUbYzg.json,DATASET_STORAGE,3474,Data storage or dataset (data/rag/ChIJCbfAqZ4CDTkRFi_5YrUbYzg.json),0,False,False,True,False,⚪ KEEP — DATA / REFERENCE,KEEP
506,data/rag/ChIJCbfAqZ4CDTkRXDM5WL-Z6nc.json,DATASET_STORAGE,2484,Data storage or dataset (data/rag/ChIJCbfAqZ4CDTkRXDM5WL-Z6nc.json),0,False,False,True,False,⚪ KEEP — DATA / REFERENCE,KEEP
507,data/rag/ChIJcc4_KG8EDTkR4zJt8puaXqY.json,DATASET_STORAGE,3365,Data storage or dataset (data/rag/ChIJcc4_KG8EDTkR4zJt8puaXqY.json),0,False,False,True,False,⚪ KEEP — DATA / REFERENCE,KEEP
508,data/rag/ChIJCcAUB0UUDTkRFVah_3Z_EA8.json,DATASET_STORAGE,1551,Data storage or dataset (data/rag/ChIJCcAUB0UUDTkRFVah_3Z_EA8.json),0,False,False,True,False,⚪ KEEP — DATA / REFERENCE,KEEP
509,data/rag/ChIJCdCLTWgcDTkRgCe4U3CxnUo.json,DATASET_STORAGE,2780,Data storage or dataset (data/rag/ChIJCdCLTWgcDTkRgCe4U3CxnUo.json),0,False,False,True,False,⚪ KEEP — DATA / REFERENCE,KEEP
510,data/rag/ChIJcesj01GrDTkRrImwlYYttpM.json,DATASET_STORAGE,1808,Data storage or dataset (data/rag/ChIJcesj01GrDTkRrImwlYYttpM.json),0,False,False,True,False,⚪ KEEP — DATA / REFERENCE,KEEP
511,data/rag/ChIJcfBZzI0ZDTkRzkNr9l0ifhY.json,DATASET_STORAGE,4767,Data storage or dataset (data/rag/ChIJcfBZzI0ZDTkRzkNr9l0ifhY.json),0,False,False,True,False,⚪ KEEP — DATA / REFERENCE,KEEP
512,data/rag/ChIJCfft_zQZDTkR-d687pw4YUI.json,DATASET_STORAGE,3911,Data storage or dataset (data/rag/ChIJCfft_zQZDTkR-d687pw4YUI.json),0,False,False,True,False,⚪ KEEP — DATA / REFERENCE,KEEP
513,data/rag/ChIJcfXKPeH5DDkRNcE1fMUKtKY.json,DATASET_STORAGE,1675,Data storage or dataset (data/rag/ChIJcfXKPeH5DDkRNcE1fMUKtKY.json),0,False,False,True,False,⚪ KEEP — DATA / REFERENCE,KEEP
514,data/rag/ChIJCS9C0uhrDTkRa6WloDihzjA.json,DATASET_STORAGE,2143,Data storage or dataset (data/rag/ChIJCS9C0uhrDTkRa6WloDihzjA.json),0,False,False,True,False,⚪ KEEP — DATA / REFERENCE,KEEP
515,data/rag/ChIJcSOPprgdDTkR02f7jAhRoFE.json,DATASET_STORAGE,2938,Data storage or dataset (data/rag/ChIJcSOPprgdDTkR02f7jAhRoFE.json),0,False,False,True,False,⚪ KEEP — DATA / REFERENCE,KEEP
516,data/rag/ChIJCUCbwIwZDTkRpOs1cXoyU2Q.json,DATASET_STORAGE,2836,Data storage or dataset (data/rag/ChIJCUCbwIwZDTkRpOs1cXoyU2Q.json),0,False,False,True,False,⚪ KEEP — DATA / REFERENCE,KEEP
517,data/rag/ChIJcU_DX6j_DDkRgq0yuWNNbMg.json,DATASET_STORAGE,2275,Data storage or dataset (data/rag/ChIJcU_DX6j_DDkRgq0yuWNNbMg.json),0,False,False,True,False,⚪ KEEP — DATA / REFERENCE,KEEP
518,data/rag/ChIJCVKJb40hDTkRperhcYArmyI.json,DATASET_STORAGE,1245,Data storage or dataset (data/rag/ChIJCVKJb40hDTkRperhcYArmyI.json),0,False,False,True,False,⚪ KEEP — DATA / REFERENCE,KEEP
519,data/rag/ChIJCWY26SAhDTkR1Zlugtx6d1U.json,DATASET_STORAGE,2424,Data storage or dataset (data/rag/ChIJCWY26SAhDTkR1Zlugtx6d1U.json),0,False,False,True,False,⚪ KEEP — DATA / REFERENCE,KEEP
520,data/rag/ChIJcWZoJ0rnDDkR7ya1Tpcw6-k.json,DATASET_STORAGE,5124,Data storage or dataset (data/rag/ChIJcWZoJ0rnDDkR7ya1Tpcw6-k.json),0,False,False,True,False,⚪ KEEP — DATA / REFERENCE,KEEP
521,data/rag/ChIJCXCAgNkfDTkRAOH3fheHj10.json,DATASET_STORAGE,1594,Data storage or dataset (data/rag/ChIJCXCAgNkfDTkRAOH3fheHj10.json),0,False,False,True,False,⚪ KEEP — DATA / REFERENCE,KEEP
522,data/rag/ChIJcxohOZ4CDTkR96khe3coRkg.json,DATASET_STORAGE,1932,Data storage or dataset (data/rag/ChIJcxohOZ4CDTkR96khe3coRkg.json),0,False,False,True,False,⚪ KEEP — DATA / REFERENCE,KEEP
523,data/rag/ChIJCxPaVwADDTkRQZ-4juHz88U.json,DATASET_STORAGE,2993,Data storage or dataset (data/rag/ChIJCxPaVwADDTkRQZ-4juHz88U.json),0,False,False,True,False,⚪ KEEP — DATA / REFERENCE,KEEP
524,data/rag/ChIJCyc2Pa_mDDkRFDjbRorrdGg.json,DATASET_STORAGE,1849,Data storage or dataset (data/rag/ChIJCyc2Pa_mDDkRFDjbRorrdGg.json),0,False,False,True,False,⚪ KEEP — DATA / REFERENCE,KEEP
525,data/rag/ChIJcyCyFDgBDTkRlbnFt0ewlWQ.json,DATASET_STORAGE,1110,Data storage or dataset (data/rag/ChIJcyCyFDgBDTkRlbnFt0ewlWQ.json),0,False,False,True,False,⚪ KEEP — DATA / REFERENCE,KEEP
526,data/rag/ChIJcYHejWQHDTkRoCglvFFeLcc.json,DATASET_STORAGE,2494,Data storage or dataset (data/rag/ChIJcYHejWQHDTkRoCglvFFeLcc.json),0,False,False,True,False,⚪ KEEP — DATA / REFERENCE,KEEP
527,data/rag/ChIJCYkD0ckZDTkROZqkEmNEa5k.json,DATASET_STORAGE,2343,Data storage or dataset (data/rag/ChIJCYkD0ckZDTkROZqkEmNEa5k.json),0,False,False,True,False,⚪ KEEP — DATA / REFERENCE,KEEP
528,data/rag/ChIJcyPwClgJDTkRpkzRG7inG44.json,DATASET_STORAGE,2254,Data storage or dataset (data/rag/ChIJcyPwClgJDTkRpkzRG7inG44.json),0,False,False,True,False,⚪ KEEP — DATA / REFERENCE,KEEP
529,data/rag/ChIJCyUAlnH7DDkRGOw37CO42EY.json,DATASET_STORAGE,2937,Data storage or dataset (data/rag/ChIJCyUAlnH7DDkRGOw37CO42EY.json),0,False,False,True,False,⚪ KEEP — DATA / REFERENCE,KEEP
530,data/rag/ChIJcZ7kEYMZDTkRGUFb1yxSQfg.json,DATASET_STORAGE,3145,Data storage or dataset (data/rag/ChIJcZ7kEYMZDTkRGUFb1yxSQfg.json),0,False,False,True,False,⚪ KEEP — DATA / REFERENCE,KEEP
531,data/rag/ChIJczB9bWwFDTkRpHg0nEMBI0M.json,DATASET_STORAGE,1649,Data storage or dataset (data/rag/ChIJczB9bWwFDTkRpHg0nEMBI0M.json),0,False,False,True,False,⚪ KEEP — DATA / REFERENCE,KEEP
532,data/rag/ChIJczKllXuqDTkRLn-SdXvjeUs.json,DATASET_STORAGE,7955,Data storage or dataset (data/rag/ChIJczKllXuqDTkRLn-SdXvjeUs.json),0,False,False,True,False,⚪ KEEP — DATA / REFERENCE,KEEP
533,data/rag/ChIJCzkoDqcEDTkR80MrklwRG6U.json,DATASET_STORAGE,1853,Data storage or dataset (data/rag/ChIJCzkoDqcEDTkR80MrklwRG6U.json),0,False,False,True,False,⚪ KEEP — DATA / REFERENCE,KEEP
534,data/rag/ChIJC_BtMAmsDTkR0zDkFj0klCs.json,DATASET_STORAGE,3236,Data storage or dataset (data/rag/ChIJC_BtMAmsDTkR0zDkFj0klCs.json),0,False,False,True,False,⚪ KEEP — DATA / REFERENCE,KEEP
535,data/rag/ChIJd-3rnjD9DDkRh4jC5r1Deec.json,DATASET_STORAGE,2729,Data storage or dataset (data/rag/ChIJd-3rnjD9DDkRh4jC5r1Deec.json),0,False,False,True,False,⚪ KEEP — DATA / REFERENCE,KEEP
536,data/rag/ChIJD-BZ3TMDDTkRXdT-qrMpMYY.json,DATASET_STORAGE,2924,Data storage or dataset (data/rag/ChIJD-BZ3TMDDTkRXdT-qrMpMYY.json),0,False,False,True,False,⚪ KEEP — DATA / REFERENCE,KEEP
537,data/rag/ChIJd-ZjPh_7DDkR1oqGuo5VE1E.json,DATASET_STORAGE,1467,Data storage or dataset (data/rag/ChIJd-ZjPh_7DDkR1oqGuo5VE1E.json),0,False,False,True,False,⚪ KEEP — DATA / REFERENCE,KEEP
538,data/rag/ChIJD-_OOykHDTkRfcnV8lQwHtg.json,DATASET_STORAGE,1242,Data storage or dataset (data/rag/ChIJD-_OOykHDTkRfcnV8lQwHtg.json),0,False,False,True,False,⚪ KEEP — DATA / REFERENCE,KEEP
539,data/rag/ChIJd0ioAMQbDTkRQVSbRjEe7WY.json,DATASET_STORAGE,2517,Data storage or dataset (data/rag/ChIJd0ioAMQbDTkRQVSbRjEe7WY.json),0,False,False,True,False,⚪ KEEP — DATA / REFERENCE,KEEP
540,data/rag/ChIJD0MQIp89DTkRP3c_QnFrdws.json,DATASET_STORAGE,2094,Data storage or dataset (data/rag/ChIJD0MQIp89DTkRP3c_QnFrdws.json),0,False,False,True,False,⚪ KEEP — DATA / REFERENCE,KEEP
541,data/rag/ChIJd0OgBToZDTkRhlQmthdje-Y.json,DATASET_STORAGE,3073,Data storage or dataset (data/rag/ChIJd0OgBToZDTkRhlQmthdje-Y.json),0,False,False,True,False,⚪ KEEP — DATA / REFERENCE,KEEP
542,data/rag/ChIJD0RVhn8ZDTkRUF5yuCiz2QU.json,DATASET_STORAGE,3576,Data storage or dataset (data/rag/ChIJD0RVhn8ZDTkRUF5yuCiz2QU.json),0,False,False,True,False,⚪ KEEP — DATA / REFERENCE,KEEP
543,data/rag/ChIJd0vHMCweDTkRayozzfX4sGc.json,DATASET_STORAGE,4378,Data storage or dataset (data/rag/ChIJd0vHMCweDTkRayozzfX4sGc.json),0,False,False,True,False,⚪ KEEP — DATA / REFERENCE,KEEP
544,data/rag/ChIJD17xGwccDTkR56renr5AHfM.json,DATASET_STORAGE,3516,Data storage or dataset (data/rag/ChIJD17xGwccDTkR56renr5AHfM.json),0,False,False,True,False,⚪ KEEP — DATA / REFERENCE,KEEP
545,data/rag/ChIJD28IYhABDTkR33cJ9vppB2M.json,DATASET_STORAGE,1953,Data storage or dataset (data/rag/ChIJD28IYhABDTkR33cJ9vppB2M.json),0,False,False,True,False,⚪ KEEP — DATA / REFERENCE,KEEP
546,data/rag/ChIJD30e-Uw8DTkRO7PU1hnBmnw.json,DATASET_STORAGE,2397,Data storage or dataset (data/rag/ChIJD30e-Uw8DTkRO7PU1hnBmnw.json),0,False,False,True,False,⚪ KEEP — DATA / REFERENCE,KEEP
547,data/rag/ChIJD3l5JwYfDTkRrQ4zqTYjbfM.json,DATASET_STORAGE,2756,Data storage or dataset (data/rag/ChIJD3l5JwYfDTkRrQ4zqTYjbfM.json),0,False,False,True,False,⚪ KEEP — DATA / REFERENCE,KEEP
548,data/rag/ChIJD4ycINPjDDkR4Xvm3Q1Quq8.json,DATASET_STORAGE,3308,Data storage or dataset (data/rag/ChIJD4ycINPjDDkR4Xvm3Q1Quq8.json),0,False,False,True,False,⚪ KEEP — DATA / REFERENCE,KEEP
549,data/rag/ChIJd4yhs0LjDDkRl-UgerNidgU.json,DATASET_STORAGE,1768,Data storage or dataset (data/rag/ChIJd4yhs0LjDDkRl-UgerNidgU.json),0,False,False,True,False,⚪ KEEP — DATA / REFERENCE,KEEP
550,data/rag/ChIJD52m02gEDTkRjAvSWtdaO2E.json,DATASET_STORAGE,1298,Data storage or dataset (data/rag/ChIJD52m02gEDTkRjAvSWtdaO2E.json),0,False,False,True,False,⚪ KEEP — DATA / REFERENCE,KEEP
551,data/rag/ChIJd5cZPc8aDTkRE1xpc6mQ0Sg.json,DATASET_STORAGE,3262,Data storage or dataset (data/rag/ChIJd5cZPc8aDTkRE1xpc6mQ0Sg.json),0,False,False,True,False,⚪ KEEP — DATA / REFERENCE,KEEP
552,data/rag/ChIJd5LhshIDDTkRPxoMyHG_tgA.json,DATASET_STORAGE,3056,Data storage or dataset (data/rag/ChIJd5LhshIDDTkRPxoMyHG_tgA.json),0,False,False,True,False,⚪ KEEP — DATA / REFERENCE,KEEP
553,data/rag/ChIJd6482AwFDTkRIzkWAxQEfIw.json,DATASET_STORAGE,3051,Data storage or dataset (data/rag/ChIJd6482AwFDTkRIzkWAxQEfIw.json),0,False,False,True,False,⚪ KEEP — DATA / REFERENCE,KEEP
554,data/rag/ChIJD6eyOWkEDTkRa5DoupugiDg.json,DATASET_STORAGE,3234,Data storage or dataset (data/rag/ChIJD6eyOWkEDTkRa5DoupugiDg.json),0,False,False,True,False,⚪ KEEP — DATA / REFERENCE,KEEP
555,data/rag/ChIJd6srbPEdDTkR7DweAzHQPI4.json,DATASET_STORAGE,2790,Data storage or dataset (data/rag/ChIJd6srbPEdDTkR7DweAzHQPI4.json),0,False,False,True,False,⚪ KEEP — DATA / REFERENCE,KEEP
556,data/rag/ChIJd877ErcBDTkRSFMpmZaG98k.json,DATASET_STORAGE,1294,Data storage or dataset (data/rag/ChIJd877ErcBDTkRSFMpmZaG98k.json),0,False,False,True,False,⚪ KEEP — DATA / REFERENCE,KEEP
557,data/rag/ChIJD9sct5j9DDkRJe9FJUj54YI.json,DATASET_STORAGE,1121,Data storage or dataset (data/rag/ChIJD9sct5j9DDkRJe9FJUj54YI.json),0,False,False,True,False,⚪ KEEP — DATA / REFERENCE,KEEP
558,data/rag/ChIJd9sdC4MHDTkRtaltQYd0h2s.json,DATASET_STORAGE,2261,Data storage or dataset (data/rag/ChIJd9sdC4MHDTkRtaltQYd0h2s.json),0,False,False,True,False,⚪ KEEP — DATA / REFERENCE,KEEP
559,data/rag/ChIJda6QOks8DTkRSYPBnAZZFs8.json,DATASET_STORAGE,2031,Data storage or dataset (data/rag/ChIJda6QOks8DTkRSYPBnAZZFs8.json),0,False,False,True,False,⚪ KEEP — DATA / REFERENCE,KEEP
560,data/rag/ChIJda712aMDDTkRHVw3A7xAp0Q.json,DATASET_STORAGE,3188,Data storage or dataset (data/rag/ChIJda712aMDDTkRHVw3A7xAp0Q.json),0,False,False,True,False,⚪ KEEP — DATA / REFERENCE,KEEP
561,data/rag/ChIJdad-SAQBDTkR6-Y1PIrL3Tk.json,DATASET_STORAGE,2460,Data storage or dataset (data/rag/ChIJdad-SAQBDTkR6-Y1PIrL3Tk.json),0,False,False,True,False,⚪ KEEP — DATA / REFERENCE,KEEP
562,data/rag/ChIJdaJqbSgdDTkRiKTTCgl1KSk.json,DATASET_STORAGE,4313,Data storage or dataset (data/rag/ChIJdaJqbSgdDTkRiKTTCgl1KSk.json),0,False,False,True,False,⚪ KEEP — DATA / REFERENCE,KEEP
563,data/rag/ChIJdb2nSwwZDTkR_qFicz-CfPw.json,DATASET_STORAGE,2519,Data storage or dataset (data/rag/ChIJdb2nSwwZDTkR_qFicz-CfPw.json),0,False,False,True,False,⚪ KEEP — DATA / REFERENCE,KEEP
564,data/rag/ChIJdbSUpfABDTkRYe0f9XoVlwQ.json,DATASET_STORAGE,1024,Data storage or dataset (data/rag/ChIJdbSUpfABDTkRYe0f9XoVlwQ.json),0,False,False,True,False,⚪ KEEP — DATA / REFERENCE,KEEP
565,data/rag/ChIJDc1QIUf9DDkRvbhK8u3ZTlg.json,DATASET_STORAGE,2239,Data storage or dataset (data/rag/ChIJDc1QIUf9DDkRvbhK8u3ZTlg.json),0,False,False,True,False,⚪ KEEP — DATA / REFERENCE,KEEP
566,data/rag/ChIJdc7B-KMHDTkRNozX6LADra0.json,DATASET_STORAGE,2661,Data storage or dataset (data/rag/ChIJdc7B-KMHDTkRNozX6LADra0.json),0,False,False,True,False,⚪ KEEP — DATA / REFERENCE,KEEP
567,data/rag/ChIJDdqRm4vnDDkRVPs6i90nqM4.json,DATASET_STORAGE,2078,Data storage or dataset (data/rag/ChIJDdqRm4vnDDkRVPs6i90nqM4.json),0,False,False,True,False,⚪ KEEP — DATA / REFERENCE,KEEP
568,data/rag/ChIJDeq9wUQZDTkRrwJeNPrH41U.json,DATASET_STORAGE,3466,Data storage or dataset (data/rag/ChIJDeq9wUQZDTkRrwJeNPrH41U.json),0,False,False,True,False,⚪ KEEP — DATA / REFERENCE,KEEP
569,data/rag/ChIJDfbvBQAXDTkRhozPcRxRaJ8.json,DATASET_STORAGE,1974,Data storage or dataset (data/rag/ChIJDfbvBQAXDTkRhozPcRxRaJ8.json),0,False,False,True,False,⚪ KEEP — DATA / REFERENCE,KEEP
570,data/rag/ChIJDQCwFlb7DDkRc6G99BgmakY.json,DATASET_STORAGE,2647,Data storage or dataset (data/rag/ChIJDQCwFlb7DDkRc6G99BgmakY.json),0,False,False,True,False,⚪ KEEP — DATA / REFERENCE,KEEP
571,data/rag/ChIJDQno1z4ZDTkRCYA0YtLlZos.json,DATASET_STORAGE,1928,Data storage or dataset (data/rag/ChIJDQno1z4ZDTkRCYA0YtLlZos.json),0,False,False,True,False,⚪ KEEP — DATA / REFERENCE,KEEP
572,data/rag/ChIJdQZbs-EXDTkReLc3La1x-IU.json,DATASET_STORAGE,1020,Data storage or dataset (data/rag/ChIJdQZbs-EXDTkReLc3La1x-IU.json),0,False,False,True,False,⚪ KEEP — DATA / REFERENCE,KEEP
573,data/rag/ChIJDTI7CaIjDTkRKhz122Ji-Fk.json,DATASET_STORAGE,2622,Data storage or dataset (data/rag/ChIJDTI7CaIjDTkRKhz122Ji-Fk.json),0,False,False,True,False,⚪ KEEP — DATA / REFERENCE,KEEP
574,data/rag/ChIJDVaYpxcFDTkRC2JgbXYnzpA.json,DATASET_STORAGE,1927,Data storage or dataset (data/rag/ChIJDVaYpxcFDTkRC2JgbXYnzpA.json),0,False,False,True,False,⚪ KEEP — DATA / REFERENCE,KEEP
575,data/rag/ChIJdwQosSwhDTkRemMOwhgmgNM.json,DATASET_STORAGE,3487,Data storage or dataset (data/rag/ChIJdwQosSwhDTkRemMOwhgmgNM.json),0,False,False,True,False,⚪ KEEP — DATA / REFERENCE,KEEP
576,data/rag/ChIJdx3KI4vhDDkRjBieM5ZC8sI.json,DATASET_STORAGE,3324,Data storage or dataset (data/rag/ChIJdx3KI4vhDDkRjBieM5ZC8sI.json),0,False,False,True,False,⚪ KEEP — DATA / REFERENCE,KEEP
577,data/rag/ChIJDX40hD0bDTkRJ4CwNPbP0LI.json,DATASET_STORAGE,2122,Data storage or dataset (data/rag/ChIJDX40hD0bDTkRJ4CwNPbP0LI.json),0,False,False,True,False,⚪ KEEP — DATA / REFERENCE,KEEP
578,data/rag/ChIJdXE5kq8ZDTkR3XRcDlA5Alk.json,DATASET_STORAGE,1616,Data storage or dataset (data/rag/ChIJdXE5kq8ZDTkR3XRcDlA5Alk.json),0,False,False,True,False,⚪ KEEP — DATA / REFERENCE,KEEP
579,data/rag/ChIJdXj1neQBDTkRe6C6ogZuxoU.json,DATASET_STORAGE,2447,Data storage or dataset (data/rag/ChIJdXj1neQBDTkRe6C6ogZuxoU.json),0,False,False,True,False,⚪ KEEP — DATA / REFERENCE,KEEP
580,data/rag/ChIJdy7ZET3cDDkRwzZ86bC0Ick.json,DATASET_STORAGE,2139,Data storage or dataset (data/rag/ChIJdy7ZET3cDDkRwzZ86bC0Ick.json),0,False,False,True,False,⚪ KEEP — DATA / REFERENCE,KEEP
581,data/rag/ChIJdYAAxLTjDDkRRUfNdj8TTyc.json,DATASET_STORAGE,2700,Data storage or dataset (data/rag/ChIJdYAAxLTjDDkRRUfNdj8TTyc.json),0,False,False,True,False,⚪ KEEP — DATA / REFERENCE,KEEP
582,data/rag/ChIJDylpYF8bDTkRrqi1VR5k0CU.json,DATASET_STORAGE,1948,Data storage or dataset (data/rag/ChIJDylpYF8bDTkRrqi1VR5k0CU.json),0,False,False,True,False,⚪ KEEP — DATA / REFERENCE,KEEP
583,data/rag/ChIJDYSnz5QBDTkRX_zVDWiJhWI.json,DATASET_STORAGE,3249,Data storage or dataset (data/rag/ChIJDYSnz5QBDTkRX_zVDWiJhWI.json),0,False,False,True,False,⚪ KEEP — DATA / REFERENCE,KEEP
584,data/rag/ChIJdz8Zakw8DTkR_K7vS9toFgA.json,DATASET_STORAGE,2360,Data storage or dataset (data/rag/ChIJdz8Zakw8DTkR_K7vS9toFgA.json),0,False,False,True,False,⚪ KEEP — DATA / REFERENCE,KEEP
585,data/rag/ChIJdZJtxyIVDTkRIE66YtbuTXM.json,DATASET_STORAGE,1183,Data storage or dataset (data/rag/ChIJdZJtxyIVDTkRIE66YtbuTXM.json),0,False,False,True,False,⚪ KEEP — DATA / REFERENCE,KEEP
586,data/rag/ChIJe-euBg79DDkRqrpZ5Pzm8Qw.json,DATASET_STORAGE,3226,Data storage or dataset (data/rag/ChIJe-euBg79DDkRqrpZ5Pzm8Qw.json),0,False,False,True,False,⚪ KEEP — DATA / REFERENCE,KEEP
587,data/rag/ChIJE-nHCOw9DTkRWoaV4qW-0B8.json,DATASET_STORAGE,1937,Data storage or dataset (data/rag/ChIJE-nHCOw9DTkRWoaV4qW-0B8.json),0,False,False,True,False,⚪ KEEP — DATA / REFERENCE,KEEP
588,data/rag/ChIJE-uo-fwYDTkREmhTJ5h_HSI.json,DATASET_STORAGE,2626,Data storage or dataset (data/rag/ChIJE-uo-fwYDTkREmhTJ5h_HSI.json),0,False,False,True,False,⚪ KEEP — DATA / REFERENCE,KEEP
589,data/rag/ChIJe0aRQU_jDDkRiANhTaAQknI.json,DATASET_STORAGE,2814,Data storage or dataset (data/rag/ChIJe0aRQU_jDDkRiANhTaAQknI.json),0,False,False,True,False,⚪ KEEP — DATA / REFERENCE,KEEP
590,data/rag/ChIJe0xCk5bdDDkR666iGLVq8iw.json,DATASET_STORAGE,2435,Data storage or dataset (data/rag/ChIJe0xCk5bdDDkR666iGLVq8iw.json),0,False,False,True,False,⚪ KEEP — DATA / REFERENCE,KEEP
591,data/rag/ChIJe1-rNqjjDDkR8ByQ3dve4Pc.json,DATASET_STORAGE,2727,Data storage or dataset (data/rag/ChIJe1-rNqjjDDkR8ByQ3dve4Pc.json),0,False,False,True,False,⚪ KEEP — DATA / REFERENCE,KEEP
592,data/rag/ChIJe1bK-MgaDTkRQq9FTKRnEPU.json,DATASET_STORAGE,3665,Data storage or dataset (data/rag/ChIJe1bK-MgaDTkRQq9FTKRnEPU.json),0,False,False,True,False,⚪ KEEP — DATA / REFERENCE,KEEP
593,data/rag/ChIJE1CbrsI9DTkRU9JuSU8YpDs.json,DATASET_STORAGE,1659,Data storage or dataset (data/rag/ChIJE1CbrsI9DTkRU9JuSU8YpDs.json),0,False,False,True,False,⚪ KEEP — DATA / REFERENCE,KEEP
594,data/rag/ChIJe2r3TGoDDTkRE13K07ETc9I.json,DATASET_STORAGE,1732,Data storage or dataset (data/rag/ChIJe2r3TGoDDTkRE13K07ETc9I.json),0,False,False,True,False,⚪ KEEP — DATA / REFERENCE,KEEP
595,data/rag/ChIJe2RlJx0VDTkRrx8Vc-9ASYc.json,DATASET_STORAGE,1212,Data storage or dataset (data/rag/ChIJe2RlJx0VDTkRrx8Vc-9ASYc.json),0,False,False,True,False,⚪ KEEP — DATA / REFERENCE,KEEP
596,data/rag/ChIJE36DOowgDTkRLAxRjfgu7bk.json,DATASET_STORAGE,5473,Data storage or dataset (data/rag/ChIJE36DOowgDTkRLAxRjfgu7bk.json),0,False,False,True,False,⚪ KEEP — DATA / REFERENCE,KEEP
597,data/rag/ChIJe3A-xMkEDTkR1g2PS6vXF5k.json,DATASET_STORAGE,3201,Data storage or dataset (data/rag/ChIJe3A-xMkEDTkR1g2PS6vXF5k.json),0,False,False,True,False,⚪ KEEP — DATA / REFERENCE,KEEP
598,data/rag/ChIJE3DvtxIjDTkRjoZAKwZ_L-A.json,DATASET_STORAGE,5339,Data storage or dataset (data/rag/ChIJE3DvtxIjDTkRjoZAKwZ_L-A.json),0,False,False,True,False,⚪ KEEP — DATA / REFERENCE,KEEP
599,data/rag/ChIJe3MwXDQYDTkRFSLBgYWqUOo.json,DATASET_STORAGE,1858,Data storage or dataset (data/rag/ChIJe3MwXDQYDTkRFSLBgYWqUOo.json),0,False,False,True,False,⚪ KEEP — DATA / REFERENCE,KEEP
600,data/rag/ChIJE3OAKsb7DDkR9ddf6PCweXI.json,DATASET_STORAGE,1073,Data storage or dataset (data/rag/ChIJE3OAKsb7DDkR9ddf6PCweXI.json),0,False,False,True,False,⚪ KEEP — DATA / REFERENCE,KEEP
601,data/rag/ChIJe4zp0KMdDTkRm90YLrHBVg8.json,DATASET_STORAGE,5275,Data storage or dataset (data/rag/ChIJe4zp0KMdDTkRm90YLrHBVg8.json),0,False,False,True,False,⚪ KEEP — DATA / REFERENCE,KEEP
602,data/rag/ChIJE51owZ0ZDTkR2OgJJr4sDsI.json,DATASET_STORAGE,2582,Data storage or dataset (data/rag/ChIJE51owZ0ZDTkR2OgJJr4sDsI.json),0,False,False,True,False,⚪ KEEP — DATA / REFERENCE,KEEP
603,data/rag/ChIJe54WwuEFDTkRx2ZedvVZh3o.json,DATASET_STORAGE,1340,Data storage or dataset (data/rag/ChIJe54WwuEFDTkRx2ZedvVZh3o.json),0,False,False,True,False,⚪ KEEP — DATA / REFERENCE,KEEP
604,data/rag/ChIJe61PIQ8FDTkRhg9m7cdt9gg.json,DATASET_STORAGE,3244,Data storage or dataset (data/rag/ChIJe61PIQ8FDTkRhg9m7cdt9gg.json),0,False,False,True,False,⚪ KEEP — DATA / REFERENCE,KEEP
605,data/rag/ChIJe6wA2_TjDDkR7Ojp3A0uKiI.json,DATASET_STORAGE,3489,Data storage or dataset (data/rag/ChIJe6wA2_TjDDkR7Ojp3A0uKiI.json),0,False,False,True,False,⚪ KEEP — DATA / REFERENCE,KEEP
606,data/rag/ChIJE7CtJRT9DDkR9LyAsvfENVs.json,DATASET_STORAGE,1274,Data storage or dataset (data/rag/ChIJE7CtJRT9DDkR9LyAsvfENVs.json),0,False,False,True,False,⚪ KEEP — DATA / REFERENCE,KEEP
607,data/rag/ChIJe7gYHwCrDTkR_a-YZabtmog.json,DATASET_STORAGE,2575,Data storage or dataset (data/rag/ChIJe7gYHwCrDTkR_a-YZabtmog.json),0,False,False,True,False,⚪ KEEP — DATA / REFERENCE,KEEP
608,data/rag/ChIJe921vQz7DDkRAdCP7xbNCEQ.json,DATASET_STORAGE,2181,Data storage or dataset (data/rag/ChIJe921vQz7DDkRAdCP7xbNCEQ.json),0,False,False,True,False,⚪ KEEP — DATA / REFERENCE,KEEP
609,data/rag/ChIJE94Ic8AHDTkRHl5uQ9veo-s.json,DATASET_STORAGE,2411,Data storage or dataset (data/rag/ChIJE94Ic8AHDTkRHl5uQ9veo-s.json),0,False,False,True,False,⚪ KEEP — DATA / REFERENCE,KEEP
610,data/rag/ChIJE9OYdkHlDDkR8960E_5cjco.json,DATASET_STORAGE,1157,Data storage or dataset (data/rag/ChIJE9OYdkHlDDkR8960E_5cjco.json),0,False,False,True,False,⚪ KEEP — DATA / REFERENCE,KEEP
611,data/rag/ChIJE9ZNnEoYDTkRKUGTJncZXrI.json,DATASET_STORAGE,3237,Data storage or dataset (data/rag/ChIJE9ZNnEoYDTkRKUGTJncZXrI.json),0,False,False,True,False,⚪ KEEP — DATA / REFERENCE,KEEP
612,data/rag/ChIJebj_xJUCDTkRJTp1RhuuXcI.json,DATASET_STORAGE,2278,Data storage or dataset (data/rag/ChIJebj_xJUCDTkRJTp1RhuuXcI.json),0,False,False,True,False,⚪ KEEP — DATA / REFERENCE,KEEP
613,data/rag/ChIJEct2-vnbDDkREpc6nVEm_CM.json,DATASET_STORAGE,5078,Data storage or dataset (data/rag/ChIJEct2-vnbDDkREpc6nVEm_CM.json),0,False,False,True,False,⚪ KEEP — DATA / REFERENCE,KEEP
614,data/rag/ChIJecUTHEUFDTkR29XTbwIDD8s.json,DATASET_STORAGE,2360,Data storage or dataset (data/rag/ChIJecUTHEUFDTkR29XTbwIDD8s.json),0,False,False,True,False,⚪ KEEP — DATA / REFERENCE,KEEP
615,data/rag/ChIJed3qvkHhDDkRZz9hwNvIc1k.json,DATASET_STORAGE,1906,Data storage or dataset (data/rag/ChIJed3qvkHhDDkRZz9hwNvIc1k.json),0,False,False,True,False,⚪ KEEP — DATA / REFERENCE,KEEP
616,data/rag/ChIJed7uWW4jDTkRqkxrKc2dId0.json,DATASET_STORAGE,3140,Data storage or dataset (data/rag/ChIJed7uWW4jDTkRqkxrKc2dId0.json),0,False,False,True,False,⚪ KEEP — DATA / REFERENCE,KEEP
617,data/rag/ChIJed7_0FcFDTkR-gZawBKRXdQ.json,DATASET_STORAGE,2680,Data storage or dataset (data/rag/ChIJed7_0FcFDTkR-gZawBKRXdQ.json),0,False,False,True,False,⚪ KEEP — DATA / REFERENCE,KEEP
618,data/rag/ChIJedUlZhz_DDkRt5q5eHsolr0.json,DATASET_STORAGE,992,Data storage or dataset (data/rag/ChIJedUlZhz_DDkRt5q5eHsolr0.json),0,False,False,True,False,⚪ KEEP — DATA / REFERENCE,KEEP
619,data/rag/ChIJeeAAHGsFDTkR0f2LZFlwN8I.json,DATASET_STORAGE,3054,Data storage or dataset (data/rag/ChIJeeAAHGsFDTkR0f2LZFlwN8I.json),0,False,False,True,False,⚪ KEEP — DATA / REFERENCE,KEEP
620,data/rag/ChIJEeFFoyMBDTkR3or3ygSY_fU.json,DATASET_STORAGE,938,Data storage or dataset (data/rag/ChIJEeFFoyMBDTkR3or3ygSY_fU.json),0,False,False,True,False,⚪ KEEP — DATA / REFERENCE,KEEP
621,data/rag/ChIJEefgc975DDkRMtvbFpfSpBo.json,DATASET_STORAGE,1155,Data storage or dataset (data/rag/ChIJEefgc975DDkRMtvbFpfSpBo.json),0,False,False,True,False,⚪ KEEP — DATA / REFERENCE,KEEP
622,data/rag/ChIJeeN3K_M9DTkRbW1ccwdONBI.json,DATASET_STORAGE,2483,Data storage or dataset (data/rag/ChIJeeN3K_M9DTkRbW1ccwdONBI.json),0,False,False,True,False,⚪ KEEP — DATA / REFERENCE,KEEP
623,data/rag/ChIJEfP0F2gVDTkRFEASRM18OvY.json,DATASET_STORAGE,968,Data storage or dataset (data/rag/ChIJEfP0F2gVDTkRFEASRM18OvY.json),0,False,False,True,False,⚪ KEEP — DATA / REFERENCE,KEEP
624,data/rag/ChIJEfscDYrdDDkRWnjQ9k_6njQ.json,DATASET_STORAGE,1984,Data storage or dataset (data/rag/ChIJEfscDYrdDDkRWnjQ9k_6njQ.json),0,False,False,True,False,⚪ KEEP — DATA / REFERENCE,KEEP
625,data/rag/ChIJefT_XP8ZDTkRD_-feFIklCk.json,DATASET_STORAGE,1999,Data storage or dataset (data/rag/ChIJefT_XP8ZDTkRD_-feFIklCk.json),0,False,False,True,False,⚪ KEEP — DATA / REFERENCE,KEEP
626,data/rag/ChIJeQIQJdXgDDkRfhn0uyMOrxQ.json,DATASET_STORAGE,3835,Data storage or dataset (data/rag/ChIJeQIQJdXgDDkRfhn0uyMOrxQ.json),0,False,False,True,False,⚪ KEEP — DATA / REFERENCE,KEEP
627,data/rag/ChIJERGjA9qrDTkRDLW8qze8P0I.json,DATASET_STORAGE,2294,Data storage or dataset (data/rag/ChIJERGjA9qrDTkRDLW8qze8P0I.json),0,False,False,True,False,⚪ KEEP — DATA / REFERENCE,KEEP
628,data/rag/ChIJER_F-egHDTkRbHX8JGkVv2U.json,DATASET_STORAGE,1946,Data storage or dataset (data/rag/ChIJER_F-egHDTkRbHX8JGkVv2U.json),0,False,False,True,False,⚪ KEEP — DATA / REFERENCE,KEEP
629,data/rag/ChIJeS1Ng48BDTkRzKyCcH8fBB8.json,DATASET_STORAGE,1671,Data storage or dataset (data/rag/ChIJeS1Ng48BDTkRzKyCcH8fBB8.json),0,False,False,True,False,⚪ KEEP — DATA / REFERENCE,KEEP
630,data/rag/ChIJeVadFNoBDTkRI6lS8QVv_7k.json,DATASET_STORAGE,1628,Data storage or dataset (data/rag/ChIJeVadFNoBDTkRI6lS8QVv_7k.json),0,False,False,True,False,⚪ KEEP — DATA / REFERENCE,KEEP
631,data/rag/ChIJeW9TomIBDTkRLs8ZjvIZbhY.json,DATASET_STORAGE,1352,Data storage or dataset (data/rag/ChIJeW9TomIBDTkRLs8ZjvIZbhY.json),0,False,False,True,False,⚪ KEEP — DATA / REFERENCE,KEEP
632,data/rag/ChIJEXaERDFVDDkRSCbwxjjDzig.json,DATASET_STORAGE,2274,Data storage or dataset (data/rag/ChIJEXaERDFVDDkRSCbwxjjDzig.json),0,False,False,True,False,⚪ KEEP — DATA / REFERENCE,KEEP
633,data/rag/ChIJeXalCScHDTkRdVQT8zcdM2s.json,DATASET_STORAGE,2706,Data storage or dataset (data/rag/ChIJeXalCScHDTkRdVQT8zcdM2s.json),0,False,False,True,False,⚪ KEEP — DATA / REFERENCE,KEEP
634,data/rag/ChIJExG1eyD7DDkRL_OZpZYiyHE.json,DATASET_STORAGE,2721,Data storage or dataset (data/rag/ChIJExG1eyD7DDkRL_OZpZYiyHE.json),0,False,False,True,False,⚪ KEEP — DATA / REFERENCE,KEEP
635,data/rag/ChIJEXvCGcb7DDkRYQ8mxzNzj5o.json,DATASET_STORAGE,1242,Data storage or dataset (data/rag/ChIJEXvCGcb7DDkRYQ8mxzNzj5o.json),0,False,False,True,False,⚪ KEEP — DATA / REFERENCE,KEEP
636,data/rag/ChIJey3atz_cDDkRzaFat-06_cg.json,DATASET_STORAGE,3027,Data storage or dataset (data/rag/ChIJey3atz_cDDkRzaFat-06_cg.json),0,False,False,True,False,⚪ KEEP — DATA / REFERENCE,KEEP
637,data/rag/ChIJEYDU5mYbDTkRH-UsiC4Cu4E.json,DATASET_STORAGE,2618,Data storage or dataset (data/rag/ChIJEYDU5mYbDTkRH-UsiC4Cu4E.json),0,False,False,True,False,⚪ KEEP — DATA / REFERENCE,KEEP
638,data/rag/ChIJEYi_bxviDDkRxJy_gHRETS0.json,DATASET_STORAGE,2130,Data storage or dataset (data/rag/ChIJEYi_bxviDDkRxJy_gHRETS0.json),0,False,False,True,False,⚪ KEEP — DATA / REFERENCE,KEEP
639,data/rag/ChIJeZFe5kcPDTkRrhgPmHzFA_A.json,DATASET_STORAGE,1418,Data storage or dataset (data/rag/ChIJeZFe5kcPDTkRrhgPmHzFA_A.json),0,False,False,True,False,⚪ KEEP — DATA / REFERENCE,KEEP
640,data/rag/ChIJEZfQ9zQbDTkRxsEoCNGPATA.json,DATASET_STORAGE,2927,Data storage or dataset (data/rag/ChIJEZfQ9zQbDTkRxsEoCNGPATA.json),0,False,False,True,False,⚪ KEEP — DATA / REFERENCE,KEEP
641,data/rag/ChIJEZjKmqMJDTkR_YzJs9owIhI.json,DATASET_STORAGE,2430,Data storage or dataset (data/rag/ChIJEZjKmqMJDTkR_YzJs9owIhI.json),0,False,False,True,False,⚪ KEEP — DATA / REFERENCE,KEEP
642,data/rag/ChIJe_7OFZoXDTkRoDVLEQfnHHU.json,DATASET_STORAGE,934,Data storage or dataset (data/rag/ChIJe_7OFZoXDTkRoDVLEQfnHHU.json),0,False,False,True,False,⚪ KEEP — DATA / REFERENCE,KEEP
643,data/rag/ChIJE_C2GxfjDDkR-hXZcO33uF0.json,DATASET_STORAGE,2458,Data storage or dataset (data/rag/ChIJE_C2GxfjDDkR-hXZcO33uF0.json),0,False,False,True,False,⚪ KEEP — DATA / REFERENCE,KEEP
644,data/rag/ChIJF-8tweCjDTkRAnd96BosDoo.json,DATASET_STORAGE,1489,Data storage or dataset (data/rag/ChIJF-8tweCjDTkRAnd96BosDoo.json),0,False,False,True,False,⚪ KEEP — DATA / REFERENCE,KEEP
645,data/rag/ChIJf-ojjVkDDTkRA5rECogctuM.json,DATASET_STORAGE,2652,Data storage or dataset (data/rag/ChIJf-ojjVkDDTkRA5rECogctuM.json),0,False,False,True,False,⚪ KEEP — DATA / REFERENCE,KEEP
646,data/rag/ChIJF1rwqbA_DTkRKDUXfcJj9g4.json,DATASET_STORAGE,2822,Data storage or dataset (data/rag/ChIJF1rwqbA_DTkRKDUXfcJj9g4.json),0,False,False,True,False,⚪ KEEP — DATA / REFERENCE,KEEP
647,data/rag/ChIJf25pKZnhDDkRwGJaFMZCYAk.json,DATASET_STORAGE,2361,Data storage or dataset (data/rag/ChIJf25pKZnhDDkRwGJaFMZCYAk.json),0,False,False,True,False,⚪ KEEP — DATA / REFERENCE,KEEP
648,data/rag/ChIJF2RXUBEbDTkRc03qDshixcQ.json,DATASET_STORAGE,2066,Data storage or dataset (data/rag/ChIJF2RXUBEbDTkRc03qDshixcQ.json),0,False,False,True,False,⚪ KEEP — DATA / REFERENCE,KEEP
649,data/rag/ChIJF32jzq8bDTkRBUGw8qVoInQ.json,DATASET_STORAGE,2801,Data storage or dataset (data/rag/ChIJF32jzq8bDTkRBUGw8qVoInQ.json),0,False,False,True,False,⚪ KEEP — DATA / REFERENCE,KEEP
650,data/rag/ChIJf3Hgsir9DDkRm76px0vVAt4.json,DATASET_STORAGE,1602,Data storage or dataset (data/rag/ChIJf3Hgsir9DDkRm76px0vVAt4.json),0,False,False,True,False,⚪ KEEP — DATA / REFERENCE,KEEP
651,data/rag/ChIJF40SMosZDTkRch0ZBwZJygY.json,DATASET_STORAGE,4012,Data storage or dataset (data/rag/ChIJF40SMosZDTkRch0ZBwZJygY.json),0,False,False,True,False,⚪ KEEP — DATA / REFERENCE,KEEP
652,data/rag/ChIJf4aZlKIZDTkRZvUGFuf-IV4.json,DATASET_STORAGE,3706,Data storage or dataset (data/rag/ChIJf4aZlKIZDTkRZvUGFuf-IV4.json),0,False,False,True,False,⚪ KEEP — DATA / REFERENCE,KEEP
653,data/rag/ChIJf6e9W1IDDTkRjU22Y7Hx3lU.json,DATASET_STORAGE,2016,Data storage or dataset (data/rag/ChIJf6e9W1IDDTkRjU22Y7Hx3lU.json),0,False,False,True,False,⚪ KEEP — DATA / REFERENCE,KEEP
654,data/rag/ChIJF6F7gOEaDTkRsbOosIh1sUk.json,DATASET_STORAGE,5887,Data storage or dataset (data/rag/ChIJF6F7gOEaDTkRsbOosIh1sUk.json),0,False,False,True,False,⚪ KEEP — DATA / REFERENCE,KEEP
655,data/rag/ChIJf6Yq7tHjDDkR9wn1DIoV_GM.json,DATASET_STORAGE,3389,Data storage or dataset (data/rag/ChIJf6Yq7tHjDDkR9wn1DIoV_GM.json),0,False,False,True,False,⚪ KEEP — DATA / REFERENCE,KEEP
656,data/rag/ChIJf71eU6wFDTkRg91tr_Fx31Y.json,DATASET_STORAGE,2039,Data storage or dataset (data/rag/ChIJf71eU6wFDTkRg91tr_Fx31Y.json),0,False,False,True,False,⚪ KEEP — DATA / REFERENCE,KEEP
657,data/rag/ChIJF73zruTnDDkR4fHFPKspu28.json,DATASET_STORAGE,2042,Data storage or dataset (data/rag/ChIJF73zruTnDDkR4fHFPKspu28.json),0,False,False,True,False,⚪ KEEP — DATA / REFERENCE,KEEP
658,data/rag/ChIJF7Cpu4YdDTkR64xYubWmXq4.json,DATASET_STORAGE,3697,Data storage or dataset (data/rag/ChIJF7Cpu4YdDTkR64xYubWmXq4.json),0,False,False,True,False,⚪ KEEP — DATA / REFERENCE,KEEP
659,data/rag/ChIJf7d4Yt36DDkRGKQZ09p4zI0.json,DATASET_STORAGE,2386,Data storage or dataset (data/rag/ChIJf7d4Yt36DDkRGKQZ09p4zI0.json),0,False,False,True,False,⚪ KEEP — DATA / REFERENCE,KEEP
660,data/rag/ChIJF7LqehsbDTkR6XzlZaqz00s.json,DATASET_STORAGE,1870,Data storage or dataset (data/rag/ChIJF7LqehsbDTkR6XzlZaqz00s.json),0,False,False,True,False,⚪ KEEP — DATA / REFERENCE,KEEP
661,data/rag/ChIJf7tphKv8DDkRN6Kwn9dLpAI.json,DATASET_STORAGE,2589,Data storage or dataset (data/rag/ChIJf7tphKv8DDkRN6Kwn9dLpAI.json),0,False,False,True,False,⚪ KEEP — DATA / REFERENCE,KEEP
662,data/rag/ChIJF89697MFDTkRfrH0O-4wLtg.json,DATASET_STORAGE,2042,Data storage or dataset (data/rag/ChIJF89697MFDTkRfrH0O-4wLtg.json),0,False,False,True,False,⚪ KEEP — DATA / REFERENCE,KEEP
663,data/rag/ChIJf89Sw6D5DDkRD8VTYAe8gtE.json,DATASET_STORAGE,1067,Data storage or dataset (data/rag/ChIJf89Sw6D5DDkRD8VTYAe8gtE.json),0,False,False,True,False,⚪ KEEP — DATA / REFERENCE,KEEP
664,data/rag/ChIJF8BDSvUjDTkRmTGzo9MYiVg.json,DATASET_STORAGE,1811,Data storage or dataset (data/rag/ChIJF8BDSvUjDTkRmTGzo9MYiVg.json),0,False,False,True,False,⚪ KEEP — DATA / REFERENCE,KEEP
665,data/rag/ChIJf8BWKED9DDkRo0tNpcGElSk.json,DATASET_STORAGE,3198,Data storage or dataset (data/rag/ChIJf8BWKED9DDkRo0tNpcGElSk.json),0,False,False,True,False,⚪ KEEP — DATA / REFERENCE,KEEP
666,data/rag/ChIJF8i-etEdDTkREtkYnwqAdDg.json,DATASET_STORAGE,3696,Data storage or dataset (data/rag/ChIJF8i-etEdDTkREtkYnwqAdDg.json),0,False,False,True,False,⚪ KEEP — DATA / REFERENCE,KEEP
667,data/rag/ChIJF8uqIgAJDTkREYIBZj_hsKE.json,DATASET_STORAGE,1227,Data storage or dataset (data/rag/ChIJF8uqIgAJDTkREYIBZj_hsKE.json),0,False,False,True,False,⚪ KEEP — DATA / REFERENCE,KEEP
668,data/rag/ChIJf9AdFZ0DDTkROoUXx6i7QvM.json,DATASET_STORAGE,4490,Data storage or dataset (data/rag/ChIJf9AdFZ0DDTkROoUXx6i7QvM.json),0,False,False,True,False,⚪ KEEP — DATA / REFERENCE,KEEP
669,data/rag/ChIJf9JJIkX_DDkRaznuubwpzmU.json,DATASET_STORAGE,1454,Data storage or dataset (data/rag/ChIJf9JJIkX_DDkRaznuubwpzmU.json),0,False,False,True,False,⚪ KEEP — DATA / REFERENCE,KEEP
670,data/rag/ChIJFaVru3bjDDkRrUBWLmUZSM8.json,DATASET_STORAGE,4540,Data storage or dataset (data/rag/ChIJFaVru3bjDDkRrUBWLmUZSM8.json),0,False,False,True,False,⚪ KEEP — DATA / REFERENCE,KEEP
671,data/rag/ChIJfbu6VMgaDTkREnaExmD70RM.json,DATASET_STORAGE,2237,Data storage or dataset (data/rag/ChIJfbu6VMgaDTkREnaExmD70RM.json),0,False,False,True,False,⚪ KEEP — DATA / REFERENCE,KEEP
672,data/rag/ChIJFdnp4hTdDDkR_KMLdSsdEUU.json,DATASET_STORAGE,2724,Data storage or dataset (data/rag/ChIJFdnp4hTdDDkR_KMLdSsdEUU.json),0,False,False,True,False,⚪ KEEP — DATA / REFERENCE,KEEP
673,data/rag/ChIJFeqBDI37DDkRUctSZRKKlJs.json,DATASET_STORAGE,1025,Data storage or dataset (data/rag/ChIJFeqBDI37DDkRUctSZRKKlJs.json),0,False,False,True,False,⚪ KEEP — DATA / REFERENCE,KEEP
674,data/rag/ChIJFfwScQABDTkRJvSz1Bp0JRM.json,DATASET_STORAGE,1201,Data storage or dataset (data/rag/ChIJFfwScQABDTkRJvSz1Bp0JRM.json),0,False,False,True,False,⚪ KEEP — DATA / REFERENCE,KEEP
675,data/rag/ChIJFQ0O2UAcDTkRbl1w-7nT3-M.json,DATASET_STORAGE,1951,Data storage or dataset (data/rag/ChIJFQ0O2UAcDTkRbl1w-7nT3-M.json),0,False,False,True,False,⚪ KEEP — DATA / REFERENCE,KEEP
676,data/rag/ChIJfQc6E2MbDTkR60ajQ_TItMw.json,DATASET_STORAGE,3317,Data storage or dataset (data/rag/ChIJfQc6E2MbDTkR60ajQ_TItMw.json),0,False,False,True,False,⚪ KEEP — DATA / REFERENCE,KEEP
677,data/rag/ChIJfQEtoOsCDTkRZ6-PHF1QCG4.json,DATASET_STORAGE,4369,Data storage or dataset (data/rag/ChIJfQEtoOsCDTkRZ6-PHF1QCG4.json),0,False,False,True,False,⚪ KEEP — DATA / REFERENCE,KEEP
678,data/rag/ChIJfQMZakYFDTkRoFBxu-hcf6A.json,DATASET_STORAGE,3273,Data storage or dataset (data/rag/ChIJfQMZakYFDTkRoFBxu-hcf6A.json),0,False,False,True,False,⚪ KEEP — DATA / REFERENCE,KEEP
679,data/rag/ChIJfQoZ9HbiDDkRSibFdAucTrw.json,DATASET_STORAGE,2456,Data storage or dataset (data/rag/ChIJfQoZ9HbiDDkRSibFdAucTrw.json),0,False,False,True,False,⚪ KEEP — DATA / REFERENCE,KEEP
680,data/rag/ChIJfRu5zIwFDTkR4eaDE_lLUMs.json,DATASET_STORAGE,2095,Data storage or dataset (data/rag/ChIJfRu5zIwFDTkR4eaDE_lLUMs.json),0,False,False,True,False,⚪ KEEP — DATA / REFERENCE,KEEP
681,data/rag/ChIJfRuk03LcDDkRjgXz8GpwXrc.json,DATASET_STORAGE,2735,Data storage or dataset (data/rag/ChIJfRuk03LcDDkRjgXz8GpwXrc.json),0,False,False,True,False,⚪ KEEP — DATA / REFERENCE,KEEP
682,data/rag/ChIJFRvwjdj7DDkRxXDEolyF2gc.json,DATASET_STORAGE,1549,Data storage or dataset (data/rag/ChIJFRvwjdj7DDkRxXDEolyF2gc.json),0,False,False,True,False,⚪ KEEP — DATA / REFERENCE,KEEP
683,data/rag/ChIJfSiOnxMcDTkRahjPqJOeN-g.json,DATASET_STORAGE,3450,Data storage or dataset (data/rag/ChIJfSiOnxMcDTkRahjPqJOeN-g.json),0,False,False,True,False,⚪ KEEP — DATA / REFERENCE,KEEP
684,data/rag/ChIJFT-i-PoDDTkRrnWEgdqRMJc.json,DATASET_STORAGE,4031,Data storage or dataset (data/rag/ChIJFT-i-PoDDTkRrnWEgdqRMJc.json),0,False,False,True,False,⚪ KEEP — DATA / REFERENCE,KEEP
685,data/rag/ChIJFT23yP8bDTkRm65IVfSQIsk.json,DATASET_STORAGE,1893,Data storage or dataset (data/rag/ChIJFT23yP8bDTkRm65IVfSQIsk.json),0,False,False,True,False,⚪ KEEP — DATA / REFERENCE,KEEP
686,data/rag/ChIJFTlx8lXlDDkR7DbHlHQwh3c.json,DATASET_STORAGE,1671,Data storage or dataset (data/rag/ChIJFTlx8lXlDDkR7DbHlHQwh3c.json),0,False,False,True,False,⚪ KEEP — DATA / REFERENCE,KEEP
687,data/rag/ChIJFTUAotnnDDkR1gMoIi3ORdc.json,DATASET_STORAGE,1361,Data storage or dataset (data/rag/ChIJFTUAotnnDDkR1gMoIi3ORdc.json),0,False,False,True,False,⚪ KEEP — DATA / REFERENCE,KEEP
688,data/rag/ChIJFU3egYQBDTkRy8oUiTdxJ8g.json,DATASET_STORAGE,1793,Data storage or dataset (data/rag/ChIJFU3egYQBDTkRy8oUiTdxJ8g.json),0,False,False,True,False,⚪ KEEP — DATA / REFERENCE,KEEP
689,data/rag/ChIJfUhqA8YjDTkRIhFkg-BOGCU.json,DATASET_STORAGE,3782,Data storage or dataset (data/rag/ChIJfUhqA8YjDTkRIhFkg-BOGCU.json),0,False,False,True,False,⚪ KEEP — DATA / REFERENCE,KEEP
690,data/rag/ChIJFWRRdg0ZDTkRcAYp_1949Kg.json,DATASET_STORAGE,1619,Data storage or dataset (data/rag/ChIJFWRRdg0ZDTkRcAYp_1949Kg.json),0,False,False,True,False,⚪ KEEP — DATA / REFERENCE,KEEP
691,data/rag/ChIJFXSOmqDdDDkRvjkhVVsePg0.json,DATASET_STORAGE,2132,Data storage or dataset (data/rag/ChIJFXSOmqDdDDkRvjkhVVsePg0.json),0,False,False,True,False,⚪ KEEP — DATA / REFERENCE,KEEP
692,data/rag/ChIJfxtgQFYaDTkRwu0tU9lGPGE.json,DATASET_STORAGE,3182,Data storage or dataset (data/rag/ChIJfxtgQFYaDTkRwu0tU9lGPGE.json),0,False,False,True,False,⚪ KEEP — DATA / REFERENCE,KEEP
693,data/rag/ChIJFXWsgMwZDTkRvXpQTNJyZlM.json,DATASET_STORAGE,2183,Data storage or dataset (data/rag/ChIJFXWsgMwZDTkRvXpQTNJyZlM.json),0,False,False,True,False,⚪ KEEP — DATA / REFERENCE,KEEP
694,data/rag/ChIJFY4uPHjfDDkR79j1cq2_-W8.json,DATASET_STORAGE,1722,Data storage or dataset (data/rag/ChIJFY4uPHjfDDkR79j1cq2_-W8.json),0,False,False,True,False,⚪ KEEP — DATA / REFERENCE,KEEP
695,data/rag/ChIJFY7fg1cZDTkRPMAAI0HUMwA.json,DATASET_STORAGE,4398,Data storage or dataset (data/rag/ChIJFY7fg1cZDTkRPMAAI0HUMwA.json),0,False,False,True,False,⚪ KEEP — DATA / REFERENCE,KEEP
696,data/rag/ChIJfYdgbx37DDkRNqrP_TGtdC0.json,DATASET_STORAGE,1604,Data storage or dataset (data/rag/ChIJfYdgbx37DDkRNqrP_TGtdC0.json),0,False,False,True,False,⚪ KEEP — DATA / REFERENCE,KEEP
697,data/rag/ChIJfyoHSjznDDkR1l32qWnDa94.json,DATASET_STORAGE,2152,Data storage or dataset (data/rag/ChIJfyoHSjznDDkR1l32qWnDa94.json),0,False,False,True,False,⚪ KEEP — DATA / REFERENCE,KEEP
698,data/rag/ChIJFyrcK3cBDTkRAplBTYJQlag.json,DATASET_STORAGE,1238,Data storage or dataset (data/rag/ChIJFyrcK3cBDTkRAplBTYJQlag.json),0,False,False,True,False,⚪ KEEP — DATA / REFERENCE,KEEP
699,data/rag/ChIJfZabjD_9DDkR0siMJiwLzR8.json,DATASET_STORAGE,3322,Data storage or dataset (data/rag/ChIJfZabjD_9DDkR0siMJiwLzR8.json),0,False,False,True,False,⚪ KEEP — DATA / REFERENCE,KEEP
700,data/rag/ChIJFzkmDJ4CDTkRf70JRh0UBes.json,DATASET_STORAGE,2719,Data storage or dataset (data/rag/ChIJFzkmDJ4CDTkRf70JRh0UBes.json),0,False,False,True,False,⚪ KEEP — DATA / REFERENCE,KEEP
701,data/rag/ChIJFzkmDJ4CDTkRPq2Xf7sdeik.json,DATASET_STORAGE,4661,Data storage or dataset (data/rag/ChIJFzkmDJ4CDTkRPq2Xf7sdeik.json),0,False,False,True,False,⚪ KEEP — DATA / REFERENCE,KEEP
702,data/rag/ChIJFzlAtHoEDTkRWL-rjvV_XKE.json,DATASET_STORAGE,2916,Data storage or dataset (data/rag/ChIJFzlAtHoEDTkRWL-rjvV_XKE.json),0,False,False,True,False,⚪ KEEP — DATA / REFERENCE,KEEP
703,data/rag/ChIJFZZ_cMbiDDkRyR0HOWvIml0.json,DATASET_STORAGE,2539,Data storage or dataset (data/rag/ChIJFZZ_cMbiDDkRyR0HOWvIml0.json),0,False,False,True,False,⚪ KEEP — DATA / REFERENCE,KEEP
704,data/rag/ChIJf_1WQ0H9DDkRRBGIPpYPrC4.json,DATASET_STORAGE,2711,Data storage or dataset (data/rag/ChIJf_1WQ0H9DDkRRBGIPpYPrC4.json),0,False,False,True,False,⚪ KEEP — DATA / REFERENCE,KEEP
705,data/rag/ChIJf_i50DwbDTkRJKI6ATn2HHQ.json,DATASET_STORAGE,2725,Data storage or dataset (data/rag/ChIJf_i50DwbDTkRJKI6ATn2HHQ.json),0,False,False,True,False,⚪ KEEP — DATA / REFERENCE,KEEP
706,data/rag/ChIJf_RyNJQZDTkRAVspU3WJK8U.json,DATASET_STORAGE,2325,Data storage or dataset (data/rag/ChIJf_RyNJQZDTkRAVspU3WJK8U.json),0,False,False,True,False,⚪ KEEP — DATA / REFERENCE,KEEP
707,data/rag/ChIJG-4XjU6pDTkRLwJSSpKCeZo.json,DATASET_STORAGE,2026,Data storage or dataset (data/rag/ChIJG-4XjU6pDTkRLwJSSpKCeZo.json),0,False,False,True,False,⚪ KEEP — DATA / REFERENCE,KEEP
708,data/rag/ChIJG2fuQYn7DDkRdUMU68JY8hM.json,DATASET_STORAGE,2042,Data storage or dataset (data/rag/ChIJG2fuQYn7DDkRdUMU68JY8hM.json),0,False,False,True,False,⚪ KEEP — DATA / REFERENCE,KEEP
709,data/rag/ChIJg301fAMJDTkRf7OGcLE3iAU.json,DATASET_STORAGE,1899,Data storage or dataset (data/rag/ChIJg301fAMJDTkRf7OGcLE3iAU.json),0,False,False,True,False,⚪ KEEP — DATA / REFERENCE,KEEP
710,data/rag/ChIJg4EYhZcCDTkRpG4TeF_9Xtw.json,DATASET_STORAGE,2118,Data storage or dataset (data/rag/ChIJg4EYhZcCDTkRpG4TeF_9Xtw.json),0,False,False,True,False,⚪ KEEP — DATA / REFERENCE,KEEP
711,data/rag/ChIJg4R_9YMFDTkRyOFMO5N_XAk.json,DATASET_STORAGE,1821,Data storage or dataset (data/rag/ChIJg4R_9YMFDTkRyOFMO5N_XAk.json),0,False,False,True,False,⚪ KEEP — DATA / REFERENCE,KEEP
712,data/rag/ChIJG56hgj4cDTkR0kDH_XNxj1Y.json,DATASET_STORAGE,3157,Data storage or dataset (data/rag/ChIJG56hgj4cDTkR0kDH_XNxj1Y.json),0,False,False,True,False,⚪ KEEP — DATA / REFERENCE,KEEP
713,data/rag/ChIJG6b9UeEDDTkRekt9szIwFig.json,DATASET_STORAGE,4870,Data storage or dataset (data/rag/ChIJG6b9UeEDDTkRekt9szIwFig.json),0,False,False,True,False,⚪ KEEP — DATA / REFERENCE,KEEP
714,data/rag/ChIJg6CUT7IDDTkRVgUaYRZF5Ks.json,DATASET_STORAGE,3318,Data storage or dataset (data/rag/ChIJg6CUT7IDDTkRVgUaYRZF5Ks.json),0,False,False,True,False,⚪ KEEP — DATA / REFERENCE,KEEP
715,data/rag/ChIJG6IcrxkBDTkRkey4OvsU8RA.json,DATASET_STORAGE,3070,Data storage or dataset (data/rag/ChIJG6IcrxkBDTkRkey4OvsU8RA.json),0,False,False,True,False,⚪ KEEP — DATA / REFERENCE,KEEP
716,data/rag/ChIJG6OlprbnDDkRU-OAWAxCg60.json,DATASET_STORAGE,1885,Data storage or dataset (data/rag/ChIJG6OlprbnDDkRU-OAWAxCg60.json),0,False,False,True,False,⚪ KEEP — DATA / REFERENCE,KEEP
717,data/rag/ChIJg6ULUdEjDTkRnQiTUDS_J9s.json,DATASET_STORAGE,3651,Data storage or dataset (data/rag/ChIJg6ULUdEjDTkRnQiTUDS_J9s.json),0,False,False,True,False,⚪ KEEP — DATA / REFERENCE,KEEP
718,data/rag/ChIJg7gqCGsZDTkRdaEehmo_1F8.json,DATASET_STORAGE,5553,Data storage or dataset (data/rag/ChIJg7gqCGsZDTkRdaEehmo_1F8.json),0,False,False,True,False,⚪ KEEP — DATA / REFERENCE,KEEP
719,data/rag/ChIJG7ishgb9DDkRnIrNWT8PfPM.json,DATASET_STORAGE,3526,Data storage or dataset (data/rag/ChIJG7ishgb9DDkRnIrNWT8PfPM.json),0,False,False,True,False,⚪ KEEP — DATA / REFERENCE,KEEP
720,data/rag/ChIJG8FI6_UXDTkRHGRJJxf6O_w.json,DATASET_STORAGE,3912,Data storage or dataset (data/rag/ChIJG8FI6_UXDTkRHGRJJxf6O_w.json),0,False,False,True,False,⚪ KEEP — DATA / REFERENCE,KEEP
721,data/rag/ChIJG8xOITwZDTkRA5LpEQ9_5hA.json,DATASET_STORAGE,1584,Data storage or dataset (data/rag/ChIJG8xOITwZDTkRA5LpEQ9_5hA.json),0,False,False,True,False,⚪ KEEP — DATA / REFERENCE,KEEP
722,data/rag/ChIJg95hFcUaDTkRPEIHxlLFqD0.json,DATASET_STORAGE,2487,Data storage or dataset (data/rag/ChIJg95hFcUaDTkRPEIHxlLFqD0.json),0,False,False,True,False,⚪ KEEP — DATA / REFERENCE,KEEP
723,data/rag/ChIJganRVJAjDTkRuq61WMKx4NQ.json,DATASET_STORAGE,2561,Data storage or dataset (data/rag/ChIJganRVJAjDTkRuq61WMKx4NQ.json),0,False,False,True,False,⚪ KEEP — DATA / REFERENCE,KEEP
724,data/rag/ChIJGbsb2uIDDTkRH8ymaGf-FEk.json,DATASET_STORAGE,2820,Data storage or dataset (data/rag/ChIJGbsb2uIDDTkRH8ymaGf-FEk.json),0,False,False,True,False,⚪ KEEP — DATA / REFERENCE,KEEP
725,data/rag/ChIJGc7ytc77DDkRRxZ5OCed5kk.json,DATASET_STORAGE,1495,Data storage or dataset (data/rag/ChIJGc7ytc77DDkRRxZ5OCed5kk.json),0,False,False,True,False,⚪ KEEP — DATA / REFERENCE,KEEP
726,data/rag/ChIJgdyQHisbDTkRlN7jaSGm6Zw.json,DATASET_STORAGE,2323,Data storage or dataset (data/rag/ChIJgdyQHisbDTkRlN7jaSGm6Zw.json),0,False,False,True,False,⚪ KEEP — DATA / REFERENCE,KEEP
727,data/rag/ChIJgePgPlwbDTkRe99VXOPJjJ4.json,DATASET_STORAGE,1731,Data storage or dataset (data/rag/ChIJgePgPlwbDTkRe99VXOPJjJ4.json),0,False,False,True,False,⚪ KEEP — DATA / REFERENCE,KEEP
728,data/rag/ChIJgfLBXRgeDTkRlsDBRnel4Ws.json,DATASET_STORAGE,2199,Data storage or dataset (data/rag/ChIJgfLBXRgeDTkRlsDBRnel4Ws.json),0,False,False,True,False,⚪ KEEP — DATA / REFERENCE,KEEP
729,data/rag/ChIJgfNsgx3iDDkRVYjia-ScBMI.json,DATASET_STORAGE,2377,Data storage or dataset (data/rag/ChIJgfNsgx3iDDkRVYjia-ScBMI.json),0,False,False,True,False,⚪ KEEP — DATA / REFERENCE,KEEP
730,data/rag/ChIJGQWAe4kFDTkR2wBH2a60Dt4.json,DATASET_STORAGE,2515,Data storage or dataset (data/rag/ChIJGQWAe4kFDTkR2wBH2a60Dt4.json),0,False,False,True,False,⚪ KEEP — DATA / REFERENCE,KEEP
731,data/rag/ChIJgRHwEe_7DDkRC6q5bpveHsc.json,DATASET_STORAGE,1737,Data storage or dataset (data/rag/ChIJgRHwEe_7DDkRC6q5bpveHsc.json),0,False,False,True,False,⚪ KEEP — DATA / REFERENCE,KEEP
732,data/rag/ChIJGSgZBUEcDTkRRd8_ULbNj6U.json,DATASET_STORAGE,3552,Data storage or dataset (data/rag/ChIJGSgZBUEcDTkRRd8_ULbNj6U.json),0,False,False,True,False,⚪ KEEP — DATA / REFERENCE,KEEP
733,data/rag/ChIJgSk2NVIFDTkRfuvFZDMRVkU.json,DATASET_STORAGE,2277,Data storage or dataset (data/rag/ChIJgSk2NVIFDTkRfuvFZDMRVkU.json),0,False,False,True,False,⚪ KEEP — DATA / REFERENCE,KEEP
734,data/rag/ChIJgSqaay0ZDTkR76AdQCpsw1s.json,DATASET_STORAGE,2748,Data storage or dataset (data/rag/ChIJgSqaay0ZDTkR76AdQCpsw1s.json),0,False,False,True,False,⚪ KEEP — DATA / REFERENCE,KEEP
735,data/rag/ChIJGT-mXoQ9DTkRq9y4I-4mxNQ.json,DATASET_STORAGE,2482,Data storage or dataset (data/rag/ChIJGT-mXoQ9DTkRq9y4I-4mxNQ.json),0,False,False,True,False,⚪ KEEP — DATA / REFERENCE,KEEP
736,data/rag/ChIJGTTB6-0ZDTkRdIDLpY_uLr4.json,DATASET_STORAGE,3235,Data storage or dataset (data/rag/ChIJGTTB6-0ZDTkRdIDLpY_uLr4.json),0,False,False,True,False,⚪ KEEP — DATA / REFERENCE,KEEP
737,data/rag/ChIJGUDZB-YfDTkRTOuIuy7EK9Q.json,DATASET_STORAGE,2603,Data storage or dataset (data/rag/ChIJGUDZB-YfDTkRTOuIuy7EK9Q.json),0,False,False,True,False,⚪ KEEP — DATA / REFERENCE,KEEP
738,data/rag/ChIJgUNQnjTlDDkR1QhrUG9MRcE.json,DATASET_STORAGE,4559,Data storage or dataset (data/rag/ChIJgUNQnjTlDDkR1QhrUG9MRcE.json),0,False,False,True,False,⚪ KEEP — DATA / REFERENCE,KEEP
739,data/rag/ChIJgVaLtj38DDkR9GuM4URH1aM.json,DATASET_STORAGE,2402,Data storage or dataset (data/rag/ChIJgVaLtj38DDkR9GuM4URH1aM.json),0,False,False,True,False,⚪ KEEP — DATA / REFERENCE,KEEP
740,data/rag/ChIJGVd7GyYZDTkR72EnTWRzVTM.json,DATASET_STORAGE,2480,Data storage or dataset (data/rag/ChIJGVd7GyYZDTkR72EnTWRzVTM.json),0,False,False,True,False,⚪ KEEP — DATA / REFERENCE,KEEP
741,data/rag/ChIJGwNKtJ_iDDkRzM29RVCaCN8.json,DATASET_STORAGE,6549,Data storage or dataset (data/rag/ChIJGwNKtJ_iDDkRzM29RVCaCN8.json),0,False,False,True,False,⚪ KEEP — DATA / REFERENCE,KEEP
742,data/rag/ChIJgWst_o4FDTkREBbjHgEZyow.json,DATASET_STORAGE,2351,Data storage or dataset (data/rag/ChIJgWst_o4FDTkREBbjHgEZyow.json),0,False,False,True,False,⚪ KEEP — DATA / REFERENCE,KEEP
743,data/rag/ChIJGX1hmgGnDTkRwTt2J4U8sew.json,DATASET_STORAGE,953,Data storage or dataset (data/rag/ChIJGX1hmgGnDTkRwTt2J4U8sew.json),0,False,False,True,False,⚪ KEEP — DATA / REFERENCE,KEEP
744,data/rag/ChIJGX2GTD77DDkRkCEj_1vvVpQ.json,DATASET_STORAGE,1068,Data storage or dataset (data/rag/ChIJGX2GTD77DDkRkCEj_1vvVpQ.json),0,False,False,True,False,⚪ KEEP — DATA / REFERENCE,KEEP
745,data/rag/ChIJgXegMZgbDTkRJjWjnK4hf1U.json,DATASET_STORAGE,2559,Data storage or dataset (data/rag/ChIJgXegMZgbDTkRJjWjnK4hf1U.json),0,False,False,True,False,⚪ KEEP — DATA / REFERENCE,KEEP
746,data/rag/ChIJGY6rtYz9DDkROGiBI6lGJI4.json,DATASET_STORAGE,2883,Data storage or dataset (data/rag/ChIJGY6rtYz9DDkROGiBI6lGJI4.json),0,False,False,True,False,⚪ KEEP — DATA / REFERENCE,KEEP
747,data/rag/ChIJgYEW9tHjDDkRY7NOQXZZSTU.json,DATASET_STORAGE,2771,Data storage or dataset (data/rag/ChIJgYEW9tHjDDkRY7NOQXZZSTU.json),0,False,False,True,False,⚪ KEEP — DATA / REFERENCE,KEEP
748,data/rag/ChIJgyqMzGPnDDkRQ20lUOXLQO8.json,DATASET_STORAGE,3244,Data storage or dataset (data/rag/ChIJgyqMzGPnDDkRQ20lUOXLQO8.json),0,False,False,True,False,⚪ KEEP — DATA / REFERENCE,KEEP
749,data/rag/ChIJGywLmWv9DDkRnxyK623ysBM.json,DATASET_STORAGE,4667,Data storage or dataset (data/rag/ChIJGywLmWv9DDkRnxyK623ysBM.json),0,False,False,True,False,⚪ KEEP — DATA / REFERENCE,KEEP
750,data/rag/ChIJgz8jSOYZDTkRkPmx_o9V6-M.json,DATASET_STORAGE,2476,Data storage or dataset (data/rag/ChIJgz8jSOYZDTkRkPmx_o9V6-M.json),0,False,False,True,False,⚪ KEEP — DATA / REFERENCE,KEEP
751,data/rag/ChIJgzemOSMBDTkRxeLIHSnwjds.json,DATASET_STORAGE,2452,Data storage or dataset (data/rag/ChIJgzemOSMBDTkRxeLIHSnwjds.json),0,False,False,True,False,⚪ KEEP — DATA / REFERENCE,KEEP
752,data/rag/ChIJh-mR3oYFDTkRrvwH-wGgU5I.json,DATASET_STORAGE,2227,Data storage or dataset (data/rag/ChIJh-mR3oYFDTkRrvwH-wGgU5I.json),0,False,False,True,False,⚪ KEEP — DATA / REFERENCE,KEEP
753,data/rag/ChIJh11bAXrjDDkR9tb-KG0AsUU.json,DATASET_STORAGE,1908,Data storage or dataset (data/rag/ChIJh11bAXrjDDkR9tb-KG0AsUU.json),0,False,False,True,False,⚪ KEEP — DATA / REFERENCE,KEEP
754,data/rag/ChIJh2pGUIICDTkRZPwKRwgklls.json,DATASET_STORAGE,2018,Data storage or dataset (data/rag/ChIJh2pGUIICDTkRZPwKRwgklls.json),0,False,False,True,False,⚪ KEEP — DATA / REFERENCE,KEEP
755,data/rag/ChIJh3MXlKUjDTkRo6ibACe4IOE.json,DATASET_STORAGE,2518,Data storage or dataset (data/rag/ChIJh3MXlKUjDTkRo6ibACe4IOE.json),0,False,False,True,False,⚪ KEEP — DATA / REFERENCE,KEEP
756,data/rag/ChIJh45apMkfDTkRsVm3VhUXE74.json,DATASET_STORAGE,2734,Data storage or dataset (data/rag/ChIJh45apMkfDTkRsVm3VhUXE74.json),0,False,False,True,False,⚪ KEEP — DATA / REFERENCE,KEEP
757,data/rag/ChIJh56SAIDdDDkR9NSPmd20Q0c.json,DATASET_STORAGE,1892,Data storage or dataset (data/rag/ChIJh56SAIDdDDkR9NSPmd20Q0c.json),0,False,False,True,False,⚪ KEEP — DATA / REFERENCE,KEEP
758,data/rag/ChIJh58T-3wHDTkRAf1MFbIVc2Y.json,DATASET_STORAGE,2018,Data storage or dataset (data/rag/ChIJh58T-3wHDTkRAf1MFbIVc2Y.json),0,False,False,True,False,⚪ KEEP — DATA / REFERENCE,KEEP
759,data/rag/ChIJh5Fhbsj7DDkRVWFOMmVGyy8.json,DATASET_STORAGE,3465,Data storage or dataset (data/rag/ChIJh5Fhbsj7DDkRVWFOMmVGyy8.json),0,False,False,True,False,⚪ KEEP — DATA / REFERENCE,KEEP
760,data/rag/ChIJH6jGmccFDTkR3zHqyC0B97E.json,DATASET_STORAGE,1833,Data storage or dataset (data/rag/ChIJH6jGmccFDTkR3zHqyC0B97E.json),0,False,False,True,False,⚪ KEEP — DATA / REFERENCE,KEEP
761,data/rag/ChIJH6vik5r9DDkRwaLCMAtRMBM.json,DATASET_STORAGE,2173,Data storage or dataset (data/rag/ChIJH6vik5r9DDkRwaLCMAtRMBM.json),0,False,False,True,False,⚪ KEEP — DATA / REFERENCE,KEEP
762,data/rag/ChIJH7uqMgAdDTkRR3AlYABkDHo.json,DATASET_STORAGE,3505,Data storage or dataset (data/rag/ChIJH7uqMgAdDTkRR3AlYABkDHo.json),0,False,False,True,False,⚪ KEEP — DATA / REFERENCE,KEEP
763,data/rag/ChIJh7ypMCkZDTkRa9qZat_uAfQ.json,DATASET_STORAGE,2707,Data storage or dataset (data/rag/ChIJh7ypMCkZDTkRa9qZat_uAfQ.json),0,False,False,True,False,⚪ KEEP — DATA / REFERENCE,KEEP
764,data/rag/ChIJH8ULB0b_DDkRKtTcs7p2nvc.json,DATASET_STORAGE,1626,Data storage or dataset (data/rag/ChIJH8ULB0b_DDkRKtTcs7p2nvc.json),0,False,False,True,False,⚪ KEEP — DATA / REFERENCE,KEEP
765,data/rag/ChIJH91iSw79DDkRRbRLxoos7LI.json,DATASET_STORAGE,1624,Data storage or dataset (data/rag/ChIJH91iSw79DDkRRbRLxoos7LI.json),0,False,False,True,False,⚪ KEEP — DATA / REFERENCE,KEEP
766,data/rag/ChIJH9Crl7sVDTkRASEZWnCtzjw.json,DATASET_STORAGE,3177,Data storage or dataset (data/rag/ChIJH9Crl7sVDTkRASEZWnCtzjw.json),0,False,False,True,False,⚪ KEEP — DATA / REFERENCE,KEEP
767,data/rag/ChIJH9rmCoypDTkRE9KvTD1AIoA.json,DATASET_STORAGE,2977,Data storage or dataset (data/rag/ChIJH9rmCoypDTkRE9KvTD1AIoA.json),0,False,False,True,False,⚪ KEEP — DATA / REFERENCE,KEEP
768,data/rag/ChIJHaWKGvAdDTkR1l7uIkF9HwE.json,DATASET_STORAGE,2808,Data storage or dataset (data/rag/ChIJHaWKGvAdDTkR1l7uIkF9HwE.json),0,False,False,True,False,⚪ KEEP — DATA / REFERENCE,KEEP
769,data/rag/ChIJHaX0jFQADTkRvSmPOVLTtUc.json,DATASET_STORAGE,959,Data storage or dataset (data/rag/ChIJHaX0jFQADTkRvSmPOVLTtUc.json),0,False,False,True,False,⚪ KEEP — DATA / REFERENCE,KEEP
770,data/rag/ChIJhbQ2bW8ZDTkRgB6pJDAyXXc.json,DATASET_STORAGE,2982,Data storage or dataset (data/rag/ChIJhbQ2bW8ZDTkRgB6pJDAyXXc.json),0,False,False,True,False,⚪ KEEP — DATA / REFERENCE,KEEP
771,data/rag/ChIJhcCsOMkVDTkRDS5i7HH0pus.json,DATASET_STORAGE,945,Data storage or dataset (data/rag/ChIJhcCsOMkVDTkRDS5i7HH0pus.json),0,False,False,True,False,⚪ KEEP — DATA / REFERENCE,KEEP
772,data/rag/ChIJHcE1PUsYDTkRk6DOqjzqpVQ.json,DATASET_STORAGE,2208,Data storage or dataset (data/rag/ChIJHcE1PUsYDTkRk6DOqjzqpVQ.json),0,False,False,True,False,⚪ KEEP — DATA / REFERENCE,KEEP
773,data/rag/ChIJHd3Y2QjnDDkRX2J6RMZlSZ8.json,DATASET_STORAGE,1778,Data storage or dataset (data/rag/ChIJHd3Y2QjnDDkRX2J6RMZlSZ8.json),0,False,False,True,False,⚪ KEEP — DATA / REFERENCE,KEEP
774,data/rag/ChIJhdCGIFUdDTkRzJqaue3kFuk.json,DATASET_STORAGE,2174,Data storage or dataset (data/rag/ChIJhdCGIFUdDTkRzJqaue3kFuk.json),0,False,False,True,False,⚪ KEEP — DATA / REFERENCE,KEEP
775,data/rag/ChIJhe3AYQAbDTkRNLVRMwA8VFI.json,DATASET_STORAGE,1171,Data storage or dataset (data/rag/ChIJhe3AYQAbDTkRNLVRMwA8VFI.json),0,False,False,True,False,⚪ KEEP — DATA / REFERENCE,KEEP
776,data/rag/ChIJhe8U-lo_DTkRUQkm2haPpZ8.json,DATASET_STORAGE,2094,Data storage or dataset (data/rag/ChIJhe8U-lo_DTkRUQkm2haPpZ8.json),0,False,False,True,False,⚪ KEEP — DATA / REFERENCE,KEEP
777,data/rag/ChIJhfP0934DDTkRb0xgy-Wsucs.json,DATASET_STORAGE,3201,Data storage or dataset (data/rag/ChIJhfP0934DDTkRb0xgy-Wsucs.json),0,False,False,True,False,⚪ KEEP — DATA / REFERENCE,KEEP
778,data/rag/ChIJHfSvKvcFDTkR4vGMEzb0wDc.json,DATASET_STORAGE,2077,Data storage or dataset (data/rag/ChIJHfSvKvcFDTkR4vGMEzb0wDc.json),0,False,False,True,False,⚪ KEEP — DATA / REFERENCE,KEEP
779,data/rag/ChIJHfZfh2kZDTkRAs6yvHNDDwI.json,DATASET_STORAGE,2581,Data storage or dataset (data/rag/ChIJHfZfh2kZDTkRAs6yvHNDDwI.json),0,False,False,True,False,⚪ KEEP — DATA / REFERENCE,KEEP
780,data/rag/ChIJHR7ZdDj9DDkRSJTP7ahdEpY.json,DATASET_STORAGE,2797,Data storage or dataset (data/rag/ChIJHR7ZdDj9DDkRSJTP7ahdEpY.json),0,False,False,True,False,⚪ KEEP — DATA / REFERENCE,KEEP
781,data/rag/ChIJHRhUZowjDTkR6J5dsol9s_Q.json,DATASET_STORAGE,1131,Data storage or dataset (data/rag/ChIJHRhUZowjDTkR6J5dsol9s_Q.json),0,False,False,True,False,⚪ KEEP — DATA / REFERENCE,KEEP
782,data/rag/ChIJHTk_xiSrDTkRuw-N0yZBD0I.json,DATASET_STORAGE,3045,Data storage or dataset (data/rag/ChIJHTk_xiSrDTkRuw-N0yZBD0I.json),0,False,False,True,False,⚪ KEEP — DATA / REFERENCE,KEEP
783,data/rag/ChIJHUkIOTQhDTkRvqg7VDi8YEI.json,DATASET_STORAGE,4335,Data storage or dataset (data/rag/ChIJHUkIOTQhDTkRvqg7VDi8YEI.json),0,False,False,True,False,⚪ KEEP — DATA / REFERENCE,KEEP
784,data/rag/ChIJHUReadH6DDkRo5MiseFGFZQ.json,DATASET_STORAGE,3294,Data storage or dataset (data/rag/ChIJHUReadH6DDkRo5MiseFGFZQ.json),0,False,False,True,False,⚪ KEEP — DATA / REFERENCE,KEEP
785,data/rag/ChIJhWenoXoZDTkR8_pA7WnKEAk.json,DATASET_STORAGE,1765,Data storage or dataset (data/rag/ChIJhWenoXoZDTkR8_pA7WnKEAk.json),0,False,False,True,False,⚪ KEEP — DATA / REFERENCE,KEEP
786,data/rag/ChIJHxgBSKEDDTkR2BDdp2oSkYg.json,DATASET_STORAGE,3155,Data storage or dataset (data/rag/ChIJHxgBSKEDDTkR2BDdp2oSkYg.json),0,False,False,True,False,⚪ KEEP — DATA / REFERENCE,KEEP
787,data/rag/ChIJHY9kQ3oZDTkRFwMKA9zUHhA.json,DATASET_STORAGE,3445,Data storage or dataset (data/rag/ChIJHY9kQ3oZDTkRFwMKA9zUHhA.json),0,False,False,True,False,⚪ KEEP — DATA / REFERENCE,KEEP
788,data/rag/ChIJHyjs3C_dDDkRyM4BTCNh7Sw.json,DATASET_STORAGE,2331,Data storage or dataset (data/rag/ChIJHyjs3C_dDDkRyM4BTCNh7Sw.json),0,False,False,True,False,⚪ KEEP — DATA / REFERENCE,KEEP
789,data/rag/ChIJHyrrFgYFDTkRCzPiQ2YZTo8.json,DATASET_STORAGE,1897,Data storage or dataset (data/rag/ChIJHyrrFgYFDTkRCzPiQ2YZTo8.json),0,False,False,True,False,⚪ KEEP — DATA / REFERENCE,KEEP
790,data/rag/ChIJhZ5e-RYHDTkRUj9TQ7kXtYA.json,DATASET_STORAGE,1206,Data storage or dataset (data/rag/ChIJhZ5e-RYHDTkRUj9TQ7kXtYA.json),0,False,False,True,False,⚪ KEEP — DATA / REFERENCE,KEEP
791,data/rag/ChIJHz6rlQ0ZDTkR3PLIrgWCYmM.json,DATASET_STORAGE,2361,Data storage or dataset (data/rag/ChIJHz6rlQ0ZDTkR3PLIrgWCYmM.json),0,False,False,True,False,⚪ KEEP — DATA / REFERENCE,KEEP
792,data/rag/ChIJhZ7D7lLnDDkRW1iGj1Y99cw.json,DATASET_STORAGE,1595,Data storage or dataset (data/rag/ChIJhZ7D7lLnDDkRW1iGj1Y99cw.json),0,False,False,True,False,⚪ KEEP — DATA / REFERENCE,KEEP
793,data/rag/ChIJHzfXMashDTkRWbUuOutv-AM.json,DATASET_STORAGE,1681,Data storage or dataset (data/rag/ChIJHzfXMashDTkRWbUuOutv-AM.json),0,False,False,True,False,⚪ KEEP — DATA / REFERENCE,KEEP
794,data/rag/ChIJhzHamC_iDDkRkUSrm3hnORw.json,DATASET_STORAGE,2364,Data storage or dataset (data/rag/ChIJhzHamC_iDDkRkUSrm3hnORw.json),0,False,False,True,False,⚪ KEEP — DATA / REFERENCE,KEEP
795,data/rag/ChIJHZoxKrPjDDkRG6jciOAg1Ic.json,DATASET_STORAGE,2349,Data storage or dataset (data/rag/ChIJHZoxKrPjDDkRG6jciOAg1Ic.json),0,False,False,True,False,⚪ KEEP — DATA / REFERENCE,KEEP
796,data/rag/ChIJHZqb6wsZDTkR3n303iVwJq0.json,DATASET_STORAGE,4431,Data storage or dataset (data/rag/ChIJHZqb6wsZDTkR3n303iVwJq0.json),0,False,False,True,False,⚪ KEEP — DATA / REFERENCE,KEEP
797,data/rag/ChIJh_fvpJ0fDTkRUtRf7hTB600.json,DATASET_STORAGE,8545,Data storage or dataset (data/rag/ChIJh_fvpJ0fDTkRUtRf7hTB600.json),0,False,False,True,False,⚪ KEEP — DATA / REFERENCE,KEEP
798,data/rag/ChIJh_S5sis9DTkR1oUaarU1OPk.json,DATASET_STORAGE,1983,Data storage or dataset (data/rag/ChIJh_S5sis9DTkR1oUaarU1OPk.json),0,False,False,True,False,⚪ KEEP — DATA / REFERENCE,KEEP
799,data/rag/ChIJH_Tj8koYDTkRej_8iJE6pUE.json,DATASET_STORAGE,2871,Data storage or dataset (data/rag/ChIJH_Tj8koYDTkRej_8iJE6pUE.json),0,False,False,True,False,⚪ KEEP — DATA / REFERENCE,KEEP
800,data/rag/ChIJI-7G1TX9DDkR6Whnu2m6VrM.json,DATASET_STORAGE,2136,Data storage or dataset (data/rag/ChIJI-7G1TX9DDkR6Whnu2m6VrM.json),0,False,False,True,False,⚪ KEEP — DATA / REFERENCE,KEEP
801,data/rag/ChIJi147UAAVDTkRWcXTa5zs4h4.json,DATASET_STORAGE,1828,Data storage or dataset (data/rag/ChIJi147UAAVDTkRWcXTa5zs4h4.json),0,False,False,True,False,⚪ KEEP — DATA / REFERENCE,KEEP
802,data/rag/ChIJi154BwIFDTkREjsPJCSV5O4.json,DATASET_STORAGE,3138,Data storage or dataset (data/rag/ChIJi154BwIFDTkREjsPJCSV5O4.json),0,False,False,True,False,⚪ KEEP — DATA / REFERENCE,KEEP
803,data/rag/ChIJi16N4ZT7DDkRVvNyN9qevRM.json,DATASET_STORAGE,2009,Data storage or dataset (data/rag/ChIJi16N4ZT7DDkRVvNyN9qevRM.json),0,False,False,True,False,⚪ KEEP — DATA / REFERENCE,KEEP
804,data/rag/ChIJI18Xu_8DDTkRFoel4lHlmjQ.json,DATASET_STORAGE,1874,Data storage or dataset (data/rag/ChIJI18Xu_8DDTkRFoel4lHlmjQ.json),0,False,False,True,False,⚪ KEEP — DATA / REFERENCE,KEEP
805,data/rag/ChIJI1C0ziziDDkRKofmqRF3WKE.json,DATASET_STORAGE,2157,Data storage or dataset (data/rag/ChIJI1C0ziziDDkRKofmqRF3WKE.json),0,False,False,True,False,⚪ KEEP — DATA / REFERENCE,KEEP
806,data/rag/ChIJI1fsiqb9DDkRxxtLxlsOTNA.json,DATASET_STORAGE,4114,Data storage or dataset (data/rag/ChIJI1fsiqb9DDkRxxtLxlsOTNA.json),0,False,False,True,False,⚪ KEEP — DATA / REFERENCE,KEEP
807,data/rag/ChIJI25rymXhDDkRpXprJDubtzQ.json,DATASET_STORAGE,3334,Data storage or dataset (data/rag/ChIJI25rymXhDDkRpXprJDubtzQ.json),0,False,False,True,False,⚪ KEEP — DATA / REFERENCE,KEEP
808,data/rag/ChIJi2vT-3UcDTkROnoFPdqD-bA.json,DATASET_STORAGE,3705,Data storage or dataset (data/rag/ChIJi2vT-3UcDTkROnoFPdqD-bA.json),0,False,False,True,False,⚪ KEEP — DATA / REFERENCE,KEEP
809,data/rag/ChIJI2ZTnA0dDTkRcXxM3eh-bRw.json,DATASET_STORAGE,2722,Data storage or dataset (data/rag/ChIJI2ZTnA0dDTkRcXxM3eh-bRw.json),0,False,False,True,False,⚪ KEEP — DATA / REFERENCE,KEEP
810,data/rag/ChIJi36xEZ8bDTkR4WthqzO9FOk.json,DATASET_STORAGE,963,Data storage or dataset (data/rag/ChIJi36xEZ8bDTkR4WthqzO9FOk.json),0,False,False,True,False,⚪ KEEP — DATA / REFERENCE,KEEP
811,data/rag/ChIJi4GTF0H7DDkR25QXfXu1Uac.json,DATASET_STORAGE,3454,Data storage or dataset (data/rag/ChIJi4GTF0H7DDkR25QXfXu1Uac.json),0,False,False,True,False,⚪ KEEP — DATA / REFERENCE,KEEP
812,data/rag/ChIJi4RsIRvnDDkRz11cKiGwPMU.json,DATASET_STORAGE,1662,Data storage or dataset (data/rag/ChIJi4RsIRvnDDkRz11cKiGwPMU.json),0,False,False,True,False,⚪ KEEP — DATA / REFERENCE,KEEP
813,data/rag/ChIJI5Qg-hYeDTkRJPOLBw0uKeQ.json,DATASET_STORAGE,3827,Data storage or dataset (data/rag/ChIJI5Qg-hYeDTkRJPOLBw0uKeQ.json),0,False,False,True,False,⚪ KEEP — DATA / REFERENCE,KEEP
814,data/rag/ChIJI69JKUfcDDkRXn3xNhvAIp8.json,DATASET_STORAGE,3370,Data storage or dataset (data/rag/ChIJI69JKUfcDDkRXn3xNhvAIp8.json),0,False,False,True,False,⚪ KEEP — DATA / REFERENCE,KEEP
815,data/rag/ChIJi6djbFgaDTkRSlSm1pL_cEI.json,DATASET_STORAGE,2664,Data storage or dataset (data/rag/ChIJi6djbFgaDTkRSlSm1pL_cEI.json),0,False,False,True,False,⚪ KEEP — DATA / REFERENCE,KEEP
816,data/rag/ChIJI6js6jjjDDkRfSHTcQtq7WQ.json,DATASET_STORAGE,2092,Data storage or dataset (data/rag/ChIJI6js6jjjDDkRfSHTcQtq7WQ.json),0,False,False,True,False,⚪ KEEP — DATA / REFERENCE,KEEP
817,data/rag/ChIJi6ULd0sDDTkRFFLZ17omh6Y.json,DATASET_STORAGE,3089,Data storage or dataset (data/rag/ChIJi6ULd0sDDTkRFFLZ17omh6Y.json),0,False,False,True,False,⚪ KEEP — DATA / REFERENCE,KEEP
818,data/rag/ChIJI7P9KOMXDTkRmTNCIVrNgU0.json,DATASET_STORAGE,4847,Data storage or dataset (data/rag/ChIJI7P9KOMXDTkRmTNCIVrNgU0.json),0,False,False,True,False,⚪ KEEP — DATA / REFERENCE,KEEP
819,data/rag/ChIJI88zKgABDTkRTjxG8EH5ayY.json,DATASET_STORAGE,929,Data storage or dataset (data/rag/ChIJI88zKgABDTkRTjxG8EH5ayY.json),0,False,False,True,False,⚪ KEEP — DATA / REFERENCE,KEEP
820,data/rag/ChIJia8n1w7jDDkRB1hLFYhbDH4.json,DATASET_STORAGE,2931,Data storage or dataset (data/rag/ChIJia8n1w7jDDkRB1hLFYhbDH4.json),0,False,False,True,False,⚪ KEEP — DATA / REFERENCE,KEEP
821,data/rag/ChIJIagCv3IZDTkR_J9Y0e95QvU.json,DATASET_STORAGE,1440,Data storage or dataset (data/rag/ChIJIagCv3IZDTkR_J9Y0e95QvU.json),0,False,False,True,False,⚪ KEEP — DATA / REFERENCE,KEEP
822,data/rag/ChIJIaLpK2UHDTkRbIISKFozkdo.json,DATASET_STORAGE,1248,Data storage or dataset (data/rag/ChIJIaLpK2UHDTkRbIISKFozkdo.json),0,False,False,True,False,⚪ KEEP — DATA / REFERENCE,KEEP
823,data/rag/ChIJIaV9XGr_DDkR-mZh2s1Gu3g.json,DATASET_STORAGE,1605,Data storage or dataset (data/rag/ChIJIaV9XGr_DDkR-mZh2s1Gu3g.json),0,False,False,True,False,⚪ KEEP — DATA / REFERENCE,KEEP
824,data/rag/ChIJIbuMAirnDDkR1HtuJqkJsPY.json,DATASET_STORAGE,2462,Data storage or dataset (data/rag/ChIJIbuMAirnDDkR1HtuJqkJsPY.json),0,False,False,True,False,⚪ KEEP — DATA / REFERENCE,KEEP
825,data/rag/ChIJicRbzksFDTkR6DUl_93l5Uk.json,DATASET_STORAGE,2712,Data storage or dataset (data/rag/ChIJicRbzksFDTkR6DUl_93l5Uk.json),0,False,False,True,False,⚪ KEEP — DATA / REFERENCE,KEEP
826,data/rag/ChIJidaezV_dDDkRnRpQRPzREZc.json,DATASET_STORAGE,2052,Data storage or dataset (data/rag/ChIJidaezV_dDDkRnRpQRPzREZc.json),0,False,False,True,False,⚪ KEEP — DATA / REFERENCE,KEEP
827,data/rag/ChIJidPBMyb_DDkRnxZAhIBYyYg.json,DATASET_STORAGE,960,Data storage or dataset (data/rag/ChIJidPBMyb_DDkRnxZAhIBYyYg.json),0,False,False,True,False,⚪ KEEP — DATA / REFERENCE,KEEP
828,data/rag/ChIJifxgusrjDDkRyhoJd8vFkWI.json,DATASET_STORAGE,3282,Data storage or dataset (data/rag/ChIJifxgusrjDDkRyhoJd8vFkWI.json),0,False,False,True,False,⚪ KEEP — DATA / REFERENCE,KEEP
829,data/rag/ChIJIQA2Z7wfDTkRZw25k-8InI0.json,DATASET_STORAGE,1924,Data storage or dataset (data/rag/ChIJIQA2Z7wfDTkRZw25k-8InI0.json),0,False,False,True,False,⚪ KEEP — DATA / REFERENCE,KEEP
830,data/rag/ChIJIQAAADAYDTkRr-j3eVMKaeI.json,DATASET_STORAGE,938,Data storage or dataset (data/rag/ChIJIQAAADAYDTkRr-j3eVMKaeI.json),0,False,False,True,False,⚪ KEEP — DATA / REFERENCE,KEEP
831,data/rag/ChIJIQRNwakFDTkRRR6RxHgzr8M.json,DATASET_STORAGE,2500,Data storage or dataset (data/rag/ChIJIQRNwakFDTkRRR6RxHgzr8M.json),0,False,False,True,False,⚪ KEEP — DATA / REFERENCE,KEEP
832,data/rag/ChIJiRsZjhfjDDkRh-Hz8soazjI.json,DATASET_STORAGE,3325,Data storage or dataset (data/rag/ChIJiRsZjhfjDDkRh-Hz8soazjI.json),0,False,False,True,False,⚪ KEEP — DATA / REFERENCE,KEEP
833,data/rag/ChIJiTGgzpkCDTkRfjZ2Ar8ZSBU.json,DATASET_STORAGE,4237,Data storage or dataset (data/rag/ChIJiTGgzpkCDTkRfjZ2Ar8ZSBU.json),0,False,False,True,False,⚪ KEEP — DATA / REFERENCE,KEEP
834,data/rag/ChIJIVrBSmUHDTkR9fGMGA5NuAA.json,DATASET_STORAGE,2100,Data storage or dataset (data/rag/ChIJIVrBSmUHDTkR9fGMGA5NuAA.json),0,False,False,True,False,⚪ KEEP — DATA / REFERENCE,KEEP
835,data/rag/ChIJiWLtVqP_DDkRLHUVE9GVOMo.json,DATASET_STORAGE,996,Data storage or dataset (data/rag/ChIJiWLtVqP_DDkRLHUVE9GVOMo.json),0,False,False,True,False,⚪ KEEP — DATA / REFERENCE,KEEP
836,data/rag/ChIJIx-vIgAHDTkRbubTc7FHDgU.json,DATASET_STORAGE,2272,Data storage or dataset (data/rag/ChIJIx-vIgAHDTkRbubTc7FHDgU.json),0,False,False,True,False,⚪ KEEP — DATA / REFERENCE,KEEP
837,data/rag/ChIJix1ZFWUYDTkRrJMXkJIv9mk.json,DATASET_STORAGE,1787,Data storage or dataset (data/rag/ChIJix1ZFWUYDTkRrJMXkJIv9mk.json),0,False,False,True,False,⚪ KEEP — DATA / REFERENCE,KEEP
838,data/rag/ChIJIX4qK5gCDTkRbm67bcxGI7I.json,DATASET_STORAGE,5159,Data storage or dataset (data/rag/ChIJIX4qK5gCDTkRbm67bcxGI7I.json),0,False,False,True,False,⚪ KEEP — DATA / REFERENCE,KEEP
839,data/rag/ChIJIxJHPnEBDTkRdg5tnZH7IOY.json,DATASET_STORAGE,2350,Data storage or dataset (data/rag/ChIJIxJHPnEBDTkRdg5tnZH7IOY.json),0,False,False,True,False,⚪ KEEP — DATA / REFERENCE,KEEP
840,data/rag/ChIJixLvaq8HDTkR3a-ToyPGxt8.json,DATASET_STORAGE,3493,Data storage or dataset (data/rag/ChIJixLvaq8HDTkR3a-ToyPGxt8.json),0,False,False,True,False,⚪ KEEP — DATA / REFERENCE,KEEP
841,data/rag/ChIJixN4GUv9DDkRyd_Iu--GXgU.json,DATASET_STORAGE,1977,Data storage or dataset (data/rag/ChIJixN4GUv9DDkRyd_Iu--GXgU.json),0,False,False,True,False,⚪ KEEP — DATA / REFERENCE,KEEP
842,data/rag/ChIJixO9pSwfDTkRnBicOK6DA54.json,DATASET_STORAGE,3592,Data storage or dataset (data/rag/ChIJixO9pSwfDTkRnBicOK6DA54.json),0,False,False,True,False,⚪ KEEP — DATA / REFERENCE,KEEP
843,data/rag/ChIJixXicdkPDTkR2UeugUm5oMQ.json,DATASET_STORAGE,1084,Data storage or dataset (data/rag/ChIJixXicdkPDTkR2UeugUm5oMQ.json),0,False,False,True,False,⚪ KEEP — DATA / REFERENCE,KEEP
844,data/rag/ChIJiyN1kz8bDTkRA2ud_zDRLqM.json,DATASET_STORAGE,3441,Data storage or dataset (data/rag/ChIJiyN1kz8bDTkRA2ud_zDRLqM.json),0,False,False,True,False,⚪ KEEP — DATA / REFERENCE,KEEP
845,data/rag/ChIJIYwrZt7jDDkRvGirDdAwW2Q.json,DATASET_STORAGE,2364,Data storage or dataset (data/rag/ChIJIYwrZt7jDDkRvGirDdAwW2Q.json),0,False,False,True,False,⚪ KEEP — DATA / REFERENCE,KEEP
846,data/rag/ChIJiz6C02gYDTkRQyDPMavhpE8.json,DATASET_STORAGE,2791,Data storage or dataset (data/rag/ChIJiz6C02gYDTkRQyDPMavhpE8.json),0,False,False,True,False,⚪ KEEP — DATA / REFERENCE,KEEP
847,data/rag/ChIJiziWrzAbDTkRdIPNjwNfI-o.json,DATASET_STORAGE,1987,Data storage or dataset (data/rag/ChIJiziWrzAbDTkRdIPNjwNfI-o.json),0,False,False,True,False,⚪ KEEP — DATA / REFERENCE,KEEP
848,data/rag/ChIJiZo7fRYBDTkRiTXIZN7ndcM.json,DATASET_STORAGE,1859,Data storage or dataset (data/rag/ChIJiZo7fRYBDTkRiTXIZN7ndcM.json),0,False,False,True,False,⚪ KEEP — DATA / REFERENCE,KEEP
849,data/rag/ChIJI_krrZ89DTkRYdUZzkyLz3Y.json,DATASET_STORAGE,3872,Data storage or dataset (data/rag/ChIJI_krrZ89DTkRYdUZzkyLz3Y.json),0,False,False,True,False,⚪ KEEP — DATA / REFERENCE,KEEP
850,data/rag/ChIJJ-iCsl7dDDkRD6VpV-uTHQw.json,DATASET_STORAGE,3013,Data storage or dataset (data/rag/ChIJJ-iCsl7dDDkRD6VpV-uTHQw.json),0,False,False,True,False,⚪ KEEP — DATA / REFERENCE,KEEP
851,data/rag/ChIJJ0FnHkH9DDkRTSUSlC-IXoo.json,DATASET_STORAGE,3157,Data storage or dataset (data/rag/ChIJJ0FnHkH9DDkRTSUSlC-IXoo.json),0,False,False,True,False,⚪ KEEP — DATA / REFERENCE,KEEP
852,data/rag/ChIJj0IpArTeDDkRBg2UFCSt5DI.json,DATASET_STORAGE,1126,Data storage or dataset (data/rag/ChIJj0IpArTeDDkRBg2UFCSt5DI.json),0,False,False,True,False,⚪ KEEP — DATA / REFERENCE,KEEP
853,data/rag/ChIJj1OudT0CDTkRtj84wg-cCE8.json,DATASET_STORAGE,3064,Data storage or dataset (data/rag/ChIJj1OudT0CDTkRtj84wg-cCE8.json),0,False,False,True,False,⚪ KEEP — DATA / REFERENCE,KEEP
854,data/rag/ChIJj2CkiW7jDDkRtk7vqwXeRTw.json,DATASET_STORAGE,1939,Data storage or dataset (data/rag/ChIJj2CkiW7jDDkRtk7vqwXeRTw.json),0,False,False,True,False,⚪ KEEP — DATA / REFERENCE,KEEP
855,data/rag/ChIJJ2zoZIoBDTkRM3l0by4TH_M.json,DATASET_STORAGE,934,Data storage or dataset (data/rag/ChIJJ2zoZIoBDTkRM3l0by4TH_M.json),0,False,False,True,False,⚪ KEEP — DATA / REFERENCE,KEEP
856,data/rag/ChIJJ3-uAo0BDTkRkOIZi70cb_4.json,DATASET_STORAGE,3246,Data storage or dataset (data/rag/ChIJJ3-uAo0BDTkRkOIZi70cb_4.json),0,False,False,True,False,⚪ KEEP — DATA / REFERENCE,KEEP
857,data/rag/ChIJj3OjmdKtDTkRvWh_wE1co6E.json,DATASET_STORAGE,2422,Data storage or dataset (data/rag/ChIJj3OjmdKtDTkRvWh_wE1co6E.json),0,False,False,True,False,⚪ KEEP — DATA / REFERENCE,KEEP
858,data/rag/ChIJj3VBHVABDTkRbJf3b-WvsDs.json,DATASET_STORAGE,1331,Data storage or dataset (data/rag/ChIJj3VBHVABDTkRbJf3b-WvsDs.json),0,False,False,True,False,⚪ KEEP — DATA / REFERENCE,KEEP
859,data/rag/ChIJj5WWowbkDDkRZeORbR-RCbQ.json,DATASET_STORAGE,4396,Data storage or dataset (data/rag/ChIJj5WWowbkDDkRZeORbR-RCbQ.json),0,False,False,True,False,⚪ KEEP — DATA / REFERENCE,KEEP
860,data/rag/ChIJj6f6_j8YDTkRRjtc27zzXbg.json,DATASET_STORAGE,2282,Data storage or dataset (data/rag/ChIJj6f6_j8YDTkRRjtc27zzXbg.json),0,False,False,True,False,⚪ KEEP — DATA / REFERENCE,KEEP
861,data/rag/ChIJJ7fCIwAfDTkReXn71Uz-ONM.json,DATASET_STORAGE,3211,Data storage or dataset (data/rag/ChIJJ7fCIwAfDTkReXn71Uz-ONM.json),0,False,False,True,False,⚪ KEEP — DATA / REFERENCE,KEEP
862,data/rag/ChIJJ7UzRjYYDTkRpXiNxgs1P6I.json,DATASET_STORAGE,3140,Data storage or dataset (data/rag/ChIJJ7UzRjYYDTkRpXiNxgs1P6I.json),0,False,False,True,False,⚪ KEEP — DATA / REFERENCE,KEEP
863,data/rag/ChIJj8YORkcFDTkR94RXl2cn8tE.json,DATASET_STORAGE,1044,Data storage or dataset (data/rag/ChIJj8YORkcFDTkR94RXl2cn8tE.json),0,False,False,True,False,⚪ KEEP — DATA / REFERENCE,KEEP
864,data/rag/ChIJj9ohA_sZDTkRzpldRlEu7O8.json,DATASET_STORAGE,3477,Data storage or dataset (data/rag/ChIJj9ohA_sZDTkRzpldRlEu7O8.json),0,False,False,True,False,⚪ KEEP — DATA / REFERENCE,KEEP
865,data/rag/ChIJJ9wSfkKqDTkRzfuvNoR76ds.json,DATASET_STORAGE,3213,Data storage or dataset (data/rag/ChIJJ9wSfkKqDTkRzfuvNoR76ds.json),0,False,False,True,False,⚪ KEEP — DATA / REFERENCE,KEEP
866,data/rag/ChIJj9wYgTDjDDkRVGwv1YerDGY.json,DATASET_STORAGE,2332,Data storage or dataset (data/rag/ChIJj9wYgTDjDDkRVGwv1YerDGY.json),0,False,False,True,False,⚪ KEEP — DATA / REFERENCE,KEEP
867,data/rag/ChIJjayGAQAFDTkR_tXrPD-6ou8.json,DATASET_STORAGE,1636,Data storage or dataset (data/rag/ChIJjayGAQAFDTkR_tXrPD-6ou8.json),0,False,False,True,False,⚪ KEEP — DATA / REFERENCE,KEEP
868,data/rag/ChIJJbbr8_T_DDkR-ofOseudRO4.json,DATASET_STORAGE,1810,Data storage or dataset (data/rag/ChIJJbbr8_T_DDkR-ofOseudRO4.json),0,False,False,True,False,⚪ KEEP — DATA / REFERENCE,KEEP
869,data/rag/ChIJJbpqeAA_DTkRB8FYrn7TPF0.json,DATASET_STORAGE,1209,Data storage or dataset (data/rag/ChIJJbpqeAA_DTkRB8FYrn7TPF0.json),0,False,False,True,False,⚪ KEEP — DATA / REFERENCE,KEEP
870,data/rag/ChIJJbQZ8ej5DDkRgU3unSid7-U.json,DATASET_STORAGE,1245,Data storage or dataset (data/rag/ChIJJbQZ8ej5DDkRgU3unSid7-U.json),0,False,False,True,False,⚪ KEEP — DATA / REFERENCE,KEEP
871,data/rag/ChIJjdR7GgEDDTkRk1PVg8rr8dE.json,DATASET_STORAGE,3615,Data storage or dataset (data/rag/ChIJjdR7GgEDDTkRk1PVg8rr8dE.json),0,False,False,True,False,⚪ KEEP — DATA / REFERENCE,KEEP
872,data/rag/ChIJjeAJQbbdDDkRRcIeFMXXeRo.json,DATASET_STORAGE,1765,Data storage or dataset (data/rag/ChIJjeAJQbbdDDkRRcIeFMXXeRo.json),0,False,False,True,False,⚪ KEEP — DATA / REFERENCE,KEEP
873,data/rag/ChIJjeWqzSkdDTkRlyfZf8SJ0X0.json,DATASET_STORAGE,1943,Data storage or dataset (data/rag/ChIJjeWqzSkdDTkRlyfZf8SJ0X0.json),0,False,False,True,False,⚪ KEEP — DATA / REFERENCE,KEEP
874,data/rag/ChIJJfVl6mnfDDkRF7gDYYhtgvE.json,DATASET_STORAGE,4932,Data storage or dataset (data/rag/ChIJJfVl6mnfDDkRF7gDYYhtgvE.json),0,False,False,True,False,⚪ KEEP — DATA / REFERENCE,KEEP
875,data/rag/ChIJjRnSLIwfDTkRSeSzIDKDY_s.json,DATASET_STORAGE,2129,Data storage or dataset (data/rag/ChIJjRnSLIwfDTkRSeSzIDKDY_s.json),0,False,False,True,False,⚪ KEEP — DATA / REFERENCE,KEEP
876,data/rag/ChIJjSsoDJj7DDkRUNvExHCukF8.json,DATASET_STORAGE,1185,Data storage or dataset (data/rag/ChIJjSsoDJj7DDkRUNvExHCukF8.json),0,False,False,True,False,⚪ KEEP — DATA / REFERENCE,KEEP
877,data/rag/ChIJjTVekIr9DDkROSy1R9mJXRc.json,DATASET_STORAGE,2381,Data storage or dataset (data/rag/ChIJjTVekIr9DDkROSy1R9mJXRc.json),0,False,False,True,False,⚪ KEEP — DATA / REFERENCE,KEEP
878,data/rag/ChIJjU2t8HIBDTkRxUapQdDtARk.json,DATASET_STORAGE,1213,Data storage or dataset (data/rag/ChIJjU2t8HIBDTkRxUapQdDtARk.json),0,False,False,True,False,⚪ KEEP — DATA / REFERENCE,KEEP
879,data/rag/ChIJJUU734WpDTkReu71uFgc1lg.json,DATASET_STORAGE,1441,Data storage or dataset (data/rag/ChIJJUU734WpDTkReu71uFgc1lg.json),0,False,False,True,False,⚪ KEEP — DATA / REFERENCE,KEEP
880,data/rag/ChIJjWa5JFAPDTkRDAWNgAmRllc.json,DATASET_STORAGE,4012,Data storage or dataset (data/rag/ChIJjWa5JFAPDTkRDAWNgAmRllc.json),0,False,False,True,False,⚪ KEEP — DATA / REFERENCE,KEEP
881,data/rag/ChIJJWjGrxEeDTkRwBTPOhzPqgA.json,DATASET_STORAGE,2683,Data storage or dataset (data/rag/ChIJJWjGrxEeDTkRwBTPOhzPqgA.json),0,False,False,True,False,⚪ KEEP — DATA / REFERENCE,KEEP
882,data/rag/ChIJjxDREmjhDDkR_q86XhG-KDE.json,DATASET_STORAGE,3906,Data storage or dataset (data/rag/ChIJjxDREmjhDDkR_q86XhG-KDE.json),0,False,False,True,False,⚪ KEEP — DATA / REFERENCE,KEEP
883,data/rag/ChIJjXIMuls9DTkRhBhavLC_ajo.json,DATASET_STORAGE,2854,Data storage or dataset (data/rag/ChIJjXIMuls9DTkRhBhavLC_ajo.json),0,False,False,True,False,⚪ KEEP — DATA / REFERENCE,KEEP
884,data/rag/ChIJJxUVzAkdDTkR3suKEjMZLts.json,DATASET_STORAGE,4553,Data storage or dataset (data/rag/ChIJJxUVzAkdDTkR3suKEjMZLts.json),0,False,False,True,False,⚪ KEEP — DATA / REFERENCE,KEEP
885,data/rag/ChIJjyeFQCMfDTkRJuuH8AyC5YE.json,DATASET_STORAGE,5039,Data storage or dataset (data/rag/ChIJjyeFQCMfDTkRJuuH8AyC5YE.json),0,False,False,True,False,⚪ KEEP — DATA / REFERENCE,KEEP
886,data/rag/ChIJjYjbl0gbDTkRCrRAMjT45Yg.json,DATASET_STORAGE,2938,Data storage or dataset (data/rag/ChIJjYjbl0gbDTkRCrRAMjT45Yg.json),0,False,False,True,False,⚪ KEEP — DATA / REFERENCE,KEEP
887,data/rag/ChIJJZbBIxcdDTkRWHSDuiBGNDc.json,DATASET_STORAGE,3351,Data storage or dataset (data/rag/ChIJJZbBIxcdDTkRWHSDuiBGNDc.json),0,False,False,True,False,⚪ KEEP — DATA / REFERENCE,KEEP
888,data/rag/ChIJJZbTaLPiDDkR0iCsQ0HteV4.json,DATASET_STORAGE,3331,Data storage or dataset (data/rag/ChIJJZbTaLPiDDkR0iCsQ0HteV4.json),0,False,False,True,False,⚪ KEEP — DATA / REFERENCE,KEEP
889,data/rag/ChIJJ_d6dAr7DDkRuT7Y-9pNcMA.json,DATASET_STORAGE,1013,Data storage or dataset (data/rag/ChIJJ_d6dAr7DDkRuT7Y-9pNcMA.json),0,False,False,True,False,⚪ KEEP — DATA / REFERENCE,KEEP
890,data/rag/ChIJJ_yccvHhDDkRZT2M9nML5Y8.json,DATASET_STORAGE,3465,Data storage or dataset (data/rag/ChIJJ_yccvHhDDkRZT2M9nML5Y8.json),0,False,False,True,False,⚪ KEEP — DATA / REFERENCE,KEEP
891,data/rag/ChIJk1V_b6MdDTkREBke9zUcepg.json,DATASET_STORAGE,1686,Data storage or dataset (data/rag/ChIJk1V_b6MdDTkREBke9zUcepg.json),0,False,False,True,False,⚪ KEEP — DATA / REFERENCE,KEEP
892,data/rag/ChIJk2gHn-nhDDkRuZScc5-PY8A.json,DATASET_STORAGE,2312,Data storage or dataset (data/rag/ChIJk2gHn-nhDDkRuZScc5-PY8A.json),0,False,False,True,False,⚪ KEEP — DATA / REFERENCE,KEEP
893,data/rag/ChIJK31TtXX7DDkRI07HmBH4rWE.json,DATASET_STORAGE,3028,Data storage or dataset (data/rag/ChIJK31TtXX7DDkRI07HmBH4rWE.json),0,False,False,True,False,⚪ KEEP — DATA / REFERENCE,KEEP
894,data/rag/ChIJK3r5CKMDDTkR3boHlDA8KE4.json,DATASET_STORAGE,2985,Data storage or dataset (data/rag/ChIJK3r5CKMDDTkR3boHlDA8KE4.json),0,False,False,True,False,⚪ KEEP — DATA / REFERENCE,KEEP
895,data/rag/ChIJK4VQrrf7DDkRieHJtHdj6j0.json,DATASET_STORAGE,1456,Data storage or dataset (data/rag/ChIJK4VQrrf7DDkRieHJtHdj6j0.json),0,False,False,True,False,⚪ KEEP — DATA / REFERENCE,KEEP
896,data/rag/ChIJk4WvZ3DjDDkRZ9zZPlkz7RU.json,DATASET_STORAGE,4850,Data storage or dataset (data/rag/ChIJk4WvZ3DjDDkRZ9zZPlkz7RU.json),0,False,False,True,False,⚪ KEEP — DATA / REFERENCE,KEEP
897,data/rag/ChIJK4wZZQADDTkRkyUH87huHo4.json,DATASET_STORAGE,1869,Data storage or dataset (data/rag/ChIJK4wZZQADDTkRkyUH87huHo4.json),0,False,False,True,False,⚪ KEEP — DATA / REFERENCE,KEEP
898,data/rag/ChIJk4_wGzL7DDkR7ryPrhtrJuw.json,DATASET_STORAGE,2570,Data storage or dataset (data/rag/ChIJk4_wGzL7DDkR7ryPrhtrJuw.json),0,False,False,True,False,⚪ KEEP — DATA / REFERENCE,KEEP
899,data/rag/ChIJk52GIJUjDTkRFLn_-Jkhn3Y.json,DATASET_STORAGE,2874,Data storage or dataset (data/rag/ChIJk52GIJUjDTkRFLn_-Jkhn3Y.json),0,False,False,True,False,⚪ KEEP — DATA / REFERENCE,KEEP
900,data/rag/ChIJk5n5hwb7DDkRRzu4ZFp60dg.json,DATASET_STORAGE,1701,Data storage or dataset (data/rag/ChIJk5n5hwb7DDkRRzu4ZFp60dg.json),0,False,False,True,False,⚪ KEEP — DATA / REFERENCE,KEEP
901,data/rag/ChIJK7IvNhUcDTkRJuiQWy3VMfE.json,DATASET_STORAGE,4097,Data storage or dataset (data/rag/ChIJK7IvNhUcDTkRJuiQWy3VMfE.json),0,False,False,True,False,⚪ KEEP — DATA / REFERENCE,KEEP
902,data/rag/ChIJk8AAxBEFDTkRijYHy1lzdPE.json,DATASET_STORAGE,2465,Data storage or dataset (data/rag/ChIJk8AAxBEFDTkRijYHy1lzdPE.json),0,False,False,True,False,⚪ KEEP — DATA / REFERENCE,KEEP
903,data/rag/ChIJk8P9dub_DDkRontArtZB6bw.json,DATASET_STORAGE,1824,Data storage or dataset (data/rag/ChIJk8P9dub_DDkRontArtZB6bw.json),0,False,False,True,False,⚪ KEEP — DATA / REFERENCE,KEEP
904,data/rag/ChIJK8q9_lrhDDkR6E6lBzzBCxQ.json,DATASET_STORAGE,3154,Data storage or dataset (data/rag/ChIJK8q9_lrhDDkR6E6lBzzBCxQ.json),0,False,False,True,False,⚪ KEEP — DATA / REFERENCE,KEEP
905,data/rag/ChIJk8qoSVIDDTkRAEGQnmvB3wY.json,DATASET_STORAGE,2622,Data storage or dataset (data/rag/ChIJk8qoSVIDDTkRAEGQnmvB3wY.json),0,False,False,True,False,⚪ KEEP — DATA / REFERENCE,KEEP
906,data/rag/ChIJk93LUHsFDTkRUXPXSpxy6eE.json,DATASET_STORAGE,1498,Data storage or dataset (data/rag/ChIJk93LUHsFDTkRUXPXSpxy6eE.json),0,False,False,True,False,⚪ KEEP — DATA / REFERENCE,KEEP
907,data/rag/ChIJka2EkL3lDDkRFeu9Eghc8xU.json,DATASET_STORAGE,2173,Data storage or dataset (data/rag/ChIJka2EkL3lDDkRFeu9Eghc8xU.json),0,False,False,True,False,⚪ KEEP — DATA / REFERENCE,KEEP
908,data/rag/ChIJKagwI0YZDTkRYT__pYzMFyY.json,DATASET_STORAGE,2457,Data storage or dataset (data/rag/ChIJKagwI0YZDTkRYT__pYzMFyY.json),0,False,False,True,False,⚪ KEEP — DATA / REFERENCE,KEEP
909,data/rag/ChIJkcJp03YDDTkRH88qPNzHLkw.json,DATASET_STORAGE,2120,Data storage or dataset (data/rag/ChIJkcJp03YDDTkRH88qPNzHLkw.json),0,False,False,True,False,⚪ KEEP — DATA / REFERENCE,KEEP
910,data/rag/ChIJKcrWLgAFDTkRlrckv8iYjfw.json,DATASET_STORAGE,936,Data storage or dataset (data/rag/ChIJKcrWLgAFDTkRlrckv8iYjfw.json),0,False,False,True,False,⚪ KEEP — DATA / REFERENCE,KEEP
911,data/rag/ChIJKd2x_m37DDkR7eEb4D5R3GM.json,DATASET_STORAGE,2592,Data storage or dataset (data/rag/ChIJKd2x_m37DDkR7eEb4D5R3GM.json),0,False,False,True,False,⚪ KEEP — DATA / REFERENCE,KEEP
912,data/rag/ChIJkf5hPkEcDTkRkw-x73G9OyM.json,DATASET_STORAGE,3184,Data storage or dataset (data/rag/ChIJkf5hPkEcDTkRkw-x73G9OyM.json),0,False,False,True,False,⚪ KEEP — DATA / REFERENCE,KEEP
913,data/rag/ChIJKfbCnXodDTkRoHUFJ9xu2HQ.json,DATASET_STORAGE,2120,Data storage or dataset (data/rag/ChIJKfbCnXodDTkRoHUFJ9xu2HQ.json),0,False,False,True,False,⚪ KEEP — DATA / REFERENCE,KEEP
914,data/rag/ChIJkfHo0wEbDTkRUlBuTJv40mE.json,DATASET_STORAGE,3829,Data storage or dataset (data/rag/ChIJkfHo0wEbDTkRUlBuTJv40mE.json),0,False,False,True,False,⚪ KEEP — DATA / REFERENCE,KEEP
915,data/rag/ChIJkfmYCz_nDDkRl-e30Xfjyuw.json,DATASET_STORAGE,4422,Data storage or dataset (data/rag/ChIJkfmYCz_nDDkRl-e30Xfjyuw.json),0,False,False,True,False,⚪ KEEP — DATA / REFERENCE,KEEP
916,data/rag/ChIJKRCAWocZDTkRba7C87Hijs8.json,DATASET_STORAGE,3145,Data storage or dataset (data/rag/ChIJKRCAWocZDTkRba7C87Hijs8.json),0,False,False,True,False,⚪ KEEP — DATA / REFERENCE,KEEP
917,data/rag/ChIJKREHk7IbDTkRqiqzifn1WX8.json,DATASET_STORAGE,3521,Data storage or dataset (data/rag/ChIJKREHk7IbDTkRqiqzifn1WX8.json),0,False,False,True,False,⚪ KEEP — DATA / REFERENCE,KEEP
918,data/rag/ChIJKST1WAIiDTkRsgzAHRBHBv4.json,DATASET_STORAGE,2293,Data storage or dataset (data/rag/ChIJKST1WAIiDTkRsgzAHRBHBv4.json),0,False,False,True,False,⚪ KEEP — DATA / REFERENCE,KEEP
919,data/rag/ChIJKSxZzWIEDTkRrhjAZD1JDX4.json,DATASET_STORAGE,3631,Data storage or dataset (data/rag/ChIJKSxZzWIEDTkRrhjAZD1JDX4.json),0,False,False,True,False,⚪ KEEP — DATA / REFERENCE,KEEP
920,data/rag/ChIJkTyoKUkVDTkR8L5-ZWny4t8.json,DATASET_STORAGE,2427,Data storage or dataset (data/rag/ChIJkTyoKUkVDTkR8L5-ZWny4t8.json),0,False,False,True,False,⚪ KEEP — DATA / REFERENCE,KEEP
921,data/rag/ChIJkUS0a7hrDTkR8_OhQzGLVjE.json,DATASET_STORAGE,1352,Data storage or dataset (data/rag/ChIJkUS0a7hrDTkR8_OhQzGLVjE.json),0,False,False,True,False,⚪ KEEP — DATA / REFERENCE,KEEP
922,data/rag/ChIJkVM5FkgYDTkRPZkgLsmOLLE.json,DATASET_STORAGE,4354,Data storage or dataset (data/rag/ChIJkVM5FkgYDTkRPZkgLsmOLLE.json),0,False,False,True,False,⚪ KEEP — DATA / REFERENCE,KEEP
923,data/rag/ChIJkVWZhsvkDDkRBjzrN61i9fQ.json,DATASET_STORAGE,3161,Data storage or dataset (data/rag/ChIJkVWZhsvkDDkRBjzrN61i9fQ.json),0,False,False,True,False,⚪ KEEP — DATA / REFERENCE,KEEP
924,data/rag/ChIJKw-RLLoLDTkRAdERPB5Ob7U.json,DATASET_STORAGE,1963,Data storage or dataset (data/rag/ChIJKw-RLLoLDTkRAdERPB5Ob7U.json),0,False,False,True,False,⚪ KEEP — DATA / REFERENCE,KEEP
925,data/rag/ChIJKW3RBVIJDTkR_BVHmyNVYN4.json,DATASET_STORAGE,1236,Data storage or dataset (data/rag/ChIJKW3RBVIJDTkR_BVHmyNVYN4.json),0,False,False,True,False,⚪ KEEP — DATA / REFERENCE,KEEP
926,data/rag/ChIJKWnq_wPkDDkR5dlmfoAQhCE.json,DATASET_STORAGE,2947,Data storage or dataset (data/rag/ChIJKWnq_wPkDDkR5dlmfoAQhCE.json),0,False,False,True,False,⚪ KEEP — DATA / REFERENCE,KEEP
927,data/rag/ChIJKWvzBwD7DDkRBKbJTi6hyHk.json,DATASET_STORAGE,970,Data storage or dataset (data/rag/ChIJKWvzBwD7DDkRBKbJTi6hyHk.json),0,False,False,True,False,⚪ KEEP — DATA / REFERENCE,KEEP
928,data/rag/ChIJKxVFie8CDTkRIgB2qqYMcOs.json,DATASET_STORAGE,3940,Data storage or dataset (data/rag/ChIJKxVFie8CDTkRIgB2qqYMcOs.json),0,False,False,True,False,⚪ KEEP — DATA / REFERENCE,KEEP
929,data/rag/ChIJKYKSWQAZDTkRGfvUj75CLA0.json,DATASET_STORAGE,1930,Data storage or dataset (data/rag/ChIJKYKSWQAZDTkRGfvUj75CLA0.json),0,False,False,True,False,⚪ KEEP — DATA / REFERENCE,KEEP
930,data/rag/ChIJkYU2YgKlDTkR9mZuA6BHMHU.json,DATASET_STORAGE,945,Data storage or dataset (data/rag/ChIJkYU2YgKlDTkR9mZuA6BHMHU.json),0,False,False,True,False,⚪ KEEP — DATA / REFERENCE,KEEP
931,data/rag/ChIJKYv_S8jjDDkRIbrMlfnrKF8.json,DATASET_STORAGE,2934,Data storage or dataset (data/rag/ChIJKYv_S8jjDDkRIbrMlfnrKF8.json),0,False,False,True,False,⚪ KEEP — DATA / REFERENCE,KEEP
932,data/rag/ChIJKzAS1fPxDDkRIFxmqw8Crug.json,DATASET_STORAGE,1858,Data storage or dataset (data/rag/ChIJKzAS1fPxDDkRIFxmqw8Crug.json),0,False,False,True,False,⚪ KEEP — DATA / REFERENCE,KEEP
933,data/rag/ChIJKzbCdWv9DDkRY_EAFQaTaYc.json,DATASET_STORAGE,3863,Data storage or dataset (data/rag/ChIJKzbCdWv9DDkRY_EAFQaTaYc.json),0,False,False,True,False,⚪ KEEP — DATA / REFERENCE,KEEP
934,data/rag/ChIJkZedEMjiDDkRUK5PW7ktwd4.json,DATASET_STORAGE,3160,Data storage or dataset (data/rag/ChIJkZedEMjiDDkRUK5PW7ktwd4.json),0,False,False,True,False,⚪ KEEP — DATA / REFERENCE,KEEP
935,data/rag/ChIJKZXZj4D7DDkRYQ-EvPj5E34.json,DATASET_STORAGE,1384,Data storage or dataset (data/rag/ChIJKZXZj4D7DDkRYQ-EvPj5E34.json),0,False,False,True,False,⚪ KEEP — DATA / REFERENCE,KEEP
936,data/rag/ChIJl-ab2zzdDDkR3F9f6h1Sy4U.json,DATASET_STORAGE,2631,Data storage or dataset (data/rag/ChIJl-ab2zzdDDkR3F9f6h1Sy4U.json),0,False,False,True,False,⚪ KEEP — DATA / REFERENCE,KEEP
937,data/rag/ChIJl-fnJmXnDDkRI72MNPOzSFA.json,DATASET_STORAGE,1768,Data storage or dataset (data/rag/ChIJl-fnJmXnDDkRI72MNPOzSFA.json),0,False,False,True,False,⚪ KEEP — DATA / REFERENCE,KEEP
938,data/rag/ChIJL0f22DLiDDkR3fcJSE_kmw8.json,DATASET_STORAGE,2679,Data storage or dataset (data/rag/ChIJL0f22DLiDDkR3fcJSE_kmw8.json),0,False,False,True,False,⚪ KEEP — DATA / REFERENCE,KEEP
939,data/rag/ChIJl0GK5hX5DDkRotk6Zj4Dd1M.json,DATASET_STORAGE,1980,Data storage or dataset (data/rag/ChIJl0GK5hX5DDkRotk6Zj4Dd1M.json),0,False,False,True,False,⚪ KEEP — DATA / REFERENCE,KEEP
940,data/rag/ChIJl0LO2F_dDDkRdoKJO5-Xlpw.json,DATASET_STORAGE,2325,Data storage or dataset (data/rag/ChIJl0LO2F_dDDkRdoKJO5-Xlpw.json),0,False,False,True,False,⚪ KEEP — DATA / REFERENCE,KEEP
941,data/rag/ChIJl0oXUXPjDDkRr7CX9nQK4Hk.json,DATASET_STORAGE,2241,Data storage or dataset (data/rag/ChIJl0oXUXPjDDkRr7CX9nQK4Hk.json),0,False,False,True,False,⚪ KEEP — DATA / REFERENCE,KEEP
942,data/rag/ChIJL2zf1n8ZDTkRrIjmGANW7ks.json,DATASET_STORAGE,2284,Data storage or dataset (data/rag/ChIJL2zf1n8ZDTkRrIjmGANW7ks.json),0,False,False,True,False,⚪ KEEP — DATA / REFERENCE,KEEP
943,data/rag/ChIJl3iEtgsXDTkRiPiStrNCuOo.json,DATASET_STORAGE,2608,Data storage or dataset (data/rag/ChIJl3iEtgsXDTkRiPiStrNCuOo.json),0,False,False,True,False,⚪ KEEP — DATA / REFERENCE,KEEP
944,data/rag/ChIJL5ffIAf5DDkRmJFyFnI0A6A.json,DATASET_STORAGE,1617,Data storage or dataset (data/rag/ChIJL5ffIAf5DDkRmJFyFnI0A6A.json),0,False,False,True,False,⚪ KEEP — DATA / REFERENCE,KEEP
945,data/rag/ChIJl6486XvhDDkR4B-ArwFX0Ak.json,DATASET_STORAGE,2050,Data storage or dataset (data/rag/ChIJl6486XvhDDkR4B-ArwFX0Ak.json),0,False,False,True,False,⚪ KEEP — DATA / REFERENCE,KEEP
946,data/rag/ChIJL7sYP6T9DDkRKJECSyhpJpU.json,DATASET_STORAGE,3026,Data storage or dataset (data/rag/ChIJL7sYP6T9DDkRKJECSyhpJpU.json),0,False,False,True,False,⚪ KEEP — DATA / REFERENCE,KEEP
947,data/rag/ChIJL7Vg9KHiDDkRSwZ_W8H-sIY.json,DATASET_STORAGE,2671,Data storage or dataset (data/rag/ChIJL7Vg9KHiDDkRSwZ_W8H-sIY.json),0,False,False,True,False,⚪ KEEP — DATA / REFERENCE,KEEP
948,data/rag/ChIJL7zi_d79DDkRJqh5RcB-sVU.json,DATASET_STORAGE,1249,Data storage or dataset (data/rag/ChIJL7zi_d79DDkRJqh5RcB-sVU.json),0,False,False,True,False,⚪ KEEP — DATA / REFERENCE,KEEP
949,data/rag/ChIJL9PXUUv7DDkRRafKbKk_-Ts.json,DATASET_STORAGE,989,Data storage or dataset (data/rag/ChIJL9PXUUv7DDkRRafKbKk_-Ts.json),0,False,False,True,False,⚪ KEEP — DATA / REFERENCE,KEEP
950,data/rag/ChIJlauOOPLnDDkRAsLWG3XzNmg.json,DATASET_STORAGE,2238,Data storage or dataset (data/rag/ChIJlauOOPLnDDkRAsLWG3XzNmg.json),0,False,False,True,False,⚪ KEEP — DATA / REFERENCE,KEEP
951,data/rag/ChIJlbip0PAdDTkRf4CfOJtwHZI.json,DATASET_STORAGE,2681,Data storage or dataset (data/rag/ChIJlbip0PAdDTkRf4CfOJtwHZI.json),0,False,False,True,False,⚪ KEEP — DATA / REFERENCE,KEEP
952,data/rag/ChIJLbvB2x4dDTkR3qHyJO5FV-g.json,DATASET_STORAGE,3127,Data storage or dataset (data/rag/ChIJLbvB2x4dDTkR3qHyJO5FV-g.json),0,False,False,True,False,⚪ KEEP — DATA / REFERENCE,KEEP
953,data/rag/ChIJLc--96LnDDkRcxUjrcGUL18.json,DATASET_STORAGE,2645,Data storage or dataset (data/rag/ChIJLc--96LnDDkRcxUjrcGUL18.json),0,False,False,True,False,⚪ KEEP — DATA / REFERENCE,KEEP
954,data/rag/ChIJLcI5v2MFDTkRw_UHGetjG_A.json,DATASET_STORAGE,2258,Data storage or dataset (data/rag/ChIJLcI5v2MFDTkRw_UHGetjG_A.json),0,False,False,True,False,⚪ KEEP — DATA / REFERENCE,KEEP
955,data/rag/ChIJld5jYJgCDTkRDRSGiGrG4H0.json,DATASET_STORAGE,1527,Data storage or dataset (data/rag/ChIJld5jYJgCDTkRDRSGiGrG4H0.json),0,False,False,True,False,⚪ KEEP — DATA / REFERENCE,KEEP
956,data/rag/ChIJLe0O0J0CDTkRqLWCYm9HSsE.json,DATASET_STORAGE,4534,Data storage or dataset (data/rag/ChIJLe0O0J0CDTkRqLWCYm9HSsE.json),0,False,False,True,False,⚪ KEEP — DATA / REFERENCE,KEEP
957,data/rag/ChIJLfHmQTf9DDkRvr36v6n2Heg.json,DATASET_STORAGE,5611,Data storage or dataset (data/rag/ChIJLfHmQTf9DDkRvr36v6n2Heg.json),0,False,False,True,False,⚪ KEEP — DATA / REFERENCE,KEEP
958,data/rag/ChIJLfQAWagDDTkRGM0hGwSrAyw.json,DATASET_STORAGE,7253,Data storage or dataset (data/rag/ChIJLfQAWagDDTkRGM0hGwSrAyw.json),0,False,False,True,False,⚪ KEEP — DATA / REFERENCE,KEEP
959,data/rag/ChIJlQfy8_r5DDkRsSOPE7yCfw4.json,DATASET_STORAGE,1803,Data storage or dataset (data/rag/ChIJlQfy8_r5DDkRsSOPE7yCfw4.json),0,False,False,True,False,⚪ KEEP — DATA / REFERENCE,KEEP
960,data/rag/ChIJLQysRQDhDDkRwKEOpvjvpK8.json,DATASET_STORAGE,2863,Data storage or dataset (data/rag/ChIJLQysRQDhDDkRwKEOpvjvpK8.json),0,False,False,True,False,⚪ KEEP — DATA / REFERENCE,KEEP
961,data/rag/ChIJlRIZ9jv_DDkRp05iJfLCywQ.json,DATASET_STORAGE,1851,Data storage or dataset (data/rag/ChIJlRIZ9jv_DDkRp05iJfLCywQ.json),0,False,False,True,False,⚪ KEEP — DATA / REFERENCE,KEEP
962,data/rag/ChIJlSDVKPIbDTkRFxNNJseitTI.json,DATASET_STORAGE,2937,Data storage or dataset (data/rag/ChIJlSDVKPIbDTkRFxNNJseitTI.json),0,False,False,True,False,⚪ KEEP — DATA / REFERENCE,KEEP
963,data/rag/ChIJLSTH2_wHDTkRl-rs7KjuUWo.json,DATASET_STORAGE,1572,Data storage or dataset (data/rag/ChIJLSTH2_wHDTkRl-rs7KjuUWo.json),0,False,False,True,False,⚪ KEEP — DATA / REFERENCE,KEEP
964,data/rag/ChIJlTs8-VIZDTkRsrFfQNWP92U.json,DATASET_STORAGE,3392,Data storage or dataset (data/rag/ChIJlTs8-VIZDTkRsrFfQNWP92U.json),0,False,False,True,False,⚪ KEEP — DATA / REFERENCE,KEEP
965,data/rag/ChIJLTUFPQABDTkR2v6CmEIy83o.json,DATASET_STORAGE,3017,Data storage or dataset (data/rag/ChIJLTUFPQABDTkR2v6CmEIy83o.json),0,False,False,True,False,⚪ KEEP — DATA / REFERENCE,KEEP
966,data/rag/ChIJlU7xMJ4dDTkRS-CEa9X7JHw.json,DATASET_STORAGE,3695,Data storage or dataset (data/rag/ChIJlU7xMJ4dDTkRS-CEa9X7JHw.json),0,False,False,True,False,⚪ KEEP — DATA / REFERENCE,KEEP
967,data/rag/ChIJLUMOqANrDTkRUnxDCCSW460.json,DATASET_STORAGE,937,Data storage or dataset (data/rag/ChIJLUMOqANrDTkRUnxDCCSW460.json),0,False,False,True,False,⚪ KEEP — DATA / REFERENCE,KEEP
968,data/rag/ChIJlVva8wIDDTkROmiajVKodCw.json,DATASET_STORAGE,5443,Data storage or dataset (data/rag/ChIJlVva8wIDDTkROmiajVKodCw.json),0,False,False,True,False,⚪ KEEP — DATA / REFERENCE,KEEP
969,data/rag/ChIJLW-emhIXDTkR-6bqCk1VS9M.json,DATASET_STORAGE,1524,Data storage or dataset (data/rag/ChIJLW-emhIXDTkR-6bqCk1VS9M.json),0,False,False,True,False,⚪ KEEP — DATA / REFERENCE,KEEP
970,data/rag/ChIJLX-noAwdDTkRf90CzrP8goU.json,DATASET_STORAGE,2192,Data storage or dataset (data/rag/ChIJLX-noAwdDTkRf90CzrP8goU.json),0,False,False,True,False,⚪ KEEP — DATA / REFERENCE,KEEP
971,data/rag/ChIJLXBHITYHDTkRXDo-83ErgJ0.json,DATASET_STORAGE,1537,Data storage or dataset (data/rag/ChIJLXBHITYHDTkRXDo-83ErgJ0.json),0,False,False,True,False,⚪ KEEP — DATA / REFERENCE,KEEP
972,data/rag/ChIJLXu-o_3kDDkRQFo-tpFQDCk.json,DATASET_STORAGE,2651,Data storage or dataset (data/rag/ChIJLXu-o_3kDDkRQFo-tpFQDCk.json),0,False,False,True,False,⚪ KEEP — DATA / REFERENCE,KEEP
973,data/rag/ChIJlyMMChcHDTkRR-fZqsAQqLc.json,DATASET_STORAGE,1681,Data storage or dataset (data/rag/ChIJlyMMChcHDTkRR-fZqsAQqLc.json),0,False,False,True,False,⚪ KEEP — DATA / REFERENCE,KEEP
974,data/rag/ChIJLynd9bf_DDkR0EYotNf77BE.json,DATASET_STORAGE,2193,Data storage or dataset (data/rag/ChIJLynd9bf_DDkR0EYotNf77BE.json),0,False,False,True,False,⚪ KEEP — DATA / REFERENCE,KEEP
975,data/rag/ChIJlyWNs-T9DDkRLPAb1o0WNH0.json,DATASET_STORAGE,2161,Data storage or dataset (data/rag/ChIJlyWNs-T9DDkRLPAb1o0WNH0.json),0,False,False,True,False,⚪ KEEP — DATA / REFERENCE,KEEP
976,data/rag/ChIJlzKkDmkFDTkR741uQY0UNgg.json,DATASET_STORAGE,1363,Data storage or dataset (data/rag/ChIJlzKkDmkFDTkR741uQY0UNgg.json),0,False,False,True,False,⚪ KEEP — DATA / REFERENCE,KEEP
977,data/rag/ChIJLZVJ9iYZDTkRMIJz2UHHjlY.json,DATASET_STORAGE,1651,Data storage or dataset (data/rag/ChIJLZVJ9iYZDTkRMIJz2UHHjlY.json),0,False,False,True,False,⚪ KEEP — DATA / REFERENCE,KEEP
978,data/rag/ChIJl_0cXHwZDTkRFz_CkZcrn-I.json,DATASET_STORAGE,3359,Data storage or dataset (data/rag/ChIJl_0cXHwZDTkRFz_CkZcrn-I.json),0,False,False,True,False,⚪ KEEP — DATA / REFERENCE,KEEP
979,data/rag/ChIJl_6HRQwZDTkRxKFsmlnUHXY.json,DATASET_STORAGE,3092,Data storage or dataset (data/rag/ChIJl_6HRQwZDTkRxKFsmlnUHXY.json),0,False,False,True,False,⚪ KEEP — DATA / REFERENCE,KEEP
980,data/rag/ChIJl_cOl7gPDTkR41IRTkO4u-I.json,DATASET_STORAGE,1337,Data storage or dataset (data/rag/ChIJl_cOl7gPDTkR41IRTkO4u-I.json),0,False,False,True,False,⚪ KEEP — DATA / REFERENCE,KEEP
981,data/rag/ChIJL_M_RmYYDTkRorRddpAJS_E.json,DATASET_STORAGE,1943,Data storage or dataset (data/rag/ChIJL_M_RmYYDTkRorRddpAJS_E.json),0,False,False,True,False,⚪ KEEP — DATA / REFERENCE,KEEP
982,data/rag/ChIJm-_MRdgJDTkRaZlhQn1wdRo.json,DATASET_STORAGE,1477,Data storage or dataset (data/rag/ChIJm-_MRdgJDTkRaZlhQn1wdRo.json),0,False,False,True,False,⚪ KEEP — DATA / REFERENCE,KEEP
983,data/rag/ChIJM0-S5aAHDTkRRSCWC-TUc4o.json,DATASET_STORAGE,2342,Data storage or dataset (data/rag/ChIJM0-S5aAHDTkRRSCWC-TUc4o.json),0,False,False,True,False,⚪ KEEP — DATA / REFERENCE,KEEP
984,data/rag/ChIJm053GEI-DTkRwKJuNdfAyLw.json,DATASET_STORAGE,2471,Data storage or dataset (data/rag/ChIJm053GEI-DTkRwKJuNdfAyLw.json),0,False,False,True,False,⚪ KEEP — DATA / REFERENCE,KEEP
985,data/rag/ChIJm0ebk2OpDTkR1k5tqktw8bg.json,DATASET_STORAGE,1501,Data storage or dataset (data/rag/ChIJm0ebk2OpDTkR1k5tqktw8bg.json),0,False,False,True,False,⚪ KEEP — DATA / REFERENCE,KEEP
986,data/rag/ChIJm0qIOasjDTkRA453tuikBoQ.json,DATASET_STORAGE,6005,Data storage or dataset (data/rag/ChIJm0qIOasjDTkRA453tuikBoQ.json),0,False,False,True,False,⚪ KEEP — DATA / REFERENCE,KEEP
987,data/rag/ChIJm1rJ0aEZDTkRC_bc4i_rPyI.json,DATASET_STORAGE,2793,Data storage or dataset (data/rag/ChIJm1rJ0aEZDTkRC_bc4i_rPyI.json),0,False,False,True,False,⚪ KEEP — DATA / REFERENCE,KEEP
988,data/rag/ChIJM1VXRjQZDTkRoBS-7Y_b8qY.json,DATASET_STORAGE,2805,Data storage or dataset (data/rag/ChIJM1VXRjQZDTkRoBS-7Y_b8qY.json),0,False,False,True,False,⚪ KEEP — DATA / REFERENCE,KEEP
989,data/rag/ChIJm1yegN_iDDkR2RLLVNyqbZ4.json,DATASET_STORAGE,2097,Data storage or dataset (data/rag/ChIJm1yegN_iDDkR2RLLVNyqbZ4.json),0,False,False,True,False,⚪ KEEP — DATA / REFERENCE,KEEP
990,data/rag/ChIJm25SwA3kDDkRyLG31HJqNq0.json,DATASET_STORAGE,3254,Data storage or dataset (data/rag/ChIJm25SwA3kDDkRyLG31HJqNq0.json),0,False,False,True,False,⚪ KEEP — DATA / REFERENCE,KEEP
991,data/rag/ChIJm3CI3S0ZDTkRAUh7BLkoMAg.json,DATASET_STORAGE,3336,Data storage or dataset (data/rag/ChIJm3CI3S0ZDTkRAUh7BLkoMAg.json),0,False,False,True,False,⚪ KEEP — DATA / REFERENCE,KEEP
992,data/rag/ChIJM3l9UZoBDTkR2_ot_oWf6eg.json,DATASET_STORAGE,1774,Data storage or dataset (data/rag/ChIJM3l9UZoBDTkR2_ot_oWf6eg.json),0,False,False,True,False,⚪ KEEP — DATA / REFERENCE,KEEP
993,data/rag/ChIJM3miHicZDTkR72x_enKNSXo.json,DATASET_STORAGE,1699,Data storage or dataset (data/rag/ChIJM3miHicZDTkR72x_enKNSXo.json),0,False,False,True,False,⚪ KEEP — DATA / REFERENCE,KEEP
994,data/rag/ChIJm4g7keH_DDkR2jybDy6_HRQ.json,DATASET_STORAGE,948,Data storage or dataset (data/rag/ChIJm4g7keH_DDkR2jybDy6_HRQ.json),0,False,False,True,False,⚪ KEEP — DATA / REFERENCE,KEEP
995,data/rag/ChIJM5oBwCkDDTkRcugcLbFClE8.json,DATASET_STORAGE,2957,Data storage or dataset (data/rag/ChIJM5oBwCkDDTkRcugcLbFClE8.json),0,False,False,True,False,⚪ KEEP — DATA / REFERENCE,KEEP
996,data/rag/ChIJm5rPtlGrDTkR8sMpKe-1YS4.json,DATASET_STORAGE,2339,Data storage or dataset (data/rag/ChIJm5rPtlGrDTkR8sMpKe-1YS4.json),0,False,False,True,False,⚪ KEEP — DATA / REFERENCE,KEEP
997,data/rag/ChIJM6ES7xUdDTkRjzrscxEeS8g.json,DATASET_STORAGE,3997,Data storage or dataset (data/rag/ChIJM6ES7xUdDTkRjzrscxEeS8g.json),0,False,False,True,False,⚪ KEEP — DATA / REFERENCE,KEEP
998,data/rag/ChIJm6x4_EL9DDkR-nogAnARs0Y.json,DATASET_STORAGE,2981,Data storage or dataset (data/rag/ChIJm6x4_EL9DDkR-nogAnARs0Y.json),0,False,False,True,False,⚪ KEEP — DATA / REFERENCE,KEEP
999,data/rag/ChIJM8VeA8kbDTkRx4Flhzxppg4.json,DATASET_STORAGE,1515,Data storage or dataset (data/rag/ChIJM8VeA8kbDTkRx4Flhzxppg4.json),0,False,False,True,False,⚪ KEEP — DATA / REFERENCE,KEEP
1000,data/rag/ChIJm8VGkugYDTkRs--928cKH1s.json,DATASET_STORAGE,2330,Data storage or dataset (data/rag/ChIJm8VGkugYDTkRs--928cKH1s.json),0,False,False,True,False,⚪ KEEP — DATA / REFERENCE,KEEP
1001,data/rag/ChIJm98tDSYHDTkRa_L9K5npxF8.json,DATASET_STORAGE,1190,Data storage or dataset (data/rag/ChIJm98tDSYHDTkRa_L9K5npxF8.json),0,False,False,True,False,⚪ KEEP — DATA / REFERENCE,KEEP
1002,data/rag/ChIJm9DdoT8BDTkRN9g6WdwXbcg.json,DATASET_STORAGE,939,Data storage or dataset (data/rag/ChIJm9DdoT8BDTkRN9g6WdwXbcg.json),0,False,False,True,False,⚪ KEEP — DATA / REFERENCE,KEEP
1003,data/rag/ChIJM9UXNmEZDTkRS8oL7LSIarI.json,DATASET_STORAGE,2477,Data storage or dataset (data/rag/ChIJM9UXNmEZDTkRS8oL7LSIarI.json),0,False,False,True,False,⚪ KEEP — DATA / REFERENCE,KEEP
1004,data/rag/ChIJma0ObAsFDTkRevQdGGCNZEQ.json,DATASET_STORAGE,2402,Data storage or dataset (data/rag/ChIJma0ObAsFDTkRevQdGGCNZEQ.json),0,False,False,True,False,⚪ KEEP — DATA / REFERENCE,KEEP
1005,data/rag/ChIJmaiOGEo8DTkRRhZyisMfsrA.json,DATASET_STORAGE,2012,Data storage or dataset (data/rag/ChIJmaiOGEo8DTkRRhZyisMfsrA.json),0,False,False,True,False,⚪ KEEP — DATA / REFERENCE,KEEP
1006,data/rag/ChIJmb7NnTHlDDkRlv2WNrp3Wio.json,DATASET_STORAGE,1958,Data storage or dataset (data/rag/ChIJmb7NnTHlDDkRlv2WNrp3Wio.json),0,False,False,True,False,⚪ KEEP — DATA / REFERENCE,KEEP
1007,data/rag/ChIJmbKGWigZDTkRnFzstL8pzNQ.json,DATASET_STORAGE,2773,Data storage or dataset (data/rag/ChIJmbKGWigZDTkRnFzstL8pzNQ.json),0,False,False,True,False,⚪ KEEP — DATA / REFERENCE,KEEP
1008,data/rag/ChIJMdfEwa4VDTkRNvWJPcjjKvs.json,DATASET_STORAGE,1806,Data storage or dataset (data/rag/ChIJMdfEwa4VDTkRNvWJPcjjKvs.json),0,False,False,True,False,⚪ KEEP — DATA / REFERENCE,KEEP
1009,data/rag/ChIJmdMbDOMFDTkRLZQSShdTEFw.json,DATASET_STORAGE,1455,Data storage or dataset (data/rag/ChIJmdMbDOMFDTkRLZQSShdTEFw.json),0,False,False,True,False,⚪ KEEP — DATA / REFERENCE,KEEP
1010,data/rag/ChIJMdVeUHz9DDkRUb0zQeex0LI.json,DATASET_STORAGE,2446,Data storage or dataset (data/rag/ChIJMdVeUHz9DDkRUb0zQeex0LI.json),0,False,False,True,False,⚪ KEEP — DATA / REFERENCE,KEEP
1011,data/rag/ChIJmdW7GNgBDTkRKwUFKpM13zc.json,DATASET_STORAGE,995,Data storage or dataset (data/rag/ChIJmdW7GNgBDTkRKwUFKpM13zc.json),0,False,False,True,False,⚪ KEEP — DATA / REFERENCE,KEEP
1012,data/rag/ChIJMdyRYz_9DDkR4yFKmyfjev0.json,DATASET_STORAGE,3023,Data storage or dataset (data/rag/ChIJMdyRYz_9DDkR4yFKmyfjev0.json),0,False,False,True,False,⚪ KEEP — DATA / REFERENCE,KEEP
1013,data/rag/ChIJMefpUh8FDTkRTvRW7W_PuCw.json,DATASET_STORAGE,2010,Data storage or dataset (data/rag/ChIJMefpUh8FDTkRTvRW7W_PuCw.json),0,False,False,True,False,⚪ KEEP — DATA / REFERENCE,KEEP
1014,data/rag/ChIJmfptjLIYDTkRxeYtk28uQ4U.json,DATASET_STORAGE,1034,Data storage or dataset (data/rag/ChIJmfptjLIYDTkRxeYtk28uQ4U.json),0,False,False,True,False,⚪ KEEP — DATA / REFERENCE,KEEP
1015,data/rag/ChIJmfR1D3gVDTkRA0J2rv-VB9M.json,DATASET_STORAGE,1383,Data storage or dataset (data/rag/ChIJmfR1D3gVDTkRA0J2rv-VB9M.json),0,False,False,True,False,⚪ KEEP — DATA / REFERENCE,KEEP
1016,data/rag/ChIJmfuSlfUiDTkRvusb7g244DQ.json,DATASET_STORAGE,1632,Data storage or dataset (data/rag/ChIJmfuSlfUiDTkRvusb7g244DQ.json),0,False,False,True,False,⚪ KEEP — DATA / REFERENCE,KEEP
1017,data/rag/ChIJmQYnvXEEDTkR0r7CgDsyI6Q.json,DATASET_STORAGE,1764,Data storage or dataset (data/rag/ChIJmQYnvXEEDTkR0r7CgDsyI6Q.json),0,False,False,True,False,⚪ KEEP — DATA / REFERENCE,KEEP
1018,data/rag/ChIJmTB5HzUZDTkRTBavRM5qJO4.json,DATASET_STORAGE,2162,Data storage or dataset (data/rag/ChIJmTB5HzUZDTkRTBavRM5qJO4.json),0,False,False,True,False,⚪ KEEP — DATA / REFERENCE,KEEP
1019,data/rag/ChIJmTJKjpsCDTkR1STz4I0smpo.json,DATASET_STORAGE,3857,Data storage or dataset (data/rag/ChIJmTJKjpsCDTkR1STz4I0smpo.json),0,False,False,True,False,⚪ KEEP — DATA / REFERENCE,KEEP
1020,data/rag/ChIJMTVTdAAHDTkRL4vgks9_bAQ.json,DATASET_STORAGE,1506,Data storage or dataset (data/rag/ChIJMTVTdAAHDTkRL4vgks9_bAQ.json),0,False,False,True,False,⚪ KEEP — DATA / REFERENCE,KEEP
1021,data/rag/ChIJMU1KYbgHDTkRpsomFwCkbQ8.json,DATASET_STORAGE,3171,Data storage or dataset (data/rag/ChIJMU1KYbgHDTkRpsomFwCkbQ8.json),0,False,False,True,False,⚪ KEEP — DATA / REFERENCE,KEEP
1022,data/rag/ChIJMV2w6CweDTkR-KXGpaExz2Q.json,DATASET_STORAGE,6267,Data storage or dataset (data/rag/ChIJMV2w6CweDTkR-KXGpaExz2Q.json),0,False,False,True,False,⚪ KEEP — DATA / REFERENCE,KEEP
1023,data/rag/ChIJMVA5uh0BDTkRYl-pVgvlkPc.json,DATASET_STORAGE,2243,Data storage or dataset (data/rag/ChIJMVA5uh0BDTkRYl-pVgvlkPc.json),0,False,False,True,False,⚪ KEEP — DATA / REFERENCE,KEEP
1024,data/rag/ChIJMWavIwCpDTkRz9RcEhXzSA4.json,DATASET_STORAGE,1723,Data storage or dataset (data/rag/ChIJMWavIwCpDTkRz9RcEhXzSA4.json),0,False,False,True,False,⚪ KEEP — DATA / REFERENCE,KEEP
1025,data/rag/ChIJMwA_YpT9DDkRzJ9fraVynnY.json,DATASET_STORAGE,2398,Data storage or dataset (data/rag/ChIJMwA_YpT9DDkRzJ9fraVynnY.json),0,False,False,True,False,⚪ KEEP — DATA / REFERENCE,KEEP
1026,data/rag/ChIJmWEg6snjDDkRKh3js-UGjvs.json,DATASET_STORAGE,4256,Data storage or dataset (data/rag/ChIJmWEg6snjDDkRKh3js-UGjvs.json),0,False,False,True,False,⚪ KEEP — DATA / REFERENCE,KEEP
1027,data/rag/ChIJMwNqEWWrDTkRswv8URSX3mg.json,DATASET_STORAGE,934,Data storage or dataset (data/rag/ChIJMwNqEWWrDTkRswv8URSX3mg.json),0,False,False,True,False,⚪ KEEP — DATA / REFERENCE,KEEP
1028,data/rag/ChIJMw_YsOX7DDkRIA-FtYIrL60.json,DATASET_STORAGE,1376,Data storage or dataset (data/rag/ChIJMw_YsOX7DDkRIA-FtYIrL60.json),0,False,False,True,False,⚪ KEEP — DATA / REFERENCE,KEEP
1029,data/rag/ChIJMx8pT70EDTkRuLk3NLaTp4M.json,DATASET_STORAGE,4441,Data storage or dataset (data/rag/ChIJMx8pT70EDTkRuLk3NLaTp4M.json),0,False,False,True,False,⚪ KEEP — DATA / REFERENCE,KEEP
1030,data/rag/ChIJMxiT1OH9DDkRU1GuGjDKbsU.json,DATASET_STORAGE,6167,Data storage or dataset (data/rag/ChIJMxiT1OH9DDkRU1GuGjDKbsU.json),0,False,False,True,False,⚪ KEEP — DATA / REFERENCE,KEEP
1031,data/rag/ChIJmxMf1OUZDTkRIJSsusHos68.json,DATASET_STORAGE,2760,Data storage or dataset (data/rag/ChIJmxMf1OUZDTkRIJSsusHos68.json),0,False,False,True,False,⚪ KEEP — DATA / REFERENCE,KEEP
1032,data/rag/ChIJmY1WY2gBDTkRsmGgG-zn_90.json,DATASET_STORAGE,1949,Data storage or dataset (data/rag/ChIJmY1WY2gBDTkRsmGgG-zn_90.json),0,False,False,True,False,⚪ KEEP — DATA / REFERENCE,KEEP
1033,data/rag/ChIJmyas5kQfDTkRq1YVNY1ULj8.json,DATASET_STORAGE,1905,Data storage or dataset (data/rag/ChIJmyas5kQfDTkRq1YVNY1ULj8.json),0,False,False,True,False,⚪ KEEP — DATA / REFERENCE,KEEP
1034,data/rag/ChIJMyjsl_rhDDkRcU3rb0yGJ3s.json,DATASET_STORAGE,4984,Data storage or dataset (data/rag/ChIJMyjsl_rhDDkRcU3rb0yGJ3s.json),0,False,False,True,False,⚪ KEEP — DATA / REFERENCE,KEEP
1035,data/rag/ChIJmZbL1DwBDTkRTUDCMOLJz6s.json,DATASET_STORAGE,1742,Data storage or dataset (data/rag/ChIJmZbL1DwBDTkRTUDCMOLJz6s.json),0,False,False,True,False,⚪ KEEP — DATA / REFERENCE,KEEP
1036,data/rag/ChIJMzJPXKkjDTkRj4J1rgUw_A4.json,DATASET_STORAGE,4746,Data storage or dataset (data/rag/ChIJMzJPXKkjDTkRj4J1rgUw_A4.json),0,False,False,True,False,⚪ KEEP — DATA / REFERENCE,KEEP
1037,data/rag/ChIJMZJZ7_zlDDkRz63Sj2pBYPs.json,DATASET_STORAGE,2098,Data storage or dataset (data/rag/ChIJMZJZ7_zlDDkRz63Sj2pBYPs.json),0,False,False,True,False,⚪ KEEP — DATA / REFERENCE,KEEP
1038,data/rag/ChIJMzNKkUYBDTkRBzsD5Gov384.json,DATASET_STORAGE,2567,Data storage or dataset (data/rag/ChIJMzNKkUYBDTkRBzsD5Gov384.json),0,False,False,True,False,⚪ KEEP — DATA / REFERENCE,KEEP
1039,data/rag/ChIJmZQOztIdDTkRP7F2TwIcXdg.json,DATASET_STORAGE,2449,Data storage or dataset (data/rag/ChIJmZQOztIdDTkRP7F2TwIcXdg.json),0,False,False,True,False,⚪ KEEP — DATA / REFERENCE,KEEP
1040,data/rag/ChIJMZRygAijDTkRpnV6jgoMkYA.json,DATASET_STORAGE,1254,Data storage or dataset (data/rag/ChIJMZRygAijDTkRpnV6jgoMkYA.json),0,False,False,True,False,⚪ KEEP — DATA / REFERENCE,KEEP
1041,data/rag/ChIJm_hMGRjjDDkRypFWdaJKIic.json,DATASET_STORAGE,4286,Data storage or dataset (data/rag/ChIJm_hMGRjjDDkRypFWdaJKIic.json),0,False,False,True,False,⚪ KEEP — DATA / REFERENCE,KEEP
1042,data/rag/ChIJN-n7sWnhDDkR4H39boxluks.json,DATASET_STORAGE,1762,Data storage or dataset (data/rag/ChIJN-n7sWnhDDkR4H39boxluks.json),0,False,False,True,False,⚪ KEEP — DATA / REFERENCE,KEEP
1043,data/rag/ChIJN0M0yEMVDTkR3nuuH7KZn-Y.json,DATASET_STORAGE,1313,Data storage or dataset (data/rag/ChIJN0M0yEMVDTkR3nuuH7KZn-Y.json),0,False,False,True,False,⚪ KEEP — DATA / REFERENCE,KEEP
1044,data/rag/ChIJn2NM8QP9DDkRe7eRmvljE_4.json,DATASET_STORAGE,5185,Data storage or dataset (data/rag/ChIJn2NM8QP9DDkRe7eRmvljE_4.json),0,False,False,True,False,⚪ KEEP — DATA / REFERENCE,KEEP
1045,data/rag/ChIJn31IGhI9DTkRkFdkJCaQLms.json,DATASET_STORAGE,1585,Data storage or dataset (data/rag/ChIJn31IGhI9DTkRkFdkJCaQLms.json),0,False,False,True,False,⚪ KEEP — DATA / REFERENCE,KEEP
1046,data/rag/ChIJn3sea8bdDDkRBNzpLJa0sM8.json,DATASET_STORAGE,1816,Data storage or dataset (data/rag/ChIJn3sea8bdDDkRBNzpLJa0sM8.json),0,False,False,True,False,⚪ KEEP — DATA / REFERENCE,KEEP
1047,data/rag/ChIJn4gzI1ziDDkR9O77oIjkc7E.json,DATASET_STORAGE,1827,Data storage or dataset (data/rag/ChIJn4gzI1ziDDkR9O77oIjkc7E.json),0,False,False,True,False,⚪ KEEP — DATA / REFERENCE,KEEP
1048,data/rag/ChIJN4KTK28dDTkRrF7WHMUJV3w.json,DATASET_STORAGE,2445,Data storage or dataset (data/rag/ChIJN4KTK28dDTkRrF7WHMUJV3w.json),0,False,False,True,False,⚪ KEEP — DATA / REFERENCE,KEEP
1049,data/rag/ChIJN4mrAP8DDTkRdYDOnNgL40w.json,DATASET_STORAGE,4744,Data storage or dataset (data/rag/ChIJN4mrAP8DDTkRdYDOnNgL40w.json),0,False,False,True,False,⚪ KEEP — DATA / REFERENCE,KEEP
1050,data/rag/ChIJn4Wvaj_dDDkR0OOyRUrFYsk.json,DATASET_STORAGE,3257,Data storage or dataset (data/rag/ChIJn4Wvaj_dDDkR0OOyRUrFYsk.json),0,False,False,True,False,⚪ KEEP — DATA / REFERENCE,KEEP
1051,data/rag/ChIJN5fZNLn7DDkRY8ODIpzubIY.json,DATASET_STORAGE,2286,Data storage or dataset (data/rag/ChIJN5fZNLn7DDkRY8ODIpzubIY.json),0,False,False,True,False,⚪ KEEP — DATA / REFERENCE,KEEP
1052,data/rag/ChIJN5u7MekfDTkRGGmz2C41TvQ.json,DATASET_STORAGE,2575,Data storage or dataset (data/rag/ChIJN5u7MekfDTkRGGmz2C41TvQ.json),0,False,False,True,False,⚪ KEEP — DATA / REFERENCE,KEEP
1053,data/rag/ChIJN6VWM40HDTkRhpq1Mo1G1UM.json,DATASET_STORAGE,1324,Data storage or dataset (data/rag/ChIJN6VWM40HDTkRhpq1Mo1G1UM.json),0,False,False,True,False,⚪ KEEP — DATA / REFERENCE,KEEP
1054,data/rag/ChIJn7p71dPjDDkRmAbO7nz1zME.json,DATASET_STORAGE,2812,Data storage or dataset (data/rag/ChIJn7p71dPjDDkRmAbO7nz1zME.json),0,False,False,True,False,⚪ KEEP — DATA / REFERENCE,KEEP
1055,data/rag/ChIJN7SyOloZDTkRk7RKye2AtZI.json,DATASET_STORAGE,2166,Data storage or dataset (data/rag/ChIJN7SyOloZDTkRk7RKye2AtZI.json),0,False,False,True,False,⚪ KEEP — DATA / REFERENCE,KEEP
1056,data/rag/ChIJn8LrfyyvJzoRS4k22Vtcxl0.json,DATASET_STORAGE,3966,Data storage or dataset (data/rag/ChIJn8LrfyyvJzoRS4k22Vtcxl0.json),0,False,False,True,False,⚪ KEEP — DATA / REFERENCE,KEEP
1057,data/rag/ChIJn8WQdx3_DDkRm_6nU6G55Bc.json,DATASET_STORAGE,1044,Data storage or dataset (data/rag/ChIJn8WQdx3_DDkRm_6nU6G55Bc.json),0,False,False,True,False,⚪ KEEP — DATA / REFERENCE,KEEP
1058,data/rag/ChIJn90fB-IjDTkRa2h_IqLdOBk.json,DATASET_STORAGE,2176,Data storage or dataset (data/rag/ChIJn90fB-IjDTkRa2h_IqLdOBk.json),0,False,False,True,False,⚪ KEEP — DATA / REFERENCE,KEEP
1059,data/rag/ChIJN9BQGOwbDTkRiigfGvmr8Yo.json,DATASET_STORAGE,2067,Data storage or dataset (data/rag/ChIJN9BQGOwbDTkRiigfGvmr8Yo.json),0,False,False,True,False,⚪ KEEP — DATA / REFERENCE,KEEP
1060,data/rag/ChIJn9xREaAFDTkR6WxojxfAHQ4.json,DATASET_STORAGE,2828,Data storage or dataset (data/rag/ChIJn9xREaAFDTkR6WxojxfAHQ4.json),0,False,False,True,False,⚪ KEEP — DATA / REFERENCE,KEEP
1061,data/rag/ChIJNaMuONvjDDkRv5D1tbP4bIE.json,DATASET_STORAGE,2527,Data storage or dataset (data/rag/ChIJNaMuONvjDDkRv5D1tbP4bIE.json),0,False,False,True,False,⚪ KEEP — DATA / REFERENCE,KEEP
1062,data/rag/ChIJncDqI14PDTkRUyoZNk0tnt8.json,DATASET_STORAGE,1587,Data storage or dataset (data/rag/ChIJncDqI14PDTkRUyoZNk0tnt8.json),0,False,False,True,False,⚪ KEEP — DATA / REFERENCE,KEEP
1063,data/rag/ChIJNctazSv_DDkRSNHmM1PkiAA.json,DATASET_STORAGE,1240,Data storage or dataset (data/rag/ChIJNctazSv_DDkRSNHmM1PkiAA.json),0,False,False,True,False,⚪ KEEP — DATA / REFERENCE,KEEP
1064,data/rag/ChIJNd3Rgof7DDkRzKLLIAzxI6Y.json,DATASET_STORAGE,1198,Data storage or dataset (data/rag/ChIJNd3Rgof7DDkRzKLLIAzxI6Y.json),0,False,False,True,False,⚪ KEEP — DATA / REFERENCE,KEEP
1065,data/rag/ChIJnd_wn9j5DDkRNKbthWouCeo.json,DATASET_STORAGE,973,Data storage or dataset (data/rag/ChIJnd_wn9j5DDkRNKbthWouCeo.json),0,False,False,True,False,⚪ KEEP — DATA / REFERENCE,KEEP
1066,data/rag/ChIJNf0vlaKrDTkRaPkYfpVHJ70.json,DATASET_STORAGE,2245,Data storage or dataset (data/rag/ChIJNf0vlaKrDTkRaPkYfpVHJ70.json),0,False,False,True,False,⚪ KEEP — DATA / REFERENCE,KEEP
1067,data/rag/ChIJNQbCLoPhDDkRFI2nnt7W9qE.json,DATASET_STORAGE,2243,Data storage or dataset (data/rag/ChIJNQbCLoPhDDkRFI2nnt7W9qE.json),0,False,False,True,False,⚪ KEEP — DATA / REFERENCE,KEEP
1068,data/rag/ChIJNQkZiF4HDTkRBq76ILZTk7M.json,DATASET_STORAGE,2514,Data storage or dataset (data/rag/ChIJNQkZiF4HDTkRBq76ILZTk7M.json),0,False,False,True,False,⚪ KEEP — DATA / REFERENCE,KEEP
1069,data/rag/ChIJnQozcn8_DTkR60f2nzOlM_M.json,DATASET_STORAGE,2937,Data storage or dataset (data/rag/ChIJnQozcn8_DTkR60f2nzOlM_M.json),0,False,False,True,False,⚪ KEEP — DATA / REFERENCE,KEEP
1070,data/rag/ChIJnQTKoYYXDTkRU7pRAcKFALk.json,DATASET_STORAGE,2990,Data storage or dataset (data/rag/ChIJnQTKoYYXDTkRU7pRAcKFALk.json),0,False,False,True,False,⚪ KEEP — DATA / REFERENCE,KEEP
1071,data/rag/ChIJnSdHCZYDDTkR_BE827TPifk.json,DATASET_STORAGE,4715,Data storage or dataset (data/rag/ChIJnSdHCZYDDTkR_BE827TPifk.json),0,False,False,True,False,⚪ KEEP — DATA / REFERENCE,KEEP
1072,data/rag/ChIJNSFmGzPiDDkRIiHvp6YOd1c.json,DATASET_STORAGE,2471,Data storage or dataset (data/rag/ChIJNSFmGzPiDDkRIiHvp6YOd1c.json),0,False,False,True,False,⚪ KEEP — DATA / REFERENCE,KEEP
1073,data/rag/ChIJnSnYFEsZDTkR6NLGDcS6Qvo.json,DATASET_STORAGE,1795,Data storage or dataset (data/rag/ChIJnSnYFEsZDTkR6NLGDcS6Qvo.json),0,False,False,True,False,⚪ KEEP — DATA / REFERENCE,KEEP
1074,data/rag/ChIJnStO6bwZDTkRREJ25WLH6gQ.json,DATASET_STORAGE,3605,Data storage or dataset (data/rag/ChIJnStO6bwZDTkRREJ25WLH6gQ.json),0,False,False,True,False,⚪ KEEP — DATA / REFERENCE,KEEP
1075,data/rag/ChIJnT-yG1cJDTkR5GYKsn2M7fU.json,DATASET_STORAGE,2447,Data storage or dataset (data/rag/ChIJnT-yG1cJDTkR5GYKsn2M7fU.json),0,False,False,True,False,⚪ KEEP — DATA / REFERENCE,KEEP
1076,data/rag/ChIJnTjJeM49DTkRFBa_G4PhaXg.json,DATASET_STORAGE,1474,Data storage or dataset (data/rag/ChIJnTjJeM49DTkRFBa_G4PhaXg.json),0,False,False,True,False,⚪ KEEP — DATA / REFERENCE,KEEP
1077,data/rag/ChIJNU3GbwAFDTkRd1SNKICWQos.json,DATASET_STORAGE,1522,Data storage or dataset (data/rag/ChIJNU3GbwAFDTkRd1SNKICWQos.json),0,False,False,True,False,⚪ KEEP — DATA / REFERENCE,KEEP
1078,data/rag/ChIJNVRyWcgaDTkRj3BVa6ccnAo.json,DATASET_STORAGE,4776,Data storage or dataset (data/rag/ChIJNVRyWcgaDTkRj3BVa6ccnAo.json),0,False,False,True,False,⚪ KEEP — DATA / REFERENCE,KEEP
1079,data/rag/ChIJNW7xfpUjDTkRnk6REafay-g.json,DATASET_STORAGE,3513,Data storage or dataset (data/rag/ChIJNW7xfpUjDTkRnk6REafay-g.json),0,False,False,True,False,⚪ KEEP — DATA / REFERENCE,KEEP
1080,data/rag/ChIJNWPPK70ZDTkRn_uuCZyjmRY.json,DATASET_STORAGE,2960,Data storage or dataset (data/rag/ChIJNWPPK70ZDTkRn_uuCZyjmRY.json),0,False,False,True,False,⚪ KEEP — DATA / REFERENCE,KEEP
1081,data/rag/ChIJnWzx20U9DTkRPxUI9pMRna4.json,DATASET_STORAGE,2501,Data storage or dataset (data/rag/ChIJnWzx20U9DTkRPxUI9pMRna4.json),0,False,False,True,False,⚪ KEEP — DATA / REFERENCE,KEEP
1082,data/rag/ChIJnx2GLQv7DDkR4lgOVsS6N6E.json,DATASET_STORAGE,2269,Data storage or dataset (data/rag/ChIJnx2GLQv7DDkR4lgOVsS6N6E.json),0,False,False,True,False,⚪ KEEP — DATA / REFERENCE,KEEP
1083,data/rag/ChIJnxC_F-UDDTkR2a5firDedko.json,DATASET_STORAGE,1788,Data storage or dataset (data/rag/ChIJnxC_F-UDDTkR2a5firDedko.json),0,False,False,True,False,⚪ KEEP — DATA / REFERENCE,KEEP
1084,data/rag/ChIJNY0f0Q8bDTkRlcDkJHBQLnM.json,DATASET_STORAGE,1544,Data storage or dataset (data/rag/ChIJNY0f0Q8bDTkRlcDkJHBQLnM.json),0,False,False,True,False,⚪ KEEP — DATA / REFERENCE,KEEP
1085,data/rag/ChIJNYCvH2QZDTkRjLl3MLSE4S0.json,DATASET_STORAGE,3569,Data storage or dataset (data/rag/ChIJNYCvH2QZDTkRjLl3MLSE4S0.json),0,False,False,True,False,⚪ KEEP — DATA / REFERENCE,KEEP
1086,data/rag/ChIJnyd0goQCDTkRajFw4m1a10A.json,DATASET_STORAGE,3133,Data storage or dataset (data/rag/ChIJnyd0goQCDTkRajFw4m1a10A.json),0,False,False,True,False,⚪ KEEP — DATA / REFERENCE,KEEP
1087,data/rag/ChIJnYoZbzMZDTkRo083db9CdDs.json,DATASET_STORAGE,5364,Data storage or dataset (data/rag/ChIJnYoZbzMZDTkRo083db9CdDs.json),0,False,False,True,False,⚪ KEEP — DATA / REFERENCE,KEEP
1088,data/rag/ChIJnz7FD6b9DDkRAwrb4dvt8Xw.json,DATASET_STORAGE,1088,Data storage or dataset (data/rag/ChIJnz7FD6b9DDkRAwrb4dvt8Xw.json),0,False,False,True,False,⚪ KEEP — DATA / REFERENCE,KEEP
1089,data/rag/ChIJNzBkn5wjDTkRLU3D9sUlGGM.json,DATASET_STORAGE,1015,Data storage or dataset (data/rag/ChIJNzBkn5wjDTkRLU3D9sUlGGM.json),0,False,False,True,False,⚪ KEEP — DATA / REFERENCE,KEEP
1090,data/rag/ChIJnzfZxyH9DDkRB58ZTRYEcpA.json,DATASET_STORAGE,2136,Data storage or dataset (data/rag/ChIJnzfZxyH9DDkRB58ZTRYEcpA.json),0,False,False,True,False,⚪ KEEP — DATA / REFERENCE,KEEP
1091,data/rag/ChIJNZIqYG0bDTkRdTH5rWIGgSM.json,DATASET_STORAGE,2377,Data storage or dataset (data/rag/ChIJNZIqYG0bDTkRdTH5rWIGgSM.json),0,False,False,True,False,⚪ KEEP — DATA / REFERENCE,KEEP
1092,data/rag/ChIJNZsccdYBDTkRmA2oyKRyE9A.json,DATASET_STORAGE,3268,Data storage or dataset (data/rag/ChIJNZsccdYBDTkRmA2oyKRyE9A.json),0,False,False,True,False,⚪ KEEP — DATA / REFERENCE,KEEP
1093,data/rag/ChIJN_BW_aHdDDkRZ9V9q_co6K8.json,DATASET_STORAGE,1321,Data storage or dataset (data/rag/ChIJN_BW_aHdDDkRZ9V9q_co6K8.json),0,False,False,True,False,⚪ KEEP — DATA / REFERENCE,KEEP
1094,data/rag/ChIJO-1YhaoBDTkRSjyr7WIIzG4.json,DATASET_STORAGE,1645,Data storage or dataset (data/rag/ChIJO-1YhaoBDTkRSjyr7WIIzG4.json),0,False,False,True,False,⚪ KEEP — DATA / REFERENCE,KEEP
1095,data/rag/ChIJO-kFgCXjDDkRp0o0QV0kfuQ.json,DATASET_STORAGE,3815,Data storage or dataset (data/rag/ChIJO-kFgCXjDDkRp0o0QV0kfuQ.json),0,False,False,True,False,⚪ KEEP — DATA / REFERENCE,KEEP
1096,data/rag/ChIJo0kq50oDDTkRW31gcMJK4TY.json,DATASET_STORAGE,2932,Data storage or dataset (data/rag/ChIJo0kq50oDDTkRW31gcMJK4TY.json),0,False,False,True,False,⚪ KEEP — DATA / REFERENCE,KEEP
1097,data/rag/ChIJO4bEjrL7DDkR_Sj7Ag-P-Pk.json,DATASET_STORAGE,2509,Data storage or dataset (data/rag/ChIJO4bEjrL7DDkR_Sj7Ag-P-Pk.json),0,False,False,True,False,⚪ KEEP — DATA / REFERENCE,KEEP
1098,data/rag/ChIJO4dvLpr9DDkRXrQkso5NLj4.json,DATASET_STORAGE,1254,Data storage or dataset (data/rag/ChIJO4dvLpr9DDkRXrQkso5NLj4.json),0,False,False,True,False,⚪ KEEP — DATA / REFERENCE,KEEP
1099,data/rag/ChIJO4hRhjABDTkREBVe20xj3tA.json,DATASET_STORAGE,1587,Data storage or dataset (data/rag/ChIJO4hRhjABDTkREBVe20xj3tA.json),0,False,False,True,False,⚪ KEEP — DATA / REFERENCE,KEEP
1100,data/rag/ChIJO4HVEPUBDTkRn0LyWHtKEs8.json,DATASET_STORAGE,2684,Data storage or dataset (data/rag/ChIJO4HVEPUBDTkRn0LyWHtKEs8.json),0,False,False,True,False,⚪ KEEP — DATA / REFERENCE,KEEP
1101,data/rag/ChIJo4rzGLDhDDkRhQ81ZlWwock.json,DATASET_STORAGE,2300,Data storage or dataset (data/rag/ChIJo4rzGLDhDDkRhQ81ZlWwock.json),0,False,False,True,False,⚪ KEEP — DATA / REFERENCE,KEEP
1102,data/rag/ChIJO5gx3G0ZDTkRyQkPGNTASN0.json,DATASET_STORAGE,3108,Data storage or dataset (data/rag/ChIJO5gx3G0ZDTkRyQkPGNTASN0.json),0,False,False,True,False,⚪ KEEP — DATA / REFERENCE,KEEP
1103,data/rag/ChIJO5LQI-XjDDkRitHWBr5ZqXU.json,DATASET_STORAGE,1117,Data storage or dataset (data/rag/ChIJO5LQI-XjDDkRitHWBr5ZqXU.json),0,False,False,True,False,⚪ KEEP — DATA / REFERENCE,KEEP
1104,data/rag/ChIJO6S1YKjdDDkRgT-6xy2HcGU.json,DATASET_STORAGE,2819,Data storage or dataset (data/rag/ChIJO6S1YKjdDDkRgT-6xy2HcGU.json),0,False,False,True,False,⚪ KEEP — DATA / REFERENCE,KEEP
1105,data/rag/ChIJo7kBM2ocDTkR2TXLzP1eBUk.json,DATASET_STORAGE,2291,Data storage or dataset (data/rag/ChIJo7kBM2ocDTkR2TXLzP1eBUk.json),0,False,False,True,False,⚪ KEEP — DATA / REFERENCE,KEEP
1106,data/rag/ChIJo8imMzXjDDkR491FFKkskUk.json,DATASET_STORAGE,4320,Data storage or dataset (data/rag/ChIJo8imMzXjDDkR491FFKkskUk.json),0,False,False,True,False,⚪ KEEP — DATA / REFERENCE,KEEP
1107,data/rag/ChIJO8odiof5DDkR6sAEYgbTDzs.json,DATASET_STORAGE,940,Data storage or dataset (data/rag/ChIJO8odiof5DDkR6sAEYgbTDzs.json),0,False,False,True,False,⚪ KEEP — DATA / REFERENCE,KEEP
1108,data/rag/ChIJochkDJkBDTkRF4kn2GTWRng.json,DATASET_STORAGE,2353,Data storage or dataset (data/rag/ChIJochkDJkBDTkRF4kn2GTWRng.json),0,False,False,True,False,⚪ KEEP — DATA / REFERENCE,KEEP
1109,data/rag/ChIJockhMFI_DTkRlyEKfQmbwZU.json,DATASET_STORAGE,1573,Data storage or dataset (data/rag/ChIJockhMFI_DTkRlyEKfQmbwZU.json),0,False,False,True,False,⚪ KEEP — DATA / REFERENCE,KEEP
1110,data/rag/ChIJOdNvnNkFDTkRX4MD2_JUXeQ.json,DATASET_STORAGE,1877,Data storage or dataset (data/rag/ChIJOdNvnNkFDTkRX4MD2_JUXeQ.json),0,False,False,True,False,⚪ KEEP — DATA / REFERENCE,KEEP
1111,data/rag/ChIJoe00oYwBDTkR88z2B2LfPpE.json,DATASET_STORAGE,2237,Data storage or dataset (data/rag/ChIJoe00oYwBDTkR88z2B2LfPpE.json),0,False,False,True,False,⚪ KEEP — DATA / REFERENCE,KEEP
1112,data/rag/ChIJOeYjR7WrDTkRgkC5GYzgCSc.json,DATASET_STORAGE,2109,Data storage or dataset (data/rag/ChIJOeYjR7WrDTkRgkC5GYzgCSc.json),0,False,False,True,False,⚪ KEEP — DATA / REFERENCE,KEEP
1113,data/rag/ChIJOQBN0w8_DTkR2kC7ccAduAs.json,DATASET_STORAGE,1011,Data storage or dataset (data/rag/ChIJOQBN0w8_DTkR2kC7ccAduAs.json),0,False,False,True,False,⚪ KEEP — DATA / REFERENCE,KEEP
1114,data/rag/ChIJoRD2ulIbDTkRSe133WMqhaI.json,DATASET_STORAGE,3072,Data storage or dataset (data/rag/ChIJoRD2ulIbDTkRSe133WMqhaI.json),0,False,False,True,False,⚪ KEEP — DATA / REFERENCE,KEEP
1115,data/rag/ChIJORerleg9DTkRUm59PSlICrE.json,DATASET_STORAGE,2024,Data storage or dataset (data/rag/ChIJORerleg9DTkRUm59PSlICrE.json),0,False,False,True,False,⚪ KEEP — DATA / REFERENCE,KEEP
1116,data/rag/ChIJOSNn5jXnDDkRyFSXt2zfFnM.json,DATASET_STORAGE,1871,Data storage or dataset (data/rag/ChIJOSNn5jXnDDkRyFSXt2zfFnM.json),0,False,False,True,False,⚪ KEEP — DATA / REFERENCE,KEEP
1117,data/rag/ChIJOTDUK3wFDTkR_mzMfRGI7jI.json,DATASET_STORAGE,3077,Data storage or dataset (data/rag/ChIJOTDUK3wFDTkR_mzMfRGI7jI.json),0,False,False,True,False,⚪ KEEP — DATA / REFERENCE,KEEP
1118,data/rag/ChIJOTFgFrkZDTkRtGNiP_WDHVE.json,DATASET_STORAGE,3447,Data storage or dataset (data/rag/ChIJOTFgFrkZDTkRtGNiP_WDHVE.json),0,False,False,True,False,⚪ KEEP — DATA / REFERENCE,KEEP
1119,data/rag/ChIJoUDVS4MZDTkRqZ1d-JC_LcA.json,DATASET_STORAGE,1853,Data storage or dataset (data/rag/ChIJoUDVS4MZDTkRqZ1d-JC_LcA.json),0,False,False,True,False,⚪ KEEP — DATA / REFERENCE,KEEP
1120,data/rag/ChIJoUe5i936DDkRrglOagh-Tcc.json,DATASET_STORAGE,3578,Data storage or dataset (data/rag/ChIJoUe5i936DDkRrglOagh-Tcc.json),0,False,False,True,False,⚪ KEEP — DATA / REFERENCE,KEEP
1121,data/rag/ChIJoVz4DZ2lDTkR10wvXvxoI6U.json,DATASET_STORAGE,1221,Data storage or dataset (data/rag/ChIJoVz4DZ2lDTkR10wvXvxoI6U.json),0,False,False,True,False,⚪ KEEP — DATA / REFERENCE,KEEP
1122,data/rag/ChIJOW1xC3znDDkRtLeKnObcRHE.json,DATASET_STORAGE,1927,Data storage or dataset (data/rag/ChIJOW1xC3znDDkRtLeKnObcRHE.json),0,False,False,True,False,⚪ KEEP — DATA / REFERENCE,KEEP
1123,data/rag/ChIJOw9xHnqyvDsRI5yP40PhcsM.json,DATASET_STORAGE,1920,Data storage or dataset (data/rag/ChIJOw9xHnqyvDsRI5yP40PhcsM.json),0,False,False,True,False,⚪ KEEP — DATA / REFERENCE,KEEP
1124,data/rag/ChIJOWkXrRcbDTkROW7di1XMXsA.json,DATASET_STORAGE,3367,Data storage or dataset (data/rag/ChIJOWkXrRcbDTkROW7di1XMXsA.json),0,False,False,True,False,⚪ KEEP — DATA / REFERENCE,KEEP
1125,data/rag/ChIJowM_upkCDTkRtKfuVBhKgdw.json,DATASET_STORAGE,2618,Data storage or dataset (data/rag/ChIJowM_upkCDTkRtKfuVBhKgdw.json),0,False,False,True,False,⚪ KEEP — DATA / REFERENCE,KEEP
1126,data/rag/ChIJoX0kXzAXDTkRppuT4Y98D3U.json,DATASET_STORAGE,1416,Data storage or dataset (data/rag/ChIJoX0kXzAXDTkRppuT4Y98D3U.json),0,False,False,True,False,⚪ KEEP — DATA / REFERENCE,KEEP
1127,data/rag/ChIJoxaOpRD_DDkR2BsvcBL4zdw.json,DATASET_STORAGE,1360,Data storage or dataset (data/rag/ChIJoxaOpRD_DDkR2BsvcBL4zdw.json),0,False,False,True,False,⚪ KEEP — DATA / REFERENCE,KEEP
1128,data/rag/ChIJoXCAC4UCDTkR74kNa9O7gqI.json,DATASET_STORAGE,3661,Data storage or dataset (data/rag/ChIJoXCAC4UCDTkR74kNa9O7gqI.json),0,False,False,True,False,⚪ KEEP — DATA / REFERENCE,KEEP
1129,data/rag/ChIJoxuvkn_hDDkRxd31OthoEt8.json,DATASET_STORAGE,1869,Data storage or dataset (data/rag/ChIJoxuvkn_hDDkRxd31OthoEt8.json),0,False,False,True,False,⚪ KEEP — DATA / REFERENCE,KEEP
1130,data/rag/ChIJoY6Dp7cfDTkRzEdiSCB7ErA.json,DATASET_STORAGE,3327,Data storage or dataset (data/rag/ChIJoY6Dp7cfDTkRzEdiSCB7ErA.json),0,False,False,True,False,⚪ KEEP — DATA / REFERENCE,KEEP
1131,data/rag/ChIJoYZHA4UHDTkR0NeUuFoc3XQ.json,DATASET_STORAGE,1087,Data storage or dataset (data/rag/ChIJoYZHA4UHDTkR0NeUuFoc3XQ.json),0,False,False,True,False,⚪ KEEP — DATA / REFERENCE,KEEP
1132,data/rag/ChIJoZy0FF3dDDkRDl0o6XjtTAQ.json,DATASET_STORAGE,1965,Data storage or dataset (data/rag/ChIJoZy0FF3dDDkRDl0o6XjtTAQ.json),0,False,False,True,False,⚪ KEEP — DATA / REFERENCE,KEEP
1133,data/rag/ChIJozZZLu0fDTkRC6DaaoQIvf4.json,DATASET_STORAGE,1235,Data storage or dataset (data/rag/ChIJozZZLu0fDTkRC6DaaoQIvf4.json),0,False,False,True,False,⚪ KEEP — DATA / REFERENCE,KEEP
1134,data/rag/ChIJo_EVHzH7DDkRq0dEqPdaQ04.json,DATASET_STORAGE,4321,Data storage or dataset (data/rag/ChIJo_EVHzH7DDkRq0dEqPdaQ04.json),0,False,False,True,False,⚪ KEEP — DATA / REFERENCE,KEEP
1135,data/rag/ChIJO_r_o_cADTkRGwll3ggET_I.json,DATASET_STORAGE,2558,Data storage or dataset (data/rag/ChIJO_r_o_cADTkRGwll3ggET_I.json),0,False,False,True,False,⚪ KEEP — DATA / REFERENCE,KEEP
1136,data/rag/ChIJP-7LeaE9DTkRHg0KCwS-sEQ.json,DATASET_STORAGE,4064,Data storage or dataset (data/rag/ChIJP-7LeaE9DTkRHg0KCwS-sEQ.json),0,False,False,True,False,⚪ KEEP — DATA / REFERENCE,KEEP
1137,data/rag/ChIJP-R4HAg9DTkR4EwItRUAaa8.json,DATASET_STORAGE,1549,Data storage or dataset (data/rag/ChIJP-R4HAg9DTkR4EwItRUAaa8.json),0,False,False,True,False,⚪ KEEP — DATA / REFERENCE,KEEP
1138,data/rag/ChIJp-rZp14LDTkR1a6LE5urPXE.json,DATASET_STORAGE,2140,Data storage or dataset (data/rag/ChIJp-rZp14LDTkR1a6LE5urPXE.json),0,False,False,True,False,⚪ KEEP — DATA / REFERENCE,KEEP
1139,data/rag/ChIJP-z7CgAdDTkR7pLATQ2ZZwQ.json,DATASET_STORAGE,3504,Data storage or dataset (data/rag/ChIJP-z7CgAdDTkR7pLATQ2ZZwQ.json),0,False,False,True,False,⚪ KEEP — DATA / REFERENCE,KEEP
1140,data/rag/ChIJp0F4aBb8DDkRmpcKMi9qmR0.json,DATASET_STORAGE,960,Data storage or dataset (data/rag/ChIJp0F4aBb8DDkRmpcKMi9qmR0.json),0,False,False,True,False,⚪ KEEP — DATA / REFERENCE,KEEP
1141,data/rag/ChIJp0gsI8YVDTkRta54FAmE9x4.json,DATASET_STORAGE,1693,Data storage or dataset (data/rag/ChIJp0gsI8YVDTkRta54FAmE9x4.json),0,False,False,True,False,⚪ KEEP — DATA / REFERENCE,KEEP
1142,data/rag/ChIJp1raBtP9DDkRj02Yk5kcBcY.json,DATASET_STORAGE,3053,Data storage or dataset (data/rag/ChIJp1raBtP9DDkRj02Yk5kcBcY.json),0,False,False,True,False,⚪ KEEP — DATA / REFERENCE,KEEP
1143,data/rag/ChIJP1vHsD_cDDkRdzvsWXI8hbc.json,DATASET_STORAGE,2655,Data storage or dataset (data/rag/ChIJP1vHsD_cDDkRdzvsWXI8hbc.json),0,False,False,True,False,⚪ KEEP — DATA / REFERENCE,KEEP
1144,data/rag/ChIJp4vc-_IHDTkRb_HfVWOCbec.json,DATASET_STORAGE,1793,Data storage or dataset (data/rag/ChIJp4vc-_IHDTkRb_HfVWOCbec.json),0,False,False,True,False,⚪ KEEP — DATA / REFERENCE,KEEP
1145,data/rag/ChIJp5HEBvEbDTkRUZfbGY7nZsE.json,DATASET_STORAGE,4682,Data storage or dataset (data/rag/ChIJp5HEBvEbDTkRUZfbGY7nZsE.json),0,False,False,True,False,⚪ KEEP — DATA / REFERENCE,KEEP
1146,data/rag/ChIJP5TxuNIHDTkRFBc7GO5QuDQ.json,DATASET_STORAGE,4343,Data storage or dataset (data/rag/ChIJP5TxuNIHDTkRFBc7GO5QuDQ.json),0,False,False,True,False,⚪ KEEP — DATA / REFERENCE,KEEP
1147,data/rag/ChIJP6BH6_0VDTkRvwuF1c6Yb6k.json,DATASET_STORAGE,1310,Data storage or dataset (data/rag/ChIJP6BH6_0VDTkRvwuF1c6Yb6k.json),0,False,False,True,False,⚪ KEEP — DATA / REFERENCE,KEEP
1148,data/rag/ChIJP6H9y4PjDDkRCjSUHsc5fjI.json,DATASET_STORAGE,4468,Data storage or dataset (data/rag/ChIJP6H9y4PjDDkRCjSUHsc5fjI.json),0,False,False,True,False,⚪ KEEP — DATA / REFERENCE,KEEP
1149,data/rag/ChIJp6MyJTcZDTkRGFrLyjljPJk.json,DATASET_STORAGE,1579,Data storage or dataset (data/rag/ChIJp6MyJTcZDTkRGFrLyjljPJk.json),0,False,False,True,False,⚪ KEEP — DATA / REFERENCE,KEEP
1150,data/rag/ChIJp6qq6tofDTkRxTTgVXrcTZk.json,DATASET_STORAGE,3325,Data storage or dataset (data/rag/ChIJp6qq6tofDTkRxTTgVXrcTZk.json),0,False,False,True,False,⚪ KEEP — DATA / REFERENCE,KEEP
1151,data/rag/ChIJP6tpxmiqDTkRK1TQg7pafpw.json,DATASET_STORAGE,3833,Data storage or dataset (data/rag/ChIJP6tpxmiqDTkRK1TQg7pafpw.json),0,False,False,True,False,⚪ KEEP — DATA / REFERENCE,KEEP
1152,data/rag/ChIJP74sbM4JDTkRYsiyuOAPek8.json,DATASET_STORAGE,2361,Data storage or dataset (data/rag/ChIJP74sbM4JDTkRYsiyuOAPek8.json),0,False,False,True,False,⚪ KEEP — DATA / REFERENCE,KEEP
1153,data/rag/ChIJp77fqcAdDTkRI_xm4ZpmmOU.json,DATASET_STORAGE,4168,Data storage or dataset (data/rag/ChIJp77fqcAdDTkRI_xm4ZpmmOU.json),0,False,False,True,False,⚪ KEEP — DATA / REFERENCE,KEEP
1154,data/rag/ChIJp7nlOVIPDTkRwHE6DmPJcVU.json,DATASET_STORAGE,1132,Data storage or dataset (data/rag/ChIJp7nlOVIPDTkRwHE6DmPJcVU.json),0,False,False,True,False,⚪ KEEP — DATA / REFERENCE,KEEP
1155,data/rag/ChIJP8qaCJ_iDDkR0vVkDdWGYSU.json,DATASET_STORAGE,3266,Data storage or dataset (data/rag/ChIJP8qaCJ_iDDkR0vVkDdWGYSU.json),0,False,False,True,False,⚪ KEEP — DATA / REFERENCE,KEEP
1156,data/rag/ChIJp8uY-tEPDTkRouDrF1aZ94A.json,DATASET_STORAGE,2693,Data storage or dataset (data/rag/ChIJp8uY-tEPDTkRouDrF1aZ94A.json),0,False,False,True,False,⚪ KEEP — DATA / REFERENCE,KEEP
1157,data/rag/ChIJP99idcvdDDkRAuPrzOLRVNE.json,DATASET_STORAGE,1901,Data storage or dataset (data/rag/ChIJP99idcvdDDkRAuPrzOLRVNE.json),0,False,False,True,False,⚪ KEEP — DATA / REFERENCE,KEEP
1158,data/rag/ChIJP9_r8jEBDTkRXzwQK51rT14.json,DATASET_STORAGE,2931,Data storage or dataset (data/rag/ChIJP9_r8jEBDTkRXzwQK51rT14.json),0,False,False,True,False,⚪ KEEP — DATA / REFERENCE,KEEP
1159,data/rag/ChIJpaO1QngdDTkRH43WFRC6rSA.json,DATASET_STORAGE,5608,Data storage or dataset (data/rag/ChIJpaO1QngdDTkRH43WFRC6rSA.json),0,False,False,True,False,⚪ KEEP — DATA / REFERENCE,KEEP
1160,data/rag/ChIJPbBju7WrDTkR4JTqvSWdJZc.json,DATASET_STORAGE,1034,Data storage or dataset (data/rag/ChIJPbBju7WrDTkR4JTqvSWdJZc.json),0,False,False,True,False,⚪ KEEP — DATA / REFERENCE,KEEP
1161,data/rag/ChIJpdaR5mQHDTkRNN_caaPvuOs.json,DATASET_STORAGE,2261,Data storage or dataset (data/rag/ChIJpdaR5mQHDTkRNN_caaPvuOs.json),0,False,False,True,False,⚪ KEEP — DATA / REFERENCE,KEEP
1162,data/rag/ChIJPdbsEubdDDkREN5Uabi4_aQ.json,DATASET_STORAGE,2807,Data storage or dataset (data/rag/ChIJPdbsEubdDDkREN5Uabi4_aQ.json),0,False,False,True,False,⚪ KEEP — DATA / REFERENCE,KEEP
1163,data/rag/ChIJPdjkgibjDDkR_QptVlI3l0k.json,DATASET_STORAGE,2797,Data storage or dataset (data/rag/ChIJPdjkgibjDDkR_QptVlI3l0k.json),0,False,False,True,False,⚪ KEEP — DATA / REFERENCE,KEEP
1164,data/rag/ChIJpdqtbN8jDTkRmuU5UArPQn0.json,DATASET_STORAGE,3886,Data storage or dataset (data/rag/ChIJpdqtbN8jDTkRmuU5UArPQn0.json),0,False,False,True,False,⚪ KEEP — DATA / REFERENCE,KEEP
1165,data/rag/ChIJPegImFEVDTkRh7SAGGlzcY8.json,DATASET_STORAGE,2801,Data storage or dataset (data/rag/ChIJPegImFEVDTkRh7SAGGlzcY8.json),0,False,False,True,False,⚪ KEEP — DATA / REFERENCE,KEEP
1166,data/rag/ChIJPeq9RFDnDDkR3ThA8S-1P4Y.json,DATASET_STORAGE,4108,Data storage or dataset (data/rag/ChIJPeq9RFDnDDkR3ThA8S-1P4Y.json),0,False,False,True,False,⚪ KEEP — DATA / REFERENCE,KEEP
1167,data/rag/ChIJpfgC7NwFDTkRHExGxyfrvek.json,DATASET_STORAGE,1526,Data storage or dataset (data/rag/ChIJpfgC7NwFDTkRHExGxyfrvek.json),0,False,False,True,False,⚪ KEEP — DATA / REFERENCE,KEEP
1168,data/rag/ChIJPfl6An39DDkR9DyzbJAjrXA.json,DATASET_STORAGE,2816,Data storage or dataset (data/rag/ChIJPfl6An39DDkR9DyzbJAjrXA.json),0,False,False,True,False,⚪ KEEP — DATA / REFERENCE,KEEP
1169,data/rag/ChIJPfpkEwHiDDkRiS9jVibNSdw.json,DATASET_STORAGE,3483,Data storage or dataset (data/rag/ChIJPfpkEwHiDDkRiS9jVibNSdw.json),0,False,False,True,False,⚪ KEEP — DATA / REFERENCE,KEEP
1170,data/rag/ChIJPQR11mkEDTkRFscLu0VKDTE.json,DATASET_STORAGE,1622,Data storage or dataset (data/rag/ChIJPQR11mkEDTkRFscLu0VKDTE.json),0,False,False,True,False,⚪ KEEP — DATA / REFERENCE,KEEP
1171,data/rag/ChIJpReYhpb7DDkRSU_AvVk7Vwk.json,DATASET_STORAGE,1193,Data storage or dataset (data/rag/ChIJpReYhpb7DDkRSU_AvVk7Vwk.json),0,False,False,True,False,⚪ KEEP — DATA / REFERENCE,KEEP
1172,data/rag/ChIJPRLCi3biDDkRQx5dqErBzrk.json,DATASET_STORAGE,6633,Data storage or dataset (data/rag/ChIJPRLCi3biDDkRQx5dqErBzrk.json),0,False,False,True,False,⚪ KEEP — DATA / REFERENCE,KEEP
1173,data/rag/ChIJpRwQWB6rDTkRxLYyRyYlOo4.json,DATASET_STORAGE,1322,Data storage or dataset (data/rag/ChIJpRwQWB6rDTkRxLYyRyYlOo4.json),0,False,False,True,False,⚪ KEEP — DATA / REFERENCE,KEEP
1174,data/rag/ChIJpTcilaQ9DTkR5_-YMDv8bCY.json,DATASET_STORAGE,2626,Data storage or dataset (data/rag/ChIJpTcilaQ9DTkR5_-YMDv8bCY.json),0,False,False,True,False,⚪ KEEP — DATA / REFERENCE,KEEP
1175,data/rag/ChIJpTgCIZobDTkREstZmkWNvdE.json,DATASET_STORAGE,2590,Data storage or dataset (data/rag/ChIJpTgCIZobDTkREstZmkWNvdE.json),0,False,False,True,False,⚪ KEEP — DATA / REFERENCE,KEEP
1176,data/rag/ChIJpTozLlOrDTkRpgHOFA2GJwQ.json,DATASET_STORAGE,1136,Data storage or dataset (data/rag/ChIJpTozLlOrDTkRpgHOFA2GJwQ.json),0,False,False,True,False,⚪ KEEP — DATA / REFERENCE,KEEP
1177,data/rag/ChIJPU8dg1gaDTkR9av06rlNEBo.json,DATASET_STORAGE,1366,Data storage or dataset (data/rag/ChIJPU8dg1gaDTkR9av06rlNEBo.json),0,False,False,True,False,⚪ KEEP — DATA / REFERENCE,KEEP
1178,data/rag/ChIJpV-ywbQVDTkRqWm6FgM6WCM.json,DATASET_STORAGE,1539,Data storage or dataset (data/rag/ChIJpV-ywbQVDTkRqWm6FgM6WCM.json),0,False,False,True,False,⚪ KEEP — DATA / REFERENCE,KEEP
1179,data/rag/ChIJPVegOR3lDDkRbWNzyX_u8BM.json,DATASET_STORAGE,1859,Data storage or dataset (data/rag/ChIJPVegOR3lDDkRbWNzyX_u8BM.json),0,False,False,True,False,⚪ KEEP — DATA / REFERENCE,KEEP
1180,data/rag/ChIJPw7BCdE9DTkRhBDLdYRoU2s.json,DATASET_STORAGE,2164,Data storage or dataset (data/rag/ChIJPw7BCdE9DTkRhBDLdYRoU2s.json),0,False,False,True,False,⚪ KEEP — DATA / REFERENCE,KEEP
1181,data/rag/ChIJPWBpSw0MDTkRIJprdOzTE0U.json,DATASET_STORAGE,1776,Data storage or dataset (data/rag/ChIJPWBpSw0MDTkRIJprdOzTE0U.json),0,False,False,True,False,⚪ KEEP — DATA / REFERENCE,KEEP
1182,data/rag/ChIJPWbQh00BDTkRxexTLzPCrVw.json,DATASET_STORAGE,2323,Data storage or dataset (data/rag/ChIJPWbQh00BDTkRxexTLzPCrVw.json),0,False,False,True,False,⚪ KEEP — DATA / REFERENCE,KEEP
1183,data/rag/ChIJPwc231QFDTkR8Y5XU62U7R4.json,DATASET_STORAGE,948,Data storage or dataset (data/rag/ChIJPwc231QFDTkR8Y5XU62U7R4.json),0,False,False,True,False,⚪ KEEP — DATA / REFERENCE,KEEP
1184,data/rag/ChIJPwDEgOH9DDkRVZXlK8nS0nw.json,DATASET_STORAGE,1978,Data storage or dataset (data/rag/ChIJPwDEgOH9DDkRVZXlK8nS0nw.json),0,False,False,True,False,⚪ KEEP — DATA / REFERENCE,KEEP
1185,data/rag/ChIJpwfcnIsdDTkRozATce4XjIU.json,DATASET_STORAGE,5495,Data storage or dataset (data/rag/ChIJpwfcnIsdDTkRozATce4XjIU.json),0,False,False,True,False,⚪ KEEP — DATA / REFERENCE,KEEP
1186,data/rag/ChIJPwgrXucFDTkRwjJyjNbunV0.json,DATASET_STORAGE,1488,Data storage or dataset (data/rag/ChIJPwgrXucFDTkRwjJyjNbunV0.json),0,False,False,True,False,⚪ KEEP — DATA / REFERENCE,KEEP
1187,data/rag/ChIJpwL5yooFDTkRP-ehRCXFN38.json,DATASET_STORAGE,2152,Data storage or dataset (data/rag/ChIJpwL5yooFDTkRP-ehRCXFN38.json),0,False,False,True,False,⚪ KEEP — DATA / REFERENCE,KEEP
1188,data/rag/ChIJPwpn3iIZDTkRtUmKOOXCCSw.json,DATASET_STORAGE,5229,Data storage or dataset (data/rag/ChIJPwpn3iIZDTkRtUmKOOXCCSw.json),0,False,False,True,False,⚪ KEEP — DATA / REFERENCE,KEEP
1189,data/rag/ChIJPWZW_gkEDTkRvJ3DTtFoPVQ.json,DATASET_STORAGE,3313,Data storage or dataset (data/rag/ChIJPWZW_gkEDTkRvJ3DTtFoPVQ.json),0,False,False,True,False,⚪ KEEP — DATA / REFERENCE,KEEP
1190,data/rag/ChIJpX4ZcV4DDTkRd-eCiR8vt7E.json,DATASET_STORAGE,3523,Data storage or dataset (data/rag/ChIJpX4ZcV4DDTkRd-eCiR8vt7E.json),0,False,False,True,False,⚪ KEEP — DATA / REFERENCE,KEEP
1191,data/rag/ChIJPxKs_owBDTkRpqyMziMelqc.json,DATASET_STORAGE,2299,Data storage or dataset (data/rag/ChIJPxKs_owBDTkRpqyMziMelqc.json),0,False,False,True,False,⚪ KEEP — DATA / REFERENCE,KEEP
1192,data/rag/ChIJPxUsCXj9DDkROxvTLja26mA.json,DATASET_STORAGE,2207,Data storage or dataset (data/rag/ChIJPxUsCXj9DDkROxvTLja26mA.json),0,False,False,True,False,⚪ KEEP — DATA / REFERENCE,KEEP
1193,data/rag/ChIJpXzVXgD7DDkROTg2qZrmdZE.json,DATASET_STORAGE,2303,Data storage or dataset (data/rag/ChIJpXzVXgD7DDkROTg2qZrmdZE.json),0,False,False,True,False,⚪ KEEP — DATA / REFERENCE,KEEP
1194,data/rag/ChIJPZDGPtsYDTkRAw_YJKEwTiE.json,DATASET_STORAGE,2919,Data storage or dataset (data/rag/ChIJPZDGPtsYDTkRAw_YJKEwTiE.json),0,False,False,True,False,⚪ KEEP — DATA / REFERENCE,KEEP
1195,data/rag/ChIJq0A_wPYbDTkRnV2bk_7Fzfc.json,DATASET_STORAGE,2221,Data storage or dataset (data/rag/ChIJq0A_wPYbDTkRnV2bk_7Fzfc.json),0,False,False,True,False,⚪ KEEP — DATA / REFERENCE,KEEP
1196,data/rag/ChIJQ0mCURIeDTkRxSzdLV_yWnw.json,DATASET_STORAGE,2389,Data storage or dataset (data/rag/ChIJQ0mCURIeDTkRxSzdLV_yWnw.json),0,False,False,True,False,⚪ KEEP — DATA / REFERENCE,KEEP
1197,data/rag/ChIJQ0vxHv8fDTkRUeYGo5JciUc.json,DATASET_STORAGE,2430,Data storage or dataset (data/rag/ChIJQ0vxHv8fDTkRUeYGo5JciUc.json),0,False,False,True,False,⚪ KEEP — DATA / REFERENCE,KEEP
1198,data/rag/ChIJQ1QHIZqrDTkRcb5xBvj37zk.json,DATASET_STORAGE,1211,Data storage or dataset (data/rag/ChIJQ1QHIZqrDTkRcb5xBvj37zk.json),0,False,False,True,False,⚪ KEEP — DATA / REFERENCE,KEEP
1199,data/rag/ChIJQ1w43W4VDTkRLtF4zn4EqHM.json,DATASET_STORAGE,1397,Data storage or dataset (data/rag/ChIJQ1w43W4VDTkRLtF4zn4EqHM.json),0,False,False,True,False,⚪ KEEP — DATA / REFERENCE,KEEP
1200,data/rag/ChIJq30zq979DDkRSrt4pkT7aSM.json,DATASET_STORAGE,2965,Data storage or dataset (data/rag/ChIJq30zq979DDkRSrt4pkT7aSM.json),0,False,False,True,False,⚪ KEEP — DATA / REFERENCE,KEEP
1201,data/rag/ChIJQ3NDXD0dDTkRhr6qseSsSxg.json,DATASET_STORAGE,3150,Data storage or dataset (data/rag/ChIJQ3NDXD0dDTkRhr6qseSsSxg.json),0,False,False,True,False,⚪ KEEP — DATA / REFERENCE,KEEP
1202,data/rag/ChIJq3VR8w3_DDkRPICGVj8ny_I.json,DATASET_STORAGE,1568,Data storage or dataset (data/rag/ChIJq3VR8w3_DDkRPICGVj8ny_I.json),0,False,False,True,False,⚪ KEEP — DATA / REFERENCE,KEEP
1203,data/rag/ChIJQ5QKh-cBDTkRdH8g2foHdjc.json,DATASET_STORAGE,3393,Data storage or dataset (data/rag/ChIJQ5QKh-cBDTkRdH8g2foHdjc.json),0,False,False,True,False,⚪ KEEP — DATA / REFERENCE,KEEP
1204,data/rag/ChIJq5SJS2YfDTkRQUWOxyoaoOE.json,DATASET_STORAGE,6156,Data storage or dataset (data/rag/ChIJq5SJS2YfDTkRQUWOxyoaoOE.json),0,False,False,True,False,⚪ KEEP — DATA / REFERENCE,KEEP
1205,data/rag/ChIJq6q295cCDTkRHSmPwMHZeCk.json,DATASET_STORAGE,3571,Data storage or dataset (data/rag/ChIJq6q295cCDTkRHSmPwMHZeCk.json),0,False,False,True,False,⚪ KEEP — DATA / REFERENCE,KEEP
1206,data/rag/ChIJq6qathkdDTkR-mtwPPIV2C8.json,DATASET_STORAGE,2440,Data storage or dataset (data/rag/ChIJq6qathkdDTkR-mtwPPIV2C8.json),0,False,False,True,False,⚪ KEEP — DATA / REFERENCE,KEEP
1207,data/rag/ChIJq6qq6pMCDTkRqTr-63N3wDg.json,DATASET_STORAGE,3043,Data storage or dataset (data/rag/ChIJq6qq6pMCDTkRqTr-63N3wDg.json),0,False,False,True,False,⚪ KEEP — DATA / REFERENCE,KEEP
1208,data/rag/ChIJq6qqatPgDDkRZcvXKuNHJ0M.json,DATASET_STORAGE,4736,Data storage or dataset (data/rag/ChIJq6qqatPgDDkRZcvXKuNHJ0M.json),0,False,False,True,False,⚪ KEEP — DATA / REFERENCE,KEEP
1209,data/rag/ChIJq6qqp2r9DDkRJyXBgGO3brI.json,DATASET_STORAGE,2184,Data storage or dataset (data/rag/ChIJq6qqp2r9DDkRJyXBgGO3brI.json),0,False,False,True,False,⚪ KEEP — DATA / REFERENCE,KEEP
1210,data/rag/ChIJq6qqp2r9DDkRR7me8ggUY5A.json,DATASET_STORAGE,1911,Data storage or dataset (data/rag/ChIJq6qqp2r9DDkRR7me8ggUY5A.json),0,False,False,True,False,⚪ KEEP — DATA / REFERENCE,KEEP
1211,data/rag/ChIJq6qqqg3cDDkRcNh5dl8gb9c.json,DATASET_STORAGE,7467,Data storage or dataset (data/rag/ChIJq6qqqg3cDDkRcNh5dl8gb9c.json),0,False,False,True,False,⚪ KEEP — DATA / REFERENCE,KEEP
1212,data/rag/ChIJq6qqqtPgDDkRiU7ZAEq1d-8.json,DATASET_STORAGE,2024,Data storage or dataset (data/rag/ChIJq6qqqtPgDDkRiU7ZAEq1d-8.json),0,False,False,True,False,⚪ KEEP — DATA / REFERENCE,KEEP
1213,data/rag/ChIJq6VnJ58FDTkRsN01XXkz7gs.json,DATASET_STORAGE,964,Data storage or dataset (data/rag/ChIJq6VnJ58FDTkRsN01XXkz7gs.json),0,False,False,True,False,⚪ KEEP — DATA / REFERENCE,KEEP
1214,data/rag/ChIJq7-D7G77DDkR93Czw_SxpJ4.json,DATASET_STORAGE,3819,Data storage or dataset (data/rag/ChIJq7-D7G77DDkR93Czw_SxpJ4.json),0,False,False,True,False,⚪ KEEP — DATA / REFERENCE,KEEP
1215,data/rag/ChIJq8lvdiIFDTkRB74NMBwT_Vk.json,DATASET_STORAGE,2844,Data storage or dataset (data/rag/ChIJq8lvdiIFDTkRB74NMBwT_Vk.json),0,False,False,True,False,⚪ KEEP — DATA / REFERENCE,KEEP
1216,data/rag/ChIJQahY2GoFDTkRf9MrvyfY8Wo.json,DATASET_STORAGE,2945,Data storage or dataset (data/rag/ChIJQahY2GoFDTkRf9MrvyfY8Wo.json),0,False,False,True,False,⚪ KEEP — DATA / REFERENCE,KEEP
1217,data/rag/ChIJqaoxLsUEDTkR-NjBX_zkwmo.json,DATASET_STORAGE,3116,Data storage or dataset (data/rag/ChIJqaoxLsUEDTkR-NjBX_zkwmo.json),0,False,False,True,False,⚪ KEEP — DATA / REFERENCE,KEEP
1218,data/rag/ChIJqaqqZ4YXDTkRtQ-QBVfHHQI.json,DATASET_STORAGE,1446,Data storage or dataset (data/rag/ChIJqaqqZ4YXDTkRtQ-QBVfHHQI.json),0,False,False,True,False,⚪ KEEP — DATA / REFERENCE,KEEP
1219,data/rag/ChIJqatSgMQfDTkRF9LVcrExTdM.json,DATASET_STORAGE,3887,Data storage or dataset (data/rag/ChIJqatSgMQfDTkRF9LVcrExTdM.json),0,False,False,True,False,⚪ KEEP — DATA / REFERENCE,KEEP
1220,data/rag/ChIJqaVBZgAJDTkRUZgxzV0qqI0.json,DATASET_STORAGE,1413,Data storage or dataset (data/rag/ChIJqaVBZgAJDTkRUZgxzV0qqI0.json),0,False,False,True,False,⚪ KEEP — DATA / REFERENCE,KEEP
1221,data/rag/ChIJQb2D4b8DDTkRq0dRnD7Y1VI.json,DATASET_STORAGE,2243,Data storage or dataset (data/rag/ChIJQb2D4b8DDTkRq0dRnD7Y1VI.json),0,False,False,True,False,⚪ KEEP — DATA / REFERENCE,KEEP
1222,data/rag/ChIJqbcp5TjlDDkR7K7kvixY4OI.json,DATASET_STORAGE,1507,Data storage or dataset (data/rag/ChIJqbcp5TjlDDkR7K7kvixY4OI.json),0,False,False,True,False,⚪ KEEP — DATA / REFERENCE,KEEP
1223,data/rag/ChIJQcH65xwdDTkRcF0kAI2f3WI.json,DATASET_STORAGE,3963,Data storage or dataset (data/rag/ChIJQcH65xwdDTkRcF0kAI2f3WI.json),0,False,False,True,False,⚪ KEEP — DATA / REFERENCE,KEEP
1224,data/rag/ChIJqdWdI88jDTkRl5jezmWbhyo.json,DATASET_STORAGE,3218,Data storage or dataset (data/rag/ChIJqdWdI88jDTkRl5jezmWbhyo.json),0,False,False,True,False,⚪ KEEP — DATA / REFERENCE,KEEP
1225,data/rag/ChIJqe1N890ZDTkRmmIYeR-jjV8.json,DATASET_STORAGE,1922,Data storage or dataset (data/rag/ChIJqe1N890ZDTkRmmIYeR-jjV8.json),0,False,False,True,False,⚪ KEEP — DATA / REFERENCE,KEEP
1226,data/rag/ChIJqeUQpd3lDDkRAa1qCvUP7Lw.json,DATASET_STORAGE,2008,Data storage or dataset (data/rag/ChIJqeUQpd3lDDkRAa1qCvUP7Lw.json),0,False,False,True,False,⚪ KEEP — DATA / REFERENCE,KEEP
1227,data/rag/ChIJQQ-msLgZDTkRgftdjITVkXE.json,DATASET_STORAGE,2190,Data storage or dataset (data/rag/ChIJQQ-msLgZDTkRgftdjITVkXE.json),0,False,False,True,False,⚪ KEEP — DATA / REFERENCE,KEEP
1228,data/rag/ChIJqQ3x2j0FDTkRHNMbO1tpnwo.json,DATASET_STORAGE,3371,Data storage or dataset (data/rag/ChIJqQ3x2j0FDTkRHNMbO1tpnwo.json),0,False,False,True,False,⚪ KEEP — DATA / REFERENCE,KEEP
1229,data/rag/ChIJQQAAUALkDDkRPlvxqRwJGJo.json,DATASET_STORAGE,2068,Data storage or dataset (data/rag/ChIJQQAAUALkDDkRPlvxqRwJGJo.json),0,False,False,True,False,⚪ KEEP — DATA / REFERENCE,KEEP
1230,data/rag/ChIJqQZUNaQVDTkRPeAeq486Mtk.json,DATASET_STORAGE,2849,Data storage or dataset (data/rag/ChIJqQZUNaQVDTkRPeAeq486Mtk.json),0,False,False,True,False,⚪ KEEP — DATA / REFERENCE,KEEP
1231,data/rag/ChIJqR0Lpo8dDTkRXtwuh1revik.json,DATASET_STORAGE,2498,Data storage or dataset (data/rag/ChIJqR0Lpo8dDTkRXtwuh1revik.json),0,False,False,True,False,⚪ KEEP — DATA / REFERENCE,KEEP
1232,data/rag/ChIJQRp7XsQFDTkRlE3NHxaGmWY.json,DATASET_STORAGE,1990,Data storage or dataset (data/rag/ChIJQRp7XsQFDTkRlE3NHxaGmWY.json),0,False,False,True,False,⚪ KEEP — DATA / REFERENCE,KEEP
1233,data/rag/ChIJQRsr9UXlDDkRZm3Cf8qesPk.json,DATASET_STORAGE,3012,Data storage or dataset (data/rag/ChIJQRsr9UXlDDkRZm3Cf8qesPk.json),0,False,False,True,False,⚪ KEEP — DATA / REFERENCE,KEEP
1234,data/rag/ChIJQSiYSGkeDTkRXBZMMWIbY5s.json,DATASET_STORAGE,2441,Data storage or dataset (data/rag/ChIJQSiYSGkeDTkRXBZMMWIbY5s.json),0,False,False,True,False,⚪ KEEP — DATA / REFERENCE,KEEP
1235,data/rag/ChIJQTH0_aoZDTkR2bqpQS51Gh4.json,DATASET_STORAGE,3021,Data storage or dataset (data/rag/ChIJQTH0_aoZDTkR2bqpQS51Gh4.json),0,False,False,True,False,⚪ KEEP — DATA / REFERENCE,KEEP
1236,data/rag/ChIJQTyWH_v9DDkRWIAPGAhMUz0.json,DATASET_STORAGE,3626,Data storage or dataset (data/rag/ChIJQTyWH_v9DDkRWIAPGAhMUz0.json),0,False,False,True,False,⚪ KEEP — DATA / REFERENCE,KEEP
1237,data/rag/ChIJqUMw8V0DDTkRcqy-cZvfVvY.json,DATASET_STORAGE,2694,Data storage or dataset (data/rag/ChIJqUMw8V0DDTkRcqy-cZvfVvY.json),0,False,False,True,False,⚪ KEEP — DATA / REFERENCE,KEEP
1238,data/rag/ChIJQW0dhlAbDTkR27QFjwM29j4.json,DATASET_STORAGE,1959,Data storage or dataset (data/rag/ChIJQW0dhlAbDTkR27QFjwM29j4.json),0,False,False,True,False,⚪ KEEP — DATA / REFERENCE,KEEP
1239,data/rag/ChIJQw7XRwcjDTkRUpAE-J_C2JY.json,DATASET_STORAGE,1181,Data storage or dataset (data/rag/ChIJQw7XRwcjDTkRUpAE-J_C2JY.json),0,False,False,True,False,⚪ KEEP — DATA / REFERENCE,KEEP
1240,data/rag/ChIJqx4kZTP5DDkR0tWpOf7Q3tM.json,DATASET_STORAGE,2725,Data storage or dataset (data/rag/ChIJqx4kZTP5DDkR0tWpOf7Q3tM.json),0,False,False,True,False,⚪ KEEP — DATA / REFERENCE,KEEP
1241,data/rag/ChIJqxGysiLcDDkRb_4pTjmeGHc.json,DATASET_STORAGE,2668,Data storage or dataset (data/rag/ChIJqxGysiLcDDkRb_4pTjmeGHc.json),0,False,False,True,False,⚪ KEEP — DATA / REFERENCE,KEEP
1242,data/rag/ChIJQXI7f_gHDTkRunuuBt6reZg.json,DATASET_STORAGE,1362,Data storage or dataset (data/rag/ChIJQXI7f_gHDTkRunuuBt6reZg.json),0,False,False,True,False,⚪ KEEP — DATA / REFERENCE,KEEP
1243,data/rag/ChIJQxM3RNLjDDkRpfU_0WZcbw8.json,DATASET_STORAGE,5714,Data storage or dataset (data/rag/ChIJQxM3RNLjDDkRpfU_0WZcbw8.json),0,False,False,True,False,⚪ KEEP — DATA / REFERENCE,KEEP
1244,data/rag/ChIJqXNAFM4JDTkRv9fJ8SQ8ADM.json,DATASET_STORAGE,2422,Data storage or dataset (data/rag/ChIJqXNAFM4JDTkRv9fJ8SQ8ADM.json),0,False,False,True,False,⚪ KEEP — DATA / REFERENCE,KEEP
1245,data/rag/ChIJqXNvIZUdDTkR25SLKrXqpcs.json,DATASET_STORAGE,2888,Data storage or dataset (data/rag/ChIJqXNvIZUdDTkR25SLKrXqpcs.json),0,False,False,True,False,⚪ KEEP — DATA / REFERENCE,KEEP
1246,data/rag/ChIJQXZOlAj9DDkRGt_aiGqrOHk.json,DATASET_STORAGE,3768,Data storage or dataset (data/rag/ChIJQXZOlAj9DDkRGt_aiGqrOHk.json),0,False,False,True,False,⚪ KEEP — DATA / REFERENCE,KEEP
1247,data/rag/ChIJQyBpbkVrDTkRN-vCqZuLFWc.json,DATASET_STORAGE,1298,Data storage or dataset (data/rag/ChIJQyBpbkVrDTkRN-vCqZuLFWc.json),0,False,False,True,False,⚪ KEEP — DATA / REFERENCE,KEEP
1248,data/rag/ChIJqyK42_sYDTkRv0equibh_ow.json,DATASET_STORAGE,2171,Data storage or dataset (data/rag/ChIJqyK42_sYDTkRv0equibh_ow.json),0,False,False,True,False,⚪ KEEP — DATA / REFERENCE,KEEP
1249,data/rag/ChIJQYncXHQFDTkRJ6acaW9_9Cs.json,DATASET_STORAGE,3340,Data storage or dataset (data/rag/ChIJQYncXHQFDTkRJ6acaW9_9Cs.json),0,False,False,True,False,⚪ KEEP — DATA / REFERENCE,KEEP
1250,data/rag/ChIJQYtC9bIBDTkRtzYGNORyATo.json,DATASET_STORAGE,1346,Data storage or dataset (data/rag/ChIJQYtC9bIBDTkRtzYGNORyATo.json),0,False,False,True,False,⚪ KEEP — DATA / REFERENCE,KEEP
1251,data/rag/ChIJqYTSZjIbDTkRQ_rOS4SGZQY.json,DATASET_STORAGE,2145,Data storage or dataset (data/rag/ChIJqYTSZjIbDTkRQ_rOS4SGZQY.json),0,False,False,True,False,⚪ KEEP — DATA / REFERENCE,KEEP
1252,data/rag/ChIJqzx_of0hDTkR-rg9kq8jjq0.json,DATASET_STORAGE,1842,Data storage or dataset (data/rag/ChIJqzx_of0hDTkR-rg9kq8jjq0.json),0,False,False,True,False,⚪ KEEP — DATA / REFERENCE,KEEP
1253,data/rag/ChIJQzynNDjcDDkRwyLgZhp-JWY.json,DATASET_STORAGE,2961,Data storage or dataset (data/rag/ChIJQzynNDjcDDkRwyLgZhp-JWY.json),0,False,False,True,False,⚪ KEEP — DATA / REFERENCE,KEEP
1254,data/rag/ChIJqZyTlRMXDTkRfIdgQno3Zws.json,DATASET_STORAGE,1286,Data storage or dataset (data/rag/ChIJqZyTlRMXDTkRfIdgQno3Zws.json),0,False,False,True,False,⚪ KEEP — DATA / REFERENCE,KEEP
1255,data/rag/ChIJQzZSoT0BDTkR37w2w39jxbY.json,DATASET_STORAGE,2558,Data storage or dataset (data/rag/ChIJQzZSoT0BDTkR37w2w39jxbY.json),0,False,False,True,False,⚪ KEEP — DATA / REFERENCE,KEEP
1256,data/rag/ChIJQ_bOxt8BDTkRAmvBpYtyb_U.json,DATASET_STORAGE,2066,Data storage or dataset (data/rag/ChIJQ_bOxt8BDTkRAmvBpYtyb_U.json),0,False,False,True,False,⚪ KEEP — DATA / REFERENCE,KEEP
1257,data/rag/ChIJq_mqsfIZDTkR7CQGzKLopiM.json,DATASET_STORAGE,1828,Data storage or dataset (data/rag/ChIJq_mqsfIZDTkR7CQGzKLopiM.json),0,False,False,True,False,⚪ KEEP — DATA / REFERENCE,KEEP
1258,data/rag/ChIJR-G7XwX9DDkRB5h2b4-759I.json,DATASET_STORAGE,3023,Data storage or dataset (data/rag/ChIJR-G7XwX9DDkRB5h2b4-759I.json),0,False,False,True,False,⚪ KEEP — DATA / REFERENCE,KEEP
1259,data/rag/ChIJr-JBHwAPDTkRfQSor5wNRiE.json,DATASET_STORAGE,1874,Data storage or dataset (data/rag/ChIJr-JBHwAPDTkRfQSor5wNRiE.json),0,False,False,True,False,⚪ KEEP — DATA / REFERENCE,KEEP
1260,data/rag/ChIJr-UiyxHhDDkR9jmGwVikkO4.json,DATASET_STORAGE,3060,Data storage or dataset (data/rag/ChIJr-UiyxHhDDkR9jmGwVikkO4.json),0,False,False,True,False,⚪ KEEP — DATA / REFERENCE,KEEP
1261,data/rag/ChIJR-WL4m3iDDkR4jurspZOnwQ.json,DATASET_STORAGE,2325,Data storage or dataset (data/rag/ChIJR-WL4m3iDDkR4jurspZOnwQ.json),0,False,False,True,False,⚪ KEEP — DATA / REFERENCE,KEEP
1262,data/rag/ChIJr1CxLkEbDTkRau7ByVr9-gc.json,DATASET_STORAGE,3334,Data storage or dataset (data/rag/ChIJr1CxLkEbDTkRau7ByVr9-gc.json),0,False,False,True,False,⚪ KEEP — DATA / REFERENCE,KEEP
1263,data/rag/ChIJR1FVbAgiDTkR3NiZViDPc1w.json,DATASET_STORAGE,3234,Data storage or dataset (data/rag/ChIJR1FVbAgiDTkR3NiZViDPc1w.json),0,False,False,True,False,⚪ KEEP — DATA / REFERENCE,KEEP
1264,data/rag/ChIJr1JJFiEBDTkRFzuMhRJDDho.json,DATASET_STORAGE,1341,Data storage or dataset (data/rag/ChIJr1JJFiEBDTkRFzuMhRJDDho.json),0,False,False,True,False,⚪ KEEP — DATA / REFERENCE,KEEP
1265,data/rag/ChIJr1OuS62pDTkRGQUhFaXynZY.json,DATASET_STORAGE,1347,Data storage or dataset (data/rag/ChIJr1OuS62pDTkRGQUhFaXynZY.json),0,False,False,True,False,⚪ KEEP — DATA / REFERENCE,KEEP
1266,data/rag/ChIJR2D6ioQXDTkRBDwuY3-75P0.json,DATASET_STORAGE,1603,Data storage or dataset (data/rag/ChIJR2D6ioQXDTkRBDwuY3-75P0.json),0,False,False,True,False,⚪ KEEP — DATA / REFERENCE,KEEP
1267,data/rag/ChIJr2pE1N8BDTkR_szajQiBDpA.json,DATASET_STORAGE,2030,Data storage or dataset (data/rag/ChIJr2pE1N8BDTkR_szajQiBDpA.json),0,False,False,True,False,⚪ KEEP — DATA / REFERENCE,KEEP
1268,data/rag/ChIJR3-TfVQZDTkRhVHU7cnbjZw.json,DATASET_STORAGE,3399,Data storage or dataset (data/rag/ChIJR3-TfVQZDTkRhVHU7cnbjZw.json),0,False,False,True,False,⚪ KEEP — DATA / REFERENCE,KEEP
1269,data/rag/ChIJR3a0cswFDTkR9VOW8hki9K4.json,DATASET_STORAGE,2560,Data storage or dataset (data/rag/ChIJR3a0cswFDTkR9VOW8hki9K4.json),0,False,False,True,False,⚪ KEEP — DATA / REFERENCE,KEEP
1270,data/rag/ChIJr3G6agDdDDkRHk3tDePJCI4.json,DATASET_STORAGE,1670,Data storage or dataset (data/rag/ChIJr3G6agDdDDkRHk3tDePJCI4.json),0,False,False,True,False,⚪ KEEP — DATA / REFERENCE,KEEP
1271,data/rag/ChIJR3VQqa0ZDTkRTEA4kYW9eMo.json,DATASET_STORAGE,3450,Data storage or dataset (data/rag/ChIJR3VQqa0ZDTkRTEA4kYW9eMo.json),0,False,False,True,False,⚪ KEEP — DATA / REFERENCE,KEEP
1272,data/rag/ChIJr3w57d8ZDTkReaF1ZGBlgvM.json,DATASET_STORAGE,2742,Data storage or dataset (data/rag/ChIJr3w57d8ZDTkReaF1ZGBlgvM.json),0,False,False,True,False,⚪ KEEP — DATA / REFERENCE,KEEP
1273,data/rag/ChIJr4AGGVvhDDkRG_xKgOWkQAQ.json,DATASET_STORAGE,3276,Data storage or dataset (data/rag/ChIJr4AGGVvhDDkRG_xKgOWkQAQ.json),0,False,False,True,False,⚪ KEEP — DATA / REFERENCE,KEEP
1274,data/rag/ChIJR4Lniwz7DDkR5BZxf723LKk.json,DATASET_STORAGE,1960,Data storage or dataset (data/rag/ChIJR4Lniwz7DDkR5BZxf723LKk.json),0,False,False,True,False,⚪ KEEP — DATA / REFERENCE,KEEP
1275,data/rag/ChIJR5pu8ZwVDTkRx681RQEg5Bk.json,DATASET_STORAGE,989,Data storage or dataset (data/rag/ChIJR5pu8ZwVDTkRx681RQEg5Bk.json),0,False,False,True,False,⚪ KEEP — DATA / REFERENCE,KEEP
1276,data/rag/ChIJR72LhAciDTkRwAKmjg0lFv4.json,DATASET_STORAGE,3166,Data storage or dataset (data/rag/ChIJR72LhAciDTkRwAKmjg0lFv4.json),0,False,False,True,False,⚪ KEEP — DATA / REFERENCE,KEEP
1277,data/rag/ChIJR7opKkHnDDkRu2lSbe2ecIE.json,DATASET_STORAGE,2355,Data storage or dataset (data/rag/ChIJR7opKkHnDDkRu2lSbe2ecIE.json),0,False,False,True,False,⚪ KEEP — DATA / REFERENCE,KEEP
1278,data/rag/ChIJr7zikkjjDDkRmaLEnWGPiYo.json,DATASET_STORAGE,1569,Data storage or dataset (data/rag/ChIJr7zikkjjDDkRmaLEnWGPiYo.json),0,False,False,True,False,⚪ KEEP — DATA / REFERENCE,KEEP
1279,data/rag/ChIJr8efdIv7DDkRnYHKsoANzwQ.json,DATASET_STORAGE,2082,Data storage or dataset (data/rag/ChIJr8efdIv7DDkRnYHKsoANzwQ.json),0,False,False,True,False,⚪ KEEP — DATA / REFERENCE,KEEP
1280,data/rag/ChIJr8LuNvwYDTkRLfjeI091NkU.json,DATASET_STORAGE,2575,Data storage or dataset (data/rag/ChIJr8LuNvwYDTkRLfjeI091NkU.json),0,False,False,True,False,⚪ KEEP — DATA / REFERENCE,KEEP
1281,data/rag/ChIJR8UMrJgCDTkRNFgwNsDuAtI.json,DATASET_STORAGE,3764,Data storage or dataset (data/rag/ChIJR8UMrJgCDTkRNFgwNsDuAtI.json),0,False,False,True,False,⚪ KEEP — DATA / REFERENCE,KEEP
1282,data/rag/ChIJr8v4rd0fDTkRYHHvdeASgxA.json,DATASET_STORAGE,1371,Data storage or dataset (data/rag/ChIJr8v4rd0fDTkRYHHvdeASgxA.json),0,False,False,True,False,⚪ KEEP — DATA / REFERENCE,KEEP
1283,data/rag/ChIJrcOxu7MVDTkRwGNFDz8XwIA.json,DATASET_STORAGE,2588,Data storage or dataset (data/rag/ChIJrcOxu7MVDTkRwGNFDz8XwIA.json),0,False,False,True,False,⚪ KEEP — DATA / REFERENCE,KEEP
1284,data/rag/ChIJrcVbzE3fDDkR0ONLilZcnO0.json,DATASET_STORAGE,1150,Data storage or dataset (data/rag/ChIJrcVbzE3fDDkR0ONLilZcnO0.json),0,False,False,True,False,⚪ KEEP — DATA / REFERENCE,KEEP
1285,data/rag/ChIJrdHmZoQZDTkRmwGZkcfPj4Y.json,DATASET_STORAGE,3857,Data storage or dataset (data/rag/ChIJrdHmZoQZDTkRmwGZkcfPj4Y.json),0,False,False,True,False,⚪ KEEP — DATA / REFERENCE,KEEP
1286,data/rag/ChIJRdQiFUo8DTkRlKBQhTQKzPo.json,DATASET_STORAGE,2387,Data storage or dataset (data/rag/ChIJRdQiFUo8DTkRlKBQhTQKzPo.json),0,False,False,True,False,⚪ KEEP — DATA / REFERENCE,KEEP
1287,data/rag/ChIJrdT4SiEbDTkRIgX5tj9QnPs.json,DATASET_STORAGE,2567,Data storage or dataset (data/rag/ChIJrdT4SiEbDTkRIgX5tj9QnPs.json),0,False,False,True,False,⚪ KEEP — DATA / REFERENCE,KEEP
1288,data/rag/ChIJRQKY9bMYDTkRfXgi7aldg6E.json,DATASET_STORAGE,2192,Data storage or dataset (data/rag/ChIJRQKY9bMYDTkRfXgi7aldg6E.json),0,False,False,True,False,⚪ KEEP — DATA / REFERENCE,KEEP
1289,data/rag/ChIJrQm2IkQZDTkR-GCn7nUAuSQ.json,DATASET_STORAGE,3127,Data storage or dataset (data/rag/ChIJrQm2IkQZDTkR-GCn7nUAuSQ.json),0,False,False,True,False,⚪ KEEP — DATA / REFERENCE,KEEP
1290,data/rag/ChIJRRAaARsbDTkRAOMdB2wOkw4.json,DATASET_STORAGE,3597,Data storage or dataset (data/rag/ChIJRRAaARsbDTkRAOMdB2wOkw4.json),0,False,False,True,False,⚪ KEEP — DATA / REFERENCE,KEEP
1291,data/rag/ChIJRRr_gFYjDTkRVtJ9ZdjdHTs.json,DATASET_STORAGE,1902,Data storage or dataset (data/rag/ChIJRRr_gFYjDTkRVtJ9ZdjdHTs.json),0,False,False,True,False,⚪ KEEP — DATA / REFERENCE,KEEP
1292,data/rag/ChIJRSLL8FUZDTkRdDJEkxGactk.json,DATASET_STORAGE,3444,Data storage or dataset (data/rag/ChIJRSLL8FUZDTkRdDJEkxGactk.json),0,False,False,True,False,⚪ KEEP — DATA / REFERENCE,KEEP
1293,data/rag/ChIJRTIaDoXjDDkRo05ATdzGmF4.json,DATASET_STORAGE,3297,Data storage or dataset (data/rag/ChIJRTIaDoXjDDkRo05ATdzGmF4.json),0,False,False,True,False,⚪ KEEP — DATA / REFERENCE,KEEP
1294,data/rag/ChIJRU-t04EYDTkRvvJW6Wqkwes.json,DATASET_STORAGE,2988,Data storage or dataset (data/rag/ChIJRU-t04EYDTkRvvJW6Wqkwes.json),0,False,False,True,False,⚪ KEEP — DATA / REFERENCE,KEEP
1295,data/rag/ChIJrU48_w_9DDkRAXDl9rxJ0kQ.json,DATASET_STORAGE,3313,Data storage or dataset (data/rag/ChIJrU48_w_9DDkRAXDl9rxJ0kQ.json),0,False,False,True,False,⚪ KEEP — DATA / REFERENCE,KEEP
1296,data/rag/ChIJRUCw2qIFDTkR48WVAJkMcjM.json,DATASET_STORAGE,2994,Data storage or dataset (data/rag/ChIJRUCw2qIFDTkR48WVAJkMcjM.json),0,False,False,True,False,⚪ KEEP — DATA / REFERENCE,KEEP
1297,data/rag/ChIJRU_hfK0ZDTkRmuwgwPQ_cDM.json,DATASET_STORAGE,2161,Data storage or dataset (data/rag/ChIJRU_hfK0ZDTkRmuwgwPQ_cDM.json),0,False,False,True,False,⚪ KEEP — DATA / REFERENCE,KEEP
1298,data/rag/ChIJrVtbefw9DTkRPqlo2vY-j1s.json,DATASET_STORAGE,1464,Data storage or dataset (data/rag/ChIJrVtbefw9DTkRPqlo2vY-j1s.json),0,False,False,True,False,⚪ KEEP — DATA / REFERENCE,KEEP
1299,data/rag/ChIJrwaFLOAfDTkRPIo2B_lkjSU.json,DATASET_STORAGE,4348,Data storage or dataset (data/rag/ChIJrwaFLOAfDTkRPIo2B_lkjSU.json),0,False,False,True,False,⚪ KEEP — DATA / REFERENCE,KEEP
1300,data/rag/ChIJRxl2lZz9DDkRGh5PhQDS_SA.json,DATASET_STORAGE,2449,Data storage or dataset (data/rag/ChIJRxl2lZz9DDkRGh5PhQDS_SA.json),0,False,False,True,False,⚪ KEEP — DATA / REFERENCE,KEEP
1301,data/rag/ChIJry5bF2YBDTkRNPLEn2_bbOI.json,DATASET_STORAGE,1134,Data storage or dataset (data/rag/ChIJry5bF2YBDTkRNPLEn2_bbOI.json),0,False,False,True,False,⚪ KEEP — DATA / REFERENCE,KEEP
1302,data/rag/ChIJRyNm3GD9DDkRUDuZ6cJXPy4.json,DATASET_STORAGE,3158,Data storage or dataset (data/rag/ChIJRyNm3GD9DDkRUDuZ6cJXPy4.json),0,False,False,True,False,⚪ KEEP — DATA / REFERENCE,KEEP
1303,data/rag/ChIJRYVcMn8_DTkRjwOiyekkc18.json,DATASET_STORAGE,2523,Data storage or dataset (data/rag/ChIJRYVcMn8_DTkRjwOiyekkc18.json),0,False,False,True,False,⚪ KEEP — DATA / REFERENCE,KEEP
1304,data/rag/ChIJRZ8E8Qz9DDkRaDxap1se5-g.json,DATASET_STORAGE,1564,Data storage or dataset (data/rag/ChIJRZ8E8Qz9DDkRaDxap1se5-g.json),0,False,False,True,False,⚪ KEEP — DATA / REFERENCE,KEEP
1305,data/rag/ChIJRz8fTtb7DDkR35WthLi8XWg.json,DATASET_STORAGE,2066,Data storage or dataset (data/rag/ChIJRz8fTtb7DDkR35WthLi8XWg.json),0,False,False,True,False,⚪ KEEP — DATA / REFERENCE,KEEP
1306,data/rag/ChIJRz9E5sELDTkRP0iz7bKL2qA.json,DATASET_STORAGE,3066,Data storage or dataset (data/rag/ChIJRz9E5sELDTkRP0iz7bKL2qA.json),0,False,False,True,False,⚪ KEEP — DATA / REFERENCE,KEEP
1307,data/rag/ChIJRZaLkZkbDTkRkJRD2nrcKFs.json,DATASET_STORAGE,5075,Data storage or dataset (data/rag/ChIJRZaLkZkbDTkRkJRD2nrcKFs.json),0,False,False,True,False,⚪ KEEP — DATA / REFERENCE,KEEP
1308,data/rag/ChIJr_HCO-kFDTkR_aDiWYPlg_g.json,DATASET_STORAGE,2678,Data storage or dataset (data/rag/ChIJr_HCO-kFDTkR_aDiWYPlg_g.json),0,False,False,True,False,⚪ KEEP — DATA / REFERENCE,KEEP
1309,data/rag/ChIJr_r0whMRDTkRvN55RzUgjOg.json,DATASET_STORAGE,1112,Data storage or dataset (data/rag/ChIJr_r0whMRDTkRvN55RzUgjOg.json),0,False,False,True,False,⚪ KEEP — DATA / REFERENCE,KEEP
1310,data/rag/ChIJS-KftYABDTkRmu7Uh_Lzeqg.json,DATASET_STORAGE,1181,Data storage or dataset (data/rag/ChIJS-KftYABDTkRmu7Uh_Lzeqg.json),0,False,False,True,False,⚪ KEEP — DATA / REFERENCE,KEEP
1311,data/rag/ChIJS0aYLBwjDTkRg1kvuwxqGGk.json,DATASET_STORAGE,5916,Data storage or dataset (data/rag/ChIJS0aYLBwjDTkRg1kvuwxqGGk.json),0,False,False,True,False,⚪ KEEP — DATA / REFERENCE,KEEP
1312,data/rag/ChIJs1sEqnMPDTkRLnqJlQn-Zs4.json,DATASET_STORAGE,2111,Data storage or dataset (data/rag/ChIJs1sEqnMPDTkRLnqJlQn-Zs4.json),0,False,False,True,False,⚪ KEEP — DATA / REFERENCE,KEEP
1313,data/rag/ChIJs28LAX_7DDkRyHzGDbAs6YM.json,DATASET_STORAGE,4332,Data storage or dataset (data/rag/ChIJs28LAX_7DDkRyHzGDbAs6YM.json),0,False,False,True,False,⚪ KEEP — DATA / REFERENCE,KEEP
1314,data/rag/ChIJS49M_lcZDTkRKyK8H7uO5Gc.json,DATASET_STORAGE,2467,Data storage or dataset (data/rag/ChIJS49M_lcZDTkRKyK8H7uO5Gc.json),0,False,False,True,False,⚪ KEEP — DATA / REFERENCE,KEEP
1315,data/rag/ChIJS4Ok5QoZDTkRvuSk45jH_qw.json,DATASET_STORAGE,4735,Data storage or dataset (data/rag/ChIJS4Ok5QoZDTkRvuSk45jH_qw.json),0,False,False,True,False,⚪ KEEP — DATA / REFERENCE,KEEP
1316,data/rag/ChIJs4ooMwDjDDkRGtav5_A2V-U.json,DATASET_STORAGE,5860,Data storage or dataset (data/rag/ChIJs4ooMwDjDDkRGtav5_A2V-U.json),0,False,False,True,False,⚪ KEEP — DATA / REFERENCE,KEEP
1317,data/rag/ChIJs4RS1F8FDTkR5f4f0ryLlWo.json,DATASET_STORAGE,1752,Data storage or dataset (data/rag/ChIJs4RS1F8FDTkR5f4f0ryLlWo.json),0,False,False,True,False,⚪ KEEP — DATA / REFERENCE,KEEP
1318,data/rag/ChIJS51qEH4ZDTkR5-RJJbhYIZk.json,DATASET_STORAGE,2179,Data storage or dataset (data/rag/ChIJS51qEH4ZDTkR5-RJJbhYIZk.json),0,False,False,True,False,⚪ KEEP — DATA / REFERENCE,KEEP
1319,data/rag/ChIJs5LeHAAXDTkRhHmVT0FLf6Q.json,DATASET_STORAGE,1099,Data storage or dataset (data/rag/ChIJs5LeHAAXDTkRhHmVT0FLf6Q.json),0,False,False,True,False,⚪ KEEP — DATA / REFERENCE,KEEP
1320,data/rag/ChIJs5RrKf8hDTkRAqpHTQgqjBI.json,DATASET_STORAGE,3781,Data storage or dataset (data/rag/ChIJs5RrKf8hDTkRAqpHTQgqjBI.json),0,False,False,True,False,⚪ KEEP — DATA / REFERENCE,KEEP
1321,data/rag/ChIJs6KqbUwFDTkRsT_CP-hoENs.json,DATASET_STORAGE,2218,Data storage or dataset (data/rag/ChIJs6KqbUwFDTkRsT_CP-hoENs.json),0,False,False,True,False,⚪ KEEP — DATA / REFERENCE,KEEP
1322,data/rag/ChIJS6pNJr4ZDTkRU4iPl8B64uE.json,DATASET_STORAGE,2785,Data storage or dataset (data/rag/ChIJS6pNJr4ZDTkRU4iPl8B64uE.json),0,False,False,True,False,⚪ KEEP — DATA / REFERENCE,KEEP
1323,data/rag/ChIJs6yuI3QBDTkRG_R3QThdxY4.json,DATASET_STORAGE,2748,Data storage or dataset (data/rag/ChIJs6yuI3QBDTkRG_R3QThdxY4.json),0,False,False,True,False,⚪ KEEP — DATA / REFERENCE,KEEP
1324,data/rag/ChIJs7GJ-NsFDTkRLD5mS5lSTCw.json,DATASET_STORAGE,2497,Data storage or dataset (data/rag/ChIJs7GJ-NsFDTkRLD5mS5lSTCw.json),0,False,False,True,False,⚪ KEEP — DATA / REFERENCE,KEEP
1325,data/rag/ChIJs8OMODejDTkRKBAolDAcW9k.json,DATASET_STORAGE,2073,Data storage or dataset (data/rag/ChIJs8OMODejDTkRKBAolDAcW9k.json),0,False,False,True,False,⚪ KEEP — DATA / REFERENCE,KEEP
1326,data/rag/ChIJS9nAr1DdDDkRYZcXozkGok0.json,DATASET_STORAGE,2599,Data storage or dataset (data/rag/ChIJS9nAr1DdDDkRYZcXozkGok0.json),0,False,False,True,False,⚪ KEEP — DATA / REFERENCE,KEEP
1327,data/rag/ChIJSbK5LDjcDDkRNyRcRHo4DI0.json,DATASET_STORAGE,2537,Data storage or dataset (data/rag/ChIJSbK5LDjcDDkRNyRcRHo4DI0.json),0,False,False,True,False,⚪ KEEP — DATA / REFERENCE,KEEP
1328,data/rag/ChIJSbtGxVI8DTkR1n3vqBK1m5I.json,DATASET_STORAGE,4200,Data storage or dataset (data/rag/ChIJSbtGxVI8DTkR1n3vqBK1m5I.json),0,False,False,True,False,⚪ KEEP — DATA / REFERENCE,KEEP
1329,data/rag/ChIJsbue63QfDTkRhBwRIuFCTN8.json,DATASET_STORAGE,3011,Data storage or dataset (data/rag/ChIJsbue63QfDTkRhBwRIuFCTN8.json),0,False,False,True,False,⚪ KEEP — DATA / REFERENCE,KEEP
1330,data/rag/ChIJSbvehE48DTkRMs0PN6iblgk.json,DATASET_STORAGE,1742,Data storage or dataset (data/rag/ChIJSbvehE48DTkRMs0PN6iblgk.json),0,False,False,True,False,⚪ KEEP — DATA / REFERENCE,KEEP
1331,data/rag/ChIJScfQWH77DDkRSkN5qnZY4gs.json,DATASET_STORAGE,2602,Data storage or dataset (data/rag/ChIJScfQWH77DDkRSkN5qnZY4gs.json),0,False,False,True,False,⚪ KEEP — DATA / REFERENCE,KEEP
1332,data/rag/ChIJScWYucUGDTkR2nasp1YBYkU.json,DATASET_STORAGE,2384,Data storage or dataset (data/rag/ChIJScWYucUGDTkR2nasp1YBYkU.json),0,False,False,True,False,⚪ KEEP — DATA / REFERENCE,KEEP
1333,data/rag/ChIJSdIsddsbDTkRV8hWeRdlXpg.json,DATASET_STORAGE,1779,Data storage or dataset (data/rag/ChIJSdIsddsbDTkRV8hWeRdlXpg.json),0,False,False,True,False,⚪ KEEP — DATA / REFERENCE,KEEP
1334,data/rag/ChIJSdUxIfqpDTkRb6Y2Nt719Gs.json,DATASET_STORAGE,2095,Data storage or dataset (data/rag/ChIJSdUxIfqpDTkRb6Y2Nt719Gs.json),0,False,False,True,False,⚪ KEEP — DATA / REFERENCE,KEEP
1335,data/rag/ChIJsea-6yc-DTkRx23SJV-zrfo.json,DATASET_STORAGE,1394,Data storage or dataset (data/rag/ChIJsea-6yc-DTkRx23SJV-zrfo.json),0,False,False,True,False,⚪ KEEP — DATA / REFERENCE,KEEP
1336,data/rag/ChIJseEZVyP_DDkRRmC3cXvC9uQ.json,DATASET_STORAGE,1367,Data storage or dataset (data/rag/ChIJseEZVyP_DDkRRmC3cXvC9uQ.json),0,False,False,True,False,⚪ KEEP — DATA / REFERENCE,KEEP
1337,data/rag/ChIJsehXBLEFDTkRRnCG_Agg_HY.json,DATASET_STORAGE,1365,Data storage or dataset (data/rag/ChIJsehXBLEFDTkRRnCG_Agg_HY.json),0,False,False,True,False,⚪ KEEP — DATA / REFERENCE,KEEP
1338,data/rag/ChIJsfgyfjn_DDkR9NEHIHnv5AY.json,DATASET_STORAGE,1305,Data storage or dataset (data/rag/ChIJsfgyfjn_DDkR9NEHIHnv5AY.json),0,False,False,True,False,⚪ KEEP — DATA / REFERENCE,KEEP
1339,data/rag/ChIJSfJXLaADDTkR3n9-HoFizwU.json,DATASET_STORAGE,1889,Data storage or dataset (data/rag/ChIJSfJXLaADDTkR3n9-HoFizwU.json),0,False,False,True,False,⚪ KEEP — DATA / REFERENCE,KEEP
1340,data/rag/ChIJSfTjlIYXDTkRJjVdzF94PSM.json,DATASET_STORAGE,2696,Data storage or dataset (data/rag/ChIJSfTjlIYXDTkRJjVdzF94PSM.json),0,False,False,True,False,⚪ KEEP — DATA / REFERENCE,KEEP
1341,data/rag/ChIJSfZsve4ZDTkR-sn6fGbQcH0.json,DATASET_STORAGE,3555,Data storage or dataset (data/rag/ChIJSfZsve4ZDTkR-sn6fGbQcH0.json),0,False,False,True,False,⚪ KEEP — DATA / REFERENCE,KEEP
1342,data/rag/ChIJSQ2YOw8iDTkRoX6IDTHFSr8.json,DATASET_STORAGE,3945,Data storage or dataset (data/rag/ChIJSQ2YOw8iDTkRoX6IDTHFSr8.json),0,False,False,True,False,⚪ KEEP — DATA / REFERENCE,KEEP
1343,data/rag/ChIJSQVKhP4hDTkR2I0YM9eyqOA.json,DATASET_STORAGE,3241,Data storage or dataset (data/rag/ChIJSQVKhP4hDTkR2I0YM9eyqOA.json),0,False,False,True,False,⚪ KEEP — DATA / REFERENCE,KEEP
1344,data/rag/ChIJsRPVdQ79DDkR_oNDxRA6InE.json,DATASET_STORAGE,2355,Data storage or dataset (data/rag/ChIJsRPVdQ79DDkR_oNDxRA6InE.json),0,False,False,True,False,⚪ KEEP — DATA / REFERENCE,KEEP
1345,data/rag/ChIJSS6OdLcFDTkRIf0z1kCxSfw.json,DATASET_STORAGE,1229,Data storage or dataset (data/rag/ChIJSS6OdLcFDTkRIf0z1kCxSfw.json),0,False,False,True,False,⚪ KEEP — DATA / REFERENCE,KEEP
1346,data/rag/ChIJsTX1574ZDTkRYBEzBecVO8s.json,DATASET_STORAGE,1251,Data storage or dataset (data/rag/ChIJsTX1574ZDTkRYBEzBecVO8s.json),0,False,False,True,False,⚪ KEEP — DATA / REFERENCE,KEEP
1347,data/rag/ChIJSUAGLTjcDDkReJYvgFOryxU.json,DATASET_STORAGE,3247,Data storage or dataset (data/rag/ChIJSUAGLTjcDDkReJYvgFOryxU.json),0,False,False,True,False,⚪ KEEP — DATA / REFERENCE,KEEP
1348,data/rag/ChIJSw2XgVADDTkRqIELwjHJgn8.json,DATASET_STORAGE,2576,Data storage or dataset (data/rag/ChIJSw2XgVADDTkRqIELwjHJgn8.json),0,False,False,True,False,⚪ KEEP — DATA / REFERENCE,KEEP
1349,data/rag/ChIJSW4lHx7lDDkR2uhhO7q7SH8.json,DATASET_STORAGE,2642,Data storage or dataset (data/rag/ChIJSW4lHx7lDDkR2uhhO7q7SH8.json),0,False,False,True,False,⚪ KEEP — DATA / REFERENCE,KEEP
1350,data/rag/ChIJSweSUaznDDkRiDsGkG487WY.json,DATASET_STORAGE,1468,Data storage or dataset (data/rag/ChIJSweSUaznDDkRiDsGkG487WY.json),0,False,False,True,False,⚪ KEEP — DATA / REFERENCE,KEEP
1351,data/rag/ChIJsWZJJEH9DDkRLIvrsH_SoIY.json,DATASET_STORAGE,4031,Data storage or dataset (data/rag/ChIJsWZJJEH9DDkRLIvrsH_SoIY.json),0,False,False,True,False,⚪ KEEP — DATA / REFERENCE,KEEP
1352,data/rag/ChIJSXFOGecZDTkRR7ECThr6qcM.json,DATASET_STORAGE,2862,Data storage or dataset (data/rag/ChIJSXFOGecZDTkRR7ECThr6qcM.json),0,False,False,True,False,⚪ KEEP — DATA / REFERENCE,KEEP
1353,data/rag/ChIJSxK4WHb9DDkRfUCoVOoXhdo.json,DATASET_STORAGE,1108,Data storage or dataset (data/rag/ChIJSxK4WHb9DDkRfUCoVOoXhdo.json),0,False,False,True,False,⚪ KEEP — DATA / REFERENCE,KEEP
1354,data/rag/ChIJSY21bsX9DDkRkp0mg84Qa64.json,DATASET_STORAGE,3054,Data storage or dataset (data/rag/ChIJSY21bsX9DDkRkp0mg84Qa64.json),0,False,False,True,False,⚪ KEEP — DATA / REFERENCE,KEEP
1355,data/rag/ChIJSy2Zdb3nDDkRPu34BuB3FtQ.json,DATASET_STORAGE,935,Data storage or dataset (data/rag/ChIJSy2Zdb3nDDkRPu34BuB3FtQ.json),0,False,False,True,False,⚪ KEEP — DATA / REFERENCE,KEEP
1356,data/rag/ChIJSyEeQxUcDTkRtP518kGmaNs.json,DATASET_STORAGE,4677,Data storage or dataset (data/rag/ChIJSyEeQxUcDTkRtP518kGmaNs.json),0,False,False,True,False,⚪ KEEP — DATA / REFERENCE,KEEP
1357,data/rag/ChIJsYk_4vYfDTkRxhcIXPEuN-8.json,DATASET_STORAGE,951,Data storage or dataset (data/rag/ChIJsYk_4vYfDTkRxhcIXPEuN-8.json),0,False,False,True,False,⚪ KEEP — DATA / REFERENCE,KEEP
1358,data/rag/ChIJSYldhsvkDDkRzAmX8vxgfs0.json,DATASET_STORAGE,3611,Data storage or dataset (data/rag/ChIJSYldhsvkDDkRzAmX8vxgfs0.json),0,False,False,True,False,⚪ KEEP — DATA / REFERENCE,KEEP
1359,data/rag/ChIJsyRMG9PjDDkRu-_yoSGBWiQ.json,DATASET_STORAGE,2408,Data storage or dataset (data/rag/ChIJsyRMG9PjDDkRu-_yoSGBWiQ.json),0,False,False,True,False,⚪ KEEP — DATA / REFERENCE,KEEP
1360,data/rag/ChIJSY_gO7D7DDkRmVyrZwyfxGw.json,DATASET_STORAGE,1900,Data storage or dataset (data/rag/ChIJSY_gO7D7DDkRmVyrZwyfxGw.json),0,False,False,True,False,⚪ KEEP — DATA / REFERENCE,KEEP
1361,data/rag/ChIJSy_yupgCDTkR3sp_8N4urK8.json,DATASET_STORAGE,1974,Data storage or dataset (data/rag/ChIJSy_yupgCDTkR3sp_8N4urK8.json),0,False,False,True,False,⚪ KEEP — DATA / REFERENCE,KEEP
1362,data/rag/ChIJSZffIU3kDDkRuDXcAje-AKo.json,DATASET_STORAGE,3425,Data storage or dataset (data/rag/ChIJSZffIU3kDDkRuDXcAje-AKo.json),0,False,False,True,False,⚪ KEEP — DATA / REFERENCE,KEEP
1363,data/rag/ChIJSzkGUSv7DDkR43AJnSSLgjU.json,DATASET_STORAGE,3646,Data storage or dataset (data/rag/ChIJSzkGUSv7DDkR43AJnSSLgjU.json),0,False,False,True,False,⚪ KEEP — DATA / REFERENCE,KEEP
1364,data/rag/ChIJT-DMdTkZDTkRiN-ft-zozUQ.json,DATASET_STORAGE,1661,Data storage or dataset (data/rag/ChIJT-DMdTkZDTkRiN-ft-zozUQ.json),0,False,False,True,False,⚪ KEEP — DATA / REFERENCE,KEEP
1365,data/rag/ChIJT0kDM8_7DDkRgnPVUAuR6fA.json,DATASET_STORAGE,953,Data storage or dataset (data/rag/ChIJT0kDM8_7DDkRgnPVUAuR6fA.json),0,False,False,True,False,⚪ KEEP — DATA / REFERENCE,KEEP
1366,data/rag/ChIJt1wO0R7kDDkRYdm-4PCgRAs.json,DATASET_STORAGE,2988,Data storage or dataset (data/rag/ChIJt1wO0R7kDDkRYdm-4PCgRAs.json),0,False,False,True,False,⚪ KEEP — DATA / REFERENCE,KEEP
1367,data/rag/ChIJT1_dZwDjDDkRnebfK5pM3Es.json,DATASET_STORAGE,4155,Data storage or dataset (data/rag/ChIJT1_dZwDjDDkRnebfK5pM3Es.json),0,False,False,True,False,⚪ KEEP — DATA / REFERENCE,KEEP
1368,data/rag/ChIJt3KdyTsZDTkRnrRRDF9xwo0.json,DATASET_STORAGE,4012,Data storage or dataset (data/rag/ChIJt3KdyTsZDTkRnrRRDF9xwo0.json),0,False,False,True,False,⚪ KEEP — DATA / REFERENCE,KEEP
1369,data/rag/ChIJt3LeD7_nDDkRPvWAjIqtFk8.json,DATASET_STORAGE,1619,Data storage or dataset (data/rag/ChIJt3LeD7_nDDkRPvWAjIqtFk8.json),0,False,False,True,False,⚪ KEEP — DATA / REFERENCE,KEEP
1370,data/rag/ChIJT4jvxKGrDTkRnzdf-hiY6nU.json,DATASET_STORAGE,1867,Data storage or dataset (data/rag/ChIJT4jvxKGrDTkRnzdf-hiY6nU.json),0,False,False,True,False,⚪ KEEP — DATA / REFERENCE,KEEP
1371,data/rag/ChIJT4ODZAAHDTkR9brqKcecYjw.json,DATASET_STORAGE,1434,Data storage or dataset (data/rag/ChIJT4ODZAAHDTkR9brqKcecYjw.json),0,False,False,True,False,⚪ KEEP — DATA / REFERENCE,KEEP
1372,data/rag/ChIJt4qyPQAfDTkRBMvujBJs42E.json,DATASET_STORAGE,2493,Data storage or dataset (data/rag/ChIJt4qyPQAfDTkRBMvujBJs42E.json),0,False,False,True,False,⚪ KEEP — DATA / REFERENCE,KEEP
1373,data/rag/ChIJt5NINK-rDTkR6hsYRxJory0.json,DATASET_STORAGE,2112,Data storage or dataset (data/rag/ChIJt5NINK-rDTkR6hsYRxJory0.json),0,False,False,True,False,⚪ KEEP — DATA / REFERENCE,KEEP
1374,data/rag/ChIJT6HNpJQZDTkRGu2XPHz05z8.json,DATASET_STORAGE,1218,Data storage or dataset (data/rag/ChIJT6HNpJQZDTkRGu2XPHz05z8.json),0,False,False,True,False,⚪ KEEP — DATA / REFERENCE,KEEP
1375,data/rag/ChIJt7mqyyUeDTkRsB0jEaRI9cY.json,DATASET_STORAGE,948,Data storage or dataset (data/rag/ChIJt7mqyyUeDTkRsB0jEaRI9cY.json),0,False,False,True,False,⚪ KEEP — DATA / REFERENCE,KEEP
1376,data/rag/ChIJt7Z0krEVDTkRQK6XaPH4h6I.json,DATASET_STORAGE,4399,Data storage or dataset (data/rag/ChIJt7Z0krEVDTkRQK6XaPH4h6I.json),0,False,False,True,False,⚪ KEEP — DATA / REFERENCE,KEEP
1377,data/rag/ChIJt8hDrN_7DDkR4A_kFDaUU4Y.json,DATASET_STORAGE,2671,Data storage or dataset (data/rag/ChIJt8hDrN_7DDkR4A_kFDaUU4Y.json),0,False,False,True,False,⚪ KEEP — DATA / REFERENCE,KEEP
1378,data/rag/ChIJT8kShEAZDTkRl2U1GRhAYN8.json,DATASET_STORAGE,2595,Data storage or dataset (data/rag/ChIJT8kShEAZDTkRl2U1GRhAYN8.json),0,False,False,True,False,⚪ KEEP — DATA / REFERENCE,KEEP
1379,data/rag/ChIJT9rE5V_9DDkRMhhHsDLqGkY.json,DATASET_STORAGE,4459,Data storage or dataset (data/rag/ChIJT9rE5V_9DDkRMhhHsDLqGkY.json),0,False,False,True,False,⚪ KEEP — DATA / REFERENCE,KEEP
1380,data/rag/ChIJtaHuZ1AZDTkRyrznyfcQis8.json,DATASET_STORAGE,2137,Data storage or dataset (data/rag/ChIJtaHuZ1AZDTkRyrznyfcQis8.json),0,False,False,True,False,⚪ KEEP — DATA / REFERENCE,KEEP
1381,data/rag/ChIJtaq-A5zjDDkRhbzhTkwimYg.json,DATASET_STORAGE,2641,Data storage or dataset (data/rag/ChIJtaq-A5zjDDkRhbzhTkwimYg.json),0,False,False,True,False,⚪ KEEP — DATA / REFERENCE,KEEP
1382,data/rag/ChIJTcaicyDjDDkRriIeJG6QFM8.json,DATASET_STORAGE,2918,Data storage or dataset (data/rag/ChIJTcaicyDjDDkRriIeJG6QFM8.json),0,False,False,True,False,⚪ KEEP — DATA / REFERENCE,KEEP
1383,data/rag/ChIJTcnx04QbDTkRo45mfpW2-bg.json,DATASET_STORAGE,4107,Data storage or dataset (data/rag/ChIJTcnx04QbDTkRo45mfpW2-bg.json),0,False,False,True,False,⚪ KEEP — DATA / REFERENCE,KEEP
1384,data/rag/ChIJtdwaGPMYDTkRQK0oAP05IEI.json,DATASET_STORAGE,2294,Data storage or dataset (data/rag/ChIJtdwaGPMYDTkRQK0oAP05IEI.json),0,False,False,True,False,⚪ KEEP — DATA / REFERENCE,KEEP
1385,data/rag/ChIJteDOQaoDDTkR671xxVVa6Dc.json,DATASET_STORAGE,2241,Data storage or dataset (data/rag/ChIJteDOQaoDDTkR671xxVVa6Dc.json),0,False,False,True,False,⚪ KEEP — DATA / REFERENCE,KEEP
1386,data/rag/ChIJTeJUmFIeDTkRFeI22keK9so.json,DATASET_STORAGE,2007,Data storage or dataset (data/rag/ChIJTeJUmFIeDTkRFeI22keK9so.json),0,False,False,True,False,⚪ KEEP — DATA / REFERENCE,KEEP
1387,data/rag/ChIJTelod2r9DDkRNcR4Skjiyg4.json,DATASET_STORAGE,1854,Data storage or dataset (data/rag/ChIJTelod2r9DDkRNcR4Skjiyg4.json),0,False,False,True,False,⚪ KEEP — DATA / REFERENCE,KEEP
1388,data/rag/ChIJtf6bT0X_DDkRyAZLrwRyr58.json,DATASET_STORAGE,1782,Data storage or dataset (data/rag/ChIJtf6bT0X_DDkRyAZLrwRyr58.json),0,False,False,True,False,⚪ KEEP — DATA / REFERENCE,KEEP
1389,data/rag/ChIJTfkiOAcFDTkRL9cLd2gw-Fw.json,DATASET_STORAGE,1251,Data storage or dataset (data/rag/ChIJTfkiOAcFDTkRL9cLd2gw-Fw.json),0,False,False,True,False,⚪ KEEP — DATA / REFERENCE,KEEP
1390,data/rag/ChIJtfVFi38ADTkRXdDWAReIZ2o.json,DATASET_STORAGE,2880,Data storage or dataset (data/rag/ChIJtfVFi38ADTkRXdDWAReIZ2o.json),0,False,False,True,False,⚪ KEEP — DATA / REFERENCE,KEEP
1391,data/rag/ChIJTQ2erOLdDDkRB_-qK1Sz1Ek.json,DATASET_STORAGE,2746,Data storage or dataset (data/rag/ChIJTQ2erOLdDDkRB_-qK1Sz1Ek.json),0,False,False,True,False,⚪ KEEP — DATA / REFERENCE,KEEP
1392,data/rag/ChIJtQK8YgDlDDkR2GhqfmSyzwE.json,DATASET_STORAGE,2340,Data storage or dataset (data/rag/ChIJtQK8YgDlDDkR2GhqfmSyzwE.json),0,False,False,True,False,⚪ KEEP — DATA / REFERENCE,KEEP
1393,data/rag/ChIJtQuDZvIZDTkRoGzaPPVdMss.json,DATASET_STORAGE,2243,Data storage or dataset (data/rag/ChIJtQuDZvIZDTkRoGzaPPVdMss.json),0,False,False,True,False,⚪ KEEP — DATA / REFERENCE,KEEP
1394,data/rag/ChIJtQyatR79DDkR7JSqzaRjKzM.json,DATASET_STORAGE,1651,Data storage or dataset (data/rag/ChIJtQyatR79DDkR7JSqzaRjKzM.json),0,False,False,True,False,⚪ KEEP — DATA / REFERENCE,KEEP
1395,data/rag/ChIJtR4NW0jcDDkRUETZGgY6mIY.json,DATASET_STORAGE,4499,Data storage or dataset (data/rag/ChIJtR4NW0jcDDkRUETZGgY6mIY.json),0,False,False,True,False,⚪ KEEP — DATA / REFERENCE,KEEP
1396,data/rag/ChIJtR6Xc-8HDTkRAo-EkgV3FkA.json,DATASET_STORAGE,3057,Data storage or dataset (data/rag/ChIJtR6Xc-8HDTkRAo-EkgV3FkA.json),0,False,False,True,False,⚪ KEEP — DATA / REFERENCE,KEEP
1397,data/rag/ChIJtRHB2kD9DDkRUY0APHYy8cI.json,DATASET_STORAGE,3480,Data storage or dataset (data/rag/ChIJtRHB2kD9DDkRUY0APHYy8cI.json),0,False,False,True,False,⚪ KEEP — DATA / REFERENCE,KEEP
1398,data/rag/ChIJtRsd1IMjDTkRhi5TIH7xu98.json,DATASET_STORAGE,2368,Data storage or dataset (data/rag/ChIJtRsd1IMjDTkRhi5TIH7xu98.json),0,False,False,True,False,⚪ KEEP — DATA / REFERENCE,KEEP
1399,data/rag/ChIJtSaw3HP9DDkR67XUWkcGF0k.json,DATASET_STORAGE,3872,Data storage or dataset (data/rag/ChIJtSaw3HP9DDkR67XUWkcGF0k.json),0,False,False,True,False,⚪ KEEP — DATA / REFERENCE,KEEP
1400,data/rag/ChIJtSU-60fhDDkRIFpzjZOFQ-o.json,DATASET_STORAGE,2384,Data storage or dataset (data/rag/ChIJtSU-60fhDDkRIFpzjZOFQ-o.json),0,False,False,True,False,⚪ KEEP — DATA / REFERENCE,KEEP
1401,data/rag/ChIJTSw1U9UXDTkRPNDA5dxjbTw.json,DATASET_STORAGE,5237,Data storage or dataset (data/rag/ChIJTSw1U9UXDTkRPNDA5dxjbTw.json),0,False,False,True,False,⚪ KEEP — DATA / REFERENCE,KEEP
1402,data/rag/ChIJTSydK80ODTkRjEXXevFZBSU.json,DATASET_STORAGE,1354,Data storage or dataset (data/rag/ChIJTSydK80ODTkRjEXXevFZBSU.json),0,False,False,True,False,⚪ KEEP — DATA / REFERENCE,KEEP
1403,data/rag/ChIJtTHggW4YDTkRq1i72xHmz6E.json,DATASET_STORAGE,1655,Data storage or dataset (data/rag/ChIJtTHggW4YDTkRq1i72xHmz6E.json),0,False,False,True,False,⚪ KEEP — DATA / REFERENCE,KEEP
1404,data/rag/ChIJTUFs_sgPDTkRRTNBP_KT_dg.json,DATASET_STORAGE,1215,Data storage or dataset (data/rag/ChIJTUFs_sgPDTkRRTNBP_KT_dg.json),0,False,False,True,False,⚪ KEEP — DATA / REFERENCE,KEEP
1405,data/rag/ChIJTUJpHx3iDDkRYzj9vx7KJRE.json,DATASET_STORAGE,2695,Data storage or dataset (data/rag/ChIJTUJpHx3iDDkRYzj9vx7KJRE.json),0,False,False,True,False,⚪ KEEP — DATA / REFERENCE,KEEP
1406,data/rag/ChIJTUvWM5MYDTkR3hEIs_noaC8.json,DATASET_STORAGE,3429,Data storage or dataset (data/rag/ChIJTUvWM5MYDTkR3hEIs_noaC8.json),0,False,False,True,False,⚪ KEEP — DATA / REFERENCE,KEEP
1407,data/rag/ChIJTW2J7Yv7DDkRoaEMVYMmb-0.json,DATASET_STORAGE,2348,Data storage or dataset (data/rag/ChIJTW2J7Yv7DDkRoaEMVYMmb-0.json),0,False,False,True,False,⚪ KEEP — DATA / REFERENCE,KEEP
1408,data/rag/ChIJtwsPvxsXDTkRbnLWQkgcsoU.json,DATASET_STORAGE,3377,Data storage or dataset (data/rag/ChIJtwsPvxsXDTkRbnLWQkgcsoU.json),0,False,False,True,False,⚪ KEEP — DATA / REFERENCE,KEEP
1409,data/rag/ChIJTWxjE0z9DDkRWK-rr0q_d7w.json,DATASET_STORAGE,2697,Data storage or dataset (data/rag/ChIJTWxjE0z9DDkRWK-rr0q_d7w.json),0,False,False,True,False,⚪ KEEP — DATA / REFERENCE,KEEP
1410,data/rag/ChIJtX7UPNYBDTkR6aBBviY-pB4.json,DATASET_STORAGE,3322,Data storage or dataset (data/rag/ChIJtX7UPNYBDTkR6aBBviY-pB4.json),0,False,False,True,False,⚪ KEEP — DATA / REFERENCE,KEEP
1411,data/rag/ChIJtxG-LJkCDTkRg84qf1td3qg.json,DATASET_STORAGE,3455,Data storage or dataset (data/rag/ChIJtxG-LJkCDTkRg84qf1td3qg.json),0,False,False,True,False,⚪ KEEP — DATA / REFERENCE,KEEP
1412,data/rag/ChIJTXTyo_f9DDkRj2PdyIQw41c.json,DATASET_STORAGE,995,Data storage or dataset (data/rag/ChIJTXTyo_f9DDkRj2PdyIQw41c.json),0,False,False,True,False,⚪ KEEP — DATA / REFERENCE,KEEP
1413,data/rag/ChIJTxZARVUZDTkRpaG7WjvgWiI.json,DATASET_STORAGE,2438,Data storage or dataset (data/rag/ChIJTxZARVUZDTkRpaG7WjvgWiI.json),0,False,False,True,False,⚪ KEEP — DATA / REFERENCE,KEEP
1414,data/rag/ChIJTYaPJtkdDTkRueyL3cN2yXA.json,DATASET_STORAGE,4573,Data storage or dataset (data/rag/ChIJTYaPJtkdDTkRueyL3cN2yXA.json),0,False,False,True,False,⚪ KEEP — DATA / REFERENCE,KEEP
1415,data/rag/ChIJtYbaLgD7DDkRnGLGPEVaYt0.json,DATASET_STORAGE,2267,Data storage or dataset (data/rag/ChIJtYbaLgD7DDkRnGLGPEVaYt0.json),0,False,False,True,False,⚪ KEEP — DATA / REFERENCE,KEEP
1416,data/rag/ChIJTyIAIiXjDDkR2cdGhralCKc.json,DATASET_STORAGE,2825,Data storage or dataset (data/rag/ChIJTyIAIiXjDDkR2cdGhralCKc.json),0,False,False,True,False,⚪ KEEP — DATA / REFERENCE,KEEP
1417,data/rag/ChIJtYj0-CfdDDkRAGrPizQfakk.json,DATASET_STORAGE,2952,Data storage or dataset (data/rag/ChIJtYj0-CfdDDkRAGrPizQfakk.json),0,False,False,True,False,⚪ KEEP — DATA / REFERENCE,KEEP
1418,data/rag/ChIJTyMFBar8DDkRR_cmTPi5jkw.json,DATASET_STORAGE,2814,Data storage or dataset (data/rag/ChIJTyMFBar8DDkRR_cmTPi5jkw.json),0,False,False,True,False,⚪ KEEP — DATA / REFERENCE,KEEP
1419,data/rag/ChIJtYXzFm4BDTkRW6GmXG4mNII.json,DATASET_STORAGE,1250,Data storage or dataset (data/rag/ChIJtYXzFm4BDTkRW6GmXG4mNII.json),0,False,False,True,False,⚪ KEEP — DATA / REFERENCE,KEEP
1420,data/rag/ChIJtzflUNEhDTkRCosTp3T0fO8.json,DATASET_STORAGE,6436,Data storage or dataset (data/rag/ChIJtzflUNEhDTkRCosTp3T0fO8.json),0,False,False,True,False,⚪ KEEP — DATA / REFERENCE,KEEP
1421,data/rag/ChIJTZiw9_P9DDkRCKU-wU7cgV8.json,DATASET_STORAGE,1319,Data storage or dataset (data/rag/ChIJTZiw9_P9DDkRCKU-wU7cgV8.json),0,False,False,True,False,⚪ KEEP — DATA / REFERENCE,KEEP
1422,data/rag/ChIJtzqgI2U-DTkRsyjuU_lRS18.json,DATASET_STORAGE,2705,Data storage or dataset (data/rag/ChIJtzqgI2U-DTkRsyjuU_lRS18.json),0,False,False,True,False,⚪ KEEP — DATA / REFERENCE,KEEP
1423,data/rag/ChIJtzXjyKv8DDkRasu5QY9A85k.json,DATASET_STORAGE,2463,Data storage or dataset (data/rag/ChIJtzXjyKv8DDkRasu5QY9A85k.json),0,False,False,True,False,⚪ KEEP — DATA / REFERENCE,KEEP
1424,data/rag/ChIJTZYJvY8BDTkRMqD9vfIeu3I.json,DATASET_STORAGE,2921,Data storage or dataset (data/rag/ChIJTZYJvY8BDTkRMqD9vfIeu3I.json),0,False,False,True,False,⚪ KEEP — DATA / REFERENCE,KEEP
1425,data/rag/ChIJu-834kAZDTkR5lRXhrM4Sm4.json,DATASET_STORAGE,4717,Data storage or dataset (data/rag/ChIJu-834kAZDTkR5lRXhrM4Sm4.json),0,False,False,True,False,⚪ KEEP — DATA / REFERENCE,KEEP
1426,data/rag/ChIJu-J1KIL9DDkRr5qeJBYa8PM.json,DATASET_STORAGE,1705,Data storage or dataset (data/rag/ChIJu-J1KIL9DDkRr5qeJBYa8PM.json),0,False,False,True,False,⚪ KEEP — DATA / REFERENCE,KEEP
1427,data/rag/ChIJu1A7MTIdDTkRPwUWrLom8yw.json,DATASET_STORAGE,3370,Data storage or dataset (data/rag/ChIJu1A7MTIdDTkRPwUWrLom8yw.json),0,False,False,True,False,⚪ KEEP — DATA / REFERENCE,KEEP
1428,data/rag/ChIJU1FwGXDeDDkRzzTKRRRe3EY.json,DATASET_STORAGE,940,Data storage or dataset (data/rag/ChIJU1FwGXDeDDkRzzTKRRRe3EY.json),0,False,False,True,False,⚪ KEEP — DATA / REFERENCE,KEEP
1429,data/rag/ChIJu20mEizdDDkRR9N1osWYkaM.json,DATASET_STORAGE,6478,Data storage or dataset (data/rag/ChIJu20mEizdDDkRR9N1osWYkaM.json),0,False,False,True,False,⚪ KEEP — DATA / REFERENCE,KEEP
1430,data/rag/ChIJu2YFVjb9DDkR0KTtXpZwXtA.json,DATASET_STORAGE,3354,Data storage or dataset (data/rag/ChIJu2YFVjb9DDkR0KTtXpZwXtA.json),0,False,False,True,False,⚪ KEEP — DATA / REFERENCE,KEEP
1431,data/rag/ChIJu32QGTP_DDkRokwZ4k-ZmZ8.json,DATASET_STORAGE,2074,Data storage or dataset (data/rag/ChIJu32QGTP_DDkRokwZ4k-ZmZ8.json),0,False,False,True,False,⚪ KEEP — DATA / REFERENCE,KEEP
1432,data/rag/ChIJU3oKZUD9DDkRkIDqiY8COb0.json,DATASET_STORAGE,3058,Data storage or dataset (data/rag/ChIJU3oKZUD9DDkRkIDqiY8COb0.json),0,False,False,True,False,⚪ KEEP — DATA / REFERENCE,KEEP
1433,data/rag/ChIJu3tzx0EHDTkRNcc5Qf8-vLI.json,DATASET_STORAGE,940,Data storage or dataset (data/rag/ChIJu3tzx0EHDTkRNcc5Qf8-vLI.json),0,False,False,True,False,⚪ KEEP — DATA / REFERENCE,KEEP
1434,data/rag/ChIJU5k0fwAZDTkRO_rImIrqbtA.json,DATASET_STORAGE,2952,Data storage or dataset (data/rag/ChIJU5k0fwAZDTkRO_rImIrqbtA.json),0,False,False,True,False,⚪ KEEP — DATA / REFERENCE,KEEP
1435,data/rag/ChIJU5ZfTy3nDDkREzNyq06aZjA.json,DATASET_STORAGE,1798,Data storage or dataset (data/rag/ChIJU5ZfTy3nDDkREzNyq06aZjA.json),0,False,False,True,False,⚪ KEEP — DATA / REFERENCE,KEEP
1436,data/rag/ChIJU6eIyfUXDTkRunuHeTS9MaA.json,DATASET_STORAGE,3651,Data storage or dataset (data/rag/ChIJU6eIyfUXDTkRunuHeTS9MaA.json),0,False,False,True,False,⚪ KEEP — DATA / REFERENCE,KEEP
1437,data/rag/ChIJu85bG-QVDTkRHw-yR_kKZU4.json,DATASET_STORAGE,1163,Data storage or dataset (data/rag/ChIJu85bG-QVDTkRHw-yR_kKZU4.json),0,False,False,True,False,⚪ KEEP — DATA / REFERENCE,KEEP
1438,data/rag/ChIJu8LlD5oGDTkRwBIgoNVPNuU.json,DATASET_STORAGE,1881,Data storage or dataset (data/rag/ChIJu8LlD5oGDTkRwBIgoNVPNuU.json),0,False,False,True,False,⚪ KEEP — DATA / REFERENCE,KEEP
1439,data/rag/ChIJu9d5CfDjDDkRCegi4jcwD24.json,DATASET_STORAGE,3036,Data storage or dataset (data/rag/ChIJu9d5CfDjDDkRCegi4jcwD24.json),0,False,False,True,False,⚪ KEEP — DATA / REFERENCE,KEEP
1440,data/rag/ChIJUa9kJyUZDTkRCLz0DgmLSlY.json,DATASET_STORAGE,2474,Data storage or dataset (data/rag/ChIJUa9kJyUZDTkRCLz0DgmLSlY.json),0,False,False,True,False,⚪ KEEP — DATA / REFERENCE,KEEP
1441,data/rag/ChIJUaBSPtUFDTkRyZQihsgC1wU.json,DATASET_STORAGE,2750,Data storage or dataset (data/rag/ChIJUaBSPtUFDTkRyZQihsgC1wU.json),0,False,False,True,False,⚪ KEEP — DATA / REFERENCE,KEEP
1442,data/rag/ChIJUc57VzMHDTkRg3Uh88w6Gbk.json,DATASET_STORAGE,1693,Data storage or dataset (data/rag/ChIJUc57VzMHDTkRg3Uh88w6Gbk.json),0,False,False,True,False,⚪ KEEP — DATA / REFERENCE,KEEP
1443,data/rag/ChIJudcH0C8dDTkRk6QLFST8EMs.json,DATASET_STORAGE,3654,Data storage or dataset (data/rag/ChIJudcH0C8dDTkRk6QLFST8EMs.json),0,False,False,True,False,⚪ KEEP — DATA / REFERENCE,KEEP
1444,data/rag/ChIJUdP3Rpb7DDkRtlGlfq_41wA.json,DATASET_STORAGE,3006,Data storage or dataset (data/rag/ChIJUdP3Rpb7DDkRtlGlfq_41wA.json),0,False,False,True,False,⚪ KEEP — DATA / REFERENCE,KEEP
1445,data/rag/ChIJUdsPbuIdDTkRqpgi2i7xKkI.json,DATASET_STORAGE,3009,Data storage or dataset (data/rag/ChIJUdsPbuIdDTkRqpgi2i7xKkI.json),0,False,False,True,False,⚪ KEEP — DATA / REFERENCE,KEEP
1446,data/rag/ChIJUe6L_IT7DDkRZIuJu1OTSfA.json,DATASET_STORAGE,4463,Data storage or dataset (data/rag/ChIJUe6L_IT7DDkRZIuJu1OTSfA.json),0,False,False,True,False,⚪ KEEP — DATA / REFERENCE,KEEP
1447,data/rag/ChIJuf3nLdQODTkRvjBZOc2vxzc.json,DATASET_STORAGE,1274,Data storage or dataset (data/rag/ChIJuf3nLdQODTkRvjBZOc2vxzc.json),0,False,False,True,False,⚪ KEEP — DATA / REFERENCE,KEEP
1448,data/rag/ChIJufECNbAfDTkRsAyk2MG1b1w.json,DATASET_STORAGE,1422,Data storage or dataset (data/rag/ChIJufECNbAfDTkRsAyk2MG1b1w.json),0,False,False,True,False,⚪ KEEP — DATA / REFERENCE,KEEP
1449,data/rag/ChIJUQ3mbVndDDkRlkR4HMW7AVA.json,DATASET_STORAGE,2122,Data storage or dataset (data/rag/ChIJUQ3mbVndDDkRlkR4HMW7AVA.json),0,False,False,True,False,⚪ KEEP — DATA / REFERENCE,KEEP
1450,data/rag/ChIJUQAAACQCDTkROgV0toDmdlM.json,DATASET_STORAGE,2493,Data storage or dataset (data/rag/ChIJUQAAACQCDTkROgV0toDmdlM.json),0,False,False,True,False,⚪ KEEP — DATA / REFERENCE,KEEP
1451,data/rag/ChIJUQbQB0L9DDkR4kMbtnRzQps.json,DATASET_STORAGE,5420,Data storage or dataset (data/rag/ChIJUQbQB0L9DDkR4kMbtnRzQps.json),0,False,False,True,False,⚪ KEEP — DATA / REFERENCE,KEEP
1452,data/rag/ChIJuQOV4UP9DDkR_zW0AORu0Os.json,DATASET_STORAGE,2626,Data storage or dataset (data/rag/ChIJuQOV4UP9DDkR_zW0AORu0Os.json),0,False,False,True,False,⚪ KEEP — DATA / REFERENCE,KEEP
1453,data/rag/ChIJUQXBdgXdDDkRanjpvTLK7f0.json,DATASET_STORAGE,1282,Data storage or dataset (data/rag/ChIJUQXBdgXdDDkRanjpvTLK7f0.json),0,False,False,True,False,⚪ KEEP — DATA / REFERENCE,KEEP
1454,data/rag/ChIJuS9QqWoHDTkRK828ZAauYDE.json,DATASET_STORAGE,1659,Data storage or dataset (data/rag/ChIJuS9QqWoHDTkRK828ZAauYDE.json),0,False,False,True,False,⚪ KEEP — DATA / REFERENCE,KEEP
1455,data/rag/ChIJuU4UWSEFDTkR_sveAJgD2-g.json,DATASET_STORAGE,1003,Data storage or dataset (data/rag/ChIJuU4UWSEFDTkR_sveAJgD2-g.json),0,False,False,True,False,⚪ KEEP — DATA / REFERENCE,KEEP
1456,data/rag/ChIJUVEwtnIfDTkRUKif-DLwqfg.json,DATASET_STORAGE,2960,Data storage or dataset (data/rag/ChIJUVEwtnIfDTkRUKif-DLwqfg.json),0,False,False,True,False,⚪ KEEP — DATA / REFERENCE,KEEP
1457,data/rag/ChIJuVkOINPjDDkR4FBr49a3Org.json,DATASET_STORAGE,3825,Data storage or dataset (data/rag/ChIJuVkOINPjDDkR4FBr49a3Org.json),0,False,False,True,False,⚪ KEEP — DATA / REFERENCE,KEEP
1458,data/rag/ChIJUW2yCxEZDTkRJV_Mf597aw8.json,DATASET_STORAGE,1957,Data storage or dataset (data/rag/ChIJUW2yCxEZDTkRJV_Mf597aw8.json),0,False,False,True,False,⚪ KEEP — DATA / REFERENCE,KEEP
1459,data/rag/ChIJuWdhYEQcDTkRSaDfih8YwjA.json,DATASET_STORAGE,3222,Data storage or dataset (data/rag/ChIJuWdhYEQcDTkRSaDfih8YwjA.json),0,False,False,True,False,⚪ KEEP — DATA / REFERENCE,KEEP
1460,data/rag/ChIJuwDMPGMZDTkRwLNEZhvujiY.json,DATASET_STORAGE,3221,Data storage or dataset (data/rag/ChIJuwDMPGMZDTkRwLNEZhvujiY.json),0,False,False,True,False,⚪ KEEP — DATA / REFERENCE,KEEP
1461,data/rag/ChIJuWJbafgdDTkRgrD6U1ZCKtc.json,DATASET_STORAGE,3858,Data storage or dataset (data/rag/ChIJuWJbafgdDTkRgrD6U1ZCKtc.json),0,False,False,True,False,⚪ KEEP — DATA / REFERENCE,KEEP
1462,data/rag/ChIJuwnUayoBDTkR7f2EijQM9g8.json,DATASET_STORAGE,2619,Data storage or dataset (data/rag/ChIJuwnUayoBDTkR7f2EijQM9g8.json),0,False,False,True,False,⚪ KEEP — DATA / REFERENCE,KEEP
1463,data/rag/ChIJuWuDHAA9DTkRJKgWuC2hdIE.json,DATASET_STORAGE,1624,Data storage or dataset (data/rag/ChIJuWuDHAA9DTkRJKgWuC2hdIE.json),0,False,False,True,False,⚪ KEEP — DATA / REFERENCE,KEEP
1464,data/rag/ChIJUx74utsZDTkRjuDrM8CnZM0.json,DATASET_STORAGE,2724,Data storage or dataset (data/rag/ChIJUx74utsZDTkRjuDrM8CnZM0.json),0,False,False,True,False,⚪ KEEP — DATA / REFERENCE,KEEP
1465,data/rag/ChIJUXcJCEEcDTkRoT8BaaFhuUI.json,DATASET_STORAGE,2266,Data storage or dataset (data/rag/ChIJUXcJCEEcDTkRoT8BaaFhuUI.json),0,False,False,True,False,⚪ KEEP — DATA / REFERENCE,KEEP
1466,data/rag/ChIJUXEBCwAbDTkReAT2lErQcEA.json,DATASET_STORAGE,1446,Data storage or dataset (data/rag/ChIJUXEBCwAbDTkReAT2lErQcEA.json),0,False,False,True,False,⚪ KEEP — DATA / REFERENCE,KEEP
1467,data/rag/ChIJuXhKZJPjDDkRWaj_AQQKWGk.json,DATASET_STORAGE,5295,Data storage or dataset (data/rag/ChIJuXhKZJPjDDkRWaj_AQQKWGk.json),0,False,False,True,False,⚪ KEEP — DATA / REFERENCE,KEEP
1468,data/rag/ChIJuXLbfLffDDkRxy1PB4zL1WA.json,DATASET_STORAGE,2534,Data storage or dataset (data/rag/ChIJuXLbfLffDDkRxy1PB4zL1WA.json),0,False,False,True,False,⚪ KEEP — DATA / REFERENCE,KEEP
1469,data/rag/ChIJUXQfIkD9DDkRcVucp8aFAD8.json,DATASET_STORAGE,2139,Data storage or dataset (data/rag/ChIJUXQfIkD9DDkRcVucp8aFAD8.json),0,False,False,True,False,⚪ KEEP — DATA / REFERENCE,KEEP
1470,data/rag/ChIJuXSu2CbhDDkR2BjuXI2YDLU.json,DATASET_STORAGE,1364,Data storage or dataset (data/rag/ChIJuXSu2CbhDDkR2BjuXI2YDLU.json),0,False,False,True,False,⚪ KEEP — DATA / REFERENCE,KEEP
1471,data/rag/ChIJUxuFTVgFDTkR-tVbVFQAC58.json,DATASET_STORAGE,1054,Data storage or dataset (data/rag/ChIJUxuFTVgFDTkR-tVbVFQAC58.json),0,False,False,True,False,⚪ KEEP — DATA / REFERENCE,KEEP
1472,data/rag/ChIJUXyGwzsBDTkRpCTgSan0Boc.json,DATASET_STORAGE,1281,Data storage or dataset (data/rag/ChIJUXyGwzsBDTkRpCTgSan0Boc.json),0,False,False,True,False,⚪ KEEP — DATA / REFERENCE,KEEP
1473,data/rag/ChIJUy66hJ79DDkRvKr2xkN1Cms.json,DATASET_STORAGE,3770,Data storage or dataset (data/rag/ChIJUy66hJ79DDkRvKr2xkN1Cms.json),0,False,False,True,False,⚪ KEEP — DATA / REFERENCE,KEEP
1474,data/rag/ChIJuYjlFNPjDDkRq-G603kqdxU.json,DATASET_STORAGE,4750,Data storage or dataset (data/rag/ChIJuYjlFNPjDDkRq-G603kqdxU.json),0,False,False,True,False,⚪ KEEP — DATA / REFERENCE,KEEP
1475,data/rag/ChIJuYL0zDb7DDkRznsMPPI-ZsM.json,DATASET_STORAGE,1228,Data storage or dataset (data/rag/ChIJuYL0zDb7DDkRznsMPPI-ZsM.json),0,False,False,True,False,⚪ KEEP — DATA / REFERENCE,KEEP
1476,data/rag/ChIJuZcQSHoYDTkR8OykqL6oCRA.json,DATASET_STORAGE,2842,Data storage or dataset (data/rag/ChIJuZcQSHoYDTkR8OykqL6oCRA.json),0,False,False,True,False,⚪ KEEP — DATA / REFERENCE,KEEP
1477,data/rag/ChIJuzFfhHP9DDkRoWxD6RIlgzY.json,DATASET_STORAGE,1460,Data storage or dataset (data/rag/ChIJuzFfhHP9DDkRoWxD6RIlgzY.json),0,False,False,True,False,⚪ KEEP — DATA / REFERENCE,KEEP
1478,data/rag/ChIJU_13687dDDkRfu5EYp6gax4.json,DATASET_STORAGE,2302,Data storage or dataset (data/rag/ChIJU_13687dDDkRfu5EYp6gax4.json),0,False,False,True,False,⚪ KEEP — DATA / REFERENCE,KEEP
1479,data/rag/ChIJv1JvttIYDTkR6QQG8Hbu9Io.json,DATASET_STORAGE,3216,Data storage or dataset (data/rag/ChIJv1JvttIYDTkR6QQG8Hbu9Io.json),0,False,False,True,False,⚪ KEEP — DATA / REFERENCE,KEEP
1480,data/rag/ChIJv1PxxrsFDTkRYvU1JXgaRds.json,DATASET_STORAGE,2588,Data storage or dataset (data/rag/ChIJv1PxxrsFDTkRYvU1JXgaRds.json),0,False,False,True,False,⚪ KEEP — DATA / REFERENCE,KEEP
1481,data/rag/ChIJv3LFrLbjDDkRcD6s3AqKMl8.json,DATASET_STORAGE,2310,Data storage or dataset (data/rag/ChIJv3LFrLbjDDkRcD6s3AqKMl8.json),0,False,False,True,False,⚪ KEEP — DATA / REFERENCE,KEEP
1482,data/rag/ChIJV4_uqVXdDDkRhSjJem1l21I.json,DATASET_STORAGE,2926,Data storage or dataset (data/rag/ChIJV4_uqVXdDDkRhSjJem1l21I.json),0,False,False,True,False,⚪ KEEP — DATA / REFERENCE,KEEP
1483,data/rag/ChIJV5-5zT8ZDTkRZVbc0L1G0SU.json,DATASET_STORAGE,3514,Data storage or dataset (data/rag/ChIJV5-5zT8ZDTkRZVbc0L1G0SU.json),0,False,False,True,False,⚪ KEEP — DATA / REFERENCE,KEEP
1484,data/rag/ChIJv5eWZj3jDDkR_tI3DXrwG3M.json,DATASET_STORAGE,2315,Data storage or dataset (data/rag/ChIJv5eWZj3jDDkR_tI3DXrwG3M.json),0,False,False,True,False,⚪ KEEP — DATA / REFERENCE,KEEP
1485,data/rag/ChIJV5m_Ty8dDTkRyHJJlJvPEAk.json,DATASET_STORAGE,2902,Data storage or dataset (data/rag/ChIJV5m_Ty8dDTkRyHJJlJvPEAk.json),0,False,False,True,False,⚪ KEEP — DATA / REFERENCE,KEEP
1486,data/rag/ChIJV74mnnepDTkRmASnP8cOCy4.json,DATASET_STORAGE,1287,Data storage or dataset (data/rag/ChIJV74mnnepDTkRmASnP8cOCy4.json),0,False,False,True,False,⚪ KEEP — DATA / REFERENCE,KEEP
1487,data/rag/ChIJv7HZjfwHDTkRsAY2J5m3BfQ.json,DATASET_STORAGE,2758,Data storage or dataset (data/rag/ChIJv7HZjfwHDTkRsAY2J5m3BfQ.json),0,False,False,True,False,⚪ KEEP — DATA / REFERENCE,KEEP
1488,data/rag/ChIJv95cHRgZDTkRuOlyYk0-h9g.json,DATASET_STORAGE,1803,Data storage or dataset (data/rag/ChIJv95cHRgZDTkRuOlyYk0-h9g.json),0,False,False,True,False,⚪ KEEP — DATA / REFERENCE,KEEP
1489,data/rag/ChIJv9Wh8n8BDTkRiFIlyqavyjg.json,DATASET_STORAGE,2074,Data storage or dataset (data/rag/ChIJv9Wh8n8BDTkRiFIlyqavyjg.json),0,False,False,True,False,⚪ KEEP — DATA / REFERENCE,KEEP
1490,data/rag/ChIJvaDLwhAbDTkR_36PfbUB4-0.json,DATASET_STORAGE,4870,Data storage or dataset (data/rag/ChIJvaDLwhAbDTkR_36PfbUB4-0.json),0,False,False,True,False,⚪ KEEP — DATA / REFERENCE,KEEP
1491,data/rag/ChIJVb3KwfkBDTkRSXdPeP0lRbs.json,DATASET_STORAGE,1828,Data storage or dataset (data/rag/ChIJVb3KwfkBDTkRSXdPeP0lRbs.json),0,False,False,True,False,⚪ KEEP — DATA / REFERENCE,KEEP
1492,data/rag/ChIJVbCrbc8jDTkRq4eovlKi9kE.json,DATASET_STORAGE,4354,Data storage or dataset (data/rag/ChIJVbCrbc8jDTkRq4eovlKi9kE.json),0,False,False,True,False,⚪ KEEP — DATA / REFERENCE,KEEP
1493,data/rag/ChIJvbq6qMAYDTkR_ir2j3Ddu6g.json,DATASET_STORAGE,2849,Data storage or dataset (data/rag/ChIJvbq6qMAYDTkR_ir2j3Ddu6g.json),0,False,False,True,False,⚪ KEEP — DATA / REFERENCE,KEEP
1494,data/rag/ChIJVbuUnf6rDTkR5fEqj8mUzJ0.json,DATASET_STORAGE,1339,Data storage or dataset (data/rag/ChIJVbuUnf6rDTkR5fEqj8mUzJ0.json),0,False,False,True,False,⚪ KEEP — DATA / REFERENCE,KEEP
1495,data/rag/ChIJVc-6iDLcDDkRYFx6THP4ASc.json,DATASET_STORAGE,4820,Data storage or dataset (data/rag/ChIJVc-6iDLcDDkRYFx6THP4ASc.json),0,False,False,True,False,⚪ KEEP — DATA / REFERENCE,KEEP
1496,data/rag/ChIJvc-DqwwbDTkRSoKQ3ptUOHE.json,DATASET_STORAGE,2880,Data storage or dataset (data/rag/ChIJvc-DqwwbDTkRSoKQ3ptUOHE.json),0,False,False,True,False,⚪ KEEP — DATA / REFERENCE,KEEP
1497,data/rag/ChIJVc6eI2IDDTkRDzKffVzg-is.json,DATASET_STORAGE,2006,Data storage or dataset (data/rag/ChIJVc6eI2IDDTkRDzKffVzg-is.json),0,False,False,True,False,⚪ KEEP — DATA / REFERENCE,KEEP
1498,data/rag/ChIJVcq7PHb_DDkRvXTkH3L2FNM.json,DATASET_STORAGE,1125,Data storage or dataset (data/rag/ChIJVcq7PHb_DDkRvXTkH3L2FNM.json),0,False,False,True,False,⚪ KEEP — DATA / REFERENCE,KEEP
1499,data/rag/ChIJVee69IHnDDkRFJKRVfqe5nw.json,DATASET_STORAGE,1236,Data storage or dataset (data/rag/ChIJVee69IHnDDkRFJKRVfqe5nw.json),0,False,False,True,False,⚪ KEEP — DATA / REFERENCE,KEEP
1500,data/rag/ChIJveFwKoPhDDkRIqlykGWRMYA.json,DATASET_STORAGE,2505,Data storage or dataset (data/rag/ChIJveFwKoPhDDkRIqlykGWRMYA.json),0,False,False,True,False,⚪ KEEP — DATA / REFERENCE,KEEP
1501,data/rag/ChIJveR9BhL9DDkRzovn1p9-oZ8.json,DATASET_STORAGE,1588,Data storage or dataset (data/rag/ChIJveR9BhL9DDkRzovn1p9-oZ8.json),0,False,False,True,False,⚪ KEEP — DATA / REFERENCE,KEEP
1502,data/rag/ChIJvf9FOoEHDTkR93ALQAIeEZo.json,DATASET_STORAGE,2645,Data storage or dataset (data/rag/ChIJvf9FOoEHDTkR93ALQAIeEZo.json),0,False,False,True,False,⚪ KEEP — DATA / REFERENCE,KEEP
1503,data/rag/ChIJVfDBDED7DDkRZxEYfTxUVsg.json,DATASET_STORAGE,2598,Data storage or dataset (data/rag/ChIJVfDBDED7DDkRZxEYfTxUVsg.json),0,False,False,True,False,⚪ KEEP — DATA / REFERENCE,KEEP
1504,data/rag/ChIJvfDCaMerDTkRij3h8iw-1bM.json,DATASET_STORAGE,3163,Data storage or dataset (data/rag/ChIJvfDCaMerDTkRij3h8iw-1bM.json),0,False,False,True,False,⚪ KEEP — DATA / REFERENCE,KEEP
1505,data/rag/ChIJvfkKM1ICDTkRARQ_hfTtLF0.json,DATASET_STORAGE,3478,Data storage or dataset (data/rag/ChIJvfkKM1ICDTkRARQ_hfTtLF0.json),0,False,False,True,False,⚪ KEEP — DATA / REFERENCE,KEEP
1506,data/rag/ChIJVSfh4c8FDTkRe54mRvZAn0E.json,DATASET_STORAGE,2462,Data storage or dataset (data/rag/ChIJVSfh4c8FDTkRe54mRvZAn0E.json),0,False,False,True,False,⚪ KEEP — DATA / REFERENCE,KEEP
1507,data/rag/ChIJVSz7rbgFDTkR72aXE2MlSsY.json,DATASET_STORAGE,1965,Data storage or dataset (data/rag/ChIJVSz7rbgFDTkR72aXE2MlSsY.json),0,False,False,True,False,⚪ KEEP — DATA / REFERENCE,KEEP
1508,data/rag/ChIJVT5iTz_9DDkRIMfaom19syQ.json,DATASET_STORAGE,3265,Data storage or dataset (data/rag/ChIJVT5iTz_9DDkRIMfaom19syQ.json),0,False,False,True,False,⚪ KEEP — DATA / REFERENCE,KEEP
1509,data/rag/ChIJVU6JSPD5DDkRQUOY5xnNBmo.json,DATASET_STORAGE,1453,Data storage or dataset (data/rag/ChIJVU6JSPD5DDkRQUOY5xnNBmo.json),0,False,False,True,False,⚪ KEEP — DATA / REFERENCE,KEEP
1510,data/rag/ChIJVUoo7YYADTkRzH-CkpoBxOM.json,DATASET_STORAGE,2438,Data storage or dataset (data/rag/ChIJVUoo7YYADTkRzH-CkpoBxOM.json),0,False,False,True,False,⚪ KEEP — DATA / REFERENCE,KEEP
1511,data/rag/ChIJVVVVJdQDDTkRyYcuYnqjUqc.json,DATASET_STORAGE,5251,Data storage or dataset (data/rag/ChIJVVVVJdQDDTkRyYcuYnqjUqc.json),0,False,False,True,False,⚪ KEEP — DATA / REFERENCE,KEEP
1512,data/rag/ChIJVVVVJXjiDDkR8LEuFu326Ss.json,DATASET_STORAGE,4433,Data storage or dataset (data/rag/ChIJVVVVJXjiDDkR8LEuFu326Ss.json),0,False,False,True,False,⚪ KEEP — DATA / REFERENCE,KEEP
1513,data/rag/ChIJVVVVVWj9DDkRiPICBGicnJk.json,DATASET_STORAGE,2326,Data storage or dataset (data/rag/ChIJVVVVVWj9DDkRiPICBGicnJk.json),0,False,False,True,False,⚪ KEEP — DATA / REFERENCE,KEEP
1514,data/rag/ChIJVVVVVYUbDTkRhQCZRO1qOUE.json,DATASET_STORAGE,4122,Data storage or dataset (data/rag/ChIJVVVVVYUbDTkRhQCZRO1qOUE.json),0,False,False,True,False,⚪ KEEP — DATA / REFERENCE,KEEP
1515,data/rag/ChIJVVWF8pwCDTkRqM8xtxxMbm0.json,DATASET_STORAGE,5085,Data storage or dataset (data/rag/ChIJVVWF8pwCDTkRqM8xtxxMbm0.json),0,False,False,True,False,⚪ KEEP — DATA / REFERENCE,KEEP
1516,data/rag/ChIJVWI3S-MfDTkRWw65C3hVwe8.json,DATASET_STORAGE,3399,Data storage or dataset (data/rag/ChIJVWI3S-MfDTkRWw65C3hVwe8.json),0,False,False,True,False,⚪ KEEP — DATA / REFERENCE,KEEP
1517,data/rag/ChIJvwz3f_wYDTkRppCWpizlKPk.json,DATASET_STORAGE,4949,Data storage or dataset (data/rag/ChIJvwz3f_wYDTkRppCWpizlKPk.json),0,False,False,True,False,⚪ KEEP — DATA / REFERENCE,KEEP
1518,data/rag/ChIJVxBqNycHDTkRspbBVn_5Rag.json,DATASET_STORAGE,1811,Data storage or dataset (data/rag/ChIJVxBqNycHDTkRspbBVn_5Rag.json),0,False,False,True,False,⚪ KEEP — DATA / REFERENCE,KEEP
1519,data/rag/ChIJVxkydJSrDTkRnG45rv9eC_g.json,DATASET_STORAGE,2690,Data storage or dataset (data/rag/ChIJVxkydJSrDTkRnG45rv9eC_g.json),0,False,False,True,False,⚪ KEEP — DATA / REFERENCE,KEEP
1520,data/rag/ChIJVyec7RQDDTkR4XxDwRD94Aw.json,DATASET_STORAGE,1279,Data storage or dataset (data/rag/ChIJVyec7RQDDTkR4XxDwRD94Aw.json),0,False,False,True,False,⚪ KEEP — DATA / REFERENCE,KEEP
1521,data/rag/ChIJVYMKBmgNDTkRj8J6SsyjxSo.json,DATASET_STORAGE,2556,Data storage or dataset (data/rag/ChIJVYMKBmgNDTkRj8J6SsyjxSo.json),0,False,False,True,False,⚪ KEEP — DATA / REFERENCE,KEEP
1522,data/rag/ChIJVYx7WkYZDTkRLSo5i62rT3Y.json,DATASET_STORAGE,2103,Data storage or dataset (data/rag/ChIJVYx7WkYZDTkRLSo5i62rT3Y.json),0,False,False,True,False,⚪ KEEP — DATA / REFERENCE,KEEP
1523,data/rag/ChIJVzbidAD_DDkRv-MDCrl-Ka0.json,DATASET_STORAGE,2674,Data storage or dataset (data/rag/ChIJVzbidAD_DDkRv-MDCrl-Ka0.json),0,False,False,True,False,⚪ KEEP — DATA / REFERENCE,KEEP
1524,data/rag/ChIJVZv6HQD7DDkRuvanyn__P7A.json,DATASET_STORAGE,3075,Data storage or dataset (data/rag/ChIJVZv6HQD7DDkRuvanyn__P7A.json),0,False,False,True,False,⚪ KEEP — DATA / REFERENCE,KEEP
1525,data/rag/ChIJV_KLIUD9DDkRW62Ipndqqnw.json,DATASET_STORAGE,3083,Data storage or dataset (data/rag/ChIJV_KLIUD9DDkRW62Ipndqqnw.json),0,False,False,True,False,⚪ KEEP — DATA / REFERENCE,KEEP
1526,data/rag/ChIJV_KLIUD9DDkRyK187fZFk-k.json,DATASET_STORAGE,2003,Data storage or dataset (data/rag/ChIJV_KLIUD9DDkRyK187fZFk-k.json),0,False,False,True,False,⚪ KEEP — DATA / REFERENCE,KEEP
1527,data/rag/ChIJw-ezIEAFDTkRjI637nlIT1Y.json,DATASET_STORAGE,2991,Data storage or dataset (data/rag/ChIJw-ezIEAFDTkRjI637nlIT1Y.json),0,False,False,True,False,⚪ KEEP — DATA / REFERENCE,KEEP
1528,data/rag/ChIJW000QPcZDTkR2q-1cDbfges.json,DATASET_STORAGE,1262,Data storage or dataset (data/rag/ChIJW000QPcZDTkR2q-1cDbfges.json),0,False,False,True,False,⚪ KEEP — DATA / REFERENCE,KEEP
1529,data/rag/ChIJW0SQRxT9DDkRBGrOcSzO88g.json,DATASET_STORAGE,4385,Data storage or dataset (data/rag/ChIJW0SQRxT9DDkRBGrOcSzO88g.json),0,False,False,True,False,⚪ KEEP — DATA / REFERENCE,KEEP
1530,data/rag/ChIJw1-SozIZDTkRl1rQPEknUFw.json,DATASET_STORAGE,1613,Data storage or dataset (data/rag/ChIJw1-SozIZDTkRl1rQPEknUFw.json),0,False,False,True,False,⚪ KEEP — DATA / REFERENCE,KEEP
1531,data/rag/ChIJW1fDLSUbDTkRityti1y0TWk.json,DATASET_STORAGE,4539,Data storage or dataset (data/rag/ChIJW1fDLSUbDTkRityti1y0TWk.json),0,False,False,True,False,⚪ KEEP — DATA / REFERENCE,KEEP
1532,data/rag/ChIJw2f9Y3YDDTkR7XalAEXGCGI.json,DATASET_STORAGE,2881,Data storage or dataset (data/rag/ChIJw2f9Y3YDDTkR7XalAEXGCGI.json),0,False,False,True,False,⚪ KEEP — DATA / REFERENCE,KEEP
1533,data/rag/ChIJW2SoYy_5DDkRo4lNAEzFY1I.json,DATASET_STORAGE,1361,Data storage or dataset (data/rag/ChIJW2SoYy_5DDkRo4lNAEzFY1I.json),0,False,False,True,False,⚪ KEEP — DATA / REFERENCE,KEEP
1534,data/rag/ChIJW2w4ran8DDkRoFkWIhzXKxk.json,DATASET_STORAGE,1573,Data storage or dataset (data/rag/ChIJW2w4ran8DDkRoFkWIhzXKxk.json),0,False,False,True,False,⚪ KEEP — DATA / REFERENCE,KEEP
1535,data/rag/ChIJW2xl_aT9DDkRXJh6k_z5vC4.json,DATASET_STORAGE,2790,Data storage or dataset (data/rag/ChIJW2xl_aT9DDkRXJh6k_z5vC4.json),0,False,False,True,False,⚪ KEEP — DATA / REFERENCE,KEEP
1536,data/rag/ChIJw38BrVMZDTkR5GJOODWBotg.json,DATASET_STORAGE,1642,Data storage or dataset (data/rag/ChIJw38BrVMZDTkR5GJOODWBotg.json),0,False,False,True,False,⚪ KEEP — DATA / REFERENCE,KEEP
1537,data/rag/ChIJw4-X1Tf5DDkRmtRsLfv7Gco.json,DATASET_STORAGE,1654,Data storage or dataset (data/rag/ChIJw4-X1Tf5DDkRmtRsLfv7Gco.json),0,False,False,True,False,⚪ KEEP — DATA / REFERENCE,KEEP
1538,data/rag/ChIJW5do3zkFDTkR4EgaTWFczG0.json,DATASET_STORAGE,3737,Data storage or dataset (data/rag/ChIJW5do3zkFDTkR4EgaTWFczG0.json),0,False,False,True,False,⚪ KEEP — DATA / REFERENCE,KEEP
1539,data/rag/ChIJW5dO58MfDTkR0IkpjGctiBY.json,DATASET_STORAGE,3217,Data storage or dataset (data/rag/ChIJW5dO58MfDTkR0IkpjGctiBY.json),0,False,False,True,False,⚪ KEEP — DATA / REFERENCE,KEEP
1540,data/rag/ChIJw5YvHgAfDTkRBy56MNY2nl0.json,DATASET_STORAGE,4213,Data storage or dataset (data/rag/ChIJw5YvHgAfDTkRBy56MNY2nl0.json),0,False,False,True,False,⚪ KEEP — DATA / REFERENCE,KEEP
1541,data/rag/ChIJW6btYiX7DDkR-wBnM_9K9bE.json,DATASET_STORAGE,2468,Data storage or dataset (data/rag/ChIJW6btYiX7DDkR-wBnM_9K9bE.json),0,False,False,True,False,⚪ KEEP — DATA / REFERENCE,KEEP
1542,data/rag/ChIJW6e21DgADTkRH8BsMhBw3jQ.json,DATASET_STORAGE,2727,Data storage or dataset (data/rag/ChIJW6e21DgADTkRH8BsMhBw3jQ.json),0,False,False,True,False,⚪ KEEP — DATA / REFERENCE,KEEP
1543,data/rag/ChIJw6EdanYDDTkR9EzmpV-p2Dw.json,DATASET_STORAGE,2446,Data storage or dataset (data/rag/ChIJw6EdanYDDTkR9EzmpV-p2Dw.json),0,False,False,True,False,⚪ KEEP — DATA / REFERENCE,KEEP
1544,data/rag/ChIJw7qPDAoZDTkRV-2mY2VsxR4.json,DATASET_STORAGE,3348,Data storage or dataset (data/rag/ChIJw7qPDAoZDTkRV-2mY2VsxR4.json),0,False,False,True,False,⚪ KEEP — DATA / REFERENCE,KEEP
1545,data/rag/ChIJw88JQH8bDTkRQidfQEiNIMY.json,DATASET_STORAGE,3513,Data storage or dataset (data/rag/ChIJw88JQH8bDTkRQidfQEiNIMY.json),0,False,False,True,False,⚪ KEEP — DATA / REFERENCE,KEEP
1546,data/rag/ChIJw8lJYrD5DDkRYxfhdw87qbM.json,DATASET_STORAGE,1295,Data storage or dataset (data/rag/ChIJw8lJYrD5DDkRYxfhdw87qbM.json),0,False,False,True,False,⚪ KEEP — DATA / REFERENCE,KEEP
1547,data/rag/ChIJw8MNqtEYDTkR-YsYLWK7GI4.json,DATASET_STORAGE,2009,Data storage or dataset (data/rag/ChIJw8MNqtEYDTkR-YsYLWK7GI4.json),0,False,False,True,False,⚪ KEEP — DATA / REFERENCE,KEEP
1548,data/rag/ChIJw96ZnRD7DDkRW1EBfHRzjps.json,DATASET_STORAGE,3295,Data storage or dataset (data/rag/ChIJw96ZnRD7DDkRW1EBfHRzjps.json),0,False,False,True,False,⚪ KEEP — DATA / REFERENCE,KEEP
1549,data/rag/ChIJw9i-ZDMaDTkRsJ7qB0K3hFw.json,DATASET_STORAGE,1979,Data storage or dataset (data/rag/ChIJw9i-ZDMaDTkRsJ7qB0K3hFw.json),0,False,False,True,False,⚪ KEEP — DATA / REFERENCE,KEEP
1550,data/rag/ChIJW9lffGEPDTkRKS5A-LwG5AU.json,DATASET_STORAGE,2152,Data storage or dataset (data/rag/ChIJW9lffGEPDTkRKS5A-LwG5AU.json),0,False,False,True,False,⚪ KEEP — DATA / REFERENCE,KEEP
1551,data/rag/ChIJW9pNqsgFDTkRuLtIJdxTt7I.json,DATASET_STORAGE,1979,Data storage or dataset (data/rag/ChIJW9pNqsgFDTkRuLtIJdxTt7I.json),0,False,False,True,False,⚪ KEEP — DATA / REFERENCE,KEEP
1552,data/rag/ChIJwavkUvL7DDkRm7mRe1PIo8Q.json,DATASET_STORAGE,2328,Data storage or dataset (data/rag/ChIJwavkUvL7DDkRm7mRe1PIo8Q.json),0,False,False,True,False,⚪ KEEP — DATA / REFERENCE,KEEP
1553,data/rag/ChIJwcKwnhUDDTkRQWrXJ5HKiRk.json,DATASET_STORAGE,4830,Data storage or dataset (data/rag/ChIJwcKwnhUDDTkRQWrXJ5HKiRk.json),0,False,False,True,False,⚪ KEEP — DATA / REFERENCE,KEEP
1554,data/rag/ChIJwdd2QAA9DTkR6N23pH_BlSc.json,DATASET_STORAGE,4460,Data storage or dataset (data/rag/ChIJwdd2QAA9DTkR6N23pH_BlSc.json),0,False,False,True,False,⚪ KEEP — DATA / REFERENCE,KEEP
1555,data/rag/ChIJWdjKacEZDTkRJ9Sdiz-wiEo.json,DATASET_STORAGE,3499,Data storage or dataset (data/rag/ChIJWdjKacEZDTkRJ9Sdiz-wiEo.json),0,False,False,True,False,⚪ KEEP — DATA / REFERENCE,KEEP
1556,data/rag/ChIJwdp9bzADDTkRt_4Txb3SJn4.json,DATASET_STORAGE,2854,Data storage or dataset (data/rag/ChIJwdp9bzADDTkRt_4Txb3SJn4.json),0,False,False,True,False,⚪ KEEP — DATA / REFERENCE,KEEP
1557,data/rag/ChIJWdsZcpYDDTkRbJ9VIM03aUs.json,DATASET_STORAGE,2252,Data storage or dataset (data/rag/ChIJWdsZcpYDDTkRbJ9VIM03aUs.json),0,False,False,True,False,⚪ KEEP — DATA / REFERENCE,KEEP
1558,data/rag/ChIJWeQkGvn9DDkR472-MKgiClU.json,DATASET_STORAGE,1968,Data storage or dataset (data/rag/ChIJWeQkGvn9DDkR472-MKgiClU.json),0,False,False,True,False,⚪ KEEP — DATA / REFERENCE,KEEP
1559,data/rag/ChIJWRkUo-8DDTkRI5QgI0OqdsI.json,DATASET_STORAGE,2680,Data storage or dataset (data/rag/ChIJWRkUo-8DDTkRI5QgI0OqdsI.json),0,False,False,True,False,⚪ KEEP — DATA / REFERENCE,KEEP
1560,data/rag/ChIJwRQsIVYZDTkRTOvbeNZacZU.json,DATASET_STORAGE,1219,Data storage or dataset (data/rag/ChIJwRQsIVYZDTkRTOvbeNZacZU.json),0,False,False,True,False,⚪ KEEP — DATA / REFERENCE,KEEP
1561,data/rag/ChIJwRT3qCUeDTkRecFelntewZs.json,DATASET_STORAGE,3775,Data storage or dataset (data/rag/ChIJwRT3qCUeDTkRecFelntewZs.json),0,False,False,True,False,⚪ KEEP — DATA / REFERENCE,KEEP
1562,data/rag/ChIJWT9tW5AdDTkRrVM7VtKZjw8.json,DATASET_STORAGE,5139,Data storage or dataset (data/rag/ChIJWT9tW5AdDTkRrVM7VtKZjw8.json),0,False,False,True,False,⚪ KEEP — DATA / REFERENCE,KEEP
1563,data/rag/ChIJWUK7TDoZDTkRdp-9-g52j1k.json,DATASET_STORAGE,2835,Data storage or dataset (data/rag/ChIJWUK7TDoZDTkRdp-9-g52j1k.json),0,False,False,True,False,⚪ KEEP — DATA / REFERENCE,KEEP
1564,data/rag/ChIJWUsSGaMZDTkRl5tZNykJQlM.json,DATASET_STORAGE,2165,Data storage or dataset (data/rag/ChIJWUsSGaMZDTkRl5tZNykJQlM.json),0,False,False,True,False,⚪ KEEP — DATA / REFERENCE,KEEP
1565,data/rag/ChIJwV3SeBABDTkRQtfVG9zEhOY.json,DATASET_STORAGE,1775,Data storage or dataset (data/rag/ChIJwV3SeBABDTkRQtfVG9zEhOY.json),0,False,False,True,False,⚪ KEEP — DATA / REFERENCE,KEEP
1566,data/rag/ChIJWVTdOtkGDTkRqhpoxf-FT6A.json,DATASET_STORAGE,3147,Data storage or dataset (data/rag/ChIJWVTdOtkGDTkRqhpoxf-FT6A.json),0,False,False,True,False,⚪ KEEP — DATA / REFERENCE,KEEP
1567,data/rag/ChIJWWh9-XjdDDkR5HcuTf_TKY4.json,DATASET_STORAGE,4231,Data storage or dataset (data/rag/ChIJWWh9-XjdDDkR5HcuTf_TKY4.json),0,False,False,True,False,⚪ KEEP — DATA / REFERENCE,KEEP
1568,data/rag/ChIJWWO7DjcYDTkRxCyu50Z5ppo.json,DATASET_STORAGE,2531,Data storage or dataset (data/rag/ChIJWWO7DjcYDTkRxCyu50Z5ppo.json),0,False,False,True,False,⚪ KEEP — DATA / REFERENCE,KEEP
1569,data/rag/ChIJwXfALvkaDTkRmyFhEbkG2JQ.json,DATASET_STORAGE,1517,Data storage or dataset (data/rag/ChIJwXfALvkaDTkRmyFhEbkG2JQ.json),0,False,False,True,False,⚪ KEEP — DATA / REFERENCE,KEEP
1570,data/rag/ChIJWxJ1vDscDTkRtxnxwLjdnK4.json,DATASET_STORAGE,5517,Data storage or dataset (data/rag/ChIJWxJ1vDscDTkRtxnxwLjdnK4.json),0,False,False,True,False,⚪ KEEP — DATA / REFERENCE,KEEP
1571,data/rag/ChIJWxj8Q9_7DDkRST6AVsW1Emg.json,DATASET_STORAGE,967,Data storage or dataset (data/rag/ChIJWxj8Q9_7DDkRST6AVsW1Emg.json),0,False,False,True,False,⚪ KEEP — DATA / REFERENCE,KEEP
1572,data/rag/ChIJwXk9hdr9DDkR2FSvNa9XuIo.json,DATASET_STORAGE,2743,Data storage or dataset (data/rag/ChIJwXk9hdr9DDkR2FSvNa9XuIo.json),0,False,False,True,False,⚪ KEEP — DATA / REFERENCE,KEEP
1573,data/rag/ChIJwyap0C4ZDTkRoNal--atvHU.json,DATASET_STORAGE,2726,Data storage or dataset (data/rag/ChIJwyap0C4ZDTkRoNal--atvHU.json),0,False,False,True,False,⚪ KEEP — DATA / REFERENCE,KEEP
1574,data/rag/ChIJwyNkcvcjDTkRi9Q6m8AgXBg.json,DATASET_STORAGE,1245,Data storage or dataset (data/rag/ChIJwyNkcvcjDTkRi9Q6m8AgXBg.json),0,False,False,True,False,⚪ KEEP — DATA / REFERENCE,KEEP
1575,data/rag/ChIJWZJF18sYDTkRlMhB1jn6drk.json,DATASET_STORAGE,4437,Data storage or dataset (data/rag/ChIJWZJF18sYDTkRlMhB1jn6drk.json),0,False,False,True,False,⚪ KEEP — DATA / REFERENCE,KEEP
1576,data/rag/ChIJwZWDKw39DDkR1zt1pmv8KD4.json,DATASET_STORAGE,1254,Data storage or dataset (data/rag/ChIJwZWDKw39DDkR1zt1pmv8KD4.json),0,False,False,True,False,⚪ KEEP — DATA / REFERENCE,KEEP
1577,data/rag/ChIJwzxOpWkcDTkRIODm_a6JlXA.json,DATASET_STORAGE,2675,Data storage or dataset (data/rag/ChIJwzxOpWkcDTkRIODm_a6JlXA.json),0,False,False,True,False,⚪ KEEP — DATA / REFERENCE,KEEP
1578,data/rag/ChIJW_GtJlH9DDkRLk8zWDBpE8g.json,DATASET_STORAGE,2779,Data storage or dataset (data/rag/ChIJW_GtJlH9DDkRLk8zWDBpE8g.json),0,False,False,True,False,⚪ KEEP — DATA / REFERENCE,KEEP
1579,data/rag/ChIJx-nhZO3hDDkRhvElsSXy5jE.json,DATASET_STORAGE,2643,Data storage or dataset (data/rag/ChIJx-nhZO3hDDkRhvElsSXy5jE.json),0,False,False,True,False,⚪ KEEP — DATA / REFERENCE,KEEP
1580,data/rag/ChIJx0bOHEgZDTkRcxDTz1N9ASc.json,DATASET_STORAGE,2931,Data storage or dataset (data/rag/ChIJx0bOHEgZDTkRcxDTz1N9ASc.json),0,False,False,True,False,⚪ KEEP — DATA / REFERENCE,KEEP
1581,data/rag/ChIJx1vzJccJDTkRvrtlOzNNBDw.json,DATASET_STORAGE,2346,Data storage or dataset (data/rag/ChIJx1vzJccJDTkRvrtlOzNNBDw.json),0,False,False,True,False,⚪ KEEP — DATA / REFERENCE,KEEP
1582,data/rag/ChIJx2G4jXwDDTkRHWHRAX90qJg.json,DATASET_STORAGE,3388,Data storage or dataset (data/rag/ChIJx2G4jXwDDTkRHWHRAX90qJg.json),0,False,False,True,False,⚪ KEEP — DATA / REFERENCE,KEEP
1583,data/rag/ChIJx3sMMbYFDTkRoVO9BC4gqLI.json,DATASET_STORAGE,1970,Data storage or dataset (data/rag/ChIJx3sMMbYFDTkRoVO9BC4gqLI.json),0,False,False,True,False,⚪ KEEP — DATA / REFERENCE,KEEP
1584,data/rag/ChIJX4jrIjbjDDkRXXZoolO_JAw.json,DATASET_STORAGE,2236,Data storage or dataset (data/rag/ChIJX4jrIjbjDDkRXXZoolO_JAw.json),0,False,False,True,False,⚪ KEEP — DATA / REFERENCE,KEEP
1585,data/rag/ChIJX4oJPJ0ZDTkRtTXBpkiY5Bs.json,DATASET_STORAGE,1894,Data storage or dataset (data/rag/ChIJX4oJPJ0ZDTkRtTXBpkiY5Bs.json),0,False,False,True,False,⚪ KEEP — DATA / REFERENCE,KEEP
1586,data/rag/ChIJx5sJWL8DDTkRLnwjpzfKFV0.json,DATASET_STORAGE,1408,Data storage or dataset (data/rag/ChIJx5sJWL8DDTkRLnwjpzfKFV0.json),0,False,False,True,False,⚪ KEEP — DATA / REFERENCE,KEEP
1587,data/rag/ChIJx5ugHAv7DDkRSmi3LJexcdw.json,DATASET_STORAGE,1834,Data storage or dataset (data/rag/ChIJx5ugHAv7DDkRSmi3LJexcdw.json),0,False,False,True,False,⚪ KEEP — DATA / REFERENCE,KEEP
1588,data/rag/ChIJx62cgXHiDDkRpfnRkuY4q2I.json,DATASET_STORAGE,3060,Data storage or dataset (data/rag/ChIJx62cgXHiDDkRpfnRkuY4q2I.json),0,False,False,True,False,⚪ KEEP — DATA / REFERENCE,KEEP
1589,data/rag/ChIJx6BZam8ZDTkRL_TARoK8i_w.json,DATASET_STORAGE,2459,Data storage or dataset (data/rag/ChIJx6BZam8ZDTkRL_TARoK8i_w.json),0,False,False,True,False,⚪ KEEP — DATA / REFERENCE,KEEP
1590,data/rag/ChIJx6k4HM4ZDTkRPN4jwRg4X8M.json,DATASET_STORAGE,2519,Data storage or dataset (data/rag/ChIJx6k4HM4ZDTkRPN4jwRg4X8M.json),0,False,False,True,False,⚪ KEEP — DATA / REFERENCE,KEEP
1591,data/rag/ChIJx6m1uo7dDDkR12u8JLX6V1I.json,DATASET_STORAGE,2009,Data storage or dataset (data/rag/ChIJx6m1uo7dDDkR12u8JLX6V1I.json),0,False,False,True,False,⚪ KEEP — DATA / REFERENCE,KEEP
1592,data/rag/ChIJX6pW1UYcDTkRgiws2YCBsJw.json,DATASET_STORAGE,4797,Data storage or dataset (data/rag/ChIJX6pW1UYcDTkRgiws2YCBsJw.json),0,False,False,True,False,⚪ KEEP — DATA / REFERENCE,KEEP
1593,data/rag/ChIJx6qqOlDkDDkROn5jLYb6oo4.json,DATASET_STORAGE,3674,Data storage or dataset (data/rag/ChIJx6qqOlDkDDkROn5jLYb6oo4.json),0,False,False,True,False,⚪ KEEP — DATA / REFERENCE,KEEP
1594,data/rag/ChIJX7C574UZDTkRYfqnTVhY8-k.json,DATASET_STORAGE,3215,Data storage or dataset (data/rag/ChIJX7C574UZDTkRYfqnTVhY8-k.json),0,False,False,True,False,⚪ KEEP — DATA / REFERENCE,KEEP
1595,data/rag/ChIJX7S4gF4ZDTkR1muRn56eJLM.json,DATASET_STORAGE,1420,Data storage or dataset (data/rag/ChIJX7S4gF4ZDTkR1muRn56eJLM.json),0,False,False,True,False,⚪ KEEP — DATA / REFERENCE,KEEP
1596,data/rag/ChIJX7ZyGED9DDkRuBBONr3Eijs.json,DATASET_STORAGE,3281,Data storage or dataset (data/rag/ChIJX7ZyGED9DDkRuBBONr3Eijs.json),0,False,False,True,False,⚪ KEEP — DATA / REFERENCE,KEEP
1597,data/rag/ChIJxaP-LEYjDTkRKwrd-f1rgd0.json,DATASET_STORAGE,2335,Data storage or dataset (data/rag/ChIJxaP-LEYjDTkRKwrd-f1rgd0.json),0,False,False,True,False,⚪ KEEP — DATA / REFERENCE,KEEP
1598,data/rag/ChIJXaRnw_8BDTkREb1cB8_n2Xs.json,DATASET_STORAGE,4053,Data storage or dataset (data/rag/ChIJXaRnw_8BDTkREb1cB8_n2Xs.json),0,False,False,True,False,⚪ KEEP — DATA / REFERENCE,KEEP
1599,data/rag/ChIJxazGehoDDTkRgXpoZkzEoFY.json,DATASET_STORAGE,1276,Data storage or dataset (data/rag/ChIJxazGehoDDTkRgXpoZkzEoFY.json),0,False,False,True,False,⚪ KEEP — DATA / REFERENCE,KEEP
1600,data/rag/ChIJxbmmUzkcDTkRupwAbVY8NHE.json,DATASET_STORAGE,3642,Data storage or dataset (data/rag/ChIJxbmmUzkcDTkRupwAbVY8NHE.json),0,False,False,True,False,⚪ KEEP — DATA / REFERENCE,KEEP
1601,data/rag/ChIJXcsvGhodDTkR2RGRqqx66ro.json,DATASET_STORAGE,2042,Data storage or dataset (data/rag/ChIJXcsvGhodDTkR2RGRqqx66ro.json),0,False,False,True,False,⚪ KEEP — DATA / REFERENCE,KEEP
1602,data/rag/ChIJXdmXL30EDTkR5YJTrNiByBs.json,DATASET_STORAGE,1687,Data storage or dataset (data/rag/ChIJXdmXL30EDTkR5YJTrNiByBs.json),0,False,False,True,False,⚪ KEEP — DATA / REFERENCE,KEEP
1603,data/rag/ChIJXeSnHXIHDTkRprqwYbtYCHg.json,DATASET_STORAGE,1154,Data storage or dataset (data/rag/ChIJXeSnHXIHDTkRprqwYbtYCHg.json),0,False,False,True,False,⚪ KEEP — DATA / REFERENCE,KEEP
1604,data/rag/ChIJxfD7FZwiDTkRP3SrCV-mTAE.json,DATASET_STORAGE,4451,Data storage or dataset (data/rag/ChIJxfD7FZwiDTkRP3SrCV-mTAE.json),0,False,False,True,False,⚪ KEEP — DATA / REFERENCE,KEEP
1605,data/rag/ChIJxQtapR8bDTkRlecBFB8YTu4.json,DATASET_STORAGE,2612,Data storage or dataset (data/rag/ChIJxQtapR8bDTkRlecBFB8YTu4.json),0,False,False,True,False,⚪ KEEP — DATA / REFERENCE,KEEP
1606,data/rag/ChIJXR3J6cQFDTkRjbqqOTC2dls.json,DATASET_STORAGE,943,Data storage or dataset (data/rag/ChIJXR3J6cQFDTkRjbqqOTC2dls.json),0,False,False,True,False,⚪ KEEP — DATA / REFERENCE,KEEP
1607,data/rag/ChIJXRvWOpkCDTkRmsdHCqu8KnI.json,DATASET_STORAGE,2449,Data storage or dataset (data/rag/ChIJXRvWOpkCDTkRmsdHCqu8KnI.json),0,False,False,True,False,⚪ KEEP — DATA / REFERENCE,KEEP
1608,data/rag/ChIJXSzSTs8VDTkRG66LLYu27cE.json,DATASET_STORAGE,1866,Data storage or dataset (data/rag/ChIJXSzSTs8VDTkRG66LLYu27cE.json),0,False,False,True,False,⚪ KEEP — DATA / REFERENCE,KEEP
1609,data/rag/ChIJxTh6dqD_DDkRcDRMltyZr8E.json,DATASET_STORAGE,2081,Data storage or dataset (data/rag/ChIJxTh6dqD_DDkRcDRMltyZr8E.json),0,False,False,True,False,⚪ KEEP — DATA / REFERENCE,KEEP
1610,data/rag/ChIJXUHMYQ_fDDkRaJWmhG4TZa4.json,DATASET_STORAGE,3842,Data storage or dataset (data/rag/ChIJXUHMYQ_fDDkRaJWmhG4TZa4.json),0,False,False,True,False,⚪ KEEP — DATA / REFERENCE,KEEP
1611,data/rag/ChIJXw3kOk8ZDTkR5BoYbGOlxWQ.json,DATASET_STORAGE,2515,Data storage or dataset (data/rag/ChIJXw3kOk8ZDTkR5BoYbGOlxWQ.json),0,False,False,True,False,⚪ KEEP — DATA / REFERENCE,KEEP
1612,data/rag/ChIJxWQtupobDTkR9JtPxAEP9Dc.json,DATASET_STORAGE,3079,Data storage or dataset (data/rag/ChIJxWQtupobDTkR9JtPxAEP9Dc.json),0,False,False,True,False,⚪ KEEP — DATA / REFERENCE,KEEP
1613,data/rag/ChIJxx0yTpbjDDkRF3UBS7GPzO4.json,DATASET_STORAGE,3390,Data storage or dataset (data/rag/ChIJxx0yTpbjDDkRF3UBS7GPzO4.json),0,False,False,True,False,⚪ KEEP — DATA / REFERENCE,KEEP
1614,data/rag/ChIJXXb5yrQbDTkR_05IqXAO8_w.json,DATASET_STORAGE,1819,Data storage or dataset (data/rag/ChIJXXb5yrQbDTkR_05IqXAO8_w.json),0,False,False,True,False,⚪ KEEP — DATA / REFERENCE,KEEP
1615,data/rag/ChIJXXRN7bsbDTkRiO1syjt3AM0.json,DATASET_STORAGE,2042,Data storage or dataset (data/rag/ChIJXXRN7bsbDTkRiO1syjt3AM0.json),0,False,False,True,False,⚪ KEEP — DATA / REFERENCE,KEEP
1616,data/rag/ChIJxY54Sx_9DDkRgZ05aiuE6aQ.json,DATASET_STORAGE,3325,Data storage or dataset (data/rag/ChIJxY54Sx_9DDkRgZ05aiuE6aQ.json),0,False,False,True,False,⚪ KEEP — DATA / REFERENCE,KEEP
1617,data/rag/ChIJxydUCQAZDTkRTbnjfN2N-1I.json,DATASET_STORAGE,2828,Data storage or dataset (data/rag/ChIJxydUCQAZDTkRTbnjfN2N-1I.json),0,False,False,True,False,⚪ KEEP — DATA / REFERENCE,KEEP
1618,data/rag/ChIJxzEBJLMZDTkR3JmM3HkM_qQ.json,DATASET_STORAGE,2855,Data storage or dataset (data/rag/ChIJxzEBJLMZDTkR3JmM3HkM_qQ.json),0,False,False,True,False,⚪ KEEP — DATA / REFERENCE,KEEP
1619,data/rag/ChIJxZIOo2ujDTkR_roeBy2RXLw.json,DATASET_STORAGE,1067,Data storage or dataset (data/rag/ChIJxZIOo2ujDTkR_roeBy2RXLw.json),0,False,False,True,False,⚪ KEEP — DATA / REFERENCE,KEEP
1620,data/rag/ChIJxZnWx8oHDTkRUkMD7g_KF04.json,DATASET_STORAGE,2188,Data storage or dataset (data/rag/ChIJxZnWx8oHDTkRUkMD7g_KF04.json),0,False,False,True,False,⚪ KEEP — DATA / REFERENCE,KEEP
1621,data/rag/ChIJx_FdBwDnDDkRBnx9GzcApi8.json,DATASET_STORAGE,4097,Data storage or dataset (data/rag/ChIJx_FdBwDnDDkRBnx9GzcApi8.json),0,False,False,True,False,⚪ KEEP — DATA / REFERENCE,KEEP
1622,data/rag/ChIJX_nDWw4bDTkRyBuwCgrqmNQ.json,DATASET_STORAGE,2775,Data storage or dataset (data/rag/ChIJX_nDWw4bDTkRyBuwCgrqmNQ.json),0,False,False,True,False,⚪ KEEP — DATA / REFERENCE,KEEP
1623,data/rag/ChIJX_p5Lu0dDTkRqOKPEmR2EB4.json,DATASET_STORAGE,2910,Data storage or dataset (data/rag/ChIJX_p5Lu0dDTkRqOKPEmR2EB4.json),0,False,False,True,False,⚪ KEEP — DATA / REFERENCE,KEEP
1624,data/rag/ChIJx_sVdgXlDDkR6EBNphWNsXc.json,DATASET_STORAGE,2959,Data storage or dataset (data/rag/ChIJx_sVdgXlDDkR6EBNphWNsXc.json),0,False,False,True,False,⚪ KEEP — DATA / REFERENCE,KEEP
1625,data/rag/ChIJY-4p2XsVDTkRMuT0wXQAdrI.json,DATASET_STORAGE,1404,Data storage or dataset (data/rag/ChIJY-4p2XsVDTkRMuT0wXQAdrI.json),0,False,False,True,False,⚪ KEEP — DATA / REFERENCE,KEEP
1626,data/rag/ChIJY-ctAJMHDTkRY5ucKDe0kz8.json,DATASET_STORAGE,939,Data storage or dataset (data/rag/ChIJY-ctAJMHDTkRY5ucKDe0kz8.json),0,False,False,True,False,⚪ KEEP — DATA / REFERENCE,KEEP
1627,data/rag/ChIJY009gVIXDTkR68MwDX50jN8.json,DATASET_STORAGE,1229,Data storage or dataset (data/rag/ChIJY009gVIXDTkR68MwDX50jN8.json),0,False,False,True,False,⚪ KEEP — DATA / REFERENCE,KEEP
1628,data/rag/ChIJY1IE51RrDTkR9LtkvGG2rMs.json,DATASET_STORAGE,1223,Data storage or dataset (data/rag/ChIJY1IE51RrDTkR9LtkvGG2rMs.json),0,False,False,True,False,⚪ KEEP — DATA / REFERENCE,KEEP
1629,data/rag/ChIJy2cTCzADDTkRQf0Uee9-tZ4.json,DATASET_STORAGE,1941,Data storage or dataset (data/rag/ChIJy2cTCzADDTkRQf0Uee9-tZ4.json),0,False,False,True,False,⚪ KEEP — DATA / REFERENCE,KEEP
1630,data/rag/ChIJY2tQYgD7DDkRiK5qtxTSXfk.json,DATASET_STORAGE,2792,Data storage or dataset (data/rag/ChIJY2tQYgD7DDkRiK5qtxTSXfk.json),0,False,False,True,False,⚪ KEEP — DATA / REFERENCE,KEEP
1631,data/rag/ChIJy3f9XQAPDTkR9vF3NtOBWoI.json,DATASET_STORAGE,1474,Data storage or dataset (data/rag/ChIJy3f9XQAPDTkR9vF3NtOBWoI.json),0,False,False,True,False,⚪ KEEP — DATA / REFERENCE,KEEP
1632,data/rag/ChIJy5hATaX5DDkRHI_obBJnPGs.json,DATASET_STORAGE,1151,Data storage or dataset (data/rag/ChIJy5hATaX5DDkRHI_obBJnPGs.json),0,False,False,True,False,⚪ KEEP — DATA / REFERENCE,KEEP
1633,data/rag/ChIJY6Gyi5UCDTkRmjXmCUzwY6w.json,DATASET_STORAGE,3601,Data storage or dataset (data/rag/ChIJY6Gyi5UCDTkRmjXmCUzwY6w.json),0,False,False,True,False,⚪ KEEP — DATA / REFERENCE,KEEP
1634,data/rag/ChIJY6PJh2kcDTkRybb5KBGcqIY.json,DATASET_STORAGE,3747,Data storage or dataset (data/rag/ChIJY6PJh2kcDTkRybb5KBGcqIY.json),0,False,False,True,False,⚪ KEEP — DATA / REFERENCE,KEEP
1635,data/rag/ChIJy6Pl_f8fDTkR21i3BZN30L4.json,DATASET_STORAGE,1724,Data storage or dataset (data/rag/ChIJy6Pl_f8fDTkR21i3BZN30L4.json),0,False,False,True,False,⚪ KEEP — DATA / REFERENCE,KEEP
1636,data/rag/ChIJy9TCyKj7DDkRhTRHFi2RHQA.json,DATASET_STORAGE,2086,Data storage or dataset (data/rag/ChIJy9TCyKj7DDkRhTRHFi2RHQA.json),0,False,False,True,False,⚪ KEEP — DATA / REFERENCE,KEEP
1637,data/rag/ChIJYbCLDMP7DDkR1-R0n48fg2I.json,DATASET_STORAGE,1964,Data storage or dataset (data/rag/ChIJYbCLDMP7DDkR1-R0n48fg2I.json),0,False,False,True,False,⚪ KEEP — DATA / REFERENCE,KEEP
1638,data/rag/ChIJYbdlwT3fDDkRR4j0lgH9GwQ.json,DATASET_STORAGE,1627,Data storage or dataset (data/rag/ChIJYbdlwT3fDDkRR4j0lgH9GwQ.json),0,False,False,True,False,⚪ KEEP — DATA / REFERENCE,KEEP
1639,data/rag/ChIJYbW5sPMfDTkRNEz9-03Tl54.json,DATASET_STORAGE,1632,Data storage or dataset (data/rag/ChIJYbW5sPMfDTkRNEz9-03Tl54.json),0,False,False,True,False,⚪ KEEP — DATA / REFERENCE,KEEP
1640,data/rag/ChIJYbxMPKkHDTkRon3sfcme-3w.json,DATASET_STORAGE,1483,Data storage or dataset (data/rag/ChIJYbxMPKkHDTkRon3sfcme-3w.json),0,False,False,True,False,⚪ KEEP — DATA / REFERENCE,KEEP
1641,data/rag/ChIJYcr6_KTdDDkRa9EYt-jNc1Y.json,DATASET_STORAGE,1305,Data storage or dataset (data/rag/ChIJYcr6_KTdDDkRa9EYt-jNc1Y.json),0,False,False,True,False,⚪ KEEP — DATA / REFERENCE,KEEP
1642,data/rag/ChIJYcsBST0ZDTkR5eL0sZwm_rI.json,DATASET_STORAGE,1870,Data storage or dataset (data/rag/ChIJYcsBST0ZDTkR5eL0sZwm_rI.json),0,False,False,True,False,⚪ KEEP — DATA / REFERENCE,KEEP
1643,data/rag/ChIJyd-sPQDjDDkRfRiRKD5GJXg.json,DATASET_STORAGE,2924,Data storage or dataset (data/rag/ChIJyd-sPQDjDDkRfRiRKD5GJXg.json),0,False,False,True,False,⚪ KEEP — DATA / REFERENCE,KEEP
1644,data/rag/ChIJYd2edCEPDTkRXh72EOAVeTg.json,DATASET_STORAGE,2086,Data storage or dataset (data/rag/ChIJYd2edCEPDTkRXh72EOAVeTg.json),0,False,False,True,False,⚪ KEEP — DATA / REFERENCE,KEEP
1645,data/rag/ChIJYdhm_qcYDTkRuOoWmtPIXio.json,DATASET_STORAGE,1403,Data storage or dataset (data/rag/ChIJYdhm_qcYDTkRuOoWmtPIXio.json),0,False,False,True,False,⚪ KEEP — DATA / REFERENCE,KEEP
1646,data/rag/ChIJYdNoMrwCDTkRFluyHeSqGoI.json,DATASET_STORAGE,2616,Data storage or dataset (data/rag/ChIJYdNoMrwCDTkRFluyHeSqGoI.json),0,False,False,True,False,⚪ KEEP — DATA / REFERENCE,KEEP
1647,data/rag/ChIJyd_rr2UBDTkRjfnsPvF7feY.json,DATASET_STORAGE,1126,Data storage or dataset (data/rag/ChIJyd_rr2UBDTkRjfnsPvF7feY.json),0,False,False,True,False,⚪ KEEP — DATA / REFERENCE,KEEP
1648,data/rag/ChIJyfblicYYDTkRYmMn8f1coPg.json,DATASET_STORAGE,3044,Data storage or dataset (data/rag/ChIJyfblicYYDTkRYmMn8f1coPg.json),0,False,False,True,False,⚪ KEEP — DATA / REFERENCE,KEEP
1649,data/rag/ChIJYfbuyGUbDTkREm2SGwov630.json,DATASET_STORAGE,2431,Data storage or dataset (data/rag/ChIJYfbuyGUbDTkREm2SGwov630.json),0,False,False,True,False,⚪ KEEP — DATA / REFERENCE,KEEP
1650,data/rag/ChIJyfOaOSndDDkR3m2wNPTZ4I0.json,DATASET_STORAGE,1921,Data storage or dataset (data/rag/ChIJyfOaOSndDDkR3m2wNPTZ4I0.json),0,False,False,True,False,⚪ KEEP — DATA / REFERENCE,KEEP
1651,data/rag/ChIJYfoVs1v9DDkRM9L-6Z-zHdg.json,DATASET_STORAGE,3315,Data storage or dataset (data/rag/ChIJYfoVs1v9DDkRM9L-6Z-zHdg.json),0,False,False,True,False,⚪ KEEP — DATA / REFERENCE,KEEP
1652,data/rag/ChIJYfWy3MIYDTkReIo6KYRj6yw.json,DATASET_STORAGE,2697,Data storage or dataset (data/rag/ChIJYfWy3MIYDTkReIo6KYRj6yw.json),0,False,False,True,False,⚪ KEEP — DATA / REFERENCE,KEEP
1653,data/rag/ChIJyRKgd5E9DTkRQ-_q9wDDy3I.json,DATASET_STORAGE,2659,Data storage or dataset (data/rag/ChIJyRKgd5E9DTkRQ-_q9wDDy3I.json),0,False,False,True,False,⚪ KEEP — DATA / REFERENCE,KEEP
1654,data/rag/ChIJyRN6s1z7DDkRXyz-nBjM_D8.json,DATASET_STORAGE,2093,Data storage or dataset (data/rag/ChIJyRN6s1z7DDkRXyz-nBjM_D8.json),0,False,False,True,False,⚪ KEEP — DATA / REFERENCE,KEEP
1655,data/rag/ChIJYUkV8fX9DDkR-9ztjCtkqNw.json,DATASET_STORAGE,3164,Data storage or dataset (data/rag/ChIJYUkV8fX9DDkR-9ztjCtkqNw.json),0,False,False,True,False,⚪ KEEP — DATA / REFERENCE,KEEP
1656,data/rag/ChIJyUXaansBDTkRKVNqN84YfWs.json,DATASET_STORAGE,4705,Data storage or dataset (data/rag/ChIJyUXaansBDTkRKVNqN84YfWs.json),0,False,False,True,False,⚪ KEEP — DATA / REFERENCE,KEEP
1657,data/rag/ChIJYWObOR_lDDkRC3aMeHig0Mw.json,DATASET_STORAGE,5602,Data storage or dataset (data/rag/ChIJYWObOR_lDDkRC3aMeHig0Mw.json),0,False,False,True,False,⚪ KEEP — DATA / REFERENCE,KEEP
1658,data/rag/ChIJYwWeSWEbDTkRDX74PgkC5qU.json,DATASET_STORAGE,3582,Data storage or dataset (data/rag/ChIJYwWeSWEbDTkRDX74PgkC5qU.json),0,False,False,True,False,⚪ KEEP — DATA / REFERENCE,KEEP
1659,data/rag/ChIJyx6PzRIZDTkR_rpcf2iugfY.json,DATASET_STORAGE,2163,Data storage or dataset (data/rag/ChIJyx6PzRIZDTkR_rpcf2iugfY.json),0,False,False,True,False,⚪ KEEP — DATA / REFERENCE,KEEP
1660,data/rag/ChIJyxiabjIFDTkRnY9RAXKGWzU.json,DATASET_STORAGE,1214,Data storage or dataset (data/rag/ChIJyxiabjIFDTkRnY9RAXKGWzU.json),0,False,False,True,False,⚪ KEEP — DATA / REFERENCE,KEEP
1661,data/rag/ChIJYxr1NN_7DDkRDUsJ4DgCEyw.json,DATASET_STORAGE,2750,Data storage or dataset (data/rag/ChIJYxr1NN_7DDkRDUsJ4DgCEyw.json),0,False,False,True,False,⚪ KEEP — DATA / REFERENCE,KEEP
1662,data/rag/ChIJYY6UxeYBDTkRtEgy5tQBGbA.json,DATASET_STORAGE,2808,Data storage or dataset (data/rag/ChIJYY6UxeYBDTkRtEgy5tQBGbA.json),0,False,False,True,False,⚪ KEEP — DATA / REFERENCE,KEEP
1663,data/rag/ChIJYY9nHyf9DDkRjAdngMvn48Q.json,DATASET_STORAGE,2283,Data storage or dataset (data/rag/ChIJYY9nHyf9DDkRjAdngMvn48Q.json),0,False,False,True,False,⚪ KEEP — DATA / REFERENCE,KEEP
1664,data/rag/ChIJYYEN1ewHDTkRc3o8PiMnX34.json,DATASET_STORAGE,2996,Data storage or dataset (data/rag/ChIJYYEN1ewHDTkRc3o8PiMnX34.json),0,False,False,True,False,⚪ KEEP — DATA / REFERENCE,KEEP
1665,data/rag/ChIJyYjLxBEFDTkROW8FHNZ98FM.json,DATASET_STORAGE,1743,Data storage or dataset (data/rag/ChIJyYjLxBEFDTkROW8FHNZ98FM.json),0,False,False,True,False,⚪ KEEP — DATA / REFERENCE,KEEP
1666,data/rag/ChIJYy_XeOQbDTkRK2NfXsfpEEE.json,DATASET_STORAGE,3369,Data storage or dataset (data/rag/ChIJYy_XeOQbDTkRK2NfXsfpEEE.json),0,False,False,True,False,⚪ KEEP — DATA / REFERENCE,KEEP
1667,data/rag/ChIJYZ4wOkEcDTkREEowD3Q59Fc.json,DATASET_STORAGE,2203,Data storage or dataset (data/rag/ChIJYZ4wOkEcDTkREEowD3Q59Fc.json),0,False,False,True,False,⚪ KEEP — DATA / REFERENCE,KEEP
1668,data/rag/ChIJYZTxSwEBDTkRT9D2NJmj2bE.json,DATASET_STORAGE,1191,Data storage or dataset (data/rag/ChIJYZTxSwEBDTkRT9D2NJmj2bE.json),0,False,False,True,False,⚪ KEEP — DATA / REFERENCE,KEEP
1669,data/rag/ChIJY_BPJDYYDTkRkHZ4zEVDmxg.json,DATASET_STORAGE,2057,Data storage or dataset (data/rag/ChIJY_BPJDYYDTkRkHZ4zEVDmxg.json),0,False,False,True,False,⚪ KEEP — DATA / REFERENCE,KEEP
1670,data/rag/ChIJY_EghyX7DDkRdLZUY8bAyvg.json,DATASET_STORAGE,2304,Data storage or dataset (data/rag/ChIJY_EghyX7DDkRdLZUY8bAyvg.json),0,False,False,True,False,⚪ KEEP — DATA / REFERENCE,KEEP
1671,data/rag/ChIJZ-6qctYdDTkR9AxnmCK-SMw.json,DATASET_STORAGE,2225,Data storage or dataset (data/rag/ChIJZ-6qctYdDTkR9AxnmCK-SMw.json),0,False,False,True,False,⚪ KEEP — DATA / REFERENCE,KEEP
1672,data/rag/ChIJZ03D9-X_DDkRDe5lPjcYyWg.json,DATASET_STORAGE,1514,Data storage or dataset (data/rag/ChIJZ03D9-X_DDkRDe5lPjcYyWg.json),0,False,False,True,False,⚪ KEEP — DATA / REFERENCE,KEEP
1673,data/rag/ChIJz0uozLL7DDkRn8ViMcXySzo.json,DATASET_STORAGE,4240,Data storage or dataset (data/rag/ChIJz0uozLL7DDkRn8ViMcXySzo.json),0,False,False,True,False,⚪ KEEP — DATA / REFERENCE,KEEP
1674,data/rag/ChIJZ15qheAHDTkRTBlaPob9Hjs.json,DATASET_STORAGE,3708,Data storage or dataset (data/rag/ChIJZ15qheAHDTkRTBlaPob9Hjs.json),0,False,False,True,False,⚪ KEEP — DATA / REFERENCE,KEEP
1675,data/rag/ChIJz16IJ_3dDDkRmEAza-Hp2Os.json,DATASET_STORAGE,2126,Data storage or dataset (data/rag/ChIJz16IJ_3dDDkRmEAza-Hp2Os.json),0,False,False,True,False,⚪ KEEP — DATA / REFERENCE,KEEP
1676,data/rag/ChIJz1izm5IjDTkRNiCBlzrxrNk.json,DATASET_STORAGE,3143,Data storage or dataset (data/rag/ChIJz1izm5IjDTkRNiCBlzrxrNk.json),0,False,False,True,False,⚪ KEEP — DATA / REFERENCE,KEEP
1677,data/rag/ChIJz2AwM0IeDTkRE2lvAzLoGH4.json,DATASET_STORAGE,4443,Data storage or dataset (data/rag/ChIJz2AwM0IeDTkRE2lvAzLoGH4.json),0,False,False,True,False,⚪ KEEP — DATA / REFERENCE,KEEP
1678,data/rag/ChIJz2kv2TwZDTkRxLds7WNtqJY.json,DATASET_STORAGE,3809,Data storage or dataset (data/rag/ChIJz2kv2TwZDTkRxLds7WNtqJY.json),0,False,False,True,False,⚪ KEEP — DATA / REFERENCE,KEEP
1679,data/rag/ChIJz2Og6PoBDTkRAgZCmM4Axi0.json,DATASET_STORAGE,937,Data storage or dataset (data/rag/ChIJz2Og6PoBDTkRAgZCmM4Axi0.json),0,False,False,True,False,⚪ KEEP — DATA / REFERENCE,KEEP
1680,data/rag/ChIJZ3M-4pwCDTkRzGqi6XmAYD8.json,DATASET_STORAGE,3071,Data storage or dataset (data/rag/ChIJZ3M-4pwCDTkRzGqi6XmAYD8.json),0,False,False,True,False,⚪ KEEP — DATA / REFERENCE,KEEP
1681,data/rag/ChIJz5G7EdPgDDkR3nBZAmkk6QM.json,DATASET_STORAGE,1651,Data storage or dataset (data/rag/ChIJz5G7EdPgDDkR3nBZAmkk6QM.json),0,False,False,True,False,⚪ KEEP — DATA / REFERENCE,KEEP
1682,data/rag/ChIJz5hJI3IPDTkR00N5NdACfRs.json,DATASET_STORAGE,1818,Data storage or dataset (data/rag/ChIJz5hJI3IPDTkR00N5NdACfRs.json),0,False,False,True,False,⚪ KEEP — DATA / REFERENCE,KEEP
1683,data/rag/ChIJz6cFNNcDDTkR2sR2snMfXUM.json,DATASET_STORAGE,4014,Data storage or dataset (data/rag/ChIJz6cFNNcDDTkR2sR2snMfXUM.json),0,False,False,True,False,⚪ KEEP — DATA / REFERENCE,KEEP
1684,data/rag/ChIJz6mMvD4cDTkRC1x5YWUVypU.json,DATASET_STORAGE,3164,Data storage or dataset (data/rag/ChIJz6mMvD4cDTkRC1x5YWUVypU.json),0,False,False,True,False,⚪ KEEP — DATA / REFERENCE,KEEP
1685,data/rag/ChIJz6uJIQfjDDkR3gifjDKqsIQ.json,DATASET_STORAGE,2073,Data storage or dataset (data/rag/ChIJz6uJIQfjDDkR3gifjDKqsIQ.json),0,False,False,True,False,⚪ KEEP — DATA / REFERENCE,KEEP
1686,data/rag/ChIJZ8qlyNIODTkRGzLMscwXcVg.json,DATASET_STORAGE,1971,Data storage or dataset (data/rag/ChIJZ8qlyNIODTkRGzLMscwXcVg.json),0,False,False,True,False,⚪ KEEP — DATA / REFERENCE,KEEP
1687,data/rag/ChIJz9f-o84BDTkRWxCjQOpjWnQ.json,DATASET_STORAGE,1832,Data storage or dataset (data/rag/ChIJz9f-o84BDTkRWxCjQOpjWnQ.json),0,False,False,True,False,⚪ KEEP — DATA / REFERENCE,KEEP
1688,data/rag/ChIJzabjO74BDTkRpMz3VDvN2Aw.json,DATASET_STORAGE,2420,Data storage or dataset (data/rag/ChIJzabjO74BDTkRpMz3VDvN2Aw.json),0,False,False,True,False,⚪ KEEP — DATA / REFERENCE,KEEP
1689,data/rag/ChIJzaSD0YLjDDkRNdQPGay3_OE.json,DATASET_STORAGE,2275,Data storage or dataset (data/rag/ChIJzaSD0YLjDDkRNdQPGay3_OE.json),0,False,False,True,False,⚪ KEEP — DATA / REFERENCE,KEEP
1690,data/rag/ChIJZazyR6vdDDkReF4YzZwjGLw.json,DATASET_STORAGE,2218,Data storage or dataset (data/rag/ChIJZazyR6vdDDkReF4YzZwjGLw.json),0,False,False,True,False,⚪ KEEP — DATA / REFERENCE,KEEP
1691,data/rag/ChIJzbs7X9MBDTkR6P5MilgrDH8.json,DATASET_STORAGE,1443,Data storage or dataset (data/rag/ChIJzbs7X9MBDTkR6P5MilgrDH8.json),0,False,False,True,False,⚪ KEEP — DATA / REFERENCE,KEEP
1692,data/rag/ChIJZcuFGLkZDTkRsbttoM1gL2w.json,DATASET_STORAGE,3750,Data storage or dataset (data/rag/ChIJZcuFGLkZDTkRsbttoM1gL2w.json),0,False,False,True,False,⚪ KEEP — DATA / REFERENCE,KEEP
1693,data/rag/ChIJzduWdHEZDTkRBKRB3ET9eV8.json,DATASET_STORAGE,3866,Data storage or dataset (data/rag/ChIJzduWdHEZDTkRBKRB3ET9eV8.json),0,False,False,True,False,⚪ KEEP — DATA / REFERENCE,KEEP
1694,data/rag/ChIJzedOOWzjDDkRHuh3Br0sIZA.json,DATASET_STORAGE,3106,Data storage or dataset (data/rag/ChIJzedOOWzjDDkRHuh3Br0sIZA.json),0,False,False,True,False,⚪ KEEP — DATA / REFERENCE,KEEP
1695,data/rag/ChIJzeEXTeAbDTkRXRtjQda7RXg.json,DATASET_STORAGE,2523,Data storage or dataset (data/rag/ChIJzeEXTeAbDTkRXRtjQda7RXg.json),0,False,False,True,False,⚪ KEEP — DATA / REFERENCE,KEEP
1696,data/rag/ChIJZfR22t4DDTkRGeZis44ky1o.json,DATASET_STORAGE,3086,Data storage or dataset (data/rag/ChIJZfR22t4DDTkRGeZis44ky1o.json),0,False,False,True,False,⚪ KEEP — DATA / REFERENCE,KEEP
1697,data/rag/ChIJZQCmAjEZDTkRwrCenXr9HJ4.json,DATASET_STORAGE,2044,Data storage or dataset (data/rag/ChIJZQCmAjEZDTkRwrCenXr9HJ4.json),0,False,False,True,False,⚪ KEEP — DATA / REFERENCE,KEEP
1698,data/rag/ChIJzRv4VzfjDDkRuKaA3fPk1zM.json,DATASET_STORAGE,3677,Data storage or dataset (data/rag/ChIJzRv4VzfjDDkRuKaA3fPk1zM.json),0,False,False,True,False,⚪ KEEP — DATA / REFERENCE,KEEP
1699,data/rag/ChIJZSEVrPHlDDkRZ5C2vrpZXRM.json,DATASET_STORAGE,2841,Data storage or dataset (data/rag/ChIJZSEVrPHlDDkRZ5C2vrpZXRM.json),0,False,False,True,False,⚪ KEEP — DATA / REFERENCE,KEEP
1700,data/rag/ChIJZSK5CTYZDTkRfA7occujCkk.json,DATASET_STORAGE,2276,Data storage or dataset (data/rag/ChIJZSK5CTYZDTkRfA7occujCkk.json),0,False,False,True,False,⚪ KEEP — DATA / REFERENCE,KEEP
1701,data/rag/ChIJZSlK1MrjDDkRjZgS3iDnj1w.json,DATASET_STORAGE,2344,Data storage or dataset (data/rag/ChIJZSlK1MrjDDkRjZgS3iDnj1w.json),0,False,False,True,False,⚪ KEEP — DATA / REFERENCE,KEEP
1702,data/rag/ChIJZSmFMJkZDTkRohYgeUnNxxI.json,DATASET_STORAGE,3738,Data storage or dataset (data/rag/ChIJZSmFMJkZDTkRohYgeUnNxxI.json),0,False,False,True,False,⚪ KEEP — DATA / REFERENCE,KEEP
1703,data/rag/ChIJzUZZUdzjDDkRJKDEesqf9fQ.json,DATASET_STORAGE,2279,Data storage or dataset (data/rag/ChIJzUZZUdzjDDkRJKDEesqf9fQ.json),0,False,False,True,False,⚪ KEEP — DATA / REFERENCE,KEEP
1704,data/rag/ChIJZV2pMp4CDTkRKjabTG-yEYc.json,DATASET_STORAGE,2404,Data storage or dataset (data/rag/ChIJZV2pMp4CDTkRKjabTG-yEYc.json),0,False,False,True,False,⚪ KEEP — DATA / REFERENCE,KEEP
1705,data/rag/ChIJZVHCl2ocDTkR4FUy2t2OM2c.json,DATASET_STORAGE,1851,Data storage or dataset (data/rag/ChIJZVHCl2ocDTkR4FUy2t2OM2c.json),0,False,False,True,False,⚪ KEEP — DATA / REFERENCE,KEEP
1706,data/rag/ChIJzVpPAUwHDTkRCd2U21g5PSs.json,DATASET_STORAGE,5791,Data storage or dataset (data/rag/ChIJzVpPAUwHDTkRCd2U21g5PSs.json),0,False,False,True,False,⚪ KEEP — DATA / REFERENCE,KEEP
1707,data/rag/ChIJzw_MWG0BDTkRVR_jgo6c2JM.json,DATASET_STORAGE,1190,Data storage or dataset (data/rag/ChIJzw_MWG0BDTkRVR_jgo6c2JM.json),0,False,False,True,False,⚪ KEEP — DATA / REFERENCE,KEEP
1708,data/rag/ChIJzXc9YhUBDTkRsWv66_fqyqA.json,DATASET_STORAGE,4010,Data storage or dataset (data/rag/ChIJzXc9YhUBDTkRsWv66_fqyqA.json),0,False,False,True,False,⚪ KEEP — DATA / REFERENCE,KEEP
1709,data/rag/ChIJzyidtTEdDTkR32S2ajuXbOs.json,DATASET_STORAGE,2155,Data storage or dataset (data/rag/ChIJzyidtTEdDTkR32S2ajuXbOs.json),0,False,False,True,False,⚪ KEEP — DATA / REFERENCE,KEEP
1710,data/rag/ChIJZyIlaxwZDTkRlnVSGo9liHo.json,DATASET_STORAGE,2981,Data storage or dataset (data/rag/ChIJZyIlaxwZDTkRlnVSGo9liHo.json),0,False,False,True,False,⚪ KEEP — DATA / REFERENCE,KEEP
1711,data/rag/ChIJzyKBJd7lDDkRCBDbrwbxyt0.json,DATASET_STORAGE,2497,Data storage or dataset (data/rag/ChIJzyKBJd7lDDkRCBDbrwbxyt0.json),0,False,False,True,False,⚪ KEEP — DATA / REFERENCE,KEEP
1712,data/rag/ChIJzYWKVtgEDTkREkjqjzN6nas.json,DATASET_STORAGE,1648,Data storage or dataset (data/rag/ChIJzYWKVtgEDTkREkjqjzN6nas.json),0,False,False,True,False,⚪ KEEP — DATA / REFERENCE,KEEP
1713,data/rag/ChIJZYZCov4ZDTkR0xTOhZJFEAI.json,DATASET_STORAGE,2098,Data storage or dataset (data/rag/ChIJZYZCov4ZDTkR0xTOhZJFEAI.json),0,False,False,True,False,⚪ KEEP — DATA / REFERENCE,KEEP
1714,data/rag/ChIJzZI0VEkZDTkR29_RofPvWQE.json,DATASET_STORAGE,2849,Data storage or dataset (data/rag/ChIJzZI0VEkZDTkR29_RofPvWQE.json),0,False,False,True,False,⚪ KEEP — DATA / REFERENCE,KEEP
1715,data/rag/ChIJZ_Ph8UP9DDkR3ZwIJeTmtoA.json,DATASET_STORAGE,4260,Data storage or dataset (data/rag/ChIJZ_Ph8UP9DDkR3ZwIJeTmtoA.json),0,False,False,True,False,⚪ KEEP — DATA / REFERENCE,KEEP
1716,data/rag/ChIJ_-A3ZQA9DTkRohlfyHDiSeU.json,DATASET_STORAGE,1136,Data storage or dataset (data/rag/ChIJ_-A3ZQA9DTkRohlfyHDiSeU.json),0,False,False,True,False,⚪ KEEP — DATA / REFERENCE,KEEP
1717,data/rag/ChIJ_-aIgzIYDTkRBlQb3cm8lhA.json,DATASET_STORAGE,2627,Data storage or dataset (data/rag/ChIJ_-aIgzIYDTkRBlQb3cm8lhA.json),0,False,False,True,False,⚪ KEEP — DATA / REFERENCE,KEEP
1718,data/rag/ChIJ_2COEUEcDTkRRyJOt032yac.json,DATASET_STORAGE,3197,Data storage or dataset (data/rag/ChIJ_2COEUEcDTkRRyJOt032yac.json),0,False,False,True,False,⚪ KEEP — DATA / REFERENCE,KEEP
1719,data/rag/ChIJ_2UShLkZDTkRuxpjX8R1uP8.json,DATASET_STORAGE,2320,Data storage or dataset (data/rag/ChIJ_2UShLkZDTkRuxpjX8R1uP8.json),0,False,False,True,False,⚪ KEEP — DATA / REFERENCE,KEEP
1720,data/rag/ChIJ_2XTFpEbDTkR_wloHcUNR5g.json,DATASET_STORAGE,2790,Data storage or dataset (data/rag/ChIJ_2XTFpEbDTkR_wloHcUNR5g.json),0,False,False,True,False,⚪ KEEP — DATA / REFERENCE,KEEP
1721,data/rag/ChIJ_4_TU0JrDTkRyysHVRMOMlY.json,DATASET_STORAGE,1356,Data storage or dataset (data/rag/ChIJ_4_TU0JrDTkRyysHVRMOMlY.json),0,False,False,True,False,⚪ KEEP — DATA / REFERENCE,KEEP
1722,data/rag/ChIJ_5Hg9YIFDTkRXwEXjrDM4mM.json,DATASET_STORAGE,2291,Data storage or dataset (data/rag/ChIJ_5Hg9YIFDTkRXwEXjrDM4mM.json),0,False,False,True,False,⚪ KEEP — DATA / REFERENCE,KEEP
1723,data/rag/ChIJ_5tYXsvjDDkRSqUQm4XD8P0.json,DATASET_STORAGE,3360,Data storage or dataset (data/rag/ChIJ_5tYXsvjDDkRSqUQm4XD8P0.json),0,False,False,True,False,⚪ KEEP — DATA / REFERENCE,KEEP
1724,data/rag/ChIJ_6r0CQmrDTkRA9wwZDVV-LE.json,DATASET_STORAGE,1211,Data storage or dataset (data/rag/ChIJ_6r0CQmrDTkRA9wwZDVV-LE.json),0,False,False,True,False,⚪ KEEP — DATA / REFERENCE,KEEP
1725,data/rag/ChIJ_6WIiowZDTkRWY5b3ANJGR8.json,DATASET_STORAGE,1408,Data storage or dataset (data/rag/ChIJ_6WIiowZDTkRWY5b3ANJGR8.json),0,False,False,True,False,⚪ KEEP — DATA / REFERENCE,KEEP
1726,data/rag/ChIJ_8JzTlsDDTkRbbgJvd3R7J8.json,DATASET_STORAGE,4652,Data storage or dataset (data/rag/ChIJ_8JzTlsDDTkRbbgJvd3R7J8.json),0,False,False,True,False,⚪ KEEP — DATA / REFERENCE,KEEP
1727,data/rag/ChIJ_9rw7eAFDTkRqnPuRhVAmcE.json,DATASET_STORAGE,2562,Data storage or dataset (data/rag/ChIJ_9rw7eAFDTkRqnPuRhVAmcE.json),0,False,False,True,False,⚪ KEEP — DATA / REFERENCE,KEEP
1728,data/rag/ChIJ_aDnf8sVDTkRnJ0EHXJQld4.json,DATASET_STORAGE,1626,Data storage or dataset (data/rag/ChIJ_aDnf8sVDTkRnJ0EHXJQld4.json),0,False,False,True,False,⚪ KEEP — DATA / REFERENCE,KEEP
1729,data/rag/ChIJ_b5_2h8XDTkRH-3grjWSpsI.json,DATASET_STORAGE,2426,Data storage or dataset (data/rag/ChIJ_b5_2h8XDTkRH-3grjWSpsI.json),0,False,False,True,False,⚪ KEEP — DATA / REFERENCE,KEEP
1730,data/rag/ChIJ_cETkuP_DDkRhX8mgtJsk20.json,DATASET_STORAGE,3191,Data storage or dataset (data/rag/ChIJ_cETkuP_DDkRhX8mgtJsk20.json),0,False,False,True,False,⚪ KEEP — DATA / REFERENCE,KEEP
1731,data/rag/ChIJ_RV61HsHDTkRAWWXg1KJw4k.json,DATASET_STORAGE,1754,Data storage or dataset (data/rag/ChIJ_RV61HsHDTkRAWWXg1KJw4k.json),0,False,False,True,False,⚪ KEEP — DATA / REFERENCE,KEEP
1732,data/rag/ChIJ_RzqqisFDTkRYxg7FcLYFkg.json,DATASET_STORAGE,3973,Data storage or dataset (data/rag/ChIJ_RzqqisFDTkRYxg7FcLYFkg.json),0,False,False,True,False,⚪ KEEP — DATA / REFERENCE,KEEP
1733,data/rag/ChIJ_SPfEQOrDTkRvvuzVUspwgQ.json,DATASET_STORAGE,1833,Data storage or dataset (data/rag/ChIJ_SPfEQOrDTkRvvuzVUspwgQ.json),0,False,False,True,False,⚪ KEEP — DATA / REFERENCE,KEEP
1734,data/rag/ChIJ_TgOBC77DDkRn-cT52fWX4g.json,DATASET_STORAGE,4123,Data storage or dataset (data/rag/ChIJ_TgOBC77DDkRn-cT52fWX4g.json),0,False,False,True,False,⚪ KEEP — DATA / REFERENCE,KEEP
1735,data/rag/ChIJ_VWw2m0FDTkRNLPQlWkE8Bo.json,DATASET_STORAGE,2526,Data storage or dataset (data/rag/ChIJ_VWw2m0FDTkRNLPQlWkE8Bo.json),0,False,False,True,False,⚪ KEEP — DATA / REFERENCE,KEEP
1736,data/rag/ChIJ_XfWkV0DDTkRV-MWftStFZY.json,DATASET_STORAGE,2095,Data storage or dataset (data/rag/ChIJ_XfWkV0DDTkRV-MWftStFZY.json),0,False,False,True,False,⚪ KEEP — DATA / REFERENCE,KEEP
1737,data/rag/ChIJ_XGJiqsVDTkRsDGzPDq1p6Q.json,DATASET_STORAGE,1757,Data storage or dataset (data/rag/ChIJ_XGJiqsVDTkRsDGzPDq1p6Q.json),0,False,False,True,False,⚪ KEEP — DATA / REFERENCE,KEEP
1738,data/rag/ChIJ_xQYuMUGDTkRBSlXLNO45WY.json,DATASET_STORAGE,4290,Data storage or dataset (data/rag/ChIJ_xQYuMUGDTkRBSlXLNO45WY.json),0,False,False,True,False,⚪ KEEP — DATA / REFERENCE,KEEP
1739,data/rag/ChIJ_y1TYvz9DDkRN-aFtSMAKCs.json,DATASET_STORAGE,2119,Data storage or dataset (data/rag/ChIJ_y1TYvz9DDkRN-aFtSMAKCs.json),0,False,False,True,False,⚪ KEEP — DATA / REFERENCE,KEEP
1740,data/rag/ChIJ_yPZ5d4fDTkRzAGMFkC6CGQ.json,DATASET_STORAGE,1998,Data storage or dataset (data/rag/ChIJ_yPZ5d4fDTkRzAGMFkC6CGQ.json),0,False,False,True,False,⚪ KEEP — DATA / REFERENCE,KEEP
1741,data/rag/ChIJ_z56lUH9DDkRhf379R0nNTM.json,DATASET_STORAGE,2255,Data storage or dataset (data/rag/ChIJ_z56lUH9DDkRhf379R0nNTM.json),0,False,False,True,False,⚪ KEEP — DATA / REFERENCE,KEEP
1742,data/rag/ChIJ_zxrm-cHDTkRc_Jjh14DsCg.json,DATASET_STORAGE,1077,Data storage or dataset (data/rag/ChIJ_zxrm-cHDTkRc_Jjh14DsCg.json),0,False,False,True,False,⚪ KEEP — DATA / REFERENCE,KEEP
1743,data/rag/ChIJ__9Cj5v9DDkRsjHV7byyVaw.json,DATASET_STORAGE,2383,Data storage or dataset (data/rag/ChIJ__9Cj5v9DDkRsjHV7byyVaw.json),0,False,False,True,False,⚪ KEEP — DATA / REFERENCE,KEEP
1744,data/rag/ChIJ____b0MADTkRbiV2o9JWBTw.json,DATASET_STORAGE,2208,Data storage or dataset (data/rag/ChIJ____b0MADTkRbiV2o9JWBTw.json),0,False,False,True,False,⚪ KEEP — DATA / REFERENCE,KEEP
1745,data/rag/ChIJ____Qq3jDDkRUN3S8QF_1Ec.json,DATASET_STORAGE,3079,Data storage or dataset (data/rag/ChIJ____Qq3jDDkRUN3S8QF_1Ec.json),0,False,False,True,False,⚪ KEEP — DATA / REFERENCE,KEEP
1746,data/rag/ChIJ____v1M8DTkRORbMFsPZdfY.json,DATASET_STORAGE,5219,Data storage or dataset (data/rag/ChIJ____v1M8DTkRORbMFsPZdfY.json),0,False,False,True,False,⚪ KEEP — DATA / REFERENCE,KEEP
1747,data/rag/ChIJ____v_wYDTkRhZscYezopi4.json,DATASET_STORAGE,2292,Data storage or dataset (data/rag/ChIJ____v_wYDTkRhZscYezopi4.json),0,False,False,True,False,⚪ KEEP — DATA / REFERENCE,KEEP
1748,data/rag/ChIJ_____1DcDDkRKENDYcDWJ98.json,DATASET_STORAGE,1821,Data storage or dataset (data/rag/ChIJ_____1DcDDkRKENDYcDWJ98.json),0,False,False,True,False,⚪ KEEP — DATA / REFERENCE,KEEP
1749,data/rag/ChIJ_____28-DTkRl1V_FzJyhHA.json,DATASET_STORAGE,2612,Data storage or dataset (data/rag/ChIJ_____28-DTkRl1V_FzJyhHA.json),0,False,False,True,False,⚪ KEEP — DATA / REFERENCE,KEEP
1750,data/rag/ChIJ_____5wCDTkRudqX6MHuX78.json,DATASET_STORAGE,4610,Data storage or dataset (data/rag/ChIJ_____5wCDTkRudqX6MHuX78.json),0,False,False,True,False,⚪ KEEP — DATA / REFERENCE,KEEP
1751,data/raw/google_places/delhi_hotels_raw.csv,DATASET_STORAGE,329352,Data storage or dataset (data/raw/google_places/delhi_hotels_raw.csv),10,False,False,True,False,⚪ KEEP — DATA / REFERENCE,KEEP
1752,data/raw/reviews/reviews_raw.csv,DATASET_STORAGE,4055393,Data storage or dataset (data/raw/reviews/reviews_raw.csv),11,False,False,True,False,⚪ KEEP — DATA / REFERENCE,KEEP
1753,data/raw/synthetic_users/interactions.csv,DATASET_STORAGE,678292,Data storage or dataset (data/raw/synthetic_users/interactions.csv),11,False,False,True,False,⚪ KEEP — DATA / REFERENCE,KEEP
1754,data/raw/synthetic_users/interactions_v2.csv,DATASET_STORAGE,1908535,Data storage or dataset (data/raw/synthetic_users/interactions_v2.csv),15,False,False,True,False,⚪ KEEP — DATA / REFERENCE,KEEP
1755,data/raw/synthetic_users/users.csv,DATASET_STORAGE,41226,Data storage or dataset (data/raw/synthetic_users/users.csv),17,False,False,True,False,⚪ KEEP — DATA / REFERENCE,KEEP
1756,frontend/.gitignore,OTHER,480,,0,False,False,False,False,🟡 DELETE = LOW RISK,ARCHIVE
1757,frontend/AGENTS.md,OTHER,327,,1,False,False,False,False,🟡 DELETE = LOW RISK,ARCHIVE
1758,frontend/CLAUDE.md,OTHER,11,,0,False,False,False,False,🟡 DELETE = LOW RISK,ARCHIVE
1759,frontend/eslint.config.mjs,OTHER,465,,0,False,False,False,False,🟡 DELETE = LOW RISK,ARCHIVE
1760,frontend/next-env.d.ts,OTHER,247,,6,False,False,False,False,🟡 DELETE = LOW RISK,ARCHIVE
1761,frontend/next.config.ts,OTHER,133,,5,False,False,False,False,🟡 DELETE = LOW RISK,ARCHIVE
1762,frontend/package-lock.json,OTHER,228619,,0,False,False,False,False,🟡 DELETE = LOW RISK,ARCHIVE
1763,frontend/package.json,OTHER,708,,70,False,False,False,False,🟡 DELETE = LOW RISK,ARCHIVE
1764,frontend/postcss.config.mjs,OTHER,94,,8,False,False,False,False,🟡 DELETE = LOW RISK,ARCHIVE
1765,frontend/README.md,OTHER,1450,,0,False,False,False,False,🟡 DELETE = LOW RISK,ARCHIVE
1766,frontend/tsconfig.json,OTHER,666,,0,False,False,False,False,🟡 DELETE = LOW RISK,ARCHIVE
1767,frontend/tsconfig.tsbuildinfo,OTHER,112340,,0,False,False,False,False,🟡 DELETE = LOW RISK,ARCHIVE
1768,frontend/.next/app-path-routes-manifest.json,OTHER,415,,5,False,False,False,False,🟡 DELETE = LOW RISK,ARCHIVE
1769,frontend/.next/build-manifest.json,OTHER,541,,5,False,False,False,False,🟡 DELETE = LOW RISK,ARCHIVE
1770,frontend/.next/BUILD_ID,OTHER,21,,5,False,False,False,False,🟡 DELETE = LOW RISK,ARCHIVE
1771,frontend/.next/export-marker.json,OTHER,111,,3,False,False,False,False,🟡 DELETE = LOW RISK,ARCHIVE
1772,frontend/.next/fallback-build-manifest.json,OTHER,299,,0,False,False,False,False,🟡 DELETE = LOW RISK,ARCHIVE
1773,frontend/.next/images-manifest.json,OTHER,1193,,3,False,False,False,False,🟡 DELETE = LOW RISK,ARCHIVE
1774,frontend/.next/next-minimal-server.js.nft.json,OTHER,5527,,0,False,False,False,False,🟡 DELETE = LOW RISK,ARCHIVE
1775,frontend/.next/next-server.js.nft.json,OTHER,41185,,0,False,False,False,False,🟡 DELETE = LOW RISK,ARCHIVE
1776,frontend/.next/package.json,OTHER,20,,70,False,False,False,False,🟡 DELETE = LOW RISK,ARCHIVE
1777,frontend/.next/prerender-manifest.json,OTHER,7890,,5,False,False,False,False,🟡 DELETE = LOW RISK,ARCHIVE
1778,frontend/.next/required-server-files.js,OTHER,9412,,1,False,False,False,False,🟡 DELETE = LOW RISK,ARCHIVE
1779,frontend/.next/required-server-files.json,OTHER,9383,,1,False,False,False,False,🟡 DELETE = LOW RISK,ARCHIVE
1780,frontend/.next/routes-manifest.json,OTHER,3001,,15,False,False,False,False,🟡 DELETE = LOW RISK,ARCHIVE
1781,frontend/.next/trace,OTHER,8629,,160,False,False,False,False,🟡 DELETE = LOW RISK,ARCHIVE
1782,frontend/.next/trace-build,OTHER,1204,,0,False,False,False,False,🟡 DELETE = LOW RISK,ARCHIVE
1783,frontend/.next/turbopack,OTHER,0,,471,False,False,False,False,🟡 DELETE = LOW RISK,ARCHIVE
1784,frontend/.next/build/56416d4ae4ce586f.js,OTHER,922,,1,False,False,False,False,🟡 DELETE = LOW RISK,ARCHIVE
1785,frontend/.next/build/56416d4ae4ce586f.js.map,OTHER,53,,0,False,False,False,False,🟡 DELETE = LOW RISK,ARCHIVE
1786,frontend/.next/build/package.json,OTHER,20,,70,False,False,False,False,🟡 DELETE = LOW RISK,ARCHIVE
1787,frontend/.next/build/chunks/node_modules_20v-8wl._.js,OTHER,269894,,3,False,False,False,False,🟡 DELETE = LOW RISK,ARCHIVE
1788,frontend/.next/build/chunks/node_modules_20v-8wl._.js.map,OTHER,432542,,2,False,False,False,False,🟡 DELETE = LOW RISK,ARCHIVE
1789,frontend/.next/build/chunks/[root-of-the-server]__0oj80bi._.js,OTHER,8436,,2,False,False,False,False,🟡 DELETE = LOW RISK,ARCHIVE
1790,frontend/.next/build/chunks/[root-of-the-server]__0oj80bi._.js.map,OTHER,9993,,0,False,False,False,False,🟡 DELETE = LOW RISK,ARCHIVE
1791,frontend/.next/build/chunks/[root-of-the-server]__1f933tp._.js,OTHER,17727,,2,False,False,False,False,🟡 DELETE = LOW RISK,ARCHIVE
1792,frontend/.next/build/chunks/[root-of-the-server]__1f933tp._.js.map,OTHER,26429,,0,False,False,False,False,🟡 DELETE = LOW RISK,ARCHIVE
1793,frontend/.next/build/chunks/[turbopack-node]_transforms_postcss_ts_0b7xl6g._.js,OTHER,597,,2,False,False,False,False,🟡 DELETE = LOW RISK,ARCHIVE
1794,frontend/.next/build/chunks/[turbopack-node]_transforms_postcss_ts_0b7xl6g._.js.map,OTHER,53,,0,False,False,False,False,🟡 DELETE = LOW RISK,ARCHIVE
1795,frontend/.next/build/chunks/[turbopack]_runtime.js,OTHER,33660,,44,False,False,False,False,🟡 DELETE = LOW RISK,ARCHIVE
1796,frontend/.next/build/chunks/[turbopack]_runtime.js.map,OTHER,62756,,0,False,False,False,False,🟡 DELETE = LOW RISK,ARCHIVE
1797,frontend/.next/cache/.previewinfo,OTHER,262,,0,False,False,False,False,🟡 DELETE = LOW RISK,ARCHIVE
1798,frontend/.next/cache/.rscinfo,OTHER,102,,0,False,False,False,False,🟡 DELETE = LOW RISK,ARCHIVE
1799,frontend/.next/cache/.tsbuildinfo,OTHER,128273,,0,False,False,False,False,🟡 DELETE = LOW RISK,ARCHIVE
1800,frontend/.next/dev/build-manifest.json,OTHER,2302,,5,False,False,False,False,🟡 DELETE = LOW RISK,ARCHIVE
1801,frontend/.next/dev/fallback-build-manifest.json,OTHER,1550,,0,False,False,False,False,🟡 DELETE = LOW RISK,ARCHIVE
1802,frontend/.next/dev/lock,OTHER,107,,436,False,False,False,False,🟡 DELETE = LOW RISK,ARCHIVE
1803,frontend/.next/dev/package.json,OTHER,24,,70,False,False,False,False,🟡 DELETE = LOW RISK,ARCHIVE
1804,frontend/.next/dev/prerender-manifest.json,OTHER,354,,5,False,False,False,False,🟡 DELETE = LOW RISK,ARCHIVE
1805,frontend/.next/dev/routes-manifest.json,OTHER,308,,15,False,False,False,False,🟡 DELETE = LOW RISK,ARCHIVE
1806,frontend/.next/dev/trace,OTHER,2062309,,160,False,False,False,False,🟡 DELETE = LOW RISK,ARCHIVE
1807,frontend/.next/dev/build/56416d4ae4ce586f.js,OTHER,922,,1,False,False,False,False,🟡 DELETE = LOW RISK,ARCHIVE
1808,frontend/.next/dev/build/56416d4ae4ce586f.js.map,OTHER,53,,0,False,False,False,False,🟡 DELETE = LOW RISK,ARCHIVE
1809,frontend/.next/dev/build/package.json,OTHER,20,,70,False,False,False,False,🟡 DELETE = LOW RISK,ARCHIVE
1810,frontend/.next/dev/build/chunks/node_modules_20v-8wl._.js,OTHER,271887,,3,False,False,False,False,🟡 DELETE = LOW RISK,ARCHIVE
1811,frontend/.next/dev/build/chunks/node_modules_20v-8wl._.js.map,OTHER,433598,,2,False,False,False,False,🟡 DELETE = LOW RISK,ARCHIVE
1812,frontend/.next/dev/build/chunks/[root-of-the-server]__0oj80bi._.js,OTHER,8436,,2,False,False,False,False,🟡 DELETE = LOW RISK,ARCHIVE
1813,frontend/.next/dev/build/chunks/[root-of-the-server]__0oj80bi._.js.map,OTHER,9993,,0,False,False,False,False,🟡 DELETE = LOW RISK,ARCHIVE
1814,frontend/.next/dev/build/chunks/[root-of-the-server]__1f933tp._.js,OTHER,18063,,2,False,False,False,False,🟡 DELETE = LOW RISK,ARCHIVE
1815,frontend/.next/dev/build/chunks/[root-of-the-server]__1f933tp._.js.map,OTHER,26570,,0,False,False,False,False,🟡 DELETE = LOW RISK,ARCHIVE
1816,frontend/.next/dev/build/chunks/[turbopack-node]_transforms_postcss_ts_0b7xl6g._.js,OTHER,597,,2,False,False,False,False,🟡 DELETE = LOW RISK,ARCHIVE
1817,frontend/.next/dev/build/chunks/[turbopack-node]_transforms_postcss_ts_0b7xl6g._.js.map,OTHER,53,,0,False,False,False,False,🟡 DELETE = LOW RISK,ARCHIVE
1818,frontend/.next/dev/build/chunks/[turbopack]_runtime.js,OTHER,69002,,44,False,False,False,False,🟡 DELETE = LOW RISK,ARCHIVE
1819,frontend/.next/dev/build/chunks/[turbopack]_runtime.js.map,OTHER,122994,,0,False,False,False,False,🟡 DELETE = LOW RISK,ARCHIVE
1820,frontend/.next/dev/cache/.rscinfo,OTHER,102,,0,False,False,False,False,🟡 DELETE = LOW RISK,ARCHIVE
1821,frontend/.next/dev/cache/chrome-devtools-workspace-uuid,OTHER,36,,0,False,False,False,False,🟡 DELETE = LOW RISK,ARCHIVE
1822,frontend/.next/dev/cache/next-devtools-config.json,OTHER,2,,0,False,False,False,False,🟡 DELETE = LOW RISK,ARCHIVE
1823,frontend/.next/dev/cache/turbopack/v16.2.10/00000003.sst,OTHER,52,,0,False,False,False,False,🟡 DELETE = LOW RISK,ARCHIVE
1824,frontend/.next/dev/cache/turbopack/v16.2.10/00000004.sst,OTHER,3489,,0,False,False,False,False,🟡 DELETE = LOW RISK,ARCHIVE
1825,frontend/.next/dev/cache/turbopack/v16.2.10/00000005.meta,OTHER,674,,0,False,False,False,False,🟡 DELETE = LOW RISK,ARCHIVE
1826,frontend/.next/dev/cache/turbopack/v16.2.10/00000008.meta,OTHER,1189,,0,False,False,False,False,🟡 DELETE = LOW RISK,ARCHIVE
1827,frontend/.next/dev/cache/turbopack/v16.2.10/00000014.sst,OTHER,52,,0,False,False,False,False,🟡 DELETE = LOW RISK,ARCHIVE
1828,frontend/.next/dev/cache/turbopack/v16.2.10/00000015.sst,OTHER,1457813,,0,False,False,False,False,🟡 DELETE = LOW RISK,ARCHIVE
1829,frontend/.next/dev/cache/turbopack/v16.2.10/00000016.meta,OTHER,674,,0,False,False,False,False,🟡 DELETE = LOW RISK,ARCHIVE
1830,frontend/.next/dev/cache/turbopack/v16.2.10/00000017.meta,OTHER,150113,,0,False,False,False,False,🟡 DELETE = LOW RISK,ARCHIVE
1831,frontend/.next/dev/cache/turbopack/v16.2.10/00000022.sst,OTHER,52,,0,False,False,False,False,🟡 DELETE = LOW RISK,ARCHIVE
1832,frontend/.next/dev/cache/turbopack/v16.2.10/00000023.meta,OTHER,674,,0,False,False,False,False,🟡 DELETE = LOW RISK,ARCHIVE
1833,frontend/.next/dev/cache/turbopack/v16.2.10/00000028.sst,OTHER,52,,0,False,False,False,False,🟡 DELETE = LOW RISK,ARCHIVE
1834,frontend/.next/dev/cache/turbopack/v16.2.10/00000029.meta,OTHER,674,,0,False,False,False,False,🟡 DELETE = LOW RISK,ARCHIVE
1835,frontend/.next/dev/cache/turbopack/v16.2.10/00000034.sst,OTHER,52,,0,False,False,False,False,🟡 DELETE = LOW RISK,ARCHIVE
1836,frontend/.next/dev/cache/turbopack/v16.2.10/00000035.sst,OTHER,1713,,0,False,False,False,False,🟡 DELETE = LOW RISK,ARCHIVE
1837,frontend/.next/dev/cache/turbopack/v16.2.10/00000036.meta,OTHER,674,,0,False,False,False,False,🟡 DELETE = LOW RISK,ARCHIVE
1838,frontend/.next/dev/cache/turbopack/v16.2.10/00000039.meta,OTHER,895,,0,False,False,False,False,🟡 DELETE = LOW RISK,ARCHIVE
1839,frontend/.next/dev/cache/turbopack/v16.2.10/00000042.sst,OTHER,52,,0,False,False,False,False,🟡 DELETE = LOW RISK,ARCHIVE
1840,frontend/.next/dev/cache/turbopack/v16.2.10/00000043.sst,OTHER,1197,,0,False,False,False,False,🟡 DELETE = LOW RISK,ARCHIVE
1841,frontend/.next/dev/cache/turbopack/v16.2.10/00000044.meta,OTHER,674,,0,False,False,False,False,🟡 DELETE = LOW RISK,ARCHIVE
1842,frontend/.next/dev/cache/turbopack/v16.2.10/00000047.meta,OTHER,747,,0,False,False,False,False,🟡 DELETE = LOW RISK,ARCHIVE
1843,frontend/.next/dev/cache/turbopack/v16.2.10/00000050.sst,OTHER,52,,0,False,False,False,False,🟡 DELETE = LOW RISK,ARCHIVE
1844,frontend/.next/dev/cache/turbopack/v16.2.10/00000051.sst,OTHER,81,,0,False,False,False,False,🟡 DELETE = LOW RISK,ARCHIVE
1845,frontend/.next/dev/cache/turbopack/v16.2.10/00000052.meta,OTHER,674,,0,False,False,False,False,🟡 DELETE = LOW RISK,ARCHIVE
1846,frontend/.next/dev/cache/turbopack/v16.2.10/00000055.meta,OTHER,674,,0,False,False,False,False,🟡 DELETE = LOW RISK,ARCHIVE
1847,frontend/.next/dev/cache/turbopack/v16.2.10/00000058.sst,OTHER,52,,0,False,False,False,False,🟡 DELETE = LOW RISK,ARCHIVE
1848,frontend/.next/dev/cache/turbopack/v16.2.10/00000059.meta,OTHER,674,,0,False,False,False,False,🟡 DELETE = LOW RISK,ARCHIVE
1849,frontend/.next/dev/cache/turbopack/v16.2.10/00000064.sst,OTHER,52,,0,False,False,False,False,🟡 DELETE = LOW RISK,ARCHIVE
1850,frontend/.next/dev/cache/turbopack/v16.2.10/00000065.sst,OTHER,45,,0,False,False,False,False,🟡 DELETE = LOW RISK,ARCHIVE
1851,frontend/.next/dev/cache/turbopack/v16.2.10/00000066.meta,OTHER,674,,0,False,False,False,False,🟡 DELETE = LOW RISK,ARCHIVE
1852,frontend/.next/dev/cache/turbopack/v16.2.10/00000069.meta,OTHER,674,,0,False,False,False,False,🟡 DELETE = LOW RISK,ARCHIVE
1853,frontend/.next/dev/cache/turbopack/v16.2.10/00000072.sst,OTHER,52,,0,False,False,False,False,🟡 DELETE = LOW RISK,ARCHIVE
1854,frontend/.next/dev/cache/turbopack/v16.2.10/00000073.sst,OTHER,45,,0,False,False,False,False,🟡 DELETE = LOW RISK,ARCHIVE
1855,frontend/.next/dev/cache/turbopack/v16.2.10/00000074.meta,OTHER,674,,0,False,False,False,False,🟡 DELETE = LOW RISK,ARCHIVE
1856,frontend/.next/dev/cache/turbopack/v16.2.10/00000077.meta,OTHER,674,,0,False,False,False,False,🟡 DELETE = LOW RISK,ARCHIVE
1857,frontend/.next/dev/cache/turbopack/v16.2.10/00000080.sst,OTHER,52,,0,False,False,False,False,🟡 DELETE = LOW RISK,ARCHIVE
1858,frontend/.next/dev/cache/turbopack/v16.2.10/00000081.sst,OTHER,45,,0,False,False,False,False,🟡 DELETE = LOW RISK,ARCHIVE
1859,frontend/.next/dev/cache/turbopack/v16.2.10/00000082.meta,OTHER,674,,0,False,False,False,False,🟡 DELETE = LOW RISK,ARCHIVE
1860,frontend/.next/dev/cache/turbopack/v16.2.10/00000085.meta,OTHER,674,,0,False,False,False,False,🟡 DELETE = LOW RISK,ARCHIVE
1861,frontend/.next/dev/cache/turbopack/v16.2.10/00000091.sst,OTHER,52,,0,False,False,False,False,🟡 DELETE = LOW RISK,ARCHIVE
1862,frontend/.next/dev/cache/turbopack/v16.2.10/00000092.sst,OTHER,122717,,0,False,False,False,False,🟡 DELETE = LOW RISK,ARCHIVE
1863,frontend/.next/dev/cache/turbopack/v16.2.10/00000093.meta,OTHER,674,,0,False,False,False,False,🟡 DELETE = LOW RISK,ARCHIVE
1864,frontend/.next/dev/cache/turbopack/v16.2.10/00000096.meta,OTHER,19293,,0,False,False,False,False,🟡 DELETE = LOW RISK,ARCHIVE
1865,frontend/.next/dev/cache/turbopack/v16.2.10/00000106.sst,OTHER,52,,0,False,False,False,False,🟡 DELETE = LOW RISK,ARCHIVE
1866,frontend/.next/dev/cache/turbopack/v16.2.10/00000107.sst,OTHER,21777,,0,False,False,False,False,🟡 DELETE = LOW RISK,ARCHIVE
1867,frontend/.next/dev/cache/turbopack/v16.2.10/00000108.meta,OTHER,674,,0,False,False,False,False,🟡 DELETE = LOW RISK,ARCHIVE
1868,frontend/.next/dev/cache/turbopack/v16.2.10/00000111.meta,OTHER,2941,,0,False,False,False,False,🟡 DELETE = LOW RISK,ARCHIVE
1869,frontend/.next/dev/cache/turbopack/v16.2.10/00000114.sst,OTHER,52,,0,False,False,False,False,🟡 DELETE = LOW RISK,ARCHIVE
1870,frontend/.next/dev/cache/turbopack/v16.2.10/00000115.sst,OTHER,177,,0,False,False,False,False,🟡 DELETE = LOW RISK,ARCHIVE
1871,frontend/.next/dev/cache/turbopack/v16.2.10/00000116.meta,OTHER,674,,0,False,False,False,False,🟡 DELETE = LOW RISK,ARCHIVE
1872,frontend/.next/dev/cache/turbopack/v16.2.10/00000119.meta,OTHER,674,,0,False,False,False,False,🟡 DELETE = LOW RISK,ARCHIVE
1873,frontend/.next/dev/cache/turbopack/v16.2.10/00000125.sst,OTHER,52,,0,False,False,False,False,🟡 DELETE = LOW RISK,ARCHIVE
1874,frontend/.next/dev/cache/turbopack/v16.2.10/00000126.sst,OTHER,10093,,0,False,False,False,False,🟡 DELETE = LOW RISK,ARCHIVE
1875,frontend/.next/dev/cache/turbopack/v16.2.10/00000127.meta,OTHER,674,,0,False,False,False,False,🟡 DELETE = LOW RISK,ARCHIVE
1876,frontend/.next/dev/cache/turbopack/v16.2.10/00000130.meta,OTHER,1773,,0,False,False,False,False,🟡 DELETE = LOW RISK,ARCHIVE
1877,frontend/.next/dev/cache/turbopack/v16.2.10/00000136.sst,OTHER,52,,0,False,False,False,False,🟡 DELETE = LOW RISK,ARCHIVE
1878,frontend/.next/dev/cache/turbopack/v16.2.10/00000137.sst,OTHER,209573,,0,False,False,False,False,🟡 DELETE = LOW RISK,ARCHIVE
1879,frontend/.next/dev/cache/turbopack/v16.2.10/00000138.meta,OTHER,674,,0,False,False,False,False,🟡 DELETE = LOW RISK,ARCHIVE
1880,frontend/.next/dev/cache/turbopack/v16.2.10/00000141.meta,OTHER,37981,,0,False,False,False,False,🟡 DELETE = LOW RISK,ARCHIVE
1881,frontend/.next/dev/cache/turbopack/v16.2.10/00000148.sst,OTHER,52,,0,False,False,False,False,🟡 DELETE = LOW RISK,ARCHIVE
1882,frontend/.next/dev/cache/turbopack/v16.2.10/00000149.sst,OTHER,12517,,0,False,False,False,False,🟡 DELETE = LOW RISK,ARCHIVE
1883,frontend/.next/dev/cache/turbopack/v16.2.10/00000150.meta,OTHER,674,,0,False,False,False,False,🟡 DELETE = LOW RISK,ARCHIVE
1884,frontend/.next/dev/cache/turbopack/v16.2.10/00000153.meta,OTHER,2941,,0,False,False,False,False,🟡 DELETE = LOW RISK,ARCHIVE
1885,frontend/.next/dev/cache/turbopack/v16.2.10/00000156.sst,OTHER,52,,0,False,False,False,False,🟡 DELETE = LOW RISK,ARCHIVE
1886,frontend/.next/dev/cache/turbopack/v16.2.10/00000157.meta,OTHER,674,,0,False,False,False,False,🟡 DELETE = LOW RISK,ARCHIVE
1887,frontend/.next/dev/cache/turbopack/v16.2.10/00000162.sst,OTHER,52,,0,False,False,False,False,🟡 DELETE = LOW RISK,ARCHIVE
1888,frontend/.next/dev/cache/turbopack/v16.2.10/00000163.meta,OTHER,674,,0,False,False,False,False,🟡 DELETE = LOW RISK,ARCHIVE
1889,frontend/.next/dev/cache/turbopack/v16.2.10/00000168.sst,OTHER,52,,0,False,False,False,False,🟡 DELETE = LOW RISK,ARCHIVE
1890,frontend/.next/dev/cache/turbopack/v16.2.10/00000169.sst,OTHER,381,,0,False,False,False,False,🟡 DELETE = LOW RISK,ARCHIVE
1891,frontend/.next/dev/cache/turbopack/v16.2.10/00000170.meta,OTHER,674,,0,False,False,False,False,🟡 DELETE = LOW RISK,ARCHIVE
1892,frontend/.next/dev/cache/turbopack/v16.2.10/00000173.meta,OTHER,674,,0,False,False,False,False,🟡 DELETE = LOW RISK,ARCHIVE
1893,frontend/.next/dev/cache/turbopack/v16.2.10/00000182.sst,OTHER,52,,0,False,False,False,False,🟡 DELETE = LOW RISK,ARCHIVE
1894,frontend/.next/dev/cache/turbopack/v16.2.10/00000183.sst,OTHER,676457,,0,False,False,False,False,🟡 DELETE = LOW RISK,ARCHIVE
1895,frontend/.next/dev/cache/turbopack/v16.2.10/00000184.meta,OTHER,674,,0,False,False,False,False,🟡 DELETE = LOW RISK,ARCHIVE
1896,frontend/.next/dev/cache/turbopack/v16.2.10/00000187.meta,OTHER,75359,,0,False,False,False,False,🟡 DELETE = LOW RISK,ARCHIVE
1897,frontend/.next/dev/cache/turbopack/v16.2.10/00000190.sst,OTHER,52,,0,False,False,False,False,🟡 DELETE = LOW RISK,ARCHIVE
1898,frontend/.next/dev/cache/turbopack/v16.2.10/00000191.meta,OTHER,674,,0,False,False,False,False,🟡 DELETE = LOW RISK,ARCHIVE
1899,frontend/.next/dev/cache/turbopack/v16.2.10/00000199.sst,OTHER,52,,0,False,False,False,False,🟡 DELETE = LOW RISK,ARCHIVE
1900,frontend/.next/dev/cache/turbopack/v16.2.10/00000200.sst,OTHER,429,,0,False,False,False,False,🟡 DELETE = LOW RISK,ARCHIVE
1901,frontend/.next/dev/cache/turbopack/v16.2.10/00000201.meta,OTHER,674,,0,False,False,False,False,🟡 DELETE = LOW RISK,ARCHIVE
1902,frontend/.next/dev/cache/turbopack/v16.2.10/00000204.meta,OTHER,674,,0,False,False,False,False,🟡 DELETE = LOW RISK,ARCHIVE
1903,frontend/.next/dev/cache/turbopack/v16.2.10/00000211.sst,OTHER,52,,0,False,False,False,False,🟡 DELETE = LOW RISK,ARCHIVE
1904,frontend/.next/dev/cache/turbopack/v16.2.10/00000212.meta,OTHER,674,,0,False,False,False,False,🟡 DELETE = LOW RISK,ARCHIVE
1905,frontend/.next/dev/cache/turbopack/v16.2.10/00000217.sst,OTHER,52,,0,False,False,False,False,🟡 DELETE = LOW RISK,ARCHIVE
1906,frontend/.next/dev/cache/turbopack/v16.2.10/00000218.meta,OTHER,674,,0,False,False,False,False,🟡 DELETE = LOW RISK,ARCHIVE
1907,frontend/.next/dev/cache/turbopack/v16.2.10/00000226.sst,OTHER,52,,0,False,False,False,False,🟡 DELETE = LOW RISK,ARCHIVE
1908,frontend/.next/dev/cache/turbopack/v16.2.10/00000227.sst,OTHER,12949,,0,False,False,False,False,🟡 DELETE = LOW RISK,ARCHIVE
1909,frontend/.next/dev/cache/turbopack/v16.2.10/00000228.meta,OTHER,674,,0,False,False,False,False,🟡 DELETE = LOW RISK,ARCHIVE
1910,frontend/.next/dev/cache/turbopack/v16.2.10/00000231.meta,OTHER,2941,,0,False,False,False,False,🟡 DELETE = LOW RISK,ARCHIVE
1911,frontend/.next/dev/cache/turbopack/v16.2.10/00000234.sst,OTHER,52,,0,False,False,False,False,🟡 DELETE = LOW RISK,ARCHIVE
1912,frontend/.next/dev/cache/turbopack/v16.2.10/00000235.meta,OTHER,674,,0,False,False,False,False,🟡 DELETE = LOW RISK,ARCHIVE
1913,frontend/.next/dev/cache/turbopack/v16.2.10/00000240.sst,OTHER,52,,0,False,False,False,False,🟡 DELETE = LOW RISK,ARCHIVE
1914,frontend/.next/dev/cache/turbopack/v16.2.10/00000241.meta,OTHER,674,,0,False,False,False,False,🟡 DELETE = LOW RISK,ARCHIVE
1915,frontend/.next/dev/cache/turbopack/v16.2.10/00000246.sst,OTHER,52,,0,False,False,False,False,🟡 DELETE = LOW RISK,ARCHIVE
1916,frontend/.next/dev/cache/turbopack/v16.2.10/00000247.meta,OTHER,674,,0,False,False,False,False,🟡 DELETE = LOW RISK,ARCHIVE
1917,frontend/.next/dev/cache/turbopack/v16.2.10/00000252.sst,OTHER,52,,0,False,False,False,False,🟡 DELETE = LOW RISK,ARCHIVE
1918,frontend/.next/dev/cache/turbopack/v16.2.10/00000253.meta,OTHER,674,,0,False,False,False,False,🟡 DELETE = LOW RISK,ARCHIVE
1919,frontend/.next/dev/cache/turbopack/v16.2.10/00000258.sst,OTHER,52,,0,False,False,False,False,🟡 DELETE = LOW RISK,ARCHIVE
1920,frontend/.next/dev/cache/turbopack/v16.2.10/00000261.meta,OTHER,674,,0,False,False,False,False,🟡 DELETE = LOW RISK,ARCHIVE
1921,frontend/.next/dev/cache/turbopack/v16.2.10/00000264.sst,OTHER,52,,0,False,False,False,False,🟡 DELETE = LOW RISK,ARCHIVE
1922,frontend/.next/dev/cache/turbopack/v16.2.10/00000265.sst,OTHER,2409,,0,False,False,False,False,🟡 DELETE = LOW RISK,ARCHIVE
1923,frontend/.next/dev/cache/turbopack/v16.2.10/00000266.meta,OTHER,674,,0,False,False,False,False,🟡 DELETE = LOW RISK,ARCHIVE
1924,frontend/.next/dev/cache/turbopack/v16.2.10/00000269.meta,OTHER,895,,0,False,False,False,False,🟡 DELETE = LOW RISK,ARCHIVE
1925,frontend/.next/dev/cache/turbopack/v16.2.10/00000272.sst,OTHER,52,,0,False,False,False,False,🟡 DELETE = LOW RISK,ARCHIVE
1926,frontend/.next/dev/cache/turbopack/v16.2.10/00000273.meta,OTHER,674,,0,False,False,False,False,🟡 DELETE = LOW RISK,ARCHIVE
1927,frontend/.next/dev/cache/turbopack/v16.2.10/00000278.sst,OTHER,52,,0,False,False,False,False,🟡 DELETE = LOW RISK,ARCHIVE
1928,frontend/.next/dev/cache/turbopack/v16.2.10/00000279.meta,OTHER,674,,0,False,False,False,False,🟡 DELETE = LOW RISK,ARCHIVE
1929,frontend/.next/dev/cache/turbopack/v16.2.10/00000284.sst,OTHER,52,,0,False,False,False,False,🟡 DELETE = LOW RISK,ARCHIVE
1930,frontend/.next/dev/cache/turbopack/v16.2.10/00000285.sst,OTHER,297,,0,False,False,False,False,🟡 DELETE = LOW RISK,ARCHIVE
1931,frontend/.next/dev/cache/turbopack/v16.2.10/00000286.meta,OTHER,674,,0,False,False,False,False,🟡 DELETE = LOW RISK,ARCHIVE
1932,frontend/.next/dev/cache/turbopack/v16.2.10/00000289.meta,OTHER,674,,0,False,False,False,False,🟡 DELETE = LOW RISK,ARCHIVE
1933,frontend/.next/dev/cache/turbopack/v16.2.10/00000295.sst,OTHER,52,,0,False,False,False,False,🟡 DELETE = LOW RISK,ARCHIVE
1934,frontend/.next/dev/cache/turbopack/v16.2.10/00000296.sst,OTHER,201061,,0,False,False,False,False,🟡 DELETE = LOW RISK,ARCHIVE
1935,frontend/.next/dev/cache/turbopack/v16.2.10/00000297.meta,OTHER,674,,0,False,False,False,False,🟡 DELETE = LOW RISK,ARCHIVE
1936,frontend/.next/dev/cache/turbopack/v16.2.10/00000300.meta,OTHER,37981,,0,False,False,False,False,🟡 DELETE = LOW RISK,ARCHIVE
1937,frontend/.next/dev/cache/turbopack/v16.2.10/00000309.sst,OTHER,52,,0,False,False,False,False,🟡 DELETE = LOW RISK,ARCHIVE
1938,frontend/.next/dev/cache/turbopack/v16.2.10/00000310.sst,OTHER,390757,,0,False,False,False,False,🟡 DELETE = LOW RISK,ARCHIVE
1939,frontend/.next/dev/cache/turbopack/v16.2.10/00000311.meta,OTHER,674,,0,False,False,False,False,🟡 DELETE = LOW RISK,ARCHIVE
1940,frontend/.next/dev/cache/turbopack/v16.2.10/00000314.meta,OTHER,75359,,0,False,False,False,False,🟡 DELETE = LOW RISK,ARCHIVE
1941,frontend/.next/dev/cache/turbopack/v16.2.10/00000324.sst,OTHER,52,,0,False,False,False,False,🟡 DELETE = LOW RISK,ARCHIVE
1942,frontend/.next/dev/cache/turbopack/v16.2.10/00000325.sst,OTHER,57,,0,False,False,False,False,🟡 DELETE = LOW RISK,ARCHIVE
1943,frontend/.next/dev/cache/turbopack/v16.2.10/00000326.meta,OTHER,674,,0,False,False,False,False,🟡 DELETE = LOW RISK,ARCHIVE
1944,frontend/.next/dev/cache/turbopack/v16.2.10/00000329.meta,OTHER,674,,0,False,False,False,False,🟡 DELETE = LOW RISK,ARCHIVE
1945,frontend/.next/dev/cache/turbopack/v16.2.10/00000333.sst,OTHER,52,,0,False,False,False,False,🟡 DELETE = LOW RISK,ARCHIVE
1946,frontend/.next/dev/cache/turbopack/v16.2.10/00000334.meta,OTHER,674,,0,False,False,False,False,🟡 DELETE = LOW RISK,ARCHIVE
1947,frontend/.next/dev/cache/turbopack/v16.2.10/00000339.sst,OTHER,52,,0,False,False,False,False,🟡 DELETE = LOW RISK,ARCHIVE
1948,frontend/.next/dev/cache/turbopack/v16.2.10/00000340.meta,OTHER,674,,0,False,False,False,False,🟡 DELETE = LOW RISK,ARCHIVE
1949,frontend/.next/dev/cache/turbopack/v16.2.10/00000345.sst,OTHER,52,,0,False,False,False,False,🟡 DELETE = LOW RISK,ARCHIVE
1950,frontend/.next/dev/cache/turbopack/v16.2.10/00000346.meta,OTHER,674,,0,False,False,False,False,🟡 DELETE = LOW RISK,ARCHIVE
1951,frontend/.next/dev/cache/turbopack/v16.2.10/00000351.sst,OTHER,52,,0,False,False,False,False,🟡 DELETE = LOW RISK,ARCHIVE
1952,frontend/.next/dev/cache/turbopack/v16.2.10/00000352.meta,OTHER,674,,0,False,False,False,False,🟡 DELETE = LOW RISK,ARCHIVE
1953,frontend/.next/dev/cache/turbopack/v16.2.10/00000357.sst,OTHER,52,,0,False,False,False,False,🟡 DELETE = LOW RISK,ARCHIVE
1954,frontend/.next/dev/cache/turbopack/v16.2.10/00000358.meta,OTHER,674,,0,False,False,False,False,🟡 DELETE = LOW RISK,ARCHIVE
1955,frontend/.next/dev/cache/turbopack/v16.2.10/00000363.sst,OTHER,52,,0,False,False,False,False,🟡 DELETE = LOW RISK,ARCHIVE
1956,frontend/.next/dev/cache/turbopack/v16.2.10/00000364.meta,OTHER,674,,0,False,False,False,False,🟡 DELETE = LOW RISK,ARCHIVE
1957,frontend/.next/dev/cache/turbopack/v16.2.10/00000369.sst,OTHER,52,,0,False,False,False,False,🟡 DELETE = LOW RISK,ARCHIVE
1958,frontend/.next/dev/cache/turbopack/v16.2.10/00000370.meta,OTHER,674,,0,False,False,False,False,🟡 DELETE = LOW RISK,ARCHIVE
1959,frontend/.next/dev/cache/turbopack/v16.2.10/00000375.sst,OTHER,52,,0,False,False,False,False,🟡 DELETE = LOW RISK,ARCHIVE
1960,frontend/.next/dev/cache/turbopack/v16.2.10/00000376.meta,OTHER,674,,0,False,False,False,False,🟡 DELETE = LOW RISK,ARCHIVE
1961,frontend/.next/dev/cache/turbopack/v16.2.10/00000381.sst,OTHER,52,,0,False,False,False,False,🟡 DELETE = LOW RISK,ARCHIVE
1962,frontend/.next/dev/cache/turbopack/v16.2.10/00000382.meta,OTHER,674,,0,False,False,False,False,🟡 DELETE = LOW RISK,ARCHIVE
1963,frontend/.next/dev/cache/turbopack/v16.2.10/00000387.sst,OTHER,52,,0,False,False,False,False,🟡 DELETE = LOW RISK,ARCHIVE
1964,frontend/.next/dev/cache/turbopack/v16.2.10/00000388.meta,OTHER,674,,0,False,False,False,False,🟡 DELETE = LOW RISK,ARCHIVE
1965,frontend/.next/dev/cache/turbopack/v16.2.10/00000393.sst,OTHER,52,,0,False,False,False,False,🟡 DELETE = LOW RISK,ARCHIVE
1966,frontend/.next/dev/cache/turbopack/v16.2.10/00000394.meta,OTHER,674,,0,False,False,False,False,🟡 DELETE = LOW RISK,ARCHIVE
1967,frontend/.next/dev/cache/turbopack/v16.2.10/00000399.sst,OTHER,52,,0,False,False,False,False,🟡 DELETE = LOW RISK,ARCHIVE
1968,frontend/.next/dev/cache/turbopack/v16.2.10/00000400.meta,OTHER,674,,0,False,False,False,False,🟡 DELETE = LOW RISK,ARCHIVE
1969,frontend/.next/dev/cache/turbopack/v16.2.10/00000405.sst,OTHER,52,,0,False,False,False,False,🟡 DELETE = LOW RISK,ARCHIVE
1970,frontend/.next/dev/cache/turbopack/v16.2.10/00000406.sst,OTHER,57,,0,False,False,False,False,🟡 DELETE = LOW RISK,ARCHIVE
1971,frontend/.next/dev/cache/turbopack/v16.2.10/00000407.meta,OTHER,674,,0,False,False,False,False,🟡 DELETE = LOW RISK,ARCHIVE
1972,frontend/.next/dev/cache/turbopack/v16.2.10/00000410.meta,OTHER,674,,0,False,False,False,False,🟡 DELETE = LOW RISK,ARCHIVE
1973,frontend/.next/dev/cache/turbopack/v16.2.10/00000416.sst,OTHER,52,,0,False,False,False,False,🟡 DELETE = LOW RISK,ARCHIVE
1974,frontend/.next/dev/cache/turbopack/v16.2.10/00000417.sst,OTHER,3177,,0,False,False,False,False,🟡 DELETE = LOW RISK,ARCHIVE
1975,frontend/.next/dev/cache/turbopack/v16.2.10/00000418.meta,OTHER,674,,0,False,False,False,False,🟡 DELETE = LOW RISK,ARCHIVE
1976,frontend/.next/dev/cache/turbopack/v16.2.10/00000421.meta,OTHER,1189,,0,False,False,False,False,🟡 DELETE = LOW RISK,ARCHIVE
1977,frontend/.next/dev/cache/turbopack/v16.2.10/00000424.sst,OTHER,52,,0,False,False,False,False,🟡 DELETE = LOW RISK,ARCHIVE
1978,frontend/.next/dev/cache/turbopack/v16.2.10/00000425.meta,OTHER,674,,0,False,False,False,False,🟡 DELETE = LOW RISK,ARCHIVE
1979,frontend/.next/dev/cache/turbopack/v16.2.10/00000430.sst,OTHER,52,,0,False,False,False,False,🟡 DELETE = LOW RISK,ARCHIVE
1980,frontend/.next/dev/cache/turbopack/v16.2.10/00000431.meta,OTHER,674,,0,False,False,False,False,🟡 DELETE = LOW RISK,ARCHIVE
1981,frontend/.next/dev/cache/turbopack/v16.2.10/00000436.sst,OTHER,52,,0,False,False,False,False,🟡 DELETE = LOW RISK,ARCHIVE
1982,frontend/.next/dev/cache/turbopack/v16.2.10/00000437.sst,OTHER,2097,,0,False,False,False,False,🟡 DELETE = LOW RISK,ARCHIVE
1983,frontend/.next/dev/cache/turbopack/v16.2.10/00000438.meta,OTHER,674,,0,False,False,False,False,🟡 DELETE = LOW RISK,ARCHIVE
1984,frontend/.next/dev/cache/turbopack/v16.2.10/00000441.meta,OTHER,895,,0,False,False,False,False,🟡 DELETE = LOW RISK,ARCHIVE
1985,frontend/.next/dev/cache/turbopack/v16.2.10/00000444.sst,OTHER,52,,0,False,False,False,False,🟡 DELETE = LOW RISK,ARCHIVE
1986,frontend/.next/dev/cache/turbopack/v16.2.10/00000445.meta,OTHER,674,,0,False,False,False,False,🟡 DELETE = LOW RISK,ARCHIVE
1987,frontend/.next/dev/cache/turbopack/v16.2.10/00000450.sst,OTHER,52,,0,False,False,False,False,🟡 DELETE = LOW RISK,ARCHIVE
1988,frontend/.next/dev/cache/turbopack/v16.2.10/00000451.meta,OTHER,674,,0,False,False,False,False,🟡 DELETE = LOW RISK,ARCHIVE
1989,frontend/.next/dev/cache/turbopack/v16.2.10/00000456.sst,OTHER,52,,0,False,False,False,False,🟡 DELETE = LOW RISK,ARCHIVE
1990,frontend/.next/dev/cache/turbopack/v16.2.10/00000457.meta,OTHER,674,,0,False,False,False,False,🟡 DELETE = LOW RISK,ARCHIVE
1991,frontend/.next/dev/cache/turbopack/v16.2.10/00000462.sst,OTHER,52,,0,False,False,False,False,🟡 DELETE = LOW RISK,ARCHIVE
1992,frontend/.next/dev/cache/turbopack/v16.2.10/00000463.meta,OTHER,674,,0,False,False,False,False,🟡 DELETE = LOW RISK,ARCHIVE
1993,frontend/.next/dev/cache/turbopack/v16.2.10/00000468.sst,OTHER,52,,0,False,False,False,False,🟡 DELETE = LOW RISK,ARCHIVE
1994,frontend/.next/dev/cache/turbopack/v16.2.10/00000470.meta,OTHER,674,,0,False,False,False,False,🟡 DELETE = LOW RISK,ARCHIVE
1995,frontend/.next/dev/cache/turbopack/v16.2.10/00000474.sst,OTHER,52,,0,False,False,False,False,🟡 DELETE = LOW RISK,ARCHIVE
1996,frontend/.next/dev/cache/turbopack/v16.2.10/00000475.meta,OTHER,674,,0,False,False,False,False,🟡 DELETE = LOW RISK,ARCHIVE
1997,frontend/.next/dev/cache/turbopack/v16.2.10/00000480.sst,OTHER,52,,0,False,False,False,False,🟡 DELETE = LOW RISK,ARCHIVE
1998,frontend/.next/dev/cache/turbopack/v16.2.10/00000481.meta,OTHER,674,,0,False,False,False,False,🟡 DELETE = LOW RISK,ARCHIVE
1999,frontend/.next/dev/cache/turbopack/v16.2.10/00000486.sst,OTHER,52,,0,False,False,False,False,🟡 DELETE = LOW RISK,ARCHIVE
2000,frontend/.next/dev/cache/turbopack/v16.2.10/00000487.meta,OTHER,674,,0,False,False,False,False,🟡 DELETE = LOW RISK,ARCHIVE
2001,frontend/.next/dev/cache/turbopack/v16.2.10/00000492.sst,OTHER,52,,0,False,False,False,False,🟡 DELETE = LOW RISK,ARCHIVE
2002,frontend/.next/dev/cache/turbopack/v16.2.10/00000493.sst,OTHER,225,,0,False,False,False,False,🟡 DELETE = LOW RISK,ARCHIVE
2003,frontend/.next/dev/cache/turbopack/v16.2.10/00000494.meta,OTHER,674,,0,False,False,False,False,🟡 DELETE = LOW RISK,ARCHIVE
2004,frontend/.next/dev/cache/turbopack/v16.2.10/00000497.meta,OTHER,674,,0,False,False,False,False,🟡 DELETE = LOW RISK,ARCHIVE
2005,frontend/.next/dev/cache/turbopack/v16.2.10/00000498.sst,OTHER,15784659,,0,False,False,False,False,🟡 DELETE = LOW RISK,ARCHIVE
2006,frontend/.next/dev/cache/turbopack/v16.2.10/00000499.sst,OTHER,48978,,0,False,False,False,False,🟡 DELETE = LOW RISK,ARCHIVE
2007,frontend/.next/dev/cache/turbopack/v16.2.10/00000500.meta,OTHER,2654630,,0,False,False,False,False,🟡 DELETE = LOW RISK,ARCHIVE
2008,frontend/.next/dev/cache/turbopack/v16.2.10/00000502.sst,OTHER,986535,,0,False,False,False,False,🟡 DELETE = LOW RISK,ARCHIVE
2009,frontend/.next/dev/cache/turbopack/v16.2.10/00000504.sst,OTHER,52,,0,False,False,False,False,🟡 DELETE = LOW RISK,ARCHIVE
2010,frontend/.next/dev/cache/turbopack/v16.2.10/00000505.meta,OTHER,674,,0,False,False,False,False,🟡 DELETE = LOW RISK,ARCHIVE
2011,frontend/.next/dev/cache/turbopack/v16.2.10/00000506.meta,OTHER,1773,,0,False,False,False,False,🟡 DELETE = LOW RISK,ARCHIVE
2012,frontend/.next/dev/cache/turbopack/v16.2.10/00000509.sst,OTHER,1051,,0,False,False,False,False,🟡 DELETE = LOW RISK,ARCHIVE
2013,frontend/.next/dev/cache/turbopack/v16.2.10/00000510.sst,OTHER,52,,0,False,False,False,False,🟡 DELETE = LOW RISK,ARCHIVE
2014,frontend/.next/dev/cache/turbopack/v16.2.10/00000511.meta,OTHER,674,,0,False,False,False,False,🟡 DELETE = LOW RISK,ARCHIVE
2015,frontend/.next/dev/cache/turbopack/v16.2.10/00000512.meta,OTHER,674,,0,False,False,False,False,🟡 DELETE = LOW RISK,ARCHIVE
2016,frontend/.next/dev/cache/turbopack/v16.2.10/00000514.sst,OTHER,229363,,0,False,False,False,False,🟡 DELETE = LOW RISK,ARCHIVE
2017,frontend/.next/dev/cache/turbopack/v16.2.10/00000516.sst,OTHER,52,,0,False,False,False,False,🟡 DELETE = LOW RISK,ARCHIVE
2018,frontend/.next/dev/cache/turbopack/v16.2.10/00000517.sst,OTHER,81,,0,False,False,False,False,🟡 DELETE = LOW RISK,ARCHIVE
2019,frontend/.next/dev/cache/turbopack/v16.2.10/00000518.meta,OTHER,674,,0,False,False,False,False,🟡 DELETE = LOW RISK,ARCHIVE
2020,frontend/.next/dev/cache/turbopack/v16.2.10/00000519.meta,OTHER,1773,,0,False,False,False,False,🟡 DELETE = LOW RISK,ARCHIVE
2021,frontend/.next/dev/cache/turbopack/v16.2.10/00000521.meta,OTHER,674,,0,False,False,False,False,🟡 DELETE = LOW RISK,ARCHIVE
2022,frontend/.next/dev/cache/turbopack/v16.2.10/00000523.sst,OTHER,789591,,0,False,False,False,False,🟡 DELETE = LOW RISK,ARCHIVE
2023,frontend/.next/dev/cache/turbopack/v16.2.10/00000524.sst,OTHER,52,,0,False,False,False,False,🟡 DELETE = LOW RISK,ARCHIVE
2024,frontend/.next/dev/cache/turbopack/v16.2.10/00000525.meta,OTHER,674,,0,False,False,False,False,🟡 DELETE = LOW RISK,ARCHIVE
2025,frontend/.next/dev/cache/turbopack/v16.2.10/00000526.meta,OTHER,895,,0,False,False,False,False,🟡 DELETE = LOW RISK,ARCHIVE
2026,frontend/.next/dev/cache/turbopack/v16.2.10/00000528.sst,OTHER,789591,,0,False,False,False,False,🟡 DELETE = LOW RISK,ARCHIVE
2027,frontend/.next/dev/cache/turbopack/v16.2.10/00000530.sst,OTHER,52,,0,False,False,False,False,🟡 DELETE = LOW RISK,ARCHIVE
2028,frontend/.next/dev/cache/turbopack/v16.2.10/00000531.meta,OTHER,674,,0,False,False,False,False,🟡 DELETE = LOW RISK,ARCHIVE
2029,frontend/.next/dev/cache/turbopack/v16.2.10/00000532.meta,OTHER,895,,0,False,False,False,False,🟡 DELETE = LOW RISK,ARCHIVE
2030,frontend/.next/dev/cache/turbopack/v16.2.10/00000534.sst,OTHER,1156671,,0,False,False,False,False,🟡 DELETE = LOW RISK,ARCHIVE
2031,frontend/.next/dev/cache/turbopack/v16.2.10/00000536.sst,OTHER,52,,0,False,False,False,False,🟡 DELETE = LOW RISK,ARCHIVE
2032,frontend/.next/dev/cache/turbopack/v16.2.10/00000537.sst,OTHER,69,,0,False,False,False,False,🟡 DELETE = LOW RISK,ARCHIVE
2033,frontend/.next/dev/cache/turbopack/v16.2.10/00000538.meta,OTHER,674,,0,False,False,False,False,🟡 DELETE = LOW RISK,ARCHIVE
2034,frontend/.next/dev/cache/turbopack/v16.2.10/00000539.meta,OTHER,1773,,0,False,False,False,False,🟡 DELETE = LOW RISK,ARCHIVE
2035,frontend/.next/dev/cache/turbopack/v16.2.10/00000541.meta,OTHER,674,,0,False,False,False,False,🟡 DELETE = LOW RISK,ARCHIVE
2036,frontend/.next/dev/cache/turbopack/v16.2.10/00000542.sst,OTHER,1601963,,0,False,False,False,False,🟡 DELETE = LOW RISK,ARCHIVE
2037,frontend/.next/dev/cache/turbopack/v16.2.10/00000544.sst,OTHER,52,,0,False,False,False,False,🟡 DELETE = LOW RISK,ARCHIVE
2038,frontend/.next/dev/cache/turbopack/v16.2.10/00000545.sst,OTHER,81,,0,False,False,False,False,🟡 DELETE = LOW RISK,ARCHIVE
2039,frontend/.next/dev/cache/turbopack/v16.2.10/00000546.meta,OTHER,674,,0,False,False,False,False,🟡 DELETE = LOW RISK,ARCHIVE
2040,frontend/.next/dev/cache/turbopack/v16.2.10/00000547.meta,OTHER,5277,,0,False,False,False,False,🟡 DELETE = LOW RISK,ARCHIVE
2041,frontend/.next/dev/cache/turbopack/v16.2.10/00000549.meta,OTHER,674,,0,False,False,False,False,🟡 DELETE = LOW RISK,ARCHIVE
2042,frontend/.next/dev/cache/turbopack/v16.2.10/00000551.sst,OTHER,3494427,,0,False,False,False,False,🟡 DELETE = LOW RISK,ARCHIVE
2043,frontend/.next/dev/cache/turbopack/v16.2.10/00000555.sst,OTHER,52,,0,False,False,False,False,🟡 DELETE = LOW RISK,ARCHIVE
2044,frontend/.next/dev/cache/turbopack/v16.2.10/00000556.sst,OTHER,15977,,0,False,False,False,False,🟡 DELETE = LOW RISK,ARCHIVE
2045,frontend/.next/dev/cache/turbopack/v16.2.10/00000557.meta,OTHER,674,,0,False,False,False,False,🟡 DELETE = LOW RISK,ARCHIVE
2046,frontend/.next/dev/cache/turbopack/v16.2.10/00000558.meta,OTHER,19293,,0,False,False,False,False,🟡 DELETE = LOW RISK,ARCHIVE
2047,frontend/.next/dev/cache/turbopack/v16.2.10/00000560.meta,OTHER,2941,,0,False,False,False,False,🟡 DELETE = LOW RISK,ARCHIVE
2048,frontend/.next/dev/cache/turbopack/v16.2.10/00000565.sst,OTHER,892873,,0,False,False,False,False,🟡 DELETE = LOW RISK,ARCHIVE
2049,frontend/.next/dev/cache/turbopack/v16.2.10/00000567.sst,OTHER,52,,0,False,False,False,False,🟡 DELETE = LOW RISK,ARCHIVE
2050,frontend/.next/dev/cache/turbopack/v16.2.10/00000568.meta,OTHER,674,,0,False,False,False,False,🟡 DELETE = LOW RISK,ARCHIVE
2051,frontend/.next/dev/cache/turbopack/v16.2.10/00000569.meta,OTHER,1189,,0,False,False,False,False,🟡 DELETE = LOW RISK,ARCHIVE
2052,frontend/.next/dev/cache/turbopack/v16.2.10/00000571.sst,OTHER,3175015,,0,False,False,False,False,🟡 DELETE = LOW RISK,ARCHIVE
2053,frontend/.next/dev/cache/turbopack/v16.2.10/00000576.sst,OTHER,52,,0,False,False,False,False,🟡 DELETE = LOW RISK,ARCHIVE
2054,frontend/.next/dev/cache/turbopack/v16.2.10/00000577.sst,OTHER,16769,,0,False,False,False,False,🟡 DELETE = LOW RISK,ARCHIVE
2055,frontend/.next/dev/cache/turbopack/v16.2.10/00000578.meta,OTHER,674,,0,False,False,False,False,🟡 DELETE = LOW RISK,ARCHIVE
2056,frontend/.next/dev/cache/turbopack/v16.2.10/00000580.meta,OTHER,19293,,0,False,False,False,False,🟡 DELETE = LOW RISK,ARCHIVE
2057,frontend/.next/dev/cache/turbopack/v16.2.10/00000581.meta,OTHER,2941,,0,False,False,False,False,🟡 DELETE = LOW RISK,ARCHIVE
2058,frontend/.next/dev/cache/turbopack/v16.2.10/00000582.sst,OTHER,2058273,,0,False,False,False,False,🟡 DELETE = LOW RISK,ARCHIVE
2059,frontend/.next/dev/cache/turbopack/v16.2.10/00000584.sst,OTHER,52,,0,False,False,False,False,🟡 DELETE = LOW RISK,ARCHIVE
2060,frontend/.next/dev/cache/turbopack/v16.2.10/00000585.sst,OTHER,4893,,0,False,False,False,False,🟡 DELETE = LOW RISK,ARCHIVE
2061,frontend/.next/dev/cache/turbopack/v16.2.10/00000586.meta,OTHER,674,,0,False,False,False,False,🟡 DELETE = LOW RISK,ARCHIVE
2062,frontend/.next/dev/cache/turbopack/v16.2.10/00000587.meta,OTHER,9949,,0,False,False,False,False,🟡 DELETE = LOW RISK,ARCHIVE
2063,frontend/.next/dev/cache/turbopack/v16.2.10/00000589.meta,OTHER,1189,,0,False,False,False,False,🟡 DELETE = LOW RISK,ARCHIVE
2064,frontend/.next/dev/cache/turbopack/v16.2.10/00000591.sst,OTHER,918704,,0,False,False,False,False,🟡 DELETE = LOW RISK,ARCHIVE
2065,frontend/.next/dev/cache/turbopack/v16.2.10/00000592.sst,OTHER,52,,0,False,False,False,False,🟡 DELETE = LOW RISK,ARCHIVE
2066,frontend/.next/dev/cache/turbopack/v16.2.10/00000593.meta,OTHER,674,,0,False,False,False,False,🟡 DELETE = LOW RISK,ARCHIVE
2067,frontend/.next/dev/cache/turbopack/v16.2.10/00000594.meta,OTHER,1189,,0,False,False,False,False,🟡 DELETE = LOW RISK,ARCHIVE
2068,frontend/.next/dev/cache/turbopack/v16.2.10/00000597.sst,OTHER,91,,0,False,False,False,False,🟡 DELETE = LOW RISK,ARCHIVE
2069,frontend/.next/dev/cache/turbopack/v16.2.10/00000598.meta,OTHER,674,,0,False,False,False,False,🟡 DELETE = LOW RISK,ARCHIVE
2070,frontend/.next/dev/cache/turbopack/v16.2.10/00000600.sst,OTHER,102646,,0,False,False,False,False,🟡 DELETE = LOW RISK,ARCHIVE
2071,frontend/.next/dev/cache/turbopack/v16.2.10/00000602.sst,OTHER,52,,0,False,False,False,False,🟡 DELETE = LOW RISK,ARCHIVE
2072,frontend/.next/dev/cache/turbopack/v16.2.10/00000603.meta,OTHER,674,,0,False,False,False,False,🟡 DELETE = LOW RISK,ARCHIVE
2073,frontend/.next/dev/cache/turbopack/v16.2.10/00000604.meta,OTHER,1773,,0,False,False,False,False,🟡 DELETE = LOW RISK,ARCHIVE
2074,frontend/.next/dev/cache/turbopack/v16.2.10/00000607.sst,OTHER,1741919,,0,False,False,False,False,🟡 DELETE = LOW RISK,ARCHIVE
2075,frontend/.next/dev/cache/turbopack/v16.2.10/00000608.sst,OTHER,52,,0,False,False,False,False,🟡 DELETE = LOW RISK,ARCHIVE
2076,frontend/.next/dev/cache/turbopack/v16.2.10/00000609.sst,OTHER,1593,,0,False,False,False,False,🟡 DELETE = LOW RISK,ARCHIVE
2077,frontend/.next/dev/cache/turbopack/v16.2.10/00000610.meta,OTHER,674,,0,False,False,False,False,🟡 DELETE = LOW RISK,ARCHIVE
2078,frontend/.next/dev/cache/turbopack/v16.2.10/00000611.meta,OTHER,9949,,0,False,False,False,False,🟡 DELETE = LOW RISK,ARCHIVE
2079,frontend/.next/dev/cache/turbopack/v16.2.10/00000613.meta,OTHER,895,,0,False,False,False,False,🟡 DELETE = LOW RISK,ARCHIVE
2080,frontend/.next/dev/cache/turbopack/v16.2.10/00000615.sst,OTHER,2067049,,0,False,False,False,False,🟡 DELETE = LOW RISK,ARCHIVE
2081,frontend/.next/dev/cache/turbopack/v16.2.10/00000616.sst,OTHER,52,,0,False,False,False,False,🟡 DELETE = LOW RISK,ARCHIVE
2082,frontend/.next/dev/cache/turbopack/v16.2.10/00000617.sst,OTHER,5613,,0,False,False,False,False,🟡 DELETE = LOW RISK,ARCHIVE
2083,frontend/.next/dev/cache/turbopack/v16.2.10/00000618.meta,OTHER,674,,0,False,False,False,False,🟡 DELETE = LOW RISK,ARCHIVE
2084,frontend/.next/dev/cache/turbopack/v16.2.10/00000619.meta,OTHER,9949,,0,False,False,False,False,🟡 DELETE = LOW RISK,ARCHIVE
2085,frontend/.next/dev/cache/turbopack/v16.2.10/00000621.meta,OTHER,1189,,0,False,False,False,False,🟡 DELETE = LOW RISK,ARCHIVE
2086,frontend/.next/dev/cache/turbopack/v16.2.10/00000622.sst,OTHER,33652,,0,False,False,False,False,🟡 DELETE = LOW RISK,ARCHIVE
2087,frontend/.next/dev/cache/turbopack/v16.2.10/00000624.sst,OTHER,52,,0,False,False,False,False,🟡 DELETE = LOW RISK,ARCHIVE
2088,frontend/.next/dev/cache/turbopack/v16.2.10/00000625.meta,OTHER,674,,0,False,False,False,False,🟡 DELETE = LOW RISK,ARCHIVE
2089,frontend/.next/dev/cache/turbopack/v16.2.10/00000626.meta,OTHER,895,,0,False,False,False,False,🟡 DELETE = LOW RISK,ARCHIVE
2090,frontend/.next/dev/cache/turbopack/v16.2.10/00000629.sst,OTHER,2223,,0,False,False,False,False,🟡 DELETE = LOW RISK,ARCHIVE
2091,frontend/.next/dev/cache/turbopack/v16.2.10/00000630.sst,OTHER,52,,0,False,False,False,False,🟡 DELETE = LOW RISK,ARCHIVE
2092,frontend/.next/dev/cache/turbopack/v16.2.10/00000631.meta,OTHER,674,,0,False,False,False,False,🟡 DELETE = LOW RISK,ARCHIVE
2093,frontend/.next/dev/cache/turbopack/v16.2.10/00000632.meta,OTHER,674,,0,False,False,False,False,🟡 DELETE = LOW RISK,ARCHIVE
2094,frontend/.next/dev/cache/turbopack/v16.2.10/00000634.sst,OTHER,2223,,0,False,False,False,False,🟡 DELETE = LOW RISK,ARCHIVE
2095,frontend/.next/dev/cache/turbopack/v16.2.10/00000636.sst,OTHER,52,,0,False,False,False,False,🟡 DELETE = LOW RISK,ARCHIVE
2096,frontend/.next/dev/cache/turbopack/v16.2.10/00000637.meta,OTHER,674,,0,False,False,False,False,🟡 DELETE = LOW RISK,ARCHIVE
2097,frontend/.next/dev/cache/turbopack/v16.2.10/00000638.meta,OTHER,674,,0,False,False,False,False,🟡 DELETE = LOW RISK,ARCHIVE
2098,frontend/.next/dev/cache/turbopack/v16.2.10/00000640.sst,OTHER,2223,,0,False,False,False,False,🟡 DELETE = LOW RISK,ARCHIVE
2099,frontend/.next/dev/cache/turbopack/v16.2.10/00000642.sst,OTHER,52,,0,False,False,False,False,🟡 DELETE = LOW RISK,ARCHIVE
2100,frontend/.next/dev/cache/turbopack/v16.2.10/00000643.meta,OTHER,674,,0,False,False,False,False,🟡 DELETE = LOW RISK,ARCHIVE
2101,frontend/.next/dev/cache/turbopack/v16.2.10/00000644.meta,OTHER,674,,0,False,False,False,False,🟡 DELETE = LOW RISK,ARCHIVE
2102,frontend/.next/dev/cache/turbopack/v16.2.10/00000646.sst,OTHER,889967,,0,False,False,False,False,🟡 DELETE = LOW RISK,ARCHIVE
2103,frontend/.next/dev/cache/turbopack/v16.2.10/00000648.sst,OTHER,52,,0,False,False,False,False,🟡 DELETE = LOW RISK,ARCHIVE
2104,frontend/.next/dev/cache/turbopack/v16.2.10/00000649.meta,OTHER,674,,0,False,False,False,False,🟡 DELETE = LOW RISK,ARCHIVE
2105,frontend/.next/dev/cache/turbopack/v16.2.10/00000650.meta,OTHER,1189,,0,False,False,False,False,🟡 DELETE = LOW RISK,ARCHIVE
2106,frontend/.next/dev/cache/turbopack/v16.2.10/00000652.sst,OTHER,2223,,0,False,False,False,False,🟡 DELETE = LOW RISK,ARCHIVE
2107,frontend/.next/dev/cache/turbopack/v16.2.10/00000654.sst,OTHER,52,,0,False,False,False,False,🟡 DELETE = LOW RISK,ARCHIVE
2108,frontend/.next/dev/cache/turbopack/v16.2.10/00000655.meta,OTHER,674,,0,False,False,False,False,🟡 DELETE = LOW RISK,ARCHIVE
2109,frontend/.next/dev/cache/turbopack/v16.2.10/00000656.meta,OTHER,674,,0,False,False,False,False,🟡 DELETE = LOW RISK,ARCHIVE
2110,frontend/.next/dev/cache/turbopack/v16.2.10/00000658.sst,OTHER,2223,,0,False,False,False,False,🟡 DELETE = LOW RISK,ARCHIVE
2111,frontend/.next/dev/cache/turbopack/v16.2.10/00000660.sst,OTHER,52,,0,False,False,False,False,🟡 DELETE = LOW RISK,ARCHIVE
2112,frontend/.next/dev/cache/turbopack/v16.2.10/00000661.meta,OTHER,674,,0,False,False,False,False,🟡 DELETE = LOW RISK,ARCHIVE
2113,frontend/.next/dev/cache/turbopack/v16.2.10/00000662.meta,OTHER,674,,0,False,False,False,False,🟡 DELETE = LOW RISK,ARCHIVE
2114,frontend/.next/dev/cache/turbopack/v16.2.10/00000664.sst,OTHER,869555,,0,False,False,False,False,🟡 DELETE = LOW RISK,ARCHIVE
2115,frontend/.next/dev/cache/turbopack/v16.2.10/00000666.sst,OTHER,52,,0,False,False,False,False,🟡 DELETE = LOW RISK,ARCHIVE
2116,frontend/.next/dev/cache/turbopack/v16.2.10/00000667.meta,OTHER,674,,0,False,False,False,False,🟡 DELETE = LOW RISK,ARCHIVE
2117,frontend/.next/dev/cache/turbopack/v16.2.10/00000668.meta,OTHER,1189,,0,False,False,False,False,🟡 DELETE = LOW RISK,ARCHIVE
2118,frontend/.next/dev/cache/turbopack/v16.2.10/00000671.sst,OTHER,16296,,0,False,False,False,False,🟡 DELETE = LOW RISK,ARCHIVE
2119,frontend/.next/dev/cache/turbopack/v16.2.10/00000672.sst,OTHER,52,,0,False,False,False,False,🟡 DELETE = LOW RISK,ARCHIVE
2120,frontend/.next/dev/cache/turbopack/v16.2.10/00000673.meta,OTHER,674,,0,False,False,False,False,🟡 DELETE = LOW RISK,ARCHIVE
2121,frontend/.next/dev/cache/turbopack/v16.2.10/00000674.meta,OTHER,895,,0,False,False,False,False,🟡 DELETE = LOW RISK,ARCHIVE
2122,frontend/.next/dev/cache/turbopack/v16.2.10/00000676.sst,OTHER,2223,,0,False,False,False,False,🟡 DELETE = LOW RISK,ARCHIVE
2123,frontend/.next/dev/cache/turbopack/v16.2.10/00000678.sst,OTHER,52,,0,False,False,False,False,🟡 DELETE = LOW RISK,ARCHIVE
2124,frontend/.next/dev/cache/turbopack/v16.2.10/00000679.meta,OTHER,674,,0,False,False,False,False,🟡 DELETE = LOW RISK,ARCHIVE
2125,frontend/.next/dev/cache/turbopack/v16.2.10/00000680.meta,OTHER,674,,0,False,False,False,False,🟡 DELETE = LOW RISK,ARCHIVE
2126,frontend/.next/dev/cache/turbopack/v16.2.10/00000682.sst,OTHER,2223,,0,False,False,False,False,🟡 DELETE = LOW RISK,ARCHIVE
2127,frontend/.next/dev/cache/turbopack/v16.2.10/00000684.sst,OTHER,52,,0,False,False,False,False,🟡 DELETE = LOW RISK,ARCHIVE
2128,frontend/.next/dev/cache/turbopack/v16.2.10/00000685.meta,OTHER,674,,0,False,False,False,False,🟡 DELETE = LOW RISK,ARCHIVE
2129,frontend/.next/dev/cache/turbopack/v16.2.10/00000686.meta,OTHER,674,,0,False,False,False,False,🟡 DELETE = LOW RISK,ARCHIVE
2130,frontend/.next/dev/cache/turbopack/v16.2.10/00000688.sst,OTHER,2223,,0,False,False,False,False,🟡 DELETE = LOW RISK,ARCHIVE
2131,frontend/.next/dev/cache/turbopack/v16.2.10/00000690.sst,OTHER,52,,0,False,False,False,False,🟡 DELETE = LOW RISK,ARCHIVE
2132,frontend/.next/dev/cache/turbopack/v16.2.10/00000691.meta,OTHER,674,,0,False,False,False,False,🟡 DELETE = LOW RISK,ARCHIVE
2133,frontend/.next/dev/cache/turbopack/v16.2.10/00000692.meta,OTHER,674,,0,False,False,False,False,🟡 DELETE = LOW RISK,ARCHIVE
2134,frontend/.next/dev/cache/turbopack/v16.2.10/00000695.sst,OTHER,43038,,0,False,False,False,False,🟡 DELETE = LOW RISK,ARCHIVE
2135,frontend/.next/dev/cache/turbopack/v16.2.10/00000696.sst,OTHER,52,,0,False,False,False,False,🟡 DELETE = LOW RISK,ARCHIVE
2136,frontend/.next/dev/cache/turbopack/v16.2.10/00000697.meta,OTHER,674,,0,False,False,False,False,🟡 DELETE = LOW RISK,ARCHIVE
2137,frontend/.next/dev/cache/turbopack/v16.2.10/00000698.meta,OTHER,1189,,0,False,False,False,False,🟡 DELETE = LOW RISK,ARCHIVE
2138,frontend/.next/dev/cache/turbopack/v16.2.10/00000704.sst,OTHER,2480618,,0,False,False,False,False,🟡 DELETE = LOW RISK,ARCHIVE
2139,frontend/.next/dev/cache/turbopack/v16.2.10/00000705.sst,OTHER,52,,0,False,False,False,False,🟡 DELETE = LOW RISK,ARCHIVE
2140,frontend/.next/dev/cache/turbopack/v16.2.10/00000706.sst,OTHER,5037,,0,False,False,False,False,🟡 DELETE = LOW RISK,ARCHIVE
2141,frontend/.next/dev/cache/turbopack/v16.2.10/00000707.meta,OTHER,674,,0,False,False,False,False,🟡 DELETE = LOW RISK,ARCHIVE
2142,frontend/.next/dev/cache/turbopack/v16.2.10/00000708.meta,OTHER,9949,,0,False,False,False,False,🟡 DELETE = LOW RISK,ARCHIVE
2143,frontend/.next/dev/cache/turbopack/v16.2.10/00000710.meta,OTHER,1189,,0,False,False,False,False,🟡 DELETE = LOW RISK,ARCHIVE
2144,frontend/.next/dev/cache/turbopack/v16.2.10/00000715.sst,OTHER,42996,,0,False,False,False,False,🟡 DELETE = LOW RISK,ARCHIVE
2145,frontend/.next/dev/cache/turbopack/v16.2.10/00000717.sst,OTHER,52,,0,False,False,False,False,🟡 DELETE = LOW RISK,ARCHIVE
2146,frontend/.next/dev/cache/turbopack/v16.2.10/00000718.meta,OTHER,674,,0,False,False,False,False,🟡 DELETE = LOW RISK,ARCHIVE
2147,frontend/.next/dev/cache/turbopack/v16.2.10/00000719.meta,OTHER,1189,,0,False,False,False,False,🟡 DELETE = LOW RISK,ARCHIVE
2148,frontend/.next/dev/cache/turbopack/v16.2.10/00000721.sst,OTHER,12101,,0,False,False,False,False,🟡 DELETE = LOW RISK,ARCHIVE
2149,frontend/.next/dev/cache/turbopack/v16.2.10/00000723.sst,OTHER,52,,0,False,False,False,False,🟡 DELETE = LOW RISK,ARCHIVE
2150,frontend/.next/dev/cache/turbopack/v16.2.10/00000724.meta,OTHER,674,,0,False,False,False,False,🟡 DELETE = LOW RISK,ARCHIVE
2151,frontend/.next/dev/cache/turbopack/v16.2.10/00000725.meta,OTHER,747,,0,False,False,False,False,🟡 DELETE = LOW RISK,ARCHIVE
2152,frontend/.next/dev/cache/turbopack/v16.2.10/00000728.sst,OTHER,910527,,0,False,False,False,False,🟡 DELETE = LOW RISK,ARCHIVE
2153,frontend/.next/dev/cache/turbopack/v16.2.10/00000729.sst,OTHER,52,,0,False,False,False,False,🟡 DELETE = LOW RISK,ARCHIVE
2154,frontend/.next/dev/cache/turbopack/v16.2.10/00000730.meta,OTHER,674,,0,False,False,False,False,🟡 DELETE = LOW RISK,ARCHIVE
2155,frontend/.next/dev/cache/turbopack/v16.2.10/00000731.meta,OTHER,1189,,0,False,False,False,False,🟡 DELETE = LOW RISK,ARCHIVE
2156,frontend/.next/dev/cache/turbopack/v16.2.10/00000733.sst,OTHER,1108,,0,False,False,False,False,🟡 DELETE = LOW RISK,ARCHIVE
2157,frontend/.next/dev/cache/turbopack/v16.2.10/00000735.sst,OTHER,52,,0,False,False,False,False,🟡 DELETE = LOW RISK,ARCHIVE
2158,frontend/.next/dev/cache/turbopack/v16.2.10/00000736.meta,OTHER,674,,0,False,False,False,False,🟡 DELETE = LOW RISK,ARCHIVE
2159,frontend/.next/dev/cache/turbopack/v16.2.10/00000737.meta,OTHER,674,,0,False,False,False,False,🟡 DELETE = LOW RISK,ARCHIVE
2160,frontend/.next/dev/cache/turbopack/v16.2.10/00000739.sst,OTHER,40358,,0,False,False,False,False,🟡 DELETE = LOW RISK,ARCHIVE
2161,frontend/.next/dev/cache/turbopack/v16.2.10/00000741.sst,OTHER,103,,0,False,False,False,False,🟡 DELETE = LOW RISK,ARCHIVE
2162,frontend/.next/dev/cache/turbopack/v16.2.10/00000742.meta,OTHER,674,,0,False,False,False,False,🟡 DELETE = LOW RISK,ARCHIVE
2163,frontend/.next/dev/cache/turbopack/v16.2.10/00000743.meta,OTHER,674,,0,False,False,False,False,🟡 DELETE = LOW RISK,ARCHIVE
2164,frontend/.next/dev/cache/turbopack/v16.2.10/00000745.sst,OTHER,12261,,0,False,False,False,False,🟡 DELETE = LOW RISK,ARCHIVE
2165,frontend/.next/dev/cache/turbopack/v16.2.10/00000747.sst,OTHER,52,,0,False,False,False,False,🟡 DELETE = LOW RISK,ARCHIVE
2166,frontend/.next/dev/cache/turbopack/v16.2.10/00000748.meta,OTHER,674,,0,False,False,False,False,🟡 DELETE = LOW RISK,ARCHIVE
2167,frontend/.next/dev/cache/turbopack/v16.2.10/00000749.meta,OTHER,1189,,0,False,False,False,False,🟡 DELETE = LOW RISK,ARCHIVE
2168,frontend/.next/dev/cache/turbopack/v16.2.10/00000752.sst,OTHER,42996,,0,False,False,False,False,🟡 DELETE = LOW RISK,ARCHIVE
2169,frontend/.next/dev/cache/turbopack/v16.2.10/00000753.sst,OTHER,52,,0,False,False,False,False,🟡 DELETE = LOW RISK,ARCHIVE
2170,frontend/.next/dev/cache/turbopack/v16.2.10/00000754.meta,OTHER,674,,0,False,False,False,False,🟡 DELETE = LOW RISK,ARCHIVE
2171,frontend/.next/dev/cache/turbopack/v16.2.10/00000755.meta,OTHER,1189,,0,False,False,False,False,🟡 DELETE = LOW RISK,ARCHIVE
2172,frontend/.next/dev/cache/turbopack/v16.2.10/00000758.sst,OTHER,982377,,0,False,False,False,False,🟡 DELETE = LOW RISK,ARCHIVE
2173,frontend/.next/dev/cache/turbopack/v16.2.10/00000759.sst,OTHER,52,,0,False,False,False,False,🟡 DELETE = LOW RISK,ARCHIVE
2174,frontend/.next/dev/cache/turbopack/v16.2.10/00000760.meta,OTHER,674,,0,False,False,False,False,🟡 DELETE = LOW RISK,ARCHIVE
2175,frontend/.next/dev/cache/turbopack/v16.2.10/00000761.meta,OTHER,1773,,0,False,False,False,False,🟡 DELETE = LOW RISK,ARCHIVE
2176,frontend/.next/dev/cache/turbopack/v16.2.10/00000763.sst,OTHER,12236,,0,False,False,False,False,🟡 DELETE = LOW RISK,ARCHIVE
2177,frontend/.next/dev/cache/turbopack/v16.2.10/00000765.sst,OTHER,52,,0,False,False,False,False,🟡 DELETE = LOW RISK,ARCHIVE
2178,frontend/.next/dev/cache/turbopack/v16.2.10/00000766.meta,OTHER,674,,0,False,False,False,False,🟡 DELETE = LOW RISK,ARCHIVE
2179,frontend/.next/dev/cache/turbopack/v16.2.10/00000767.meta,OTHER,747,,0,False,False,False,False,🟡 DELETE = LOW RISK,ARCHIVE
2180,frontend/.next/dev/cache/turbopack/v16.2.10/00000770.sst,OTHER,42996,,0,False,False,False,False,🟡 DELETE = LOW RISK,ARCHIVE
2181,frontend/.next/dev/cache/turbopack/v16.2.10/00000771.sst,OTHER,52,,0,False,False,False,False,🟡 DELETE = LOW RISK,ARCHIVE
2182,frontend/.next/dev/cache/turbopack/v16.2.10/00000772.meta,OTHER,674,,0,False,False,False,False,🟡 DELETE = LOW RISK,ARCHIVE
2183,frontend/.next/dev/cache/turbopack/v16.2.10/00000773.meta,OTHER,1189,,0,False,False,False,False,🟡 DELETE = LOW RISK,ARCHIVE
2184,frontend/.next/dev/cache/turbopack/v16.2.10/00000776.sst,OTHER,5244,,0,False,False,False,False,🟡 DELETE = LOW RISK,ARCHIVE
2185,frontend/.next/dev/cache/turbopack/v16.2.10/00000777.sst,OTHER,52,,0,False,False,False,False,🟡 DELETE = LOW RISK,ARCHIVE
2186,frontend/.next/dev/cache/turbopack/v16.2.10/00000778.meta,OTHER,674,,0,False,False,False,False,🟡 DELETE = LOW RISK,ARCHIVE
2187,frontend/.next/dev/cache/turbopack/v16.2.10/00000779.meta,OTHER,747,,0,False,False,False,False,🟡 DELETE = LOW RISK,ARCHIVE
2188,frontend/.next/dev/cache/turbopack/v16.2.10/00000782.sst,OTHER,559413,,0,False,False,False,False,🟡 DELETE = LOW RISK,ARCHIVE
2189,frontend/.next/dev/cache/turbopack/v16.2.10/00000783.sst,OTHER,52,,0,False,False,False,False,🟡 DELETE = LOW RISK,ARCHIVE
2190,frontend/.next/dev/cache/turbopack/v16.2.10/00000784.sst,OTHER,117,,0,False,False,False,False,🟡 DELETE = LOW RISK,ARCHIVE
2191,frontend/.next/dev/cache/turbopack/v16.2.10/00000785.meta,OTHER,2941,,0,False,False,False,False,🟡 DELETE = LOW RISK,ARCHIVE
2192,frontend/.next/dev/cache/turbopack/v16.2.10/00000786.meta,OTHER,674,,0,False,False,False,False,🟡 DELETE = LOW RISK,ARCHIVE
2193,frontend/.next/dev/cache/turbopack/v16.2.10/00000788.meta,OTHER,674,,0,False,False,False,False,🟡 DELETE = LOW RISK,ARCHIVE
2194,frontend/.next/dev/cache/turbopack/v16.2.10/00000790.sst,OTHER,11656,,0,False,False,False,False,🟡 DELETE = LOW RISK,ARCHIVE
2195,frontend/.next/dev/cache/turbopack/v16.2.10/00000791.sst,OTHER,52,,0,False,False,False,False,🟡 DELETE = LOW RISK,ARCHIVE
2196,frontend/.next/dev/cache/turbopack/v16.2.10/00000792.meta,OTHER,747,,0,False,False,False,False,🟡 DELETE = LOW RISK,ARCHIVE
2197,frontend/.next/dev/cache/turbopack/v16.2.10/00000794.meta,OTHER,674,,0,False,False,False,False,🟡 DELETE = LOW RISK,ARCHIVE
2198,frontend/.next/dev/cache/turbopack/v16.2.10/00000796.sst,OTHER,12417,,0,False,False,False,False,🟡 DELETE = LOW RISK,ARCHIVE
2199,frontend/.next/dev/cache/turbopack/v16.2.10/00000797.sst,OTHER,52,,0,False,False,False,False,🟡 DELETE = LOW RISK,ARCHIVE
2200,frontend/.next/dev/cache/turbopack/v16.2.10/00000798.meta,OTHER,674,,0,False,False,False,False,🟡 DELETE = LOW RISK,ARCHIVE
2201,frontend/.next/dev/cache/turbopack/v16.2.10/00000799.meta,OTHER,747,,0,False,False,False,False,🟡 DELETE = LOW RISK,ARCHIVE
2202,frontend/.next/dev/cache/turbopack/v16.2.10/00000801.sst,OTHER,12717,,0,False,False,False,False,🟡 DELETE = LOW RISK,ARCHIVE
2203,frontend/.next/dev/cache/turbopack/v16.2.10/00000803.sst,OTHER,52,,0,False,False,False,False,🟡 DELETE = LOW RISK,ARCHIVE
2204,frontend/.next/dev/cache/turbopack/v16.2.10/00000804.meta,OTHER,674,,0,False,False,False,False,🟡 DELETE = LOW RISK,ARCHIVE
2205,frontend/.next/dev/cache/turbopack/v16.2.10/00000805.meta,OTHER,747,,0,False,False,False,False,🟡 DELETE = LOW RISK,ARCHIVE
2206,frontend/.next/dev/cache/turbopack/v16.2.10/00000807.sst,OTHER,33603,,0,False,False,False,False,🟡 DELETE = LOW RISK,ARCHIVE
2207,frontend/.next/dev/cache/turbopack/v16.2.10/00000809.sst,OTHER,52,,0,False,False,False,False,🟡 DELETE = LOW RISK,ARCHIVE
2208,frontend/.next/dev/cache/turbopack/v16.2.10/00000810.meta,OTHER,674,,0,False,False,False,False,🟡 DELETE = LOW RISK,ARCHIVE
2209,frontend/.next/dev/cache/turbopack/v16.2.10/00000811.meta,OTHER,895,,0,False,False,False,False,🟡 DELETE = LOW RISK,ARCHIVE
2210,frontend/.next/dev/cache/turbopack/v16.2.10/00000813.sst,OTHER,33603,,0,False,False,False,False,🟡 DELETE = LOW RISK,ARCHIVE
2211,frontend/.next/dev/cache/turbopack/v16.2.10/00000815.sst,OTHER,52,,0,False,False,False,False,🟡 DELETE = LOW RISK,ARCHIVE
2212,frontend/.next/dev/cache/turbopack/v16.2.10/00000816.meta,OTHER,674,,0,False,False,False,False,🟡 DELETE = LOW RISK,ARCHIVE
2213,frontend/.next/dev/cache/turbopack/v16.2.10/00000817.meta,OTHER,895,,0,False,False,False,False,🟡 DELETE = LOW RISK,ARCHIVE
2214,frontend/.next/dev/cache/turbopack/v16.2.10/00000819.sst,OTHER,20571,,0,False,False,False,False,🟡 DELETE = LOW RISK,ARCHIVE
2215,frontend/.next/dev/cache/turbopack/v16.2.10/00000821.sst,OTHER,52,,0,False,False,False,False,🟡 DELETE = LOW RISK,ARCHIVE
2216,frontend/.next/dev/cache/turbopack/v16.2.10/00000822.meta,OTHER,674,,0,False,False,False,False,🟡 DELETE = LOW RISK,ARCHIVE
2217,frontend/.next/dev/cache/turbopack/v16.2.10/00000823.meta,OTHER,747,,0,False,False,False,False,🟡 DELETE = LOW RISK,ARCHIVE
2218,frontend/.next/dev/cache/turbopack/v16.2.10/00000825.sst,OTHER,12058,,0,False,False,False,False,🟡 DELETE = LOW RISK,ARCHIVE
2219,frontend/.next/dev/cache/turbopack/v16.2.10/00000827.sst,OTHER,52,,0,False,False,False,False,🟡 DELETE = LOW RISK,ARCHIVE
2220,frontend/.next/dev/cache/turbopack/v16.2.10/00000828.meta,OTHER,674,,0,False,False,False,False,🟡 DELETE = LOW RISK,ARCHIVE
2221,frontend/.next/dev/cache/turbopack/v16.2.10/00000829.meta,OTHER,747,,0,False,False,False,False,🟡 DELETE = LOW RISK,ARCHIVE
2222,frontend/.next/dev/cache/turbopack/v16.2.10/00000832.sst,OTHER,1029071,,0,False,False,False,False,🟡 DELETE = LOW RISK,ARCHIVE
2223,frontend/.next/dev/cache/turbopack/v16.2.10/00000833.sst,OTHER,52,,0,False,False,False,False,🟡 DELETE = LOW RISK,ARCHIVE
2224,frontend/.next/dev/cache/turbopack/v16.2.10/00000834.sst,OTHER,81,,0,False,False,False,False,🟡 DELETE = LOW RISK,ARCHIVE
2225,frontend/.next/dev/cache/turbopack/v16.2.10/00000835.meta,OTHER,674,,0,False,False,False,False,🟡 DELETE = LOW RISK,ARCHIVE
2226,frontend/.next/dev/cache/turbopack/v16.2.10/00000836.meta,OTHER,1189,,0,False,False,False,False,🟡 DELETE = LOW RISK,ARCHIVE
2227,frontend/.next/dev/cache/turbopack/v16.2.10/00000838.meta,OTHER,674,,0,False,False,False,False,🟡 DELETE = LOW RISK,ARCHIVE
2228,frontend/.next/dev/cache/turbopack/v16.2.10/00000839.sst,OTHER,901545,,0,False,False,False,False,🟡 DELETE = LOW RISK,ARCHIVE
2229,frontend/.next/dev/cache/turbopack/v16.2.10/00000841.sst,OTHER,52,,0,False,False,False,False,🟡 DELETE = LOW RISK,ARCHIVE
2230,frontend/.next/dev/cache/turbopack/v16.2.10/00000842.sst,OTHER,45,,0,False,False,False,False,🟡 DELETE = LOW RISK,ARCHIVE
2231,frontend/.next/dev/cache/turbopack/v16.2.10/00000843.meta,OTHER,674,,0,False,False,False,False,🟡 DELETE = LOW RISK,ARCHIVE
2232,frontend/.next/dev/cache/turbopack/v16.2.10/00000844.meta,OTHER,1189,,0,False,False,False,False,🟡 DELETE = LOW RISK,ARCHIVE
2233,frontend/.next/dev/cache/turbopack/v16.2.10/00000846.meta,OTHER,674,,0,False,False,False,False,🟡 DELETE = LOW RISK,ARCHIVE
2234,frontend/.next/dev/cache/turbopack/v16.2.10/00000847.sst,OTHER,893414,,0,False,False,False,False,🟡 DELETE = LOW RISK,ARCHIVE
2235,frontend/.next/dev/cache/turbopack/v16.2.10/00000849.sst,OTHER,52,,0,False,False,False,False,🟡 DELETE = LOW RISK,ARCHIVE
2236,frontend/.next/dev/cache/turbopack/v16.2.10/00000850.sst,OTHER,45,,0,False,False,False,False,🟡 DELETE = LOW RISK,ARCHIVE
2237,frontend/.next/dev/cache/turbopack/v16.2.10/00000851.meta,OTHER,674,,0,False,False,False,False,🟡 DELETE = LOW RISK,ARCHIVE
2238,frontend/.next/dev/cache/turbopack/v16.2.10/00000852.meta,OTHER,1189,,0,False,False,False,False,🟡 DELETE = LOW RISK,ARCHIVE
2239,frontend/.next/dev/cache/turbopack/v16.2.10/00000853.meta,OTHER,674,,0,False,False,False,False,🟡 DELETE = LOW RISK,ARCHIVE
2240,frontend/.next/dev/cache/turbopack/v16.2.10/00000855.sst,OTHER,893318,,0,False,False,False,False,🟡 DELETE = LOW RISK,ARCHIVE
2241,frontend/.next/dev/cache/turbopack/v16.2.10/00000857.sst,OTHER,52,,0,False,False,False,False,🟡 DELETE = LOW RISK,ARCHIVE
2242,frontend/.next/dev/cache/turbopack/v16.2.10/00000858.sst,OTHER,45,,0,False,False,False,False,🟡 DELETE = LOW RISK,ARCHIVE
2243,frontend/.next/dev/cache/turbopack/v16.2.10/00000859.meta,OTHER,674,,0,False,False,False,False,🟡 DELETE = LOW RISK,ARCHIVE
2244,frontend/.next/dev/cache/turbopack/v16.2.10/00000860.meta,OTHER,1189,,0,False,False,False,False,🟡 DELETE = LOW RISK,ARCHIVE
2245,frontend/.next/dev/cache/turbopack/v16.2.10/00000862.meta,OTHER,674,,0,False,False,False,False,🟡 DELETE = LOW RISK,ARCHIVE
2246,frontend/.next/dev/cache/turbopack/v16.2.10/00000863.sst,OTHER,893858,,0,False,False,False,False,🟡 DELETE = LOW RISK,ARCHIVE
2247,frontend/.next/dev/cache/turbopack/v16.2.10/00000865.sst,OTHER,52,,0,False,False,False,False,🟡 DELETE = LOW RISK,ARCHIVE
2248,frontend/.next/dev/cache/turbopack/v16.2.10/00000866.sst,OTHER,45,,0,False,False,False,False,🟡 DELETE = LOW RISK,ARCHIVE
2249,frontend/.next/dev/cache/turbopack/v16.2.10/00000867.meta,OTHER,674,,0,False,False,False,False,🟡 DELETE = LOW RISK,ARCHIVE
2250,frontend/.next/dev/cache/turbopack/v16.2.10/00000868.meta,OTHER,1189,,0,False,False,False,False,🟡 DELETE = LOW RISK,ARCHIVE
2251,frontend/.next/dev/cache/turbopack/v16.2.10/00000870.meta,OTHER,674,,0,False,False,False,False,🟡 DELETE = LOW RISK,ARCHIVE
2252,frontend/.next/dev/cache/turbopack/v16.2.10/00000871.sst,OTHER,894383,,0,False,False,False,False,🟡 DELETE = LOW RISK,ARCHIVE
2253,frontend/.next/dev/cache/turbopack/v16.2.10/00000873.sst,OTHER,52,,0,False,False,False,False,🟡 DELETE = LOW RISK,ARCHIVE
2254,frontend/.next/dev/cache/turbopack/v16.2.10/00000874.sst,OTHER,45,,0,False,False,False,False,🟡 DELETE = LOW RISK,ARCHIVE
2255,frontend/.next/dev/cache/turbopack/v16.2.10/00000875.meta,OTHER,674,,0,False,False,False,False,🟡 DELETE = LOW RISK,ARCHIVE
2256,frontend/.next/dev/cache/turbopack/v16.2.10/00000876.meta,OTHER,1189,,0,False,False,False,False,🟡 DELETE = LOW RISK,ARCHIVE
2257,frontend/.next/dev/cache/turbopack/v16.2.10/00000878.meta,OTHER,674,,0,False,False,False,False,🟡 DELETE = LOW RISK,ARCHIVE
2258,frontend/.next/dev/cache/turbopack/v16.2.10/00000879.sst,OTHER,897189,,0,False,False,False,False,🟡 DELETE = LOW RISK,ARCHIVE
2259,frontend/.next/dev/cache/turbopack/v16.2.10/00000881.sst,OTHER,52,,0,False,False,False,False,🟡 DELETE = LOW RISK,ARCHIVE
2260,frontend/.next/dev/cache/turbopack/v16.2.10/00000882.sst,OTHER,45,,0,False,False,False,False,🟡 DELETE = LOW RISK,ARCHIVE
2261,frontend/.next/dev/cache/turbopack/v16.2.10/00000883.meta,OTHER,674,,0,False,False,False,False,🟡 DELETE = LOW RISK,ARCHIVE
2262,frontend/.next/dev/cache/turbopack/v16.2.10/00000884.meta,OTHER,1189,,0,False,False,False,False,🟡 DELETE = LOW RISK,ARCHIVE
2263,frontend/.next/dev/cache/turbopack/v16.2.10/00000886.meta,OTHER,674,,0,False,False,False,False,🟡 DELETE = LOW RISK,ARCHIVE
2264,frontend/.next/dev/cache/turbopack/v16.2.10/00000887.sst,OTHER,897701,,0,False,False,False,False,🟡 DELETE = LOW RISK,ARCHIVE
2265,frontend/.next/dev/cache/turbopack/v16.2.10/00000889.sst,OTHER,52,,0,False,False,False,False,🟡 DELETE = LOW RISK,ARCHIVE
2266,frontend/.next/dev/cache/turbopack/v16.2.10/00000890.sst,OTHER,45,,0,False,False,False,False,🟡 DELETE = LOW RISK,ARCHIVE
2267,frontend/.next/dev/cache/turbopack/v16.2.10/00000891.meta,OTHER,674,,0,False,False,False,False,🟡 DELETE = LOW RISK,ARCHIVE
2268,frontend/.next/dev/cache/turbopack/v16.2.10/00000892.meta,OTHER,1189,,0,False,False,False,False,🟡 DELETE = LOW RISK,ARCHIVE
2269,frontend/.next/dev/cache/turbopack/v16.2.10/00000893.meta,OTHER,674,,0,False,False,False,False,🟡 DELETE = LOW RISK,ARCHIVE
2270,frontend/.next/dev/cache/turbopack/v16.2.10/00000896.sst,OTHER,898310,,0,False,False,False,False,🟡 DELETE = LOW RISK,ARCHIVE
2271,frontend/.next/dev/cache/turbopack/v16.2.10/00000897.sst,OTHER,52,,0,False,False,False,False,🟡 DELETE = LOW RISK,ARCHIVE
2272,frontend/.next/dev/cache/turbopack/v16.2.10/00000898.sst,OTHER,45,,0,False,False,False,False,🟡 DELETE = LOW RISK,ARCHIVE
2273,frontend/.next/dev/cache/turbopack/v16.2.10/00000899.meta,OTHER,674,,0,False,False,False,False,🟡 DELETE = LOW RISK,ARCHIVE
2274,frontend/.next/dev/cache/turbopack/v16.2.10/00000900.meta,OTHER,1189,,0,False,False,False,False,🟡 DELETE = LOW RISK,ARCHIVE
2275,frontend/.next/dev/cache/turbopack/v16.2.10/00000902.meta,OTHER,674,,0,False,False,False,False,🟡 DELETE = LOW RISK,ARCHIVE
2276,frontend/.next/dev/cache/turbopack/v16.2.10/00000903.sst,OTHER,899019,,0,False,False,False,False,🟡 DELETE = LOW RISK,ARCHIVE
2277,frontend/.next/dev/cache/turbopack/v16.2.10/00000905.sst,OTHER,52,,0,False,False,False,False,🟡 DELETE = LOW RISK,ARCHIVE
2278,frontend/.next/dev/cache/turbopack/v16.2.10/00000906.sst,OTHER,45,,0,False,False,False,False,🟡 DELETE = LOW RISK,ARCHIVE
2279,frontend/.next/dev/cache/turbopack/v16.2.10/00000907.meta,OTHER,674,,0,False,False,False,False,🟡 DELETE = LOW RISK,ARCHIVE
2280,frontend/.next/dev/cache/turbopack/v16.2.10/00000908.meta,OTHER,1189,,0,False,False,False,False,🟡 DELETE = LOW RISK,ARCHIVE
2281,frontend/.next/dev/cache/turbopack/v16.2.10/00000910.meta,OTHER,674,,0,False,False,False,False,🟡 DELETE = LOW RISK,ARCHIVE
2282,frontend/.next/dev/cache/turbopack/v16.2.10/00000912.sst,OTHER,900179,,0,False,False,False,False,🟡 DELETE = LOW RISK,ARCHIVE
2283,frontend/.next/dev/cache/turbopack/v16.2.10/00000913.sst,OTHER,52,,0,False,False,False,False,🟡 DELETE = LOW RISK,ARCHIVE
2284,frontend/.next/dev/cache/turbopack/v16.2.10/00000914.sst,OTHER,45,,0,False,False,False,False,🟡 DELETE = LOW RISK,ARCHIVE
2285,frontend/.next/dev/cache/turbopack/v16.2.10/00000915.meta,OTHER,674,,0,False,False,False,False,🟡 DELETE = LOW RISK,ARCHIVE
2286,frontend/.next/dev/cache/turbopack/v16.2.10/00000916.meta,OTHER,1189,,0,False,False,False,False,🟡 DELETE = LOW RISK,ARCHIVE
2287,frontend/.next/dev/cache/turbopack/v16.2.10/00000918.meta,OTHER,674,,0,False,False,False,False,🟡 DELETE = LOW RISK,ARCHIVE
2288,frontend/.next/dev/cache/turbopack/v16.2.10/00000920.sst,OTHER,1318062,,0,False,False,False,False,🟡 DELETE = LOW RISK,ARCHIVE
2289,frontend/.next/dev/cache/turbopack/v16.2.10/00000921.sst,OTHER,52,,0,False,False,False,False,🟡 DELETE = LOW RISK,ARCHIVE
2290,frontend/.next/dev/cache/turbopack/v16.2.10/00000922.sst,OTHER,801,,0,False,False,False,False,🟡 DELETE = LOW RISK,ARCHIVE
2291,frontend/.next/dev/cache/turbopack/v16.2.10/00000923.meta,OTHER,674,,0,False,False,False,False,🟡 DELETE = LOW RISK,ARCHIVE
2292,frontend/.next/dev/cache/turbopack/v16.2.10/00000924.meta,OTHER,5277,,0,False,False,False,False,🟡 DELETE = LOW RISK,ARCHIVE
2293,frontend/.next/dev/cache/turbopack/v16.2.10/00000926.meta,OTHER,747,,0,False,False,False,False,🟡 DELETE = LOW RISK,ARCHIVE
2294,frontend/.next/dev/cache/turbopack/v16.2.10/00000930.sst,OTHER,2955100,,0,False,False,False,False,🟡 DELETE = LOW RISK,ARCHIVE
2295,frontend/.next/dev/cache/turbopack/v16.2.10/00000932.sst,OTHER,52,,0,False,False,False,False,🟡 DELETE = LOW RISK,ARCHIVE
2296,frontend/.next/dev/cache/turbopack/v16.2.10/00000933.sst,OTHER,66897,,0,False,False,False,False,🟡 DELETE = LOW RISK,ARCHIVE
2297,frontend/.next/dev/cache/turbopack/v16.2.10/00000934.meta,OTHER,674,,0,False,False,False,False,🟡 DELETE = LOW RISK,ARCHIVE
2298,frontend/.next/dev/cache/turbopack/v16.2.10/00000935.meta,OTHER,19293,,0,False,False,False,False,🟡 DELETE = LOW RISK,ARCHIVE
2299,frontend/.next/dev/cache/turbopack/v16.2.10/00000937.meta,OTHER,9949,,0,False,False,False,False,🟡 DELETE = LOW RISK,ARCHIVE
2300,frontend/.next/dev/cache/turbopack/v16.2.10/00000938.sst,OTHER,2264,,0,False,False,False,False,🟡 DELETE = LOW RISK,ARCHIVE
2301,frontend/.next/dev/cache/turbopack/v16.2.10/00000940.sst,OTHER,52,,0,False,False,False,False,🟡 DELETE = LOW RISK,ARCHIVE
2302,frontend/.next/dev/cache/turbopack/v16.2.10/00000941.meta,OTHER,674,,0,False,False,False,False,🟡 DELETE = LOW RISK,ARCHIVE
2303,frontend/.next/dev/cache/turbopack/v16.2.10/00000942.meta,OTHER,674,,0,False,False,False,False,🟡 DELETE = LOW RISK,ARCHIVE
2304,frontend/.next/dev/cache/turbopack/v16.2.10/00000944.sst,OTHER,2264,,0,False,False,False,False,🟡 DELETE = LOW RISK,ARCHIVE
2305,frontend/.next/dev/cache/turbopack/v16.2.10/00000946.sst,OTHER,52,,0,False,False,False,False,🟡 DELETE = LOW RISK,ARCHIVE
2306,frontend/.next/dev/cache/turbopack/v16.2.10/00000947.meta,OTHER,674,,0,False,False,False,False,🟡 DELETE = LOW RISK,ARCHIVE
2307,frontend/.next/dev/cache/turbopack/v16.2.10/00000949.meta,OTHER,674,,0,False,False,False,False,🟡 DELETE = LOW RISK,ARCHIVE
2308,frontend/.next/dev/cache/turbopack/v16.2.10/00000954.sst,OTHER,2181103,,0,False,False,False,False,🟡 DELETE = LOW RISK,ARCHIVE
2309,frontend/.next/dev/cache/turbopack/v16.2.10/00000955.sst,OTHER,52,,0,False,False,False,False,🟡 DELETE = LOW RISK,ARCHIVE
2310,frontend/.next/dev/cache/turbopack/v16.2.10/00000956.sst,OTHER,4077,,0,False,False,False,False,🟡 DELETE = LOW RISK,ARCHIVE
2311,frontend/.next/dev/cache/turbopack/v16.2.10/00000957.meta,OTHER,674,,0,False,False,False,False,🟡 DELETE = LOW RISK,ARCHIVE
2312,frontend/.next/dev/cache/turbopack/v16.2.10/00000958.meta,OTHER,9949,,0,False,False,False,False,🟡 DELETE = LOW RISK,ARCHIVE
2313,frontend/.next/dev/cache/turbopack/v16.2.10/00000960.meta,OTHER,1189,,0,False,False,False,False,🟡 DELETE = LOW RISK,ARCHIVE
2314,frontend/.next/dev/cache/turbopack/v16.2.10/00000965.sst,OTHER,871856,,0,False,False,False,False,🟡 DELETE = LOW RISK,ARCHIVE
2315,frontend/.next/dev/cache/turbopack/v16.2.10/00000967.sst,OTHER,52,,0,False,False,False,False,🟡 DELETE = LOW RISK,ARCHIVE
2316,frontend/.next/dev/cache/turbopack/v16.2.10/00000968.meta,OTHER,674,,0,False,False,False,False,🟡 DELETE = LOW RISK,ARCHIVE
2317,frontend/.next/dev/cache/turbopack/v16.2.10/00000969.meta,OTHER,895,,0,False,False,False,False,🟡 DELETE = LOW RISK,ARCHIVE
2318,frontend/.next/dev/cache/turbopack/v16.2.10/00000972.sst,OTHER,2264,,0,False,False,False,False,🟡 DELETE = LOW RISK,ARCHIVE
2319,frontend/.next/dev/cache/turbopack/v16.2.10/00000973.sst,OTHER,52,,0,False,False,False,False,🟡 DELETE = LOW RISK,ARCHIVE
2320,frontend/.next/dev/cache/turbopack/v16.2.10/00000974.meta,OTHER,674,,0,False,False,False,False,🟡 DELETE = LOW RISK,ARCHIVE
2321,frontend/.next/dev/cache/turbopack/v16.2.10/00000975.meta,OTHER,674,,0,False,False,False,False,🟡 DELETE = LOW RISK,ARCHIVE
2322,frontend/.next/dev/cache/turbopack/v16.2.10/00000977.sst,OTHER,2264,,0,False,False,False,False,🟡 DELETE = LOW RISK,ARCHIVE
2323,frontend/.next/dev/cache/turbopack/v16.2.10/00000979.sst,OTHER,52,,0,False,False,False,False,🟡 DELETE = LOW RISK,ARCHIVE
2324,frontend/.next/dev/cache/turbopack/v16.2.10/00000980.meta,OTHER,674,,0,False,False,False,False,🟡 DELETE = LOW RISK,ARCHIVE
2325,frontend/.next/dev/cache/turbopack/v16.2.10/00000981.meta,OTHER,674,,0,False,False,False,False,🟡 DELETE = LOW RISK,ARCHIVE
2326,frontend/.next/dev/cache/turbopack/v16.2.10/00000984.sst,OTHER,2264,,0,False,False,False,False,🟡 DELETE = LOW RISK,ARCHIVE
2327,frontend/.next/dev/cache/turbopack/v16.2.10/00000985.sst,OTHER,52,,0,False,False,False,False,🟡 DELETE = LOW RISK,ARCHIVE
2328,frontend/.next/dev/cache/turbopack/v16.2.10/00000986.meta,OTHER,674,,0,False,False,False,False,🟡 DELETE = LOW RISK,ARCHIVE
2329,frontend/.next/dev/cache/turbopack/v16.2.10/00000988.meta,OTHER,674,,0,False,False,False,False,🟡 DELETE = LOW RISK,ARCHIVE
2330,frontend/.next/dev/cache/turbopack/v16.2.10/00000990.sst,OTHER,867547,,0,False,False,False,False,🟡 DELETE = LOW RISK,ARCHIVE
2331,frontend/.next/dev/cache/turbopack/v16.2.10/00000991.sst,OTHER,52,,0,False,False,False,False,🟡 DELETE = LOW RISK,ARCHIVE
2332,frontend/.next/dev/cache/turbopack/v16.2.10/00000992.meta,OTHER,674,,0,False,False,False,False,🟡 DELETE = LOW RISK,ARCHIVE
2333,frontend/.next/dev/cache/turbopack/v16.2.10/00000993.meta,OTHER,895,,0,False,False,False,False,🟡 DELETE = LOW RISK,ARCHIVE
2334,frontend/.next/dev/cache/turbopack/v16.2.10/00000996.sst,OTHER,2264,,0,False,False,False,False,🟡 DELETE = LOW RISK,ARCHIVE
2335,frontend/.next/dev/cache/turbopack/v16.2.10/00000997.sst,OTHER,52,,0,False,False,False,False,🟡 DELETE = LOW RISK,ARCHIVE
2336,frontend/.next/dev/cache/turbopack/v16.2.10/00000998.meta,OTHER,674,,0,False,False,False,False,🟡 DELETE = LOW RISK,ARCHIVE
2337,frontend/.next/dev/cache/turbopack/v16.2.10/00000999.meta,OTHER,674,,0,False,False,False,False,🟡 DELETE = LOW RISK,ARCHIVE
2338,frontend/.next/dev/cache/turbopack/v16.2.10/00001001.sst,OTHER,2264,,0,False,False,False,False,🟡 DELETE = LOW RISK,ARCHIVE
2339,frontend/.next/dev/cache/turbopack/v16.2.10/00001003.sst,OTHER,52,,0,False,False,False,False,🟡 DELETE = LOW RISK,ARCHIVE
2340,frontend/.next/dev/cache/turbopack/v16.2.10/00001004.meta,OTHER,674,,0,False,False,False,False,🟡 DELETE = LOW RISK,ARCHIVE
2341,frontend/.next/dev/cache/turbopack/v16.2.10/00001005.meta,OTHER,674,,0,False,False,False,False,🟡 DELETE = LOW RISK,ARCHIVE
2342,frontend/.next/dev/cache/turbopack/v16.2.10/00001007.sst,OTHER,2264,,0,False,False,False,False,🟡 DELETE = LOW RISK,ARCHIVE
2343,frontend/.next/dev/cache/turbopack/v16.2.10/00001009.sst,OTHER,52,,0,False,False,False,False,🟡 DELETE = LOW RISK,ARCHIVE
2344,frontend/.next/dev/cache/turbopack/v16.2.10/00001010.meta,OTHER,674,,0,False,False,False,False,🟡 DELETE = LOW RISK,ARCHIVE
2345,frontend/.next/dev/cache/turbopack/v16.2.10/00001011.meta,OTHER,674,,0,False,False,False,False,🟡 DELETE = LOW RISK,ARCHIVE
2346,frontend/.next/dev/cache/turbopack/v16.2.10/00001013.sst,OTHER,866937,,0,False,False,False,False,🟡 DELETE = LOW RISK,ARCHIVE
2347,frontend/.next/dev/cache/turbopack/v16.2.10/00001015.sst,OTHER,52,,0,False,False,False,False,🟡 DELETE = LOW RISK,ARCHIVE
2348,frontend/.next/dev/cache/turbopack/v16.2.10/00001016.meta,OTHER,674,,0,False,False,False,False,🟡 DELETE = LOW RISK,ARCHIVE
2349,frontend/.next/dev/cache/turbopack/v16.2.10/00001017.meta,OTHER,895,,0,False,False,False,False,🟡 DELETE = LOW RISK,ARCHIVE
2350,frontend/.next/dev/cache/turbopack/v16.2.10/00001019.sst,OTHER,2264,,0,False,False,False,False,🟡 DELETE = LOW RISK,ARCHIVE
2351,frontend/.next/dev/cache/turbopack/v16.2.10/00001021.sst,OTHER,52,,0,False,False,False,False,🟡 DELETE = LOW RISK,ARCHIVE
2352,frontend/.next/dev/cache/turbopack/v16.2.10/00001022.meta,OTHER,674,,0,False,False,False,False,🟡 DELETE = LOW RISK,ARCHIVE
2353,frontend/.next/dev/cache/turbopack/v16.2.10/00001023.meta,OTHER,674,,0,False,False,False,False,🟡 DELETE = LOW RISK,ARCHIVE
2354,frontend/.next/dev/cache/turbopack/v16.2.10/00001025.sst,OTHER,2264,,0,False,False,False,False,🟡 DELETE = LOW RISK,ARCHIVE
2355,frontend/.next/dev/cache/turbopack/v16.2.10/00001027.sst,OTHER,52,,0,False,False,False,False,🟡 DELETE = LOW RISK,ARCHIVE
2356,frontend/.next/dev/cache/turbopack/v16.2.10/00001028.meta,OTHER,674,,0,False,False,False,False,🟡 DELETE = LOW RISK,ARCHIVE
2357,frontend/.next/dev/cache/turbopack/v16.2.10/00001029.meta,OTHER,674,,0,False,False,False,False,🟡 DELETE = LOW RISK,ARCHIVE
2358,frontend/.next/dev/cache/turbopack/v16.2.10/00001031.sst,OTHER,2264,,0,False,False,False,False,🟡 DELETE = LOW RISK,ARCHIVE
2359,frontend/.next/dev/cache/turbopack/v16.2.10/00001033.sst,OTHER,52,,0,False,False,False,False,🟡 DELETE = LOW RISK,ARCHIVE
2360,frontend/.next/dev/cache/turbopack/v16.2.10/00001034.meta,OTHER,674,,0,False,False,False,False,🟡 DELETE = LOW RISK,ARCHIVE
2361,frontend/.next/dev/cache/turbopack/v16.2.10/00001035.meta,OTHER,674,,0,False,False,False,False,🟡 DELETE = LOW RISK,ARCHIVE
2362,frontend/.next/dev/cache/turbopack/v16.2.10/00001038.sst,OTHER,574789,,0,False,False,False,False,🟡 DELETE = LOW RISK,ARCHIVE
2363,frontend/.next/dev/cache/turbopack/v16.2.10/00001039.sst,OTHER,52,,0,False,False,False,False,🟡 DELETE = LOW RISK,ARCHIVE
2364,frontend/.next/dev/cache/turbopack/v16.2.10/00001040.sst,OTHER,681,,0,False,False,False,False,🟡 DELETE = LOW RISK,ARCHIVE
2365,frontend/.next/dev/cache/turbopack/v16.2.10/00001041.meta,OTHER,674,,0,False,False,False,False,🟡 DELETE = LOW RISK,ARCHIVE
2366,frontend/.next/dev/cache/turbopack/v16.2.10/00001042.meta,OTHER,2941,,0,False,False,False,False,🟡 DELETE = LOW RISK,ARCHIVE
2367,frontend/.next/dev/cache/turbopack/v16.2.10/00001044.meta,OTHER,674,,0,False,False,False,False,🟡 DELETE = LOW RISK,ARCHIVE
2368,frontend/.next/dev/cache/turbopack/v16.2.10/00001045.sst,OTHER,12816,,0,False,False,False,False,🟡 DELETE = LOW RISK,ARCHIVE
2369,frontend/.next/dev/cache/turbopack/v16.2.10/00001047.sst,OTHER,52,,0,False,False,False,False,🟡 DELETE = LOW RISK,ARCHIVE
2370,frontend/.next/dev/cache/turbopack/v16.2.10/00001048.meta,OTHER,674,,0,False,False,False,False,🟡 DELETE = LOW RISK,ARCHIVE
2371,frontend/.next/dev/cache/turbopack/v16.2.10/00001049.meta,OTHER,747,,0,False,False,False,False,🟡 DELETE = LOW RISK,ARCHIVE
2372,frontend/.next/dev/cache/turbopack/v16.2.10/00001051.sst,OTHER,12710,,0,False,False,False,False,🟡 DELETE = LOW RISK,ARCHIVE
2373,frontend/.next/dev/cache/turbopack/v16.2.10/00001053.sst,OTHER,52,,0,False,False,False,False,🟡 DELETE = LOW RISK,ARCHIVE
2374,frontend/.next/dev/cache/turbopack/v16.2.10/00001054.meta,OTHER,674,,0,False,False,False,False,🟡 DELETE = LOW RISK,ARCHIVE
2375,frontend/.next/dev/cache/turbopack/v16.2.10/00001055.meta,OTHER,747,,0,False,False,False,False,🟡 DELETE = LOW RISK,ARCHIVE
2376,frontend/.next/dev/cache/turbopack/v16.2.10/00001058.sst,OTHER,43293,,0,False,False,False,False,🟡 DELETE = LOW RISK,ARCHIVE
2377,frontend/.next/dev/cache/turbopack/v16.2.10/00001059.sst,OTHER,52,,0,False,False,False,False,🟡 DELETE = LOW RISK,ARCHIVE
2378,frontend/.next/dev/cache/turbopack/v16.2.10/00001060.meta,OTHER,674,,0,False,False,False,False,🟡 DELETE = LOW RISK,ARCHIVE
2379,frontend/.next/dev/cache/turbopack/v16.2.10/00001061.meta,OTHER,1189,,0,False,False,False,False,🟡 DELETE = LOW RISK,ARCHIVE
2380,frontend/.next/dev/cache/turbopack/v16.2.10/00001064.sst,OTHER,12293,,0,False,False,False,False,🟡 DELETE = LOW RISK,ARCHIVE
2381,frontend/.next/dev/cache/turbopack/v16.2.10/00001065.sst,OTHER,52,,0,False,False,False,False,🟡 DELETE = LOW RISK,ARCHIVE
2382,frontend/.next/dev/cache/turbopack/v16.2.10/00001066.meta,OTHER,674,,0,False,False,False,False,🟡 DELETE = LOW RISK,ARCHIVE
2383,frontend/.next/dev/cache/turbopack/v16.2.10/00001067.meta,OTHER,747,,0,False,False,False,False,🟡 DELETE = LOW RISK,ARCHIVE
2384,frontend/.next/dev/cache/turbopack/v16.2.10/00001070.sst,OTHER,12467,,0,False,False,False,False,🟡 DELETE = LOW RISK,ARCHIVE
2385,frontend/.next/dev/cache/turbopack/v16.2.10/00001071.sst,OTHER,52,,0,False,False,False,False,🟡 DELETE = LOW RISK,ARCHIVE
2386,frontend/.next/dev/cache/turbopack/v16.2.10/00001072.meta,OTHER,674,,0,False,False,False,False,🟡 DELETE = LOW RISK,ARCHIVE
2387,frontend/.next/dev/cache/turbopack/v16.2.10/00001073.meta,OTHER,747,,0,False,False,False,False,🟡 DELETE = LOW RISK,ARCHIVE
2388,frontend/.next/dev/cache/turbopack/v16.2.10/00001075.sst,OTHER,5297,,0,False,False,False,False,🟡 DELETE = LOW RISK,ARCHIVE
2389,frontend/.next/dev/cache/turbopack/v16.2.10/00001077.sst,OTHER,52,,0,False,False,False,False,🟡 DELETE = LOW RISK,ARCHIVE
2390,frontend/.next/dev/cache/turbopack/v16.2.10/00001078.meta,OTHER,674,,0,False,False,False,False,🟡 DELETE = LOW RISK,ARCHIVE
2391,frontend/.next/dev/cache/turbopack/v16.2.10/00001079.meta,OTHER,747,,0,False,False,False,False,🟡 DELETE = LOW RISK,ARCHIVE
2392,frontend/.next/dev/cache/turbopack/v16.2.10/00001081.sst,OTHER,21376,,0,False,False,False,False,🟡 DELETE = LOW RISK,ARCHIVE
2393,frontend/.next/dev/cache/turbopack/v16.2.10/00001083.sst,OTHER,52,,0,False,False,False,False,🟡 DELETE = LOW RISK,ARCHIVE
2394,frontend/.next/dev/cache/turbopack/v16.2.10/00001084.meta,OTHER,674,,0,False,False,False,False,🟡 DELETE = LOW RISK,ARCHIVE
2395,frontend/.next/dev/cache/turbopack/v16.2.10/00001085.meta,OTHER,895,,0,False,False,False,False,🟡 DELETE = LOW RISK,ARCHIVE
2396,frontend/.next/dev/cache/turbopack/v16.2.10/00001088.sst,OTHER,1099072,,0,False,False,False,False,🟡 DELETE = LOW RISK,ARCHIVE
2397,frontend/.next/dev/cache/turbopack/v16.2.10/00001089.sst,OTHER,52,,0,False,False,False,False,🟡 DELETE = LOW RISK,ARCHIVE
2398,frontend/.next/dev/cache/turbopack/v16.2.10/00001090.sst,OTHER,81,,0,False,False,False,False,🟡 DELETE = LOW RISK,ARCHIVE
2399,frontend/.next/dev/cache/turbopack/v16.2.10/00001091.meta,OTHER,674,,0,False,False,False,False,🟡 DELETE = LOW RISK,ARCHIVE
2400,frontend/.next/dev/cache/turbopack/v16.2.10/00001092.meta,OTHER,1773,,0,False,False,False,False,🟡 DELETE = LOW RISK,ARCHIVE
2401,frontend/.next/dev/cache/turbopack/v16.2.10/00001094.meta,OTHER,674,,0,False,False,False,False,🟡 DELETE = LOW RISK,ARCHIVE
2402,frontend/.next/dev/cache/turbopack/v16.2.10/00001096.sst,OTHER,905686,,0,False,False,False,False,🟡 DELETE = LOW RISK,ARCHIVE
2403,frontend/.next/dev/cache/turbopack/v16.2.10/00001097.sst,OTHER,52,,0,False,False,False,False,🟡 DELETE = LOW RISK,ARCHIVE
2404,frontend/.next/dev/cache/turbopack/v16.2.10/00001098.sst,OTHER,45,,0,False,False,False,False,🟡 DELETE = LOW RISK,ARCHIVE
2405,frontend/.next/dev/cache/turbopack/v16.2.10/00001099.meta,OTHER,674,,0,False,False,False,False,🟡 DELETE = LOW RISK,ARCHIVE
2406,frontend/.next/dev/cache/turbopack/v16.2.10/00001100.meta,OTHER,1189,,0,False,False,False,False,🟡 DELETE = LOW RISK,ARCHIVE
2407,frontend/.next/dev/cache/turbopack/v16.2.10/00001102.meta,OTHER,674,,0,False,False,False,False,🟡 DELETE = LOW RISK,ARCHIVE
2408,frontend/.next/dev/cache/turbopack/v16.2.10/00001104.sst,OTHER,906314,,0,False,False,False,False,🟡 DELETE = LOW RISK,ARCHIVE
2409,frontend/.next/dev/cache/turbopack/v16.2.10/00001105.sst,OTHER,52,,0,False,False,False,False,🟡 DELETE = LOW RISK,ARCHIVE
2410,frontend/.next/dev/cache/turbopack/v16.2.10/00001106.sst,OTHER,45,,0,False,False,False,False,🟡 DELETE = LOW RISK,ARCHIVE
2411,frontend/.next/dev/cache/turbopack/v16.2.10/00001107.meta,OTHER,674,,0,False,False,False,False,🟡 DELETE = LOW RISK,ARCHIVE
2412,frontend/.next/dev/cache/turbopack/v16.2.10/00001108.meta,OTHER,1189,,0,False,False,False,False,🟡 DELETE = LOW RISK,ARCHIVE
2413,frontend/.next/dev/cache/turbopack/v16.2.10/00001110.meta,OTHER,674,,0,False,False,False,False,🟡 DELETE = LOW RISK,ARCHIVE
2414,frontend/.next/dev/cache/turbopack/v16.2.10/00001111.sst,OTHER,50147,,0,False,False,False,False,🟡 DELETE = LOW RISK,ARCHIVE
2415,frontend/.next/dev/cache/turbopack/v16.2.10/00001113.sst,OTHER,52,,0,False,False,False,False,🟡 DELETE = LOW RISK,ARCHIVE
2416,frontend/.next/dev/cache/turbopack/v16.2.10/00001114.meta,OTHER,674,,0,False,False,False,False,🟡 DELETE = LOW RISK,ARCHIVE
2417,frontend/.next/dev/cache/turbopack/v16.2.10/00001115.meta,OTHER,895,,0,False,False,False,False,🟡 DELETE = LOW RISK,ARCHIVE
2418,frontend/.next/dev/cache/turbopack/v16.2.10/00001118.sst,OTHER,912968,,0,False,False,False,False,🟡 DELETE = LOW RISK,ARCHIVE
2419,frontend/.next/dev/cache/turbopack/v16.2.10/00001119.sst,OTHER,52,,0,False,False,False,False,🟡 DELETE = LOW RISK,ARCHIVE
2420,frontend/.next/dev/cache/turbopack/v16.2.10/00001120.sst,OTHER,45,,0,False,False,False,False,🟡 DELETE = LOW RISK,ARCHIVE
2421,frontend/.next/dev/cache/turbopack/v16.2.10/00001121.meta,OTHER,1189,,0,False,False,False,False,🟡 DELETE = LOW RISK,ARCHIVE
2422,frontend/.next/dev/cache/turbopack/v16.2.10/00001122.meta,OTHER,674,,0,False,False,False,False,🟡 DELETE = LOW RISK,ARCHIVE
2423,frontend/.next/dev/cache/turbopack/v16.2.10/00001124.meta,OTHER,674,,0,False,False,False,False,🟡 DELETE = LOW RISK,ARCHIVE
2424,frontend/.next/dev/cache/turbopack/v16.2.10/00001126.sst,OTHER,908113,,0,False,False,False,False,🟡 DELETE = LOW RISK,ARCHIVE
2425,frontend/.next/dev/cache/turbopack/v16.2.10/00001127.sst,OTHER,52,,0,False,False,False,False,🟡 DELETE = LOW RISK,ARCHIVE
2426,frontend/.next/dev/cache/turbopack/v16.2.10/00001128.sst,OTHER,45,,0,False,False,False,False,🟡 DELETE = LOW RISK,ARCHIVE
2427,frontend/.next/dev/cache/turbopack/v16.2.10/00001129.meta,OTHER,674,,0,False,False,False,False,🟡 DELETE = LOW RISK,ARCHIVE
2428,frontend/.next/dev/cache/turbopack/v16.2.10/00001130.meta,OTHER,1189,,0,False,False,False,False,🟡 DELETE = LOW RISK,ARCHIVE
2429,frontend/.next/dev/cache/turbopack/v16.2.10/00001132.meta,OTHER,674,,0,False,False,False,False,🟡 DELETE = LOW RISK,ARCHIVE
2430,frontend/.next/dev/cache/turbopack/v16.2.10/00001133.sst,OTHER,910708,,0,False,False,False,False,🟡 DELETE = LOW RISK,ARCHIVE
2431,frontend/.next/dev/cache/turbopack/v16.2.10/00001135.sst,OTHER,52,,0,False,False,False,False,🟡 DELETE = LOW RISK,ARCHIVE
2432,frontend/.next/dev/cache/turbopack/v16.2.10/00001136.sst,OTHER,45,,0,False,False,False,False,🟡 DELETE = LOW RISK,ARCHIVE
2433,frontend/.next/dev/cache/turbopack/v16.2.10/00001137.meta,OTHER,674,,0,False,False,False,False,🟡 DELETE = LOW RISK,ARCHIVE
2434,frontend/.next/dev/cache/turbopack/v16.2.10/00001138.meta,OTHER,1189,,0,False,False,False,False,🟡 DELETE = LOW RISK,ARCHIVE
2435,frontend/.next/dev/cache/turbopack/v16.2.10/00001140.meta,OTHER,674,,0,False,False,False,False,🟡 DELETE = LOW RISK,ARCHIVE
2436,frontend/.next/dev/cache/turbopack/v16.2.10/00001142.sst,OTHER,50245,,0,False,False,False,False,🟡 DELETE = LOW RISK,ARCHIVE
2437,frontend/.next/dev/cache/turbopack/v16.2.10/00001143.sst,OTHER,52,,0,False,False,False,False,🟡 DELETE = LOW RISK,ARCHIVE
2438,frontend/.next/dev/cache/turbopack/v16.2.10/00001144.meta,OTHER,674,,0,False,False,False,False,🟡 DELETE = LOW RISK,ARCHIVE
2439,frontend/.next/dev/cache/turbopack/v16.2.10/00001145.meta,OTHER,895,,0,False,False,False,False,🟡 DELETE = LOW RISK,ARCHIVE
2440,frontend/.next/dev/cache/turbopack/v16.2.10/00001147.sst,OTHER,1363067,,0,False,False,False,False,🟡 DELETE = LOW RISK,ARCHIVE
2441,frontend/.next/dev/cache/turbopack/v16.2.10/00001149.sst,OTHER,52,,0,False,False,False,False,🟡 DELETE = LOW RISK,ARCHIVE
2442,frontend/.next/dev/cache/turbopack/v16.2.10/00001150.sst,OTHER,1941,,0,False,False,False,False,🟡 DELETE = LOW RISK,ARCHIVE
2443,frontend/.next/dev/cache/turbopack/v16.2.10/00001151.meta,OTHER,674,,0,False,False,False,False,🟡 DELETE = LOW RISK,ARCHIVE
2444,frontend/.next/dev/cache/turbopack/v16.2.10/00001152.meta,OTHER,5277,,0,False,False,False,False,🟡 DELETE = LOW RISK,ARCHIVE
2445,frontend/.next/dev/cache/turbopack/v16.2.10/00001154.meta,OTHER,895,,0,False,False,False,False,🟡 DELETE = LOW RISK,ARCHIVE
2446,frontend/.next/dev/cache/turbopack/v16.2.10/00001159.sst,OTHER,3224246,,0,False,False,False,False,🟡 DELETE = LOW RISK,ARCHIVE
2447,frontend/.next/dev/cache/turbopack/v16.2.10/00001160.sst,OTHER,52,,0,False,False,False,False,🟡 DELETE = LOW RISK,ARCHIVE
2448,frontend/.next/dev/cache/turbopack/v16.2.10/00001161.sst,OTHER,24033,,0,False,False,False,False,🟡 DELETE = LOW RISK,ARCHIVE
2449,frontend/.next/dev/cache/turbopack/v16.2.10/00001162.meta,OTHER,674,,0,False,False,False,False,🟡 DELETE = LOW RISK,ARCHIVE
2450,frontend/.next/dev/cache/turbopack/v16.2.10/00001163.meta,OTHER,19293,,0,False,False,False,False,🟡 DELETE = LOW RISK,ARCHIVE
2451,frontend/.next/dev/cache/turbopack/v16.2.10/00001165.meta,OTHER,5277,,0,False,False,False,False,🟡 DELETE = LOW RISK,ARCHIVE
2452,frontend/.next/dev/cache/turbopack/v16.2.10/00001166.sst,OTHER,2281,,0,False,False,False,False,🟡 DELETE = LOW RISK,ARCHIVE
2453,frontend/.next/dev/cache/turbopack/v16.2.10/00001168.sst,OTHER,52,,0,False,False,False,False,🟡 DELETE = LOW RISK,ARCHIVE
2454,frontend/.next/dev/cache/turbopack/v16.2.10/00001169.meta,OTHER,674,,0,False,False,False,False,🟡 DELETE = LOW RISK,ARCHIVE
2455,frontend/.next/dev/cache/turbopack/v16.2.10/00001171.meta,OTHER,674,,0,False,False,False,False,🟡 DELETE = LOW RISK,ARCHIVE
2456,frontend/.next/dev/cache/turbopack/v16.2.10/00001172.sst,OTHER,2281,,0,False,False,False,False,🟡 DELETE = LOW RISK,ARCHIVE
2457,frontend/.next/dev/cache/turbopack/v16.2.10/00001174.sst,OTHER,52,,0,False,False,False,False,🟡 DELETE = LOW RISK,ARCHIVE
2458,frontend/.next/dev/cache/turbopack/v16.2.10/00001175.meta,OTHER,674,,0,False,False,False,False,🟡 DELETE = LOW RISK,ARCHIVE
2459,frontend/.next/dev/cache/turbopack/v16.2.10/00001176.meta,OTHER,674,,0,False,False,False,False,🟡 DELETE = LOW RISK,ARCHIVE
2460,frontend/.next/dev/cache/turbopack/v16.2.10/00001178.sst,OTHER,2281,,0,False,False,False,False,🟡 DELETE = LOW RISK,ARCHIVE
2461,frontend/.next/dev/cache/turbopack/v16.2.10/00001180.sst,OTHER,52,,0,False,False,False,False,🟡 DELETE = LOW RISK,ARCHIVE
2462,frontend/.next/dev/cache/turbopack/v16.2.10/00001181.meta,OTHER,674,,0,False,False,False,False,🟡 DELETE = LOW RISK,ARCHIVE
2463,frontend/.next/dev/cache/turbopack/v16.2.10/00001182.meta,OTHER,674,,0,False,False,False,False,🟡 DELETE = LOW RISK,ARCHIVE
2464,frontend/.next/dev/cache/turbopack/v16.2.10/00001185.sst,OTHER,879370,,0,False,False,False,False,🟡 DELETE = LOW RISK,ARCHIVE
2465,frontend/.next/dev/cache/turbopack/v16.2.10/00001186.sst,OTHER,52,,0,False,False,False,False,🟡 DELETE = LOW RISK,ARCHIVE
2466,frontend/.next/dev/cache/turbopack/v16.2.10/00001187.meta,OTHER,674,,0,False,False,False,False,🟡 DELETE = LOW RISK,ARCHIVE
2467,frontend/.next/dev/cache/turbopack/v16.2.10/00001188.meta,OTHER,1189,,0,False,False,False,False,🟡 DELETE = LOW RISK,ARCHIVE
2468,frontend/.next/dev/cache/turbopack/v16.2.10/00001190.sst,OTHER,2281,,0,False,False,False,False,🟡 DELETE = LOW RISK,ARCHIVE
2469,frontend/.next/dev/cache/turbopack/v16.2.10/00001192.sst,OTHER,52,,0,False,False,False,False,🟡 DELETE = LOW RISK,ARCHIVE
2470,frontend/.next/dev/cache/turbopack/v16.2.10/00001193.meta,OTHER,674,,0,False,False,False,False,🟡 DELETE = LOW RISK,ARCHIVE
2471,frontend/.next/dev/cache/turbopack/v16.2.10/00001194.meta,OTHER,674,,0,False,False,False,False,🟡 DELETE = LOW RISK,ARCHIVE
2472,frontend/.next/dev/cache/turbopack/v16.2.10/00001196.sst,OTHER,2281,,0,False,False,False,False,🟡 DELETE = LOW RISK,ARCHIVE
2473,frontend/.next/dev/cache/turbopack/v16.2.10/00001198.sst,OTHER,52,,0,False,False,False,False,🟡 DELETE = LOW RISK,ARCHIVE
2474,frontend/.next/dev/cache/turbopack/v16.2.10/00001199.meta,OTHER,674,,0,False,False,False,False,🟡 DELETE = LOW RISK,ARCHIVE
2475,frontend/.next/dev/cache/turbopack/v16.2.10/00001200.meta,OTHER,674,,0,False,False,False,False,🟡 DELETE = LOW RISK,ARCHIVE
2476,frontend/.next/dev/cache/turbopack/v16.2.10/00001202.sst,OTHER,2281,,0,False,False,False,False,🟡 DELETE = LOW RISK,ARCHIVE
2477,frontend/.next/dev/cache/turbopack/v16.2.10/00001204.sst,OTHER,52,,0,False,False,False,False,🟡 DELETE = LOW RISK,ARCHIVE
2478,frontend/.next/dev/cache/turbopack/v16.2.10/00001205.meta,OTHER,674,,0,False,False,False,False,🟡 DELETE = LOW RISK,ARCHIVE
2479,frontend/.next/dev/cache/turbopack/v16.2.10/00001206.meta,OTHER,674,,0,False,False,False,False,🟡 DELETE = LOW RISK,ARCHIVE
2480,frontend/.next/dev/cache/turbopack/v16.2.10/00001208.sst,OTHER,49651,,0,False,False,False,False,🟡 DELETE = LOW RISK,ARCHIVE
2481,frontend/.next/dev/cache/turbopack/v16.2.10/00001210.sst,OTHER,52,,0,False,False,False,False,🟡 DELETE = LOW RISK,ARCHIVE
2482,frontend/.next/dev/cache/turbopack/v16.2.10/00001211.meta,OTHER,674,,0,False,False,False,False,🟡 DELETE = LOW RISK,ARCHIVE
2483,frontend/.next/dev/cache/turbopack/v16.2.10/00001212.meta,OTHER,895,,0,False,False,False,False,🟡 DELETE = LOW RISK,ARCHIVE
2484,frontend/.next/dev/cache/turbopack/v16.2.10/00001214.sst,OTHER,6089,,0,False,False,False,False,🟡 DELETE = LOW RISK,ARCHIVE
2485,frontend/.next/dev/cache/turbopack/v16.2.10/00001216.sst,OTHER,52,,0,False,False,False,False,🟡 DELETE = LOW RISK,ARCHIVE
2486,frontend/.next/dev/cache/turbopack/v16.2.10/00001217.meta,OTHER,674,,0,False,False,False,False,🟡 DELETE = LOW RISK,ARCHIVE
2487,frontend/.next/dev/cache/turbopack/v16.2.10/00001219.meta,OTHER,747,,0,False,False,False,False,🟡 DELETE = LOW RISK,ARCHIVE
2488,frontend/.next/dev/cache/turbopack/v16.2.10/00001220.sst,OTHER,34966,,0,False,False,False,False,🟡 DELETE = LOW RISK,ARCHIVE
2489,frontend/.next/dev/cache/turbopack/v16.2.10/00001222.sst,OTHER,52,,0,False,False,False,False,🟡 DELETE = LOW RISK,ARCHIVE
2490,frontend/.next/dev/cache/turbopack/v16.2.10/00001223.meta,OTHER,674,,0,False,False,False,False,🟡 DELETE = LOW RISK,ARCHIVE
2491,frontend/.next/dev/cache/turbopack/v16.2.10/00001224.meta,OTHER,895,,0,False,False,False,False,🟡 DELETE = LOW RISK,ARCHIVE
2492,frontend/.next/dev/cache/turbopack/v16.2.10/00001226.sst,OTHER,20756,,0,False,False,False,False,🟡 DELETE = LOW RISK,ARCHIVE
2493,frontend/.next/dev/cache/turbopack/v16.2.10/00001228.sst,OTHER,52,,0,False,False,False,False,🟡 DELETE = LOW RISK,ARCHIVE
2494,frontend/.next/dev/cache/turbopack/v16.2.10/00001229.meta,OTHER,674,,0,False,False,False,False,🟡 DELETE = LOW RISK,ARCHIVE
2495,frontend/.next/dev/cache/turbopack/v16.2.10/00001230.meta,OTHER,747,,0,False,False,False,False,🟡 DELETE = LOW RISK,ARCHIVE
2496,frontend/.next/dev/cache/turbopack/v16.2.10/00001232.sst,OTHER,51040,,0,False,False,False,False,🟡 DELETE = LOW RISK,ARCHIVE
2497,frontend/.next/dev/cache/turbopack/v16.2.10/00001234.sst,OTHER,52,,0,False,False,False,False,🟡 DELETE = LOW RISK,ARCHIVE
2498,frontend/.next/dev/cache/turbopack/v16.2.10/00001235.meta,OTHER,674,,0,False,False,False,False,🟡 DELETE = LOW RISK,ARCHIVE
2499,frontend/.next/dev/cache/turbopack/v16.2.10/00001236.meta,OTHER,895,,0,False,False,False,False,🟡 DELETE = LOW RISK,ARCHIVE
2500,frontend/.next/dev/cache/turbopack/v16.2.10/00001238.sst,OTHER,34966,,0,False,False,False,False,🟡 DELETE = LOW RISK,ARCHIVE
2501,frontend/.next/dev/cache/turbopack/v16.2.10/00001240.sst,OTHER,52,,0,False,False,False,False,🟡 DELETE = LOW RISK,ARCHIVE
2502,frontend/.next/dev/cache/turbopack/v16.2.10/00001241.meta,OTHER,674,,0,False,False,False,False,🟡 DELETE = LOW RISK,ARCHIVE
2503,frontend/.next/dev/cache/turbopack/v16.2.10/00001242.meta,OTHER,895,,0,False,False,False,False,🟡 DELETE = LOW RISK,ARCHIVE
2504,frontend/.next/dev/cache/turbopack/v16.2.10/00001244.sst,OTHER,20756,,0,False,False,False,False,🟡 DELETE = LOW RISK,ARCHIVE
2505,frontend/.next/dev/cache/turbopack/v16.2.10/00001246.sst,OTHER,52,,0,False,False,False,False,🟡 DELETE = LOW RISK,ARCHIVE
2506,frontend/.next/dev/cache/turbopack/v16.2.10/00001247.meta,OTHER,674,,0,False,False,False,False,🟡 DELETE = LOW RISK,ARCHIVE
2507,frontend/.next/dev/cache/turbopack/v16.2.10/00001248.meta,OTHER,747,,0,False,False,False,False,🟡 DELETE = LOW RISK,ARCHIVE
2508,frontend/.next/dev/cache/turbopack/v16.2.10/00001251.sst,OTHER,836025,,0,False,False,False,False,🟡 DELETE = LOW RISK,ARCHIVE
2509,frontend/.next/dev/cache/turbopack/v16.2.10/00001252.sst,OTHER,52,,0,False,False,False,False,🟡 DELETE = LOW RISK,ARCHIVE
2510,frontend/.next/dev/cache/turbopack/v16.2.10/00001253.meta,OTHER,674,,0,False,False,False,False,🟡 DELETE = LOW RISK,ARCHIVE
2511,frontend/.next/dev/cache/turbopack/v16.2.10/00001255.meta,OTHER,895,,0,False,False,False,False,🟡 DELETE = LOW RISK,ARCHIVE
2512,frontend/.next/dev/cache/turbopack/v16.2.10/00001256.sst,OTHER,1358628,,0,False,False,False,False,🟡 DELETE = LOW RISK,ARCHIVE
2513,frontend/.next/dev/cache/turbopack/v16.2.10/00001258.sst,OTHER,52,,0,False,False,False,False,🟡 DELETE = LOW RISK,ARCHIVE
2514,frontend/.next/dev/cache/turbopack/v16.2.10/00001259.meta,OTHER,674,,0,False,False,False,False,🟡 DELETE = LOW RISK,ARCHIVE
2515,frontend/.next/dev/cache/turbopack/v16.2.10/00001260.meta,OTHER,2941,,0,False,False,False,False,🟡 DELETE = LOW RISK,ARCHIVE
2516,frontend/.next/dev/cache/turbopack/v16.2.10/00001262.sst,OTHER,1429900,,0,False,False,False,False,🟡 DELETE = LOW RISK,ARCHIVE
2517,frontend/.next/dev/cache/turbopack/v16.2.10/00001264.sst,OTHER,52,,0,False,False,False,False,🟡 DELETE = LOW RISK,ARCHIVE
2518,frontend/.next/dev/cache/turbopack/v16.2.10/00001265.sst,OTHER,105,,0,False,False,False,False,🟡 DELETE = LOW RISK,ARCHIVE
2519,frontend/.next/dev/cache/turbopack/v16.2.10/00001266.meta,OTHER,674,,0,False,False,False,False,🟡 DELETE = LOW RISK,ARCHIVE
2520,frontend/.next/dev/cache/turbopack/v16.2.10/00001267.meta,OTHER,2941,,0,False,False,False,False,🟡 DELETE = LOW RISK,ARCHIVE
2521,frontend/.next/dev/cache/turbopack/v16.2.10/00001269.meta,OTHER,674,,0,False,False,False,False,🟡 DELETE = LOW RISK,ARCHIVE
2522,frontend/.next/dev/cache/turbopack/v16.2.10/00001272.sst,OTHER,2856101,,0,False,False,False,False,🟡 DELETE = LOW RISK,ARCHIVE
2523,frontend/.next/dev/cache/turbopack/v16.2.10/00001275.sst,OTHER,52,,0,False,False,False,False,🟡 DELETE = LOW RISK,ARCHIVE
2524,frontend/.next/dev/cache/turbopack/v16.2.10/00001276.sst,OTHER,9325,,0,False,False,False,False,🟡 DELETE = LOW RISK,ARCHIVE
2525,frontend/.next/dev/cache/turbopack/v16.2.10/00001277.meta,OTHER,674,,0,False,False,False,False,🟡 DELETE = LOW RISK,ARCHIVE
2526,frontend/.next/dev/cache/turbopack/v16.2.10/00001278.meta,OTHER,9949,,0,False,False,False,False,🟡 DELETE = LOW RISK,ARCHIVE
2527,frontend/.next/dev/cache/turbopack/v16.2.10/00001280.meta,OTHER,1773,,0,False,False,False,False,🟡 DELETE = LOW RISK,ARCHIVE
2528,frontend/.next/dev/cache/turbopack/v16.2.10/00001285.sst,OTHER,2647939,,0,False,False,False,False,🟡 DELETE = LOW RISK,ARCHIVE
2529,frontend/.next/dev/cache/turbopack/v16.2.10/00001287.sst,OTHER,52,,0,False,False,False,False,🟡 DELETE = LOW RISK,ARCHIVE
2530,frontend/.next/dev/cache/turbopack/v16.2.10/00001288.sst,OTHER,5649,,0,False,False,False,False,🟡 DELETE = LOW RISK,ARCHIVE
2531,frontend/.next/dev/cache/turbopack/v16.2.10/00001289.meta,OTHER,674,,0,False,False,False,False,🟡 DELETE = LOW RISK,ARCHIVE
2532,frontend/.next/dev/cache/turbopack/v16.2.10/00001290.meta,OTHER,9949,,0,False,False,False,False,🟡 DELETE = LOW RISK,ARCHIVE
2533,frontend/.next/dev/cache/turbopack/v16.2.10/00001292.meta,OTHER,1189,,0,False,False,False,False,🟡 DELETE = LOW RISK,ARCHIVE
2534,frontend/.next/dev/cache/turbopack/v16.2.10/00001293.sst,OTHER,2312,,0,False,False,False,False,🟡 DELETE = LOW RISK,ARCHIVE
2535,frontend/.next/dev/cache/turbopack/v16.2.10/00001295.sst,OTHER,52,,0,False,False,False,False,🟡 DELETE = LOW RISK,ARCHIVE
2536,frontend/.next/dev/cache/turbopack/v16.2.10/00001296.meta,OTHER,674,,0,False,False,False,False,🟡 DELETE = LOW RISK,ARCHIVE
2537,frontend/.next/dev/cache/turbopack/v16.2.10/00001297.meta,OTHER,674,,0,False,False,False,False,🟡 DELETE = LOW RISK,ARCHIVE
2538,frontend/.next/dev/cache/turbopack/v16.2.10/00001299.sst,OTHER,2312,,0,False,False,False,False,🟡 DELETE = LOW RISK,ARCHIVE
2539,frontend/.next/dev/cache/turbopack/v16.2.10/00001301.sst,OTHER,52,,0,False,False,False,False,🟡 DELETE = LOW RISK,ARCHIVE
2540,frontend/.next/dev/cache/turbopack/v16.2.10/00001302.meta,OTHER,674,,0,False,False,False,False,🟡 DELETE = LOW RISK,ARCHIVE
2541,frontend/.next/dev/cache/turbopack/v16.2.10/00001303.meta,OTHER,674,,0,False,False,False,False,🟡 DELETE = LOW RISK,ARCHIVE
2542,frontend/.next/dev/cache/turbopack/v16.2.10/00001305.sst,OTHER,2312,,0,False,False,False,False,🟡 DELETE = LOW RISK,ARCHIVE
2543,frontend/.next/dev/cache/turbopack/v16.2.10/00001307.sst,OTHER,52,,0,False,False,False,False,🟡 DELETE = LOW RISK,ARCHIVE
2544,frontend/.next/dev/cache/turbopack/v16.2.10/00001308.meta,OTHER,674,,0,False,False,False,False,🟡 DELETE = LOW RISK,ARCHIVE
2545,frontend/.next/dev/cache/turbopack/v16.2.10/00001309.meta,OTHER,674,,0,False,False,False,False,🟡 DELETE = LOW RISK,ARCHIVE
2546,frontend/.next/dev/cache/turbopack/v16.2.10/00001311.sst,OTHER,2312,,0,False,False,False,False,🟡 DELETE = LOW RISK,ARCHIVE
2547,frontend/.next/dev/cache/turbopack/v16.2.10/00001313.sst,OTHER,52,,0,False,False,False,False,🟡 DELETE = LOW RISK,ARCHIVE
2548,frontend/.next/dev/cache/turbopack/v16.2.10/00001314.meta,OTHER,674,,0,False,False,False,False,🟡 DELETE = LOW RISK,ARCHIVE
2549,frontend/.next/dev/cache/turbopack/v16.2.10/00001315.meta,OTHER,674,,0,False,False,False,False,🟡 DELETE = LOW RISK,ARCHIVE
2550,frontend/.next/dev/cache/turbopack/v16.2.10/00001318.sst,OTHER,1591162,,0,False,False,False,False,🟡 DELETE = LOW RISK,ARCHIVE
2551,frontend/.next/dev/cache/turbopack/v16.2.10/00001319.sst,OTHER,52,,0,False,False,False,False,🟡 DELETE = LOW RISK,ARCHIVE
2552,frontend/.next/dev/cache/turbopack/v16.2.10/00001320.sst,OTHER,1545,,0,False,False,False,False,🟡 DELETE = LOW RISK,ARCHIVE
2553,frontend/.next/dev/cache/turbopack/v16.2.10/00001321.meta,OTHER,674,,0,False,False,False,False,🟡 DELETE = LOW RISK,ARCHIVE
2554,frontend/.next/dev/cache/turbopack/v16.2.10/00001322.meta,OTHER,5277,,0,False,False,False,False,🟡 DELETE = LOW RISK,ARCHIVE
2555,frontend/.next/dev/cache/turbopack/v16.2.10/00001324.meta,OTHER,895,,0,False,False,False,False,🟡 DELETE = LOW RISK,ARCHIVE
2556,frontend/.next/dev/cache/turbopack/v16.2.10/00001326.sst,OTHER,34395,,0,False,False,False,False,🟡 DELETE = LOW RISK,ARCHIVE
2557,frontend/.next/dev/cache/turbopack/v16.2.10/00001327.sst,OTHER,52,,0,False,False,False,False,🟡 DELETE = LOW RISK,ARCHIVE
2558,frontend/.next/dev/cache/turbopack/v16.2.10/00001328.meta,OTHER,674,,0,False,False,False,False,🟡 DELETE = LOW RISK,ARCHIVE
2559,frontend/.next/dev/cache/turbopack/v16.2.10/00001329.meta,OTHER,895,,0,False,False,False,False,🟡 DELETE = LOW RISK,ARCHIVE
2560,frontend/.next/dev/cache/turbopack/v16.2.10/00001331.sst,OTHER,371180,,0,False,False,False,False,🟡 DELETE = LOW RISK,ARCHIVE
2561,frontend/.next/dev/cache/turbopack/v16.2.10/00001333.sst,OTHER,52,,0,False,False,False,False,🟡 DELETE = LOW RISK,ARCHIVE
2562,frontend/.next/dev/cache/turbopack/v16.2.10/00001334.sst,OTHER,369,,0,False,False,False,False,🟡 DELETE = LOW RISK,ARCHIVE
2563,frontend/.next/dev/cache/turbopack/v16.2.10/00001335.meta,OTHER,674,,0,False,False,False,False,🟡 DELETE = LOW RISK,ARCHIVE
2564,frontend/.next/dev/cache/turbopack/v16.2.10/00001336.meta,OTHER,2941,,0,False,False,False,False,🟡 DELETE = LOW RISK,ARCHIVE
2565,frontend/.next/dev/cache/turbopack/v16.2.10/00001338.meta,OTHER,674,,0,False,False,False,False,🟡 DELETE = LOW RISK,ARCHIVE
2566,frontend/.next/dev/cache/turbopack/v16.2.10/00001339.sst,OTHER,1357771,,0,False,False,False,False,🟡 DELETE = LOW RISK,ARCHIVE
2567,frontend/.next/dev/cache/turbopack/v16.2.10/00001341.sst,OTHER,52,,0,False,False,False,False,🟡 DELETE = LOW RISK,ARCHIVE
2568,frontend/.next/dev/cache/turbopack/v16.2.10/00001342.sst,OTHER,93,,0,False,False,False,False,🟡 DELETE = LOW RISK,ARCHIVE
2569,frontend/.next/dev/cache/turbopack/v16.2.10/00001343.meta,OTHER,674,,0,False,False,False,False,🟡 DELETE = LOW RISK,ARCHIVE
2570,frontend/.next/dev/cache/turbopack/v16.2.10/00001344.meta,OTHER,1773,,0,False,False,False,False,🟡 DELETE = LOW RISK,ARCHIVE
2571,frontend/.next/dev/cache/turbopack/v16.2.10/00001346.meta,OTHER,674,,0,False,False,False,False,🟡 DELETE = LOW RISK,ARCHIVE
2572,frontend/.next/dev/cache/turbopack/v16.2.10/00001347.sst,OTHER,1131504,,0,False,False,False,False,🟡 DELETE = LOW RISK,ARCHIVE
2573,frontend/.next/dev/cache/turbopack/v16.2.10/00001349.sst,OTHER,52,,0,False,False,False,False,🟡 DELETE = LOW RISK,ARCHIVE
2574,frontend/.next/dev/cache/turbopack/v16.2.10/00001350.sst,OTHER,153,,0,False,False,False,False,🟡 DELETE = LOW RISK,ARCHIVE
2575,frontend/.next/dev/cache/turbopack/v16.2.10/00001351.meta,OTHER,674,,0,False,False,False,False,🟡 DELETE = LOW RISK,ARCHIVE
2576,frontend/.next/dev/cache/turbopack/v16.2.10/00001352.meta,OTHER,1773,,0,False,False,False,False,🟡 DELETE = LOW RISK,ARCHIVE
2577,frontend/.next/dev/cache/turbopack/v16.2.10/00001354.meta,OTHER,674,,0,False,False,False,False,🟡 DELETE = LOW RISK,ARCHIVE
2578,frontend/.next/dev/cache/turbopack/v16.2.10/00001355.sst,OTHER,1083611,,0,False,False,False,False,🟡 DELETE = LOW RISK,ARCHIVE
2579,frontend/.next/dev/cache/turbopack/v16.2.10/00001357.sst,OTHER,52,,0,False,False,False,False,🟡 DELETE = LOW RISK,ARCHIVE
2580,frontend/.next/dev/cache/turbopack/v16.2.10/00001358.meta,OTHER,674,,0,False,False,False,False,🟡 DELETE = LOW RISK,ARCHIVE
2581,frontend/.next/dev/cache/turbopack/v16.2.10/00001359.meta,OTHER,1189,,0,False,False,False,False,🟡 DELETE = LOW RISK,ARCHIVE
2582,frontend/.next/dev/cache/turbopack/v16.2.10/00001361.sst,OTHER,13346,,0,False,False,False,False,🟡 DELETE = LOW RISK,ARCHIVE
2583,frontend/.next/dev/cache/turbopack/v16.2.10/00001363.sst,OTHER,52,,0,False,False,False,False,🟡 DELETE = LOW RISK,ARCHIVE
2584,frontend/.next/dev/cache/turbopack/v16.2.10/00001364.meta,OTHER,674,,0,False,False,False,False,🟡 DELETE = LOW RISK,ARCHIVE
2585,frontend/.next/dev/cache/turbopack/v16.2.10/00001365.meta,OTHER,747,,0,False,False,False,False,🟡 DELETE = LOW RISK,ARCHIVE
2586,frontend/.next/dev/cache/turbopack/v16.2.10/00001368.sst,OTHER,13065,,0,False,False,False,False,🟡 DELETE = LOW RISK,ARCHIVE
2587,frontend/.next/dev/cache/turbopack/v16.2.10/00001369.sst,OTHER,52,,0,False,False,False,False,🟡 DELETE = LOW RISK,ARCHIVE
2588,frontend/.next/dev/cache/turbopack/v16.2.10/00001370.meta,OTHER,674,,0,False,False,False,False,🟡 DELETE = LOW RISK,ARCHIVE
2589,frontend/.next/dev/cache/turbopack/v16.2.10/00001371.meta,OTHER,747,,0,False,False,False,False,🟡 DELETE = LOW RISK,ARCHIVE
2590,frontend/.next/dev/cache/turbopack/v16.2.10/00001374.sst,OTHER,13718,,0,False,False,False,False,🟡 DELETE = LOW RISK,ARCHIVE
2591,frontend/.next/dev/cache/turbopack/v16.2.10/00001375.sst,OTHER,52,,0,False,False,False,False,🟡 DELETE = LOW RISK,ARCHIVE
2592,frontend/.next/dev/cache/turbopack/v16.2.10/00001376.meta,OTHER,674,,0,False,False,False,False,🟡 DELETE = LOW RISK,ARCHIVE
2593,frontend/.next/dev/cache/turbopack/v16.2.10/00001377.meta,OTHER,747,,0,False,False,False,False,🟡 DELETE = LOW RISK,ARCHIVE
2594,frontend/.next/dev/cache/turbopack/v16.2.10/00001380.sst,OTHER,1083618,,0,False,False,False,False,🟡 DELETE = LOW RISK,ARCHIVE
2595,frontend/.next/dev/cache/turbopack/v16.2.10/00001381.sst,OTHER,52,,0,False,False,False,False,🟡 DELETE = LOW RISK,ARCHIVE
2596,frontend/.next/dev/cache/turbopack/v16.2.10/00001382.meta,OTHER,1189,,0,False,False,False,False,🟡 DELETE = LOW RISK,ARCHIVE
2597,frontend/.next/dev/cache/turbopack/v16.2.10/00001383.meta,OTHER,674,,0,False,False,False,False,🟡 DELETE = LOW RISK,ARCHIVE
2598,frontend/.next/dev/cache/turbopack/v16.2.10/00001385.sst,OTHER,1080,,0,False,False,False,False,🟡 DELETE = LOW RISK,ARCHIVE
2599,frontend/.next/dev/cache/turbopack/v16.2.10/00001387.sst,OTHER,52,,0,False,False,False,False,🟡 DELETE = LOW RISK,ARCHIVE
2600,frontend/.next/dev/cache/turbopack/v16.2.10/00001388.meta,OTHER,674,,0,False,False,False,False,🟡 DELETE = LOW RISK,ARCHIVE
2601,frontend/.next/dev/cache/turbopack/v16.2.10/00001389.meta,OTHER,674,,0,False,False,False,False,🟡 DELETE = LOW RISK,ARCHIVE
2602,frontend/.next/dev/cache/turbopack/v16.2.10/00001391.sst,OTHER,1057,,0,False,False,False,False,🟡 DELETE = LOW RISK,ARCHIVE
2603,frontend/.next/dev/cache/turbopack/v16.2.10/00001393.sst,OTHER,52,,0,False,False,False,False,🟡 DELETE = LOW RISK,ARCHIVE
2604,frontend/.next/dev/cache/turbopack/v16.2.10/00001394.meta,OTHER,674,,0,False,False,False,False,🟡 DELETE = LOW RISK,ARCHIVE
2605,frontend/.next/dev/cache/turbopack/v16.2.10/00001395.meta,OTHER,674,,0,False,False,False,False,🟡 DELETE = LOW RISK,ARCHIVE
2606,frontend/.next/dev/cache/turbopack/v16.2.10/00001398.sst,OTHER,1129952,,0,False,False,False,False,🟡 DELETE = LOW RISK,ARCHIVE
2607,frontend/.next/dev/cache/turbopack/v16.2.10/00001399.sst,OTHER,52,,0,False,False,False,False,🟡 DELETE = LOW RISK,ARCHIVE
2608,frontend/.next/dev/cache/turbopack/v16.2.10/00001400.sst,OTHER,201,,0,False,False,False,False,🟡 DELETE = LOW RISK,ARCHIVE
2609,frontend/.next/dev/cache/turbopack/v16.2.10/00001401.meta,OTHER,674,,0,False,False,False,False,🟡 DELETE = LOW RISK,ARCHIVE
2610,frontend/.next/dev/cache/turbopack/v16.2.10/00001402.meta,OTHER,1773,,0,False,False,False,False,🟡 DELETE = LOW RISK,ARCHIVE
2611,frontend/.next/dev/cache/turbopack/v16.2.10/00001404.meta,OTHER,674,,0,False,False,False,False,🟡 DELETE = LOW RISK,ARCHIVE
2612,frontend/.next/dev/cache/turbopack/v16.2.10/00001405.sst,OTHER,1007986,,0,False,False,False,False,🟡 DELETE = LOW RISK,ARCHIVE
2613,frontend/.next/dev/cache/turbopack/v16.2.10/00001407.sst,OTHER,52,,0,False,False,False,False,🟡 DELETE = LOW RISK,ARCHIVE
2614,frontend/.next/dev/cache/turbopack/v16.2.10/00001408.meta,OTHER,674,,0,False,False,False,False,🟡 DELETE = LOW RISK,ARCHIVE
2615,frontend/.next/dev/cache/turbopack/v16.2.10/00001409.meta,OTHER,1189,,0,False,False,False,False,🟡 DELETE = LOW RISK,ARCHIVE
2616,frontend/.next/dev/cache/turbopack/v16.2.10/00001411.sst,OTHER,1009660,,0,False,False,False,False,🟡 DELETE = LOW RISK,ARCHIVE
2617,frontend/.next/dev/cache/turbopack/v16.2.10/00001413.sst,OTHER,52,,0,False,False,False,False,🟡 DELETE = LOW RISK,ARCHIVE
2618,frontend/.next/dev/cache/turbopack/v16.2.10/00001414.meta,OTHER,674,,0,False,False,False,False,🟡 DELETE = LOW RISK,ARCHIVE
2619,frontend/.next/dev/cache/turbopack/v16.2.10/00001415.meta,OTHER,1189,,0,False,False,False,False,🟡 DELETE = LOW RISK,ARCHIVE
2620,frontend/.next/dev/cache/turbopack/v16.2.10/00001417.sst,OTHER,1082756,,0,False,False,False,False,🟡 DELETE = LOW RISK,ARCHIVE
2621,frontend/.next/dev/cache/turbopack/v16.2.10/00001419.sst,OTHER,52,,0,False,False,False,False,🟡 DELETE = LOW RISK,ARCHIVE
2622,frontend/.next/dev/cache/turbopack/v16.2.10/00001420.meta,OTHER,674,,0,False,False,False,False,🟡 DELETE = LOW RISK,ARCHIVE
2623,frontend/.next/dev/cache/turbopack/v16.2.10/00001421.meta,OTHER,1189,,0,False,False,False,False,🟡 DELETE = LOW RISK,ARCHIVE
2624,frontend/.next/dev/cache/turbopack/v16.2.10/00001423.sst,OTHER,1108,,0,False,False,False,False,🟡 DELETE = LOW RISK,ARCHIVE
2625,frontend/.next/dev/cache/turbopack/v16.2.10/00001425.sst,OTHER,52,,0,False,False,False,False,🟡 DELETE = LOW RISK,ARCHIVE
2626,frontend/.next/dev/cache/turbopack/v16.2.10/00001426.meta,OTHER,674,,0,False,False,False,False,🟡 DELETE = LOW RISK,ARCHIVE
2627,frontend/.next/dev/cache/turbopack/v16.2.10/00001427.meta,OTHER,674,,0,False,False,False,False,🟡 DELETE = LOW RISK,ARCHIVE
2628,frontend/.next/dev/cache/turbopack/v16.2.10/00001430.sst,OTHER,43780,,0,False,False,False,False,🟡 DELETE = LOW RISK,ARCHIVE
2629,frontend/.next/dev/cache/turbopack/v16.2.10/00001431.sst,OTHER,52,,0,False,False,False,False,🟡 DELETE = LOW RISK,ARCHIVE
2630,frontend/.next/dev/cache/turbopack/v16.2.10/00001432.meta,OTHER,674,,0,False,False,False,False,🟡 DELETE = LOW RISK,ARCHIVE
2631,frontend/.next/dev/cache/turbopack/v16.2.10/00001433.meta,OTHER,1189,,0,False,False,False,False,🟡 DELETE = LOW RISK,ARCHIVE
2632,frontend/.next/dev/cache/turbopack/v16.2.10/00001435.sst,OTHER,12054,,0,False,False,False,False,🟡 DELETE = LOW RISK,ARCHIVE
2633,frontend/.next/dev/cache/turbopack/v16.2.10/00001437.sst,OTHER,52,,0,False,False,False,False,🟡 DELETE = LOW RISK,ARCHIVE
2634,frontend/.next/dev/cache/turbopack/v16.2.10/00001438.meta,OTHER,674,,0,False,False,False,False,🟡 DELETE = LOW RISK,ARCHIVE
2635,frontend/.next/dev/cache/turbopack/v16.2.10/00001439.meta,OTHER,747,,0,False,False,False,False,🟡 DELETE = LOW RISK,ARCHIVE
2636,frontend/.next/dev/cache/turbopack/v16.2.10/00001445.sst,OTHER,3370314,,0,False,False,False,False,🟡 DELETE = LOW RISK,ARCHIVE
2637,frontend/.next/dev/cache/turbopack/v16.2.10/00001446.sst,OTHER,52,,0,False,False,False,False,🟡 DELETE = LOW RISK,ARCHIVE
2638,frontend/.next/dev/cache/turbopack/v16.2.10/00001447.sst,OTHER,20597,,0,False,False,False,False,🟡 DELETE = LOW RISK,ARCHIVE
2639,frontend/.next/dev/cache/turbopack/v16.2.10/00001448.meta,OTHER,674,,0,False,False,False,False,🟡 DELETE = LOW RISK,ARCHIVE
2640,frontend/.next/dev/cache/turbopack/v16.2.10/00001449.meta,OTHER,19293,,0,False,False,False,False,🟡 DELETE = LOW RISK,ARCHIVE
2641,frontend/.next/dev/cache/turbopack/v16.2.10/00001451.meta,OTHER,2941,,0,False,False,False,False,🟡 DELETE = LOW RISK,ARCHIVE
2642,frontend/.next/dev/cache/turbopack/v16.2.10/00001452.sst,OTHER,43643,,0,False,False,False,False,🟡 DELETE = LOW RISK,ARCHIVE
2643,frontend/.next/dev/cache/turbopack/v16.2.10/00001454.sst,OTHER,52,,0,False,False,False,False,🟡 DELETE = LOW RISK,ARCHIVE
2644,frontend/.next/dev/cache/turbopack/v16.2.10/00001455.meta,OTHER,674,,0,False,False,False,False,🟡 DELETE = LOW RISK,ARCHIVE
2645,frontend/.next/dev/cache/turbopack/v16.2.10/00001456.meta,OTHER,1189,,0,False,False,False,False,🟡 DELETE = LOW RISK,ARCHIVE
2646,frontend/.next/dev/cache/turbopack/v16.2.10/00001459.sst,OTHER,2379182,,0,False,False,False,False,🟡 DELETE = LOW RISK,ARCHIVE
2647,frontend/.next/dev/cache/turbopack/v16.2.10/00001460.sst,OTHER,52,,0,False,False,False,False,🟡 DELETE = LOW RISK,ARCHIVE
2648,frontend/.next/dev/cache/turbopack/v16.2.10/00001461.sst,OTHER,225,,0,False,False,False,False,🟡 DELETE = LOW RISK,ARCHIVE
2649,frontend/.next/dev/cache/turbopack/v16.2.10/00001462.meta,OTHER,674,,0,False,False,False,False,🟡 DELETE = LOW RISK,ARCHIVE
2650,frontend/.next/dev/cache/turbopack/v16.2.10/00001463.meta,OTHER,9949,,0,False,False,False,False,🟡 DELETE = LOW RISK,ARCHIVE
2651,frontend/.next/dev/cache/turbopack/v16.2.10/00001465.meta,OTHER,674,,0,False,False,False,False,🟡 DELETE = LOW RISK,ARCHIVE
2652,frontend/.next/dev/cache/turbopack/v16.2.10/00001470.sst,OTHER,24630,,0,False,False,False,False,🟡 DELETE = LOW RISK,ARCHIVE
2653,frontend/.next/dev/cache/turbopack/v16.2.10/00001472.sst,OTHER,52,,0,False,False,False,False,🟡 DELETE = LOW RISK,ARCHIVE
2654,frontend/.next/dev/cache/turbopack/v16.2.10/00001473.meta,OTHER,674,,0,False,False,False,False,🟡 DELETE = LOW RISK,ARCHIVE
2655,frontend/.next/dev/cache/turbopack/v16.2.10/00001474.meta,OTHER,895,,0,False,False,False,False,🟡 DELETE = LOW RISK,ARCHIVE
2656,frontend/.next/dev/cache/turbopack/v16.2.10/00001480.sst,OTHER,2910275,,0,False,False,False,False,🟡 DELETE = LOW RISK,ARCHIVE
2657,frontend/.next/dev/cache/turbopack/v16.2.10/00001481.sst,OTHER,52,,0,False,False,False,False,🟡 DELETE = LOW RISK,ARCHIVE
2658,frontend/.next/dev/cache/turbopack/v16.2.10/00001482.sst,OTHER,5637,,0,False,False,False,False,🟡 DELETE = LOW RISK,ARCHIVE
2659,frontend/.next/dev/cache/turbopack/v16.2.10/00001483.meta,OTHER,674,,0,False,False,False,False,🟡 DELETE = LOW RISK,ARCHIVE
2660,frontend/.next/dev/cache/turbopack/v16.2.10/00001484.meta,OTHER,19293,,0,False,False,False,False,🟡 DELETE = LOW RISK,ARCHIVE
2661,frontend/.next/dev/cache/turbopack/v16.2.10/00001486.meta,OTHER,1189,,0,False,False,False,False,🟡 DELETE = LOW RISK,ARCHIVE
2662,frontend/.next/dev/cache/turbopack/v16.2.10/00001487.sst,OTHER,1445,,0,False,False,False,False,🟡 DELETE = LOW RISK,ARCHIVE
2663,frontend/.next/dev/cache/turbopack/v16.2.10/00001489.sst,OTHER,52,,0,False,False,False,False,🟡 DELETE = LOW RISK,ARCHIVE
2664,frontend/.next/dev/cache/turbopack/v16.2.10/00001490.meta,OTHER,674,,0,False,False,False,False,🟡 DELETE = LOW RISK,ARCHIVE
2665,frontend/.next/dev/cache/turbopack/v16.2.10/00001492.meta,OTHER,674,,0,False,False,False,False,🟡 DELETE = LOW RISK,ARCHIVE
2666,frontend/.next/dev/cache/turbopack/v16.2.10/00001497.sst,OTHER,3137154,,0,False,False,False,False,🟡 DELETE = LOW RISK,ARCHIVE
2667,frontend/.next/dev/cache/turbopack/v16.2.10/00001498.sst,OTHER,52,,0,False,False,False,False,🟡 DELETE = LOW RISK,ARCHIVE
2668,frontend/.next/dev/cache/turbopack/v16.2.10/00001499.sst,OTHER,8449,,0,False,False,False,False,🟡 DELETE = LOW RISK,ARCHIVE
2669,frontend/.next/dev/cache/turbopack/v16.2.10/00001500.meta,OTHER,674,,0,False,False,False,False,🟡 DELETE = LOW RISK,ARCHIVE
2670,frontend/.next/dev/cache/turbopack/v16.2.10/00001501.meta,OTHER,19293,,0,False,False,False,False,🟡 DELETE = LOW RISK,ARCHIVE
2671,frontend/.next/dev/cache/turbopack/v16.2.10/00001503.meta,OTHER,1773,,0,False,False,False,False,🟡 DELETE = LOW RISK,ARCHIVE
2672,frontend/.next/dev/cache/turbopack/v16.2.10/00001505.sst,OTHER,43627,,0,False,False,False,False,🟡 DELETE = LOW RISK,ARCHIVE
2673,frontend/.next/dev/cache/turbopack/v16.2.10/00001506.sst,OTHER,52,,0,False,False,False,False,🟡 DELETE = LOW RISK,ARCHIVE
2674,frontend/.next/dev/cache/turbopack/v16.2.10/00001507.meta,OTHER,674,,0,False,False,False,False,🟡 DELETE = LOW RISK,ARCHIVE
2675,frontend/.next/dev/cache/turbopack/v16.2.10/00001508.meta,OTHER,1189,,0,False,False,False,False,🟡 DELETE = LOW RISK,ARCHIVE
2676,frontend/.next/dev/cache/turbopack/v16.2.10/00001510.sst,OTHER,44440,,0,False,False,False,False,🟡 DELETE = LOW RISK,ARCHIVE
2677,frontend/.next/dev/cache/turbopack/v16.2.10/00001512.sst,OTHER,52,,0,False,False,False,False,🟡 DELETE = LOW RISK,ARCHIVE
2678,frontend/.next/dev/cache/turbopack/v16.2.10/00001513.meta,OTHER,1189,,0,False,False,False,False,🟡 DELETE = LOW RISK,ARCHIVE
2679,frontend/.next/dev/cache/turbopack/v16.2.10/00001514.meta,OTHER,674,,0,False,False,False,False,🟡 DELETE = LOW RISK,ARCHIVE
2680,frontend/.next/dev/cache/turbopack/v16.2.10/00001516.sst,OTHER,12508,,0,False,False,False,False,🟡 DELETE = LOW RISK,ARCHIVE
2681,frontend/.next/dev/cache/turbopack/v16.2.10/00001518.sst,OTHER,52,,0,False,False,False,False,🟡 DELETE = LOW RISK,ARCHIVE
2682,frontend/.next/dev/cache/turbopack/v16.2.10/00001519.meta,OTHER,674,,0,False,False,False,False,🟡 DELETE = LOW RISK,ARCHIVE
2683,frontend/.next/dev/cache/turbopack/v16.2.10/00001521.meta,OTHER,747,,0,False,False,False,False,🟡 DELETE = LOW RISK,ARCHIVE
2684,frontend/.next/dev/cache/turbopack/v16.2.10/00001522.sst,OTHER,12126,,0,False,False,False,False,🟡 DELETE = LOW RISK,ARCHIVE
2685,frontend/.next/dev/cache/turbopack/v16.2.10/00001524.sst,OTHER,52,,0,False,False,False,False,🟡 DELETE = LOW RISK,ARCHIVE
2686,frontend/.next/dev/cache/turbopack/v16.2.10/00001525.meta,OTHER,674,,0,False,False,False,False,🟡 DELETE = LOW RISK,ARCHIVE
2687,frontend/.next/dev/cache/turbopack/v16.2.10/00001526.meta,OTHER,747,,0,False,False,False,False,🟡 DELETE = LOW RISK,ARCHIVE
2688,frontend/.next/dev/cache/turbopack/v16.2.10/00001528.sst,OTHER,43627,,0,False,False,False,False,🟡 DELETE = LOW RISK,ARCHIVE
2689,frontend/.next/dev/cache/turbopack/v16.2.10/00001530.sst,OTHER,52,,0,False,False,False,False,🟡 DELETE = LOW RISK,ARCHIVE
2690,frontend/.next/dev/cache/turbopack/v16.2.10/00001531.meta,OTHER,674,,0,False,False,False,False,🟡 DELETE = LOW RISK,ARCHIVE
2691,frontend/.next/dev/cache/turbopack/v16.2.10/00001532.meta,OTHER,1189,,0,False,False,False,False,🟡 DELETE = LOW RISK,ARCHIVE
2692,frontend/.next/dev/cache/turbopack/v16.2.10/00001534.sst,OTHER,1011845,,0,False,False,False,False,🟡 DELETE = LOW RISK,ARCHIVE
2693,frontend/.next/dev/cache/turbopack/v16.2.10/00001536.sst,OTHER,52,,0,False,False,False,False,🟡 DELETE = LOW RISK,ARCHIVE
2694,frontend/.next/dev/cache/turbopack/v16.2.10/00001537.meta,OTHER,674,,0,False,False,False,False,🟡 DELETE = LOW RISK,ARCHIVE
2695,frontend/.next/dev/cache/turbopack/v16.2.10/00001538.meta,OTHER,1189,,0,False,False,False,False,🟡 DELETE = LOW RISK,ARCHIVE
2696,frontend/.next/dev/cache/turbopack/v16.2.10/00001540.sst,OTHER,43634,,0,False,False,False,False,🟡 DELETE = LOW RISK,ARCHIVE
2697,frontend/.next/dev/cache/turbopack/v16.2.10/00001542.sst,OTHER,52,,0,False,False,False,False,🟡 DELETE = LOW RISK,ARCHIVE
2698,frontend/.next/dev/cache/turbopack/v16.2.10/00001543.meta,OTHER,674,,0,False,False,False,False,🟡 DELETE = LOW RISK,ARCHIVE
2699,frontend/.next/dev/cache/turbopack/v16.2.10/00001544.meta,OTHER,1189,,0,False,False,False,False,🟡 DELETE = LOW RISK,ARCHIVE
2700,frontend/.next/dev/cache/turbopack/v16.2.10/00001546.sst,OTHER,22854,,0,False,False,False,False,🟡 DELETE = LOW RISK,ARCHIVE
2701,frontend/.next/dev/cache/turbopack/v16.2.10/00001548.sst,OTHER,52,,0,False,False,False,False,🟡 DELETE = LOW RISK,ARCHIVE
2702,frontend/.next/dev/cache/turbopack/v16.2.10/00001549.meta,OTHER,674,,0,False,False,False,False,🟡 DELETE = LOW RISK,ARCHIVE
2703,frontend/.next/dev/cache/turbopack/v16.2.10/00001550.meta,OTHER,895,,0,False,False,False,False,🟡 DELETE = LOW RISK,ARCHIVE
2704,frontend/.next/dev/cache/turbopack/v16.2.10/00001553.sst,OTHER,1084272,,0,False,False,False,False,🟡 DELETE = LOW RISK,ARCHIVE
2705,frontend/.next/dev/cache/turbopack/v16.2.10/00001554.sst,OTHER,52,,0,False,False,False,False,🟡 DELETE = LOW RISK,ARCHIVE
2706,frontend/.next/dev/cache/turbopack/v16.2.10/00001555.meta,OTHER,674,,0,False,False,False,False,🟡 DELETE = LOW RISK,ARCHIVE
2707,frontend/.next/dev/cache/turbopack/v16.2.10/00001556.meta,OTHER,1189,,0,False,False,False,False,🟡 DELETE = LOW RISK,ARCHIVE
2708,frontend/.next/dev/cache/turbopack/v16.2.10/00001558.sst,OTHER,43634,,0,False,False,False,False,🟡 DELETE = LOW RISK,ARCHIVE
2709,frontend/.next/dev/cache/turbopack/v16.2.10/00001560.sst,OTHER,52,,0,False,False,False,False,🟡 DELETE = LOW RISK,ARCHIVE
2710,frontend/.next/dev/cache/turbopack/v16.2.10/00001561.meta,OTHER,674,,0,False,False,False,False,🟡 DELETE = LOW RISK,ARCHIVE
2711,frontend/.next/dev/cache/turbopack/v16.2.10/00001563.meta,OTHER,1189,,0,False,False,False,False,🟡 DELETE = LOW RISK,ARCHIVE
2712,frontend/.next/dev/cache/turbopack/v16.2.10/00001564.sst,OTHER,13011,,0,False,False,False,False,🟡 DELETE = LOW RISK,ARCHIVE
2713,frontend/.next/dev/cache/turbopack/v16.2.10/00001566.sst,OTHER,52,,0,False,False,False,False,🟡 DELETE = LOW RISK,ARCHIVE
2714,frontend/.next/dev/cache/turbopack/v16.2.10/00001567.meta,OTHER,674,,0,False,False,False,False,🟡 DELETE = LOW RISK,ARCHIVE
2715,frontend/.next/dev/cache/turbopack/v16.2.10/00001568.meta,OTHER,747,,0,False,False,False,False,🟡 DELETE = LOW RISK,ARCHIVE
2716,frontend/.next/dev/cache/turbopack/v16.2.10/00001570.sst,OTHER,1007984,,0,False,False,False,False,🟡 DELETE = LOW RISK,ARCHIVE
2717,frontend/.next/dev/cache/turbopack/v16.2.10/00001572.sst,OTHER,52,,0,False,False,False,False,🟡 DELETE = LOW RISK,ARCHIVE
2718,frontend/.next/dev/cache/turbopack/v16.2.10/00001573.meta,OTHER,674,,0,False,False,False,False,🟡 DELETE = LOW RISK,ARCHIVE
2719,frontend/.next/dev/cache/turbopack/v16.2.10/00001574.meta,OTHER,1189,,0,False,False,False,False,🟡 DELETE = LOW RISK,ARCHIVE
2720,frontend/.next/dev/cache/turbopack/v16.2.10/00001577.sst,OTHER,43634,,0,False,False,False,False,🟡 DELETE = LOW RISK,ARCHIVE
2721,frontend/.next/dev/cache/turbopack/v16.2.10/00001578.sst,OTHER,52,,0,False,False,False,False,🟡 DELETE = LOW RISK,ARCHIVE
2722,frontend/.next/dev/cache/turbopack/v16.2.10/00001579.meta,OTHER,674,,0,False,False,False,False,🟡 DELETE = LOW RISK,ARCHIVE
2723,frontend/.next/dev/cache/turbopack/v16.2.10/00001580.meta,OTHER,1189,,0,False,False,False,False,🟡 DELETE = LOW RISK,ARCHIVE
2724,frontend/.next/dev/cache/turbopack/v16.2.10/00001583.sst,OTHER,43634,,0,False,False,False,False,🟡 DELETE = LOW RISK,ARCHIVE
2725,frontend/.next/dev/cache/turbopack/v16.2.10/00001584.sst,OTHER,52,,0,False,False,False,False,🟡 DELETE = LOW RISK,ARCHIVE
2726,frontend/.next/dev/cache/turbopack/v16.2.10/00001585.meta,OTHER,674,,0,False,False,False,False,🟡 DELETE = LOW RISK,ARCHIVE
2727,frontend/.next/dev/cache/turbopack/v16.2.10/00001586.meta,OTHER,1189,,0,False,False,False,False,🟡 DELETE = LOW RISK,ARCHIVE
2728,frontend/.next/dev/cache/turbopack/v16.2.10/00001589.sst,OTHER,12294,,0,False,False,False,False,🟡 DELETE = LOW RISK,ARCHIVE
2729,frontend/.next/dev/cache/turbopack/v16.2.10/00001590.sst,OTHER,52,,0,False,False,False,False,🟡 DELETE = LOW RISK,ARCHIVE
2730,frontend/.next/dev/cache/turbopack/v16.2.10/00001591.meta,OTHER,674,,0,False,False,False,False,🟡 DELETE = LOW RISK,ARCHIVE
2731,frontend/.next/dev/cache/turbopack/v16.2.10/00001592.meta,OTHER,747,,0,False,False,False,False,🟡 DELETE = LOW RISK,ARCHIVE
2732,frontend/.next/dev/cache/turbopack/v16.2.10/00001594.sst,OTHER,43634,,0,False,False,False,False,🟡 DELETE = LOW RISK,ARCHIVE
2733,frontend/.next/dev/cache/turbopack/v16.2.10/00001596.sst,OTHER,52,,0,False,False,False,False,🟡 DELETE = LOW RISK,ARCHIVE
2734,frontend/.next/dev/cache/turbopack/v16.2.10/00001597.meta,OTHER,674,,0,False,False,False,False,🟡 DELETE = LOW RISK,ARCHIVE
2735,frontend/.next/dev/cache/turbopack/v16.2.10/00001598.meta,OTHER,1189,,0,False,False,False,False,🟡 DELETE = LOW RISK,ARCHIVE
2736,frontend/.next/dev/cache/turbopack/v16.2.10/00001601.sst,OTHER,43634,,0,False,False,False,False,🟡 DELETE = LOW RISK,ARCHIVE
2737,frontend/.next/dev/cache/turbopack/v16.2.10/00001602.sst,OTHER,52,,0,False,False,False,False,🟡 DELETE = LOW RISK,ARCHIVE
2738,frontend/.next/dev/cache/turbopack/v16.2.10/00001603.meta,OTHER,674,,0,False,False,False,False,🟡 DELETE = LOW RISK,ARCHIVE
2739,frontend/.next/dev/cache/turbopack/v16.2.10/00001604.meta,OTHER,1189,,0,False,False,False,False,🟡 DELETE = LOW RISK,ARCHIVE
2740,frontend/.next/dev/cache/turbopack/v16.2.10/00001607.sst,OTHER,12294,,0,False,False,False,False,🟡 DELETE = LOW RISK,ARCHIVE
2741,frontend/.next/dev/cache/turbopack/v16.2.10/00001608.sst,OTHER,52,,0,False,False,False,False,🟡 DELETE = LOW RISK,ARCHIVE
2742,frontend/.next/dev/cache/turbopack/v16.2.10/00001609.meta,OTHER,674,,0,False,False,False,False,🟡 DELETE = LOW RISK,ARCHIVE
2743,frontend/.next/dev/cache/turbopack/v16.2.10/00001610.meta,OTHER,747,,0,False,False,False,False,🟡 DELETE = LOW RISK,ARCHIVE
2744,frontend/.next/dev/cache/turbopack/v16.2.10/00001612.sst,OTHER,12508,,0,False,False,False,False,🟡 DELETE = LOW RISK,ARCHIVE
2745,frontend/.next/dev/cache/turbopack/v16.2.10/00001614.sst,OTHER,52,,0,False,False,False,False,🟡 DELETE = LOW RISK,ARCHIVE
2746,frontend/.next/dev/cache/turbopack/v16.2.10/00001615.meta,OTHER,674,,0,False,False,False,False,🟡 DELETE = LOW RISK,ARCHIVE
2747,frontend/.next/dev/cache/turbopack/v16.2.10/00001616.meta,OTHER,747,,0,False,False,False,False,🟡 DELETE = LOW RISK,ARCHIVE
2748,frontend/.next/dev/cache/turbopack/v16.2.10/00001618.sst,OTHER,1085553,,0,False,False,False,False,🟡 DELETE = LOW RISK,ARCHIVE
2749,frontend/.next/dev/cache/turbopack/v16.2.10/00001620.sst,OTHER,52,,0,False,False,False,False,🟡 DELETE = LOW RISK,ARCHIVE
2750,frontend/.next/dev/cache/turbopack/v16.2.10/00001621.meta,OTHER,674,,0,False,False,False,False,🟡 DELETE = LOW RISK,ARCHIVE
2751,frontend/.next/dev/cache/turbopack/v16.2.10/00001622.meta,OTHER,1189,,0,False,False,False,False,🟡 DELETE = LOW RISK,ARCHIVE
2752,frontend/.next/dev/cache/turbopack/v16.2.10/00001625.sst,OTHER,2041,,0,False,False,False,False,🟡 DELETE = LOW RISK,ARCHIVE
2753,frontend/.next/dev/cache/turbopack/v16.2.10/00001626.sst,OTHER,52,,0,False,False,False,False,🟡 DELETE = LOW RISK,ARCHIVE
2754,frontend/.next/dev/cache/turbopack/v16.2.10/00001627.meta,OTHER,674,,0,False,False,False,False,🟡 DELETE = LOW RISK,ARCHIVE
2755,frontend/.next/dev/cache/turbopack/v16.2.10/00001628.meta,OTHER,674,,0,False,False,False,False,🟡 DELETE = LOW RISK,ARCHIVE
2756,frontend/.next/dev/cache/turbopack/v16.2.10/00001632.sst,OTHER,52,,0,False,False,False,False,🟡 DELETE = LOW RISK,ARCHIVE
2757,frontend/.next/dev/cache/turbopack/v16.2.10/00001633.meta,OTHER,674,,0,False,False,False,False,🟡 DELETE = LOW RISK,ARCHIVE
2758,frontend/.next/dev/cache/turbopack/v16.2.10/00001638.sst,OTHER,52,,0,False,False,False,False,🟡 DELETE = LOW RISK,ARCHIVE
2759,frontend/.next/dev/cache/turbopack/v16.2.10/00001639.meta,OTHER,674,,0,False,False,False,False,🟡 DELETE = LOW RISK,ARCHIVE
2760,frontend/.next/dev/cache/turbopack/v16.2.10/00001644.sst,OTHER,52,,0,False,False,False,False,🟡 DELETE = LOW RISK,ARCHIVE
2761,frontend/.next/dev/cache/turbopack/v16.2.10/00001645.sst,OTHER,417,,0,False,False,False,False,🟡 DELETE = LOW RISK,ARCHIVE
2762,frontend/.next/dev/cache/turbopack/v16.2.10/00001646.meta,OTHER,674,,0,False,False,False,False,🟡 DELETE = LOW RISK,ARCHIVE
2763,frontend/.next/dev/cache/turbopack/v16.2.10/00001649.meta,OTHER,674,,0,False,False,False,False,🟡 DELETE = LOW RISK,ARCHIVE
2764,frontend/.next/dev/cache/turbopack/v16.2.10/00001652.sst,OTHER,52,,0,False,False,False,False,🟡 DELETE = LOW RISK,ARCHIVE
2765,frontend/.next/dev/cache/turbopack/v16.2.10/00001653.meta,OTHER,674,,0,False,False,False,False,🟡 DELETE = LOW RISK,ARCHIVE
2766,frontend/.next/dev/cache/turbopack/v16.2.10/00001658.sst,OTHER,52,,0,False,False,False,False,🟡 DELETE = LOW RISK,ARCHIVE
2767,frontend/.next/dev/cache/turbopack/v16.2.10/00001659.meta,OTHER,674,,0,False,False,False,False,🟡 DELETE = LOW RISK,ARCHIVE
2768,frontend/.next/dev/cache/turbopack/v16.2.10/00001664.sst,OTHER,52,,0,False,False,False,False,🟡 DELETE = LOW RISK,ARCHIVE
2769,frontend/.next/dev/cache/turbopack/v16.2.10/00001665.meta,OTHER,674,,0,False,False,False,False,🟡 DELETE = LOW RISK,ARCHIVE
2770,frontend/.next/dev/cache/turbopack/v16.2.10/00001670.sst,OTHER,52,,0,False,False,False,False,🟡 DELETE = LOW RISK,ARCHIVE
2771,frontend/.next/dev/cache/turbopack/v16.2.10/00001671.meta,OTHER,674,,0,False,False,False,False,🟡 DELETE = LOW RISK,ARCHIVE
2772,frontend/.next/dev/cache/turbopack/v16.2.10/00001676.sst,OTHER,52,,0,False,False,False,False,🟡 DELETE = LOW RISK,ARCHIVE
2773,frontend/.next/dev/cache/turbopack/v16.2.10/00001677.meta,OTHER,674,,0,False,False,False,False,🟡 DELETE = LOW RISK,ARCHIVE
2774,frontend/.next/dev/cache/turbopack/v16.2.10/00001682.sst,OTHER,52,,0,False,False,False,False,🟡 DELETE = LOW RISK,ARCHIVE
2775,frontend/.next/dev/cache/turbopack/v16.2.10/00001683.meta,OTHER,674,,0,False,False,False,False,🟡 DELETE = LOW RISK,ARCHIVE
2776,frontend/.next/dev/cache/turbopack/v16.2.10/00001688.sst,OTHER,52,,0,False,False,False,False,🟡 DELETE = LOW RISK,ARCHIVE
2777,frontend/.next/dev/cache/turbopack/v16.2.10/00001689.meta,OTHER,674,,0,False,False,False,False,🟡 DELETE = LOW RISK,ARCHIVE
2778,frontend/.next/dev/cache/turbopack/v16.2.10/00001694.sst,OTHER,52,,0,False,False,False,False,🟡 DELETE = LOW RISK,ARCHIVE
2779,frontend/.next/dev/cache/turbopack/v16.2.10/00001695.meta,OTHER,674,,0,False,False,False,False,🟡 DELETE = LOW RISK,ARCHIVE
2780,frontend/.next/dev/cache/turbopack/v16.2.10/00001700.sst,OTHER,52,,0,False,False,False,False,🟡 DELETE = LOW RISK,ARCHIVE
2781,frontend/.next/dev/cache/turbopack/v16.2.10/00001701.meta,OTHER,674,,0,False,False,False,False,🟡 DELETE = LOW RISK,ARCHIVE
2782,frontend/.next/dev/cache/turbopack/v16.2.10/00001706.sst,OTHER,52,,0,False,False,False,False,🟡 DELETE = LOW RISK,ARCHIVE
2783,frontend/.next/dev/cache/turbopack/v16.2.10/00001707.meta,OTHER,674,,0,False,False,False,False,🟡 DELETE = LOW RISK,ARCHIVE
2784,frontend/.next/dev/cache/turbopack/v16.2.10/00001712.sst,OTHER,52,,0,False,False,False,False,🟡 DELETE = LOW RISK,ARCHIVE
2785,frontend/.next/dev/cache/turbopack/v16.2.10/00001713.meta,OTHER,674,,0,False,False,False,False,🟡 DELETE = LOW RISK,ARCHIVE
2786,frontend/.next/dev/cache/turbopack/v16.2.10/00001718.sst,OTHER,52,,0,False,False,False,False,🟡 DELETE = LOW RISK,ARCHIVE
2787,frontend/.next/dev/cache/turbopack/v16.2.10/00001719.meta,OTHER,674,,0,False,False,False,False,🟡 DELETE = LOW RISK,ARCHIVE
2788,frontend/.next/dev/cache/turbopack/v16.2.10/00001724.sst,OTHER,52,,0,False,False,False,False,🟡 DELETE = LOW RISK,ARCHIVE
2789,frontend/.next/dev/cache/turbopack/v16.2.10/00001725.meta,OTHER,674,,0,False,False,False,False,🟡 DELETE = LOW RISK,ARCHIVE
2790,frontend/.next/dev/cache/turbopack/v16.2.10/00001730.sst,OTHER,52,,0,False,False,False,False,🟡 DELETE = LOW RISK,ARCHIVE
2791,frontend/.next/dev/cache/turbopack/v16.2.10/00001731.meta,OTHER,674,,0,False,False,False,False,🟡 DELETE = LOW RISK,ARCHIVE
2792,frontend/.next/dev/cache/turbopack/v16.2.10/00001736.sst,OTHER,52,,0,False,False,False,False,🟡 DELETE = LOW RISK,ARCHIVE
2793,frontend/.next/dev/cache/turbopack/v16.2.10/00001737.meta,OTHER,674,,0,False,False,False,False,🟡 DELETE = LOW RISK,ARCHIVE
2794,frontend/.next/dev/cache/turbopack/v16.2.10/00001742.sst,OTHER,52,,0,False,False,False,False,🟡 DELETE = LOW RISK,ARCHIVE
2795,frontend/.next/dev/cache/turbopack/v16.2.10/00001743.meta,OTHER,674,,0,False,False,False,False,🟡 DELETE = LOW RISK,ARCHIVE
2796,frontend/.next/dev/cache/turbopack/v16.2.10/00001748.sst,OTHER,52,,0,False,False,False,False,🟡 DELETE = LOW RISK,ARCHIVE
2797,frontend/.next/dev/cache/turbopack/v16.2.10/00001749.meta,OTHER,674,,0,False,False,False,False,🟡 DELETE = LOW RISK,ARCHIVE
2798,frontend/.next/dev/cache/turbopack/v16.2.10/00001754.sst,OTHER,52,,0,False,False,False,False,🟡 DELETE = LOW RISK,ARCHIVE
2799,frontend/.next/dev/cache/turbopack/v16.2.10/00001755.meta,OTHER,674,,0,False,False,False,False,🟡 DELETE = LOW RISK,ARCHIVE
2800,frontend/.next/dev/cache/turbopack/v16.2.10/00001760.sst,OTHER,52,,0,False,False,False,False,🟡 DELETE = LOW RISK,ARCHIVE
2801,frontend/.next/dev/cache/turbopack/v16.2.10/00001761.meta,OTHER,674,,0,False,False,False,False,🟡 DELETE = LOW RISK,ARCHIVE
2802,frontend/.next/dev/cache/turbopack/v16.2.10/00001766.sst,OTHER,52,,0,False,False,False,False,🟡 DELETE = LOW RISK,ARCHIVE
2803,frontend/.next/dev/cache/turbopack/v16.2.10/00001767.meta,OTHER,674,,0,False,False,False,False,🟡 DELETE = LOW RISK,ARCHIVE
2804,frontend/.next/dev/cache/turbopack/v16.2.10/00001772.sst,OTHER,52,,0,False,False,False,False,🟡 DELETE = LOW RISK,ARCHIVE
2805,frontend/.next/dev/cache/turbopack/v16.2.10/00001773.sst,OTHER,3369,,0,False,False,False,False,🟡 DELETE = LOW RISK,ARCHIVE
2806,frontend/.next/dev/cache/turbopack/v16.2.10/00001774.meta,OTHER,674,,0,False,False,False,False,🟡 DELETE = LOW RISK,ARCHIVE
2807,frontend/.next/dev/cache/turbopack/v16.2.10/00001775.meta,OTHER,14822,,0,False,False,False,False,🟡 DELETE = LOW RISK,ARCHIVE
2808,frontend/.next/dev/cache/turbopack/v16.2.10/00001784.sst,OTHER,52,,0,False,False,False,False,🟡 DELETE = LOW RISK,ARCHIVE
2809,frontend/.next/dev/cache/turbopack/v16.2.10/00001785.meta,OTHER,674,,0,False,False,False,False,🟡 DELETE = LOW RISK,ARCHIVE
2810,frontend/.next/dev/cache/turbopack/v16.2.10/00001790.sst,OTHER,52,,0,False,False,False,False,🟡 DELETE = LOW RISK,ARCHIVE
2811,frontend/.next/dev/cache/turbopack/v16.2.10/00001791.sst,OTHER,3249,,0,False,False,False,False,🟡 DELETE = LOW RISK,ARCHIVE
2812,frontend/.next/dev/cache/turbopack/v16.2.10/00001792.meta,OTHER,674,,0,False,False,False,False,🟡 DELETE = LOW RISK,ARCHIVE
2813,frontend/.next/dev/cache/turbopack/v16.2.10/00001793.meta,OTHER,7894,,0,False,False,False,False,🟡 DELETE = LOW RISK,ARCHIVE
2814,frontend/.next/dev/cache/turbopack/v16.2.10/00001798.sst,OTHER,52,,0,False,False,False,False,🟡 DELETE = LOW RISK,ARCHIVE
2815,frontend/.next/dev/cache/turbopack/v16.2.10/00001799.meta,OTHER,674,,0,False,False,False,False,🟡 DELETE = LOW RISK,ARCHIVE
2816,frontend/.next/dev/cache/turbopack/v16.2.10/00001804.sst,OTHER,52,,0,False,False,False,False,🟡 DELETE = LOW RISK,ARCHIVE
2817,frontend/.next/dev/cache/turbopack/v16.2.10/00001805.meta,OTHER,674,,0,False,False,False,False,🟡 DELETE = LOW RISK,ARCHIVE
2818,frontend/.next/dev/cache/turbopack/v16.2.10/00001810.sst,OTHER,52,,0,False,False,False,False,🟡 DELETE = LOW RISK,ARCHIVE
2819,frontend/.next/dev/cache/turbopack/v16.2.10/00001811.meta,OTHER,674,,0,False,False,False,False,🟡 DELETE = LOW RISK,ARCHIVE
2820,frontend/.next/dev/cache/turbopack/v16.2.10/00001816.sst,OTHER,52,,0,False,False,False,False,🟡 DELETE = LOW RISK,ARCHIVE
2821,frontend/.next/dev/cache/turbopack/v16.2.10/00001817.sst,OTHER,4041,,0,False,False,False,False,🟡 DELETE = LOW RISK,ARCHIVE
2822,frontend/.next/dev/cache/turbopack/v16.2.10/00001818.meta,OTHER,674,,0,False,False,False,False,🟡 DELETE = LOW RISK,ARCHIVE
2823,frontend/.next/dev/cache/turbopack/v16.2.10/00001819.meta,OTHER,1654,,0,False,False,False,False,🟡 DELETE = LOW RISK,ARCHIVE
2824,frontend/.next/dev/cache/turbopack/v16.2.10/00001824.sst,OTHER,52,,0,False,False,False,False,🟡 DELETE = LOW RISK,ARCHIVE
2825,frontend/.next/dev/cache/turbopack/v16.2.10/00001826.meta,OTHER,674,,0,False,False,False,False,🟡 DELETE = LOW RISK,ARCHIVE
2826,frontend/.next/dev/cache/turbopack/v16.2.10/00001830.sst,OTHER,52,,0,False,False,False,False,🟡 DELETE = LOW RISK,ARCHIVE
2827,frontend/.next/dev/cache/turbopack/v16.2.10/00001831.meta,OTHER,674,,0,False,False,False,False,🟡 DELETE = LOW RISK,ARCHIVE
2828,frontend/.next/dev/cache/turbopack/v16.2.10/00001836.sst,OTHER,52,,0,False,False,False,False,🟡 DELETE = LOW RISK,ARCHIVE
2829,frontend/.next/dev/cache/turbopack/v16.2.10/00001837.meta,OTHER,674,,0,False,False,False,False,🟡 DELETE = LOW RISK,ARCHIVE
2830,frontend/.next/dev/cache/turbopack/v16.2.10/00001842.sst,OTHER,52,,0,False,False,False,False,🟡 DELETE = LOW RISK,ARCHIVE
2831,frontend/.next/dev/cache/turbopack/v16.2.10/00001843.meta,OTHER,674,,0,False,False,False,False,🟡 DELETE = LOW RISK,ARCHIVE
2832,frontend/.next/dev/cache/turbopack/v16.2.10/00001848.sst,OTHER,52,,0,False,False,False,False,🟡 DELETE = LOW RISK,ARCHIVE
2833,frontend/.next/dev/cache/turbopack/v16.2.10/00001849.meta,OTHER,674,,0,False,False,False,False,🟡 DELETE = LOW RISK,ARCHIVE
2834,frontend/.next/dev/cache/turbopack/v16.2.10/00001854.sst,OTHER,52,,0,False,False,False,False,🟡 DELETE = LOW RISK,ARCHIVE
2835,frontend/.next/dev/cache/turbopack/v16.2.10/00001855.meta,OTHER,674,,0,False,False,False,False,🟡 DELETE = LOW RISK,ARCHIVE
2836,frontend/.next/dev/cache/turbopack/v16.2.10/00001860.sst,OTHER,52,,0,False,False,False,False,🟡 DELETE = LOW RISK,ARCHIVE
2837,frontend/.next/dev/cache/turbopack/v16.2.10/00001861.meta,OTHER,674,,0,False,False,False,False,🟡 DELETE = LOW RISK,ARCHIVE
2838,frontend/.next/dev/cache/turbopack/v16.2.10/00001866.sst,OTHER,52,,0,False,False,False,False,🟡 DELETE = LOW RISK,ARCHIVE
2839,frontend/.next/dev/cache/turbopack/v16.2.10/00001867.sst,OTHER,45,,0,False,False,False,False,🟡 DELETE = LOW RISK,ARCHIVE
2840,frontend/.next/dev/cache/turbopack/v16.2.10/00001868.meta,OTHER,674,,0,False,False,False,False,🟡 DELETE = LOW RISK,ARCHIVE
2841,frontend/.next/dev/cache/turbopack/v16.2.10/00001871.meta,OTHER,3851,,0,False,False,False,False,🟡 DELETE = LOW RISK,ARCHIVE
2842,frontend/.next/dev/cache/turbopack/v16.2.10/00001874.sst,OTHER,52,,0,False,False,False,False,🟡 DELETE = LOW RISK,ARCHIVE
2843,frontend/.next/dev/cache/turbopack/v16.2.10/00001875.sst,OTHER,81,,0,False,False,False,False,🟡 DELETE = LOW RISK,ARCHIVE
2844,frontend/.next/dev/cache/turbopack/v16.2.10/00001876.meta,OTHER,674,,0,False,False,False,False,🟡 DELETE = LOW RISK,ARCHIVE
2845,frontend/.next/dev/cache/turbopack/v16.2.10/00001878.meta,OTHER,3851,,0,False,False,False,False,🟡 DELETE = LOW RISK,ARCHIVE
2846,frontend/.next/dev/cache/turbopack/v16.2.10/00001882.sst,OTHER,52,,0,False,False,False,False,🟡 DELETE = LOW RISK,ARCHIVE
2847,frontend/.next/dev/cache/turbopack/v16.2.10/00001883.sst,OTHER,4617,,0,False,False,False,False,🟡 DELETE = LOW RISK,ARCHIVE
2848,frontend/.next/dev/cache/turbopack/v16.2.10/00001884.meta,OTHER,674,,0,False,False,False,False,🟡 DELETE = LOW RISK,ARCHIVE
2849,frontend/.next/dev/cache/turbopack/v16.2.10/00001887.meta,OTHER,4366,,0,False,False,False,False,🟡 DELETE = LOW RISK,ARCHIVE
2850,frontend/.next/dev/cache/turbopack/v16.2.10/00001890.sst,OTHER,52,,0,False,False,False,False,🟡 DELETE = LOW RISK,ARCHIVE
2851,frontend/.next/dev/cache/turbopack/v16.2.10/00001891.sst,OTHER,6669,,0,False,False,False,False,🟡 DELETE = LOW RISK,ARCHIVE
2852,frontend/.next/dev/cache/turbopack/v16.2.10/00001892.meta,OTHER,674,,0,False,False,False,False,🟡 DELETE = LOW RISK,ARCHIVE
2853,frontend/.next/dev/cache/turbopack/v16.2.10/00001894.meta,OTHER,15406,,0,False,False,False,False,🟡 DELETE = LOW RISK,ARCHIVE
2854,frontend/.next/dev/cache/turbopack/v16.2.10/00001898.sst,OTHER,52,,0,False,False,False,False,🟡 DELETE = LOW RISK,ARCHIVE
2855,frontend/.next/dev/cache/turbopack/v16.2.10/00001899.sst,OTHER,105,,0,False,False,False,False,🟡 DELETE = LOW RISK,ARCHIVE
2856,frontend/.next/dev/cache/turbopack/v16.2.10/00001900.meta,OTHER,674,,0,False,False,False,False,🟡 DELETE = LOW RISK,ARCHIVE
2857,frontend/.next/dev/cache/turbopack/v16.2.10/00001903.meta,OTHER,674,,0,False,False,False,False,🟡 DELETE = LOW RISK,ARCHIVE
2858,frontend/.next/dev/cache/turbopack/v16.2.10/00001906.sst,OTHER,52,,0,False,False,False,False,🟡 DELETE = LOW RISK,ARCHIVE
2859,frontend/.next/dev/cache/turbopack/v16.2.10/00001907.sst,OTHER,7861,,0,False,False,False,False,🟡 DELETE = LOW RISK,ARCHIVE
2860,frontend/.next/dev/cache/turbopack/v16.2.10/00001908.meta,OTHER,674,,0,False,False,False,False,🟡 DELETE = LOW RISK,ARCHIVE
2861,frontend/.next/dev/cache/turbopack/v16.2.10/00001911.meta,OTHER,15406,,0,False,False,False,False,🟡 DELETE = LOW RISK,ARCHIVE
2862,frontend/.next/dev/cache/turbopack/v16.2.10/00001918.sst,OTHER,52,,0,False,False,False,False,🟡 DELETE = LOW RISK,ARCHIVE
2863,frontend/.next/dev/cache/turbopack/v16.2.10/00001919.meta,OTHER,674,,0,False,False,False,False,🟡 DELETE = LOW RISK,ARCHIVE
2864,frontend/.next/dev/cache/turbopack/v16.2.10/00001924.sst,OTHER,52,,0,False,False,False,False,🟡 DELETE = LOW RISK,ARCHIVE
2865,frontend/.next/dev/cache/turbopack/v16.2.10/00001925.meta,OTHER,674,,0,False,False,False,False,🟡 DELETE = LOW RISK,ARCHIVE
2866,frontend/.next/dev/cache/turbopack/v16.2.10/00001930.sst,OTHER,52,,0,False,False,False,False,🟡 DELETE = LOW RISK,ARCHIVE
2867,frontend/.next/dev/cache/turbopack/v16.2.10/00001931.meta,OTHER,674,,0,False,False,False,False,🟡 DELETE = LOW RISK,ARCHIVE
2868,frontend/.next/dev/cache/turbopack/v16.2.10/00001936.sst,OTHER,52,,0,False,False,False,False,🟡 DELETE = LOW RISK,ARCHIVE
2869,frontend/.next/dev/cache/turbopack/v16.2.10/00001937.meta,OTHER,674,,0,False,False,False,False,🟡 DELETE = LOW RISK,ARCHIVE
2870,frontend/.next/dev/cache/turbopack/v16.2.10/00001942.sst,OTHER,52,,0,False,False,False,False,🟡 DELETE = LOW RISK,ARCHIVE
2871,frontend/.next/dev/cache/turbopack/v16.2.10/00001943.meta,OTHER,674,,0,False,False,False,False,🟡 DELETE = LOW RISK,ARCHIVE
2872,frontend/.next/dev/cache/turbopack/v16.2.10/00001948.sst,OTHER,52,,0,False,False,False,False,🟡 DELETE = LOW RISK,ARCHIVE
2873,frontend/.next/dev/cache/turbopack/v16.2.10/00001949.meta,OTHER,674,,0,False,False,False,False,🟡 DELETE = LOW RISK,ARCHIVE
2874,frontend/.next/dev/cache/turbopack/v16.2.10/00001954.sst,OTHER,52,,0,False,False,False,False,🟡 DELETE = LOW RISK,ARCHIVE
2875,frontend/.next/dev/cache/turbopack/v16.2.10/00001955.meta,OTHER,674,,0,False,False,False,False,🟡 DELETE = LOW RISK,ARCHIVE
2876,frontend/.next/dev/cache/turbopack/v16.2.10/00001960.sst,OTHER,52,,0,False,False,False,False,🟡 DELETE = LOW RISK,ARCHIVE
2877,frontend/.next/dev/cache/turbopack/v16.2.10/00001961.meta,OTHER,674,,0,False,False,False,False,🟡 DELETE = LOW RISK,ARCHIVE
2878,frontend/.next/dev/cache/turbopack/v16.2.10/00001966.sst,OTHER,52,,0,False,False,False,False,🟡 DELETE = LOW RISK,ARCHIVE
2879,frontend/.next/dev/cache/turbopack/v16.2.10/00001967.meta,OTHER,674,,0,False,False,False,False,🟡 DELETE = LOW RISK,ARCHIVE
2880,frontend/.next/dev/cache/turbopack/v16.2.10/00001972.sst,OTHER,52,,0,False,False,False,False,🟡 DELETE = LOW RISK,ARCHIVE
2881,frontend/.next/dev/cache/turbopack/v16.2.10/00001973.sst,OTHER,129,,0,False,False,False,False,🟡 DELETE = LOW RISK,ARCHIVE
2882,frontend/.next/dev/cache/turbopack/v16.2.10/00001974.meta,OTHER,674,,0,False,False,False,False,🟡 DELETE = LOW RISK,ARCHIVE
2883,frontend/.next/dev/cache/turbopack/v16.2.10/00001977.meta,OTHER,674,,0,False,False,False,False,🟡 DELETE = LOW RISK,ARCHIVE
2884,frontend/.next/dev/cache/turbopack/v16.2.10/00001980.sst,OTHER,52,,0,False,False,False,False,🟡 DELETE = LOW RISK,ARCHIVE
2885,frontend/.next/dev/cache/turbopack/v16.2.10/00001981.sst,OTHER,525,,0,False,False,False,False,🟡 DELETE = LOW RISK,ARCHIVE
2886,frontend/.next/dev/cache/turbopack/v16.2.10/00001982.meta,OTHER,674,,0,False,False,False,False,🟡 DELETE = LOW RISK,ARCHIVE
2887,frontend/.next/dev/cache/turbopack/v16.2.10/00001985.meta,OTHER,674,,0,False,False,False,False,🟡 DELETE = LOW RISK,ARCHIVE
2888,frontend/.next/dev/cache/turbopack/v16.2.10/00001988.sst,OTHER,52,,0,False,False,False,False,🟡 DELETE = LOW RISK,ARCHIVE
2889,frontend/.next/dev/cache/turbopack/v16.2.10/00001989.meta,OTHER,674,,0,False,False,False,False,🟡 DELETE = LOW RISK,ARCHIVE
2890,frontend/.next/dev/cache/turbopack/v16.2.10/00001994.sst,OTHER,52,,0,False,False,False,False,🟡 DELETE = LOW RISK,ARCHIVE
2891,frontend/.next/dev/cache/turbopack/v16.2.10/00001995.sst,OTHER,45,,0,False,False,False,False,🟡 DELETE = LOW RISK,ARCHIVE
2892,frontend/.next/dev/cache/turbopack/v16.2.10/00001996.meta,OTHER,674,,0,False,False,False,False,🟡 DELETE = LOW RISK,ARCHIVE
2893,frontend/.next/dev/cache/turbopack/v16.2.10/00001998.meta,OTHER,674,,0,False,False,False,False,🟡 DELETE = LOW RISK,ARCHIVE
2894,frontend/.next/dev/cache/turbopack/v16.2.10/00002002.sst,OTHER,52,,0,False,False,False,False,🟡 DELETE = LOW RISK,ARCHIVE
2895,frontend/.next/dev/cache/turbopack/v16.2.10/00002003.sst,OTHER,4305,,0,False,False,False,False,🟡 DELETE = LOW RISK,ARCHIVE
2896,frontend/.next/dev/cache/turbopack/v16.2.10/00002004.meta,OTHER,674,,0,False,False,False,False,🟡 DELETE = LOW RISK,ARCHIVE
2897,frontend/.next/dev/cache/turbopack/v16.2.10/00002007.meta,OTHER,1189,,0,False,False,False,False,🟡 DELETE = LOW RISK,ARCHIVE
2898,frontend/.next/dev/cache/turbopack/v16.2.10/00002010.sst,OTHER,52,,0,False,False,False,False,🟡 DELETE = LOW RISK,ARCHIVE
2899,frontend/.next/dev/cache/turbopack/v16.2.10/00002011.sst,OTHER,2925,,0,False,False,False,False,🟡 DELETE = LOW RISK,ARCHIVE
2900,frontend/.next/dev/cache/turbopack/v16.2.10/00002012.meta,OTHER,674,,0,False,False,False,False,🟡 DELETE = LOW RISK,ARCHIVE
2901,frontend/.next/dev/cache/turbopack/v16.2.10/00002015.meta,OTHER,895,,0,False,False,False,False,🟡 DELETE = LOW RISK,ARCHIVE
2902,frontend/.next/dev/cache/turbopack/v16.2.10/00002018.sst,OTHER,52,,0,False,False,False,False,🟡 DELETE = LOW RISK,ARCHIVE
2903,frontend/.next/dev/cache/turbopack/v16.2.10/00002019.meta,OTHER,674,,0,False,False,False,False,🟡 DELETE = LOW RISK,ARCHIVE
2904,frontend/.next/dev/cache/turbopack/v16.2.10/00002024.sst,OTHER,52,,0,False,False,False,False,🟡 DELETE = LOW RISK,ARCHIVE
2905,frontend/.next/dev/cache/turbopack/v16.2.10/00002025.meta,OTHER,674,,0,False,False,False,False,🟡 DELETE = LOW RISK,ARCHIVE
2906,frontend/.next/dev/cache/turbopack/v16.2.10/00002030.sst,OTHER,52,,0,False,False,False,False,🟡 DELETE = LOW RISK,ARCHIVE
2907,frontend/.next/dev/cache/turbopack/v16.2.10/00002031.meta,OTHER,674,,0,False,False,False,False,🟡 DELETE = LOW RISK,ARCHIVE
2908,frontend/.next/dev/cache/turbopack/v16.2.10/00002036.sst,OTHER,52,,0,False,False,False,False,🟡 DELETE = LOW RISK,ARCHIVE
2909,frontend/.next/dev/cache/turbopack/v16.2.10/00002037.meta,OTHER,674,,0,False,False,False,False,🟡 DELETE = LOW RISK,ARCHIVE
2910,frontend/.next/dev/cache/turbopack/v16.2.10/00002042.sst,OTHER,52,,0,False,False,False,False,🟡 DELETE = LOW RISK,ARCHIVE
2911,frontend/.next/dev/cache/turbopack/v16.2.10/00002043.sst,OTHER,3657,,0,False,False,False,False,🟡 DELETE = LOW RISK,ARCHIVE
2912,frontend/.next/dev/cache/turbopack/v16.2.10/00002044.meta,OTHER,674,,0,False,False,False,False,🟡 DELETE = LOW RISK,ARCHIVE
2913,frontend/.next/dev/cache/turbopack/v16.2.10/00002047.meta,OTHER,1189,,0,False,False,False,False,🟡 DELETE = LOW RISK,ARCHIVE
2914,frontend/.next/dev/cache/turbopack/v16.2.10/00002050.sst,OTHER,52,,0,False,False,False,False,🟡 DELETE = LOW RISK,ARCHIVE
2915,frontend/.next/dev/cache/turbopack/v16.2.10/00002051.sst,OTHER,609,,0,False,False,False,False,🟡 DELETE = LOW RISK,ARCHIVE
2916,frontend/.next/dev/cache/turbopack/v16.2.10/00002052.meta,OTHER,674,,0,False,False,False,False,🟡 DELETE = LOW RISK,ARCHIVE
2917,frontend/.next/dev/cache/turbopack/v16.2.10/00002055.meta,OTHER,674,,0,False,False,False,False,🟡 DELETE = LOW RISK,ARCHIVE
2918,frontend/.next/dev/cache/turbopack/v16.2.10/00002056.sst,OTHER,5207208,,0,False,False,False,False,🟡 DELETE = LOW RISK,ARCHIVE
2919,frontend/.next/dev/cache/turbopack/v16.2.10/00002057.sst,OTHER,199034,,0,False,False,False,False,🟡 DELETE = LOW RISK,ARCHIVE
2920,frontend/.next/dev/cache/turbopack/v16.2.10/00002058.meta,OTHER,2654630,,0,False,False,False,False,🟡 DELETE = LOW RISK,ARCHIVE
2921,frontend/.next/dev/cache/turbopack/v16.2.10/00002061.sst,OTHER,2613621,,0,False,False,False,False,🟡 DELETE = LOW RISK,ARCHIVE
2922,frontend/.next/dev/cache/turbopack/v16.2.10/00002062.sst,OTHER,52,,0,False,False,False,False,🟡 DELETE = LOW RISK,ARCHIVE
2923,frontend/.next/dev/cache/turbopack/v16.2.10/00002063.sst,OTHER,3489,,0,False,False,False,False,🟡 DELETE = LOW RISK,ARCHIVE
2924,frontend/.next/dev/cache/turbopack/v16.2.10/00002064.meta,OTHER,674,,0,False,False,False,False,🟡 DELETE = LOW RISK,ARCHIVE
2925,frontend/.next/dev/cache/turbopack/v16.2.10/00002065.meta,OTHER,11328,,0,False,False,False,False,🟡 DELETE = LOW RISK,ARCHIVE
2926,frontend/.next/dev/cache/turbopack/v16.2.10/00002067.meta,OTHER,1654,,0,False,False,False,False,🟡 DELETE = LOW RISK,ARCHIVE
2927,frontend/.next/dev/cache/turbopack/v16.2.10/00002073.sst,OTHER,44030,,0,False,False,False,False,🟡 DELETE = LOW RISK,ARCHIVE
2928,frontend/.next/dev/cache/turbopack/v16.2.10/00002075.sst,OTHER,52,,0,False,False,False,False,🟡 DELETE = LOW RISK,ARCHIVE
2929,frontend/.next/dev/cache/turbopack/v16.2.10/00002076.meta,OTHER,674,,0,False,False,False,False,🟡 DELETE = LOW RISK,ARCHIVE
2930,frontend/.next/dev/cache/turbopack/v16.2.10/00002077.meta,OTHER,1189,,0,False,False,False,False,🟡 DELETE = LOW RISK,ARCHIVE
2931,frontend/.next/dev/cache/turbopack/v16.2.10/00002080.sst,OTHER,1351181,,0,False,False,False,False,🟡 DELETE = LOW RISK,ARCHIVE
2932,frontend/.next/dev/cache/turbopack/v16.2.10/00002081.sst,OTHER,52,,0,False,False,False,False,🟡 DELETE = LOW RISK,ARCHIVE
2933,frontend/.next/dev/cache/turbopack/v16.2.10/00002082.sst,OTHER,129,,0,False,False,False,False,🟡 DELETE = LOW RISK,ARCHIVE
2934,frontend/.next/dev/cache/turbopack/v16.2.10/00002083.meta,OTHER,674,,0,False,False,False,False,🟡 DELETE = LOW RISK,ARCHIVE
2935,frontend/.next/dev/cache/turbopack/v16.2.10/00002084.meta,OTHER,1773,,0,False,False,False,False,🟡 DELETE = LOW RISK,ARCHIVE
2936,frontend/.next/dev/cache/turbopack/v16.2.10/00002086.meta,OTHER,674,,0,False,False,False,False,🟡 DELETE = LOW RISK,ARCHIVE
2937,frontend/.next/dev/cache/turbopack/v16.2.10/00002087.sst,OTHER,21898,,0,False,False,False,False,🟡 DELETE = LOW RISK,ARCHIVE
2938,frontend/.next/dev/cache/turbopack/v16.2.10/00002089.sst,OTHER,52,,0,False,False,False,False,🟡 DELETE = LOW RISK,ARCHIVE
2939,frontend/.next/dev/cache/turbopack/v16.2.10/00002090.meta,OTHER,674,,0,False,False,False,False,🟡 DELETE = LOW RISK,ARCHIVE
2940,frontend/.next/dev/cache/turbopack/v16.2.10/00002091.meta,OTHER,1360,,0,False,False,False,False,🟡 DELETE = LOW RISK,ARCHIVE
2941,frontend/.next/dev/cache/turbopack/v16.2.10/00002094.sst,OTHER,390066,,0,False,False,False,False,🟡 DELETE = LOW RISK,ARCHIVE
2942,frontend/.next/dev/cache/turbopack/v16.2.10/00002095.sst,OTHER,52,,0,False,False,False,False,🟡 DELETE = LOW RISK,ARCHIVE
2943,frontend/.next/dev/cache/turbopack/v16.2.10/00002096.sst,OTHER,177,,0,False,False,False,False,🟡 DELETE = LOW RISK,ARCHIVE
2944,frontend/.next/dev/cache/turbopack/v16.2.10/00002097.meta,OTHER,674,,0,False,False,False,False,🟡 DELETE = LOW RISK,ARCHIVE
2945,frontend/.next/dev/cache/turbopack/v16.2.10/00002098.meta,OTHER,2941,,0,False,False,False,False,🟡 DELETE = LOW RISK,ARCHIVE
2946,frontend/.next/dev/cache/turbopack/v16.2.10/00002100.meta,OTHER,674,,0,False,False,False,False,🟡 DELETE = LOW RISK,ARCHIVE
2947,frontend/.next/dev/cache/turbopack/v16.2.10/00002102.sst,OTHER,1160145,,0,False,False,False,False,🟡 DELETE = LOW RISK,ARCHIVE
2948,frontend/.next/dev/cache/turbopack/v16.2.10/00002103.sst,OTHER,52,,0,False,False,False,False,🟡 DELETE = LOW RISK,ARCHIVE
2949,frontend/.next/dev/cache/turbopack/v16.2.10/00002104.meta,OTHER,674,,0,False,False,False,False,🟡 DELETE = LOW RISK,ARCHIVE
2950,frontend/.next/dev/cache/turbopack/v16.2.10/00002105.meta,OTHER,1189,,0,False,False,False,False,🟡 DELETE = LOW RISK,ARCHIVE
2951,frontend/.next/dev/cache/turbopack/v16.2.10/00002108.sst,OTHER,34937,,0,False,False,False,False,🟡 DELETE = LOW RISK,ARCHIVE
2952,frontend/.next/dev/cache/turbopack/v16.2.10/00002109.sst,OTHER,52,,0,False,False,False,False,🟡 DELETE = LOW RISK,ARCHIVE
2953,frontend/.next/dev/cache/turbopack/v16.2.10/00002110.meta,OTHER,674,,0,False,False,False,False,🟡 DELETE = LOW RISK,ARCHIVE
2954,frontend/.next/dev/cache/turbopack/v16.2.10/00002111.meta,OTHER,895,,0,False,False,False,False,🟡 DELETE = LOW RISK,ARCHIVE
2955,frontend/.next/dev/cache/turbopack/v16.2.10/00002113.sst,OTHER,13153,,0,False,False,False,False,🟡 DELETE = LOW RISK,ARCHIVE
2956,frontend/.next/dev/cache/turbopack/v16.2.10/00002115.sst,OTHER,52,,0,False,False,False,False,🟡 DELETE = LOW RISK,ARCHIVE
2957,frontend/.next/dev/cache/turbopack/v16.2.10/00002116.meta,OTHER,674,,0,False,False,False,False,🟡 DELETE = LOW RISK,ARCHIVE
2958,frontend/.next/dev/cache/turbopack/v16.2.10/00002117.meta,OTHER,747,,0,False,False,False,False,🟡 DELETE = LOW RISK,ARCHIVE
2959,frontend/.next/dev/cache/turbopack/v16.2.10/00002120.sst,OTHER,1256679,,0,False,False,False,False,🟡 DELETE = LOW RISK,ARCHIVE
2960,frontend/.next/dev/cache/turbopack/v16.2.10/00002121.sst,OTHER,52,,0,False,False,False,False,🟡 DELETE = LOW RISK,ARCHIVE
2961,frontend/.next/dev/cache/turbopack/v16.2.10/00002122.meta,OTHER,674,,0,False,False,False,False,🟡 DELETE = LOW RISK,ARCHIVE
2962,frontend/.next/dev/cache/turbopack/v16.2.10/00002123.meta,OTHER,1773,,0,False,False,False,False,🟡 DELETE = LOW RISK,ARCHIVE
2963,frontend/.next/dev/cache/turbopack/v16.2.10/00002125.sst,OTHER,25299,,0,False,False,False,False,🟡 DELETE = LOW RISK,ARCHIVE
2964,frontend/.next/dev/cache/turbopack/v16.2.10/00002127.sst,OTHER,52,,0,False,False,False,False,🟡 DELETE = LOW RISK,ARCHIVE
2965,frontend/.next/dev/cache/turbopack/v16.2.10/00002128.meta,OTHER,674,,0,False,False,False,False,🟡 DELETE = LOW RISK,ARCHIVE
2966,frontend/.next/dev/cache/turbopack/v16.2.10/00002129.meta,OTHER,895,,0,False,False,False,False,🟡 DELETE = LOW RISK,ARCHIVE
2967,frontend/.next/dev/cache/turbopack/v16.2.10/00002132.sst,OTHER,1329295,,0,False,False,False,False,🟡 DELETE = LOW RISK,ARCHIVE
2968,frontend/.next/dev/cache/turbopack/v16.2.10/00002133.sst,OTHER,52,,0,False,False,False,False,🟡 DELETE = LOW RISK,ARCHIVE
2969,frontend/.next/dev/cache/turbopack/v16.2.10/00002134.sst,OTHER,57,,0,False,False,False,False,🟡 DELETE = LOW RISK,ARCHIVE
2970,frontend/.next/dev/cache/turbopack/v16.2.10/00002135.meta,OTHER,674,,0,False,False,False,False,🟡 DELETE = LOW RISK,ARCHIVE
2971,frontend/.next/dev/cache/turbopack/v16.2.10/00002136.meta,OTHER,1773,,0,False,False,False,False,🟡 DELETE = LOW RISK,ARCHIVE
2972,frontend/.next/dev/cache/turbopack/v16.2.10/00002138.meta,OTHER,674,,0,False,False,False,False,🟡 DELETE = LOW RISK,ARCHIVE
2973,frontend/.next/dev/cache/turbopack/v16.2.10/00002140.sst,OTHER,1767738,,0,False,False,False,False,🟡 DELETE = LOW RISK,ARCHIVE
2974,frontend/.next/dev/cache/turbopack/v16.2.10/00002141.sst,OTHER,52,,0,False,False,False,False,🟡 DELETE = LOW RISK,ARCHIVE
2975,frontend/.next/dev/cache/turbopack/v16.2.10/00002142.sst,OTHER,3357,,0,False,False,False,False,🟡 DELETE = LOW RISK,ARCHIVE
2976,frontend/.next/dev/cache/turbopack/v16.2.10/00002143.meta,OTHER,674,,0,False,False,False,False,🟡 DELETE = LOW RISK,ARCHIVE
2977,frontend/.next/dev/cache/turbopack/v16.2.10/00002144.meta,OTHER,5742,,0,False,False,False,False,🟡 DELETE = LOW RISK,ARCHIVE
2978,frontend/.next/dev/cache/turbopack/v16.2.10/00002146.meta,OTHER,1189,,0,False,False,False,False,🟡 DELETE = LOW RISK,ARCHIVE
2979,frontend/.next/dev/cache/turbopack/v16.2.10/00002148.sst,OTHER,2582574,,0,False,False,False,False,🟡 DELETE = LOW RISK,ARCHIVE
2980,frontend/.next/dev/cache/turbopack/v16.2.10/00002149.sst,OTHER,52,,0,False,False,False,False,🟡 DELETE = LOW RISK,ARCHIVE
2981,frontend/.next/dev/cache/turbopack/v16.2.10/00002150.sst,OTHER,3297,,0,False,False,False,False,🟡 DELETE = LOW RISK,ARCHIVE
2982,frontend/.next/dev/cache/turbopack/v16.2.10/00002151.meta,OTHER,674,,0,False,False,False,False,🟡 DELETE = LOW RISK,ARCHIVE
2983,frontend/.next/dev/cache/turbopack/v16.2.10/00002152.meta,OTHER,7894,,0,False,False,False,False,🟡 DELETE = LOW RISK,ARCHIVE
2984,frontend/.next/dev/cache/turbopack/v16.2.10/00002153.meta,OTHER,23582,,0,False,False,False,False,🟡 DELETE = LOW RISK,ARCHIVE
2985,frontend/.next/dev/cache/turbopack/v16.2.10/00002155.sst,OTHER,35504,,0,False,False,False,False,🟡 DELETE = LOW RISK,ARCHIVE
2986,frontend/.next/dev/cache/turbopack/v16.2.10/00002157.sst,OTHER,52,,0,False,False,False,False,🟡 DELETE = LOW RISK,ARCHIVE
2987,frontend/.next/dev/cache/turbopack/v16.2.10/00002158.meta,OTHER,674,,0,False,False,False,False,🟡 DELETE = LOW RISK,ARCHIVE
2988,frontend/.next/dev/cache/turbopack/v16.2.10/00002159.meta,OTHER,895,,0,False,False,False,False,🟡 DELETE = LOW RISK,ARCHIVE
2989,frontend/.next/dev/cache/turbopack/v16.2.10/00002162.sst,OTHER,13150,,0,False,False,False,False,🟡 DELETE = LOW RISK,ARCHIVE
2990,frontend/.next/dev/cache/turbopack/v16.2.10/00002163.sst,OTHER,52,,0,False,False,False,False,🟡 DELETE = LOW RISK,ARCHIVE
2991,frontend/.next/dev/cache/turbopack/v16.2.10/00002164.meta,OTHER,674,,0,False,False,False,False,🟡 DELETE = LOW RISK,ARCHIVE
2992,frontend/.next/dev/cache/turbopack/v16.2.10/00002165.meta,OTHER,747,,0,False,False,False,False,🟡 DELETE = LOW RISK,ARCHIVE
2993,frontend/.next/dev/cache/turbopack/v16.2.10/00002168.sst,OTHER,103,,0,False,False,False,False,🟡 DELETE = LOW RISK,ARCHIVE
2994,frontend/.next/dev/cache/turbopack/v16.2.10/00002169.meta,OTHER,674,,0,False,False,False,False,🟡 DELETE = LOW RISK,ARCHIVE
2995,frontend/.next/dev/cache/turbopack/v16.2.10/00002171.sst,OTHER,45303,,0,False,False,False,False,🟡 DELETE = LOW RISK,ARCHIVE
2996,frontend/.next/dev/cache/turbopack/v16.2.10/00002173.sst,OTHER,52,,0,False,False,False,False,🟡 DELETE = LOW RISK,ARCHIVE
2997,frontend/.next/dev/cache/turbopack/v16.2.10/00002174.meta,OTHER,674,,0,False,False,False,False,🟡 DELETE = LOW RISK,ARCHIVE
2998,frontend/.next/dev/cache/turbopack/v16.2.10/00002176.meta,OTHER,1189,,0,False,False,False,False,🟡 DELETE = LOW RISK,ARCHIVE
2999,frontend/.next/dev/cache/turbopack/v16.2.10/00002178.sst,OTHER,1181873,,0,False,False,False,False,🟡 DELETE = LOW RISK,ARCHIVE
3000,frontend/.next/dev/cache/turbopack/v16.2.10/00002179.sst,OTHER,52,,0,False,False,False,False,🟡 DELETE = LOW RISK,ARCHIVE
3001,frontend/.next/dev/cache/turbopack/v16.2.10/00002180.meta,OTHER,674,,0,False,False,False,False,🟡 DELETE = LOW RISK,ARCHIVE
3002,frontend/.next/dev/cache/turbopack/v16.2.10/00002181.meta,OTHER,1189,,0,False,False,False,False,🟡 DELETE = LOW RISK,ARCHIVE
3003,frontend/.next/dev/cache/turbopack/v16.2.10/00002184.sst,OTHER,1176110,,0,False,False,False,False,🟡 DELETE = LOW RISK,ARCHIVE
3004,frontend/.next/dev/cache/turbopack/v16.2.10/00002185.sst,OTHER,52,,0,False,False,False,False,🟡 DELETE = LOW RISK,ARCHIVE
3005,frontend/.next/dev/cache/turbopack/v16.2.10/00002186.meta,OTHER,674,,0,False,False,False,False,🟡 DELETE = LOW RISK,ARCHIVE
3006,frontend/.next/dev/cache/turbopack/v16.2.10/00002187.meta,OTHER,1189,,0,False,False,False,False,🟡 DELETE = LOW RISK,ARCHIVE
3007,frontend/.next/dev/cache/turbopack/v16.2.10/00002190.sst,OTHER,1174664,,0,False,False,False,False,🟡 DELETE = LOW RISK,ARCHIVE
3008,frontend/.next/dev/cache/turbopack/v16.2.10/00002191.sst,OTHER,52,,0,False,False,False,False,🟡 DELETE = LOW RISK,ARCHIVE
3009,frontend/.next/dev/cache/turbopack/v16.2.10/00002192.meta,OTHER,674,,0,False,False,False,False,🟡 DELETE = LOW RISK,ARCHIVE
3010,frontend/.next/dev/cache/turbopack/v16.2.10/00002193.meta,OTHER,1189,,0,False,False,False,False,🟡 DELETE = LOW RISK,ARCHIVE
3011,frontend/.next/dev/cache/turbopack/v16.2.10/00002195.sst,OTHER,1244012,,0,False,False,False,False,🟡 DELETE = LOW RISK,ARCHIVE
3012,frontend/.next/dev/cache/turbopack/v16.2.10/00002197.sst,OTHER,52,,0,False,False,False,False,🟡 DELETE = LOW RISK,ARCHIVE
3013,frontend/.next/dev/cache/turbopack/v16.2.10/00002198.meta,OTHER,674,,0,False,False,False,False,🟡 DELETE = LOW RISK,ARCHIVE
3014,frontend/.next/dev/cache/turbopack/v16.2.10/00002199.meta,OTHER,1773,,0,False,False,False,False,🟡 DELETE = LOW RISK,ARCHIVE
3015,frontend/.next/dev/cache/turbopack/v16.2.10/00002201.sst,OTHER,1167054,,0,False,False,False,False,🟡 DELETE = LOW RISK,ARCHIVE
3016,frontend/.next/dev/cache/turbopack/v16.2.10/00002203.sst,OTHER,52,,0,False,False,False,False,🟡 DELETE = LOW RISK,ARCHIVE
3017,frontend/.next/dev/cache/turbopack/v16.2.10/00002204.meta,OTHER,674,,0,False,False,False,False,🟡 DELETE = LOW RISK,ARCHIVE
3018,frontend/.next/dev/cache/turbopack/v16.2.10/00002205.meta,OTHER,1189,,0,False,False,False,False,🟡 DELETE = LOW RISK,ARCHIVE
3019,frontend/.next/dev/cache/turbopack/v16.2.10/00002208.sst,OTHER,1162332,,0,False,False,False,False,🟡 DELETE = LOW RISK,ARCHIVE
3020,frontend/.next/dev/cache/turbopack/v16.2.10/00002209.sst,OTHER,52,,0,False,False,False,False,🟡 DELETE = LOW RISK,ARCHIVE
3021,frontend/.next/dev/cache/turbopack/v16.2.10/00002210.meta,OTHER,674,,0,False,False,False,False,🟡 DELETE = LOW RISK,ARCHIVE
3022,frontend/.next/dev/cache/turbopack/v16.2.10/00002211.meta,OTHER,1189,,0,False,False,False,False,🟡 DELETE = LOW RISK,ARCHIVE
3023,frontend/.next/dev/cache/turbopack/v16.2.10/00002214.sst,OTHER,2407607,,0,False,False,False,False,🟡 DELETE = LOW RISK,ARCHIVE
3024,frontend/.next/dev/cache/turbopack/v16.2.10/00002215.sst,OTHER,52,,0,False,False,False,False,🟡 DELETE = LOW RISK,ARCHIVE
3025,frontend/.next/dev/cache/turbopack/v16.2.10/00002216.sst,OTHER,1269,,0,False,False,False,False,🟡 DELETE = LOW RISK,ARCHIVE
3026,frontend/.next/dev/cache/turbopack/v16.2.10/00002217.meta,OTHER,674,,0,False,False,False,False,🟡 DELETE = LOW RISK,ARCHIVE
3027,frontend/.next/dev/cache/turbopack/v16.2.10/00002219.meta,OTHER,1212,,0,False,False,False,False,🟡 DELETE = LOW RISK,ARCHIVE
3028,frontend/.next/dev/cache/turbopack/v16.2.10/00002220.meta,OTHER,37182,,0,False,False,False,False,🟡 DELETE = LOW RISK,ARCHIVE
3029,frontend/.next/dev/cache/turbopack/v16.2.10/00002222.sst,OTHER,2123064,,0,False,False,False,False,🟡 DELETE = LOW RISK,ARCHIVE
3030,frontend/.next/dev/cache/turbopack/v16.2.10/00002223.sst,OTHER,52,,0,False,False,False,False,🟡 DELETE = LOW RISK,ARCHIVE
3031,frontend/.next/dev/cache/turbopack/v16.2.10/00002224.sst,OTHER,45,,0,False,False,False,False,🟡 DELETE = LOW RISK,ARCHIVE
3032,frontend/.next/dev/cache/turbopack/v16.2.10/00002225.meta,OTHER,674,,0,False,False,False,False,🟡 DELETE = LOW RISK,ARCHIVE
3033,frontend/.next/dev/cache/turbopack/v16.2.10/00002227.meta,OTHER,11328,,0,False,False,False,False,🟡 DELETE = LOW RISK,ARCHIVE
3034,frontend/.next/dev/cache/turbopack/v16.2.10/00002228.meta,OTHER,674,,0,False,False,False,False,🟡 DELETE = LOW RISK,ARCHIVE
3035,frontend/.next/dev/cache/turbopack/v16.2.10/00002229.sst,OTHER,45936,,0,False,False,False,False,🟡 DELETE = LOW RISK,ARCHIVE
3036,frontend/.next/dev/cache/turbopack/v16.2.10/00002231.sst,OTHER,52,,0,False,False,False,False,🟡 DELETE = LOW RISK,ARCHIVE
3037,frontend/.next/dev/cache/turbopack/v16.2.10/00002232.meta,OTHER,674,,0,False,False,False,False,🟡 DELETE = LOW RISK,ARCHIVE
3038,frontend/.next/dev/cache/turbopack/v16.2.10/00002233.meta,OTHER,1189,,0,False,False,False,False,🟡 DELETE = LOW RISK,ARCHIVE
3039,frontend/.next/dev/cache/turbopack/v16.2.10/00002235.sst,OTHER,25210,,0,False,False,False,False,🟡 DELETE = LOW RISK,ARCHIVE
3040,frontend/.next/dev/cache/turbopack/v16.2.10/00002237.sst,OTHER,52,,0,False,False,False,False,🟡 DELETE = LOW RISK,ARCHIVE
3041,frontend/.next/dev/cache/turbopack/v16.2.10/00002238.meta,OTHER,674,,0,False,False,False,False,🟡 DELETE = LOW RISK,ARCHIVE
3042,frontend/.next/dev/cache/turbopack/v16.2.10/00002239.meta,OTHER,895,,0,False,False,False,False,🟡 DELETE = LOW RISK,ARCHIVE
3043,frontend/.next/dev/cache/turbopack/v16.2.10/00002242.sst,OTHER,61949,,0,False,False,False,False,🟡 DELETE = LOW RISK,ARCHIVE
3044,frontend/.next/dev/cache/turbopack/v16.2.10/00002243.sst,OTHER,52,,0,False,False,False,False,🟡 DELETE = LOW RISK,ARCHIVE
3045,frontend/.next/dev/cache/turbopack/v16.2.10/00002244.meta,OTHER,674,,0,False,False,False,False,🟡 DELETE = LOW RISK,ARCHIVE
3046,frontend/.next/dev/cache/turbopack/v16.2.10/00002245.meta,OTHER,1189,,0,False,False,False,False,🟡 DELETE = LOW RISK,ARCHIVE
3047,frontend/.next/dev/cache/turbopack/v16.2.10/00002248.sst,OTHER,1557110,,0,False,False,False,False,🟡 DELETE = LOW RISK,ARCHIVE
3048,frontend/.next/dev/cache/turbopack/v16.2.10/00002249.sst,OTHER,52,,0,False,False,False,False,🟡 DELETE = LOW RISK,ARCHIVE
3049,frontend/.next/dev/cache/turbopack/v16.2.10/00002250.sst,OTHER,117,,0,False,False,False,False,🟡 DELETE = LOW RISK,ARCHIVE
3050,frontend/.next/dev/cache/turbopack/v16.2.10/00002251.meta,OTHER,674,,0,False,False,False,False,🟡 DELETE = LOW RISK,ARCHIVE
3051,frontend/.next/dev/cache/turbopack/v16.2.10/00002252.meta,OTHER,1773,,0,False,False,False,False,🟡 DELETE = LOW RISK,ARCHIVE
3052,frontend/.next/dev/cache/turbopack/v16.2.10/00002254.meta,OTHER,674,,0,False,False,False,False,🟡 DELETE = LOW RISK,ARCHIVE
3053,frontend/.next/dev/cache/turbopack/v16.2.10/00002255.sst,OTHER,1180938,,0,False,False,False,False,🟡 DELETE = LOW RISK,ARCHIVE
3054,frontend/.next/dev/cache/turbopack/v16.2.10/00002257.sst,OTHER,52,,0,False,False,False,False,🟡 DELETE = LOW RISK,ARCHIVE
3055,frontend/.next/dev/cache/turbopack/v16.2.10/00002258.meta,OTHER,674,,0,False,False,False,False,🟡 DELETE = LOW RISK,ARCHIVE
3056,frontend/.next/dev/cache/turbopack/v16.2.10/00002259.meta,OTHER,1189,,0,False,False,False,False,🟡 DELETE = LOW RISK,ARCHIVE
3057,frontend/.next/dev/cache/turbopack/v16.2.10/00002262.sst,OTHER,1258041,,0,False,False,False,False,🟡 DELETE = LOW RISK,ARCHIVE
3058,frontend/.next/dev/cache/turbopack/v16.2.10/00002263.sst,OTHER,52,,0,False,False,False,False,🟡 DELETE = LOW RISK,ARCHIVE
3059,frontend/.next/dev/cache/turbopack/v16.2.10/00002264.meta,OTHER,674,,0,False,False,False,False,🟡 DELETE = LOW RISK,ARCHIVE
3060,frontend/.next/dev/cache/turbopack/v16.2.10/00002265.meta,OTHER,1773,,0,False,False,False,False,🟡 DELETE = LOW RISK,ARCHIVE
3061,frontend/.next/dev/cache/turbopack/v16.2.10/00002267.sst,OTHER,2781,,0,False,False,False,False,🟡 DELETE = LOW RISK,ARCHIVE
3062,frontend/.next/dev/cache/turbopack/v16.2.10/00002269.sst,OTHER,52,,0,False,False,False,False,🟡 DELETE = LOW RISK,ARCHIVE
3063,frontend/.next/dev/cache/turbopack/v16.2.10/00002270.meta,OTHER,674,,0,False,False,False,False,🟡 DELETE = LOW RISK,ARCHIVE
3064,frontend/.next/dev/cache/turbopack/v16.2.10/00002272.meta,OTHER,674,,0,False,False,False,False,🟡 DELETE = LOW RISK,ARCHIVE
3065,frontend/.next/dev/cache/turbopack/v16.2.10/00002273.sst,OTHER,2781,,0,False,False,False,False,🟡 DELETE = LOW RISK,ARCHIVE
3066,frontend/.next/dev/cache/turbopack/v16.2.10/00002275.sst,OTHER,52,,0,False,False,False,False,🟡 DELETE = LOW RISK,ARCHIVE
3067,frontend/.next/dev/cache/turbopack/v16.2.10/00002276.meta,OTHER,674,,0,False,False,False,False,🟡 DELETE = LOW RISK,ARCHIVE
3068,frontend/.next/dev/cache/turbopack/v16.2.10/00002277.meta,OTHER,674,,0,False,False,False,False,🟡 DELETE = LOW RISK,ARCHIVE
3069,frontend/.next/dev/cache/turbopack/v16.2.10/00002280.sst,OTHER,2781,,0,False,False,False,False,🟡 DELETE = LOW RISK,ARCHIVE
3070,frontend/.next/dev/cache/turbopack/v16.2.10/00002281.sst,OTHER,52,,0,False,False,False,False,🟡 DELETE = LOW RISK,ARCHIVE
3071,frontend/.next/dev/cache/turbopack/v16.2.10/00002282.meta,OTHER,674,,0,False,False,False,False,🟡 DELETE = LOW RISK,ARCHIVE
3072,frontend/.next/dev/cache/turbopack/v16.2.10/00002283.meta,OTHER,674,,0,False,False,False,False,🟡 DELETE = LOW RISK,ARCHIVE
3073,frontend/.next/dev/cache/turbopack/v16.2.10/00002285.sst,OTHER,1144360,,0,False,False,False,False,🟡 DELETE = LOW RISK,ARCHIVE
3074,frontend/.next/dev/cache/turbopack/v16.2.10/00002287.sst,OTHER,52,,0,False,False,False,False,🟡 DELETE = LOW RISK,ARCHIVE
3075,frontend/.next/dev/cache/turbopack/v16.2.10/00002288.meta,OTHER,674,,0,False,False,False,False,🟡 DELETE = LOW RISK,ARCHIVE
3076,frontend/.next/dev/cache/turbopack/v16.2.10/00002289.meta,OTHER,1187,,0,False,False,False,False,🟡 DELETE = LOW RISK,ARCHIVE
3077,frontend/.next/dev/cache/turbopack/v16.2.10/00002291.sst,OTHER,2781,,0,False,False,False,False,🟡 DELETE = LOW RISK,ARCHIVE
3078,frontend/.next/dev/cache/turbopack/v16.2.10/00002293.sst,OTHER,52,,0,False,False,False,False,🟡 DELETE = LOW RISK,ARCHIVE
3079,frontend/.next/dev/cache/turbopack/v16.2.10/00002294.meta,OTHER,674,,0,False,False,False,False,🟡 DELETE = LOW RISK,ARCHIVE
3080,frontend/.next/dev/cache/turbopack/v16.2.10/00002295.meta,OTHER,674,,0,False,False,False,False,🟡 DELETE = LOW RISK,ARCHIVE
3081,frontend/.next/dev/cache/turbopack/v16.2.10/00002297.sst,OTHER,2781,,0,False,False,False,False,🟡 DELETE = LOW RISK,ARCHIVE
3082,frontend/.next/dev/cache/turbopack/v16.2.10/00002299.sst,OTHER,52,,0,False,False,False,False,🟡 DELETE = LOW RISK,ARCHIVE
3083,frontend/.next/dev/cache/turbopack/v16.2.10/00002300.meta,OTHER,674,,0,False,False,False,False,🟡 DELETE = LOW RISK,ARCHIVE
3084,frontend/.next/dev/cache/turbopack/v16.2.10/00002301.meta,OTHER,674,,0,False,False,False,False,🟡 DELETE = LOW RISK,ARCHIVE
3085,frontend/.next/dev/cache/turbopack/v16.2.10/00002305.sst,OTHER,52,,0,False,False,False,False,🟡 DELETE = LOW RISK,ARCHIVE
3086,frontend/.next/dev/cache/turbopack/v16.2.10/00002306.sst,OTHER,921,,0,False,False,False,False,🟡 DELETE = LOW RISK,ARCHIVE
3087,frontend/.next/dev/cache/turbopack/v16.2.10/00002307.meta,OTHER,674,,0,False,False,False,False,🟡 DELETE = LOW RISK,ARCHIVE
3088,frontend/.next/dev/cache/turbopack/v16.2.10/00002310.meta,OTHER,3924,,0,False,False,False,False,🟡 DELETE = LOW RISK,ARCHIVE
3089,frontend/.next/dev/cache/turbopack/v16.2.10/00002313.sst,OTHER,52,,0,False,False,False,False,🟡 DELETE = LOW RISK,ARCHIVE
3090,frontend/.next/dev/cache/turbopack/v16.2.10/00002314.meta,OTHER,674,,0,False,False,False,False,🟡 DELETE = LOW RISK,ARCHIVE
3091,frontend/.next/dev/cache/turbopack/v16.2.10/00002319.sst,OTHER,52,,0,False,False,False,False,🟡 DELETE = LOW RISK,ARCHIVE
3092,frontend/.next/dev/cache/turbopack/v16.2.10/00002320.meta,OTHER,674,,0,False,False,False,False,🟡 DELETE = LOW RISK,ARCHIVE
3093,frontend/.next/dev/cache/turbopack/v16.2.10/00002325.sst,OTHER,52,,0,False,False,False,False,🟡 DELETE = LOW RISK,ARCHIVE
3094,frontend/.next/dev/cache/turbopack/v16.2.10/00002326.sst,OTHER,57,,0,False,False,False,False,🟡 DELETE = LOW RISK,ARCHIVE
3095,frontend/.next/dev/cache/turbopack/v16.2.10/00002327.meta,OTHER,674,,0,False,False,False,False,🟡 DELETE = LOW RISK,ARCHIVE
3096,frontend/.next/dev/cache/turbopack/v16.2.10/00002330.meta,OTHER,674,,0,False,False,False,False,🟡 DELETE = LOW RISK,ARCHIVE
3097,frontend/.next/dev/cache/turbopack/v16.2.10/00002333.sst,OTHER,52,,0,False,False,False,False,🟡 DELETE = LOW RISK,ARCHIVE
3098,frontend/.next/dev/cache/turbopack/v16.2.10/00002334.meta,OTHER,674,,0,False,False,False,False,🟡 DELETE = LOW RISK,ARCHIVE
3099,frontend/.next/dev/cache/turbopack/v16.2.10/00002339.sst,OTHER,52,,0,False,False,False,False,🟡 DELETE = LOW RISK,ARCHIVE
3100,frontend/.next/dev/cache/turbopack/v16.2.10/00002340.meta,OTHER,674,,0,False,False,False,False,🟡 DELETE = LOW RISK,ARCHIVE
3101,frontend/.next/dev/cache/turbopack/v16.2.10/00002345.sst,OTHER,52,,0,False,False,False,False,🟡 DELETE = LOW RISK,ARCHIVE
3102,frontend/.next/dev/cache/turbopack/v16.2.10/00002348.meta,OTHER,674,,0,False,False,False,False,🟡 DELETE = LOW RISK,ARCHIVE
3103,frontend/.next/dev/cache/turbopack/v16.2.10/00002351.sst,OTHER,52,,0,False,False,False,False,🟡 DELETE = LOW RISK,ARCHIVE
3104,frontend/.next/dev/cache/turbopack/v16.2.10/00002352.meta,OTHER,674,,0,False,False,False,False,🟡 DELETE = LOW RISK,ARCHIVE
3105,frontend/.next/dev/cache/turbopack/v16.2.10/00002357.sst,OTHER,52,,0,False,False,False,False,🟡 DELETE = LOW RISK,ARCHIVE
3106,frontend/.next/dev/cache/turbopack/v16.2.10/00002358.meta,OTHER,674,,0,False,False,False,False,🟡 DELETE = LOW RISK,ARCHIVE
3107,frontend/.next/dev/cache/turbopack/v16.2.10/00002363.sst,OTHER,52,,0,False,False,False,False,🟡 DELETE = LOW RISK,ARCHIVE
3108,frontend/.next/dev/cache/turbopack/v16.2.10/00002364.meta,OTHER,674,,0,False,False,False,False,🟡 DELETE = LOW RISK,ARCHIVE
3109,frontend/.next/dev/cache/turbopack/v16.2.10/00002369.sst,OTHER,52,,0,False,False,False,False,🟡 DELETE = LOW RISK,ARCHIVE
3110,frontend/.next/dev/cache/turbopack/v16.2.10/00002370.meta,OTHER,674,,0,False,False,False,False,🟡 DELETE = LOW RISK,ARCHIVE
3111,frontend/.next/dev/cache/turbopack/v16.2.10/00002375.sst,OTHER,52,,0,False,False,False,False,🟡 DELETE = LOW RISK,ARCHIVE
3112,frontend/.next/dev/cache/turbopack/v16.2.10/00002376.meta,OTHER,674,,0,False,False,False,False,🟡 DELETE = LOW RISK,ARCHIVE
3113,frontend/.next/dev/cache/turbopack/v16.2.10/00002381.sst,OTHER,52,,0,False,False,False,False,🟡 DELETE = LOW RISK,ARCHIVE
3114,frontend/.next/dev/cache/turbopack/v16.2.10/00002382.meta,OTHER,674,,0,False,False,False,False,🟡 DELETE = LOW RISK,ARCHIVE
3115,frontend/.next/dev/cache/turbopack/v16.2.10/00002387.sst,OTHER,52,,0,False,False,False,False,🟡 DELETE = LOW RISK,ARCHIVE
3116,frontend/.next/dev/cache/turbopack/v16.2.10/00002388.meta,OTHER,674,,0,False,False,False,False,🟡 DELETE = LOW RISK,ARCHIVE
3117,frontend/.next/dev/cache/turbopack/v16.2.10/00002393.sst,OTHER,52,,0,False,False,False,False,🟡 DELETE = LOW RISK,ARCHIVE
3118,frontend/.next/dev/cache/turbopack/v16.2.10/00002394.sst,OTHER,45,,0,False,False,False,False,🟡 DELETE = LOW RISK,ARCHIVE
3119,frontend/.next/dev/cache/turbopack/v16.2.10/00002395.meta,OTHER,674,,0,False,False,False,False,🟡 DELETE = LOW RISK,ARCHIVE
3120,frontend/.next/dev/cache/turbopack/v16.2.10/00002398.meta,OTHER,674,,0,False,False,False,False,🟡 DELETE = LOW RISK,ARCHIVE
3121,frontend/.next/dev/cache/turbopack/v16.2.10/00002401.sst,OTHER,52,,0,False,False,False,False,🟡 DELETE = LOW RISK,ARCHIVE
3122,frontend/.next/dev/cache/turbopack/v16.2.10/00002402.meta,OTHER,674,,0,False,False,False,False,🟡 DELETE = LOW RISK,ARCHIVE
3123,frontend/.next/dev/cache/turbopack/v16.2.10/00002407.sst,OTHER,52,,0,False,False,False,False,🟡 DELETE = LOW RISK,ARCHIVE
3124,frontend/.next/dev/cache/turbopack/v16.2.10/00002408.meta,OTHER,674,,0,False,False,False,False,🟡 DELETE = LOW RISK,ARCHIVE
3125,frontend/.next/dev/cache/turbopack/v16.2.10/00002413.sst,OTHER,52,,0,False,False,False,False,🟡 DELETE = LOW RISK,ARCHIVE
3126,frontend/.next/dev/cache/turbopack/v16.2.10/00002414.meta,OTHER,674,,0,False,False,False,False,🟡 DELETE = LOW RISK,ARCHIVE
3127,frontend/.next/dev/cache/turbopack/v16.2.10/00002419.sst,OTHER,52,,0,False,False,False,False,🟡 DELETE = LOW RISK,ARCHIVE
3128,frontend/.next/dev/cache/turbopack/v16.2.10/00002420.sst,OTHER,6069,,0,False,False,False,False,🟡 DELETE = LOW RISK,ARCHIVE
3129,frontend/.next/dev/cache/turbopack/v16.2.10/00002422.meta,OTHER,674,,0,False,False,False,False,🟡 DELETE = LOW RISK,ARCHIVE
3130,frontend/.next/dev/cache/turbopack/v16.2.10/00002424.meta,OTHER,2238,,0,False,False,False,False,🟡 DELETE = LOW RISK,ARCHIVE
3131,frontend/.next/dev/cache/turbopack/v16.2.10/00002427.sst,OTHER,52,,0,False,False,False,False,🟡 DELETE = LOW RISK,ARCHIVE
3132,frontend/.next/dev/cache/turbopack/v16.2.10/00002428.sst,OTHER,2517,,0,False,False,False,False,🟡 DELETE = LOW RISK,ARCHIVE
3133,frontend/.next/dev/cache/turbopack/v16.2.10/00002429.meta,OTHER,674,,0,False,False,False,False,🟡 DELETE = LOW RISK,ARCHIVE
3134,frontend/.next/dev/cache/turbopack/v16.2.10/00002432.meta,OTHER,895,,0,False,False,False,False,🟡 DELETE = LOW RISK,ARCHIVE
3135,frontend/.next/dev/cache/turbopack/v16.2.10/00002440.sst,OTHER,52,,0,False,False,False,False,🟡 DELETE = LOW RISK,ARCHIVE
3136,frontend/.next/dev/cache/turbopack/v16.2.10/00002441.meta,OTHER,674,,0,False,False,False,False,🟡 DELETE = LOW RISK,ARCHIVE
3137,frontend/.next/dev/cache/turbopack/v16.2.10/00002446.sst,OTHER,52,,0,False,False,False,False,🟡 DELETE = LOW RISK,ARCHIVE
3138,frontend/.next/dev/cache/turbopack/v16.2.10/00002447.meta,OTHER,674,,0,False,False,False,False,🟡 DELETE = LOW RISK,ARCHIVE
3139,frontend/.next/dev/cache/turbopack/v16.2.10/00002452.sst,OTHER,52,,0,False,False,False,False,🟡 DELETE = LOW RISK,ARCHIVE
3140,frontend/.next/dev/cache/turbopack/v16.2.10/00002453.meta,OTHER,674,,0,False,False,False,False,🟡 DELETE = LOW RISK,ARCHIVE
3141,frontend/.next/dev/cache/turbopack/v16.2.10/00002458.sst,OTHER,52,,0,False,False,False,False,🟡 DELETE = LOW RISK,ARCHIVE
3142,frontend/.next/dev/cache/turbopack/v16.2.10/00002459.meta,OTHER,674,,0,False,False,False,False,🟡 DELETE = LOW RISK,ARCHIVE
3143,frontend/.next/dev/cache/turbopack/v16.2.10/00002464.sst,OTHER,52,,0,False,False,False,False,🟡 DELETE = LOW RISK,ARCHIVE
3144,frontend/.next/dev/cache/turbopack/v16.2.10/00002465.meta,OTHER,674,,0,False,False,False,False,🟡 DELETE = LOW RISK,ARCHIVE
3145,frontend/.next/dev/cache/turbopack/v16.2.10/00002470.sst,OTHER,52,,0,False,False,False,False,🟡 DELETE = LOW RISK,ARCHIVE
3146,frontend/.next/dev/cache/turbopack/v16.2.10/00002471.meta,OTHER,674,,0,False,False,False,False,🟡 DELETE = LOW RISK,ARCHIVE
3147,frontend/.next/dev/cache/turbopack/v16.2.10/00002476.sst,OTHER,52,,0,False,False,False,False,🟡 DELETE = LOW RISK,ARCHIVE
3148,frontend/.next/dev/cache/turbopack/v16.2.10/00002477.meta,OTHER,674,,0,False,False,False,False,🟡 DELETE = LOW RISK,ARCHIVE
3149,frontend/.next/dev/cache/turbopack/v16.2.10/00002482.sst,OTHER,52,,0,False,False,False,False,🟡 DELETE = LOW RISK,ARCHIVE
3150,frontend/.next/dev/cache/turbopack/v16.2.10/00002483.meta,OTHER,674,,0,False,False,False,False,🟡 DELETE = LOW RISK,ARCHIVE
3151,frontend/.next/dev/cache/turbopack/v16.2.10/00002488.sst,OTHER,52,,0,False,False,False,False,🟡 DELETE = LOW RISK,ARCHIVE
3152,frontend/.next/dev/cache/turbopack/v16.2.10/00002489.meta,OTHER,674,,0,False,False,False,False,🟡 DELETE = LOW RISK,ARCHIVE
3153,frontend/.next/dev/cache/turbopack/v16.2.10/00002494.sst,OTHER,52,,0,False,False,False,False,🟡 DELETE = LOW RISK,ARCHIVE
3154,frontend/.next/dev/cache/turbopack/v16.2.10/00002495.meta,OTHER,674,,0,False,False,False,False,🟡 DELETE = LOW RISK,ARCHIVE
3155,frontend/.next/dev/cache/turbopack/v16.2.10/00002500.sst,OTHER,52,,0,False,False,False,False,🟡 DELETE = LOW RISK,ARCHIVE
3156,frontend/.next/dev/cache/turbopack/v16.2.10/00002501.meta,OTHER,674,,0,False,False,False,False,🟡 DELETE = LOW RISK,ARCHIVE
3157,frontend/.next/dev/cache/turbopack/v16.2.10/00002506.sst,OTHER,52,,0,False,False,False,False,🟡 DELETE = LOW RISK,ARCHIVE
3158,frontend/.next/dev/cache/turbopack/v16.2.10/00002507.meta,OTHER,674,,0,False,False,False,False,🟡 DELETE = LOW RISK,ARCHIVE
3159,frontend/.next/dev/cache/turbopack/v16.2.10/00002512.sst,OTHER,52,,0,False,False,False,False,🟡 DELETE = LOW RISK,ARCHIVE
3160,frontend/.next/dev/cache/turbopack/v16.2.10/00002513.meta,OTHER,674,,0,False,False,False,False,🟡 DELETE = LOW RISK,ARCHIVE
3161,frontend/.next/dev/cache/turbopack/v16.2.10/00002518.sst,OTHER,52,,0,False,False,False,False,🟡 DELETE = LOW RISK,ARCHIVE
3162,frontend/.next/dev/cache/turbopack/v16.2.10/00002519.meta,OTHER,674,,0,False,False,False,False,🟡 DELETE = LOW RISK,ARCHIVE
3163,frontend/.next/dev/cache/turbopack/v16.2.10/00002524.sst,OTHER,52,,0,False,False,False,False,🟡 DELETE = LOW RISK,ARCHIVE
3164,frontend/.next/dev/cache/turbopack/v16.2.10/00002525.sst,OTHER,237,,0,False,False,False,False,🟡 DELETE = LOW RISK,ARCHIVE
3165,frontend/.next/dev/cache/turbopack/v16.2.10/00002526.meta,OTHER,674,,0,False,False,False,False,🟡 DELETE = LOW RISK,ARCHIVE
3166,frontend/.next/dev/cache/turbopack/v16.2.10/00002529.meta,OTHER,674,,0,False,False,False,False,🟡 DELETE = LOW RISK,ARCHIVE
3167,frontend/.next/dev/cache/turbopack/v16.2.10/00002532.sst,OTHER,52,,0,False,False,False,False,🟡 DELETE = LOW RISK,ARCHIVE
3168,frontend/.next/dev/cache/turbopack/v16.2.10/00002533.sst,OTHER,45,,0,False,False,False,False,🟡 DELETE = LOW RISK,ARCHIVE
3169,frontend/.next/dev/cache/turbopack/v16.2.10/00002534.meta,OTHER,674,,0,False,False,False,False,🟡 DELETE = LOW RISK,ARCHIVE
3170,frontend/.next/dev/cache/turbopack/v16.2.10/00002535.meta,OTHER,674,,0,False,False,False,False,🟡 DELETE = LOW RISK,ARCHIVE
3171,frontend/.next/dev/cache/turbopack/v16.2.10/00002540.sst,OTHER,52,,0,False,False,False,False,🟡 DELETE = LOW RISK,ARCHIVE
3172,frontend/.next/dev/cache/turbopack/v16.2.10/00002541.sst,OTHER,5133,,0,False,False,False,False,🟡 DELETE = LOW RISK,ARCHIVE
3173,frontend/.next/dev/cache/turbopack/v16.2.10/00002542.meta,OTHER,674,,0,False,False,False,False,🟡 DELETE = LOW RISK,ARCHIVE
3174,frontend/.next/dev/cache/turbopack/v16.2.10/00002544.meta,OTHER,1654,,0,False,False,False,False,🟡 DELETE = LOW RISK,ARCHIVE
3175,frontend/.next/dev/cache/turbopack/v16.2.10/00002548.sst,OTHER,52,,0,False,False,False,False,🟡 DELETE = LOW RISK,ARCHIVE
3176,frontend/.next/dev/cache/turbopack/v16.2.10/00002549.meta,OTHER,674,,0,False,False,False,False,🟡 DELETE = LOW RISK,ARCHIVE
3177,frontend/.next/dev/cache/turbopack/v16.2.10/00002554.sst,OTHER,52,,0,False,False,False,False,🟡 DELETE = LOW RISK,ARCHIVE
3178,frontend/.next/dev/cache/turbopack/v16.2.10/00002555.sst,OTHER,5985,,0,False,False,False,False,🟡 DELETE = LOW RISK,ARCHIVE
3179,frontend/.next/dev/cache/turbopack/v16.2.10/00002556.meta,OTHER,674,,0,False,False,False,False,🟡 DELETE = LOW RISK,ARCHIVE
3180,frontend/.next/dev/cache/turbopack/v16.2.10/00002558.meta,OTHER,2238,,0,False,False,False,False,🟡 DELETE = LOW RISK,ARCHIVE
3181,frontend/.next/dev/cache/turbopack/v16.2.10/00002562.sst,OTHER,52,,0,False,False,False,False,🟡 DELETE = LOW RISK,ARCHIVE
3182,frontend/.next/dev/cache/turbopack/v16.2.10/00002563.sst,OTHER,129,,0,False,False,False,False,🟡 DELETE = LOW RISK,ARCHIVE
3183,frontend/.next/dev/cache/turbopack/v16.2.10/00002564.meta,OTHER,674,,0,False,False,False,False,🟡 DELETE = LOW RISK,ARCHIVE
3184,frontend/.next/dev/cache/turbopack/v16.2.10/00002567.meta,OTHER,674,,0,False,False,False,False,🟡 DELETE = LOW RISK,ARCHIVE
3185,frontend/.next/dev/cache/turbopack/v16.2.10/00002570.sst,OTHER,52,,0,False,False,False,False,🟡 DELETE = LOW RISK,ARCHIVE
3186,frontend/.next/dev/cache/turbopack/v16.2.10/00002571.sst,OTHER,57,,0,False,False,False,False,🟡 DELETE = LOW RISK,ARCHIVE
3187,frontend/.next/dev/cache/turbopack/v16.2.10/00002572.meta,OTHER,674,,0,False,False,False,False,🟡 DELETE = LOW RISK,ARCHIVE
3188,frontend/.next/dev/cache/turbopack/v16.2.10/00002575.meta,OTHER,674,,0,False,False,False,False,🟡 DELETE = LOW RISK,ARCHIVE
3189,frontend/.next/dev/cache/turbopack/v16.2.10/00002578.sst,OTHER,52,,0,False,False,False,False,🟡 DELETE = LOW RISK,ARCHIVE
3190,frontend/.next/dev/cache/turbopack/v16.2.10/00002579.sst,OTHER,177,,0,False,False,False,False,🟡 DELETE = LOW RISK,ARCHIVE
3191,frontend/.next/dev/cache/turbopack/v16.2.10/00002580.meta,OTHER,674,,0,False,False,False,False,🟡 DELETE = LOW RISK,ARCHIVE
3192,frontend/.next/dev/cache/turbopack/v16.2.10/00002583.meta,OTHER,674,,0,False,False,False,False,🟡 DELETE = LOW RISK,ARCHIVE
3193,frontend/.next/dev/cache/turbopack/v16.2.10/00002586.sst,OTHER,52,,0,False,False,False,False,🟡 DELETE = LOW RISK,ARCHIVE
3194,frontend/.next/dev/cache/turbopack/v16.2.10/00002587.sst,OTHER,93,,0,False,False,False,False,🟡 DELETE = LOW RISK,ARCHIVE
3195,frontend/.next/dev/cache/turbopack/v16.2.10/00002588.meta,OTHER,674,,0,False,False,False,False,🟡 DELETE = LOW RISK,ARCHIVE
3196,frontend/.next/dev/cache/turbopack/v16.2.10/00002591.meta,OTHER,674,,0,False,False,False,False,🟡 DELETE = LOW RISK,ARCHIVE
3197,frontend/.next/dev/cache/turbopack/v16.2.10/00002594.sst,OTHER,52,,0,False,False,False,False,🟡 DELETE = LOW RISK,ARCHIVE
3198,frontend/.next/dev/cache/turbopack/v16.2.10/00002595.sst,OTHER,2925,,0,False,False,False,False,🟡 DELETE = LOW RISK,ARCHIVE
3199,frontend/.next/dev/cache/turbopack/v16.2.10/00002596.meta,OTHER,674,,0,False,False,False,False,🟡 DELETE = LOW RISK,ARCHIVE
3200,frontend/.next/dev/cache/turbopack/v16.2.10/00002599.meta,OTHER,895,,0,False,False,False,False,🟡 DELETE = LOW RISK,ARCHIVE
3201,frontend/.next/dev/cache/turbopack/v16.2.10/00002602.sst,OTHER,52,,0,False,False,False,False,🟡 DELETE = LOW RISK,ARCHIVE
3202,frontend/.next/dev/cache/turbopack/v16.2.10/00002603.sst,OTHER,5397,,0,False,False,False,False,🟡 DELETE = LOW RISK,ARCHIVE
3203,frontend/.next/dev/cache/turbopack/v16.2.10/00002604.meta,OTHER,674,,0,False,False,False,False,🟡 DELETE = LOW RISK,ARCHIVE
3204,frontend/.next/dev/cache/turbopack/v16.2.10/00002607.meta,OTHER,1189,,0,False,False,False,False,🟡 DELETE = LOW RISK,ARCHIVE
3205,frontend/.next/dev/cache/turbopack/v16.2.10/00002610.sst,OTHER,52,,0,False,False,False,False,🟡 DELETE = LOW RISK,ARCHIVE
3206,frontend/.next/dev/cache/turbopack/v16.2.10/00002611.meta,OTHER,674,,0,False,False,False,False,🟡 DELETE = LOW RISK,ARCHIVE
3207,frontend/.next/dev/cache/turbopack/v16.2.10/00002616.sst,OTHER,52,,0,False,False,False,False,🟡 DELETE = LOW RISK,ARCHIVE
3208,frontend/.next/dev/cache/turbopack/v16.2.10/00002617.meta,OTHER,674,,0,False,False,False,False,🟡 DELETE = LOW RISK,ARCHIVE
3209,frontend/.next/dev/cache/turbopack/v16.2.10/00002627.sst,OTHER,52,,0,False,False,False,False,🟡 DELETE = LOW RISK,ARCHIVE
3210,frontend/.next/dev/cache/turbopack/v16.2.10/00002628.meta,OTHER,674,,0,False,False,False,False,🟡 DELETE = LOW RISK,ARCHIVE
3211,frontend/.next/dev/cache/turbopack/v16.2.10/00002633.sst,OTHER,52,,0,False,False,False,False,🟡 DELETE = LOW RISK,ARCHIVE
3212,frontend/.next/dev/cache/turbopack/v16.2.10/00002634.meta,OTHER,674,,0,False,False,False,False,🟡 DELETE = LOW RISK,ARCHIVE
3213,frontend/.next/dev/cache/turbopack/v16.2.10/00002639.sst,OTHER,52,,0,False,False,False,False,🟡 DELETE = LOW RISK,ARCHIVE
3214,frontend/.next/dev/cache/turbopack/v16.2.10/00002640.meta,OTHER,674,,0,False,False,False,False,🟡 DELETE = LOW RISK,ARCHIVE
3215,frontend/.next/dev/cache/turbopack/v16.2.10/00002645.sst,OTHER,52,,0,False,False,False,False,🟡 DELETE = LOW RISK,ARCHIVE
3216,frontend/.next/dev/cache/turbopack/v16.2.10/00002646.meta,OTHER,674,,0,False,False,False,False,🟡 DELETE = LOW RISK,ARCHIVE
3217,frontend/.next/dev/cache/turbopack/v16.2.10/00002651.sst,OTHER,52,,0,False,False,False,False,🟡 DELETE = LOW RISK,ARCHIVE
3218,frontend/.next/dev/cache/turbopack/v16.2.10/00002652.meta,OTHER,674,,0,False,False,False,False,🟡 DELETE = LOW RISK,ARCHIVE
3219,frontend/.next/dev/cache/turbopack/v16.2.10/00002657.sst,OTHER,52,,0,False,False,False,False,🟡 DELETE = LOW RISK,ARCHIVE
3220,frontend/.next/dev/cache/turbopack/v16.2.10/00002658.meta,OTHER,674,,0,False,False,False,False,🟡 DELETE = LOW RISK,ARCHIVE
3221,frontend/.next/dev/cache/turbopack/v16.2.10/00002663.sst,OTHER,52,,0,False,False,False,False,🟡 DELETE = LOW RISK,ARCHIVE
3222,frontend/.next/dev/cache/turbopack/v16.2.10/00002664.meta,OTHER,674,,0,False,False,False,False,🟡 DELETE = LOW RISK,ARCHIVE
3223,frontend/.next/dev/cache/turbopack/v16.2.10/00002669.sst,OTHER,52,,0,False,False,False,False,🟡 DELETE = LOW RISK,ARCHIVE
3224,frontend/.next/dev/cache/turbopack/v16.2.10/00002670.meta,OTHER,674,,0,False,False,False,False,🟡 DELETE = LOW RISK,ARCHIVE
3225,frontend/.next/dev/cache/turbopack/v16.2.10/00002675.sst,OTHER,52,,0,False,False,False,False,🟡 DELETE = LOW RISK,ARCHIVE
3226,frontend/.next/dev/cache/turbopack/v16.2.10/00002676.sst,OTHER,201,,0,False,False,False,False,🟡 DELETE = LOW RISK,ARCHIVE
3227,frontend/.next/dev/cache/turbopack/v16.2.10/00002677.meta,OTHER,674,,0,False,False,False,False,🟡 DELETE = LOW RISK,ARCHIVE
3228,frontend/.next/dev/cache/turbopack/v16.2.10/00002680.meta,OTHER,674,,0,False,False,False,False,🟡 DELETE = LOW RISK,ARCHIVE
3229,frontend/.next/dev/cache/turbopack/v16.2.10/00002683.sst,OTHER,52,,0,False,False,False,False,🟡 DELETE = LOW RISK,ARCHIVE
3230,frontend/.next/dev/cache/turbopack/v16.2.10/00002684.meta,OTHER,674,,0,False,False,False,False,🟡 DELETE = LOW RISK,ARCHIVE
3231,frontend/.next/dev/cache/turbopack/v16.2.10/00002689.sst,OTHER,52,,0,False,False,False,False,🟡 DELETE = LOW RISK,ARCHIVE
3232,frontend/.next/dev/cache/turbopack/v16.2.10/00002690.meta,OTHER,674,,0,False,False,False,False,🟡 DELETE = LOW RISK,ARCHIVE
3233,frontend/.next/dev/cache/turbopack/v16.2.10/00002695.sst,OTHER,52,,0,False,False,False,False,🟡 DELETE = LOW RISK,ARCHIVE
3234,frontend/.next/dev/cache/turbopack/v16.2.10/00002696.meta,OTHER,674,,0,False,False,False,False,🟡 DELETE = LOW RISK,ARCHIVE
3235,frontend/.next/dev/cache/turbopack/v16.2.10/00002701.sst,OTHER,52,,0,False,False,False,False,🟡 DELETE = LOW RISK,ARCHIVE
3236,frontend/.next/dev/cache/turbopack/v16.2.10/00002702.sst,OTHER,69,,0,False,False,False,False,🟡 DELETE = LOW RISK,ARCHIVE
3237,frontend/.next/dev/cache/turbopack/v16.2.10/00002703.meta,OTHER,674,,0,False,False,False,False,🟡 DELETE = LOW RISK,ARCHIVE
3238,frontend/.next/dev/cache/turbopack/v16.2.10/00002705.meta,OTHER,3851,,0,False,False,False,False,🟡 DELETE = LOW RISK,ARCHIVE
3239,frontend/.next/dev/cache/turbopack/v16.2.10/00002709.sst,OTHER,52,,0,False,False,False,False,🟡 DELETE = LOW RISK,ARCHIVE
3240,frontend/.next/dev/cache/turbopack/v16.2.10/00002710.meta,OTHER,674,,0,False,False,False,False,🟡 DELETE = LOW RISK,ARCHIVE
3241,frontend/.next/dev/cache/turbopack/v16.2.10/00002715.sst,OTHER,52,,0,False,False,False,False,🟡 DELETE = LOW RISK,ARCHIVE
3242,frontend/.next/dev/cache/turbopack/v16.2.10/00002716.meta,OTHER,674,,0,False,False,False,False,🟡 DELETE = LOW RISK,ARCHIVE
3243,frontend/.next/dev/cache/turbopack/v16.2.10/00002721.sst,OTHER,52,,0,False,False,False,False,🟡 DELETE = LOW RISK,ARCHIVE
3244,frontend/.next/dev/cache/turbopack/v16.2.10/00002722.meta,OTHER,674,,0,False,False,False,False,🟡 DELETE = LOW RISK,ARCHIVE
3245,frontend/.next/dev/cache/turbopack/v16.2.10/00002727.sst,OTHER,52,,0,False,False,False,False,🟡 DELETE = LOW RISK,ARCHIVE
3246,frontend/.next/dev/cache/turbopack/v16.2.10/00002728.meta,OTHER,674,,0,False,False,False,False,🟡 DELETE = LOW RISK,ARCHIVE
3247,frontend/.next/dev/cache/turbopack/v16.2.10/00002733.sst,OTHER,52,,0,False,False,False,False,🟡 DELETE = LOW RISK,ARCHIVE
3248,frontend/.next/dev/cache/turbopack/v16.2.10/00002734.sst,OTHER,4785,,0,False,False,False,False,🟡 DELETE = LOW RISK,ARCHIVE
3249,frontend/.next/dev/cache/turbopack/v16.2.10/00002735.meta,OTHER,674,,0,False,False,False,False,🟡 DELETE = LOW RISK,ARCHIVE
3250,frontend/.next/dev/cache/turbopack/v16.2.10/00002736.meta,OTHER,14822,,0,False,False,False,False,🟡 DELETE = LOW RISK,ARCHIVE
3251,frontend/.next/dev/cache/turbopack/v16.2.10/00002741.sst,OTHER,52,,0,False,False,False,False,🟡 DELETE = LOW RISK,ARCHIVE
3252,frontend/.next/dev/cache/turbopack/v16.2.10/00002742.meta,OTHER,674,,0,False,False,False,False,🟡 DELETE = LOW RISK,ARCHIVE
3253,frontend/.next/dev/cache/turbopack/v16.2.10/00002747.sst,OTHER,52,,0,False,False,False,False,🟡 DELETE = LOW RISK,ARCHIVE
3254,frontend/.next/dev/cache/turbopack/v16.2.10/00002748.meta,OTHER,674,,0,False,False,False,False,🟡 DELETE = LOW RISK,ARCHIVE
3255,frontend/.next/dev/cache/turbopack/v16.2.10/00002753.sst,OTHER,52,,0,False,False,False,False,🟡 DELETE = LOW RISK,ARCHIVE
3256,frontend/.next/dev/cache/turbopack/v16.2.10/00002754.meta,OTHER,674,,0,False,False,False,False,🟡 DELETE = LOW RISK,ARCHIVE
3257,frontend/.next/dev/cache/turbopack/v16.2.10/00002759.sst,OTHER,52,,0,False,False,False,False,🟡 DELETE = LOW RISK,ARCHIVE
3258,frontend/.next/dev/cache/turbopack/v16.2.10/00002760.meta,OTHER,674,,0,False,False,False,False,🟡 DELETE = LOW RISK,ARCHIVE
3259,frontend/.next/dev/cache/turbopack/v16.2.10/00002765.sst,OTHER,52,,0,False,False,False,False,🟡 DELETE = LOW RISK,ARCHIVE
3260,frontend/.next/dev/cache/turbopack/v16.2.10/00002766.meta,OTHER,674,,0,False,False,False,False,🟡 DELETE = LOW RISK,ARCHIVE
3261,frontend/.next/dev/cache/turbopack/v16.2.10/00002771.sst,OTHER,52,,0,False,False,False,False,🟡 DELETE = LOW RISK,ARCHIVE
3262,frontend/.next/dev/cache/turbopack/v16.2.10/00002772.meta,OTHER,674,,0,False,False,False,False,🟡 DELETE = LOW RISK,ARCHIVE
3263,frontend/.next/dev/cache/turbopack/v16.2.10/00002777.sst,OTHER,52,,0,False,False,False,False,🟡 DELETE = LOW RISK,ARCHIVE
3264,frontend/.next/dev/cache/turbopack/v16.2.10/00002778.meta,OTHER,674,,0,False,False,False,False,🟡 DELETE = LOW RISK,ARCHIVE
3265,frontend/.next/dev/cache/turbopack/v16.2.10/00002783.sst,OTHER,52,,0,False,False,False,False,🟡 DELETE = LOW RISK,ARCHIVE
3266,frontend/.next/dev/cache/turbopack/v16.2.10/00002784.meta,OTHER,674,,0,False,False,False,False,🟡 DELETE = LOW RISK,ARCHIVE
3267,frontend/.next/dev/cache/turbopack/v16.2.10/00002789.sst,OTHER,52,,0,False,False,False,False,🟡 DELETE = LOW RISK,ARCHIVE
3268,frontend/.next/dev/cache/turbopack/v16.2.10/00002790.meta,OTHER,674,,0,False,False,False,False,🟡 DELETE = LOW RISK,ARCHIVE
3269,frontend/.next/dev/cache/turbopack/v16.2.10/00002795.sst,OTHER,52,,0,False,False,False,False,🟡 DELETE = LOW RISK,ARCHIVE
3270,frontend/.next/dev/cache/turbopack/v16.2.10/00002796.meta,OTHER,674,,0,False,False,False,False,🟡 DELETE = LOW RISK,ARCHIVE
3271,frontend/.next/dev/cache/turbopack/v16.2.10/00002801.sst,OTHER,52,,0,False,False,False,False,🟡 DELETE = LOW RISK,ARCHIVE
3272,frontend/.next/dev/cache/turbopack/v16.2.10/00002802.meta,OTHER,674,,0,False,False,False,False,🟡 DELETE = LOW RISK,ARCHIVE
3273,frontend/.next/dev/cache/turbopack/v16.2.10/00002807.sst,OTHER,52,,0,False,False,False,False,🟡 DELETE = LOW RISK,ARCHIVE
3274,frontend/.next/dev/cache/turbopack/v16.2.10/00002808.meta,OTHER,674,,0,False,False,False,False,🟡 DELETE = LOW RISK,ARCHIVE
3275,frontend/.next/dev/cache/turbopack/v16.2.10/00002813.sst,OTHER,52,,0,False,False,False,False,🟡 DELETE = LOW RISK,ARCHIVE
3276,frontend/.next/dev/cache/turbopack/v16.2.10/00002814.meta,OTHER,674,,0,False,False,False,False,🟡 DELETE = LOW RISK,ARCHIVE
3277,frontend/.next/dev/cache/turbopack/v16.2.10/00002819.sst,OTHER,52,,0,False,False,False,False,🟡 DELETE = LOW RISK,ARCHIVE
3278,frontend/.next/dev/cache/turbopack/v16.2.10/00002820.meta,OTHER,674,,0,False,False,False,False,🟡 DELETE = LOW RISK,ARCHIVE
3279,frontend/.next/dev/cache/turbopack/v16.2.10/00002825.sst,OTHER,52,,0,False,False,False,False,🟡 DELETE = LOW RISK,ARCHIVE
3280,frontend/.next/dev/cache/turbopack/v16.2.10/00002826.sst,OTHER,3225,,0,False,False,False,False,🟡 DELETE = LOW RISK,ARCHIVE
3281,frontend/.next/dev/cache/turbopack/v16.2.10/00002827.meta,OTHER,674,,0,False,False,False,False,🟡 DELETE = LOW RISK,ARCHIVE
3282,frontend/.next/dev/cache/turbopack/v16.2.10/00002830.meta,OTHER,1654,,0,False,False,False,False,🟡 DELETE = LOW RISK,ARCHIVE
3283,frontend/.next/dev/cache/turbopack/v16.2.10/00002833.sst,OTHER,52,,0,False,False,False,False,🟡 DELETE = LOW RISK,ARCHIVE
3284,frontend/.next/dev/cache/turbopack/v16.2.10/00002834.meta,OTHER,674,,0,False,False,False,False,🟡 DELETE = LOW RISK,ARCHIVE
3285,frontend/.next/dev/cache/turbopack/v16.2.10/00002843.sst,OTHER,52,,0,False,False,False,False,🟡 DELETE = LOW RISK,ARCHIVE
3286,frontend/.next/dev/cache/turbopack/v16.2.10/00002844.meta,OTHER,674,,0,False,False,False,False,🟡 DELETE = LOW RISK,ARCHIVE
3287,frontend/.next/dev/cache/turbopack/v16.2.10/00002849.sst,OTHER,52,,0,False,False,False,False,🟡 DELETE = LOW RISK,ARCHIVE
3288,frontend/.next/dev/cache/turbopack/v16.2.10/00002850.meta,OTHER,674,,0,False,False,False,False,🟡 DELETE = LOW RISK,ARCHIVE
3289,frontend/.next/dev/cache/turbopack/v16.2.10/00002855.sst,OTHER,52,,0,False,False,False,False,🟡 DELETE = LOW RISK,ARCHIVE
3290,frontend/.next/dev/cache/turbopack/v16.2.10/00002856.meta,OTHER,674,,0,False,False,False,False,🟡 DELETE = LOW RISK,ARCHIVE
3291,frontend/.next/dev/cache/turbopack/v16.2.10/00002861.sst,OTHER,52,,0,False,False,False,False,🟡 DELETE = LOW RISK,ARCHIVE
3292,frontend/.next/dev/cache/turbopack/v16.2.10/00002862.meta,OTHER,674,,0,False,False,False,False,🟡 DELETE = LOW RISK,ARCHIVE
3293,frontend/.next/dev/cache/turbopack/v16.2.10/00002867.sst,OTHER,52,,0,False,False,False,False,🟡 DELETE = LOW RISK,ARCHIVE
3294,frontend/.next/dev/cache/turbopack/v16.2.10/00002868.meta,OTHER,674,,0,False,False,False,False,🟡 DELETE = LOW RISK,ARCHIVE
3295,frontend/.next/dev/cache/turbopack/v16.2.10/00002876.sst,OTHER,52,,0,False,False,False,False,🟡 DELETE = LOW RISK,ARCHIVE
3296,frontend/.next/dev/cache/turbopack/v16.2.10/00002877.sst,OTHER,156277,,0,False,False,False,False,🟡 DELETE = LOW RISK,ARCHIVE
3297,frontend/.next/dev/cache/turbopack/v16.2.10/00002878.meta,OTHER,674,,0,False,False,False,False,🟡 DELETE = LOW RISK,ARCHIVE
3298,frontend/.next/dev/cache/turbopack/v16.2.10/00002880.meta,OTHER,73214,,0,False,False,False,False,🟡 DELETE = LOW RISK,ARCHIVE
3299,frontend/.next/dev/cache/turbopack/v16.2.10/00002884.sst,OTHER,52,,0,False,False,False,False,🟡 DELETE = LOW RISK,ARCHIVE
3300,frontend/.next/dev/cache/turbopack/v16.2.10/00002885.meta,OTHER,674,,0,False,False,False,False,🟡 DELETE = LOW RISK,ARCHIVE
3301,frontend/.next/dev/cache/turbopack/v16.2.10/00002890.sst,OTHER,52,,0,False,False,False,False,🟡 DELETE = LOW RISK,ARCHIVE
3302,frontend/.next/dev/cache/turbopack/v16.2.10/00002891.meta,OTHER,674,,0,False,False,False,False,🟡 DELETE = LOW RISK,ARCHIVE
3303,frontend/.next/dev/cache/turbopack/v16.2.10/00002896.sst,OTHER,52,,0,False,False,False,False,🟡 DELETE = LOW RISK,ARCHIVE
3304,frontend/.next/dev/cache/turbopack/v16.2.10/00002897.meta,OTHER,674,,0,False,False,False,False,🟡 DELETE = LOW RISK,ARCHIVE
3305,frontend/.next/dev/cache/turbopack/v16.2.10/00002902.sst,OTHER,52,,0,False,False,False,False,🟡 DELETE = LOW RISK,ARCHIVE
3306,frontend/.next/dev/cache/turbopack/v16.2.10/00002903.meta,OTHER,674,,0,False,False,False,False,🟡 DELETE = LOW RISK,ARCHIVE
3307,frontend/.next/dev/cache/turbopack/v16.2.10/00002908.sst,OTHER,52,,0,False,False,False,False,🟡 DELETE = LOW RISK,ARCHIVE
3308,frontend/.next/dev/cache/turbopack/v16.2.10/00002909.meta,OTHER,674,,0,False,False,False,False,🟡 DELETE = LOW RISK,ARCHIVE
3309,frontend/.next/dev/cache/turbopack/v16.2.10/00002914.sst,OTHER,52,,0,False,False,False,False,🟡 DELETE = LOW RISK,ARCHIVE
3310,frontend/.next/dev/cache/turbopack/v16.2.10/00002915.meta,OTHER,674,,0,False,False,False,False,🟡 DELETE = LOW RISK,ARCHIVE
3311,frontend/.next/dev/cache/turbopack/v16.2.10/00002920.sst,OTHER,52,,0,False,False,False,False,🟡 DELETE = LOW RISK,ARCHIVE
3312,frontend/.next/dev/cache/turbopack/v16.2.10/00002921.meta,OTHER,674,,0,False,False,False,False,🟡 DELETE = LOW RISK,ARCHIVE
3313,frontend/.next/dev/cache/turbopack/v16.2.10/00002926.sst,OTHER,52,,0,False,False,False,False,🟡 DELETE = LOW RISK,ARCHIVE
3314,frontend/.next/dev/cache/turbopack/v16.2.10/00002927.meta,OTHER,674,,0,False,False,False,False,🟡 DELETE = LOW RISK,ARCHIVE
3315,frontend/.next/dev/cache/turbopack/v16.2.10/00002932.sst,OTHER,52,,0,False,False,False,False,🟡 DELETE = LOW RISK,ARCHIVE
3316,frontend/.next/dev/cache/turbopack/v16.2.10/00002933.meta,OTHER,674,,0,False,False,False,False,🟡 DELETE = LOW RISK,ARCHIVE
3317,frontend/.next/dev/cache/turbopack/v16.2.10/00002938.sst,OTHER,52,,0,False,False,False,False,🟡 DELETE = LOW RISK,ARCHIVE
3318,frontend/.next/dev/cache/turbopack/v16.2.10/00002939.meta,OTHER,674,,0,False,False,False,False,🟡 DELETE = LOW RISK,ARCHIVE
3319,frontend/.next/dev/cache/turbopack/v16.2.10/00002944.sst,OTHER,52,,0,False,False,False,False,🟡 DELETE = LOW RISK,ARCHIVE
3320,frontend/.next/dev/cache/turbopack/v16.2.10/00002945.meta,OTHER,674,,0,False,False,False,False,🟡 DELETE = LOW RISK,ARCHIVE
3321,frontend/.next/dev/cache/turbopack/v16.2.10/00002950.sst,OTHER,52,,0,False,False,False,False,🟡 DELETE = LOW RISK,ARCHIVE
3322,frontend/.next/dev/cache/turbopack/v16.2.10/00002951.meta,OTHER,674,,0,False,False,False,False,🟡 DELETE = LOW RISK,ARCHIVE
3323,frontend/.next/dev/cache/turbopack/v16.2.10/00002956.sst,OTHER,52,,0,False,False,False,False,🟡 DELETE = LOW RISK,ARCHIVE
3324,frontend/.next/dev/cache/turbopack/v16.2.10/00002957.meta,OTHER,674,,0,False,False,False,False,🟡 DELETE = LOW RISK,ARCHIVE
3325,frontend/.next/dev/cache/turbopack/v16.2.10/00002962.sst,OTHER,52,,0,False,False,False,False,🟡 DELETE = LOW RISK,ARCHIVE
3326,frontend/.next/dev/cache/turbopack/v16.2.10/00002963.meta,OTHER,674,,0,False,False,False,False,🟡 DELETE = LOW RISK,ARCHIVE
3327,frontend/.next/dev/cache/turbopack/v16.2.10/00002968.sst,OTHER,52,,0,False,False,False,False,🟡 DELETE = LOW RISK,ARCHIVE
3328,frontend/.next/dev/cache/turbopack/v16.2.10/00002969.meta,OTHER,674,,0,False,False,False,False,🟡 DELETE = LOW RISK,ARCHIVE
3329,frontend/.next/dev/cache/turbopack/v16.2.10/00002974.sst,OTHER,52,,0,False,False,False,False,🟡 DELETE = LOW RISK,ARCHIVE
3330,frontend/.next/dev/cache/turbopack/v16.2.10/00002975.meta,OTHER,674,,0,False,False,False,False,🟡 DELETE = LOW RISK,ARCHIVE
3331,frontend/.next/dev/cache/turbopack/v16.2.10/00002980.sst,OTHER,52,,0,False,False,False,False,🟡 DELETE = LOW RISK,ARCHIVE
3332,frontend/.next/dev/cache/turbopack/v16.2.10/00002981.meta,OTHER,674,,0,False,False,False,False,🟡 DELETE = LOW RISK,ARCHIVE
3333,frontend/.next/dev/cache/turbopack/v16.2.10/00002986.sst,OTHER,52,,0,False,False,False,False,🟡 DELETE = LOW RISK,ARCHIVE
3334,frontend/.next/dev/cache/turbopack/v16.2.10/00002987.meta,OTHER,674,,0,False,False,False,False,🟡 DELETE = LOW RISK,ARCHIVE
3335,frontend/.next/dev/cache/turbopack/v16.2.10/00002992.sst,OTHER,52,,0,False,False,False,False,🟡 DELETE = LOW RISK,ARCHIVE
3336,frontend/.next/dev/cache/turbopack/v16.2.10/00002993.meta,OTHER,674,,0,False,False,False,False,🟡 DELETE = LOW RISK,ARCHIVE
3337,frontend/.next/dev/cache/turbopack/v16.2.10/00002998.sst,OTHER,83,,0,False,False,False,False,🟡 DELETE = LOW RISK,ARCHIVE
3338,frontend/.next/dev/cache/turbopack/v16.2.10/00002999.meta,OTHER,674,,0,False,False,False,False,🟡 DELETE = LOW RISK,ARCHIVE
3339,frontend/.next/dev/cache/turbopack/v16.2.10/00003004.sst,OTHER,52,,0,False,False,False,False,🟡 DELETE = LOW RISK,ARCHIVE
3340,frontend/.next/dev/cache/turbopack/v16.2.10/00003005.meta,OTHER,674,,0,False,False,False,False,🟡 DELETE = LOW RISK,ARCHIVE
3341,frontend/.next/dev/cache/turbopack/v16.2.10/00003010.sst,OTHER,52,,0,False,False,False,False,🟡 DELETE = LOW RISK,ARCHIVE
3342,frontend/.next/dev/cache/turbopack/v16.2.10/00003011.meta,OTHER,674,,0,False,False,False,False,🟡 DELETE = LOW RISK,ARCHIVE
3343,frontend/.next/dev/cache/turbopack/v16.2.10/00003016.sst,OTHER,52,,0,False,False,False,False,🟡 DELETE = LOW RISK,ARCHIVE
3344,frontend/.next/dev/cache/turbopack/v16.2.10/00003017.meta,OTHER,674,,0,False,False,False,False,🟡 DELETE = LOW RISK,ARCHIVE
3345,frontend/.next/dev/cache/turbopack/v16.2.10/00003021.sst,OTHER,108,,0,False,False,False,False,🟡 DELETE = LOW RISK,ARCHIVE
3346,frontend/.next/dev/cache/turbopack/v16.2.10/00003022.meta,OTHER,674,,0,False,False,False,False,🟡 DELETE = LOW RISK,ARCHIVE
3347,frontend/.next/dev/cache/turbopack/v16.2.10/00003026.sst,OTHER,52,,0,False,False,False,False,🟡 DELETE = LOW RISK,ARCHIVE
3348,frontend/.next/dev/cache/turbopack/v16.2.10/00003027.meta,OTHER,674,,0,False,False,False,False,🟡 DELETE = LOW RISK,ARCHIVE
3349,frontend/.next/dev/cache/turbopack/v16.2.10/00003032.sst,OTHER,59,,0,False,False,False,False,🟡 DELETE = LOW RISK,ARCHIVE
3350,frontend/.next/dev/cache/turbopack/v16.2.10/00003033.meta,OTHER,674,,0,False,False,False,False,🟡 DELETE = LOW RISK,ARCHIVE
3351,frontend/.next/dev/cache/turbopack/v16.2.10/00003038.sst,OTHER,52,,0,False,False,False,False,🟡 DELETE = LOW RISK,ARCHIVE
3352,frontend/.next/dev/cache/turbopack/v16.2.10/00003039.meta,OTHER,674,,0,False,False,False,False,🟡 DELETE = LOW RISK,ARCHIVE
3353,frontend/.next/dev/cache/turbopack/v16.2.10/00003043.sst,OTHER,80,,0,False,False,False,False,🟡 DELETE = LOW RISK,ARCHIVE
3354,frontend/.next/dev/cache/turbopack/v16.2.10/00003044.meta,OTHER,674,,0,False,False,False,False,🟡 DELETE = LOW RISK,ARCHIVE
3355,frontend/.next/dev/cache/turbopack/v16.2.10/00003048.sst,OTHER,52,,0,False,False,False,False,🟡 DELETE = LOW RISK,ARCHIVE
3356,frontend/.next/dev/cache/turbopack/v16.2.10/00003049.meta,OTHER,674,,0,False,False,False,False,🟡 DELETE = LOW RISK,ARCHIVE
3357,frontend/.next/dev/cache/turbopack/v16.2.10/00003054.sst,OTHER,731,,0,False,False,False,False,🟡 DELETE = LOW RISK,ARCHIVE
3358,frontend/.next/dev/cache/turbopack/v16.2.10/00003055.meta,OTHER,674,,0,False,False,False,False,🟡 DELETE = LOW RISK,ARCHIVE
3359,frontend/.next/dev/cache/turbopack/v16.2.10/00003060.sst,OTHER,52,,0,False,False,False,False,🟡 DELETE = LOW RISK,ARCHIVE
3360,frontend/.next/dev/cache/turbopack/v16.2.10/00003061.meta,OTHER,674,,0,False,False,False,False,🟡 DELETE = LOW RISK,ARCHIVE
3361,frontend/.next/dev/cache/turbopack/v16.2.10/00003066.sst,OTHER,52,,0,False,False,False,False,🟡 DELETE = LOW RISK,ARCHIVE
3362,frontend/.next/dev/cache/turbopack/v16.2.10/00003067.meta,OTHER,674,,0,False,False,False,False,🟡 DELETE = LOW RISK,ARCHIVE
3363,frontend/.next/dev/cache/turbopack/v16.2.10/00003072.sst,OTHER,1221,,0,False,False,False,False,🟡 DELETE = LOW RISK,ARCHIVE
3364,frontend/.next/dev/cache/turbopack/v16.2.10/00003073.meta,OTHER,674,,0,False,False,False,False,🟡 DELETE = LOW RISK,ARCHIVE
3365,frontend/.next/dev/cache/turbopack/v16.2.10/00003078.sst,OTHER,52,,0,False,False,False,False,🟡 DELETE = LOW RISK,ARCHIVE
3366,frontend/.next/dev/cache/turbopack/v16.2.10/00003079.meta,OTHER,674,,0,False,False,False,False,🟡 DELETE = LOW RISK,ARCHIVE
3367,frontend/.next/dev/cache/turbopack/v16.2.10/00003084.sst,OTHER,52,,0,False,False,False,False,🟡 DELETE = LOW RISK,ARCHIVE
3368,frontend/.next/dev/cache/turbopack/v16.2.10/00003085.meta,OTHER,674,,0,False,False,False,False,🟡 DELETE = LOW RISK,ARCHIVE
3369,frontend/.next/dev/cache/turbopack/v16.2.10/00003090.sst,OTHER,52,,0,False,False,False,False,🟡 DELETE = LOW RISK,ARCHIVE
3370,frontend/.next/dev/cache/turbopack/v16.2.10/00003091.meta,OTHER,674,,0,False,False,False,False,🟡 DELETE = LOW RISK,ARCHIVE
3371,frontend/.next/dev/cache/turbopack/v16.2.10/00003096.sst,OTHER,52,,0,False,False,False,False,🟡 DELETE = LOW RISK,ARCHIVE
3372,frontend/.next/dev/cache/turbopack/v16.2.10/00003097.meta,OTHER,674,,0,False,False,False,False,🟡 DELETE = LOW RISK,ARCHIVE
3373,frontend/.next/dev/cache/turbopack/v16.2.10/00003102.sst,OTHER,52,,0,False,False,False,False,🟡 DELETE = LOW RISK,ARCHIVE
3374,frontend/.next/dev/cache/turbopack/v16.2.10/00003103.meta,OTHER,674,,0,False,False,False,False,🟡 DELETE = LOW RISK,ARCHIVE
3375,frontend/.next/dev/cache/turbopack/v16.2.10/00003108.sst,OTHER,52,,0,False,False,False,False,🟡 DELETE = LOW RISK,ARCHIVE
3376,frontend/.next/dev/cache/turbopack/v16.2.10/00003109.meta,OTHER,674,,0,False,False,False,False,🟡 DELETE = LOW RISK,ARCHIVE
3377,frontend/.next/dev/cache/turbopack/v16.2.10/00003114.sst,OTHER,52,,0,False,False,False,False,🟡 DELETE = LOW RISK,ARCHIVE
3378,frontend/.next/dev/cache/turbopack/v16.2.10/00003115.meta,OTHER,674,,0,False,False,False,False,🟡 DELETE = LOW RISK,ARCHIVE
3379,frontend/.next/dev/cache/turbopack/v16.2.10/00003120.sst,OTHER,52,,0,False,False,False,False,🟡 DELETE = LOW RISK,ARCHIVE
3380,frontend/.next/dev/cache/turbopack/v16.2.10/00003121.meta,OTHER,674,,0,False,False,False,False,🟡 DELETE = LOW RISK,ARCHIVE
3381,frontend/.next/dev/cache/turbopack/v16.2.10/00003126.sst,OTHER,52,,0,False,False,False,False,🟡 DELETE = LOW RISK,ARCHIVE
3382,frontend/.next/dev/cache/turbopack/v16.2.10/00003127.meta,OTHER,674,,0,False,False,False,False,🟡 DELETE = LOW RISK,ARCHIVE
3383,frontend/.next/dev/cache/turbopack/v16.2.10/00003132.sst,OTHER,52,,0,False,False,False,False,🟡 DELETE = LOW RISK,ARCHIVE
3384,frontend/.next/dev/cache/turbopack/v16.2.10/00003133.meta,OTHER,674,,0,False,False,False,False,🟡 DELETE = LOW RISK,ARCHIVE
3385,frontend/.next/dev/cache/turbopack/v16.2.10/00003138.sst,OTHER,52,,0,False,False,False,False,🟡 DELETE = LOW RISK,ARCHIVE
3386,frontend/.next/dev/cache/turbopack/v16.2.10/00003139.meta,OTHER,674,,0,False,False,False,False,🟡 DELETE = LOW RISK,ARCHIVE
3387,frontend/.next/dev/cache/turbopack/v16.2.10/00003144.sst,OTHER,52,,0,False,False,False,False,🟡 DELETE = LOW RISK,ARCHIVE
3388,frontend/.next/dev/cache/turbopack/v16.2.10/00003145.meta,OTHER,674,,0,False,False,False,False,🟡 DELETE = LOW RISK,ARCHIVE
3389,frontend/.next/dev/cache/turbopack/v16.2.10/00003150.sst,OTHER,52,,0,False,False,False,False,🟡 DELETE = LOW RISK,ARCHIVE
3390,frontend/.next/dev/cache/turbopack/v16.2.10/00003151.meta,OTHER,674,,0,False,False,False,False,🟡 DELETE = LOW RISK,ARCHIVE
3391,frontend/.next/dev/cache/turbopack/v16.2.10/00003156.sst,OTHER,52,,0,False,False,False,False,🟡 DELETE = LOW RISK,ARCHIVE
3392,frontend/.next/dev/cache/turbopack/v16.2.10/00003157.sst,OTHER,657,,0,False,False,False,False,🟡 DELETE = LOW RISK,ARCHIVE
3393,frontend/.next/dev/cache/turbopack/v16.2.10/00003158.meta,OTHER,674,,0,False,False,False,False,🟡 DELETE = LOW RISK,ARCHIVE
3394,frontend/.next/dev/cache/turbopack/v16.2.10/00003159.meta,OTHER,14307,,0,False,False,False,False,🟡 DELETE = LOW RISK,ARCHIVE
3395,frontend/.next/dev/cache/turbopack/v16.2.10/00003164.sst,OTHER,52,,0,False,False,False,False,🟡 DELETE = LOW RISK,ARCHIVE
3396,frontend/.next/dev/cache/turbopack/v16.2.10/00003165.sst,OTHER,465,,0,False,False,False,False,🟡 DELETE = LOW RISK,ARCHIVE
3397,frontend/.next/dev/cache/turbopack/v16.2.10/00003166.meta,OTHER,674,,0,False,False,False,False,🟡 DELETE = LOW RISK,ARCHIVE
3398,frontend/.next/dev/cache/turbopack/v16.2.10/00003167.meta,OTHER,674,,0,False,False,False,False,🟡 DELETE = LOW RISK,ARCHIVE
3399,frontend/.next/dev/cache/turbopack/v16.2.10/00003172.sst,OTHER,52,,0,False,False,False,False,🟡 DELETE = LOW RISK,ARCHIVE
3400,frontend/.next/dev/cache/turbopack/v16.2.10/00003173.sst,OTHER,16037,,0,False,False,False,False,🟡 DELETE = LOW RISK,ARCHIVE
3401,frontend/.next/dev/cache/turbopack/v16.2.10/00003174.meta,OTHER,674,,0,False,False,False,False,🟡 DELETE = LOW RISK,ARCHIVE
3402,frontend/.next/dev/cache/turbopack/v16.2.10/00003175.meta,OTHER,16574,,0,False,False,False,False,🟡 DELETE = LOW RISK,ARCHIVE
3403,frontend/.next/dev/cache/turbopack/v16.2.10/00003184.sst,OTHER,52,,0,False,False,False,False,🟡 DELETE = LOW RISK,ARCHIVE
3404,frontend/.next/dev/cache/turbopack/v16.2.10/00003185.meta,OTHER,674,,0,False,False,False,False,🟡 DELETE = LOW RISK,ARCHIVE
3405,frontend/.next/dev/cache/turbopack/v16.2.10/00003190.sst,OTHER,52,,0,False,False,False,False,🟡 DELETE = LOW RISK,ARCHIVE
3406,frontend/.next/dev/cache/turbopack/v16.2.10/00003191.meta,OTHER,674,,0,False,False,False,False,🟡 DELETE = LOW RISK,ARCHIVE
3407,frontend/.next/dev/cache/turbopack/v16.2.10/00003196.sst,OTHER,52,,0,False,False,False,False,🟡 DELETE = LOW RISK,ARCHIVE
3408,frontend/.next/dev/cache/turbopack/v16.2.10/00003197.meta,OTHER,674,,0,False,False,False,False,🟡 DELETE = LOW RISK,ARCHIVE
3409,frontend/.next/dev/cache/turbopack/v16.2.10/00003202.sst,OTHER,52,,0,False,False,False,False,🟡 DELETE = LOW RISK,ARCHIVE
3410,frontend/.next/dev/cache/turbopack/v16.2.10/00003203.meta,OTHER,674,,0,False,False,False,False,🟡 DELETE = LOW RISK,ARCHIVE
3411,frontend/.next/dev/cache/turbopack/v16.2.10/00003208.sst,OTHER,52,,0,False,False,False,False,🟡 DELETE = LOW RISK,ARCHIVE
3412,frontend/.next/dev/cache/turbopack/v16.2.10/00003209.meta,OTHER,674,,0,False,False,False,False,🟡 DELETE = LOW RISK,ARCHIVE
3413,frontend/.next/dev/cache/turbopack/v16.2.10/00003214.sst,OTHER,52,,0,False,False,False,False,🟡 DELETE = LOW RISK,ARCHIVE
3414,frontend/.next/dev/cache/turbopack/v16.2.10/00003215.meta,OTHER,674,,0,False,False,False,False,🟡 DELETE = LOW RISK,ARCHIVE
3415,frontend/.next/dev/cache/turbopack/v16.2.10/00003220.sst,OTHER,52,,0,False,False,False,False,🟡 DELETE = LOW RISK,ARCHIVE
3416,frontend/.next/dev/cache/turbopack/v16.2.10/00003221.meta,OTHER,674,,0,False,False,False,False,🟡 DELETE = LOW RISK,ARCHIVE
3417,frontend/.next/dev/cache/turbopack/v16.2.10/00003226.sst,OTHER,52,,0,False,False,False,False,🟡 DELETE = LOW RISK,ARCHIVE
3418,frontend/.next/dev/cache/turbopack/v16.2.10/00003227.meta,OTHER,674,,0,False,False,False,False,🟡 DELETE = LOW RISK,ARCHIVE
3419,frontend/.next/dev/cache/turbopack/v16.2.10/00003232.sst,OTHER,52,,0,False,False,False,False,🟡 DELETE = LOW RISK,ARCHIVE
3420,frontend/.next/dev/cache/turbopack/v16.2.10/00003233.meta,OTHER,674,,0,False,False,False,False,🟡 DELETE = LOW RISK,ARCHIVE
3421,frontend/.next/dev/cache/turbopack/v16.2.10/00003238.sst,OTHER,52,,0,False,False,False,False,🟡 DELETE = LOW RISK,ARCHIVE
3422,frontend/.next/dev/cache/turbopack/v16.2.10/00003239.meta,OTHER,674,,0,False,False,False,False,🟡 DELETE = LOW RISK,ARCHIVE
3423,frontend/.next/dev/cache/turbopack/v16.2.10/00003249.sst,OTHER,52,,0,False,False,False,False,🟡 DELETE = LOW RISK,ARCHIVE
3424,frontend/.next/dev/cache/turbopack/v16.2.10/00003250.meta,OTHER,674,,0,False,False,False,False,🟡 DELETE = LOW RISK,ARCHIVE
3425,frontend/.next/dev/cache/turbopack/v16.2.10/00003255.sst,OTHER,52,,0,False,False,False,False,🟡 DELETE = LOW RISK,ARCHIVE
3426,frontend/.next/dev/cache/turbopack/v16.2.10/00003256.sst,OTHER,153,,0,False,False,False,False,🟡 DELETE = LOW RISK,ARCHIVE
3427,frontend/.next/dev/cache/turbopack/v16.2.10/00003257.meta,OTHER,674,,0,False,False,False,False,🟡 DELETE = LOW RISK,ARCHIVE
3428,frontend/.next/dev/cache/turbopack/v16.2.10/00003260.meta,OTHER,674,,0,False,False,False,False,🟡 DELETE = LOW RISK,ARCHIVE
3429,frontend/.next/dev/cache/turbopack/v16.2.10/00003263.sst,OTHER,52,,0,False,False,False,False,🟡 DELETE = LOW RISK,ARCHIVE
3430,frontend/.next/dev/cache/turbopack/v16.2.10/00003265.meta,OTHER,674,,0,False,False,False,False,🟡 DELETE = LOW RISK,ARCHIVE
3431,frontend/.next/dev/cache/turbopack/v16.2.10/00003269.sst,OTHER,52,,0,False,False,False,False,🟡 DELETE = LOW RISK,ARCHIVE
3432,frontend/.next/dev/cache/turbopack/v16.2.10/00003270.meta,OTHER,674,,0,False,False,False,False,🟡 DELETE = LOW RISK,ARCHIVE
3433,frontend/.next/dev/cache/turbopack/v16.2.10/00003275.sst,OTHER,52,,0,False,False,False,False,🟡 DELETE = LOW RISK,ARCHIVE
3434,frontend/.next/dev/cache/turbopack/v16.2.10/00003276.meta,OTHER,674,,0,False,False,False,False,🟡 DELETE = LOW RISK,ARCHIVE
3435,frontend/.next/dev/cache/turbopack/v16.2.10/00003281.sst,OTHER,52,,0,False,False,False,False,🟡 DELETE = LOW RISK,ARCHIVE
3436,frontend/.next/dev/cache/turbopack/v16.2.10/00003282.meta,OTHER,674,,0,False,False,False,False,🟡 DELETE = LOW RISK,ARCHIVE
3437,frontend/.next/dev/cache/turbopack/v16.2.10/00003287.sst,OTHER,52,,0,False,False,False,False,🟡 DELETE = LOW RISK,ARCHIVE
3438,frontend/.next/dev/cache/turbopack/v16.2.10/00003288.meta,OTHER,674,,0,False,False,False,False,🟡 DELETE = LOW RISK,ARCHIVE
3439,frontend/.next/dev/cache/turbopack/v16.2.10/00003293.sst,OTHER,52,,0,False,False,False,False,🟡 DELETE = LOW RISK,ARCHIVE
3440,frontend/.next/dev/cache/turbopack/v16.2.10/00003294.meta,OTHER,674,,0,False,False,False,False,🟡 DELETE = LOW RISK,ARCHIVE
3441,frontend/.next/dev/cache/turbopack/v16.2.10/00003299.sst,OTHER,52,,0,False,False,False,False,🟡 DELETE = LOW RISK,ARCHIVE
3442,frontend/.next/dev/cache/turbopack/v16.2.10/00003300.sst,OTHER,69,,0,False,False,False,False,🟡 DELETE = LOW RISK,ARCHIVE
3443,frontend/.next/dev/cache/turbopack/v16.2.10/00003301.meta,OTHER,674,,0,False,False,False,False,🟡 DELETE = LOW RISK,ARCHIVE
3444,frontend/.next/dev/cache/turbopack/v16.2.10/00003304.meta,OTHER,674,,0,False,False,False,False,🟡 DELETE = LOW RISK,ARCHIVE
3445,frontend/.next/dev/cache/turbopack/v16.2.10/00003307.sst,OTHER,52,,0,False,False,False,False,🟡 DELETE = LOW RISK,ARCHIVE
3446,frontend/.next/dev/cache/turbopack/v16.2.10/00003308.meta,OTHER,674,,0,False,False,False,False,🟡 DELETE = LOW RISK,ARCHIVE
3447,frontend/.next/dev/cache/turbopack/v16.2.10/00003313.sst,OTHER,52,,0,False,False,False,False,🟡 DELETE = LOW RISK,ARCHIVE
3448,frontend/.next/dev/cache/turbopack/v16.2.10/00003314.meta,OTHER,674,,0,False,False,False,False,🟡 DELETE = LOW RISK,ARCHIVE
3449,frontend/.next/dev/cache/turbopack/v16.2.10/00003319.sst,OTHER,52,,0,False,False,False,False,🟡 DELETE = LOW RISK,ARCHIVE
3450,frontend/.next/dev/cache/turbopack/v16.2.10/00003320.meta,OTHER,674,,0,False,False,False,False,🟡 DELETE = LOW RISK,ARCHIVE
3451,frontend/.next/dev/cache/turbopack/v16.2.10/00003325.sst,OTHER,52,,0,False,False,False,False,🟡 DELETE = LOW RISK,ARCHIVE
3452,frontend/.next/dev/cache/turbopack/v16.2.10/00003326.meta,OTHER,674,,0,False,False,False,False,🟡 DELETE = LOW RISK,ARCHIVE
3453,frontend/.next/dev/cache/turbopack/v16.2.10/00003331.sst,OTHER,52,,0,False,False,False,False,🟡 DELETE = LOW RISK,ARCHIVE
3454,frontend/.next/dev/cache/turbopack/v16.2.10/00003332.meta,OTHER,674,,0,False,False,False,False,🟡 DELETE = LOW RISK,ARCHIVE
3455,frontend/.next/dev/cache/turbopack/v16.2.10/00003337.sst,OTHER,52,,0,False,False,False,False,🟡 DELETE = LOW RISK,ARCHIVE
3456,frontend/.next/dev/cache/turbopack/v16.2.10/00003338.meta,OTHER,674,,0,False,False,False,False,🟡 DELETE = LOW RISK,ARCHIVE
3457,frontend/.next/dev/cache/turbopack/v16.2.10/00003343.sst,OTHER,52,,0,False,False,False,False,🟡 DELETE = LOW RISK,ARCHIVE
3458,frontend/.next/dev/cache/turbopack/v16.2.10/00003344.sst,OTHER,45,,0,False,False,False,False,🟡 DELETE = LOW RISK,ARCHIVE
3459,frontend/.next/dev/cache/turbopack/v16.2.10/00003345.meta,OTHER,674,,0,False,False,False,False,🟡 DELETE = LOW RISK,ARCHIVE
3460,frontend/.next/dev/cache/turbopack/v16.2.10/00003348.meta,OTHER,3851,,0,False,False,False,False,🟡 DELETE = LOW RISK,ARCHIVE
3461,frontend/.next/dev/cache/turbopack/v16.2.10/00003351.sst,OTHER,52,,0,False,False,False,False,🟡 DELETE = LOW RISK,ARCHIVE
3462,frontend/.next/dev/cache/turbopack/v16.2.10/00003352.sst,OTHER,465,,0,False,False,False,False,🟡 DELETE = LOW RISK,ARCHIVE
3463,frontend/.next/dev/cache/turbopack/v16.2.10/00003353.meta,OTHER,674,,0,False,False,False,False,🟡 DELETE = LOW RISK,ARCHIVE
3464,frontend/.next/dev/cache/turbopack/v16.2.10/00003356.meta,OTHER,674,,0,False,False,False,False,🟡 DELETE = LOW RISK,ARCHIVE
3465,frontend/.next/dev/cache/turbopack/v16.2.10/00003359.sst,OTHER,52,,0,False,False,False,False,🟡 DELETE = LOW RISK,ARCHIVE
3466,frontend/.next/dev/cache/turbopack/v16.2.10/00003360.sst,OTHER,45,,0,False,False,False,False,🟡 DELETE = LOW RISK,ARCHIVE
3467,frontend/.next/dev/cache/turbopack/v16.2.10/00003361.meta,OTHER,674,,0,False,False,False,False,🟡 DELETE = LOW RISK,ARCHIVE
3468,frontend/.next/dev/cache/turbopack/v16.2.10/00003363.meta,OTHER,674,,0,False,False,False,False,🟡 DELETE = LOW RISK,ARCHIVE
3469,frontend/.next/dev/cache/turbopack/v16.2.10/00003367.sst,OTHER,52,,0,False,False,False,False,🟡 DELETE = LOW RISK,ARCHIVE
3470,frontend/.next/dev/cache/turbopack/v16.2.10/00003368.meta,OTHER,674,,0,False,False,False,False,🟡 DELETE = LOW RISK,ARCHIVE
3471,frontend/.next/dev/cache/turbopack/v16.2.10/00003373.sst,OTHER,52,,0,False,False,False,False,🟡 DELETE = LOW RISK,ARCHIVE
3472,frontend/.next/dev/cache/turbopack/v16.2.10/00003374.meta,OTHER,674,,0,False,False,False,False,🟡 DELETE = LOW RISK,ARCHIVE
3473,frontend/.next/dev/cache/turbopack/v16.2.10/00003379.sst,OTHER,52,,0,False,False,False,False,🟡 DELETE = LOW RISK,ARCHIVE
3474,frontend/.next/dev/cache/turbopack/v16.2.10/00003380.meta,OTHER,674,,0,False,False,False,False,🟡 DELETE = LOW RISK,ARCHIVE
3475,frontend/.next/dev/cache/turbopack/v16.2.10/00003385.sst,OTHER,52,,0,False,False,False,False,🟡 DELETE = LOW RISK,ARCHIVE
3476,frontend/.next/dev/cache/turbopack/v16.2.10/00003386.sst,OTHER,177,,0,False,False,False,False,🟡 DELETE = LOW RISK,ARCHIVE
3477,frontend/.next/dev/cache/turbopack/v16.2.10/00003387.meta,OTHER,674,,0,False,False,False,False,🟡 DELETE = LOW RISK,ARCHIVE
3478,frontend/.next/dev/cache/turbopack/v16.2.10/00003388.meta,OTHER,1139,,0,False,False,False,False,🟡 DELETE = LOW RISK,ARCHIVE
3479,frontend/.next/dev/cache/turbopack/v16.2.10/00003393.sst,OTHER,52,,0,False,False,False,False,🟡 DELETE = LOW RISK,ARCHIVE
3480,frontend/.next/dev/cache/turbopack/v16.2.10/00003394.meta,OTHER,674,,0,False,False,False,False,🟡 DELETE = LOW RISK,ARCHIVE
3481,frontend/.next/dev/cache/turbopack/v16.2.10/00003402.sst,OTHER,52,,0,False,False,False,False,🟡 DELETE = LOW RISK,ARCHIVE
3482,frontend/.next/dev/cache/turbopack/v16.2.10/00003403.sst,OTHER,232457,,0,False,False,False,False,🟡 DELETE = LOW RISK,ARCHIVE
3483,frontend/.next/dev/cache/turbopack/v16.2.10/00003404.meta,OTHER,674,,0,False,False,False,False,🟡 DELETE = LOW RISK,ARCHIVE
3484,frontend/.next/dev/cache/turbopack/v16.2.10/00003405.meta,OTHER,144254,,0,False,False,False,False,🟡 DELETE = LOW RISK,ARCHIVE
3485,frontend/.next/dev/cache/turbopack/v16.2.10/00003415.sst,OTHER,52,,0,False,False,False,False,🟡 DELETE = LOW RISK,ARCHIVE
3486,frontend/.next/dev/cache/turbopack/v16.2.10/00003416.sst,OTHER,3621,,0,False,False,False,False,🟡 DELETE = LOW RISK,ARCHIVE
3487,frontend/.next/dev/cache/turbopack/v16.2.10/00003417.meta,OTHER,674,,0,False,False,False,False,🟡 DELETE = LOW RISK,ARCHIVE
3488,frontend/.next/dev/cache/turbopack/v16.2.10/00003420.meta,OTHER,1189,,0,False,False,False,False,🟡 DELETE = LOW RISK,ARCHIVE
3489,frontend/.next/dev/cache/turbopack/v16.2.10/00003423.sst,OTHER,52,,0,False,False,False,False,🟡 DELETE = LOW RISK,ARCHIVE
3490,frontend/.next/dev/cache/turbopack/v16.2.10/00003424.meta,OTHER,674,,0,False,False,False,False,🟡 DELETE = LOW RISK,ARCHIVE
3491,frontend/.next/dev/cache/turbopack/v16.2.10/00003429.sst,OTHER,52,,0,False,False,False,False,🟡 DELETE = LOW RISK,ARCHIVE
3492,frontend/.next/dev/cache/turbopack/v16.2.10/00003430.meta,OTHER,674,,0,False,False,False,False,🟡 DELETE = LOW RISK,ARCHIVE
3493,frontend/.next/dev/cache/turbopack/v16.2.10/00003435.sst,OTHER,52,,0,False,False,False,False,🟡 DELETE = LOW RISK,ARCHIVE
3494,frontend/.next/dev/cache/turbopack/v16.2.10/00003436.sst,OTHER,2229,,0,False,False,False,False,🟡 DELETE = LOW RISK,ARCHIVE
3495,frontend/.next/dev/cache/turbopack/v16.2.10/00003437.meta,OTHER,674,,0,False,False,False,False,🟡 DELETE = LOW RISK,ARCHIVE
3496,frontend/.next/dev/cache/turbopack/v16.2.10/00003440.meta,OTHER,895,,0,False,False,False,False,🟡 DELETE = LOW RISK,ARCHIVE
3497,frontend/.next/dev/cache/turbopack/v16.2.10/00003443.sst,OTHER,52,,0,False,False,False,False,🟡 DELETE = LOW RISK,ARCHIVE
3498,frontend/.next/dev/cache/turbopack/v16.2.10/00003444.meta,OTHER,674,,0,False,False,False,False,🟡 DELETE = LOW RISK,ARCHIVE
3499,frontend/.next/dev/cache/turbopack/v16.2.10/00003449.sst,OTHER,52,,0,False,False,False,False,🟡 DELETE = LOW RISK,ARCHIVE
3500,frontend/.next/dev/cache/turbopack/v16.2.10/00003451.meta,OTHER,674,,0,False,False,False,False,🟡 DELETE = LOW RISK,ARCHIVE
3501,frontend/.next/dev/cache/turbopack/v16.2.10/00003455.sst,OTHER,52,,0,False,False,False,False,🟡 DELETE = LOW RISK,ARCHIVE
3502,frontend/.next/dev/cache/turbopack/v16.2.10/00003456.sst,OTHER,4845,,0,False,False,False,False,🟡 DELETE = LOW RISK,ARCHIVE
3503,frontend/.next/dev/cache/turbopack/v16.2.10/00003457.meta,OTHER,674,,0,False,False,False,False,🟡 DELETE = LOW RISK,ARCHIVE
3504,frontend/.next/dev/cache/turbopack/v16.2.10/00003460.meta,OTHER,1189,,0,False,False,False,False,🟡 DELETE = LOW RISK,ARCHIVE
3505,frontend/.next/dev/cache/turbopack/v16.2.10/00003463.sst,OTHER,52,,0,False,False,False,False,🟡 DELETE = LOW RISK,ARCHIVE
3506,frontend/.next/dev/cache/turbopack/v16.2.10/00003465.meta,OTHER,674,,0,False,False,False,False,🟡 DELETE = LOW RISK,ARCHIVE
3507,frontend/.next/dev/cache/turbopack/v16.2.10/00003469.sst,OTHER,52,,0,False,False,False,False,🟡 DELETE = LOW RISK,ARCHIVE
3508,frontend/.next/dev/cache/turbopack/v16.2.10/00003471.meta,OTHER,674,,0,False,False,False,False,🟡 DELETE = LOW RISK,ARCHIVE
3509,frontend/.next/dev/cache/turbopack/v16.2.10/00003475.sst,OTHER,52,,0,False,False,False,False,🟡 DELETE = LOW RISK,ARCHIVE
3510,frontend/.next/dev/cache/turbopack/v16.2.10/00003476.meta,OTHER,674,,0,False,False,False,False,🟡 DELETE = LOW RISK,ARCHIVE
3511,frontend/.next/dev/cache/turbopack/v16.2.10/00003481.sst,OTHER,52,,0,False,False,False,False,🟡 DELETE = LOW RISK,ARCHIVE
3512,frontend/.next/dev/cache/turbopack/v16.2.10/00003482.meta,OTHER,674,,0,False,False,False,False,🟡 DELETE = LOW RISK,ARCHIVE
3513,frontend/.next/dev/cache/turbopack/v16.2.10/00003487.sst,OTHER,52,,0,False,False,False,False,🟡 DELETE = LOW RISK,ARCHIVE
3514,frontend/.next/dev/cache/turbopack/v16.2.10/00003488.meta,OTHER,674,,0,False,False,False,False,🟡 DELETE = LOW RISK,ARCHIVE
3515,frontend/.next/dev/cache/turbopack/v16.2.10/00003493.sst,OTHER,52,,0,False,False,False,False,🟡 DELETE = LOW RISK,ARCHIVE
3516,frontend/.next/dev/cache/turbopack/v16.2.10/00003494.sst,OTHER,381,,0,False,False,False,False,🟡 DELETE = LOW RISK,ARCHIVE
3517,frontend/.next/dev/cache/turbopack/v16.2.10/00003495.meta,OTHER,674,,0,False,False,False,False,🟡 DELETE = LOW RISK,ARCHIVE
3518,frontend/.next/dev/cache/turbopack/v16.2.10/00003498.meta,OTHER,674,,0,False,False,False,False,🟡 DELETE = LOW RISK,ARCHIVE
3519,frontend/.next/dev/cache/turbopack/v16.2.10/00003506.sst,OTHER,52,,0,False,False,False,False,🟡 DELETE = LOW RISK,ARCHIVE
3520,frontend/.next/dev/cache/turbopack/v16.2.10/00003507.meta,OTHER,674,,0,False,False,False,False,🟡 DELETE = LOW RISK,ARCHIVE
3521,frontend/.next/dev/cache/turbopack/v16.2.10/00003516.sst,OTHER,52,,0,False,False,False,False,🟡 DELETE = LOW RISK,ARCHIVE
3522,frontend/.next/dev/cache/turbopack/v16.2.10/00003517.meta,OTHER,674,,0,False,False,False,False,🟡 DELETE = LOW RISK,ARCHIVE
3523,frontend/.next/dev/cache/turbopack/v16.2.10/00003522.sst,OTHER,52,,0,False,False,False,False,🟡 DELETE = LOW RISK,ARCHIVE
3524,frontend/.next/dev/cache/turbopack/v16.2.10/00003523.sst,OTHER,45,,0,False,False,False,False,🟡 DELETE = LOW RISK,ARCHIVE
3525,frontend/.next/dev/cache/turbopack/v16.2.10/00003524.meta,OTHER,674,,0,False,False,False,False,🟡 DELETE = LOW RISK,ARCHIVE
3526,frontend/.next/dev/cache/turbopack/v16.2.10/00003527.meta,OTHER,674,,0,False,False,False,False,🟡 DELETE = LOW RISK,ARCHIVE
3527,frontend/.next/dev/cache/turbopack/v16.2.10/00003530.sst,OTHER,52,,0,False,False,False,False,🟡 DELETE = LOW RISK,ARCHIVE
3528,frontend/.next/dev/cache/turbopack/v16.2.10/00003531.meta,OTHER,674,,0,False,False,False,False,🟡 DELETE = LOW RISK,ARCHIVE
3529,frontend/.next/dev/cache/turbopack/v16.2.10/00003536.sst,OTHER,52,,0,False,False,False,False,🟡 DELETE = LOW RISK,ARCHIVE
3530,frontend/.next/dev/cache/turbopack/v16.2.10/00003537.sst,OTHER,6105,,0,False,False,False,False,🟡 DELETE = LOW RISK,ARCHIVE
3531,frontend/.next/dev/cache/turbopack/v16.2.10/00003538.meta,OTHER,674,,0,False,False,False,False,🟡 DELETE = LOW RISK,ARCHIVE
3532,frontend/.next/dev/cache/turbopack/v16.2.10/00003541.meta,OTHER,1773,,0,False,False,False,False,🟡 DELETE = LOW RISK,ARCHIVE
3533,frontend/.next/dev/cache/turbopack/v16.2.10/00003544.sst,OTHER,52,,0,False,False,False,False,🟡 DELETE = LOW RISK,ARCHIVE
3534,frontend/.next/dev/cache/turbopack/v16.2.10/00003545.meta,OTHER,674,,0,False,False,False,False,🟡 DELETE = LOW RISK,ARCHIVE
3535,frontend/.next/dev/cache/turbopack/v16.2.10/00003550.sst,OTHER,52,,0,False,False,False,False,🟡 DELETE = LOW RISK,ARCHIVE
3536,frontend/.next/dev/cache/turbopack/v16.2.10/00003551.meta,OTHER,674,,0,False,False,False,False,🟡 DELETE = LOW RISK,ARCHIVE
3537,frontend/.next/dev/cache/turbopack/v16.2.10/00003556.sst,OTHER,52,,0,False,False,False,False,🟡 DELETE = LOW RISK,ARCHIVE
3538,frontend/.next/dev/cache/turbopack/v16.2.10/00003557.meta,OTHER,674,,0,False,False,False,False,🟡 DELETE = LOW RISK,ARCHIVE
3539,frontend/.next/dev/cache/turbopack/v16.2.10/00003562.sst,OTHER,52,,0,False,False,False,False,🟡 DELETE = LOW RISK,ARCHIVE
3540,frontend/.next/dev/cache/turbopack/v16.2.10/00003563.meta,OTHER,674,,0,False,False,False,False,🟡 DELETE = LOW RISK,ARCHIVE
3541,frontend/.next/dev/cache/turbopack/v16.2.10/00003568.sst,OTHER,52,,0,False,False,False,False,🟡 DELETE = LOW RISK,ARCHIVE
3542,frontend/.next/dev/cache/turbopack/v16.2.10/00003569.meta,OTHER,674,,0,False,False,False,False,🟡 DELETE = LOW RISK,ARCHIVE
3543,frontend/.next/dev/cache/turbopack/v16.2.10/00003574.sst,OTHER,52,,0,False,False,False,False,🟡 DELETE = LOW RISK,ARCHIVE
3544,frontend/.next/dev/cache/turbopack/v16.2.10/00003575.meta,OTHER,674,,0,False,False,False,False,🟡 DELETE = LOW RISK,ARCHIVE
3545,frontend/.next/dev/cache/turbopack/v16.2.10/00003580.sst,OTHER,52,,0,False,False,False,False,🟡 DELETE = LOW RISK,ARCHIVE
3546,frontend/.next/dev/cache/turbopack/v16.2.10/00003581.meta,OTHER,674,,0,False,False,False,False,🟡 DELETE = LOW RISK,ARCHIVE
3547,frontend/.next/dev/cache/turbopack/v16.2.10/00003586.sst,OTHER,52,,0,False,False,False,False,🟡 DELETE = LOW RISK,ARCHIVE
3548,frontend/.next/dev/cache/turbopack/v16.2.10/00003587.sst,OTHER,597,,0,False,False,False,False,🟡 DELETE = LOW RISK,ARCHIVE
3549,frontend/.next/dev/cache/turbopack/v16.2.10/00003588.meta,OTHER,674,,0,False,False,False,False,🟡 DELETE = LOW RISK,ARCHIVE
3550,frontend/.next/dev/cache/turbopack/v16.2.10/00003591.meta,OTHER,674,,0,False,False,False,False,🟡 DELETE = LOW RISK,ARCHIVE
3551,frontend/.next/dev/cache/turbopack/v16.2.10/00003594.sst,OTHER,52,,0,False,False,False,False,🟡 DELETE = LOW RISK,ARCHIVE
3552,frontend/.next/dev/cache/turbopack/v16.2.10/00003595.meta,OTHER,674,,0,False,False,False,False,🟡 DELETE = LOW RISK,ARCHIVE
3553,frontend/.next/dev/cache/turbopack/v16.2.10/00003599.sst,OTHER,93,,0,False,False,False,False,🟡 DELETE = LOW RISK,ARCHIVE
3554,frontend/.next/dev/cache/turbopack/v16.2.10/00003600.meta,OTHER,674,,0,False,False,False,False,🟡 DELETE = LOW RISK,ARCHIVE
3555,frontend/.next/dev/cache/turbopack/v16.2.10/00003604.sst,OTHER,52,,0,False,False,False,False,🟡 DELETE = LOW RISK,ARCHIVE
3556,frontend/.next/dev/cache/turbopack/v16.2.10/00003605.meta,OTHER,674,,0,False,False,False,False,🟡 DELETE = LOW RISK,ARCHIVE
3557,frontend/.next/dev/cache/turbopack/v16.2.10/00003610.sst,OTHER,52,,0,False,False,False,False,🟡 DELETE = LOW RISK,ARCHIVE
3558,frontend/.next/dev/cache/turbopack/v16.2.10/00003611.meta,OTHER,674,,0,False,False,False,False,🟡 DELETE = LOW RISK,ARCHIVE
3559,frontend/.next/dev/cache/turbopack/v16.2.10/00003616.sst,OTHER,52,,0,False,False,False,False,🟡 DELETE = LOW RISK,ARCHIVE
3560,frontend/.next/dev/cache/turbopack/v16.2.10/00003617.meta,OTHER,674,,0,False,False,False,False,🟡 DELETE = LOW RISK,ARCHIVE
3561,frontend/.next/dev/cache/turbopack/v16.2.10/00003622.sst,OTHER,52,,0,False,False,False,False,🟡 DELETE = LOW RISK,ARCHIVE
3562,frontend/.next/dev/cache/turbopack/v16.2.10/00003623.meta,OTHER,674,,0,False,False,False,False,🟡 DELETE = LOW RISK,ARCHIVE
3563,frontend/.next/dev/cache/turbopack/v16.2.10/00003628.sst,OTHER,52,,0,False,False,False,False,🟡 DELETE = LOW RISK,ARCHIVE
3564,frontend/.next/dev/cache/turbopack/v16.2.10/00003629.meta,OTHER,674,,0,False,False,False,False,🟡 DELETE = LOW RISK,ARCHIVE
3565,frontend/.next/dev/cache/turbopack/v16.2.10/00003634.sst,OTHER,52,,0,False,False,False,False,🟡 DELETE = LOW RISK,ARCHIVE
3566,frontend/.next/dev/cache/turbopack/v16.2.10/00003635.meta,OTHER,674,,0,False,False,False,False,🟡 DELETE = LOW RISK,ARCHIVE
3567,frontend/.next/dev/cache/turbopack/v16.2.10/00003640.sst,OTHER,52,,0,False,False,False,False,🟡 DELETE = LOW RISK,ARCHIVE
3568,frontend/.next/dev/cache/turbopack/v16.2.10/00003641.meta,OTHER,674,,0,False,False,False,False,🟡 DELETE = LOW RISK,ARCHIVE
3569,frontend/.next/dev/cache/turbopack/v16.2.10/00003646.sst,OTHER,52,,0,False,False,False,False,🟡 DELETE = LOW RISK,ARCHIVE
3570,frontend/.next/dev/cache/turbopack/v16.2.10/00003647.meta,OTHER,674,,0,False,False,False,False,🟡 DELETE = LOW RISK,ARCHIVE
3571,frontend/.next/dev/cache/turbopack/v16.2.10/00003652.sst,OTHER,52,,0,False,False,False,False,🟡 DELETE = LOW RISK,ARCHIVE
3572,frontend/.next/dev/cache/turbopack/v16.2.10/00003653.meta,OTHER,674,,0,False,False,False,False,🟡 DELETE = LOW RISK,ARCHIVE
3573,frontend/.next/dev/cache/turbopack/v16.2.10/00003658.sst,OTHER,52,,0,False,False,False,False,🟡 DELETE = LOW RISK,ARCHIVE
3574,frontend/.next/dev/cache/turbopack/v16.2.10/00003659.meta,OTHER,674,,0,False,False,False,False,🟡 DELETE = LOW RISK,ARCHIVE
3575,frontend/.next/dev/cache/turbopack/v16.2.10/00003664.sst,OTHER,52,,0,False,False,False,False,🟡 DELETE = LOW RISK,ARCHIVE
3576,frontend/.next/dev/cache/turbopack/v16.2.10/00003665.meta,OTHER,674,,0,False,False,False,False,🟡 DELETE = LOW RISK,ARCHIVE
3577,frontend/.next/dev/cache/turbopack/v16.2.10/00003670.sst,OTHER,52,,0,False,False,False,False,🟡 DELETE = LOW RISK,ARCHIVE
3578,frontend/.next/dev/cache/turbopack/v16.2.10/00003671.meta,OTHER,674,,0,False,False,False,False,🟡 DELETE = LOW RISK,ARCHIVE
3579,frontend/.next/dev/cache/turbopack/v16.2.10/00003676.sst,OTHER,52,,0,False,False,False,False,🟡 DELETE = LOW RISK,ARCHIVE
3580,frontend/.next/dev/cache/turbopack/v16.2.10/00003677.meta,OTHER,674,,0,False,False,False,False,🟡 DELETE = LOW RISK,ARCHIVE
3581,frontend/.next/dev/cache/turbopack/v16.2.10/00003682.sst,OTHER,52,,0,False,False,False,False,🟡 DELETE = LOW RISK,ARCHIVE
3582,frontend/.next/dev/cache/turbopack/v16.2.10/00003683.meta,OTHER,674,,0,False,False,False,False,🟡 DELETE = LOW RISK,ARCHIVE
3583,frontend/.next/dev/cache/turbopack/v16.2.10/00003688.sst,OTHER,52,,0,False,False,False,False,🟡 DELETE = LOW RISK,ARCHIVE
3584,frontend/.next/dev/cache/turbopack/v16.2.10/00003689.meta,OTHER,674,,0,False,False,False,False,🟡 DELETE = LOW RISK,ARCHIVE
3585,frontend/.next/dev/cache/turbopack/v16.2.10/00003694.sst,OTHER,52,,0,False,False,False,False,🟡 DELETE = LOW RISK,ARCHIVE
3586,frontend/.next/dev/cache/turbopack/v16.2.10/00003695.meta,OTHER,674,,0,False,False,False,False,🟡 DELETE = LOW RISK,ARCHIVE
3587,frontend/.next/dev/cache/turbopack/v16.2.10/00003700.sst,OTHER,52,,0,False,False,False,False,🟡 DELETE = LOW RISK,ARCHIVE
3588,frontend/.next/dev/cache/turbopack/v16.2.10/00003701.meta,OTHER,674,,0,False,False,False,False,🟡 DELETE = LOW RISK,ARCHIVE
3589,frontend/.next/dev/cache/turbopack/v16.2.10/00003706.sst,OTHER,52,,0,False,False,False,False,🟡 DELETE = LOW RISK,ARCHIVE
3590,frontend/.next/dev/cache/turbopack/v16.2.10/00003707.sst,OTHER,1521,,0,False,False,False,False,🟡 DELETE = LOW RISK,ARCHIVE
3591,frontend/.next/dev/cache/turbopack/v16.2.10/00003708.meta,OTHER,674,,0,False,False,False,False,🟡 DELETE = LOW RISK,ARCHIVE
3592,frontend/.next/dev/cache/turbopack/v16.2.10/00003711.meta,OTHER,14528,,0,False,False,False,False,🟡 DELETE = LOW RISK,ARCHIVE
3593,frontend/.next/dev/cache/turbopack/v16.2.10/00003714.sst,OTHER,52,,0,False,False,False,False,🟡 DELETE = LOW RISK,ARCHIVE
3594,frontend/.next/dev/cache/turbopack/v16.2.10/00003715.sst,OTHER,561,,0,False,False,False,False,🟡 DELETE = LOW RISK,ARCHIVE
3595,frontend/.next/dev/cache/turbopack/v16.2.10/00003716.meta,OTHER,674,,0,False,False,False,False,🟡 DELETE = LOW RISK,ARCHIVE
3596,frontend/.next/dev/cache/turbopack/v16.2.10/00003719.meta,OTHER,674,,0,False,False,False,False,🟡 DELETE = LOW RISK,ARCHIVE
3597,frontend/.next/dev/cache/turbopack/v16.2.10/00003722.sst,OTHER,52,,0,False,False,False,False,🟡 DELETE = LOW RISK,ARCHIVE
3598,frontend/.next/dev/cache/turbopack/v16.2.10/00003723.meta,OTHER,674,,0,False,False,False,False,🟡 DELETE = LOW RISK,ARCHIVE
3599,frontend/.next/dev/cache/turbopack/v16.2.10/00003728.sst,OTHER,52,,0,False,False,False,False,🟡 DELETE = LOW RISK,ARCHIVE
3600,frontend/.next/dev/cache/turbopack/v16.2.10/00003729.meta,OTHER,674,,0,False,False,False,False,🟡 DELETE = LOW RISK,ARCHIVE
3601,frontend/.next/dev/cache/turbopack/v16.2.10/00003734.sst,OTHER,52,,0,False,False,False,False,🟡 DELETE = LOW RISK,ARCHIVE
3602,frontend/.next/dev/cache/turbopack/v16.2.10/00003735.meta,OTHER,674,,0,False,False,False,False,🟡 DELETE = LOW RISK,ARCHIVE
3603,frontend/.next/dev/cache/turbopack/v16.2.10/00003740.sst,OTHER,52,,0,False,False,False,False,🟡 DELETE = LOW RISK,ARCHIVE
3604,frontend/.next/dev/cache/turbopack/v16.2.10/00003741.sst,OTHER,633,,0,False,False,False,False,🟡 DELETE = LOW RISK,ARCHIVE
3605,frontend/.next/dev/cache/turbopack/v16.2.10/00003742.meta,OTHER,674,,0,False,False,False,False,🟡 DELETE = LOW RISK,ARCHIVE
3606,frontend/.next/dev/cache/turbopack/v16.2.10/00003745.meta,OTHER,674,,0,False,False,False,False,🟡 DELETE = LOW RISK,ARCHIVE
3607,frontend/.next/dev/cache/turbopack/v16.2.10/00003748.sst,OTHER,52,,0,False,False,False,False,🟡 DELETE = LOW RISK,ARCHIVE
3608,frontend/.next/dev/cache/turbopack/v16.2.10/00003749.sst,OTHER,4437,,0,False,False,False,False,🟡 DELETE = LOW RISK,ARCHIVE
3609,frontend/.next/dev/cache/turbopack/v16.2.10/00003750.meta,OTHER,674,,0,False,False,False,False,🟡 DELETE = LOW RISK,ARCHIVE
3610,frontend/.next/dev/cache/turbopack/v16.2.10/00003752.meta,OTHER,7894,,0,False,False,False,False,🟡 DELETE = LOW RISK,ARCHIVE
3611,frontend/.next/dev/cache/turbopack/v16.2.10/00003756.sst,OTHER,52,,0,False,False,False,False,🟡 DELETE = LOW RISK,ARCHIVE
3612,frontend/.next/dev/cache/turbopack/v16.2.10/00003757.sst,OTHER,105,,0,False,False,False,False,🟡 DELETE = LOW RISK,ARCHIVE
3613,frontend/.next/dev/cache/turbopack/v16.2.10/00003758.meta,OTHER,674,,0,False,False,False,False,🟡 DELETE = LOW RISK,ARCHIVE
3614,frontend/.next/dev/cache/turbopack/v16.2.10/00003761.meta,OTHER,674,,0,False,False,False,False,🟡 DELETE = LOW RISK,ARCHIVE
3615,frontend/.next/dev/cache/turbopack/v16.2.10/00003769.sst,OTHER,6380,,0,False,False,False,False,🟡 DELETE = LOW RISK,ARCHIVE
3616,frontend/.next/dev/cache/turbopack/v16.2.10/00003770.meta,OTHER,674,,0,False,False,False,False,🟡 DELETE = LOW RISK,ARCHIVE
3617,frontend/.next/dev/cache/turbopack/v16.2.10/00003775.sst,OTHER,52,,0,False,False,False,False,🟡 DELETE = LOW RISK,ARCHIVE
3618,frontend/.next/dev/cache/turbopack/v16.2.10/00003776.meta,OTHER,674,,0,False,False,False,False,🟡 DELETE = LOW RISK,ARCHIVE
3619,frontend/.next/dev/cache/turbopack/v16.2.10/00003781.sst,OTHER,52,,0,False,False,False,False,🟡 DELETE = LOW RISK,ARCHIVE
3620,frontend/.next/dev/cache/turbopack/v16.2.10/00003782.sst,OTHER,45,,0,False,False,False,False,🟡 DELETE = LOW RISK,ARCHIVE
3621,frontend/.next/dev/cache/turbopack/v16.2.10/00003783.meta,OTHER,674,,0,False,False,False,False,🟡 DELETE = LOW RISK,ARCHIVE
3622,frontend/.next/dev/cache/turbopack/v16.2.10/00003786.meta,OTHER,674,,0,False,False,False,False,🟡 DELETE = LOW RISK,ARCHIVE
3623,frontend/.next/dev/cache/turbopack/v16.2.10/00003789.sst,OTHER,52,,0,False,False,False,False,🟡 DELETE = LOW RISK,ARCHIVE
3624,frontend/.next/dev/cache/turbopack/v16.2.10/00003790.meta,OTHER,674,,0,False,False,False,False,🟡 DELETE = LOW RISK,ARCHIVE
3625,frontend/.next/dev/cache/turbopack/v16.2.10/00003795.sst,OTHER,52,,0,False,False,False,False,🟡 DELETE = LOW RISK,ARCHIVE
3626,frontend/.next/dev/cache/turbopack/v16.2.10/00003796.meta,OTHER,674,,0,False,False,False,False,🟡 DELETE = LOW RISK,ARCHIVE
3627,frontend/.next/dev/cache/turbopack/v16.2.10/00003801.sst,OTHER,52,,0,False,False,False,False,🟡 DELETE = LOW RISK,ARCHIVE
3628,frontend/.next/dev/cache/turbopack/v16.2.10/00003802.meta,OTHER,674,,0,False,False,False,False,🟡 DELETE = LOW RISK,ARCHIVE
3629,frontend/.next/dev/cache/turbopack/v16.2.10/00003807.sst,OTHER,52,,0,False,False,False,False,🟡 DELETE = LOW RISK,ARCHIVE
3630,frontend/.next/dev/cache/turbopack/v16.2.10/00003808.meta,OTHER,674,,0,False,False,False,False,🟡 DELETE = LOW RISK,ARCHIVE
3631,frontend/.next/dev/cache/turbopack/v16.2.10/00003813.sst,OTHER,52,,0,False,False,False,False,🟡 DELETE = LOW RISK,ARCHIVE
3632,frontend/.next/dev/cache/turbopack/v16.2.10/00003814.meta,OTHER,674,,0,False,False,False,False,🟡 DELETE = LOW RISK,ARCHIVE
3633,frontend/.next/dev/cache/turbopack/v16.2.10/00003819.sst,OTHER,52,,0,False,False,False,False,🟡 DELETE = LOW RISK,ARCHIVE
3634,frontend/.next/dev/cache/turbopack/v16.2.10/00003820.meta,OTHER,674,,0,False,False,False,False,🟡 DELETE = LOW RISK,ARCHIVE
3635,frontend/.next/dev/cache/turbopack/v16.2.10/00003825.sst,OTHER,52,,0,False,False,False,False,🟡 DELETE = LOW RISK,ARCHIVE
3636,frontend/.next/dev/cache/turbopack/v16.2.10/00003826.sst,OTHER,633,,0,False,False,False,False,🟡 DELETE = LOW RISK,ARCHIVE
3637,frontend/.next/dev/cache/turbopack/v16.2.10/00003827.meta,OTHER,674,,0,False,False,False,False,🟡 DELETE = LOW RISK,ARCHIVE
3638,frontend/.next/dev/cache/turbopack/v16.2.10/00003830.meta,OTHER,674,,0,False,False,False,False,🟡 DELETE = LOW RISK,ARCHIVE
3639,frontend/.next/dev/cache/turbopack/v16.2.10/00003833.sst,OTHER,52,,0,False,False,False,False,🟡 DELETE = LOW RISK,ARCHIVE
3640,frontend/.next/dev/cache/turbopack/v16.2.10/00003834.meta,OTHER,674,,0,False,False,False,False,🟡 DELETE = LOW RISK,ARCHIVE
3641,frontend/.next/dev/cache/turbopack/v16.2.10/00003839.sst,OTHER,52,,0,False,False,False,False,🟡 DELETE = LOW RISK,ARCHIVE
3642,frontend/.next/dev/cache/turbopack/v16.2.10/00003840.meta,OTHER,674,,0,False,False,False,False,🟡 DELETE = LOW RISK,ARCHIVE
3643,frontend/.next/dev/cache/turbopack/v16.2.10/00003845.sst,OTHER,52,,0,False,False,False,False,🟡 DELETE = LOW RISK,ARCHIVE
3644,frontend/.next/dev/cache/turbopack/v16.2.10/00003846.sst,OTHER,945,,0,False,False,False,False,🟡 DELETE = LOW RISK,ARCHIVE
3645,frontend/.next/dev/cache/turbopack/v16.2.10/00003847.meta,OTHER,674,,0,False,False,False,False,🟡 DELETE = LOW RISK,ARCHIVE
3646,frontend/.next/dev/cache/turbopack/v16.2.10/00003848.meta,OTHER,747,,0,False,False,False,False,🟡 DELETE = LOW RISK,ARCHIVE
3647,frontend/.next/dev/cache/turbopack/v16.2.10/00003853.sst,OTHER,52,,0,False,False,False,False,🟡 DELETE = LOW RISK,ARCHIVE
3648,frontend/.next/dev/cache/turbopack/v16.2.10/00003854.meta,OTHER,674,,0,False,False,False,False,🟡 DELETE = LOW RISK,ARCHIVE
3649,frontend/.next/dev/cache/turbopack/v16.2.10/00003859.sst,OTHER,52,,0,False,False,False,False,🟡 DELETE = LOW RISK,ARCHIVE
3650,frontend/.next/dev/cache/turbopack/v16.2.10/00003860.meta,OTHER,674,,0,False,False,False,False,🟡 DELETE = LOW RISK,ARCHIVE
3651,frontend/.next/dev/cache/turbopack/v16.2.10/00003865.sst,OTHER,52,,0,False,False,False,False,🟡 DELETE = LOW RISK,ARCHIVE
3652,frontend/.next/dev/cache/turbopack/v16.2.10/00003866.meta,OTHER,674,,0,False,False,False,False,🟡 DELETE = LOW RISK,ARCHIVE
3653,frontend/.next/dev/cache/turbopack/v16.2.10/00003871.sst,OTHER,52,,0,False,False,False,False,🟡 DELETE = LOW RISK,ARCHIVE
3654,frontend/.next/dev/cache/turbopack/v16.2.10/00003872.meta,OTHER,674,,0,False,False,False,False,🟡 DELETE = LOW RISK,ARCHIVE
3655,frontend/.next/dev/cache/turbopack/v16.2.10/00003877.sst,OTHER,52,,0,False,False,False,False,🟡 DELETE = LOW RISK,ARCHIVE
3656,frontend/.next/dev/cache/turbopack/v16.2.10/00003878.sst,OTHER,105,,0,False,False,False,False,🟡 DELETE = LOW RISK,ARCHIVE
3657,frontend/.next/dev/cache/turbopack/v16.2.10/00003879.meta,OTHER,674,,0,False,False,False,False,🟡 DELETE = LOW RISK,ARCHIVE
3658,frontend/.next/dev/cache/turbopack/v16.2.10/00003881.meta,OTHER,674,,0,False,False,False,False,🟡 DELETE = LOW RISK,ARCHIVE
3659,frontend/.next/dev/cache/turbopack/v16.2.10/00003885.sst,OTHER,52,,0,False,False,False,False,🟡 DELETE = LOW RISK,ARCHIVE
3660,frontend/.next/dev/cache/turbopack/v16.2.10/00003886.sst,OTHER,633,,0,False,False,False,False,🟡 DELETE = LOW RISK,ARCHIVE
3661,frontend/.next/dev/cache/turbopack/v16.2.10/00003887.meta,OTHER,674,,0,False,False,False,False,🟡 DELETE = LOW RISK,ARCHIVE
3662,frontend/.next/dev/cache/turbopack/v16.2.10/00003888.meta,OTHER,674,,0,False,False,False,False,🟡 DELETE = LOW RISK,ARCHIVE
3663,frontend/.next/dev/cache/turbopack/v16.2.10/00003893.sst,OTHER,52,,0,False,False,False,False,🟡 DELETE = LOW RISK,ARCHIVE
3664,frontend/.next/dev/cache/turbopack/v16.2.10/00003894.sst,OTHER,1533,,0,False,False,False,False,🟡 DELETE = LOW RISK,ARCHIVE
3665,frontend/.next/dev/cache/turbopack/v16.2.10/00003895.meta,OTHER,674,,0,False,False,False,False,🟡 DELETE = LOW RISK,ARCHIVE
3666,frontend/.next/dev/cache/turbopack/v16.2.10/00003896.meta,OTHER,1360,,0,False,False,False,False,🟡 DELETE = LOW RISK,ARCHIVE
3667,frontend/.next/dev/cache/turbopack/v16.2.10/00003901.sst,OTHER,52,,0,False,False,False,False,🟡 DELETE = LOW RISK,ARCHIVE
3668,frontend/.next/dev/cache/turbopack/v16.2.10/00003902.meta,OTHER,674,,0,False,False,False,False,🟡 DELETE = LOW RISK,ARCHIVE
3669,frontend/.next/dev/cache/turbopack/v16.2.10/00003907.sst,OTHER,52,,0,False,False,False,False,🟡 DELETE = LOW RISK,ARCHIVE
3670,frontend/.next/dev/cache/turbopack/v16.2.10/00003908.meta,OTHER,674,,0,False,False,False,False,🟡 DELETE = LOW RISK,ARCHIVE
3671,frontend/.next/dev/cache/turbopack/v16.2.10/00003913.sst,OTHER,52,,0,False,False,False,False,🟡 DELETE = LOW RISK,ARCHIVE
3672,frontend/.next/dev/cache/turbopack/v16.2.10/00003914.meta,OTHER,674,,0,False,False,False,False,🟡 DELETE = LOW RISK,ARCHIVE
3673,frontend/.next/dev/cache/turbopack/v16.2.10/00003919.sst,OTHER,52,,0,False,False,False,False,🟡 DELETE = LOW RISK,ARCHIVE
3674,frontend/.next/dev/cache/turbopack/v16.2.10/00003920.meta,OTHER,674,,0,False,False,False,False,🟡 DELETE = LOW RISK,ARCHIVE
3675,frontend/.next/dev/cache/turbopack/v16.2.10/00003925.sst,OTHER,52,,0,False,False,False,False,🟡 DELETE = LOW RISK,ARCHIVE
3676,frontend/.next/dev/cache/turbopack/v16.2.10/00003926.meta,OTHER,674,,0,False,False,False,False,🟡 DELETE = LOW RISK,ARCHIVE
3677,frontend/.next/dev/cache/turbopack/v16.2.10/00003931.sst,OTHER,52,,0,False,False,False,False,🟡 DELETE = LOW RISK,ARCHIVE
3678,frontend/.next/dev/cache/turbopack/v16.2.10/00003932.meta,OTHER,674,,0,False,False,False,False,🟡 DELETE = LOW RISK,ARCHIVE
3679,frontend/.next/dev/cache/turbopack/v16.2.10/00003937.sst,OTHER,98,,0,False,False,False,False,🟡 DELETE = LOW RISK,ARCHIVE
3680,frontend/.next/dev/cache/turbopack/v16.2.10/00003938.meta,OTHER,674,,0,False,False,False,False,🟡 DELETE = LOW RISK,ARCHIVE
3681,frontend/.next/dev/cache/turbopack/v16.2.10/00003943.sst,OTHER,52,,0,False,False,False,False,🟡 DELETE = LOW RISK,ARCHIVE
3682,frontend/.next/dev/cache/turbopack/v16.2.10/00003944.meta,OTHER,674,,0,False,False,False,False,🟡 DELETE = LOW RISK,ARCHIVE
3683,frontend/.next/dev/cache/turbopack/v16.2.10/00003949.sst,OTHER,52,,0,False,False,False,False,🟡 DELETE = LOW RISK,ARCHIVE
3684,frontend/.next/dev/cache/turbopack/v16.2.10/00003950.meta,OTHER,674,,0,False,False,False,False,🟡 DELETE = LOW RISK,ARCHIVE
3685,frontend/.next/dev/cache/turbopack/v16.2.10/00003955.sst,OTHER,52,,0,False,False,False,False,🟡 DELETE = LOW RISK,ARCHIVE
3686,frontend/.next/dev/cache/turbopack/v16.2.10/00003956.meta,OTHER,674,,0,False,False,False,False,🟡 DELETE = LOW RISK,ARCHIVE
3687,frontend/.next/dev/cache/turbopack/v16.2.10/00003961.sst,OTHER,52,,0,False,False,False,False,🟡 DELETE = LOW RISK,ARCHIVE
3688,frontend/.next/dev/cache/turbopack/v16.2.10/00003962.meta,OTHER,674,,0,False,False,False,False,🟡 DELETE = LOW RISK,ARCHIVE
3689,frontend/.next/dev/cache/turbopack/v16.2.10/00003967.sst,OTHER,52,,0,False,False,False,False,🟡 DELETE = LOW RISK,ARCHIVE
3690,frontend/.next/dev/cache/turbopack/v16.2.10/00003968.meta,OTHER,674,,0,False,False,False,False,🟡 DELETE = LOW RISK,ARCHIVE
3691,frontend/.next/dev/cache/turbopack/v16.2.10/00003973.sst,OTHER,52,,0,False,False,False,False,🟡 DELETE = LOW RISK,ARCHIVE
3692,frontend/.next/dev/cache/turbopack/v16.2.10/00003974.meta,OTHER,674,,0,False,False,False,False,🟡 DELETE = LOW RISK,ARCHIVE
3693,frontend/.next/dev/cache/turbopack/v16.2.10/00003979.sst,OTHER,52,,0,False,False,False,False,🟡 DELETE = LOW RISK,ARCHIVE
3694,frontend/.next/dev/cache/turbopack/v16.2.10/00003980.meta,OTHER,674,,0,False,False,False,False,🟡 DELETE = LOW RISK,ARCHIVE
3695,frontend/.next/dev/cache/turbopack/v16.2.10/00003985.sst,OTHER,52,,0,False,False,False,False,🟡 DELETE = LOW RISK,ARCHIVE
3696,frontend/.next/dev/cache/turbopack/v16.2.10/00003986.meta,OTHER,674,,0,False,False,False,False,🟡 DELETE = LOW RISK,ARCHIVE
3697,frontend/.next/dev/cache/turbopack/v16.2.10/00003991.sst,OTHER,52,,0,False,False,False,False,🟡 DELETE = LOW RISK,ARCHIVE
3698,frontend/.next/dev/cache/turbopack/v16.2.10/00003992.meta,OTHER,674,,0,False,False,False,False,🟡 DELETE = LOW RISK,ARCHIVE
3699,frontend/.next/dev/cache/turbopack/v16.2.10/00003997.sst,OTHER,52,,0,False,False,False,False,🟡 DELETE = LOW RISK,ARCHIVE
3700,frontend/.next/dev/cache/turbopack/v16.2.10/00003998.meta,OTHER,674,,0,False,False,False,False,🟡 DELETE = LOW RISK,ARCHIVE
3701,frontend/.next/dev/cache/turbopack/v16.2.10/00004003.sst,OTHER,52,,0,False,False,False,False,🟡 DELETE = LOW RISK,ARCHIVE
3702,frontend/.next/dev/cache/turbopack/v16.2.10/00004004.meta,OTHER,674,,0,False,False,False,False,🟡 DELETE = LOW RISK,ARCHIVE
3703,frontend/.next/dev/cache/turbopack/v16.2.10/00004009.sst,OTHER,52,,0,False,False,False,False,🟡 DELETE = LOW RISK,ARCHIVE
3704,frontend/.next/dev/cache/turbopack/v16.2.10/00004010.meta,OTHER,674,,0,False,False,False,False,🟡 DELETE = LOW RISK,ARCHIVE
3705,frontend/.next/dev/cache/turbopack/v16.2.10/00004014.sst,OTHER,110,,0,False,False,False,False,🟡 DELETE = LOW RISK,ARCHIVE
3706,frontend/.next/dev/cache/turbopack/v16.2.10/00004015.meta,OTHER,674,,0,False,False,False,False,🟡 DELETE = LOW RISK,ARCHIVE
3707,frontend/.next/dev/cache/turbopack/v16.2.10/00004019.sst,OTHER,52,,0,False,False,False,False,🟡 DELETE = LOW RISK,ARCHIVE
3708,frontend/.next/dev/cache/turbopack/v16.2.10/00004020.meta,OTHER,674,,0,False,False,False,False,🟡 DELETE = LOW RISK,ARCHIVE
3709,frontend/.next/dev/cache/turbopack/v16.2.10/00004025.sst,OTHER,52,,0,False,False,False,False,🟡 DELETE = LOW RISK,ARCHIVE
3710,frontend/.next/dev/cache/turbopack/v16.2.10/00004026.sst,OTHER,405,,0,False,False,False,False,🟡 DELETE = LOW RISK,ARCHIVE
3711,frontend/.next/dev/cache/turbopack/v16.2.10/00004027.meta,OTHER,674,,0,False,False,False,False,🟡 DELETE = LOW RISK,ARCHIVE
3712,frontend/.next/dev/cache/turbopack/v16.2.10/00004030.meta,OTHER,674,,0,False,False,False,False,🟡 DELETE = LOW RISK,ARCHIVE
3713,frontend/.next/dev/cache/turbopack/v16.2.10/00004033.sst,OTHER,52,,0,False,False,False,False,🟡 DELETE = LOW RISK,ARCHIVE
3714,frontend/.next/dev/cache/turbopack/v16.2.10/00004034.sst,OTHER,57,,0,False,False,False,False,🟡 DELETE = LOW RISK,ARCHIVE
3715,frontend/.next/dev/cache/turbopack/v16.2.10/00004035.meta,OTHER,674,,0,False,False,False,False,🟡 DELETE = LOW RISK,ARCHIVE
3716,frontend/.next/dev/cache/turbopack/v16.2.10/00004038.meta,OTHER,674,,0,False,False,False,False,🟡 DELETE = LOW RISK,ARCHIVE
3717,frontend/.next/dev/cache/turbopack/v16.2.10/00004041.sst,OTHER,52,,0,False,False,False,False,🟡 DELETE = LOW RISK,ARCHIVE
3718,frontend/.next/dev/cache/turbopack/v16.2.10/00004042.meta,OTHER,674,,0,False,False,False,False,🟡 DELETE = LOW RISK,ARCHIVE
3719,frontend/.next/dev/cache/turbopack/v16.2.10/00004047.sst,OTHER,52,,0,False,False,False,False,🟡 DELETE = LOW RISK,ARCHIVE
3720,frontend/.next/dev/cache/turbopack/v16.2.10/00004048.meta,OTHER,674,,0,False,False,False,False,🟡 DELETE = LOW RISK,ARCHIVE
3721,frontend/.next/dev/cache/turbopack/v16.2.10/00004053.sst,OTHER,52,,0,False,False,False,False,🟡 DELETE = LOW RISK,ARCHIVE
3722,frontend/.next/dev/cache/turbopack/v16.2.10/00004054.sst,OTHER,93,,0,False,False,False,False,🟡 DELETE = LOW RISK,ARCHIVE
3723,frontend/.next/dev/cache/turbopack/v16.2.10/00004055.meta,OTHER,674,,0,False,False,False,False,🟡 DELETE = LOW RISK,ARCHIVE
3724,frontend/.next/dev/cache/turbopack/v16.2.10/00004058.meta,OTHER,674,,0,False,False,False,False,🟡 DELETE = LOW RISK,ARCHIVE
3725,frontend/.next/dev/cache/turbopack/v16.2.10/00004061.sst,OTHER,59,,0,False,False,False,False,🟡 DELETE = LOW RISK,ARCHIVE
3726,frontend/.next/dev/cache/turbopack/v16.2.10/00004062.meta,OTHER,674,,0,False,False,False,False,🟡 DELETE = LOW RISK,ARCHIVE
3727,frontend/.next/dev/cache/turbopack/v16.2.10/00004067.sst,OTHER,52,,0,False,False,False,False,🟡 DELETE = LOW RISK,ARCHIVE
3728,frontend/.next/dev/cache/turbopack/v16.2.10/00004068.meta,OTHER,674,,0,False,False,False,False,🟡 DELETE = LOW RISK,ARCHIVE
3729,frontend/.next/dev/cache/turbopack/v16.2.10/00004073.sst,OTHER,52,,0,False,False,False,False,🟡 DELETE = LOW RISK,ARCHIVE
3730,frontend/.next/dev/cache/turbopack/v16.2.10/00004074.meta,OTHER,674,,0,False,False,False,False,🟡 DELETE = LOW RISK,ARCHIVE
3731,frontend/.next/dev/cache/turbopack/v16.2.10/00004079.sst,OTHER,52,,0,False,False,False,False,🟡 DELETE = LOW RISK,ARCHIVE
3732,frontend/.next/dev/cache/turbopack/v16.2.10/00004080.meta,OTHER,674,,0,False,False,False,False,🟡 DELETE = LOW RISK,ARCHIVE
3733,frontend/.next/dev/cache/turbopack/v16.2.10/00004085.sst,OTHER,52,,0,False,False,False,False,🟡 DELETE = LOW RISK,ARCHIVE
3734,frontend/.next/dev/cache/turbopack/v16.2.10/00004086.sst,OTHER,69,,0,False,False,False,False,🟡 DELETE = LOW RISK,ARCHIVE
3735,frontend/.next/dev/cache/turbopack/v16.2.10/00004087.meta,OTHER,674,,0,False,False,False,False,🟡 DELETE = LOW RISK,ARCHIVE
3736,frontend/.next/dev/cache/turbopack/v16.2.10/00004090.meta,OTHER,674,,0,False,False,False,False,🟡 DELETE = LOW RISK,ARCHIVE
3737,frontend/.next/dev/cache/turbopack/v16.2.10/00004098.sst,OTHER,52,,0,False,False,False,False,🟡 DELETE = LOW RISK,ARCHIVE
3738,frontend/.next/dev/cache/turbopack/v16.2.10/00004099.sst,OTHER,2229,,0,False,False,False,False,🟡 DELETE = LOW RISK,ARCHIVE
3739,frontend/.next/dev/cache/turbopack/v16.2.10/00004100.meta,OTHER,674,,0,False,False,False,False,🟡 DELETE = LOW RISK,ARCHIVE
3740,frontend/.next/dev/cache/turbopack/v16.2.10/00004101.meta,OTHER,4072,,0,False,False,False,False,🟡 DELETE = LOW RISK,ARCHIVE
3741,frontend/.next/dev/cache/turbopack/v16.2.10/00004106.sst,OTHER,52,,0,False,False,False,False,🟡 DELETE = LOW RISK,ARCHIVE
3742,frontend/.next/dev/cache/turbopack/v16.2.10/00004107.meta,OTHER,674,,0,False,False,False,False,🟡 DELETE = LOW RISK,ARCHIVE
3743,frontend/.next/dev/cache/turbopack/v16.2.10/00004112.sst,OTHER,52,,0,False,False,False,False,🟡 DELETE = LOW RISK,ARCHIVE
3744,frontend/.next/dev/cache/turbopack/v16.2.10/00004113.meta,OTHER,674,,0,False,False,False,False,🟡 DELETE = LOW RISK,ARCHIVE
3745,frontend/.next/dev/cache/turbopack/v16.2.10/00004118.sst,OTHER,52,,0,False,False,False,False,🟡 DELETE = LOW RISK,ARCHIVE
3746,frontend/.next/dev/cache/turbopack/v16.2.10/00004121.meta,OTHER,674,,0,False,False,False,False,🟡 DELETE = LOW RISK,ARCHIVE
3747,frontend/.next/dev/cache/turbopack/v16.2.10/00004124.sst,OTHER,52,,0,False,False,False,False,🟡 DELETE = LOW RISK,ARCHIVE
3748,frontend/.next/dev/cache/turbopack/v16.2.10/00004125.sst,OTHER,105,,0,False,False,False,False,🟡 DELETE = LOW RISK,ARCHIVE
3749,frontend/.next/dev/cache/turbopack/v16.2.10/00004126.meta,OTHER,674,,0,False,False,False,False,🟡 DELETE = LOW RISK,ARCHIVE
3750,frontend/.next/dev/cache/turbopack/v16.2.10/00004129.meta,OTHER,674,,0,False,False,False,False,🟡 DELETE = LOW RISK,ARCHIVE
3751,frontend/.next/dev/cache/turbopack/v16.2.10/00004132.sst,OTHER,52,,0,False,False,False,False,🟡 DELETE = LOW RISK,ARCHIVE
3752,frontend/.next/dev/cache/turbopack/v16.2.10/00004133.meta,OTHER,674,,0,False,False,False,False,🟡 DELETE = LOW RISK,ARCHIVE
3753,frontend/.next/dev/cache/turbopack/v16.2.10/00004138.sst,OTHER,52,,0,False,False,False,False,🟡 DELETE = LOW RISK,ARCHIVE
3754,frontend/.next/dev/cache/turbopack/v16.2.10/00004139.meta,OTHER,674,,0,False,False,False,False,🟡 DELETE = LOW RISK,ARCHIVE
3755,frontend/.next/dev/cache/turbopack/v16.2.10/00004144.sst,OTHER,52,,0,False,False,False,False,🟡 DELETE = LOW RISK,ARCHIVE
3756,frontend/.next/dev/cache/turbopack/v16.2.10/00004145.sst,OTHER,261,,0,False,False,False,False,🟡 DELETE = LOW RISK,ARCHIVE
3757,frontend/.next/dev/cache/turbopack/v16.2.10/00004146.meta,OTHER,674,,0,False,False,False,False,🟡 DELETE = LOW RISK,ARCHIVE
3758,frontend/.next/dev/cache/turbopack/v16.2.10/00004149.meta,OTHER,674,,0,False,False,False,False,🟡 DELETE = LOW RISK,ARCHIVE
3759,frontend/.next/dev/cache/turbopack/v16.2.10/00004152.sst,OTHER,52,,0,False,False,False,False,🟡 DELETE = LOW RISK,ARCHIVE
3760,frontend/.next/dev/cache/turbopack/v16.2.10/00004153.sst,OTHER,57,,0,False,False,False,False,🟡 DELETE = LOW RISK,ARCHIVE
3761,frontend/.next/dev/cache/turbopack/v16.2.10/00004154.meta,OTHER,674,,0,False,False,False,False,🟡 DELETE = LOW RISK,ARCHIVE
3762,frontend/.next/dev/cache/turbopack/v16.2.10/00004156.meta,OTHER,674,,0,False,False,False,False,🟡 DELETE = LOW RISK,ARCHIVE
3763,frontend/.next/dev/cache/turbopack/v16.2.10/00004160.sst,OTHER,52,,0,False,False,False,False,🟡 DELETE = LOW RISK,ARCHIVE
3764,frontend/.next/dev/cache/turbopack/v16.2.10/00004161.meta,OTHER,674,,0,False,False,False,False,🟡 DELETE = LOW RISK,ARCHIVE
3765,frontend/.next/dev/cache/turbopack/v16.2.10/00004166.sst,OTHER,52,,0,False,False,False,False,🟡 DELETE = LOW RISK,ARCHIVE
3766,frontend/.next/dev/cache/turbopack/v16.2.10/00004167.meta,OTHER,674,,0,False,False,False,False,🟡 DELETE = LOW RISK,ARCHIVE
3767,frontend/.next/dev/cache/turbopack/v16.2.10/00004172.sst,OTHER,52,,0,False,False,False,False,🟡 DELETE = LOW RISK,ARCHIVE
3768,frontend/.next/dev/cache/turbopack/v16.2.10/00004173.meta,OTHER,674,,0,False,False,False,False,🟡 DELETE = LOW RISK,ARCHIVE
3769,frontend/.next/dev/cache/turbopack/v16.2.10/00004178.sst,OTHER,52,,0,False,False,False,False,🟡 DELETE = LOW RISK,ARCHIVE
3770,frontend/.next/dev/cache/turbopack/v16.2.10/00004179.meta,OTHER,674,,0,False,False,False,False,🟡 DELETE = LOW RISK,ARCHIVE
3771,frontend/.next/dev/cache/turbopack/v16.2.10/00004184.sst,OTHER,52,,0,False,False,False,False,🟡 DELETE = LOW RISK,ARCHIVE
3772,frontend/.next/dev/cache/turbopack/v16.2.10/00004185.meta,OTHER,674,,0,False,False,False,False,🟡 DELETE = LOW RISK,ARCHIVE
3773,frontend/.next/dev/cache/turbopack/v16.2.10/00004190.sst,OTHER,52,,0,False,False,False,False,🟡 DELETE = LOW RISK,ARCHIVE
3774,frontend/.next/dev/cache/turbopack/v16.2.10/00004191.meta,OTHER,674,,0,False,False,False,False,🟡 DELETE = LOW RISK,ARCHIVE
3775,frontend/.next/dev/cache/turbopack/v16.2.10/00004196.sst,OTHER,52,,0,False,False,False,False,🟡 DELETE = LOW RISK,ARCHIVE
3776,frontend/.next/dev/cache/turbopack/v16.2.10/00004197.meta,OTHER,674,,0,False,False,False,False,🟡 DELETE = LOW RISK,ARCHIVE
3777,frontend/.next/dev/cache/turbopack/v16.2.10/00004202.sst,OTHER,52,,0,False,False,False,False,🟡 DELETE = LOW RISK,ARCHIVE
3778,frontend/.next/dev/cache/turbopack/v16.2.10/00004204.meta,OTHER,674,,0,False,False,False,False,🟡 DELETE = LOW RISK,ARCHIVE
3779,frontend/.next/dev/cache/turbopack/v16.2.10/00004208.sst,OTHER,52,,0,False,False,False,False,🟡 DELETE = LOW RISK,ARCHIVE
3780,frontend/.next/dev/cache/turbopack/v16.2.10/00004209.meta,OTHER,674,,0,False,False,False,False,🟡 DELETE = LOW RISK,ARCHIVE
3781,frontend/.next/dev/cache/turbopack/v16.2.10/00004214.sst,OTHER,52,,0,False,False,False,False,🟡 DELETE = LOW RISK,ARCHIVE
3782,frontend/.next/dev/cache/turbopack/v16.2.10/00004215.meta,OTHER,674,,0,False,False,False,False,🟡 DELETE = LOW RISK,ARCHIVE
3783,frontend/.next/dev/cache/turbopack/v16.2.10/00004220.sst,OTHER,52,,0,False,False,False,False,🟡 DELETE = LOW RISK,ARCHIVE
3784,frontend/.next/dev/cache/turbopack/v16.2.10/00004221.sst,OTHER,69,,0,False,False,False,False,🟡 DELETE = LOW RISK,ARCHIVE
3785,frontend/.next/dev/cache/turbopack/v16.2.10/00004222.meta,OTHER,674,,0,False,False,False,False,🟡 DELETE = LOW RISK,ARCHIVE
3786,frontend/.next/dev/cache/turbopack/v16.2.10/00004225.meta,OTHER,3851,,0,False,False,False,False,🟡 DELETE = LOW RISK,ARCHIVE
3787,frontend/.next/dev/cache/turbopack/v16.2.10/00004228.sst,OTHER,52,,0,False,False,False,False,🟡 DELETE = LOW RISK,ARCHIVE
3788,frontend/.next/dev/cache/turbopack/v16.2.10/00004229.meta,OTHER,674,,0,False,False,False,False,🟡 DELETE = LOW RISK,ARCHIVE
3789,frontend/.next/dev/cache/turbopack/v16.2.10/00004234.sst,OTHER,52,,0,False,False,False,False,🟡 DELETE = LOW RISK,ARCHIVE
3790,frontend/.next/dev/cache/turbopack/v16.2.10/00004235.meta,OTHER,674,,0,False,False,False,False,🟡 DELETE = LOW RISK,ARCHIVE
3791,frontend/.next/dev/cache/turbopack/v16.2.10/00004240.sst,OTHER,52,,0,False,False,False,False,🟡 DELETE = LOW RISK,ARCHIVE
3792,frontend/.next/dev/cache/turbopack/v16.2.10/00004241.meta,OTHER,674,,0,False,False,False,False,🟡 DELETE = LOW RISK,ARCHIVE
3793,frontend/.next/dev/cache/turbopack/v16.2.10/00004246.sst,OTHER,52,,0,False,False,False,False,🟡 DELETE = LOW RISK,ARCHIVE
3794,frontend/.next/dev/cache/turbopack/v16.2.10/00004247.meta,OTHER,674,,0,False,False,False,False,🟡 DELETE = LOW RISK,ARCHIVE
3795,frontend/.next/dev/cache/turbopack/v16.2.10/00004252.sst,OTHER,52,,0,False,False,False,False,🟡 DELETE = LOW RISK,ARCHIVE
3796,frontend/.next/dev/cache/turbopack/v16.2.10/00004253.meta,OTHER,674,,0,False,False,False,False,🟡 DELETE = LOW RISK,ARCHIVE
3797,frontend/.next/dev/cache/turbopack/v16.2.10/00004258.sst,OTHER,52,,0,False,False,False,False,🟡 DELETE = LOW RISK,ARCHIVE
3798,frontend/.next/dev/cache/turbopack/v16.2.10/00004259.sst,OTHER,6033,,0,False,False,False,False,🟡 DELETE = LOW RISK,ARCHIVE
3799,frontend/.next/dev/cache/turbopack/v16.2.10/00004260.meta,OTHER,674,,0,False,False,False,False,🟡 DELETE = LOW RISK,ARCHIVE
3800,frontend/.next/dev/cache/turbopack/v16.2.10/00004261.meta,OTHER,29006,,0,False,False,False,False,🟡 DELETE = LOW RISK,ARCHIVE
3801,frontend/.next/dev/cache/turbopack/v16.2.10/00004266.sst,OTHER,52,,0,False,False,False,False,🟡 DELETE = LOW RISK,ARCHIVE
3802,frontend/.next/dev/cache/turbopack/v16.2.10/00004267.meta,OTHER,674,,0,False,False,False,False,🟡 DELETE = LOW RISK,ARCHIVE
3803,frontend/.next/dev/cache/turbopack/v16.2.10/00004272.sst,OTHER,52,,0,False,False,False,False,🟡 DELETE = LOW RISK,ARCHIVE
3804,frontend/.next/dev/cache/turbopack/v16.2.10/00004273.meta,OTHER,674,,0,False,False,False,False,🟡 DELETE = LOW RISK,ARCHIVE
3805,frontend/.next/dev/cache/turbopack/v16.2.10/00004278.sst,OTHER,52,,0,False,False,False,False,🟡 DELETE = LOW RISK,ARCHIVE
3806,frontend/.next/dev/cache/turbopack/v16.2.10/00004279.meta,OTHER,674,,0,False,False,False,False,🟡 DELETE = LOW RISK,ARCHIVE
3807,frontend/.next/dev/cache/turbopack/v16.2.10/00004284.sst,OTHER,52,,0,False,False,False,False,🟡 DELETE = LOW RISK,ARCHIVE
3808,frontend/.next/dev/cache/turbopack/v16.2.10/00004285.meta,OTHER,674,,0,False,False,False,False,🟡 DELETE = LOW RISK,ARCHIVE
3809,frontend/.next/dev/cache/turbopack/v16.2.10/00004290.sst,OTHER,52,,0,False,False,False,False,🟡 DELETE = LOW RISK,ARCHIVE
3810,frontend/.next/dev/cache/turbopack/v16.2.10/00004291.meta,OTHER,674,,0,False,False,False,False,🟡 DELETE = LOW RISK,ARCHIVE
3811,frontend/.next/dev/cache/turbopack/v16.2.10/00004296.sst,OTHER,52,,0,False,False,False,False,🟡 DELETE = LOW RISK,ARCHIVE
3812,frontend/.next/dev/cache/turbopack/v16.2.10/00004297.meta,OTHER,674,,0,False,False,False,False,🟡 DELETE = LOW RISK,ARCHIVE
3813,frontend/.next/dev/cache/turbopack/v16.2.10/00004302.sst,OTHER,52,,0,False,False,False,False,🟡 DELETE = LOW RISK,ARCHIVE
3814,frontend/.next/dev/cache/turbopack/v16.2.10/00004303.meta,OTHER,674,,0,False,False,False,False,🟡 DELETE = LOW RISK,ARCHIVE
3815,frontend/.next/dev/cache/turbopack/v16.2.10/00004308.sst,OTHER,52,,0,False,False,False,False,🟡 DELETE = LOW RISK,ARCHIVE
3816,frontend/.next/dev/cache/turbopack/v16.2.10/00004309.meta,OTHER,674,,0,False,False,False,False,🟡 DELETE = LOW RISK,ARCHIVE
3817,frontend/.next/dev/cache/turbopack/v16.2.10/00004314.sst,OTHER,52,,0,False,False,False,False,🟡 DELETE = LOW RISK,ARCHIVE
3818,frontend/.next/dev/cache/turbopack/v16.2.10/00004315.meta,OTHER,674,,0,False,False,False,False,🟡 DELETE = LOW RISK,ARCHIVE
3819,frontend/.next/dev/cache/turbopack/v16.2.10/00004320.sst,OTHER,52,,0,False,False,False,False,🟡 DELETE = LOW RISK,ARCHIVE
3820,frontend/.next/dev/cache/turbopack/v16.2.10/00004321.meta,OTHER,674,,0,False,False,False,False,🟡 DELETE = LOW RISK,ARCHIVE
3821,frontend/.next/dev/cache/turbopack/v16.2.10/00004328.del,OTHER,304,,0,False,False,False,False,🟡 DELETE = LOW RISK,ARCHIVE
3822,frontend/.next/dev/cache/turbopack/v16.2.10/00004331.sst,OTHER,52,,0,False,False,False,False,🟡 DELETE = LOW RISK,ARCHIVE
3823,frontend/.next/dev/cache/turbopack/v16.2.10/00004332.meta,OTHER,674,,0,False,False,False,False,🟡 DELETE = LOW RISK,ARCHIVE
3824,frontend/.next/dev/cache/turbopack/v16.2.10/00004337.sst,OTHER,52,,0,False,False,False,False,🟡 DELETE = LOW RISK,ARCHIVE
3825,frontend/.next/dev/cache/turbopack/v16.2.10/00004338.meta,OTHER,674,,0,False,False,False,False,🟡 DELETE = LOW RISK,ARCHIVE
3826,frontend/.next/dev/cache/turbopack/v16.2.10/00004343.sst,OTHER,52,,0,False,False,False,False,🟡 DELETE = LOW RISK,ARCHIVE
3827,frontend/.next/dev/cache/turbopack/v16.2.10/00004344.meta,OTHER,674,,0,False,False,False,False,🟡 DELETE = LOW RISK,ARCHIVE
3828,frontend/.next/dev/cache/turbopack/v16.2.10/00004349.sst,OTHER,52,,0,False,False,False,False,🟡 DELETE = LOW RISK,ARCHIVE
3829,frontend/.next/dev/cache/turbopack/v16.2.10/00004352.meta,OTHER,674,,0,False,False,False,False,🟡 DELETE = LOW RISK,ARCHIVE
3830,frontend/.next/dev/cache/turbopack/v16.2.10/00004355.sst,OTHER,52,,0,False,False,False,False,🟡 DELETE = LOW RISK,ARCHIVE
3831,frontend/.next/dev/cache/turbopack/v16.2.10/00004356.meta,OTHER,674,,0,False,False,False,False,🟡 DELETE = LOW RISK,ARCHIVE
3832,frontend/.next/dev/cache/turbopack/v16.2.10/00004361.sst,OTHER,52,,0,False,False,False,False,🟡 DELETE = LOW RISK,ARCHIVE
3833,frontend/.next/dev/cache/turbopack/v16.2.10/00004362.meta,OTHER,674,,0,False,False,False,False,🟡 DELETE = LOW RISK,ARCHIVE
3834,frontend/.next/dev/cache/turbopack/v16.2.10/00004367.sst,OTHER,52,,0,False,False,False,False,🟡 DELETE = LOW RISK,ARCHIVE
3835,frontend/.next/dev/cache/turbopack/v16.2.10/00004368.meta,OTHER,674,,0,False,False,False,False,🟡 DELETE = LOW RISK,ARCHIVE
3836,frontend/.next/dev/cache/turbopack/v16.2.10/00004373.sst,OTHER,52,,0,False,False,False,False,🟡 DELETE = LOW RISK,ARCHIVE
3837,frontend/.next/dev/cache/turbopack/v16.2.10/00004374.meta,OTHER,674,,0,False,False,False,False,🟡 DELETE = LOW RISK,ARCHIVE
3838,frontend/.next/dev/cache/turbopack/v16.2.10/00004379.sst,OTHER,52,,0,False,False,False,False,🟡 DELETE = LOW RISK,ARCHIVE
3839,frontend/.next/dev/cache/turbopack/v16.2.10/00004380.meta,OTHER,674,,0,False,False,False,False,🟡 DELETE = LOW RISK,ARCHIVE
3840,frontend/.next/dev/cache/turbopack/v16.2.10/00004385.sst,OTHER,52,,0,False,False,False,False,🟡 DELETE = LOW RISK,ARCHIVE
3841,frontend/.next/dev/cache/turbopack/v16.2.10/00004386.meta,OTHER,674,,0,False,False,False,False,🟡 DELETE = LOW RISK,ARCHIVE
3842,frontend/.next/dev/cache/turbopack/v16.2.10/00004391.sst,OTHER,52,,0,False,False,False,False,🟡 DELETE = LOW RISK,ARCHIVE
3843,frontend/.next/dev/cache/turbopack/v16.2.10/00004392.meta,OTHER,674,,0,False,False,False,False,🟡 DELETE = LOW RISK,ARCHIVE
3844,frontend/.next/dev/cache/turbopack/v16.2.10/00004397.sst,OTHER,52,,0,False,False,False,False,🟡 DELETE = LOW RISK,ARCHIVE
3845,frontend/.next/dev/cache/turbopack/v16.2.10/00004398.sst,OTHER,213,,0,False,False,False,False,🟡 DELETE = LOW RISK,ARCHIVE
3846,frontend/.next/dev/cache/turbopack/v16.2.10/00004399.meta,OTHER,674,,0,False,False,False,False,🟡 DELETE = LOW RISK,ARCHIVE
3847,frontend/.next/dev/cache/turbopack/v16.2.10/00004402.meta,OTHER,674,,0,False,False,False,False,🟡 DELETE = LOW RISK,ARCHIVE
3848,frontend/.next/dev/cache/turbopack/v16.2.10/00004405.sst,OTHER,52,,0,False,False,False,False,🟡 DELETE = LOW RISK,ARCHIVE
3849,frontend/.next/dev/cache/turbopack/v16.2.10/00004406.meta,OTHER,674,,0,False,False,False,False,🟡 DELETE = LOW RISK,ARCHIVE
3850,frontend/.next/dev/cache/turbopack/v16.2.10/00004411.sst,OTHER,52,,0,False,False,False,False,🟡 DELETE = LOW RISK,ARCHIVE
3851,frontend/.next/dev/cache/turbopack/v16.2.10/00004412.meta,OTHER,674,,0,False,False,False,False,🟡 DELETE = LOW RISK,ARCHIVE
3852,frontend/.next/dev/cache/turbopack/v16.2.10/00004417.sst,OTHER,52,,0,False,False,False,False,🟡 DELETE = LOW RISK,ARCHIVE
3853,frontend/.next/dev/cache/turbopack/v16.2.10/00004418.meta,OTHER,674,,0,False,False,False,False,🟡 DELETE = LOW RISK,ARCHIVE
3854,frontend/.next/dev/cache/turbopack/v16.2.10/00004423.sst,OTHER,52,,0,False,False,False,False,🟡 DELETE = LOW RISK,ARCHIVE
3855,frontend/.next/dev/cache/turbopack/v16.2.10/00004424.meta,OTHER,674,,0,False,False,False,False,🟡 DELETE = LOW RISK,ARCHIVE
3856,frontend/.next/dev/cache/turbopack/v16.2.10/00004429.sst,OTHER,52,,0,False,False,False,False,🟡 DELETE = LOW RISK,ARCHIVE
3857,frontend/.next/dev/cache/turbopack/v16.2.10/00004430.meta,OTHER,674,,0,False,False,False,False,🟡 DELETE = LOW RISK,ARCHIVE
3858,frontend/.next/dev/cache/turbopack/v16.2.10/00004435.sst,OTHER,52,,0,False,False,False,False,🟡 DELETE = LOW RISK,ARCHIVE
3859,frontend/.next/dev/cache/turbopack/v16.2.10/00004436.sst,OTHER,381,,0,False,False,False,False,🟡 DELETE = LOW RISK,ARCHIVE
3860,frontend/.next/dev/cache/turbopack/v16.2.10/00004437.meta,OTHER,674,,0,False,False,False,False,🟡 DELETE = LOW RISK,ARCHIVE
3861,frontend/.next/dev/cache/turbopack/v16.2.10/00004440.meta,OTHER,674,,0,False,False,False,False,🟡 DELETE = LOW RISK,ARCHIVE
3862,frontend/.next/dev/cache/turbopack/v16.2.10/00004443.sst,OTHER,52,,0,False,False,False,False,🟡 DELETE = LOW RISK,ARCHIVE
3863,frontend/.next/dev/cache/turbopack/v16.2.10/00004444.sst,OTHER,153,,0,False,False,False,False,🟡 DELETE = LOW RISK,ARCHIVE
3864,frontend/.next/dev/cache/turbopack/v16.2.10/00004445.meta,OTHER,674,,0,False,False,False,False,🟡 DELETE = LOW RISK,ARCHIVE
3865,frontend/.next/dev/cache/turbopack/v16.2.10/00004448.meta,OTHER,674,,0,False,False,False,False,🟡 DELETE = LOW RISK,ARCHIVE
3866,frontend/.next/dev/cache/turbopack/v16.2.10/00004451.sst,OTHER,52,,0,False,False,False,False,🟡 DELETE = LOW RISK,ARCHIVE
3867,frontend/.next/dev/cache/turbopack/v16.2.10/00004452.meta,OTHER,674,,0,False,False,False,False,🟡 DELETE = LOW RISK,ARCHIVE
3868,frontend/.next/dev/cache/turbopack/v16.2.10/00004457.sst,OTHER,52,,0,False,False,False,False,🟡 DELETE = LOW RISK,ARCHIVE
3869,frontend/.next/dev/cache/turbopack/v16.2.10/00004458.meta,OTHER,674,,0,False,False,False,False,🟡 DELETE = LOW RISK,ARCHIVE
3870,frontend/.next/dev/cache/turbopack/v16.2.10/00004463.sst,OTHER,52,,0,False,False,False,False,🟡 DELETE = LOW RISK,ARCHIVE
3871,frontend/.next/dev/cache/turbopack/v16.2.10/00004464.meta,OTHER,674,,0,False,False,False,False,🟡 DELETE = LOW RISK,ARCHIVE
3872,frontend/.next/dev/cache/turbopack/v16.2.10/00004469.sst,OTHER,52,,0,False,False,False,False,🟡 DELETE = LOW RISK,ARCHIVE
3873,frontend/.next/dev/cache/turbopack/v16.2.10/00004470.meta,OTHER,674,,0,False,False,False,False,🟡 DELETE = LOW RISK,ARCHIVE
3874,frontend/.next/dev/cache/turbopack/v16.2.10/00004475.sst,OTHER,52,,0,False,False,False,False,🟡 DELETE = LOW RISK,ARCHIVE
3875,frontend/.next/dev/cache/turbopack/v16.2.10/00004476.meta,OTHER,674,,0,False,False,False,False,🟡 DELETE = LOW RISK,ARCHIVE
3876,frontend/.next/dev/cache/turbopack/v16.2.10/00004481.sst,OTHER,52,,0,False,False,False,False,🟡 DELETE = LOW RISK,ARCHIVE
3877,frontend/.next/dev/cache/turbopack/v16.2.10/00004482.meta,OTHER,674,,0,False,False,False,False,🟡 DELETE = LOW RISK,ARCHIVE
3878,frontend/.next/dev/cache/turbopack/v16.2.10/00004487.sst,OTHER,52,,0,False,False,False,False,🟡 DELETE = LOW RISK,ARCHIVE
3879,frontend/.next/dev/cache/turbopack/v16.2.10/00004488.sst,OTHER,93,,0,False,False,False,False,🟡 DELETE = LOW RISK,ARCHIVE
3880,frontend/.next/dev/cache/turbopack/v16.2.10/00004489.meta,OTHER,674,,0,False,False,False,False,🟡 DELETE = LOW RISK,ARCHIVE
3881,frontend/.next/dev/cache/turbopack/v16.2.10/00004492.meta,OTHER,1139,,0,False,False,False,False,🟡 DELETE = LOW RISK,ARCHIVE
3882,frontend/.next/dev/cache/turbopack/v16.2.10/00004500.del,OTHER,736,,0,False,False,False,False,🟡 DELETE = LOW RISK,ARCHIVE
3883,frontend/.next/dev/cache/turbopack/v16.2.10/00004503.sst,OTHER,52,,0,False,False,False,False,🟡 DELETE = LOW RISK,ARCHIVE
3884,frontend/.next/dev/cache/turbopack/v16.2.10/00004504.meta,OTHER,674,,0,False,False,False,False,🟡 DELETE = LOW RISK,ARCHIVE
3885,frontend/.next/dev/cache/turbopack/v16.2.10/00004509.sst,OTHER,52,,0,False,False,False,False,🟡 DELETE = LOW RISK,ARCHIVE
3886,frontend/.next/dev/cache/turbopack/v16.2.10/00004510.meta,OTHER,674,,0,False,False,False,False,🟡 DELETE = LOW RISK,ARCHIVE
3887,frontend/.next/dev/cache/turbopack/v16.2.10/00004515.sst,OTHER,52,,0,False,False,False,False,🟡 DELETE = LOW RISK,ARCHIVE
3888,frontend/.next/dev/cache/turbopack/v16.2.10/00004516.meta,OTHER,674,,0,False,False,False,False,🟡 DELETE = LOW RISK,ARCHIVE
3889,frontend/.next/dev/cache/turbopack/v16.2.10/00004521.sst,OTHER,52,,0,False,False,False,False,🟡 DELETE = LOW RISK,ARCHIVE
3890,frontend/.next/dev/cache/turbopack/v16.2.10/00004522.meta,OTHER,674,,0,False,False,False,False,🟡 DELETE = LOW RISK,ARCHIVE
3891,frontend/.next/dev/cache/turbopack/v16.2.10/00004527.sst,OTHER,52,,0,False,False,False,False,🟡 DELETE = LOW RISK,ARCHIVE
3892,frontend/.next/dev/cache/turbopack/v16.2.10/00004528.meta,OTHER,674,,0,False,False,False,False,🟡 DELETE = LOW RISK,ARCHIVE
3893,frontend/.next/dev/cache/turbopack/v16.2.10/00004533.sst,OTHER,52,,0,False,False,False,False,🟡 DELETE = LOW RISK,ARCHIVE
3894,frontend/.next/dev/cache/turbopack/v16.2.10/00004534.meta,OTHER,674,,0,False,False,False,False,🟡 DELETE = LOW RISK,ARCHIVE
3895,frontend/.next/dev/cache/turbopack/v16.2.10/00004539.sst,OTHER,52,,0,False,False,False,False,🟡 DELETE = LOW RISK,ARCHIVE
3896,frontend/.next/dev/cache/turbopack/v16.2.10/00004540.meta,OTHER,674,,0,False,False,False,False,🟡 DELETE = LOW RISK,ARCHIVE
3897,frontend/.next/dev/cache/turbopack/v16.2.10/00004545.sst,OTHER,52,,0,False,False,False,False,🟡 DELETE = LOW RISK,ARCHIVE
3898,frontend/.next/dev/cache/turbopack/v16.2.10/00004546.meta,OTHER,674,,0,False,False,False,False,🟡 DELETE = LOW RISK,ARCHIVE
3899,frontend/.next/dev/cache/turbopack/v16.2.10/00004551.sst,OTHER,52,,0,False,False,False,False,🟡 DELETE = LOW RISK,ARCHIVE
3900,frontend/.next/dev/cache/turbopack/v16.2.10/00004552.meta,OTHER,674,,0,False,False,False,False,🟡 DELETE = LOW RISK,ARCHIVE
3901,frontend/.next/dev/cache/turbopack/v16.2.10/00004557.sst,OTHER,52,,0,False,False,False,False,🟡 DELETE = LOW RISK,ARCHIVE
3902,frontend/.next/dev/cache/turbopack/v16.2.10/00004558.meta,OTHER,674,,0,False,False,False,False,🟡 DELETE = LOW RISK,ARCHIVE
3903,frontend/.next/dev/cache/turbopack/v16.2.10/00004563.sst,OTHER,52,,0,False,False,False,False,🟡 DELETE = LOW RISK,ARCHIVE
3904,frontend/.next/dev/cache/turbopack/v16.2.10/00004564.meta,OTHER,674,,0,False,False,False,False,🟡 DELETE = LOW RISK,ARCHIVE
3905,frontend/.next/dev/cache/turbopack/v16.2.10/00004569.sst,OTHER,52,,0,False,False,False,False,🟡 DELETE = LOW RISK,ARCHIVE
3906,frontend/.next/dev/cache/turbopack/v16.2.10/00004570.meta,OTHER,674,,0,False,False,False,False,🟡 DELETE = LOW RISK,ARCHIVE
3907,frontend/.next/dev/cache/turbopack/v16.2.10/00004575.sst,OTHER,52,,0,False,False,False,False,🟡 DELETE = LOW RISK,ARCHIVE
3908,frontend/.next/dev/cache/turbopack/v16.2.10/00004576.meta,OTHER,674,,0,False,False,False,False,🟡 DELETE = LOW RISK,ARCHIVE
3909,frontend/.next/dev/cache/turbopack/v16.2.10/00004581.sst,OTHER,52,,0,False,False,False,False,🟡 DELETE = LOW RISK,ARCHIVE
3910,frontend/.next/dev/cache/turbopack/v16.2.10/00004582.meta,OTHER,674,,0,False,False,False,False,🟡 DELETE = LOW RISK,ARCHIVE
3911,frontend/.next/dev/cache/turbopack/v16.2.10/00004587.sst,OTHER,52,,0,False,False,False,False,🟡 DELETE = LOW RISK,ARCHIVE
3912,frontend/.next/dev/cache/turbopack/v16.2.10/00004588.sst,OTHER,3009,,0,False,False,False,False,🟡 DELETE = LOW RISK,ARCHIVE
3913,frontend/.next/dev/cache/turbopack/v16.2.10/00004589.meta,OTHER,674,,0,False,False,False,False,🟡 DELETE = LOW RISK,ARCHIVE
3914,frontend/.next/dev/cache/turbopack/v16.2.10/00004592.meta,OTHER,2566,,0,False,False,False,False,🟡 DELETE = LOW RISK,ARCHIVE
3915,frontend/.next/dev/cache/turbopack/v16.2.10/00004595.sst,OTHER,52,,0,False,False,False,False,🟡 DELETE = LOW RISK,ARCHIVE
3916,frontend/.next/dev/cache/turbopack/v16.2.10/00004596.meta,OTHER,674,,0,False,False,False,False,🟡 DELETE = LOW RISK,ARCHIVE
3917,frontend/.next/dev/cache/turbopack/v16.2.10/00004601.sst,OTHER,52,,0,False,False,False,False,🟡 DELETE = LOW RISK,ARCHIVE
3918,frontend/.next/dev/cache/turbopack/v16.2.10/00004602.meta,OTHER,674,,0,False,False,False,False,🟡 DELETE = LOW RISK,ARCHIVE
3919,frontend/.next/dev/cache/turbopack/v16.2.10/00004607.sst,OTHER,52,,0,False,False,False,False,🟡 DELETE = LOW RISK,ARCHIVE
3920,frontend/.next/dev/cache/turbopack/v16.2.10/00004608.meta,OTHER,674,,0,False,False,False,False,🟡 DELETE = LOW RISK,ARCHIVE
3921,frontend/.next/dev/cache/turbopack/v16.2.10/00004613.sst,OTHER,52,,0,False,False,False,False,🟡 DELETE = LOW RISK,ARCHIVE
3922,frontend/.next/dev/cache/turbopack/v16.2.10/00004614.meta,OTHER,674,,0,False,False,False,False,🟡 DELETE = LOW RISK,ARCHIVE
3923,frontend/.next/dev/cache/turbopack/v16.2.10/00004619.sst,OTHER,52,,0,False,False,False,False,🟡 DELETE = LOW RISK,ARCHIVE
3924,frontend/.next/dev/cache/turbopack/v16.2.10/00004620.meta,OTHER,674,,0,False,False,False,False,🟡 DELETE = LOW RISK,ARCHIVE
3925,frontend/.next/dev/cache/turbopack/v16.2.10/00004625.sst,OTHER,59,,0,False,False,False,False,🟡 DELETE = LOW RISK,ARCHIVE
3926,frontend/.next/dev/cache/turbopack/v16.2.10/00004626.meta,OTHER,674,,0,False,False,False,False,🟡 DELETE = LOW RISK,ARCHIVE
3927,frontend/.next/dev/cache/turbopack/v16.2.10/00004631.sst,OTHER,52,,0,False,False,False,False,🟡 DELETE = LOW RISK,ARCHIVE
3928,frontend/.next/dev/cache/turbopack/v16.2.10/00004632.meta,OTHER,674,,0,False,False,False,False,🟡 DELETE = LOW RISK,ARCHIVE
3929,frontend/.next/dev/cache/turbopack/v16.2.10/00004637.sst,OTHER,52,,0,False,False,False,False,🟡 DELETE = LOW RISK,ARCHIVE
3930,frontend/.next/dev/cache/turbopack/v16.2.10/00004638.sst,OTHER,8965,,0,False,False,False,False,🟡 DELETE = LOW RISK,ARCHIVE
3931,frontend/.next/dev/cache/turbopack/v16.2.10/00004639.meta,OTHER,674,,0,False,False,False,False,🟡 DELETE = LOW RISK,ARCHIVE
3932,frontend/.next/dev/cache/turbopack/v16.2.10/00004640.meta,OTHER,15406,,0,False,False,False,False,🟡 DELETE = LOW RISK,ARCHIVE
3933,frontend/.next/dev/cache/turbopack/v16.2.10/00004645.sst,OTHER,52,,0,False,False,False,False,🟡 DELETE = LOW RISK,ARCHIVE
3934,frontend/.next/dev/cache/turbopack/v16.2.10/00004647.meta,OTHER,674,,0,False,False,False,False,🟡 DELETE = LOW RISK,ARCHIVE
3935,frontend/.next/dev/cache/turbopack/v16.2.10/00004651.sst,OTHER,52,,0,False,False,False,False,🟡 DELETE = LOW RISK,ARCHIVE
3936,frontend/.next/dev/cache/turbopack/v16.2.10/00004652.meta,OTHER,674,,0,False,False,False,False,🟡 DELETE = LOW RISK,ARCHIVE
3937,frontend/.next/dev/cache/turbopack/v16.2.10/00004657.sst,OTHER,52,,0,False,False,False,False,🟡 DELETE = LOW RISK,ARCHIVE
3938,frontend/.next/dev/cache/turbopack/v16.2.10/00004658.meta,OTHER,674,,0,False,False,False,False,🟡 DELETE = LOW RISK,ARCHIVE
3939,frontend/.next/dev/cache/turbopack/v16.2.10/00004663.sst,OTHER,52,,0,False,False,False,False,🟡 DELETE = LOW RISK,ARCHIVE
3940,frontend/.next/dev/cache/turbopack/v16.2.10/00004664.meta,OTHER,674,,0,False,False,False,False,🟡 DELETE = LOW RISK,ARCHIVE
3941,frontend/.next/dev/cache/turbopack/v16.2.10/00004669.sst,OTHER,52,,0,False,False,False,False,🟡 DELETE = LOW RISK,ARCHIVE
3942,frontend/.next/dev/cache/turbopack/v16.2.10/00004670.meta,OTHER,674,,0,False,False,False,False,🟡 DELETE = LOW RISK,ARCHIVE
3943,frontend/.next/dev/cache/turbopack/v16.2.10/00004675.sst,OTHER,52,,0,False,False,False,False,🟡 DELETE = LOW RISK,ARCHIVE
3944,frontend/.next/dev/cache/turbopack/v16.2.10/00004676.meta,OTHER,674,,0,False,False,False,False,🟡 DELETE = LOW RISK,ARCHIVE
3945,frontend/.next/dev/cache/turbopack/v16.2.10/00004681.sst,OTHER,52,,0,False,False,False,False,🟡 DELETE = LOW RISK,ARCHIVE
3946,frontend/.next/dev/cache/turbopack/v16.2.10/00004682.meta,OTHER,674,,0,False,False,False,False,🟡 DELETE = LOW RISK,ARCHIVE
3947,frontend/.next/dev/cache/turbopack/v16.2.10/00004687.sst,OTHER,52,,0,False,False,False,False,🟡 DELETE = LOW RISK,ARCHIVE
3948,frontend/.next/dev/cache/turbopack/v16.2.10/00004688.meta,OTHER,674,,0,False,False,False,False,🟡 DELETE = LOW RISK,ARCHIVE
3949,frontend/.next/dev/cache/turbopack/v16.2.10/00004693.sst,OTHER,52,,0,False,False,False,False,🟡 DELETE = LOW RISK,ARCHIVE
3950,frontend/.next/dev/cache/turbopack/v16.2.10/00004694.meta,OTHER,674,,0,False,False,False,False,🟡 DELETE = LOW RISK,ARCHIVE
3951,frontend/.next/dev/cache/turbopack/v16.2.10/00004699.sst,OTHER,52,,0,False,False,False,False,🟡 DELETE = LOW RISK,ARCHIVE
3952,frontend/.next/dev/cache/turbopack/v16.2.10/00004700.meta,OTHER,674,,0,False,False,False,False,🟡 DELETE = LOW RISK,ARCHIVE
3953,frontend/.next/dev/cache/turbopack/v16.2.10/00004705.sst,OTHER,52,,0,False,False,False,False,🟡 DELETE = LOW RISK,ARCHIVE
3954,frontend/.next/dev/cache/turbopack/v16.2.10/00004706.meta,OTHER,674,,0,False,False,False,False,🟡 DELETE = LOW RISK,ARCHIVE
3955,frontend/.next/dev/cache/turbopack/v16.2.10/00004711.sst,OTHER,52,,0,False,False,False,False,🟡 DELETE = LOW RISK,ARCHIVE
3956,frontend/.next/dev/cache/turbopack/v16.2.10/00004712.meta,OTHER,674,,0,False,False,False,False,🟡 DELETE = LOW RISK,ARCHIVE
3957,frontend/.next/dev/cache/turbopack/v16.2.10/00004717.sst,OTHER,52,,0,False,False,False,False,🟡 DELETE = LOW RISK,ARCHIVE
3958,frontend/.next/dev/cache/turbopack/v16.2.10/00004718.meta,OTHER,674,,0,False,False,False,False,🟡 DELETE = LOW RISK,ARCHIVE
3959,frontend/.next/dev/cache/turbopack/v16.2.10/00004723.sst,OTHER,114,,0,False,False,False,False,🟡 DELETE = LOW RISK,ARCHIVE
3960,frontend/.next/dev/cache/turbopack/v16.2.10/00004725.meta,OTHER,674,,0,False,False,False,False,🟡 DELETE = LOW RISK,ARCHIVE
3961,frontend/.next/dev/cache/turbopack/v16.2.10/00004729.sst,OTHER,52,,0,False,False,False,False,🟡 DELETE = LOW RISK,ARCHIVE
3962,frontend/.next/dev/cache/turbopack/v16.2.10/00004730.meta,OTHER,674,,0,False,False,False,False,🟡 DELETE = LOW RISK,ARCHIVE
3963,frontend/.next/dev/cache/turbopack/v16.2.10/00004735.sst,OTHER,52,,0,False,False,False,False,🟡 DELETE = LOW RISK,ARCHIVE
3964,frontend/.next/dev/cache/turbopack/v16.2.10/00004736.meta,OTHER,674,,0,False,False,False,False,🟡 DELETE = LOW RISK,ARCHIVE
3965,frontend/.next/dev/cache/turbopack/v16.2.10/00004741.sst,OTHER,52,,0,False,False,False,False,🟡 DELETE = LOW RISK,ARCHIVE
3966,frontend/.next/dev/cache/turbopack/v16.2.10/00004742.meta,OTHER,674,,0,False,False,False,False,🟡 DELETE = LOW RISK,ARCHIVE
3967,frontend/.next/dev/cache/turbopack/v16.2.10/00004747.sst,OTHER,52,,0,False,False,False,False,🟡 DELETE = LOW RISK,ARCHIVE
3968,frontend/.next/dev/cache/turbopack/v16.2.10/00004748.meta,OTHER,674,,0,False,False,False,False,🟡 DELETE = LOW RISK,ARCHIVE
3969,frontend/.next/dev/cache/turbopack/v16.2.10/00004753.sst,OTHER,52,,0,False,False,False,False,🟡 DELETE = LOW RISK,ARCHIVE
3970,frontend/.next/dev/cache/turbopack/v16.2.10/00004754.meta,OTHER,674,,0,False,False,False,False,🟡 DELETE = LOW RISK,ARCHIVE
3971,frontend/.next/dev/cache/turbopack/v16.2.10/00004759.sst,OTHER,52,,0,False,False,False,False,🟡 DELETE = LOW RISK,ARCHIVE
3972,frontend/.next/dev/cache/turbopack/v16.2.10/00004760.sst,OTHER,45,,0,False,False,False,False,🟡 DELETE = LOW RISK,ARCHIVE
3973,frontend/.next/dev/cache/turbopack/v16.2.10/00004761.meta,OTHER,674,,0,False,False,False,False,🟡 DELETE = LOW RISK,ARCHIVE
3974,frontend/.next/dev/cache/turbopack/v16.2.10/00004764.meta,OTHER,674,,0,False,False,False,False,🟡 DELETE = LOW RISK,ARCHIVE
3975,frontend/.next/dev/cache/turbopack/v16.2.10/00004767.sst,OTHER,52,,0,False,False,False,False,🟡 DELETE = LOW RISK,ARCHIVE
3976,frontend/.next/dev/cache/turbopack/v16.2.10/00004768.sst,OTHER,57,,0,False,False,False,False,🟡 DELETE = LOW RISK,ARCHIVE
3977,frontend/.next/dev/cache/turbopack/v16.2.10/00004769.meta,OTHER,674,,0,False,False,False,False,🟡 DELETE = LOW RISK,ARCHIVE
3978,frontend/.next/dev/cache/turbopack/v16.2.10/00004771.meta,OTHER,674,,0,False,False,False,False,🟡 DELETE = LOW RISK,ARCHIVE
3979,frontend/.next/dev/cache/turbopack/v16.2.10/00004775.sst,OTHER,52,,0,False,False,False,False,🟡 DELETE = LOW RISK,ARCHIVE
3980,frontend/.next/dev/cache/turbopack/v16.2.10/00004776.sst,OTHER,4473,,0,False,False,False,False,🟡 DELETE = LOW RISK,ARCHIVE
3981,frontend/.next/dev/cache/turbopack/v16.2.10/00004777.meta,OTHER,674,,0,False,False,False,False,🟡 DELETE = LOW RISK,ARCHIVE
3982,frontend/.next/dev/cache/turbopack/v16.2.10/00004778.meta,OTHER,4366,,0,False,False,False,False,🟡 DELETE = LOW RISK,ARCHIVE
3983,frontend/.next/dev/cache/turbopack/v16.2.10/00004783.sst,OTHER,52,,0,False,False,False,False,🟡 DELETE = LOW RISK,ARCHIVE
3984,frontend/.next/dev/cache/turbopack/v16.2.10/00004784.meta,OTHER,674,,0,False,False,False,False,🟡 DELETE = LOW RISK,ARCHIVE
3985,frontend/.next/dev/cache/turbopack/v16.2.10/00004789.sst,OTHER,52,,0,False,False,False,False,🟡 DELETE = LOW RISK,ARCHIVE
3986,frontend/.next/dev/cache/turbopack/v16.2.10/00004790.sst,OTHER,7297,,0,False,False,False,False,🟡 DELETE = LOW RISK,ARCHIVE
3987,frontend/.next/dev/cache/turbopack/v16.2.10/00004791.meta,OTHER,674,,0,False,False,False,False,🟡 DELETE = LOW RISK,ARCHIVE
3988,frontend/.next/dev/cache/turbopack/v16.2.10/00004792.meta,OTHER,15406,,0,False,False,False,False,🟡 DELETE = LOW RISK,ARCHIVE
3989,frontend/.next/dev/cache/turbopack/v16.2.10/00004799.del,OTHER,392,,0,False,False,False,False,🟡 DELETE = LOW RISK,ARCHIVE
3990,frontend/.next/dev/cache/turbopack/v16.2.10/00004802.sst,OTHER,52,,0,False,False,False,False,🟡 DELETE = LOW RISK,ARCHIVE
3991,frontend/.next/dev/cache/turbopack/v16.2.10/00004803.meta,OTHER,674,,0,False,False,False,False,🟡 DELETE = LOW RISK,ARCHIVE
3992,frontend/.next/dev/cache/turbopack/v16.2.10/00004808.sst,OTHER,52,,0,False,False,False,False,🟡 DELETE = LOW RISK,ARCHIVE
3993,frontend/.next/dev/cache/turbopack/v16.2.10/00004809.meta,OTHER,674,,0,False,False,False,False,🟡 DELETE = LOW RISK,ARCHIVE
3994,frontend/.next/dev/cache/turbopack/v16.2.10/00004815.del,OTHER,508,,0,False,False,False,False,🟡 DELETE = LOW RISK,ARCHIVE
3995,frontend/.next/dev/cache/turbopack/v16.2.10/00004818.sst,OTHER,52,,0,False,False,False,False,🟡 DELETE = LOW RISK,ARCHIVE
3996,frontend/.next/dev/cache/turbopack/v16.2.10/00004819.meta,OTHER,674,,0,False,False,False,False,🟡 DELETE = LOW RISK,ARCHIVE
3997,frontend/.next/dev/cache/turbopack/v16.2.10/00004824.sst,OTHER,52,,0,False,False,False,False,🟡 DELETE = LOW RISK,ARCHIVE
3998,frontend/.next/dev/cache/turbopack/v16.2.10/00004825.meta,OTHER,674,,0,False,False,False,False,🟡 DELETE = LOW RISK,ARCHIVE
3999,frontend/.next/dev/cache/turbopack/v16.2.10/00004830.sst,OTHER,52,,0,False,False,False,False,🟡 DELETE = LOW RISK,ARCHIVE
4000,frontend/.next/dev/cache/turbopack/v16.2.10/00004831.meta,OTHER,674,,0,False,False,False,False,🟡 DELETE = LOW RISK,ARCHIVE
4001,frontend/.next/dev/cache/turbopack/v16.2.10/00004836.sst,OTHER,52,,0,False,False,False,False,🟡 DELETE = LOW RISK,ARCHIVE
4002,frontend/.next/dev/cache/turbopack/v16.2.10/00004837.sst,OTHER,381,,0,False,False,False,False,🟡 DELETE = LOW RISK,ARCHIVE
4003,frontend/.next/dev/cache/turbopack/v16.2.10/00004838.meta,OTHER,674,,0,False,False,False,False,🟡 DELETE = LOW RISK,ARCHIVE
4004,frontend/.next/dev/cache/turbopack/v16.2.10/00004841.meta,OTHER,1139,,0,False,False,False,False,🟡 DELETE = LOW RISK,ARCHIVE
4005,frontend/.next/dev/cache/turbopack/v16.2.10/00004844.sst,OTHER,52,,0,False,False,False,False,🟡 DELETE = LOW RISK,ARCHIVE
4006,frontend/.next/dev/cache/turbopack/v16.2.10/00004845.meta,OTHER,674,,0,False,False,False,False,🟡 DELETE = LOW RISK,ARCHIVE
4007,frontend/.next/dev/cache/turbopack/v16.2.10/00004850.sst,OTHER,52,,0,False,False,False,False,🟡 DELETE = LOW RISK,ARCHIVE
4008,frontend/.next/dev/cache/turbopack/v16.2.10/00004851.meta,OTHER,674,,0,False,False,False,False,🟡 DELETE = LOW RISK,ARCHIVE
4009,frontend/.next/dev/cache/turbopack/v16.2.10/00004856.sst,OTHER,52,,0,False,False,False,False,🟡 DELETE = LOW RISK,ARCHIVE
4010,frontend/.next/dev/cache/turbopack/v16.2.10/00004859.meta,OTHER,674,,0,False,False,False,False,🟡 DELETE = LOW RISK,ARCHIVE
4011,frontend/.next/dev/cache/turbopack/v16.2.10/00004862.sst,OTHER,52,,0,False,False,False,False,🟡 DELETE = LOW RISK,ARCHIVE
4012,frontend/.next/dev/cache/turbopack/v16.2.10/00004863.meta,OTHER,674,,0,False,False,False,False,🟡 DELETE = LOW RISK,ARCHIVE
4013,frontend/.next/dev/cache/turbopack/v16.2.10/00004868.sst,OTHER,52,,0,False,False,False,False,🟡 DELETE = LOW RISK,ARCHIVE
4014,frontend/.next/dev/cache/turbopack/v16.2.10/00004869.meta,OTHER,674,,0,False,False,False,False,🟡 DELETE = LOW RISK,ARCHIVE
4015,frontend/.next/dev/cache/turbopack/v16.2.10/00004874.sst,OTHER,52,,0,False,False,False,False,🟡 DELETE = LOW RISK,ARCHIVE
4016,frontend/.next/dev/cache/turbopack/v16.2.10/00004875.meta,OTHER,674,,0,False,False,False,False,🟡 DELETE = LOW RISK,ARCHIVE
4017,frontend/.next/dev/cache/turbopack/v16.2.10/00004880.sst,OTHER,52,,0,False,False,False,False,🟡 DELETE = LOW RISK,ARCHIVE
4018,frontend/.next/dev/cache/turbopack/v16.2.10/00004881.meta,OTHER,674,,0,False,False,False,False,🟡 DELETE = LOW RISK,ARCHIVE
4019,frontend/.next/dev/cache/turbopack/v16.2.10/00004886.sst,OTHER,52,,0,False,False,False,False,🟡 DELETE = LOW RISK,ARCHIVE
4020,frontend/.next/dev/cache/turbopack/v16.2.10/00004887.sst,OTHER,4293,,0,False,False,False,False,🟡 DELETE = LOW RISK,ARCHIVE
4021,frontend/.next/dev/cache/turbopack/v16.2.10/00004888.meta,OTHER,674,,0,False,False,False,False,🟡 DELETE = LOW RISK,ARCHIVE
4022,frontend/.next/dev/cache/turbopack/v16.2.10/00004890.meta,OTHER,1189,,0,False,False,False,False,🟡 DELETE = LOW RISK,ARCHIVE
4023,frontend/.next/dev/cache/turbopack/v16.2.10/00004894.sst,OTHER,52,,0,False,False,False,False,🟡 DELETE = LOW RISK,ARCHIVE
4024,frontend/.next/dev/cache/turbopack/v16.2.10/00004895.sst,OTHER,549,,0,False,False,False,False,🟡 DELETE = LOW RISK,ARCHIVE
4025,frontend/.next/dev/cache/turbopack/v16.2.10/00004896.meta,OTHER,674,,0,False,False,False,False,🟡 DELETE = LOW RISK,ARCHIVE
4026,frontend/.next/dev/cache/turbopack/v16.2.10/00004899.meta,OTHER,674,,0,False,False,False,False,🟡 DELETE = LOW RISK,ARCHIVE
4027,frontend/.next/dev/cache/turbopack/v16.2.10/00004902.sst,OTHER,52,,0,False,False,False,False,🟡 DELETE = LOW RISK,ARCHIVE
4028,frontend/.next/dev/cache/turbopack/v16.2.10/00004903.sst,OTHER,297,,0,False,False,False,False,🟡 DELETE = LOW RISK,ARCHIVE
4029,frontend/.next/dev/cache/turbopack/v16.2.10/00004904.meta,OTHER,674,,0,False,False,False,False,🟡 DELETE = LOW RISK,ARCHIVE
4030,frontend/.next/dev/cache/turbopack/v16.2.10/00004907.meta,OTHER,674,,0,False,False,False,False,🟡 DELETE = LOW RISK,ARCHIVE
4031,frontend/.next/dev/cache/turbopack/v16.2.10/00004910.sst,OTHER,52,,0,False,False,False,False,🟡 DELETE = LOW RISK,ARCHIVE
4032,frontend/.next/dev/cache/turbopack/v16.2.10/00004911.sst,OTHER,225,,0,False,False,False,False,🟡 DELETE = LOW RISK,ARCHIVE
4033,frontend/.next/dev/cache/turbopack/v16.2.10/00004912.meta,OTHER,674,,0,False,False,False,False,🟡 DELETE = LOW RISK,ARCHIVE
4034,frontend/.next/dev/cache/turbopack/v16.2.10/00004915.meta,OTHER,674,,0,False,False,False,False,🟡 DELETE = LOW RISK,ARCHIVE
4035,frontend/.next/dev/cache/turbopack/v16.2.10/00004918.sst,OTHER,52,,0,False,False,False,False,🟡 DELETE = LOW RISK,ARCHIVE
4036,frontend/.next/dev/cache/turbopack/v16.2.10/00004919.meta,OTHER,674,,0,False,False,False,False,🟡 DELETE = LOW RISK,ARCHIVE
4037,frontend/.next/dev/cache/turbopack/v16.2.10/00004924.sst,OTHER,52,,0,False,False,False,False,🟡 DELETE = LOW RISK,ARCHIVE
4038,frontend/.next/dev/cache/turbopack/v16.2.10/00004925.meta,OTHER,674,,0,False,False,False,False,🟡 DELETE = LOW RISK,ARCHIVE
4039,frontend/.next/dev/cache/turbopack/v16.2.10/00004930.sst,OTHER,52,,0,False,False,False,False,🟡 DELETE = LOW RISK,ARCHIVE
4040,frontend/.next/dev/cache/turbopack/v16.2.10/00004931.sst,OTHER,2589,,0,False,False,False,False,🟡 DELETE = LOW RISK,ARCHIVE
4041,frontend/.next/dev/cache/turbopack/v16.2.10/00004932.meta,OTHER,674,,0,False,False,False,False,🟡 DELETE = LOW RISK,ARCHIVE
4042,frontend/.next/dev/cache/turbopack/v16.2.10/00004933.meta,OTHER,4072,,0,False,False,False,False,🟡 DELETE = LOW RISK,ARCHIVE
4043,frontend/.next/dev/cache/turbopack/v16.2.10/00004939.del,OTHER,508,,0,False,False,False,False,🟡 DELETE = LOW RISK,ARCHIVE
4044,frontend/.next/dev/cache/turbopack/v16.2.10/00004942.sst,OTHER,52,,0,False,False,False,False,🟡 DELETE = LOW RISK,ARCHIVE
4045,frontend/.next/dev/cache/turbopack/v16.2.10/00004943.sst,OTHER,2613,,0,False,False,False,False,🟡 DELETE = LOW RISK,ARCHIVE
4046,frontend/.next/dev/cache/turbopack/v16.2.10/00004944.meta,OTHER,674,,0,False,False,False,False,🟡 DELETE = LOW RISK,ARCHIVE
4047,frontend/.next/dev/cache/turbopack/v16.2.10/00004946.meta,OTHER,7600,,0,False,False,False,False,🟡 DELETE = LOW RISK,ARCHIVE
4048,frontend/.next/dev/cache/turbopack/v16.2.10/00004952.del,OTHER,184,,0,False,False,False,False,🟡 DELETE = LOW RISK,ARCHIVE
4049,frontend/.next/dev/cache/turbopack/v16.2.10/00004955.sst,OTHER,52,,0,False,False,False,False,🟡 DELETE = LOW RISK,ARCHIVE
4050,frontend/.next/dev/cache/turbopack/v16.2.10/00004956.meta,OTHER,674,,0,False,False,False,False,🟡 DELETE = LOW RISK,ARCHIVE
4051,frontend/.next/dev/cache/turbopack/v16.2.10/00004961.sst,OTHER,52,,0,False,False,False,False,🟡 DELETE = LOW RISK,ARCHIVE
4052,frontend/.next/dev/cache/turbopack/v16.2.10/00004962.meta,OTHER,674,,0,False,False,False,False,🟡 DELETE = LOW RISK,ARCHIVE
4053,frontend/.next/dev/cache/turbopack/v16.2.10/00004967.sst,OTHER,52,,0,False,False,False,False,🟡 DELETE = LOW RISK,ARCHIVE
4054,frontend/.next/dev/cache/turbopack/v16.2.10/00004968.sst,OTHER,2085,,0,False,False,False,False,🟡 DELETE = LOW RISK,ARCHIVE
4055,frontend/.next/dev/cache/turbopack/v16.2.10/00004969.meta,OTHER,674,,0,False,False,False,False,🟡 DELETE = LOW RISK,ARCHIVE
4056,frontend/.next/dev/cache/turbopack/v16.2.10/00004972.meta,OTHER,895,,0,False,False,False,False,🟡 DELETE = LOW RISK,ARCHIVE
4057,frontend/.next/dev/cache/turbopack/v16.2.10/00004975.sst,OTHER,52,,0,False,False,False,False,🟡 DELETE = LOW RISK,ARCHIVE
4058,frontend/.next/dev/cache/turbopack/v16.2.10/00004976.meta,OTHER,674,,0,False,False,False,False,🟡 DELETE = LOW RISK,ARCHIVE
4059,frontend/.next/dev/cache/turbopack/v16.2.10/00004981.sst,OTHER,52,,0,False,False,False,False,🟡 DELETE = LOW RISK,ARCHIVE
4060,frontend/.next/dev/cache/turbopack/v16.2.10/00004982.meta,OTHER,674,,0,False,False,False,False,🟡 DELETE = LOW RISK,ARCHIVE
4061,frontend/.next/dev/cache/turbopack/v16.2.10/00004987.sst,OTHER,52,,0,False,False,False,False,🟡 DELETE = LOW RISK,ARCHIVE
4062,frontend/.next/dev/cache/turbopack/v16.2.10/00004988.meta,OTHER,674,,0,False,False,False,False,🟡 DELETE = LOW RISK,ARCHIVE
4063,frontend/.next/dev/cache/turbopack/v16.2.10/00004993.sst,OTHER,52,,0,False,False,False,False,🟡 DELETE = LOW RISK,ARCHIVE
4064,frontend/.next/dev/cache/turbopack/v16.2.10/00004994.meta,OTHER,674,,0,False,False,False,False,🟡 DELETE = LOW RISK,ARCHIVE
4065,frontend/.next/dev/cache/turbopack/v16.2.10/00004999.sst,OTHER,52,,0,False,False,False,False,🟡 DELETE = LOW RISK,ARCHIVE
4066,frontend/.next/dev/cache/turbopack/v16.2.10/00005000.meta,OTHER,674,,0,False,False,False,False,🟡 DELETE = LOW RISK,ARCHIVE
4067,frontend/.next/dev/cache/turbopack/v16.2.10/00005005.sst,OTHER,52,,0,False,False,False,False,🟡 DELETE = LOW RISK,ARCHIVE
4068,frontend/.next/dev/cache/turbopack/v16.2.10/00005006.sst,OTHER,81,,0,False,False,False,False,🟡 DELETE = LOW RISK,ARCHIVE
4069,frontend/.next/dev/cache/turbopack/v16.2.10/00005007.meta,OTHER,674,,0,False,False,False,False,🟡 DELETE = LOW RISK,ARCHIVE
4070,frontend/.next/dev/cache/turbopack/v16.2.10/00005010.meta,OTHER,674,,0,False,False,False,False,🟡 DELETE = LOW RISK,ARCHIVE
4071,frontend/.next/dev/cache/turbopack/v16.2.10/00005013.sst,OTHER,52,,0,False,False,False,False,🟡 DELETE = LOW RISK,ARCHIVE
4072,frontend/.next/dev/cache/turbopack/v16.2.10/00005014.sst,OTHER,45,,0,False,False,False,False,🟡 DELETE = LOW RISK,ARCHIVE
4073,frontend/.next/dev/cache/turbopack/v16.2.10/00005015.meta,OTHER,674,,0,False,False,False,False,🟡 DELETE = LOW RISK,ARCHIVE
4074,frontend/.next/dev/cache/turbopack/v16.2.10/00005018.meta,OTHER,674,,0,False,False,False,False,🟡 DELETE = LOW RISK,ARCHIVE
4075,frontend/.next/dev/cache/turbopack/v16.2.10/00005021.sst,OTHER,52,,0,False,False,False,False,🟡 DELETE = LOW RISK,ARCHIVE
4076,frontend/.next/dev/cache/turbopack/v16.2.10/00005022.sst,OTHER,45,,0,False,False,False,False,🟡 DELETE = LOW RISK,ARCHIVE
4077,frontend/.next/dev/cache/turbopack/v16.2.10/00005023.meta,OTHER,674,,0,False,False,False,False,🟡 DELETE = LOW RISK,ARCHIVE
4078,frontend/.next/dev/cache/turbopack/v16.2.10/00005026.meta,OTHER,674,,0,False,False,False,False,🟡 DELETE = LOW RISK,ARCHIVE
4079,frontend/.next/dev/cache/turbopack/v16.2.10/00005029.sst,OTHER,52,,0,False,False,False,False,🟡 DELETE = LOW RISK,ARCHIVE
4080,frontend/.next/dev/cache/turbopack/v16.2.10/00005030.sst,OTHER,45,,0,False,False,False,False,🟡 DELETE = LOW RISK,ARCHIVE
4081,frontend/.next/dev/cache/turbopack/v16.2.10/00005031.meta,OTHER,674,,0,False,False,False,False,🟡 DELETE = LOW RISK,ARCHIVE
4082,frontend/.next/dev/cache/turbopack/v16.2.10/00005034.meta,OTHER,674,,0,False,False,False,False,🟡 DELETE = LOW RISK,ARCHIVE
4083,frontend/.next/dev/cache/turbopack/v16.2.10/00005037.sst,OTHER,52,,0,False,False,False,False,🟡 DELETE = LOW RISK,ARCHIVE
4084,frontend/.next/dev/cache/turbopack/v16.2.10/00005038.sst,OTHER,45,,0,False,False,False,False,🟡 DELETE = LOW RISK,ARCHIVE
4085,frontend/.next/dev/cache/turbopack/v16.2.10/00005039.meta,OTHER,674,,0,False,False,False,False,🟡 DELETE = LOW RISK,ARCHIVE
4086,frontend/.next/dev/cache/turbopack/v16.2.10/00005042.meta,OTHER,674,,0,False,False,False,False,🟡 DELETE = LOW RISK,ARCHIVE
4087,frontend/.next/dev/cache/turbopack/v16.2.10/00005045.sst,OTHER,52,,0,False,False,False,False,🟡 DELETE = LOW RISK,ARCHIVE
4088,frontend/.next/dev/cache/turbopack/v16.2.10/00005046.sst,OTHER,45,,0,False,False,False,False,🟡 DELETE = LOW RISK,ARCHIVE
4089,frontend/.next/dev/cache/turbopack/v16.2.10/00005047.meta,OTHER,674,,0,False,False,False,False,🟡 DELETE = LOW RISK,ARCHIVE
4090,frontend/.next/dev/cache/turbopack/v16.2.10/00005050.meta,OTHER,674,,0,False,False,False,False,🟡 DELETE = LOW RISK,ARCHIVE
4091,frontend/.next/dev/cache/turbopack/v16.2.10/00005054.del,OTHER,504,,0,False,False,False,False,🟡 DELETE = LOW RISK,ARCHIVE
4092,frontend/.next/dev/cache/turbopack/v16.2.10/00005057.sst,OTHER,52,,0,False,False,False,False,🟡 DELETE = LOW RISK,ARCHIVE
4093,frontend/.next/dev/cache/turbopack/v16.2.10/00005058.sst,OTHER,45,,0,False,False,False,False,🟡 DELETE = LOW RISK,ARCHIVE
4094,frontend/.next/dev/cache/turbopack/v16.2.10/00005059.meta,OTHER,674,,0,False,False,False,False,🟡 DELETE = LOW RISK,ARCHIVE
4095,frontend/.next/dev/cache/turbopack/v16.2.10/00005062.meta,OTHER,674,,0,False,False,False,False,🟡 DELETE = LOW RISK,ARCHIVE
4096,frontend/.next/dev/cache/turbopack/v16.2.10/00005065.sst,OTHER,52,,0,False,False,False,False,🟡 DELETE = LOW RISK,ARCHIVE
4097,frontend/.next/dev/cache/turbopack/v16.2.10/00005066.sst,OTHER,45,,0,False,False,False,False,🟡 DELETE = LOW RISK,ARCHIVE
4098,frontend/.next/dev/cache/turbopack/v16.2.10/00005067.meta,OTHER,674,,0,False,False,False,False,🟡 DELETE = LOW RISK,ARCHIVE
4099,frontend/.next/dev/cache/turbopack/v16.2.10/00005070.meta,OTHER,674,,0,False,False,False,False,🟡 DELETE = LOW RISK,ARCHIVE
4100,frontend/.next/dev/cache/turbopack/v16.2.10/00005073.sst,OTHER,52,,0,False,False,False,False,🟡 DELETE = LOW RISK,ARCHIVE
4101,frontend/.next/dev/cache/turbopack/v16.2.10/00005074.sst,OTHER,45,,0,False,False,False,False,🟡 DELETE = LOW RISK,ARCHIVE
4102,frontend/.next/dev/cache/turbopack/v16.2.10/00005075.meta,OTHER,674,,0,False,False,False,False,🟡 DELETE = LOW RISK,ARCHIVE
4103,frontend/.next/dev/cache/turbopack/v16.2.10/00005078.meta,OTHER,674,,0,False,False,False,False,🟡 DELETE = LOW RISK,ARCHIVE
4104,frontend/.next/dev/cache/turbopack/v16.2.10/00005081.sst,OTHER,52,,0,False,False,False,False,🟡 DELETE = LOW RISK,ARCHIVE
4105,frontend/.next/dev/cache/turbopack/v16.2.10/00005082.sst,OTHER,34525,,0,False,False,False,False,🟡 DELETE = LOW RISK,ARCHIVE
4106,frontend/.next/dev/cache/turbopack/v16.2.10/00005083.meta,OTHER,674,,0,False,False,False,False,🟡 DELETE = LOW RISK,ARCHIVE
4107,frontend/.next/dev/cache/turbopack/v16.2.10/00005086.meta,OTHER,18910,,0,False,False,False,False,🟡 DELETE = LOW RISK,ARCHIVE
4108,frontend/.next/dev/cache/turbopack/v16.2.10/00005089.sst,OTHER,52,,0,False,False,False,False,🟡 DELETE = LOW RISK,ARCHIVE
4109,frontend/.next/dev/cache/turbopack/v16.2.10/00005090.meta,OTHER,674,,0,False,False,False,False,🟡 DELETE = LOW RISK,ARCHIVE
4110,frontend/.next/dev/cache/turbopack/v16.2.10/00005095.sst,OTHER,52,,0,False,False,False,False,🟡 DELETE = LOW RISK,ARCHIVE
4111,frontend/.next/dev/cache/turbopack/v16.2.10/00005096.meta,OTHER,674,,0,False,False,False,False,🟡 DELETE = LOW RISK,ARCHIVE
4112,frontend/.next/dev/cache/turbopack/v16.2.10/00005101.sst,OTHER,52,,0,False,False,False,False,🟡 DELETE = LOW RISK,ARCHIVE
4113,frontend/.next/dev/cache/turbopack/v16.2.10/00005102.meta,OTHER,674,,0,False,False,False,False,🟡 DELETE = LOW RISK,ARCHIVE
4114,frontend/.next/dev/cache/turbopack/v16.2.10/00005107.sst,OTHER,52,,0,False,False,False,False,🟡 DELETE = LOW RISK,ARCHIVE
4115,frontend/.next/dev/cache/turbopack/v16.2.10/00005108.meta,OTHER,674,,0,False,False,False,False,🟡 DELETE = LOW RISK,ARCHIVE
4116,frontend/.next/dev/cache/turbopack/v16.2.10/00005113.sst,OTHER,9388,,0,False,False,False,False,🟡 DELETE = LOW RISK,ARCHIVE
4117,frontend/.next/dev/cache/turbopack/v16.2.10/00005114.meta,OTHER,674,,0,False,False,False,False,🟡 DELETE = LOW RISK,ARCHIVE
4118,frontend/.next/dev/cache/turbopack/v16.2.10/00005119.sst,OTHER,52,,0,False,False,False,False,🟡 DELETE = LOW RISK,ARCHIVE
4119,frontend/.next/dev/cache/turbopack/v16.2.10/00005120.meta,OTHER,674,,0,False,False,False,False,🟡 DELETE = LOW RISK,ARCHIVE
4120,frontend/.next/dev/cache/turbopack/v16.2.10/00005125.sst,OTHER,52,,0,False,False,False,False,🟡 DELETE = LOW RISK,ARCHIVE
4121,frontend/.next/dev/cache/turbopack/v16.2.10/00005126.meta,OTHER,674,,0,False,False,False,False,🟡 DELETE = LOW RISK,ARCHIVE
4122,frontend/.next/dev/cache/turbopack/v16.2.10/00005131.sst,OTHER,52,,0,False,False,False,False,🟡 DELETE = LOW RISK,ARCHIVE
4123,frontend/.next/dev/cache/turbopack/v16.2.10/00005132.meta,OTHER,674,,0,False,False,False,False,🟡 DELETE = LOW RISK,ARCHIVE
4124,frontend/.next/dev/cache/turbopack/v16.2.10/00005137.sst,OTHER,52,,0,False,False,False,False,🟡 DELETE = LOW RISK,ARCHIVE
4125,frontend/.next/dev/cache/turbopack/v16.2.10/00005138.meta,OTHER,674,,0,False,False,False,False,🟡 DELETE = LOW RISK,ARCHIVE
4126,frontend/.next/dev/cache/turbopack/v16.2.10/00005143.sst,OTHER,52,,0,False,False,False,False,🟡 DELETE = LOW RISK,ARCHIVE
4127,frontend/.next/dev/cache/turbopack/v16.2.10/00005144.meta,OTHER,674,,0,False,False,False,False,🟡 DELETE = LOW RISK,ARCHIVE
4128,frontend/.next/dev/cache/turbopack/v16.2.10/00005149.sst,OTHER,52,,0,False,False,False,False,🟡 DELETE = LOW RISK,ARCHIVE
4129,frontend/.next/dev/cache/turbopack/v16.2.10/00005150.sst,OTHER,1353,,0,False,False,False,False,🟡 DELETE = LOW RISK,ARCHIVE
4130,frontend/.next/dev/cache/turbopack/v16.2.10/00005151.meta,OTHER,674,,0,False,False,False,False,🟡 DELETE = LOW RISK,ARCHIVE
4131,frontend/.next/dev/cache/turbopack/v16.2.10/00005154.meta,OTHER,1212,,0,False,False,False,False,🟡 DELETE = LOW RISK,ARCHIVE
4132,frontend/.next/dev/cache/turbopack/v16.2.10/00005157.sst,OTHER,52,,0,False,False,False,False,🟡 DELETE = LOW RISK,ARCHIVE
4133,frontend/.next/dev/cache/turbopack/v16.2.10/00005158.meta,OTHER,674,,0,False,False,False,False,🟡 DELETE = LOW RISK,ARCHIVE
4134,frontend/.next/dev/cache/turbopack/v16.2.10/00005163.sst,OTHER,52,,0,False,False,False,False,🟡 DELETE = LOW RISK,ARCHIVE
4135,frontend/.next/dev/cache/turbopack/v16.2.10/00005164.sst,OTHER,45,,0,False,False,False,False,🟡 DELETE = LOW RISK,ARCHIVE
4136,frontend/.next/dev/cache/turbopack/v16.2.10/00005165.meta,OTHER,674,,0,False,False,False,False,🟡 DELETE = LOW RISK,ARCHIVE
4137,frontend/.next/dev/cache/turbopack/v16.2.10/00005168.meta,OTHER,674,,0,False,False,False,False,🟡 DELETE = LOW RISK,ARCHIVE
4138,frontend/.next/dev/cache/turbopack/v16.2.10/00005171.sst,OTHER,52,,0,False,False,False,False,🟡 DELETE = LOW RISK,ARCHIVE
4139,frontend/.next/dev/cache/turbopack/v16.2.10/00005172.sst,OTHER,45,,0,False,False,False,False,🟡 DELETE = LOW RISK,ARCHIVE
4140,frontend/.next/dev/cache/turbopack/v16.2.10/00005173.meta,OTHER,674,,0,False,False,False,False,🟡 DELETE = LOW RISK,ARCHIVE
4141,frontend/.next/dev/cache/turbopack/v16.2.10/00005176.meta,OTHER,674,,0,False,False,False,False,🟡 DELETE = LOW RISK,ARCHIVE
4142,frontend/.next/dev/cache/turbopack/v16.2.10/00005179.sst,OTHER,52,,0,False,False,False,False,🟡 DELETE = LOW RISK,ARCHIVE
4143,frontend/.next/dev/cache/turbopack/v16.2.10/00005180.sst,OTHER,45,,0,False,False,False,False,🟡 DELETE = LOW RISK,ARCHIVE
4144,frontend/.next/dev/cache/turbopack/v16.2.10/00005181.meta,OTHER,674,,0,False,False,False,False,🟡 DELETE = LOW RISK,ARCHIVE
4145,frontend/.next/dev/cache/turbopack/v16.2.10/00005184.meta,OTHER,674,,0,False,False,False,False,🟡 DELETE = LOW RISK,ARCHIVE
4146,frontend/.next/dev/cache/turbopack/v16.2.10/00005187.sst,OTHER,52,,0,False,False,False,False,🟡 DELETE = LOW RISK,ARCHIVE
4147,frontend/.next/dev/cache/turbopack/v16.2.10/00005188.sst,OTHER,45,,0,False,False,False,False,🟡 DELETE = LOW RISK,ARCHIVE
4148,frontend/.next/dev/cache/turbopack/v16.2.10/00005189.meta,OTHER,674,,0,False,False,False,False,🟡 DELETE = LOW RISK,ARCHIVE
4149,frontend/.next/dev/cache/turbopack/v16.2.10/00005192.meta,OTHER,674,,0,False,False,False,False,🟡 DELETE = LOW RISK,ARCHIVE
4150,frontend/.next/dev/cache/turbopack/v16.2.10/00005197.del,OTHER,288,,0,False,False,False,False,🟡 DELETE = LOW RISK,ARCHIVE
4151,frontend/.next/dev/cache/turbopack/v16.2.10/00005200.sst,OTHER,52,,0,False,False,False,False,🟡 DELETE = LOW RISK,ARCHIVE
4152,frontend/.next/dev/cache/turbopack/v16.2.10/00005201.sst,OTHER,45,,0,False,False,False,False,🟡 DELETE = LOW RISK,ARCHIVE
4153,frontend/.next/dev/cache/turbopack/v16.2.10/00005202.meta,OTHER,674,,0,False,False,False,False,🟡 DELETE = LOW RISK,ARCHIVE
4154,frontend/.next/dev/cache/turbopack/v16.2.10/00005205.meta,OTHER,674,,0,False,False,False,False,🟡 DELETE = LOW RISK,ARCHIVE
4155,frontend/.next/dev/cache/turbopack/v16.2.10/00005208.sst,OTHER,52,,0,False,False,False,False,🟡 DELETE = LOW RISK,ARCHIVE
4156,frontend/.next/dev/cache/turbopack/v16.2.10/00005209.sst,OTHER,16469,,0,False,False,False,False,🟡 DELETE = LOW RISK,ARCHIVE
4157,frontend/.next/dev/cache/turbopack/v16.2.10/00005210.meta,OTHER,674,,0,False,False,False,False,🟡 DELETE = LOW RISK,ARCHIVE
4158,frontend/.next/dev/cache/turbopack/v16.2.10/00005213.meta,OTHER,2941,,0,False,False,False,False,🟡 DELETE = LOW RISK,ARCHIVE
4159,frontend/.next/dev/cache/turbopack/v16.2.10/00005214.sst,OTHER,10713853,,0,False,False,False,False,🟡 DELETE = LOW RISK,ARCHIVE
4160,frontend/.next/dev/cache/turbopack/v16.2.10/00005215.sst,OTHER,1642772,,0,False,False,False,False,🟡 DELETE = LOW RISK,ARCHIVE
4161,frontend/.next/dev/cache/turbopack/v16.2.10/00005216.meta,OTHER,2654632,,0,False,False,False,False,🟡 DELETE = LOW RISK,ARCHIVE
4162,frontend/.next/dev/cache/turbopack/v16.2.10/00005217.del,OTHER,504,,0,False,False,False,False,🟡 DELETE = LOW RISK,ARCHIVE
4163,frontend/.next/dev/cache/turbopack/v16.2.10/00005218.sst,OTHER,3821,,0,False,False,False,False,🟡 DELETE = LOW RISK,ARCHIVE
4164,frontend/.next/dev/cache/turbopack/v16.2.10/00005220.sst,OTHER,52,,0,False,False,False,False,🟡 DELETE = LOW RISK,ARCHIVE
4165,frontend/.next/dev/cache/turbopack/v16.2.10/00005221.meta,OTHER,674,,0,False,False,False,False,🟡 DELETE = LOW RISK,ARCHIVE
4166,frontend/.next/dev/cache/turbopack/v16.2.10/00005222.meta,OTHER,674,,0,False,False,False,False,🟡 DELETE = LOW RISK,ARCHIVE
4167,frontend/.next/dev/cache/turbopack/v16.2.10/00005225.sst,OTHER,3821,,0,False,False,False,False,🟡 DELETE = LOW RISK,ARCHIVE
4168,frontend/.next/dev/cache/turbopack/v16.2.10/00005226.sst,OTHER,52,,0,False,False,False,False,🟡 DELETE = LOW RISK,ARCHIVE
4169,frontend/.next/dev/cache/turbopack/v16.2.10/00005227.meta,OTHER,674,,0,False,False,False,False,🟡 DELETE = LOW RISK,ARCHIVE
4170,frontend/.next/dev/cache/turbopack/v16.2.10/00005228.meta,OTHER,674,,0,False,False,False,False,🟡 DELETE = LOW RISK,ARCHIVE
4171,frontend/.next/dev/cache/turbopack/v16.2.10/00005230.sst,OTHER,3821,,0,False,False,False,False,🟡 DELETE = LOW RISK,ARCHIVE
4172,frontend/.next/dev/cache/turbopack/v16.2.10/00005232.sst,OTHER,52,,0,False,False,False,False,🟡 DELETE = LOW RISK,ARCHIVE
4173,frontend/.next/dev/cache/turbopack/v16.2.10/00005233.meta,OTHER,674,,0,False,False,False,False,🟡 DELETE = LOW RISK,ARCHIVE
4174,frontend/.next/dev/cache/turbopack/v16.2.10/00005234.meta,OTHER,674,,0,False,False,False,False,🟡 DELETE = LOW RISK,ARCHIVE
4175,frontend/.next/dev/cache/turbopack/v16.2.10/00005236.sst,OTHER,762397,,0,False,False,False,False,🟡 DELETE = LOW RISK,ARCHIVE
4176,frontend/.next/dev/cache/turbopack/v16.2.10/00005238.sst,OTHER,52,,0,False,False,False,False,🟡 DELETE = LOW RISK,ARCHIVE
4177,frontend/.next/dev/cache/turbopack/v16.2.10/00005239.sst,OTHER,177,,0,False,False,False,False,🟡 DELETE = LOW RISK,ARCHIVE
4178,frontend/.next/dev/cache/turbopack/v16.2.10/00005240.meta,OTHER,674,,0,False,False,False,False,🟡 DELETE = LOW RISK,ARCHIVE
4179,frontend/.next/dev/cache/turbopack/v16.2.10/00005242.meta,OTHER,674,,0,False,False,False,False,🟡 DELETE = LOW RISK,ARCHIVE
4180,frontend/.next/dev/cache/turbopack/v16.2.10/00005243.meta,OTHER,2941,,0,False,False,False,False,🟡 DELETE = LOW RISK,ARCHIVE
4181,frontend/.next/dev/cache/turbopack/v16.2.10/00005245.sst,OTHER,45866,,0,False,False,False,False,🟡 DELETE = LOW RISK,ARCHIVE
4182,frontend/.next/dev/cache/turbopack/v16.2.10/00005246.sst,OTHER,52,,0,False,False,False,False,🟡 DELETE = LOW RISK,ARCHIVE
4183,frontend/.next/dev/cache/turbopack/v16.2.10/00005247.meta,OTHER,674,,0,False,False,False,False,🟡 DELETE = LOW RISK,ARCHIVE
4184,frontend/.next/dev/cache/turbopack/v16.2.10/00005248.meta,OTHER,1189,,0,False,False,False,False,🟡 DELETE = LOW RISK,ARCHIVE
4185,frontend/.next/dev/cache/turbopack/v16.2.10/00005250.sst,OTHER,45866,,0,False,False,False,False,🟡 DELETE = LOW RISK,ARCHIVE
4186,frontend/.next/dev/cache/turbopack/v16.2.10/00005252.sst,OTHER,52,,0,False,False,False,False,🟡 DELETE = LOW RISK,ARCHIVE
4187,frontend/.next/dev/cache/turbopack/v16.2.10/00005253.meta,OTHER,674,,0,False,False,False,False,🟡 DELETE = LOW RISK,ARCHIVE
4188,frontend/.next/dev/cache/turbopack/v16.2.10/00005254.meta,OTHER,1189,,0,False,False,False,False,🟡 DELETE = LOW RISK,ARCHIVE
4189,frontend/.next/dev/cache/turbopack/v16.2.10/00005256.sst,OTHER,1863164,,0,False,False,False,False,🟡 DELETE = LOW RISK,ARCHIVE
4190,frontend/.next/dev/cache/turbopack/v16.2.10/00005258.sst,OTHER,52,,0,False,False,False,False,🟡 DELETE = LOW RISK,ARCHIVE
4191,frontend/.next/dev/cache/turbopack/v16.2.10/00005259.meta,OTHER,674,,0,False,False,False,False,🟡 DELETE = LOW RISK,ARCHIVE
4192,frontend/.next/dev/cache/turbopack/v16.2.10/00005260.meta,OTHER,1773,,0,False,False,False,False,🟡 DELETE = LOW RISK,ARCHIVE
4193,frontend/.next/dev/cache/turbopack/v16.2.10/00005263.sst,OTHER,1849324,,0,False,False,False,False,🟡 DELETE = LOW RISK,ARCHIVE
4194,frontend/.next/dev/cache/turbopack/v16.2.10/00005264.sst,OTHER,52,,0,False,False,False,False,🟡 DELETE = LOW RISK,ARCHIVE
4195,frontend/.next/dev/cache/turbopack/v16.2.10/00005265.meta,OTHER,674,,0,False,False,False,False,🟡 DELETE = LOW RISK,ARCHIVE
4196,frontend/.next/dev/cache/turbopack/v16.2.10/00005266.meta,OTHER,1189,,0,False,False,False,False,🟡 DELETE = LOW RISK,ARCHIVE
4197,frontend/.next/dev/cache/turbopack/v16.2.10/00005268.sst,OTHER,3827,,0,False,False,False,False,🟡 DELETE = LOW RISK,ARCHIVE
4198,frontend/.next/dev/cache/turbopack/v16.2.10/00005270.sst,OTHER,52,,0,False,False,False,False,🟡 DELETE = LOW RISK,ARCHIVE
4199,frontend/.next/dev/cache/turbopack/v16.2.10/00005271.meta,OTHER,674,,0,False,False,False,False,🟡 DELETE = LOW RISK,ARCHIVE
4200,frontend/.next/dev/cache/turbopack/v16.2.10/00005272.meta,OTHER,674,,0,False,False,False,False,🟡 DELETE = LOW RISK,ARCHIVE
4201,frontend/.next/dev/cache/turbopack/v16.2.10/00005274.sst,OTHER,3827,,0,False,False,False,False,🟡 DELETE = LOW RISK,ARCHIVE
4202,frontend/.next/dev/cache/turbopack/v16.2.10/00005276.sst,OTHER,52,,0,False,False,False,False,🟡 DELETE = LOW RISK,ARCHIVE
4203,frontend/.next/dev/cache/turbopack/v16.2.10/00005277.meta,OTHER,674,,0,False,False,False,False,🟡 DELETE = LOW RISK,ARCHIVE
4204,frontend/.next/dev/cache/turbopack/v16.2.10/00005278.meta,OTHER,674,,0,False,False,False,False,🟡 DELETE = LOW RISK,ARCHIVE
4205,frontend/.next/dev/cache/turbopack/v16.2.10/00005280.sst,OTHER,3827,,0,False,False,False,False,🟡 DELETE = LOW RISK,ARCHIVE
4206,frontend/.next/dev/cache/turbopack/v16.2.10/00005282.sst,OTHER,52,,0,False,False,False,False,🟡 DELETE = LOW RISK,ARCHIVE
4207,frontend/.next/dev/cache/turbopack/v16.2.10/00005283.meta,OTHER,674,,0,False,False,False,False,🟡 DELETE = LOW RISK,ARCHIVE
4208,frontend/.next/dev/cache/turbopack/v16.2.10/00005284.meta,OTHER,674,,0,False,False,False,False,🟡 DELETE = LOW RISK,ARCHIVE
4209,frontend/.next/dev/cache/turbopack/v16.2.10/00005286.sst,OTHER,4035830,,0,False,False,False,False,🟡 DELETE = LOW RISK,ARCHIVE
4210,frontend/.next/dev/cache/turbopack/v16.2.10/00005288.sst,OTHER,52,,0,False,False,False,False,🟡 DELETE = LOW RISK,ARCHIVE
4211,frontend/.next/dev/cache/turbopack/v16.2.10/00005289.sst,OTHER,945,,0,False,False,False,False,🟡 DELETE = LOW RISK,ARCHIVE
4212,frontend/.next/dev/cache/turbopack/v16.2.10/00005290.meta,OTHER,674,,0,False,False,False,False,🟡 DELETE = LOW RISK,ARCHIVE
4213,frontend/.next/dev/cache/turbopack/v16.2.10/00005291.meta,OTHER,9949,,0,False,False,False,False,🟡 DELETE = LOW RISK,ARCHIVE
4214,frontend/.next/dev/cache/turbopack/v16.2.10/00005293.meta,OTHER,747,,0,False,False,False,False,🟡 DELETE = LOW RISK,ARCHIVE
4215,frontend/.next/dev/cache/turbopack/v16.2.10/00005295.sst,OTHER,2374545,,0,False,False,False,False,🟡 DELETE = LOW RISK,ARCHIVE
4216,frontend/.next/dev/cache/turbopack/v16.2.10/00005296.sst,OTHER,52,,0,False,False,False,False,🟡 DELETE = LOW RISK,ARCHIVE
4217,frontend/.next/dev/cache/turbopack/v16.2.10/00005297.sst,OTHER,69,,0,False,False,False,False,🟡 DELETE = LOW RISK,ARCHIVE
4218,frontend/.next/dev/cache/turbopack/v16.2.10/00005298.meta,OTHER,674,,0,False,False,False,False,🟡 DELETE = LOW RISK,ARCHIVE
4219,frontend/.next/dev/cache/turbopack/v16.2.10/00005299.meta,OTHER,1773,,0,False,False,False,False,🟡 DELETE = LOW RISK,ARCHIVE
4220,frontend/.next/dev/cache/turbopack/v16.2.10/00005301.meta,OTHER,674,,0,False,False,False,False,🟡 DELETE = LOW RISK,ARCHIVE
4221,frontend/.next/dev/cache/turbopack/v16.2.10/00005302.sst,OTHER,5215752,,0,False,False,False,False,🟡 DELETE = LOW RISK,ARCHIVE
4222,frontend/.next/dev/cache/turbopack/v16.2.10/00005304.sst,OTHER,52,,0,False,False,False,False,🟡 DELETE = LOW RISK,ARCHIVE
4223,frontend/.next/dev/cache/turbopack/v16.2.10/00005305.sst,OTHER,8197,,0,False,False,False,False,🟡 DELETE = LOW RISK,ARCHIVE
4224,frontend/.next/dev/cache/turbopack/v16.2.10/00005306.meta,OTHER,674,,0,False,False,False,False,🟡 DELETE = LOW RISK,ARCHIVE
4225,frontend/.next/dev/cache/turbopack/v16.2.10/00005307.meta,OTHER,8478,,0,False,False,False,False,🟡 DELETE = LOW RISK,ARCHIVE
4226,frontend/.next/dev/cache/turbopack/v16.2.10/00005309.meta,OTHER,32926,,0,False,False,False,False,🟡 DELETE = LOW RISK,ARCHIVE
4227,frontend/.next/dev/cache/turbopack/v16.2.10/00005310.sst,OTHER,3878,,0,False,False,False,False,🟡 DELETE = LOW RISK,ARCHIVE
4228,frontend/.next/dev/cache/turbopack/v16.2.10/00005312.sst,OTHER,52,,0,False,False,False,False,🟡 DELETE = LOW RISK,ARCHIVE
4229,frontend/.next/dev/cache/turbopack/v16.2.10/00005313.meta,OTHER,674,,0,False,False,False,False,🟡 DELETE = LOW RISK,ARCHIVE
4230,frontend/.next/dev/cache/turbopack/v16.2.10/00005314.meta,OTHER,674,,0,False,False,False,False,🟡 DELETE = LOW RISK,ARCHIVE
4231,frontend/.next/dev/cache/turbopack/v16.2.10/00005316.sst,OTHER,3878,,0,False,False,False,False,🟡 DELETE = LOW RISK,ARCHIVE
4232,frontend/.next/dev/cache/turbopack/v16.2.10/00005318.sst,OTHER,52,,0,False,False,False,False,🟡 DELETE = LOW RISK,ARCHIVE
4233,frontend/.next/dev/cache/turbopack/v16.2.10/00005319.meta,OTHER,674,,0,False,False,False,False,🟡 DELETE = LOW RISK,ARCHIVE
4234,frontend/.next/dev/cache/turbopack/v16.2.10/00005320.meta,OTHER,674,,0,False,False,False,False,🟡 DELETE = LOW RISK,ARCHIVE
4235,frontend/.next/dev/cache/turbopack/v16.2.10/00005322.sst,OTHER,3878,,0,False,False,False,False,🟡 DELETE = LOW RISK,ARCHIVE
4236,frontend/.next/dev/cache/turbopack/v16.2.10/00005324.sst,OTHER,52,,0,False,False,False,False,🟡 DELETE = LOW RISK,ARCHIVE
4237,frontend/.next/dev/cache/turbopack/v16.2.10/00005325.meta,OTHER,674,,0,False,False,False,False,🟡 DELETE = LOW RISK,ARCHIVE
4238,frontend/.next/dev/cache/turbopack/v16.2.10/00005326.meta,OTHER,674,,0,False,False,False,False,🟡 DELETE = LOW RISK,ARCHIVE
4239,frontend/.next/dev/cache/turbopack/v16.2.10/00005328.sst,OTHER,1903809,,0,False,False,False,False,🟡 DELETE = LOW RISK,ARCHIVE
4240,frontend/.next/dev/cache/turbopack/v16.2.10/00005330.sst,OTHER,52,,0,False,False,False,False,🟡 DELETE = LOW RISK,ARCHIVE
4241,frontend/.next/dev/cache/turbopack/v16.2.10/00005331.meta,OTHER,674,,0,False,False,False,False,🟡 DELETE = LOW RISK,ARCHIVE
4242,frontend/.next/dev/cache/turbopack/v16.2.10/00005332.meta,OTHER,1773,,0,False,False,False,False,🟡 DELETE = LOW RISK,ARCHIVE
4243,frontend/.next/dev/cache/turbopack/v16.2.10/00005335.sst,OTHER,14568,,0,False,False,False,False,🟡 DELETE = LOW RISK,ARCHIVE
4244,frontend/.next/dev/cache/turbopack/v16.2.10/00005336.sst,OTHER,52,,0,False,False,False,False,🟡 DELETE = LOW RISK,ARCHIVE
4245,frontend/.next/dev/cache/turbopack/v16.2.10/00005337.meta,OTHER,674,,0,False,False,False,False,🟡 DELETE = LOW RISK,ARCHIVE
4246,frontend/.next/dev/cache/turbopack/v16.2.10/00005338.meta,OTHER,747,,0,False,False,False,False,🟡 DELETE = LOW RISK,ARCHIVE
4247,frontend/.next/dev/cache/turbopack/v16.2.10/00005340.sst,OTHER,1101,,0,False,False,False,False,🟡 DELETE = LOW RISK,ARCHIVE
4248,frontend/.next/dev/cache/turbopack/v16.2.10/00005342.sst,OTHER,52,,0,False,False,False,False,🟡 DELETE = LOW RISK,ARCHIVE
4249,frontend/.next/dev/cache/turbopack/v16.2.10/00005343.meta,OTHER,674,,0,False,False,False,False,🟡 DELETE = LOW RISK,ARCHIVE
4250,frontend/.next/dev/cache/turbopack/v16.2.10/00005344.meta,OTHER,674,,0,False,False,False,False,🟡 DELETE = LOW RISK,ARCHIVE
4251,frontend/.next/dev/cache/turbopack/v16.2.10/00005346.sst,OTHER,45735,,0,False,False,False,False,🟡 DELETE = LOW RISK,ARCHIVE
4252,frontend/.next/dev/cache/turbopack/v16.2.10/00005348.sst,OTHER,52,,0,False,False,False,False,🟡 DELETE = LOW RISK,ARCHIVE
4253,frontend/.next/dev/cache/turbopack/v16.2.10/00005349.meta,OTHER,674,,0,False,False,False,False,🟡 DELETE = LOW RISK,ARCHIVE
4254,frontend/.next/dev/cache/turbopack/v16.2.10/00005350.meta,OTHER,1189,,0,False,False,False,False,🟡 DELETE = LOW RISK,ARCHIVE
4255,frontend/.next/dev/cache/turbopack/v16.2.10/00005352.sst,OTHER,3878,,0,False,False,False,False,🟡 DELETE = LOW RISK,ARCHIVE
4256,frontend/.next/dev/cache/turbopack/v16.2.10/00005354.sst,OTHER,52,,0,False,False,False,False,🟡 DELETE = LOW RISK,ARCHIVE
4257,frontend/.next/dev/cache/turbopack/v16.2.10/00005355.meta,OTHER,674,,0,False,False,False,False,🟡 DELETE = LOW RISK,ARCHIVE
4258,frontend/.next/dev/cache/turbopack/v16.2.10/00005357.meta,OTHER,674,,0,False,False,False,False,🟡 DELETE = LOW RISK,ARCHIVE
4259,frontend/.next/dev/cache/turbopack/v16.2.10/00005358.sst,OTHER,3878,,0,False,False,False,False,🟡 DELETE = LOW RISK,ARCHIVE
4260,frontend/.next/dev/cache/turbopack/v16.2.10/00005360.sst,OTHER,52,,0,False,False,False,False,🟡 DELETE = LOW RISK,ARCHIVE
4261,frontend/.next/dev/cache/turbopack/v16.2.10/00005361.meta,OTHER,674,,0,False,False,False,False,🟡 DELETE = LOW RISK,ARCHIVE
4262,frontend/.next/dev/cache/turbopack/v16.2.10/00005362.meta,OTHER,674,,0,False,False,False,False,🟡 DELETE = LOW RISK,ARCHIVE
4263,frontend/.next/dev/cache/turbopack/v16.2.10/00005365.sst,OTHER,3878,,0,False,False,False,False,🟡 DELETE = LOW RISK,ARCHIVE
4264,frontend/.next/dev/cache/turbopack/v16.2.10/00005366.sst,OTHER,52,,0,False,False,False,False,🟡 DELETE = LOW RISK,ARCHIVE
4265,frontend/.next/dev/cache/turbopack/v16.2.10/00005367.meta,OTHER,674,,0,False,False,False,False,🟡 DELETE = LOW RISK,ARCHIVE
4266,frontend/.next/dev/cache/turbopack/v16.2.10/00005368.meta,OTHER,674,,0,False,False,False,False,🟡 DELETE = LOW RISK,ARCHIVE
4267,frontend/.next/dev/cache/turbopack/v16.2.10/00005370.sst,OTHER,3878,,0,False,False,False,False,🟡 DELETE = LOW RISK,ARCHIVE
4268,frontend/.next/dev/cache/turbopack/v16.2.10/00005372.sst,OTHER,52,,0,False,False,False,False,🟡 DELETE = LOW RISK,ARCHIVE
4269,frontend/.next/dev/cache/turbopack/v16.2.10/00005373.meta,OTHER,674,,0,False,False,False,False,🟡 DELETE = LOW RISK,ARCHIVE
4270,frontend/.next/dev/cache/turbopack/v16.2.10/00005374.meta,OTHER,674,,0,False,False,False,False,🟡 DELETE = LOW RISK,ARCHIVE
4271,frontend/.next/dev/cache/turbopack/v16.2.10/00005377.sst,OTHER,3878,,0,False,False,False,False,🟡 DELETE = LOW RISK,ARCHIVE
4272,frontend/.next/dev/cache/turbopack/v16.2.10/00005378.sst,OTHER,52,,0,False,False,False,False,🟡 DELETE = LOW RISK,ARCHIVE
4273,frontend/.next/dev/cache/turbopack/v16.2.10/00005379.meta,OTHER,674,,0,False,False,False,False,🟡 DELETE = LOW RISK,ARCHIVE
4274,frontend/.next/dev/cache/turbopack/v16.2.10/00005380.meta,OTHER,674,,0,False,False,False,False,🟡 DELETE = LOW RISK,ARCHIVE
4275,frontend/.next/dev/cache/turbopack/v16.2.10/00005383.sst,OTHER,1951998,,0,False,False,False,False,🟡 DELETE = LOW RISK,ARCHIVE
4276,frontend/.next/dev/cache/turbopack/v16.2.10/00005384.sst,OTHER,52,,0,False,False,False,False,🟡 DELETE = LOW RISK,ARCHIVE
4277,frontend/.next/dev/cache/turbopack/v16.2.10/00005385.meta,OTHER,674,,0,False,False,False,False,🟡 DELETE = LOW RISK,ARCHIVE
4278,frontend/.next/dev/cache/turbopack/v16.2.10/00005386.meta,OTHER,8478,,0,False,False,False,False,🟡 DELETE = LOW RISK,ARCHIVE
4279,frontend/.next/dev/cache/turbopack/v16.2.10/00005389.sst,OTHER,4078380,,0,False,False,False,False,🟡 DELETE = LOW RISK,ARCHIVE
4280,frontend/.next/dev/cache/turbopack/v16.2.10/00005390.sst,OTHER,52,,0,False,False,False,False,🟡 DELETE = LOW RISK,ARCHIVE
4281,frontend/.next/dev/cache/turbopack/v16.2.10/00005391.sst,OTHER,2745,,0,False,False,False,False,🟡 DELETE = LOW RISK,ARCHIVE
4282,frontend/.next/dev/cache/turbopack/v16.2.10/00005392.meta,OTHER,674,,0,False,False,False,False,🟡 DELETE = LOW RISK,ARCHIVE
4283,frontend/.next/dev/cache/turbopack/v16.2.10/00005393.meta,OTHER,10414,,0,False,False,False,False,🟡 DELETE = LOW RISK,ARCHIVE
4284,frontend/.next/dev/cache/turbopack/v16.2.10/00005395.meta,OTHER,895,,0,False,False,False,False,🟡 DELETE = LOW RISK,ARCHIVE
4285,frontend/.next/dev/cache/turbopack/v16.2.10/00005396.sst,OTHER,259090676,,0,False,False,False,False,🟡 DELETE = LOW RISK,ARCHIVE
4286,frontend/.next/dev/cache/turbopack/v16.2.10/00005397.sst,OTHER,367373,,0,False,False,False,False,🟡 DELETE = LOW RISK,ARCHIVE
4287,frontend/.next/dev/cache/turbopack/v16.2.10/00005398.sst,OTHER,166973164,,0,False,False,False,False,🟡 DELETE = LOW RISK,ARCHIVE
4288,frontend/.next/dev/cache/turbopack/v16.2.10/00005399.meta,OTHER,3981687,,0,False,False,False,False,🟡 DELETE = LOW RISK,ARCHIVE
4289,frontend/.next/dev/cache/turbopack/v16.2.10/00005400.del,OTHER,256,,0,False,False,False,False,🟡 DELETE = LOW RISK,ARCHIVE
4290,frontend/.next/dev/cache/turbopack/v16.2.10/00005401.sst,OTHER,3888,,0,False,False,False,False,🟡 DELETE = LOW RISK,ARCHIVE
4291,frontend/.next/dev/cache/turbopack/v16.2.10/00005402.sst,OTHER,715,,0,False,False,False,False,🟡 DELETE = LOW RISK,ARCHIVE
4292,frontend/.next/dev/cache/turbopack/v16.2.10/00005403.sst,OTHER,52,,0,False,False,False,False,🟡 DELETE = LOW RISK,ARCHIVE
4293,frontend/.next/dev/cache/turbopack/v16.2.10/00005404.meta,OTHER,674,,0,False,False,False,False,🟡 DELETE = LOW RISK,ARCHIVE
4294,frontend/.next/dev/cache/turbopack/v16.2.10/00005405.meta,OTHER,674,,0,False,False,False,False,🟡 DELETE = LOW RISK,ARCHIVE
4295,frontend/.next/dev/cache/turbopack/v16.2.10/00005406.meta,OTHER,674,,0,False,False,False,False,🟡 DELETE = LOW RISK,ARCHIVE
4296,frontend/.next/dev/cache/turbopack/v16.2.10/00005407.sst,OTHER,3888,,0,False,False,False,False,🟡 DELETE = LOW RISK,ARCHIVE
4297,frontend/.next/dev/cache/turbopack/v16.2.10/00005408.sst,OTHER,715,,0,False,False,False,False,🟡 DELETE = LOW RISK,ARCHIVE
4298,frontend/.next/dev/cache/turbopack/v16.2.10/00005409.sst,OTHER,52,,0,False,False,False,False,🟡 DELETE = LOW RISK,ARCHIVE
4299,frontend/.next/dev/cache/turbopack/v16.2.10/00005410.meta,OTHER,674,,0,False,False,False,False,🟡 DELETE = LOW RISK,ARCHIVE
4300,frontend/.next/dev/cache/turbopack/v16.2.10/00005411.meta,OTHER,674,,0,False,False,False,False,🟡 DELETE = LOW RISK,ARCHIVE
4301,frontend/.next/dev/cache/turbopack/v16.2.10/00005412.meta,OTHER,674,,0,False,False,False,False,🟡 DELETE = LOW RISK,ARCHIVE
4302,frontend/.next/dev/cache/turbopack/v16.2.10/00005413.sst,OTHER,3888,,0,False,False,False,False,🟡 DELETE = LOW RISK,ARCHIVE
4303,frontend/.next/dev/cache/turbopack/v16.2.10/00005414.sst,OTHER,715,,0,False,False,False,False,🟡 DELETE = LOW RISK,ARCHIVE
4304,frontend/.next/dev/cache/turbopack/v16.2.10/00005415.sst,OTHER,52,,0,False,False,False,False,🟡 DELETE = LOW RISK,ARCHIVE
4305,frontend/.next/dev/cache/turbopack/v16.2.10/00005416.meta,OTHER,674,,0,False,False,False,False,🟡 DELETE = LOW RISK,ARCHIVE
4306,frontend/.next/dev/cache/turbopack/v16.2.10/00005417.meta,OTHER,674,,0,False,False,False,False,🟡 DELETE = LOW RISK,ARCHIVE
4307,frontend/.next/dev/cache/turbopack/v16.2.10/00005418.meta,OTHER,674,,0,False,False,False,False,🟡 DELETE = LOW RISK,ARCHIVE
4308,frontend/.next/dev/cache/turbopack/v16.2.10/00005419.sst,OTHER,3888,,0,False,False,False,False,🟡 DELETE = LOW RISK,ARCHIVE
4309,frontend/.next/dev/cache/turbopack/v16.2.10/00005420.sst,OTHER,715,,0,False,False,False,False,🟡 DELETE = LOW RISK,ARCHIVE
4310,frontend/.next/dev/cache/turbopack/v16.2.10/00005421.sst,OTHER,52,,0,False,False,False,False,🟡 DELETE = LOW RISK,ARCHIVE
4311,frontend/.next/dev/cache/turbopack/v16.2.10/00005422.meta,OTHER,674,,0,False,False,False,False,🟡 DELETE = LOW RISK,ARCHIVE
4312,frontend/.next/dev/cache/turbopack/v16.2.10/00005423.meta,OTHER,674,,0,False,False,False,False,🟡 DELETE = LOW RISK,ARCHIVE
4313,frontend/.next/dev/cache/turbopack/v16.2.10/00005424.meta,OTHER,674,,0,False,False,False,False,🟡 DELETE = LOW RISK,ARCHIVE
4314,frontend/.next/dev/cache/turbopack/v16.2.10/00005425.sst,OTHER,2200725,,0,False,False,False,False,🟡 DELETE = LOW RISK,ARCHIVE
4315,frontend/.next/dev/cache/turbopack/v16.2.10/00005426.sst,OTHER,1913006,,0,False,False,False,False,🟡 DELETE = LOW RISK,ARCHIVE
4316,frontend/.next/dev/cache/turbopack/v16.2.10/00005427.sst,OTHER,52,,0,False,False,False,False,🟡 DELETE = LOW RISK,ARCHIVE
4317,frontend/.next/dev/cache/turbopack/v16.2.10/00005428.meta,OTHER,674,,0,False,False,False,False,🟡 DELETE = LOW RISK,ARCHIVE
4318,frontend/.next/dev/cache/turbopack/v16.2.10/00005429.meta,OTHER,1773,,0,False,False,False,False,🟡 DELETE = LOW RISK,ARCHIVE
4319,frontend/.next/dev/cache/turbopack/v16.2.10/00005430.meta,OTHER,1189,,0,False,False,False,False,🟡 DELETE = LOW RISK,ARCHIVE
4320,frontend/.next/dev/cache/turbopack/v16.2.10/00005431.sst,OTHER,3888,,0,False,False,False,False,🟡 DELETE = LOW RISK,ARCHIVE
4321,frontend/.next/dev/cache/turbopack/v16.2.10/00005432.sst,OTHER,715,,0,False,False,False,False,🟡 DELETE = LOW RISK,ARCHIVE
4322,frontend/.next/dev/cache/turbopack/v16.2.10/00005433.sst,OTHER,52,,0,False,False,False,False,🟡 DELETE = LOW RISK,ARCHIVE
4323,frontend/.next/dev/cache/turbopack/v16.2.10/00005434.meta,OTHER,674,,0,False,False,False,False,🟡 DELETE = LOW RISK,ARCHIVE
4324,frontend/.next/dev/cache/turbopack/v16.2.10/00005435.meta,OTHER,674,,0,False,False,False,False,🟡 DELETE = LOW RISK,ARCHIVE
4325,frontend/.next/dev/cache/turbopack/v16.2.10/00005436.meta,OTHER,674,,0,False,False,False,False,🟡 DELETE = LOW RISK,ARCHIVE
4326,frontend/.next/dev/cache/turbopack/v16.2.10/00005437.sst,OTHER,3888,,0,False,False,False,False,🟡 DELETE = LOW RISK,ARCHIVE
4327,frontend/.next/dev/cache/turbopack/v16.2.10/00005438.sst,OTHER,715,,0,False,False,False,False,🟡 DELETE = LOW RISK,ARCHIVE
4328,frontend/.next/dev/cache/turbopack/v16.2.10/00005439.sst,OTHER,52,,0,False,False,False,False,🟡 DELETE = LOW RISK,ARCHIVE
4329,frontend/.next/dev/cache/turbopack/v16.2.10/00005440.meta,OTHER,674,,0,False,False,False,False,🟡 DELETE = LOW RISK,ARCHIVE
4330,frontend/.next/dev/cache/turbopack/v16.2.10/00005441.meta,OTHER,674,,0,False,False,False,False,🟡 DELETE = LOW RISK,ARCHIVE
4331,frontend/.next/dev/cache/turbopack/v16.2.10/00005442.meta,OTHER,674,,0,False,False,False,False,🟡 DELETE = LOW RISK,ARCHIVE
4332,frontend/.next/dev/cache/turbopack/v16.2.10/00005443.sst,OTHER,3888,,0,False,False,False,False,🟡 DELETE = LOW RISK,ARCHIVE
4333,frontend/.next/dev/cache/turbopack/v16.2.10/00005444.sst,OTHER,715,,0,False,False,False,False,🟡 DELETE = LOW RISK,ARCHIVE
4334,frontend/.next/dev/cache/turbopack/v16.2.10/00005445.sst,OTHER,52,,0,False,False,False,False,🟡 DELETE = LOW RISK,ARCHIVE
4335,frontend/.next/dev/cache/turbopack/v16.2.10/00005446.meta,OTHER,674,,0,False,False,False,False,🟡 DELETE = LOW RISK,ARCHIVE
4336,frontend/.next/dev/cache/turbopack/v16.2.10/00005447.meta,OTHER,674,,0,False,False,False,False,🟡 DELETE = LOW RISK,ARCHIVE
4337,frontend/.next/dev/cache/turbopack/v16.2.10/00005448.meta,OTHER,674,,0,False,False,False,False,🟡 DELETE = LOW RISK,ARCHIVE
4338,frontend/.next/dev/cache/turbopack/v16.2.10/00005449.sst,OTHER,3888,,0,False,False,False,False,🟡 DELETE = LOW RISK,ARCHIVE
4339,frontend/.next/dev/cache/turbopack/v16.2.10/00005450.sst,OTHER,715,,0,False,False,False,False,🟡 DELETE = LOW RISK,ARCHIVE
4340,frontend/.next/dev/cache/turbopack/v16.2.10/00005451.sst,OTHER,52,,0,False,False,False,False,🟡 DELETE = LOW RISK,ARCHIVE
4341,frontend/.next/dev/cache/turbopack/v16.2.10/00005452.meta,OTHER,674,,0,False,False,False,False,🟡 DELETE = LOW RISK,ARCHIVE
4342,frontend/.next/dev/cache/turbopack/v16.2.10/00005453.meta,OTHER,674,,0,False,False,False,False,🟡 DELETE = LOW RISK,ARCHIVE
4343,frontend/.next/dev/cache/turbopack/v16.2.10/00005454.meta,OTHER,674,,0,False,False,False,False,🟡 DELETE = LOW RISK,ARCHIVE
4344,frontend/.next/dev/cache/turbopack/v16.2.10/00005455.sst,OTHER,3888,,0,False,False,False,False,🟡 DELETE = LOW RISK,ARCHIVE
4345,frontend/.next/dev/cache/turbopack/v16.2.10/00005456.sst,OTHER,715,,0,False,False,False,False,🟡 DELETE = LOW RISK,ARCHIVE
4346,frontend/.next/dev/cache/turbopack/v16.2.10/00005457.sst,OTHER,52,,0,False,False,False,False,🟡 DELETE = LOW RISK,ARCHIVE
4347,frontend/.next/dev/cache/turbopack/v16.2.10/00005458.meta,OTHER,674,,0,False,False,False,False,🟡 DELETE = LOW RISK,ARCHIVE
4348,frontend/.next/dev/cache/turbopack/v16.2.10/00005459.meta,OTHER,674,,0,False,False,False,False,🟡 DELETE = LOW RISK,ARCHIVE
4349,frontend/.next/dev/cache/turbopack/v16.2.10/00005460.meta,OTHER,674,,0,False,False,False,False,🟡 DELETE = LOW RISK,ARCHIVE
4350,frontend/.next/dev/cache/turbopack/v16.2.10/00005461.sst,OTHER,992,,0,False,False,False,False,🟡 DELETE = LOW RISK,ARCHIVE
4351,frontend/.next/dev/cache/turbopack/v16.2.10/00005462.sst,OTHER,13465,,0,False,False,False,False,🟡 DELETE = LOW RISK,ARCHIVE
4352,frontend/.next/dev/cache/turbopack/v16.2.10/00005463.sst,OTHER,118,,0,False,False,False,False,🟡 DELETE = LOW RISK,ARCHIVE
4353,frontend/.next/dev/cache/turbopack/v16.2.10/00005464.meta,OTHER,674,,0,False,False,False,False,🟡 DELETE = LOW RISK,ARCHIVE
4354,frontend/.next/dev/cache/turbopack/v16.2.10/00005465.meta,OTHER,674,,0,False,False,False,False,🟡 DELETE = LOW RISK,ARCHIVE
4355,frontend/.next/dev/cache/turbopack/v16.2.10/00005466.meta,OTHER,674,,0,False,False,False,False,🟡 DELETE = LOW RISK,ARCHIVE
4356,frontend/.next/dev/cache/turbopack/v16.2.10/00005467.sst,OTHER,63309,,0,False,False,False,False,🟡 DELETE = LOW RISK,ARCHIVE
4357,frontend/.next/dev/cache/turbopack/v16.2.10/00005468.sst,OTHER,33694,,0,False,False,False,False,🟡 DELETE = LOW RISK,ARCHIVE
4358,frontend/.next/dev/cache/turbopack/v16.2.10/00005469.sst,OTHER,52,,0,False,False,False,False,🟡 DELETE = LOW RISK,ARCHIVE
4359,frontend/.next/dev/cache/turbopack/v16.2.10/00005470.meta,OTHER,674,,0,False,False,False,False,🟡 DELETE = LOW RISK,ARCHIVE
4360,frontend/.next/dev/cache/turbopack/v16.2.10/00005471.meta,OTHER,1189,,0,False,False,False,False,🟡 DELETE = LOW RISK,ARCHIVE
4361,frontend/.next/dev/cache/turbopack/v16.2.10/00005472.meta,OTHER,1189,,0,False,False,False,False,🟡 DELETE = LOW RISK,ARCHIVE
4362,frontend/.next/dev/cache/turbopack/v16.2.10/00005473.sst,OTHER,4641540,,0,False,False,False,False,🟡 DELETE = LOW RISK,ARCHIVE
4363,frontend/.next/dev/cache/turbopack/v16.2.10/00005474.sst,OTHER,2088374,,0,False,False,False,False,🟡 DELETE = LOW RISK,ARCHIVE
4364,frontend/.next/dev/cache/turbopack/v16.2.10/00005475.sst,OTHER,52,,0,False,False,False,False,🟡 DELETE = LOW RISK,ARCHIVE
4365,frontend/.next/dev/cache/turbopack/v16.2.10/00005476.meta,OTHER,674,,0,False,False,False,False,🟡 DELETE = LOW RISK,ARCHIVE
4366,frontend/.next/dev/cache/turbopack/v16.2.10/00005477.meta,OTHER,1773,,0,False,False,False,False,🟡 DELETE = LOW RISK,ARCHIVE
4367,frontend/.next/dev/cache/turbopack/v16.2.10/00005478.meta,OTHER,1773,,0,False,False,False,False,🟡 DELETE = LOW RISK,ARCHIVE
4368,frontend/.next/dev/cache/turbopack/v16.2.10/00005479.sst,OTHER,2130,,0,False,False,False,False,🟡 DELETE = LOW RISK,ARCHIVE
4369,frontend/.next/dev/cache/turbopack/v16.2.10/00005480.sst,OTHER,1194,,0,False,False,False,False,🟡 DELETE = LOW RISK,ARCHIVE
4370,frontend/.next/dev/cache/turbopack/v16.2.10/00005481.sst,OTHER,52,,0,False,False,False,False,🟡 DELETE = LOW RISK,ARCHIVE
4371,frontend/.next/dev/cache/turbopack/v16.2.10/00005482.meta,OTHER,674,,0,False,False,False,False,🟡 DELETE = LOW RISK,ARCHIVE
4372,frontend/.next/dev/cache/turbopack/v16.2.10/00005483.meta,OTHER,674,,0,False,False,False,False,🟡 DELETE = LOW RISK,ARCHIVE
4373,frontend/.next/dev/cache/turbopack/v16.2.10/00005484.meta,OTHER,674,,0,False,False,False,False,🟡 DELETE = LOW RISK,ARCHIVE
4374,frontend/.next/dev/cache/turbopack/v16.2.10/00005485.sst,OTHER,3888,,0,False,False,False,False,🟡 DELETE = LOW RISK,ARCHIVE
4375,frontend/.next/dev/cache/turbopack/v16.2.10/00005486.sst,OTHER,715,,0,False,False,False,False,🟡 DELETE = LOW RISK,ARCHIVE
4376,frontend/.next/dev/cache/turbopack/v16.2.10/00005487.sst,OTHER,52,,0,False,False,False,False,🟡 DELETE = LOW RISK,ARCHIVE
4377,frontend/.next/dev/cache/turbopack/v16.2.10/00005488.meta,OTHER,674,,0,False,False,False,False,🟡 DELETE = LOW RISK,ARCHIVE
4378,frontend/.next/dev/cache/turbopack/v16.2.10/00005489.meta,OTHER,674,,0,False,False,False,False,🟡 DELETE = LOW RISK,ARCHIVE
4379,frontend/.next/dev/cache/turbopack/v16.2.10/00005490.meta,OTHER,674,,0,False,False,False,False,🟡 DELETE = LOW RISK,ARCHIVE
4380,frontend/.next/dev/cache/turbopack/v16.2.10/00005491.sst,OTHER,715,,0,False,False,False,False,🟡 DELETE = LOW RISK,ARCHIVE
4381,frontend/.next/dev/cache/turbopack/v16.2.10/00005492.sst,OTHER,3888,,0,False,False,False,False,🟡 DELETE = LOW RISK,ARCHIVE
4382,frontend/.next/dev/cache/turbopack/v16.2.10/00005493.sst,OTHER,52,,0,False,False,False,False,🟡 DELETE = LOW RISK,ARCHIVE
4383,frontend/.next/dev/cache/turbopack/v16.2.10/00005494.meta,OTHER,674,,0,False,False,False,False,🟡 DELETE = LOW RISK,ARCHIVE
4384,frontend/.next/dev/cache/turbopack/v16.2.10/00005495.meta,OTHER,674,,0,False,False,False,False,🟡 DELETE = LOW RISK,ARCHIVE
4385,frontend/.next/dev/cache/turbopack/v16.2.10/00005496.meta,OTHER,674,,0,False,False,False,False,🟡 DELETE = LOW RISK,ARCHIVE
4386,frontend/.next/dev/cache/turbopack/v16.2.10/00005497.sst,OTHER,3888,,0,False,False,False,False,🟡 DELETE = LOW RISK,ARCHIVE
4387,frontend/.next/dev/cache/turbopack/v16.2.10/00005498.sst,OTHER,715,,0,False,False,False,False,🟡 DELETE = LOW RISK,ARCHIVE
4388,frontend/.next/dev/cache/turbopack/v16.2.10/00005499.sst,OTHER,52,,0,False,False,False,False,🟡 DELETE = LOW RISK,ARCHIVE
4389,frontend/.next/dev/cache/turbopack/v16.2.10/00005500.meta,OTHER,674,,0,False,False,False,False,🟡 DELETE = LOW RISK,ARCHIVE
4390,frontend/.next/dev/cache/turbopack/v16.2.10/00005501.meta,OTHER,674,,0,False,False,False,False,🟡 DELETE = LOW RISK,ARCHIVE
4391,frontend/.next/dev/cache/turbopack/v16.2.10/00005502.meta,OTHER,674,,0,False,False,False,False,🟡 DELETE = LOW RISK,ARCHIVE
4392,frontend/.next/dev/cache/turbopack/v16.2.10/00005503.sst,OTHER,32763,,0,False,False,False,False,🟡 DELETE = LOW RISK,ARCHIVE
4393,frontend/.next/dev/cache/turbopack/v16.2.10/00005504.sst,OTHER,45759,,0,False,False,False,False,🟡 DELETE = LOW RISK,ARCHIVE
4394,frontend/.next/dev/cache/turbopack/v16.2.10/00005505.sst,OTHER,52,,0,False,False,False,False,🟡 DELETE = LOW RISK,ARCHIVE
4395,frontend/.next/dev/cache/turbopack/v16.2.10/00005506.meta,OTHER,674,,0,False,False,False,False,🟡 DELETE = LOW RISK,ARCHIVE
4396,frontend/.next/dev/cache/turbopack/v16.2.10/00005507.meta,OTHER,1189,,0,False,False,False,False,🟡 DELETE = LOW RISK,ARCHIVE
4397,frontend/.next/dev/cache/turbopack/v16.2.10/00005508.meta,OTHER,1189,,0,False,False,False,False,🟡 DELETE = LOW RISK,ARCHIVE
4398,frontend/.next/dev/cache/turbopack/v16.2.10/00005509.sst,OTHER,1247260,,0,False,False,False,False,🟡 DELETE = LOW RISK,ARCHIVE
4399,frontend/.next/dev/cache/turbopack/v16.2.10/00005510.sst,OTHER,1851817,,0,False,False,False,False,🟡 DELETE = LOW RISK,ARCHIVE
4400,frontend/.next/dev/cache/turbopack/v16.2.10/00005511.sst,OTHER,52,,0,False,False,False,False,🟡 DELETE = LOW RISK,ARCHIVE
4401,frontend/.next/dev/cache/turbopack/v16.2.10/00005512.meta,OTHER,674,,0,False,False,False,False,🟡 DELETE = LOW RISK,ARCHIVE
4402,frontend/.next/dev/cache/turbopack/v16.2.10/00005513.meta,OTHER,1189,,0,False,False,False,False,🟡 DELETE = LOW RISK,ARCHIVE
4403,frontend/.next/dev/cache/turbopack/v16.2.10/00005514.meta,OTHER,1189,,0,False,False,False,False,🟡 DELETE = LOW RISK,ARCHIVE
4404,frontend/.next/dev/cache/turbopack/v16.2.10/00005515.sst,OTHER,2172759,,0,False,False,False,False,🟡 DELETE = LOW RISK,ARCHIVE
4405,frontend/.next/dev/cache/turbopack/v16.2.10/00005516.sst,OTHER,1928705,,0,False,False,False,False,🟡 DELETE = LOW RISK,ARCHIVE
4406,frontend/.next/dev/cache/turbopack/v16.2.10/00005517.sst,OTHER,52,,0,False,False,False,False,🟡 DELETE = LOW RISK,ARCHIVE
4407,frontend/.next/dev/cache/turbopack/v16.2.10/00005518.meta,OTHER,674,,0,False,False,False,False,🟡 DELETE = LOW RISK,ARCHIVE
4408,frontend/.next/dev/cache/turbopack/v16.2.10/00005519.meta,OTHER,1773,,0,False,False,False,False,🟡 DELETE = LOW RISK,ARCHIVE
4409,frontend/.next/dev/cache/turbopack/v16.2.10/00005520.meta,OTHER,1773,,0,False,False,False,False,🟡 DELETE = LOW RISK,ARCHIVE
4410,frontend/.next/dev/cache/turbopack/v16.2.10/00005521.sst,OTHER,33518,,0,False,False,False,False,🟡 DELETE = LOW RISK,ARCHIVE
4411,frontend/.next/dev/cache/turbopack/v16.2.10/00005522.sst,OTHER,46734,,0,False,False,False,False,🟡 DELETE = LOW RISK,ARCHIVE
4412,frontend/.next/dev/cache/turbopack/v16.2.10/00005523.sst,OTHER,52,,0,False,False,False,False,🟡 DELETE = LOW RISK,ARCHIVE
4413,frontend/.next/dev/cache/turbopack/v16.2.10/00005524.meta,OTHER,674,,0,False,False,False,False,🟡 DELETE = LOW RISK,ARCHIVE
4414,frontend/.next/dev/cache/turbopack/v16.2.10/00005525.meta,OTHER,1189,,0,False,False,False,False,🟡 DELETE = LOW RISK,ARCHIVE
4415,frontend/.next/dev/cache/turbopack/v16.2.10/00005526.meta,OTHER,1189,,0,False,False,False,False,🟡 DELETE = LOW RISK,ARCHIVE
4416,frontend/.next/dev/cache/turbopack/v16.2.10/00005527.sst,OTHER,3888,,0,False,False,False,False,🟡 DELETE = LOW RISK,ARCHIVE
4417,frontend/.next/dev/cache/turbopack/v16.2.10/00005528.sst,OTHER,715,,0,False,False,False,False,🟡 DELETE = LOW RISK,ARCHIVE
4418,frontend/.next/dev/cache/turbopack/v16.2.10/00005529.sst,OTHER,52,,0,False,False,False,False,🟡 DELETE = LOW RISK,ARCHIVE
4419,frontend/.next/dev/cache/turbopack/v16.2.10/00005530.meta,OTHER,674,,0,False,False,False,False,🟡 DELETE = LOW RISK,ARCHIVE
4420,frontend/.next/dev/cache/turbopack/v16.2.10/00005531.meta,OTHER,674,,0,False,False,False,False,🟡 DELETE = LOW RISK,ARCHIVE
4421,frontend/.next/dev/cache/turbopack/v16.2.10/00005532.meta,OTHER,674,,0,False,False,False,False,🟡 DELETE = LOW RISK,ARCHIVE
4422,frontend/.next/dev/cache/turbopack/v16.2.10/00005533.sst,OTHER,3888,,0,False,False,False,False,🟡 DELETE = LOW RISK,ARCHIVE
4423,frontend/.next/dev/cache/turbopack/v16.2.10/00005534.sst,OTHER,715,,0,False,False,False,False,🟡 DELETE = LOW RISK,ARCHIVE
4424,frontend/.next/dev/cache/turbopack/v16.2.10/00005535.sst,OTHER,52,,0,False,False,False,False,🟡 DELETE = LOW RISK,ARCHIVE
4425,frontend/.next/dev/cache/turbopack/v16.2.10/00005536.meta,OTHER,674,,0,False,False,False,False,🟡 DELETE = LOW RISK,ARCHIVE
4426,frontend/.next/dev/cache/turbopack/v16.2.10/00005537.meta,OTHER,674,,0,False,False,False,False,🟡 DELETE = LOW RISK,ARCHIVE
4427,frontend/.next/dev/cache/turbopack/v16.2.10/00005538.meta,OTHER,674,,0,False,False,False,False,🟡 DELETE = LOW RISK,ARCHIVE
4428,frontend/.next/dev/cache/turbopack/v16.2.10/00005539.sst,OTHER,715,,0,False,False,False,False,🟡 DELETE = LOW RISK,ARCHIVE
4429,frontend/.next/dev/cache/turbopack/v16.2.10/00005540.sst,OTHER,3888,,0,False,False,False,False,🟡 DELETE = LOW RISK,ARCHIVE
4430,frontend/.next/dev/cache/turbopack/v16.2.10/00005541.sst,OTHER,52,,0,False,False,False,False,🟡 DELETE = LOW RISK,ARCHIVE
4431,frontend/.next/dev/cache/turbopack/v16.2.10/00005542.meta,OTHER,674,,0,False,False,False,False,🟡 DELETE = LOW RISK,ARCHIVE
4432,frontend/.next/dev/cache/turbopack/v16.2.10/00005543.meta,OTHER,674,,0,False,False,False,False,🟡 DELETE = LOW RISK,ARCHIVE
4433,frontend/.next/dev/cache/turbopack/v16.2.10/00005544.meta,OTHER,674,,0,False,False,False,False,🟡 DELETE = LOW RISK,ARCHIVE
4434,frontend/.next/dev/cache/turbopack/v16.2.10/00005545.sst,OTHER,715,,0,False,False,False,False,🟡 DELETE = LOW RISK,ARCHIVE
4435,frontend/.next/dev/cache/turbopack/v16.2.10/00005546.sst,OTHER,3888,,0,False,False,False,False,🟡 DELETE = LOW RISK,ARCHIVE
4436,frontend/.next/dev/cache/turbopack/v16.2.10/00005547.sst,OTHER,52,,0,False,False,False,False,🟡 DELETE = LOW RISK,ARCHIVE
4437,frontend/.next/dev/cache/turbopack/v16.2.10/00005548.meta,OTHER,674,,0,False,False,False,False,🟡 DELETE = LOW RISK,ARCHIVE
4438,frontend/.next/dev/cache/turbopack/v16.2.10/00005549.meta,OTHER,674,,0,False,False,False,False,🟡 DELETE = LOW RISK,ARCHIVE
4439,frontend/.next/dev/cache/turbopack/v16.2.10/00005550.meta,OTHER,674,,0,False,False,False,False,🟡 DELETE = LOW RISK,ARCHIVE
4440,frontend/.next/dev/cache/turbopack/v16.2.10/00005551.sst,OTHER,13438,,0,False,False,False,False,🟡 DELETE = LOW RISK,ARCHIVE
4441,frontend/.next/dev/cache/turbopack/v16.2.10/00005552.sst,OTHER,20202,,0,False,False,False,False,🟡 DELETE = LOW RISK,ARCHIVE
4442,frontend/.next/dev/cache/turbopack/v16.2.10/00005553.sst,OTHER,52,,0,False,False,False,False,🟡 DELETE = LOW RISK,ARCHIVE
4443,frontend/.next/dev/cache/turbopack/v16.2.10/00005554.meta,OTHER,674,,0,False,False,False,False,🟡 DELETE = LOW RISK,ARCHIVE
4444,frontend/.next/dev/cache/turbopack/v16.2.10/00005555.meta,OTHER,747,,0,False,False,False,False,🟡 DELETE = LOW RISK,ARCHIVE
4445,frontend/.next/dev/cache/turbopack/v16.2.10/00005556.meta,OTHER,747,,0,False,False,False,False,🟡 DELETE = LOW RISK,ARCHIVE
4446,frontend/.next/dev/cache/turbopack/v16.2.10/00005557.sst,OTHER,15681266,,0,False,False,False,False,🟡 DELETE = LOW RISK,ARCHIVE
4447,frontend/.next/dev/cache/turbopack/v16.2.10/00005558.sst,OTHER,5210136,,0,False,False,False,False,🟡 DELETE = LOW RISK,ARCHIVE
4448,frontend/.next/dev/cache/turbopack/v16.2.10/00005559.sst,OTHER,52,,0,False,False,False,False,🟡 DELETE = LOW RISK,ARCHIVE
4449,frontend/.next/dev/cache/turbopack/v16.2.10/00005560.sst,OTHER,10429,,0,False,False,False,False,🟡 DELETE = LOW RISK,ARCHIVE
4450,frontend/.next/dev/cache/turbopack/v16.2.10/00005561.meta,OTHER,674,,0,False,False,False,False,🟡 DELETE = LOW RISK,ARCHIVE
4451,frontend/.next/dev/cache/turbopack/v16.2.10/00005562.meta,OTHER,29006,,0,False,False,False,False,🟡 DELETE = LOW RISK,ARCHIVE
4452,frontend/.next/dev/cache/turbopack/v16.2.10/00005563.meta,OTHER,73214,,0,False,False,False,False,🟡 DELETE = LOW RISK,ARCHIVE
4453,frontend/.next/dev/cache/turbopack/v16.2.10/00005564.meta,OTHER,73214,,0,False,False,False,False,🟡 DELETE = LOW RISK,ARCHIVE
4454,frontend/.next/dev/cache/turbopack/v16.2.10/00005565.sst,OTHER,3851,,0,False,False,False,False,🟡 DELETE = LOW RISK,ARCHIVE
4455,frontend/.next/dev/cache/turbopack/v16.2.10/00005566.sst,OTHER,715,,0,False,False,False,False,🟡 DELETE = LOW RISK,ARCHIVE
4456,frontend/.next/dev/cache/turbopack/v16.2.10/00005567.sst,OTHER,52,,0,False,False,False,False,🟡 DELETE = LOW RISK,ARCHIVE
4457,frontend/.next/dev/cache/turbopack/v16.2.10/00005568.meta,OTHER,674,,0,False,False,False,False,🟡 DELETE = LOW RISK,ARCHIVE
4458,frontend/.next/dev/cache/turbopack/v16.2.10/00005569.meta,OTHER,674,,0,False,False,False,False,🟡 DELETE = LOW RISK,ARCHIVE
4459,frontend/.next/dev/cache/turbopack/v16.2.10/00005570.meta,OTHER,674,,0,False,False,False,False,🟡 DELETE = LOW RISK,ARCHIVE
4460,frontend/.next/dev/cache/turbopack/v16.2.10/00005571.sst,OTHER,1240,,0,False,False,False,False,🟡 DELETE = LOW RISK,ARCHIVE
4461,frontend/.next/dev/cache/turbopack/v16.2.10/00005572.sst,OTHER,4925,,0,False,False,False,False,🟡 DELETE = LOW RISK,ARCHIVE
4462,frontend/.next/dev/cache/turbopack/v16.2.10/00005573.sst,OTHER,52,,0,False,False,False,False,🟡 DELETE = LOW RISK,ARCHIVE
4463,frontend/.next/dev/cache/turbopack/v16.2.10/00005574.meta,OTHER,674,,0,False,False,False,False,🟡 DELETE = LOW RISK,ARCHIVE
4464,frontend/.next/dev/cache/turbopack/v16.2.10/00005575.meta,OTHER,674,,0,False,False,False,False,🟡 DELETE = LOW RISK,ARCHIVE
4465,frontend/.next/dev/cache/turbopack/v16.2.10/00005576.meta,OTHER,674,,0,False,False,False,False,🟡 DELETE = LOW RISK,ARCHIVE
4466,frontend/.next/dev/cache/turbopack/v16.2.10/00005577.sst,OTHER,3851,,0,False,False,False,False,🟡 DELETE = LOW RISK,ARCHIVE
4467,frontend/.next/dev/cache/turbopack/v16.2.10/00005578.sst,OTHER,715,,0,False,False,False,False,🟡 DELETE = LOW RISK,ARCHIVE
4468,frontend/.next/dev/cache/turbopack/v16.2.10/00005579.sst,OTHER,52,,0,False,False,False,False,🟡 DELETE = LOW RISK,ARCHIVE
4469,frontend/.next/dev/cache/turbopack/v16.2.10/00005580.meta,OTHER,674,,0,False,False,False,False,🟡 DELETE = LOW RISK,ARCHIVE
4470,frontend/.next/dev/cache/turbopack/v16.2.10/00005581.meta,OTHER,674,,0,False,False,False,False,🟡 DELETE = LOW RISK,ARCHIVE
4471,frontend/.next/dev/cache/turbopack/v16.2.10/00005582.meta,OTHER,674,,0,False,False,False,False,🟡 DELETE = LOW RISK,ARCHIVE
4472,frontend/.next/dev/cache/turbopack/v16.2.10/00005583.sst,OTHER,2457859,,0,False,False,False,False,🟡 DELETE = LOW RISK,ARCHIVE
4473,frontend/.next/dev/cache/turbopack/v16.2.10/00005584.sst,OTHER,2850186,,0,False,False,False,False,🟡 DELETE = LOW RISK,ARCHIVE
4474,frontend/.next/dev/cache/turbopack/v16.2.10/00005585.sst,OTHER,52,,0,False,False,False,False,🟡 DELETE = LOW RISK,ARCHIVE
4475,frontend/.next/dev/cache/turbopack/v16.2.10/00005586.sst,OTHER,909,,0,False,False,False,False,🟡 DELETE = LOW RISK,ARCHIVE
4476,frontend/.next/dev/cache/turbopack/v16.2.10/00005587.meta,OTHER,674,,0,False,False,False,False,🟡 DELETE = LOW RISK,ARCHIVE
4477,frontend/.next/dev/cache/turbopack/v16.2.10/00005588.meta,OTHER,8454,,0,False,False,False,False,🟡 DELETE = LOW RISK,ARCHIVE
4478,frontend/.next/dev/cache/turbopack/v16.2.10/00005589.meta,OTHER,6117,,0,False,False,False,False,🟡 DELETE = LOW RISK,ARCHIVE
4479,frontend/.next/dev/cache/turbopack/v16.2.10/00005590.meta,OTHER,747,,0,False,False,False,False,🟡 DELETE = LOW RISK,ARCHIVE
4480,frontend/.next/dev/cache/turbopack/v16.2.10/00005591.sst,OTHER,715,,0,False,False,False,False,🟡 DELETE = LOW RISK,ARCHIVE
4481,frontend/.next/dev/cache/turbopack/v16.2.10/00005592.sst,OTHER,3851,,0,False,False,False,False,🟡 DELETE = LOW RISK,ARCHIVE
4482,frontend/.next/dev/cache/turbopack/v16.2.10/00005593.sst,OTHER,52,,0,False,False,False,False,🟡 DELETE = LOW RISK,ARCHIVE
4483,frontend/.next/dev/cache/turbopack/v16.2.10/00005594.meta,OTHER,674,,0,False,False,False,False,🟡 DELETE = LOW RISK,ARCHIVE
4484,frontend/.next/dev/cache/turbopack/v16.2.10/00005595.meta,OTHER,674,,0,False,False,False,False,🟡 DELETE = LOW RISK,ARCHIVE
4485,frontend/.next/dev/cache/turbopack/v16.2.10/00005596.meta,OTHER,674,,0,False,False,False,False,🟡 DELETE = LOW RISK,ARCHIVE
4486,frontend/.next/dev/cache/turbopack/v16.2.10/00005597.sst,OTHER,3851,,0,False,False,False,False,🟡 DELETE = LOW RISK,ARCHIVE
4487,frontend/.next/dev/cache/turbopack/v16.2.10/00005598.sst,OTHER,715,,0,False,False,False,False,🟡 DELETE = LOW RISK,ARCHIVE
4488,frontend/.next/dev/cache/turbopack/v16.2.10/00005599.sst,OTHER,52,,0,False,False,False,False,🟡 DELETE = LOW RISK,ARCHIVE
4489,frontend/.next/dev/cache/turbopack/v16.2.10/00005600.meta,OTHER,674,,0,False,False,False,False,🟡 DELETE = LOW RISK,ARCHIVE
4490,frontend/.next/dev/cache/turbopack/v16.2.10/00005601.meta,OTHER,674,,0,False,False,False,False,🟡 DELETE = LOW RISK,ARCHIVE
4491,frontend/.next/dev/cache/turbopack/v16.2.10/00005602.meta,OTHER,674,,0,False,False,False,False,🟡 DELETE = LOW RISK,ARCHIVE
4492,frontend/.next/dev/cache/turbopack/v16.2.10/00005603.sst,OTHER,3851,,0,False,False,False,False,🟡 DELETE = LOW RISK,ARCHIVE
4493,frontend/.next/dev/cache/turbopack/v16.2.10/00005604.sst,OTHER,715,,0,False,False,False,False,🟡 DELETE = LOW RISK,ARCHIVE
4494,frontend/.next/dev/cache/turbopack/v16.2.10/00005605.sst,OTHER,52,,0,False,False,False,False,🟡 DELETE = LOW RISK,ARCHIVE
4495,frontend/.next/dev/cache/turbopack/v16.2.10/00005606.meta,OTHER,674,,0,False,False,False,False,🟡 DELETE = LOW RISK,ARCHIVE
4496,frontend/.next/dev/cache/turbopack/v16.2.10/00005607.meta,OTHER,674,,0,False,False,False,False,🟡 DELETE = LOW RISK,ARCHIVE
4497,frontend/.next/dev/cache/turbopack/v16.2.10/00005608.meta,OTHER,674,,0,False,False,False,False,🟡 DELETE = LOW RISK,ARCHIVE
4498,frontend/.next/dev/cache/turbopack/v16.2.10/00005609.sst,OTHER,3851,,0,False,False,False,False,🟡 DELETE = LOW RISK,ARCHIVE
4499,frontend/.next/dev/cache/turbopack/v16.2.10/00005610.sst,OTHER,715,,0,False,False,False,False,🟡 DELETE = LOW RISK,ARCHIVE
4500,frontend/.next/dev/cache/turbopack/v16.2.10/00005611.sst,OTHER,52,,0,False,False,False,False,🟡 DELETE = LOW RISK,ARCHIVE
4501,frontend/.next/dev/cache/turbopack/v16.2.10/00005612.meta,OTHER,674,,0,False,False,False,False,🟡 DELETE = LOW RISK,ARCHIVE
4502,frontend/.next/dev/cache/turbopack/v16.2.10/00005613.meta,OTHER,674,,0,False,False,False,False,🟡 DELETE = LOW RISK,ARCHIVE
4503,frontend/.next/dev/cache/turbopack/v16.2.10/00005614.meta,OTHER,674,,0,False,False,False,False,🟡 DELETE = LOW RISK,ARCHIVE
4504,frontend/.next/dev/cache/turbopack/v16.2.10/00005615.sst,OTHER,560955,,0,False,False,False,False,🟡 DELETE = LOW RISK,ARCHIVE
4505,frontend/.next/dev/cache/turbopack/v16.2.10/00005616.sst,OTHER,1847394,,0,False,False,False,False,🟡 DELETE = LOW RISK,ARCHIVE
4506,frontend/.next/dev/cache/turbopack/v16.2.10/00005617.sst,OTHER,52,,0,False,False,False,False,🟡 DELETE = LOW RISK,ARCHIVE
4507,frontend/.next/dev/cache/turbopack/v16.2.10/00005618.meta,OTHER,1189,,0,False,False,False,False,🟡 DELETE = LOW RISK,ARCHIVE
4508,frontend/.next/dev/cache/turbopack/v16.2.10/00005619.meta,OTHER,674,,0,False,False,False,False,🟡 DELETE = LOW RISK,ARCHIVE
4509,frontend/.next/dev/cache/turbopack/v16.2.10/00005620.meta,OTHER,1187,,0,False,False,False,False,🟡 DELETE = LOW RISK,ARCHIVE
4510,frontend/.next/dev/cache/turbopack/v16.2.10/00005621.sst,OTHER,12993,,0,False,False,False,False,🟡 DELETE = LOW RISK,ARCHIVE
4511,frontend/.next/dev/cache/turbopack/v16.2.10/00005622.sst,OTHER,82,,0,False,False,False,False,🟡 DELETE = LOW RISK,ARCHIVE
4512,frontend/.next/dev/cache/turbopack/v16.2.10/00005623.meta,OTHER,674,,0,False,False,False,False,🟡 DELETE = LOW RISK,ARCHIVE
4513,frontend/.next/dev/cache/turbopack/v16.2.10/00005624.meta,OTHER,674,,0,False,False,False,False,🟡 DELETE = LOW RISK,ARCHIVE
4514,frontend/.next/dev/cache/turbopack/v16.2.10/00005625.sst,OTHER,39872,,0,False,False,False,False,🟡 DELETE = LOW RISK,ARCHIVE
4515,frontend/.next/dev/cache/turbopack/v16.2.10/00005626.sst,OTHER,74435,,0,False,False,False,False,🟡 DELETE = LOW RISK,ARCHIVE
4516,frontend/.next/dev/cache/turbopack/v16.2.10/00005627.sst,OTHER,52,,0,False,False,False,False,🟡 DELETE = LOW RISK,ARCHIVE
4517,frontend/.next/dev/cache/turbopack/v16.2.10/00005628.meta,OTHER,674,,0,False,False,False,False,🟡 DELETE = LOW RISK,ARCHIVE
4518,frontend/.next/dev/cache/turbopack/v16.2.10/00005629.meta,OTHER,1189,,0,False,False,False,False,🟡 DELETE = LOW RISK,ARCHIVE
4519,frontend/.next/dev/cache/turbopack/v16.2.10/00005630.meta,OTHER,1189,,0,False,False,False,False,🟡 DELETE = LOW RISK,ARCHIVE
4520,frontend/.next/dev/cache/turbopack/v16.2.10/00005631.sst,OTHER,3851,,0,False,False,False,False,🟡 DELETE = LOW RISK,ARCHIVE
4521,frontend/.next/dev/cache/turbopack/v16.2.10/00005632.sst,OTHER,715,,0,False,False,False,False,🟡 DELETE = LOW RISK,ARCHIVE
4522,frontend/.next/dev/cache/turbopack/v16.2.10/00005633.sst,OTHER,52,,0,False,False,False,False,🟡 DELETE = LOW RISK,ARCHIVE
4523,frontend/.next/dev/cache/turbopack/v16.2.10/00005634.meta,OTHER,674,,0,False,False,False,False,🟡 DELETE = LOW RISK,ARCHIVE
4524,frontend/.next/dev/cache/turbopack/v16.2.10/00005635.meta,OTHER,674,,0,False,False,False,False,🟡 DELETE = LOW RISK,ARCHIVE
4525,frontend/.next/dev/cache/turbopack/v16.2.10/00005636.meta,OTHER,674,,0,False,False,False,False,🟡 DELETE = LOW RISK,ARCHIVE
4526,frontend/.next/dev/cache/turbopack/v16.2.10/00005637.sst,OTHER,3851,,0,False,False,False,False,🟡 DELETE = LOW RISK,ARCHIVE
4527,frontend/.next/dev/cache/turbopack/v16.2.10/00005638.sst,OTHER,715,,0,False,False,False,False,🟡 DELETE = LOW RISK,ARCHIVE
4528,frontend/.next/dev/cache/turbopack/v16.2.10/00005639.sst,OTHER,52,,0,False,False,False,False,🟡 DELETE = LOW RISK,ARCHIVE
4529,frontend/.next/dev/cache/turbopack/v16.2.10/00005640.meta,OTHER,674,,0,False,False,False,False,🟡 DELETE = LOW RISK,ARCHIVE
4530,frontend/.next/dev/cache/turbopack/v16.2.10/00005641.meta,OTHER,674,,0,False,False,False,False,🟡 DELETE = LOW RISK,ARCHIVE
4531,frontend/.next/dev/cache/turbopack/v16.2.10/00005642.meta,OTHER,674,,0,False,False,False,False,🟡 DELETE = LOW RISK,ARCHIVE
4532,frontend/.next/dev/cache/turbopack/v16.2.10/00005643.sst,OTHER,3851,,0,False,False,False,False,🟡 DELETE = LOW RISK,ARCHIVE
4533,frontend/.next/dev/cache/turbopack/v16.2.10/00005644.sst,OTHER,715,,0,False,False,False,False,🟡 DELETE = LOW RISK,ARCHIVE
4534,frontend/.next/dev/cache/turbopack/v16.2.10/00005645.sst,OTHER,52,,0,False,False,False,False,🟡 DELETE = LOW RISK,ARCHIVE
4535,frontend/.next/dev/cache/turbopack/v16.2.10/00005646.meta,OTHER,674,,0,False,False,False,False,🟡 DELETE = LOW RISK,ARCHIVE
4536,frontend/.next/dev/cache/turbopack/v16.2.10/00005647.meta,OTHER,674,,0,False,False,False,False,🟡 DELETE = LOW RISK,ARCHIVE
4537,frontend/.next/dev/cache/turbopack/v16.2.10/00005648.meta,OTHER,674,,0,False,False,False,False,🟡 DELETE = LOW RISK,ARCHIVE
4538,frontend/.next/dev/cache/turbopack/v16.2.10/00005649.sst,OTHER,3851,,0,False,False,False,False,🟡 DELETE = LOW RISK,ARCHIVE
4539,frontend/.next/dev/cache/turbopack/v16.2.10/00005650.sst,OTHER,715,,0,False,False,False,False,🟡 DELETE = LOW RISK,ARCHIVE
4540,frontend/.next/dev/cache/turbopack/v16.2.10/00005651.sst,OTHER,52,,0,False,False,False,False,🟡 DELETE = LOW RISK,ARCHIVE
4541,frontend/.next/dev/cache/turbopack/v16.2.10/00005652.meta,OTHER,674,,0,False,False,False,False,🟡 DELETE = LOW RISK,ARCHIVE
4542,frontend/.next/dev/cache/turbopack/v16.2.10/00005653.meta,OTHER,674,,0,False,False,False,False,🟡 DELETE = LOW RISK,ARCHIVE
4543,frontend/.next/dev/cache/turbopack/v16.2.10/00005654.meta,OTHER,674,,0,False,False,False,False,🟡 DELETE = LOW RISK,ARCHIVE
4544,frontend/.next/dev/cache/turbopack/v16.2.10/00005655.sst,OTHER,3516170,,0,False,False,False,False,🟡 DELETE = LOW RISK,ARCHIVE
4545,frontend/.next/dev/cache/turbopack/v16.2.10/00005656.sst,OTHER,8145124,,0,False,False,False,False,🟡 DELETE = LOW RISK,ARCHIVE
4546,frontend/.next/dev/cache/turbopack/v16.2.10/00005657.sst,OTHER,52,,0,False,False,False,False,🟡 DELETE = LOW RISK,ARCHIVE
4547,frontend/.next/dev/cache/turbopack/v16.2.10/00005658.sst,OTHER,189,,0,False,False,False,False,🟡 DELETE = LOW RISK,ARCHIVE
4548,frontend/.next/dev/cache/turbopack/v16.2.10/00005659.meta,OTHER,674,,0,False,False,False,False,🟡 DELETE = LOW RISK,ARCHIVE
4549,frontend/.next/dev/cache/turbopack/v16.2.10/00005660.meta,OTHER,5742,,0,False,False,False,False,🟡 DELETE = LOW RISK,ARCHIVE
4550,frontend/.next/dev/cache/turbopack/v16.2.10/00005661.meta,OTHER,5277,,0,False,False,False,False,🟡 DELETE = LOW RISK,ARCHIVE
4551,frontend/.next/dev/cache/turbopack/v16.2.10/00005662.meta,OTHER,674,,0,False,False,False,False,🟡 DELETE = LOW RISK,ARCHIVE
4552,frontend/.next/dev/cache/turbopack/v16.2.10/00005663.sst,OTHER,32743,,0,False,False,False,False,🟡 DELETE = LOW RISK,ARCHIVE
4553,frontend/.next/dev/cache/turbopack/v16.2.10/00005664.sst,OTHER,45712,,0,False,False,False,False,🟡 DELETE = LOW RISK,ARCHIVE
4554,frontend/.next/dev/cache/turbopack/v16.2.10/00005665.sst,OTHER,52,,0,False,False,False,False,🟡 DELETE = LOW RISK,ARCHIVE
4555,frontend/.next/dev/cache/turbopack/v16.2.10/00005666.meta,OTHER,674,,0,False,False,False,False,🟡 DELETE = LOW RISK,ARCHIVE
4556,frontend/.next/dev/cache/turbopack/v16.2.10/00005667.meta,OTHER,1189,,0,False,False,False,False,🟡 DELETE = LOW RISK,ARCHIVE
4557,frontend/.next/dev/cache/turbopack/v16.2.10/00005668.meta,OTHER,1189,,0,False,False,False,False,🟡 DELETE = LOW RISK,ARCHIVE
4558,frontend/.next/dev/cache/turbopack/v16.2.10/00005669.sst,OTHER,39872,,0,False,False,False,False,🟡 DELETE = LOW RISK,ARCHIVE
4559,frontend/.next/dev/cache/turbopack/v16.2.10/00005670.sst,OTHER,74440,,0,False,False,False,False,🟡 DELETE = LOW RISK,ARCHIVE
4560,frontend/.next/dev/cache/turbopack/v16.2.10/00005671.sst,OTHER,52,,0,False,False,False,False,🟡 DELETE = LOW RISK,ARCHIVE
4561,frontend/.next/dev/cache/turbopack/v16.2.10/00005672.meta,OTHER,674,,0,False,False,False,False,🟡 DELETE = LOW RISK,ARCHIVE
4562,frontend/.next/dev/cache/turbopack/v16.2.10/00005673.meta,OTHER,1189,,0,False,False,False,False,🟡 DELETE = LOW RISK,ARCHIVE
4563,frontend/.next/dev/cache/turbopack/v16.2.10/00005674.meta,OTHER,1189,,0,False,False,False,False,🟡 DELETE = LOW RISK,ARCHIVE
4564,frontend/.next/dev/cache/turbopack/v16.2.10/00005675.sst,OTHER,50600,,0,False,False,False,False,🟡 DELETE = LOW RISK,ARCHIVE
4565,frontend/.next/dev/cache/turbopack/v16.2.10/00005676.sst,OTHER,34415,,0,False,False,False,False,🟡 DELETE = LOW RISK,ARCHIVE
4566,frontend/.next/dev/cache/turbopack/v16.2.10/00005677.sst,OTHER,52,,0,False,False,False,False,🟡 DELETE = LOW RISK,ARCHIVE
4567,frontend/.next/dev/cache/turbopack/v16.2.10/00005678.meta,OTHER,674,,0,False,False,False,False,🟡 DELETE = LOW RISK,ARCHIVE
4568,frontend/.next/dev/cache/turbopack/v16.2.10/00005679.meta,OTHER,1189,,0,False,False,False,False,🟡 DELETE = LOW RISK,ARCHIVE
4569,frontend/.next/dev/cache/turbopack/v16.2.10/00005680.meta,OTHER,1189,,0,False,False,False,False,🟡 DELETE = LOW RISK,ARCHIVE
4570,frontend/.next/dev/cache/turbopack/v16.2.10/00005681.sst,OTHER,3862,,0,False,False,False,False,🟡 DELETE = LOW RISK,ARCHIVE
4571,frontend/.next/dev/cache/turbopack/v16.2.10/00005682.sst,OTHER,715,,0,False,False,False,False,🟡 DELETE = LOW RISK,ARCHIVE
4572,frontend/.next/dev/cache/turbopack/v16.2.10/00005683.sst,OTHER,52,,0,False,False,False,False,🟡 DELETE = LOW RISK,ARCHIVE
4573,frontend/.next/dev/cache/turbopack/v16.2.10/00005684.meta,OTHER,674,,0,False,False,False,False,🟡 DELETE = LOW RISK,ARCHIVE
4574,frontend/.next/dev/cache/turbopack/v16.2.10/00005685.meta,OTHER,674,,0,False,False,False,False,🟡 DELETE = LOW RISK,ARCHIVE
4575,frontend/.next/dev/cache/turbopack/v16.2.10/00005686.meta,OTHER,674,,0,False,False,False,False,🟡 DELETE = LOW RISK,ARCHIVE
4576,frontend/.next/dev/cache/turbopack/v16.2.10/00005687.sst,OTHER,715,,0,False,False,False,False,🟡 DELETE = LOW RISK,ARCHIVE
4577,frontend/.next/dev/cache/turbopack/v16.2.10/00005688.sst,OTHER,3862,,0,False,False,False,False,🟡 DELETE = LOW RISK,ARCHIVE
4578,frontend/.next/dev/cache/turbopack/v16.2.10/00005689.sst,OTHER,52,,0,False,False,False,False,🟡 DELETE = LOW RISK,ARCHIVE
4579,frontend/.next/dev/cache/turbopack/v16.2.10/00005690.meta,OTHER,674,,0,False,False,False,False,🟡 DELETE = LOW RISK,ARCHIVE
4580,frontend/.next/dev/cache/turbopack/v16.2.10/00005691.meta,OTHER,674,,0,False,False,False,False,🟡 DELETE = LOW RISK,ARCHIVE
4581,frontend/.next/dev/cache/turbopack/v16.2.10/00005692.meta,OTHER,674,,0,False,False,False,False,🟡 DELETE = LOW RISK,ARCHIVE
4582,frontend/.next/dev/cache/turbopack/v16.2.10/00005693.sst,OTHER,20151,,0,False,False,False,False,🟡 DELETE = LOW RISK,ARCHIVE
4583,frontend/.next/dev/cache/turbopack/v16.2.10/00005694.sst,OTHER,13458,,0,False,False,False,False,🟡 DELETE = LOW RISK,ARCHIVE
4584,frontend/.next/dev/cache/turbopack/v16.2.10/00005695.sst,OTHER,52,,0,False,False,False,False,🟡 DELETE = LOW RISK,ARCHIVE
4585,frontend/.next/dev/cache/turbopack/v16.2.10/00005696.meta,OTHER,674,,0,False,False,False,False,🟡 DELETE = LOW RISK,ARCHIVE
4586,frontend/.next/dev/cache/turbopack/v16.2.10/00005697.meta,OTHER,747,,0,False,False,False,False,🟡 DELETE = LOW RISK,ARCHIVE
4587,frontend/.next/dev/cache/turbopack/v16.2.10/00005698.meta,OTHER,747,,0,False,False,False,False,🟡 DELETE = LOW RISK,ARCHIVE
4588,frontend/.next/dev/cache/turbopack/v16.2.10/00005699.sst,OTHER,1854950,,0,False,False,False,False,🟡 DELETE = LOW RISK,ARCHIVE
4589,frontend/.next/dev/cache/turbopack/v16.2.10/00005700.sst,OTHER,545572,,0,False,False,False,False,🟡 DELETE = LOW RISK,ARCHIVE
4590,frontend/.next/dev/cache/turbopack/v16.2.10/00005701.sst,OTHER,52,,0,False,False,False,False,🟡 DELETE = LOW RISK,ARCHIVE
4591,frontend/.next/dev/cache/turbopack/v16.2.10/00005702.meta,OTHER,674,,0,False,False,False,False,🟡 DELETE = LOW RISK,ARCHIVE
4592,frontend/.next/dev/cache/turbopack/v16.2.10/00005703.meta,OTHER,1189,,0,False,False,False,False,🟡 DELETE = LOW RISK,ARCHIVE
4593,frontend/.next/dev/cache/turbopack/v16.2.10/00005704.meta,OTHER,895,,0,False,False,False,False,🟡 DELETE = LOW RISK,ARCHIVE
4594,frontend/.next/dev/cache/turbopack/v16.2.10/00005705.sst,OTHER,3862,,0,False,False,False,False,🟡 DELETE = LOW RISK,ARCHIVE
4595,frontend/.next/dev/cache/turbopack/v16.2.10/00005706.sst,OTHER,715,,0,False,False,False,False,🟡 DELETE = LOW RISK,ARCHIVE
4596,frontend/.next/dev/cache/turbopack/v16.2.10/00005707.sst,OTHER,52,,0,False,False,False,False,🟡 DELETE = LOW RISK,ARCHIVE
4597,frontend/.next/dev/cache/turbopack/v16.2.10/00005708.meta,OTHER,674,,0,False,False,False,False,🟡 DELETE = LOW RISK,ARCHIVE
4598,frontend/.next/dev/cache/turbopack/v16.2.10/00005709.meta,OTHER,674,,0,False,False,False,False,🟡 DELETE = LOW RISK,ARCHIVE
4599,frontend/.next/dev/cache/turbopack/v16.2.10/00005710.meta,OTHER,674,,0,False,False,False,False,🟡 DELETE = LOW RISK,ARCHIVE
4600,frontend/.next/dev/cache/turbopack/v16.2.10/00005711.sst,OTHER,3862,,0,False,False,False,False,🟡 DELETE = LOW RISK,ARCHIVE
4601,frontend/.next/dev/cache/turbopack/v16.2.10/00005712.sst,OTHER,715,,0,False,False,False,False,🟡 DELETE = LOW RISK,ARCHIVE
4602,frontend/.next/dev/cache/turbopack/v16.2.10/00005713.sst,OTHER,52,,0,False,False,False,False,🟡 DELETE = LOW RISK,ARCHIVE
4603,frontend/.next/dev/cache/turbopack/v16.2.10/00005714.meta,OTHER,674,,0,False,False,False,False,🟡 DELETE = LOW RISK,ARCHIVE
4604,frontend/.next/dev/cache/turbopack/v16.2.10/00005715.meta,OTHER,674,,0,False,False,False,False,🟡 DELETE = LOW RISK,ARCHIVE
4605,frontend/.next/dev/cache/turbopack/v16.2.10/00005716.meta,OTHER,674,,0,False,False,False,False,🟡 DELETE = LOW RISK,ARCHIVE
4606,frontend/.next/dev/cache/turbopack/v16.2.10/00005717.sst,OTHER,3862,,0,False,False,False,False,🟡 DELETE = LOW RISK,ARCHIVE
4607,frontend/.next/dev/cache/turbopack/v16.2.10/00005718.sst,OTHER,715,,0,False,False,False,False,🟡 DELETE = LOW RISK,ARCHIVE
4608,frontend/.next/dev/cache/turbopack/v16.2.10/00005719.sst,OTHER,52,,0,False,False,False,False,🟡 DELETE = LOW RISK,ARCHIVE
4609,frontend/.next/dev/cache/turbopack/v16.2.10/00005720.meta,OTHER,674,,0,False,False,False,False,🟡 DELETE = LOW RISK,ARCHIVE
4610,frontend/.next/dev/cache/turbopack/v16.2.10/00005721.meta,OTHER,674,,0,False,False,False,False,🟡 DELETE = LOW RISK,ARCHIVE
4611,frontend/.next/dev/cache/turbopack/v16.2.10/00005722.meta,OTHER,674,,0,False,False,False,False,🟡 DELETE = LOW RISK,ARCHIVE
4612,frontend/.next/dev/cache/turbopack/v16.2.10/00005723.sst,OTHER,3862,,0,False,False,False,False,🟡 DELETE = LOW RISK,ARCHIVE
4613,frontend/.next/dev/cache/turbopack/v16.2.10/00005724.sst,OTHER,715,,0,False,False,False,False,🟡 DELETE = LOW RISK,ARCHIVE
4614,frontend/.next/dev/cache/turbopack/v16.2.10/00005725.sst,OTHER,52,,0,False,False,False,False,🟡 DELETE = LOW RISK,ARCHIVE
4615,frontend/.next/dev/cache/turbopack/v16.2.10/00005726.meta,OTHER,674,,0,False,False,False,False,🟡 DELETE = LOW RISK,ARCHIVE
4616,frontend/.next/dev/cache/turbopack/v16.2.10/00005727.meta,OTHER,674,,0,False,False,False,False,🟡 DELETE = LOW RISK,ARCHIVE
4617,frontend/.next/dev/cache/turbopack/v16.2.10/00005728.meta,OTHER,674,,0,False,False,False,False,🟡 DELETE = LOW RISK,ARCHIVE
4618,frontend/.next/dev/cache/turbopack/v16.2.10/00005729.sst,OTHER,3862,,0,False,False,False,False,🟡 DELETE = LOW RISK,ARCHIVE
4619,frontend/.next/dev/cache/turbopack/v16.2.10/00005730.sst,OTHER,715,,0,False,False,False,False,🟡 DELETE = LOW RISK,ARCHIVE
4620,frontend/.next/dev/cache/turbopack/v16.2.10/00005731.sst,OTHER,52,,0,False,False,False,False,🟡 DELETE = LOW RISK,ARCHIVE
4621,frontend/.next/dev/cache/turbopack/v16.2.10/00005732.meta,OTHER,674,,0,False,False,False,False,🟡 DELETE = LOW RISK,ARCHIVE
4622,frontend/.next/dev/cache/turbopack/v16.2.10/00005733.meta,OTHER,674,,0,False,False,False,False,🟡 DELETE = LOW RISK,ARCHIVE
4623,frontend/.next/dev/cache/turbopack/v16.2.10/00005734.meta,OTHER,674,,0,False,False,False,False,🟡 DELETE = LOW RISK,ARCHIVE
4624,frontend/.next/dev/cache/turbopack/v16.2.10/00005735.sst,OTHER,12993,,0,False,False,False,False,🟡 DELETE = LOW RISK,ARCHIVE
4625,frontend/.next/dev/cache/turbopack/v16.2.10/00005736.sst,OTHER,91,,0,False,False,False,False,🟡 DELETE = LOW RISK,ARCHIVE
4626,frontend/.next/dev/cache/turbopack/v16.2.10/00005737.meta,OTHER,674,,0,False,False,False,False,🟡 DELETE = LOW RISK,ARCHIVE
4627,frontend/.next/dev/cache/turbopack/v16.2.10/00005738.meta,OTHER,674,,0,False,False,False,False,🟡 DELETE = LOW RISK,ARCHIVE
4628,frontend/.next/dev/cache/turbopack/v16.2.10/00005739.sst,OTHER,74440,,0,False,False,False,False,🟡 DELETE = LOW RISK,ARCHIVE
4629,frontend/.next/dev/cache/turbopack/v16.2.10/00005740.sst,OTHER,39872,,0,False,False,False,False,🟡 DELETE = LOW RISK,ARCHIVE
4630,frontend/.next/dev/cache/turbopack/v16.2.10/00005741.sst,OTHER,52,,0,False,False,False,False,🟡 DELETE = LOW RISK,ARCHIVE
4631,frontend/.next/dev/cache/turbopack/v16.2.10/00005742.meta,OTHER,674,,0,False,False,False,False,🟡 DELETE = LOW RISK,ARCHIVE
4632,frontend/.next/dev/cache/turbopack/v16.2.10/00005743.meta,OTHER,1189,,0,False,False,False,False,🟡 DELETE = LOW RISK,ARCHIVE
4633,frontend/.next/dev/cache/turbopack/v16.2.10/00005744.meta,OTHER,1189,,0,False,False,False,False,🟡 DELETE = LOW RISK,ARCHIVE
4634,frontend/.next/dev/cache/turbopack/v16.2.10/00005745.sst,OTHER,45693,,0,False,False,False,False,🟡 DELETE = LOW RISK,ARCHIVE
4635,frontend/.next/dev/cache/turbopack/v16.2.10/00005746.sst,OTHER,32595,,0,False,False,False,False,🟡 DELETE = LOW RISK,ARCHIVE
4636,frontend/.next/dev/cache/turbopack/v16.2.10/00005747.sst,OTHER,52,,0,False,False,False,False,🟡 DELETE = LOW RISK,ARCHIVE
4637,frontend/.next/dev/cache/turbopack/v16.2.10/00005748.meta,OTHER,674,,0,False,False,False,False,🟡 DELETE = LOW RISK,ARCHIVE
4638,frontend/.next/dev/cache/turbopack/v16.2.10/00005749.meta,OTHER,1189,,0,False,False,False,False,🟡 DELETE = LOW RISK,ARCHIVE
4639,frontend/.next/dev/cache/turbopack/v16.2.10/00005750.meta,OTHER,1189,,0,False,False,False,False,🟡 DELETE = LOW RISK,ARCHIVE
4640,frontend/.next/dev/cache/turbopack/v16.2.10/00005751.sst,OTHER,4781316,,0,False,False,False,False,🟡 DELETE = LOW RISK,ARCHIVE
4641,frontend/.next/dev/cache/turbopack/v16.2.10/00005752.sst,OTHER,2098147,,0,False,False,False,False,🟡 DELETE = LOW RISK,ARCHIVE
4642,frontend/.next/dev/cache/turbopack/v16.2.10/00005753.sst,OTHER,52,,0,False,False,False,False,🟡 DELETE = LOW RISK,ARCHIVE
4643,frontend/.next/dev/cache/turbopack/v16.2.10/00005754.meta,OTHER,674,,0,False,False,False,False,🟡 DELETE = LOW RISK,ARCHIVE
4644,frontend/.next/dev/cache/turbopack/v16.2.10/00005755.meta,OTHER,1773,,0,False,False,False,False,🟡 DELETE = LOW RISK,ARCHIVE
4645,frontend/.next/dev/cache/turbopack/v16.2.10/00005756.meta,OTHER,1773,,0,False,False,False,False,🟡 DELETE = LOW RISK,ARCHIVE
4646,frontend/.next/dev/cache/turbopack/v16.2.10/00005757.sst,OTHER,65707,,0,False,False,False,False,🟡 DELETE = LOW RISK,ARCHIVE
4647,frontend/.next/dev/cache/turbopack/v16.2.10/00005758.sst,OTHER,34165,,0,False,False,False,False,🟡 DELETE = LOW RISK,ARCHIVE
4648,frontend/.next/dev/cache/turbopack/v16.2.10/00005759.sst,OTHER,52,,0,False,False,False,False,🟡 DELETE = LOW RISK,ARCHIVE
4649,frontend/.next/dev/cache/turbopack/v16.2.10/00005760.meta,OTHER,674,,0,False,False,False,False,🟡 DELETE = LOW RISK,ARCHIVE
4650,frontend/.next/dev/cache/turbopack/v16.2.10/00005761.meta,OTHER,1189,,0,False,False,False,False,🟡 DELETE = LOW RISK,ARCHIVE
4651,frontend/.next/dev/cache/turbopack/v16.2.10/00005762.meta,OTHER,1189,,0,False,False,False,False,🟡 DELETE = LOW RISK,ARCHIVE
4652,frontend/.next/dev/cache/turbopack/v16.2.10/00005763.sst,OTHER,3862,,0,False,False,False,False,🟡 DELETE = LOW RISK,ARCHIVE
4653,frontend/.next/dev/cache/turbopack/v16.2.10/00005764.sst,OTHER,715,,0,False,False,False,False,🟡 DELETE = LOW RISK,ARCHIVE
4654,frontend/.next/dev/cache/turbopack/v16.2.10/00005765.sst,OTHER,52,,0,False,False,False,False,🟡 DELETE = LOW RISK,ARCHIVE
4655,frontend/.next/dev/cache/turbopack/v16.2.10/00005766.meta,OTHER,674,,0,False,False,False,False,🟡 DELETE = LOW RISK,ARCHIVE
4656,frontend/.next/dev/cache/turbopack/v16.2.10/00005767.meta,OTHER,674,,0,False,False,False,False,🟡 DELETE = LOW RISK,ARCHIVE
4657,frontend/.next/dev/cache/turbopack/v16.2.10/00005768.meta,OTHER,674,,0,False,False,False,False,🟡 DELETE = LOW RISK,ARCHIVE
4658,frontend/.next/dev/cache/turbopack/v16.2.10/00005769.sst,OTHER,3862,,0,False,False,False,False,🟡 DELETE = LOW RISK,ARCHIVE
4659,frontend/.next/dev/cache/turbopack/v16.2.10/00005770.sst,OTHER,715,,0,False,False,False,False,🟡 DELETE = LOW RISK,ARCHIVE
4660,frontend/.next/dev/cache/turbopack/v16.2.10/00005771.sst,OTHER,52,,0,False,False,False,False,🟡 DELETE = LOW RISK,ARCHIVE
4661,frontend/.next/dev/cache/turbopack/v16.2.10/00005772.meta,OTHER,674,,0,False,False,False,False,🟡 DELETE = LOW RISK,ARCHIVE
4662,frontend/.next/dev/cache/turbopack/v16.2.10/00005773.meta,OTHER,674,,0,False,False,False,False,🟡 DELETE = LOW RISK,ARCHIVE
4663,frontend/.next/dev/cache/turbopack/v16.2.10/00005774.meta,OTHER,674,,0,False,False,False,False,🟡 DELETE = LOW RISK,ARCHIVE
4664,frontend/.next/dev/cache/turbopack/v16.2.10/00005775.sst,OTHER,3862,,0,False,False,False,False,🟡 DELETE = LOW RISK,ARCHIVE
4665,frontend/.next/dev/cache/turbopack/v16.2.10/00005776.sst,OTHER,715,,0,False,False,False,False,🟡 DELETE = LOW RISK,ARCHIVE
4666,frontend/.next/dev/cache/turbopack/v16.2.10/00005777.sst,OTHER,52,,0,False,False,False,False,🟡 DELETE = LOW RISK,ARCHIVE
4667,frontend/.next/dev/cache/turbopack/v16.2.10/00005778.meta,OTHER,674,,0,False,False,False,False,🟡 DELETE = LOW RISK,ARCHIVE
4668,frontend/.next/dev/cache/turbopack/v16.2.10/00005779.meta,OTHER,674,,0,False,False,False,False,🟡 DELETE = LOW RISK,ARCHIVE
4669,frontend/.next/dev/cache/turbopack/v16.2.10/00005780.meta,OTHER,674,,0,False,False,False,False,🟡 DELETE = LOW RISK,ARCHIVE
4670,frontend/.next/dev/cache/turbopack/v16.2.10/00005781.sst,OTHER,1849927,,0,False,False,False,False,🟡 DELETE = LOW RISK,ARCHIVE
4671,frontend/.next/dev/cache/turbopack/v16.2.10/00005782.sst,OTHER,1199813,,0,False,False,False,False,🟡 DELETE = LOW RISK,ARCHIVE
4672,frontend/.next/dev/cache/turbopack/v16.2.10/00005783.sst,OTHER,52,,0,False,False,False,False,🟡 DELETE = LOW RISK,ARCHIVE
4673,frontend/.next/dev/cache/turbopack/v16.2.10/00005784.meta,OTHER,674,,0,False,False,False,False,🟡 DELETE = LOW RISK,ARCHIVE
4674,frontend/.next/dev/cache/turbopack/v16.2.10/00005785.meta,OTHER,1189,,0,False,False,False,False,🟡 DELETE = LOW RISK,ARCHIVE
4675,frontend/.next/dev/cache/turbopack/v16.2.10/00005786.meta,OTHER,1189,,0,False,False,False,False,🟡 DELETE = LOW RISK,ARCHIVE
4676,frontend/.next/dev/cache/turbopack/v16.2.10/00005787.sst,OTHER,3862,,0,False,False,False,False,🟡 DELETE = LOW RISK,ARCHIVE
4677,frontend/.next/dev/cache/turbopack/v16.2.10/00005788.sst,OTHER,715,,0,False,False,False,False,🟡 DELETE = LOW RISK,ARCHIVE
4678,frontend/.next/dev/cache/turbopack/v16.2.10/00005789.sst,OTHER,52,,0,False,False,False,False,🟡 DELETE = LOW RISK,ARCHIVE
4679,frontend/.next/dev/cache/turbopack/v16.2.10/00005790.meta,OTHER,674,,0,False,False,False,False,🟡 DELETE = LOW RISK,ARCHIVE
4680,frontend/.next/dev/cache/turbopack/v16.2.10/00005791.meta,OTHER,674,,0,False,False,False,False,🟡 DELETE = LOW RISK,ARCHIVE
4681,frontend/.next/dev/cache/turbopack/v16.2.10/00005792.meta,OTHER,674,,0,False,False,False,False,🟡 DELETE = LOW RISK,ARCHIVE
4682,frontend/.next/dev/cache/turbopack/v16.2.10/00005793.sst,OTHER,3862,,0,False,False,False,False,🟡 DELETE = LOW RISK,ARCHIVE
4683,frontend/.next/dev/cache/turbopack/v16.2.10/00005794.sst,OTHER,715,,0,False,False,False,False,🟡 DELETE = LOW RISK,ARCHIVE
4684,frontend/.next/dev/cache/turbopack/v16.2.10/00005795.sst,OTHER,52,,0,False,False,False,False,🟡 DELETE = LOW RISK,ARCHIVE
4685,frontend/.next/dev/cache/turbopack/v16.2.10/00005796.meta,OTHER,674,,0,False,False,False,False,🟡 DELETE = LOW RISK,ARCHIVE
4686,frontend/.next/dev/cache/turbopack/v16.2.10/00005797.meta,OTHER,674,,0,False,False,False,False,🟡 DELETE = LOW RISK,ARCHIVE
4687,frontend/.next/dev/cache/turbopack/v16.2.10/00005798.meta,OTHER,674,,0,False,False,False,False,🟡 DELETE = LOW RISK,ARCHIVE
4688,frontend/.next/dev/cache/turbopack/v16.2.10/00005799.sst,OTHER,3862,,0,False,False,False,False,🟡 DELETE = LOW RISK,ARCHIVE
4689,frontend/.next/dev/cache/turbopack/v16.2.10/00005800.sst,OTHER,715,,0,False,False,False,False,🟡 DELETE = LOW RISK,ARCHIVE
4690,frontend/.next/dev/cache/turbopack/v16.2.10/00005801.sst,OTHER,52,,0,False,False,False,False,🟡 DELETE = LOW RISK,ARCHIVE
4691,frontend/.next/dev/cache/turbopack/v16.2.10/00005802.meta,OTHER,674,,0,False,False,False,False,🟡 DELETE = LOW RISK,ARCHIVE
4692,frontend/.next/dev/cache/turbopack/v16.2.10/00005803.meta,OTHER,674,,0,False,False,False,False,🟡 DELETE = LOW RISK,ARCHIVE
4693,frontend/.next/dev/cache/turbopack/v16.2.10/00005804.meta,OTHER,674,,0,False,False,False,False,🟡 DELETE = LOW RISK,ARCHIVE
4694,frontend/.next/dev/cache/turbopack/v16.2.10/00005805.sst,OTHER,3862,,0,False,False,False,False,🟡 DELETE = LOW RISK,ARCHIVE
4695,frontend/.next/dev/cache/turbopack/v16.2.10/00005806.sst,OTHER,715,,0,False,False,False,False,🟡 DELETE = LOW RISK,ARCHIVE
4696,frontend/.next/dev/cache/turbopack/v16.2.10/00005807.sst,OTHER,52,,0,False,False,False,False,🟡 DELETE = LOW RISK,ARCHIVE
4697,frontend/.next/dev/cache/turbopack/v16.2.10/00005808.meta,OTHER,674,,0,False,False,False,False,🟡 DELETE = LOW RISK,ARCHIVE
4698,frontend/.next/dev/cache/turbopack/v16.2.10/00005809.meta,OTHER,674,,0,False,False,False,False,🟡 DELETE = LOW RISK,ARCHIVE
4699,frontend/.next/dev/cache/turbopack/v16.2.10/00005810.meta,OTHER,674,,0,False,False,False,False,🟡 DELETE = LOW RISK,ARCHIVE
4700,frontend/.next/dev/cache/turbopack/v16.2.10/00005811.sst,OTHER,32569,,0,False,False,False,False,🟡 DELETE = LOW RISK,ARCHIVE
4701,frontend/.next/dev/cache/turbopack/v16.2.10/00005812.sst,OTHER,45689,,0,False,False,False,False,🟡 DELETE = LOW RISK,ARCHIVE
4702,frontend/.next/dev/cache/turbopack/v16.2.10/00005813.sst,OTHER,52,,0,False,False,False,False,🟡 DELETE = LOW RISK,ARCHIVE
4703,frontend/.next/dev/cache/turbopack/v16.2.10/00005814.meta,OTHER,674,,0,False,False,False,False,🟡 DELETE = LOW RISK,ARCHIVE
4704,frontend/.next/dev/cache/turbopack/v16.2.10/00005815.meta,OTHER,1189,,0,False,False,False,False,🟡 DELETE = LOW RISK,ARCHIVE
4705,frontend/.next/dev/cache/turbopack/v16.2.10/00005816.meta,OTHER,1189,,0,False,False,False,False,🟡 DELETE = LOW RISK,ARCHIVE
4706,frontend/.next/dev/cache/turbopack/v16.2.10/00005817.sst,OTHER,1849884,,0,False,False,False,False,🟡 DELETE = LOW RISK,ARCHIVE
4707,frontend/.next/dev/cache/turbopack/v16.2.10/00005818.sst,OTHER,1199534,,0,False,False,False,False,🟡 DELETE = LOW RISK,ARCHIVE
4708,frontend/.next/dev/cache/turbopack/v16.2.10/00005819.sst,OTHER,52,,0,False,False,False,False,🟡 DELETE = LOW RISK,ARCHIVE
4709,frontend/.next/dev/cache/turbopack/v16.2.10/00005820.meta,OTHER,674,,0,False,False,False,False,🟡 DELETE = LOW RISK,ARCHIVE
4710,frontend/.next/dev/cache/turbopack/v16.2.10/00005821.meta,OTHER,1189,,0,False,False,False,False,🟡 DELETE = LOW RISK,ARCHIVE
4711,frontend/.next/dev/cache/turbopack/v16.2.10/00005822.meta,OTHER,1189,,0,False,False,False,False,🟡 DELETE = LOW RISK,ARCHIVE
4712,frontend/.next/dev/cache/turbopack/v16.2.10/00005823.sst,OTHER,1915779,,0,False,False,False,False,🟡 DELETE = LOW RISK,ARCHIVE
4713,frontend/.next/dev/cache/turbopack/v16.2.10/00005824.sst,OTHER,7982270,,0,False,False,False,False,🟡 DELETE = LOW RISK,ARCHIVE
4714,frontend/.next/dev/cache/turbopack/v16.2.10/00005825.sst,OTHER,52,,0,False,False,False,False,🟡 DELETE = LOW RISK,ARCHIVE
4715,frontend/.next/dev/cache/turbopack/v16.2.10/00005826.sst,OTHER,81,,0,False,False,False,False,🟡 DELETE = LOW RISK,ARCHIVE
4716,frontend/.next/dev/cache/turbopack/v16.2.10/00005827.meta,OTHER,674,,0,False,False,False,False,🟡 DELETE = LOW RISK,ARCHIVE
4717,frontend/.next/dev/cache/turbopack/v16.2.10/00005828.meta,OTHER,2941,,0,False,False,False,False,🟡 DELETE = LOW RISK,ARCHIVE
4718,frontend/.next/dev/cache/turbopack/v16.2.10/00005829.meta,OTHER,2941,,0,False,False,False,False,🟡 DELETE = LOW RISK,ARCHIVE
4719,frontend/.next/dev/cache/turbopack/v16.2.10/00005830.meta,OTHER,674,,0,False,False,False,False,🟡 DELETE = LOW RISK,ARCHIVE
4720,frontend/.next/dev/cache/turbopack/v16.2.10/00005831.sst,OTHER,49579,,0,False,False,False,False,🟡 DELETE = LOW RISK,ARCHIVE
4721,frontend/.next/dev/cache/turbopack/v16.2.10/00005832.sst,OTHER,33138,,0,False,False,False,False,🟡 DELETE = LOW RISK,ARCHIVE
4722,frontend/.next/dev/cache/turbopack/v16.2.10/00005833.sst,OTHER,52,,0,False,False,False,False,🟡 DELETE = LOW RISK,ARCHIVE
4723,frontend/.next/dev/cache/turbopack/v16.2.10/00005834.meta,OTHER,674,,0,False,False,False,False,🟡 DELETE = LOW RISK,ARCHIVE
4724,frontend/.next/dev/cache/turbopack/v16.2.10/00005835.meta,OTHER,1189,,0,False,False,False,False,🟡 DELETE = LOW RISK,ARCHIVE
4725,frontend/.next/dev/cache/turbopack/v16.2.10/00005836.meta,OTHER,1189,,0,False,False,False,False,🟡 DELETE = LOW RISK,ARCHIVE
4726,frontend/.next/dev/cache/turbopack/v16.2.10/00005837.sst,OTHER,715,,0,False,False,False,False,🟡 DELETE = LOW RISK,ARCHIVE
4727,frontend/.next/dev/cache/turbopack/v16.2.10/00005838.sst,OTHER,3880,,0,False,False,False,False,🟡 DELETE = LOW RISK,ARCHIVE
4728,frontend/.next/dev/cache/turbopack/v16.2.10/00005839.sst,OTHER,52,,0,False,False,False,False,🟡 DELETE = LOW RISK,ARCHIVE
4729,frontend/.next/dev/cache/turbopack/v16.2.10/00005840.meta,OTHER,674,,0,False,False,False,False,🟡 DELETE = LOW RISK,ARCHIVE
4730,frontend/.next/dev/cache/turbopack/v16.2.10/00005841.meta,OTHER,674,,0,False,False,False,False,🟡 DELETE = LOW RISK,ARCHIVE
4731,frontend/.next/dev/cache/turbopack/v16.2.10/00005842.meta,OTHER,674,,0,False,False,False,False,🟡 DELETE = LOW RISK,ARCHIVE
4732,frontend/.next/dev/cache/turbopack/v16.2.10/00005843.sst,OTHER,3880,,0,False,False,False,False,🟡 DELETE = LOW RISK,ARCHIVE
4733,frontend/.next/dev/cache/turbopack/v16.2.10/00005844.sst,OTHER,715,,0,False,False,False,False,🟡 DELETE = LOW RISK,ARCHIVE
4734,frontend/.next/dev/cache/turbopack/v16.2.10/00005845.sst,OTHER,52,,0,False,False,False,False,🟡 DELETE = LOW RISK,ARCHIVE
4735,frontend/.next/dev/cache/turbopack/v16.2.10/00005846.meta,OTHER,674,,0,False,False,False,False,🟡 DELETE = LOW RISK,ARCHIVE
4736,frontend/.next/dev/cache/turbopack/v16.2.10/00005847.meta,OTHER,674,,0,False,False,False,False,🟡 DELETE = LOW RISK,ARCHIVE
4737,frontend/.next/dev/cache/turbopack/v16.2.10/00005848.meta,OTHER,674,,0,False,False,False,False,🟡 DELETE = LOW RISK,ARCHIVE
4738,frontend/.next/dev/cache/turbopack/v16.2.10/00005849.sst,OTHER,3880,,0,False,False,False,False,🟡 DELETE = LOW RISK,ARCHIVE
4739,frontend/.next/dev/cache/turbopack/v16.2.10/00005850.sst,OTHER,715,,0,False,False,False,False,🟡 DELETE = LOW RISK,ARCHIVE
4740,frontend/.next/dev/cache/turbopack/v16.2.10/00005851.sst,OTHER,52,,0,False,False,False,False,🟡 DELETE = LOW RISK,ARCHIVE
4741,frontend/.next/dev/cache/turbopack/v16.2.10/00005852.meta,OTHER,674,,0,False,False,False,False,🟡 DELETE = LOW RISK,ARCHIVE
4742,frontend/.next/dev/cache/turbopack/v16.2.10/00005853.meta,OTHER,674,,0,False,False,False,False,🟡 DELETE = LOW RISK,ARCHIVE
4743,frontend/.next/dev/cache/turbopack/v16.2.10/00005854.meta,OTHER,674,,0,False,False,False,False,🟡 DELETE = LOW RISK,ARCHIVE
4744,frontend/.next/dev/cache/turbopack/v16.2.10/00005855.sst,OTHER,45784,,0,False,False,False,False,🟡 DELETE = LOW RISK,ARCHIVE
4745,frontend/.next/dev/cache/turbopack/v16.2.10/00005856.sst,OTHER,32790,,0,False,False,False,False,🟡 DELETE = LOW RISK,ARCHIVE
4746,frontend/.next/dev/cache/turbopack/v16.2.10/00005857.sst,OTHER,52,,0,False,False,False,False,🟡 DELETE = LOW RISK,ARCHIVE
4747,frontend/.next/dev/cache/turbopack/v16.2.10/00005858.meta,OTHER,674,,0,False,False,False,False,🟡 DELETE = LOW RISK,ARCHIVE
4748,frontend/.next/dev/cache/turbopack/v16.2.10/00005859.meta,OTHER,1189,,0,False,False,False,False,🟡 DELETE = LOW RISK,ARCHIVE
4749,frontend/.next/dev/cache/turbopack/v16.2.10/00005860.meta,OTHER,1189,,0,False,False,False,False,🟡 DELETE = LOW RISK,ARCHIVE
4750,frontend/.next/dev/cache/turbopack/v16.2.10/00005861.sst,OTHER,32586,,0,False,False,False,False,🟡 DELETE = LOW RISK,ARCHIVE
4751,frontend/.next/dev/cache/turbopack/v16.2.10/00005862.sst,OTHER,45728,,0,False,False,False,False,🟡 DELETE = LOW RISK,ARCHIVE
4752,frontend/.next/dev/cache/turbopack/v16.2.10/00005863.sst,OTHER,52,,0,False,False,False,False,🟡 DELETE = LOW RISK,ARCHIVE
4753,frontend/.next/dev/cache/turbopack/v16.2.10/00005864.meta,OTHER,674,,0,False,False,False,False,🟡 DELETE = LOW RISK,ARCHIVE
4754,frontend/.next/dev/cache/turbopack/v16.2.10/00005865.meta,OTHER,1189,,0,False,False,False,False,🟡 DELETE = LOW RISK,ARCHIVE
4755,frontend/.next/dev/cache/turbopack/v16.2.10/00005866.meta,OTHER,1189,,0,False,False,False,False,🟡 DELETE = LOW RISK,ARCHIVE
4756,frontend/.next/dev/cache/turbopack/v16.2.10/00005867.sst,OTHER,32586,,0,False,False,False,False,🟡 DELETE = LOW RISK,ARCHIVE
4757,frontend/.next/dev/cache/turbopack/v16.2.10/00005868.sst,OTHER,45728,,0,False,False,False,False,🟡 DELETE = LOW RISK,ARCHIVE
4758,frontend/.next/dev/cache/turbopack/v16.2.10/00005869.sst,OTHER,52,,0,False,False,False,False,🟡 DELETE = LOW RISK,ARCHIVE
4759,frontend/.next/dev/cache/turbopack/v16.2.10/00005870.meta,OTHER,674,,0,False,False,False,False,🟡 DELETE = LOW RISK,ARCHIVE
4760,frontend/.next/dev/cache/turbopack/v16.2.10/00005871.meta,OTHER,1189,,0,False,False,False,False,🟡 DELETE = LOW RISK,ARCHIVE
4761,frontend/.next/dev/cache/turbopack/v16.2.10/00005872.meta,OTHER,1189,,0,False,False,False,False,🟡 DELETE = LOW RISK,ARCHIVE
4762,frontend/.next/dev/cache/turbopack/v16.2.10/00005873.sst,OTHER,1906106,,0,False,False,False,False,🟡 DELETE = LOW RISK,ARCHIVE
4763,frontend/.next/dev/cache/turbopack/v16.2.10/00005874.sst,OTHER,1366699,,0,False,False,False,False,🟡 DELETE = LOW RISK,ARCHIVE
4764,frontend/.next/dev/cache/turbopack/v16.2.10/00005875.sst,OTHER,52,,0,False,False,False,False,🟡 DELETE = LOW RISK,ARCHIVE
4765,frontend/.next/dev/cache/turbopack/v16.2.10/00005876.meta,OTHER,674,,0,False,False,False,False,🟡 DELETE = LOW RISK,ARCHIVE
4766,frontend/.next/dev/cache/turbopack/v16.2.10/00005877.meta,OTHER,1773,,0,False,False,False,False,🟡 DELETE = LOW RISK,ARCHIVE
4767,frontend/.next/dev/cache/turbopack/v16.2.10/00005878.meta,OTHER,1773,,0,False,False,False,False,🟡 DELETE = LOW RISK,ARCHIVE
4768,frontend/.next/dev/cache/turbopack/v16.2.10/00005879.sst,OTHER,3880,,0,False,False,False,False,🟡 DELETE = LOW RISK,ARCHIVE
4769,frontend/.next/dev/cache/turbopack/v16.2.10/00005880.sst,OTHER,715,,0,False,False,False,False,🟡 DELETE = LOW RISK,ARCHIVE
4770,frontend/.next/dev/cache/turbopack/v16.2.10/00005881.sst,OTHER,52,,0,False,False,False,False,🟡 DELETE = LOW RISK,ARCHIVE
4771,frontend/.next/dev/cache/turbopack/v16.2.10/00005882.meta,OTHER,674,,0,False,False,False,False,🟡 DELETE = LOW RISK,ARCHIVE
4772,frontend/.next/dev/cache/turbopack/v16.2.10/00005883.meta,OTHER,674,,0,False,False,False,False,🟡 DELETE = LOW RISK,ARCHIVE
4773,frontend/.next/dev/cache/turbopack/v16.2.10/00005884.meta,OTHER,674,,0,False,False,False,False,🟡 DELETE = LOW RISK,ARCHIVE
4774,frontend/.next/dev/cache/turbopack/v16.2.10/00005885.sst,OTHER,1892346,,0,False,False,False,False,🟡 DELETE = LOW RISK,ARCHIVE
4775,frontend/.next/dev/cache/turbopack/v16.2.10/00005886.sst,OTHER,1326493,,0,False,False,False,False,🟡 DELETE = LOW RISK,ARCHIVE
4776,frontend/.next/dev/cache/turbopack/v16.2.10/00005887.sst,OTHER,52,,0,False,False,False,False,🟡 DELETE = LOW RISK,ARCHIVE
4777,frontend/.next/dev/cache/turbopack/v16.2.10/00005888.meta,OTHER,674,,0,False,False,False,False,🟡 DELETE = LOW RISK,ARCHIVE
4778,frontend/.next/dev/cache/turbopack/v16.2.10/00005889.meta,OTHER,1189,,0,False,False,False,False,🟡 DELETE = LOW RISK,ARCHIVE
4779,frontend/.next/dev/cache/turbopack/v16.2.10/00005890.meta,OTHER,1189,,0,False,False,False,False,🟡 DELETE = LOW RISK,ARCHIVE
4780,frontend/.next/dev/cache/turbopack/v16.2.10/00005891.sst,OTHER,1889844,,0,False,False,False,False,🟡 DELETE = LOW RISK,ARCHIVE
4781,frontend/.next/dev/cache/turbopack/v16.2.10/00005892.sst,OTHER,1328002,,0,False,False,False,False,🟡 DELETE = LOW RISK,ARCHIVE
4782,frontend/.next/dev/cache/turbopack/v16.2.10/00005893.sst,OTHER,52,,0,False,False,False,False,🟡 DELETE = LOW RISK,ARCHIVE
4783,frontend/.next/dev/cache/turbopack/v16.2.10/00005894.meta,OTHER,674,,0,False,False,False,False,🟡 DELETE = LOW RISK,ARCHIVE
4784,frontend/.next/dev/cache/turbopack/v16.2.10/00005895.meta,OTHER,1189,,0,False,False,False,False,🟡 DELETE = LOW RISK,ARCHIVE
4785,frontend/.next/dev/cache/turbopack/v16.2.10/00005896.meta,OTHER,1189,,0,False,False,False,False,🟡 DELETE = LOW RISK,ARCHIVE
4786,frontend/.next/dev/cache/turbopack/v16.2.10/00005897.sst,OTHER,3880,,0,False,False,False,False,🟡 DELETE = LOW RISK,ARCHIVE
4787,frontend/.next/dev/cache/turbopack/v16.2.10/00005898.sst,OTHER,715,,0,False,False,False,False,🟡 DELETE = LOW RISK,ARCHIVE
4788,frontend/.next/dev/cache/turbopack/v16.2.10/00005899.sst,OTHER,52,,0,False,False,False,False,🟡 DELETE = LOW RISK,ARCHIVE
4789,frontend/.next/dev/cache/turbopack/v16.2.10/00005900.meta,OTHER,674,,0,False,False,False,False,🟡 DELETE = LOW RISK,ARCHIVE
4790,frontend/.next/dev/cache/turbopack/v16.2.10/00005901.meta,OTHER,674,,0,False,False,False,False,🟡 DELETE = LOW RISK,ARCHIVE
4791,frontend/.next/dev/cache/turbopack/v16.2.10/00005902.meta,OTHER,674,,0,False,False,False,False,🟡 DELETE = LOW RISK,ARCHIVE
4792,frontend/.next/dev/cache/turbopack/v16.2.10/00005903.sst,OTHER,3880,,0,False,False,False,False,🟡 DELETE = LOW RISK,ARCHIVE
4793,frontend/.next/dev/cache/turbopack/v16.2.10/00005904.sst,OTHER,715,,0,False,False,False,False,🟡 DELETE = LOW RISK,ARCHIVE
4794,frontend/.next/dev/cache/turbopack/v16.2.10/00005905.sst,OTHER,52,,0,False,False,False,False,🟡 DELETE = LOW RISK,ARCHIVE
4795,frontend/.next/dev/cache/turbopack/v16.2.10/00005906.meta,OTHER,674,,0,False,False,False,False,🟡 DELETE = LOW RISK,ARCHIVE
4796,frontend/.next/dev/cache/turbopack/v16.2.10/00005907.meta,OTHER,674,,0,False,False,False,False,🟡 DELETE = LOW RISK,ARCHIVE
4797,frontend/.next/dev/cache/turbopack/v16.2.10/00005908.meta,OTHER,674,,0,False,False,False,False,🟡 DELETE = LOW RISK,ARCHIVE
4798,frontend/.next/dev/cache/turbopack/v16.2.10/00005909.sst,OTHER,3880,,0,False,False,False,False,🟡 DELETE = LOW RISK,ARCHIVE
4799,frontend/.next/dev/cache/turbopack/v16.2.10/00005910.sst,OTHER,715,,0,False,False,False,False,🟡 DELETE = LOW RISK,ARCHIVE
4800,frontend/.next/dev/cache/turbopack/v16.2.10/00005911.sst,OTHER,52,,0,False,False,False,False,🟡 DELETE = LOW RISK,ARCHIVE
4801,frontend/.next/dev/cache/turbopack/v16.2.10/00005912.meta,OTHER,674,,0,False,False,False,False,🟡 DELETE = LOW RISK,ARCHIVE
4802,frontend/.next/dev/cache/turbopack/v16.2.10/00005913.meta,OTHER,674,,0,False,False,False,False,🟡 DELETE = LOW RISK,ARCHIVE
4803,frontend/.next/dev/cache/turbopack/v16.2.10/00005914.meta,OTHER,674,,0,False,False,False,False,🟡 DELETE = LOW RISK,ARCHIVE
4804,frontend/.next/dev/cache/turbopack/v16.2.10/00005915.sst,OTHER,65685,,0,False,False,False,False,🟡 DELETE = LOW RISK,ARCHIVE
4805,frontend/.next/dev/cache/turbopack/v16.2.10/00005916.sst,OTHER,33978,,0,False,False,False,False,🟡 DELETE = LOW RISK,ARCHIVE
4806,frontend/.next/dev/cache/turbopack/v16.2.10/00005917.sst,OTHER,52,,0,False,False,False,False,🟡 DELETE = LOW RISK,ARCHIVE
4807,frontend/.next/dev/cache/turbopack/v16.2.10/00005918.meta,OTHER,674,,0,False,False,False,False,🟡 DELETE = LOW RISK,ARCHIVE
4808,frontend/.next/dev/cache/turbopack/v16.2.10/00005919.meta,OTHER,1189,,0,False,False,False,False,🟡 DELETE = LOW RISK,ARCHIVE
4809,frontend/.next/dev/cache/turbopack/v16.2.10/00005920.meta,OTHER,1189,,0,False,False,False,False,🟡 DELETE = LOW RISK,ARCHIVE
4810,frontend/.next/dev/cache/turbopack/v16.2.10/00005921.sst,OTHER,3880,,0,False,False,False,False,🟡 DELETE = LOW RISK,ARCHIVE
4811,frontend/.next/dev/cache/turbopack/v16.2.10/00005922.sst,OTHER,715,,0,False,False,False,False,🟡 DELETE = LOW RISK,ARCHIVE
4812,frontend/.next/dev/cache/turbopack/v16.2.10/00005923.sst,OTHER,52,,0,False,False,False,False,🟡 DELETE = LOW RISK,ARCHIVE
4813,frontend/.next/dev/cache/turbopack/v16.2.10/00005924.meta,OTHER,674,,0,False,False,False,False,🟡 DELETE = LOW RISK,ARCHIVE
4814,frontend/.next/dev/cache/turbopack/v16.2.10/00005925.meta,OTHER,674,,0,False,False,False,False,🟡 DELETE = LOW RISK,ARCHIVE
4815,frontend/.next/dev/cache/turbopack/v16.2.10/00005926.meta,OTHER,674,,0,False,False,False,False,🟡 DELETE = LOW RISK,ARCHIVE
4816,frontend/.next/dev/cache/turbopack/v16.2.10/CURRENT,OTHER,4,,8,False,False,False,False,🟡 DELETE = LOW RISK,ARCHIVE
4817,frontend/.next/dev/cache/turbopack/v16.2.10/LOG,OTHER,1000169,,9,False,False,False,False,🟡 DELETE = LOW RISK,ARCHIVE
4818,frontend/.next/dev/logs/next-development.log,OTHER,277541,,0,False,False,False,False,🟡 DELETE = LOW RISK,ARCHIVE
4819,frontend/.next/dev/server/app-paths-manifest.json,OTHER,272,,5,False,False,False,False,🟡 DELETE = LOW RISK,ARCHIVE
4820,frontend/.next/dev/server/interception-route-rewrite-manifest.js,OTHER,48,,0,False,False,False,False,🟡 DELETE = LOW RISK,ARCHIVE
4821,frontend/.next/dev/server/middleware-build-manifest.js,OTHER,2334,,2,False,False,False,False,🟡 DELETE = LOW RISK,ARCHIVE
4822,frontend/.next/dev/server/middleware-manifest.json,OTHER,83,,5,False,False,False,False,🟡 DELETE = LOW RISK,ARCHIVE
4823,frontend/.next/dev/server/next-font-manifest.js,OTHER,909,,2,False,False,False,False,🟡 DELETE = LOW RISK,ARCHIVE
4824,frontend/.next/dev/server/next-font-manifest.json,OTHER,818,,2,False,False,False,False,🟡 DELETE = LOW RISK,ARCHIVE
4825,frontend/.next/dev/server/pages-manifest.json,OTHER,100,,5,False,False,False,False,🟡 DELETE = LOW RISK,ARCHIVE
4826,frontend/.next/dev/server/server-reference-manifest.js,OTHER,138,,2,False,False,False,False,🟡 DELETE = LOW RISK,ARCHIVE
4827,frontend/.next/dev/server/server-reference-manifest.json,OTHER,97,,2,False,False,False,False,🟡 DELETE = LOW RISK,ARCHIVE
4828,frontend/.next/dev/server/app/page.js,OTHER,3044,,83,False,False,False,False,🟡 DELETE = LOW RISK,ARCHIVE
4829,frontend/.next/dev/server/app/page.js.map,OTHER,53,,0,False,False,False,False,🟡 DELETE = LOW RISK,ARCHIVE
4830,frontend/.next/dev/server/app/page_client-reference-manifest.js,OTHER,22609,,12,False,False,False,False,🟡 DELETE = LOW RISK,ARCHIVE
4831,frontend/.next/dev/server/app/about/page.js,OTHER,3083,,83,False,False,False,False,🟡 DELETE = LOW RISK,ARCHIVE
4832,frontend/.next/dev/server/app/about/page.js.map,OTHER,53,,0,False,False,False,False,🟡 DELETE = LOW RISK,ARCHIVE
4833,frontend/.next/dev/server/app/about/page_client-reference-manifest.js,OTHER,22308,,12,False,False,False,False,🟡 DELETE = LOW RISK,ARCHIVE
4834,frontend/.next/dev/server/app/about/page/app-paths-manifest.json,OTHER,40,,5,False,False,False,False,🟡 DELETE = LOW RISK,ARCHIVE
4835,frontend/.next/dev/server/app/about/page/build-manifest.json,OTHER,903,,5,False,False,False,False,🟡 DELETE = LOW RISK,ARCHIVE
4836,frontend/.next/dev/server/app/about/page/next-font-manifest.json,OTHER,198,,2,False,False,False,False,🟡 DELETE = LOW RISK,ARCHIVE
4837,frontend/.next/dev/server/app/about/page/react-loadable-manifest.json,OTHER,2,,15,False,False,False,False,🟡 DELETE = LOW RISK,ARCHIVE
4838,frontend/.next/dev/server/app/about/page/server-reference-manifest.json,OTHER,30,,2,False,False,False,False,🟡 DELETE = LOW RISK,ARCHIVE
4839,frontend/.next/dev/server/app/compare/page.js,OTHER,3095,,83,False,False,False,False,🟡 DELETE = LOW RISK,ARCHIVE
4840,frontend/.next/dev/server/app/compare/page.js.map,OTHER,53,,0,False,False,False,False,🟡 DELETE = LOW RISK,ARCHIVE
4841,frontend/.next/dev/server/app/compare/page_client-reference-manifest.js,OTHER,22721,,12,False,False,False,False,🟡 DELETE = LOW RISK,ARCHIVE
4842,frontend/.next/dev/server/app/compare/page/app-paths-manifest.json,OTHER,44,,5,False,False,False,False,🟡 DELETE = LOW RISK,ARCHIVE
4843,frontend/.next/dev/server/app/compare/page/build-manifest.json,OTHER,903,,5,False,False,False,False,🟡 DELETE = LOW RISK,ARCHIVE
4844,frontend/.next/dev/server/app/compare/page/next-font-manifest.json,OTHER,200,,2,False,False,False,False,🟡 DELETE = LOW RISK,ARCHIVE
4845,frontend/.next/dev/server/app/compare/page/react-loadable-manifest.json,OTHER,2,,15,False,False,False,False,🟡 DELETE = LOW RISK,ARCHIVE
4846,frontend/.next/dev/server/app/compare/page/server-reference-manifest.json,OTHER,30,,2,False,False,False,False,🟡 DELETE = LOW RISK,ARCHIVE
4847,frontend/.next/dev/server/app/debug/page.js,OTHER,3083,,83,False,False,False,False,🟡 DELETE = LOW RISK,ARCHIVE
4848,frontend/.next/dev/server/app/debug/page.js.map,OTHER,53,,0,False,False,False,False,🟡 DELETE = LOW RISK,ARCHIVE
4849,frontend/.next/dev/server/app/debug/page_client-reference-manifest.js,OTHER,22515,,12,False,False,False,False,🟡 DELETE = LOW RISK,ARCHIVE
4850,frontend/.next/dev/server/app/debug/page/app-paths-manifest.json,OTHER,40,,5,False,False,False,False,🟡 DELETE = LOW RISK,ARCHIVE
4851,frontend/.next/dev/server/app/debug/page/build-manifest.json,OTHER,903,,5,False,False,False,False,🟡 DELETE = LOW RISK,ARCHIVE
4852,frontend/.next/dev/server/app/debug/page/next-font-manifest.json,OTHER,198,,2,False,False,False,False,🟡 DELETE = LOW RISK,ARCHIVE
4853,frontend/.next/dev/server/app/debug/page/react-loadable-manifest.json,OTHER,2,,15,False,False,False,False,🟡 DELETE = LOW RISK,ARCHIVE
4854,frontend/.next/dev/server/app/debug/page/server-reference-manifest.json,OTHER,30,,2,False,False,False,False,🟡 DELETE = LOW RISK,ARCHIVE
4855,frontend/.next/dev/server/app/hotel/[id]/page.js,OTHER,3116,,83,False,False,False,False,🟡 DELETE = LOW RISK,ARCHIVE
4856,frontend/.next/dev/server/app/hotel/[id]/page.js.map,OTHER,53,,0,False,False,False,False,🟡 DELETE = LOW RISK,ARCHIVE
4857,frontend/.next/dev/server/app/hotel/[id]/page_client-reference-manifest.js,OTHER,22771,,12,False,False,False,False,🟡 DELETE = LOW RISK,ARCHIVE
4858,frontend/.next/dev/server/app/hotel/[id]/page/app-paths-manifest.json,OTHER,50,,5,False,False,False,False,🟡 DELETE = LOW RISK,ARCHIVE
4859,frontend/.next/dev/server/app/hotel/[id]/page/build-manifest.json,OTHER,903,,5,False,False,False,False,🟡 DELETE = LOW RISK,ARCHIVE
4860,frontend/.next/dev/server/app/hotel/[id]/page/next-font-manifest.json,OTHER,203,,2,False,False,False,False,🟡 DELETE = LOW RISK,ARCHIVE
4861,frontend/.next/dev/server/app/hotel/[id]/page/react-loadable-manifest.json,OTHER,2,,15,False,False,False,False,🟡 DELETE = LOW RISK,ARCHIVE
4862,frontend/.next/dev/server/app/hotel/[id]/page/server-reference-manifest.json,OTHER,30,,2,False,False,False,False,🟡 DELETE = LOW RISK,ARCHIVE
4863,frontend/.next/dev/server/app/page/app-paths-manifest.json,OTHER,28,,5,False,False,False,False,🟡 DELETE = LOW RISK,ARCHIVE
4864,frontend/.next/dev/server/app/page/build-manifest.json,OTHER,903,,5,False,False,False,False,🟡 DELETE = LOW RISK,ARCHIVE
4865,frontend/.next/dev/server/app/page/next-font-manifest.json,OTHER,192,,2,False,False,False,False,🟡 DELETE = LOW RISK,ARCHIVE
4866,frontend/.next/dev/server/app/page/react-loadable-manifest.json,OTHER,2,,15,False,False,False,False,🟡 DELETE = LOW RISK,ARCHIVE
4867,frontend/.next/dev/server/app/page/server-reference-manifest.json,OTHER,30,,2,False,False,False,False,🟡 DELETE = LOW RISK,ARCHIVE
4868,frontend/.next/dev/server/app/saved/page.js,OTHER,3083,,83,False,False,False,False,🟡 DELETE = LOW RISK,ARCHIVE
4869,frontend/.next/dev/server/app/saved/page.js.map,OTHER,53,,0,False,False,False,False,🟡 DELETE = LOW RISK,ARCHIVE
4870,frontend/.next/dev/server/app/saved/page_client-reference-manifest.js,OTHER,22515,,12,False,False,False,False,🟡 DELETE = LOW RISK,ARCHIVE
4871,frontend/.next/dev/server/app/saved/page/app-paths-manifest.json,OTHER,40,,5,False,False,False,False,🟡 DELETE = LOW RISK,ARCHIVE
4872,frontend/.next/dev/server/app/saved/page/build-manifest.json,OTHER,903,,5,False,False,False,False,🟡 DELETE = LOW RISK,ARCHIVE
4873,frontend/.next/dev/server/app/saved/page/next-font-manifest.json,OTHER,198,,2,False,False,False,False,🟡 DELETE = LOW RISK,ARCHIVE
4874,frontend/.next/dev/server/app/saved/page/react-loadable-manifest.json,OTHER,2,,15,False,False,False,False,🟡 DELETE = LOW RISK,ARCHIVE
4875,frontend/.next/dev/server/app/saved/page/server-reference-manifest.json,OTHER,30,,2,False,False,False,False,🟡 DELETE = LOW RISK,ARCHIVE
4876,frontend/.next/dev/server/app/search/page.js,OTHER,3326,,83,False,False,False,False,🟡 DELETE = LOW RISK,ARCHIVE
4877,frontend/.next/dev/server/app/search/page.js.map,OTHER,53,,0,False,False,False,False,🟡 DELETE = LOW RISK,ARCHIVE
4878,frontend/.next/dev/server/app/search/page_client-reference-manifest.js,OTHER,24646,,12,False,False,False,False,🟡 DELETE = LOW RISK,ARCHIVE
4879,frontend/.next/dev/server/app/search/page/app-paths-manifest.json,OTHER,42,,5,False,False,False,False,🟡 DELETE = LOW RISK,ARCHIVE
4880,frontend/.next/dev/server/app/search/page/build-manifest.json,OTHER,903,,5,False,False,False,False,🟡 DELETE = LOW RISK,ARCHIVE
4881,frontend/.next/dev/server/app/search/page/next-font-manifest.json,OTHER,199,,2,False,False,False,False,🟡 DELETE = LOW RISK,ARCHIVE
4882,frontend/.next/dev/server/app/search/page/react-loadable-manifest.json,OTHER,2,,15,False,False,False,False,🟡 DELETE = LOW RISK,ARCHIVE
4883,frontend/.next/dev/server/app/search/page/server-reference-manifest.json,OTHER,30,,2,False,False,False,False,🟡 DELETE = LOW RISK,ARCHIVE
4884,frontend/.next/dev/server/app/stays/page.js,OTHER,3083,,83,False,False,False,False,🟡 DELETE = LOW RISK,ARCHIVE
4885,frontend/.next/dev/server/app/stays/page.js.map,OTHER,53,,0,False,False,False,False,🟡 DELETE = LOW RISK,ARCHIVE
4886,frontend/.next/dev/server/app/stays/page_client-reference-manifest.js,OTHER,22693,,12,False,False,False,False,🟡 DELETE = LOW RISK,ARCHIVE
4887,frontend/.next/dev/server/app/stays/page/app-paths-manifest.json,OTHER,40,,5,False,False,False,False,🟡 DELETE = LOW RISK,ARCHIVE
4888,frontend/.next/dev/server/app/stays/page/build-manifest.json,OTHER,903,,5,False,False,False,False,🟡 DELETE = LOW RISK,ARCHIVE
4889,frontend/.next/dev/server/app/stays/page/next-font-manifest.json,OTHER,198,,2,False,False,False,False,🟡 DELETE = LOW RISK,ARCHIVE
4890,frontend/.next/dev/server/app/stays/page/react-loadable-manifest.json,OTHER,2,,15,False,False,False,False,🟡 DELETE = LOW RISK,ARCHIVE
4891,frontend/.next/dev/server/app/stays/page/server-reference-manifest.json,OTHER,30,,2,False,False,False,False,🟡 DELETE = LOW RISK,ARCHIVE
4892,frontend/.next/dev/server/app/_not-found/page.js,OTHER,3091,,83,False,False,False,False,🟡 DELETE = LOW RISK,ARCHIVE
4893,frontend/.next/dev/server/app/_not-found/page.js.map,OTHER,53,,0,False,False,False,False,🟡 DELETE = LOW RISK,ARCHIVE
4894,frontend/.next/dev/server/app/_not-found/page_client-reference-manifest.js,OTHER,20456,,12,False,False,False,False,🟡 DELETE = LOW RISK,ARCHIVE
4895,frontend/.next/dev/server/app/_not-found/page/app-paths-manifest.json,OTHER,50,,5,False,False,False,False,🟡 DELETE = LOW RISK,ARCHIVE
4896,frontend/.next/dev/server/app/_not-found/page/build-manifest.json,OTHER,903,,5,False,False,False,False,🟡 DELETE = LOW RISK,ARCHIVE
4897,frontend/.next/dev/server/app/_not-found/page/next-font-manifest.json,OTHER,203,,2,False,False,False,False,🟡 DELETE = LOW RISK,ARCHIVE
4898,frontend/.next/dev/server/app/_not-found/page/react-loadable-manifest.json,OTHER,2,,15,False,False,False,False,🟡 DELETE = LOW RISK,ARCHIVE
4899,frontend/.next/dev/server/app/_not-found/page/server-reference-manifest.json,OTHER,30,,2,False,False,False,False,🟡 DELETE = LOW RISK,ARCHIVE
4900,frontend/.next/dev/server/chunks/ssr/lib_api_ts_0-1kxnk._.js,OTHER,291,,0,False,False,False,False,🟡 DELETE = LOW RISK,ARCHIVE
4901,frontend/.next/dev/server/chunks/ssr/lib_api_ts_0-1kxnk._.js.map,OTHER,53,,0,False,False,False,False,🟡 DELETE = LOW RISK,ARCHIVE
4902,frontend/.next/dev/server/chunks/ssr/lib_api_ts_011878a._.js,OTHER,291,,0,False,False,False,False,🟡 DELETE = LOW RISK,ARCHIVE
4903,frontend/.next/dev/server/chunks/ssr/lib_api_ts_011878a._.js.map,OTHER,53,,0,False,False,False,False,🟡 DELETE = LOW RISK,ARCHIVE
4904,frontend/.next/dev/server/chunks/ssr/lib_api_ts_05q52vs._.js,OTHER,291,,1,False,False,False,False,🟡 DELETE = LOW RISK,ARCHIVE
4905,frontend/.next/dev/server/chunks/ssr/lib_api_ts_05q52vs._.js.map,OTHER,53,,0,False,False,False,False,🟡 DELETE = LOW RISK,ARCHIVE
4906,frontend/.next/dev/server/chunks/ssr/lib_api_ts_07zd9u9._.js,OTHER,291,,1,False,False,False,False,🟡 DELETE = LOW RISK,ARCHIVE
4907,frontend/.next/dev/server/chunks/ssr/lib_api_ts_07zd9u9._.js.map,OTHER,53,,0,False,False,False,False,🟡 DELETE = LOW RISK,ARCHIVE
4908,frontend/.next/dev/server/chunks/ssr/lib_api_ts_09en78u._.js,OTHER,291,,0,False,False,False,False,🟡 DELETE = LOW RISK,ARCHIVE
4909,frontend/.next/dev/server/chunks/ssr/lib_api_ts_09en78u._.js.map,OTHER,53,,0,False,False,False,False,🟡 DELETE = LOW RISK,ARCHIVE
4910,frontend/.next/dev/server/chunks/ssr/lib_api_ts_0c3xeht._.js,OTHER,291,,0,False,False,False,False,🟡 DELETE = LOW RISK,ARCHIVE
4911,frontend/.next/dev/server/chunks/ssr/lib_api_ts_0c3xeht._.js.map,OTHER,53,,0,False,False,False,False,🟡 DELETE = LOW RISK,ARCHIVE
4912,frontend/.next/dev/server/chunks/ssr/lib_api_ts_0cxr6j0._.js,OTHER,291,,1,False,False,False,False,🟡 DELETE = LOW RISK,ARCHIVE
4913,frontend/.next/dev/server/chunks/ssr/lib_api_ts_0cxr6j0._.js.map,OTHER,53,,0,False,False,False,False,🟡 DELETE = LOW RISK,ARCHIVE
4914,frontend/.next/dev/server/chunks/ssr/lib_api_ts_0d746s5._.js,OTHER,291,,0,False,False,False,False,🟡 DELETE = LOW RISK,ARCHIVE
4915,frontend/.next/dev/server/chunks/ssr/lib_api_ts_0d746s5._.js.map,OTHER,53,,0,False,False,False,False,🟡 DELETE = LOW RISK,ARCHIVE
4916,frontend/.next/dev/server/chunks/ssr/lib_api_ts_0dq0sae._.js,OTHER,291,,1,False,False,False,False,🟡 DELETE = LOW RISK,ARCHIVE
4917,frontend/.next/dev/server/chunks/ssr/lib_api_ts_0dq0sae._.js.map,OTHER,53,,0,False,False,False,False,🟡 DELETE = LOW RISK,ARCHIVE
4918,frontend/.next/dev/server/chunks/ssr/lib_api_ts_0e1_eps._.js,OTHER,291,,0,False,False,False,False,🟡 DELETE = LOW RISK,ARCHIVE
4919,frontend/.next/dev/server/chunks/ssr/lib_api_ts_0e1_eps._.js.map,OTHER,53,,0,False,False,False,False,🟡 DELETE = LOW RISK,ARCHIVE
4920,frontend/.next/dev/server/chunks/ssr/lib_api_ts_0ec4_xy._.js,OTHER,291,,0,False,False,False,False,🟡 DELETE = LOW RISK,ARCHIVE
4921,frontend/.next/dev/server/chunks/ssr/lib_api_ts_0ec4_xy._.js.map,OTHER,53,,0,False,False,False,False,🟡 DELETE = LOW RISK,ARCHIVE
4922,frontend/.next/dev/server/chunks/ssr/lib_api_ts_0f9-yue._.js,OTHER,291,,0,False,False,False,False,🟡 DELETE = LOW RISK,ARCHIVE
4923,frontend/.next/dev/server/chunks/ssr/lib_api_ts_0f9-yue._.js.map,OTHER,53,,0,False,False,False,False,🟡 DELETE = LOW RISK,ARCHIVE
4924,frontend/.next/dev/server/chunks/ssr/lib_api_ts_0gmikov._.js,OTHER,291,,0,False,False,False,False,🟡 DELETE = LOW RISK,ARCHIVE
4925,frontend/.next/dev/server/chunks/ssr/lib_api_ts_0gmikov._.js.map,OTHER,53,,0,False,False,False,False,🟡 DELETE = LOW RISK,ARCHIVE
4926,frontend/.next/dev/server/chunks/ssr/lib_api_ts_0imnynp._.js,OTHER,291,,0,False,False,False,False,🟡 DELETE = LOW RISK,ARCHIVE
4927,frontend/.next/dev/server/chunks/ssr/lib_api_ts_0imnynp._.js.map,OTHER,53,,0,False,False,False,False,🟡 DELETE = LOW RISK,ARCHIVE
4928,frontend/.next/dev/server/chunks/ssr/lib_api_ts_0n-4w5u._.js,OTHER,291,,0,False,False,False,False,🟡 DELETE = LOW RISK,ARCHIVE
4929,frontend/.next/dev/server/chunks/ssr/lib_api_ts_0n-4w5u._.js.map,OTHER,53,,0,False,False,False,False,🟡 DELETE = LOW RISK,ARCHIVE
4930,frontend/.next/dev/server/chunks/ssr/lib_api_ts_0p-7xyn._.js,OTHER,291,,0,False,False,False,False,🟡 DELETE = LOW RISK,ARCHIVE
4931,frontend/.next/dev/server/chunks/ssr/lib_api_ts_0p-7xyn._.js.map,OTHER,53,,0,False,False,False,False,🟡 DELETE = LOW RISK,ARCHIVE
4932,frontend/.next/dev/server/chunks/ssr/lib_api_ts_0sn_j6z._.js,OTHER,291,,0,False,False,False,False,🟡 DELETE = LOW RISK,ARCHIVE
4933,frontend/.next/dev/server/chunks/ssr/lib_api_ts_0sn_j6z._.js.map,OTHER,53,,0,False,False,False,False,🟡 DELETE = LOW RISK,ARCHIVE
4934,frontend/.next/dev/server/chunks/ssr/lib_api_ts_0tv-p6_._.js,OTHER,291,,0,False,False,False,False,🟡 DELETE = LOW RISK,ARCHIVE
4935,frontend/.next/dev/server/chunks/ssr/lib_api_ts_0tv-p6_._.js.map,OTHER,53,,0,False,False,False,False,🟡 DELETE = LOW RISK,ARCHIVE
4936,frontend/.next/dev/server/chunks/ssr/lib_api_ts_0u0vxz-._.js,OTHER,291,,0,False,False,False,False,🟡 DELETE = LOW RISK,ARCHIVE
4937,frontend/.next/dev/server/chunks/ssr/lib_api_ts_0u0vxz-._.js.map,OTHER,53,,0,False,False,False,False,🟡 DELETE = LOW RISK,ARCHIVE
4938,frontend/.next/dev/server/chunks/ssr/lib_api_ts_0wbnc6j._.js,OTHER,291,,0,False,False,False,False,🟡 DELETE = LOW RISK,ARCHIVE
4939,frontend/.next/dev/server/chunks/ssr/lib_api_ts_0wbnc6j._.js.map,OTHER,53,,0,False,False,False,False,🟡 DELETE = LOW RISK,ARCHIVE
4940,frontend/.next/dev/server/chunks/ssr/lib_api_ts_0xmuiji._.js,OTHER,291,,0,False,False,False,False,🟡 DELETE = LOW RISK,ARCHIVE
4941,frontend/.next/dev/server/chunks/ssr/lib_api_ts_0xmuiji._.js.map,OTHER,53,,0,False,False,False,False,🟡 DELETE = LOW RISK,ARCHIVE
4942,frontend/.next/dev/server/chunks/ssr/lib_api_ts_0yyqfeo._.js,OTHER,291,,0,False,False,False,False,🟡 DELETE = LOW RISK,ARCHIVE
4943,frontend/.next/dev/server/chunks/ssr/lib_api_ts_0yyqfeo._.js.map,OTHER,53,,0,False,False,False,False,🟡 DELETE = LOW RISK,ARCHIVE
4944,frontend/.next/dev/server/chunks/ssr/lib_api_ts_0_2nrc0._.js,OTHER,291,,0,False,False,False,False,🟡 DELETE = LOW RISK,ARCHIVE
4945,frontend/.next/dev/server/chunks/ssr/lib_api_ts_0_2nrc0._.js.map,OTHER,53,,0,False,False,False,False,🟡 DELETE = LOW RISK,ARCHIVE
4946,frontend/.next/dev/server/chunks/ssr/lib_api_ts_116kwop._.js,OTHER,291,,0,False,False,False,False,🟡 DELETE = LOW RISK,ARCHIVE
4947,frontend/.next/dev/server/chunks/ssr/lib_api_ts_116kwop._.js.map,OTHER,53,,0,False,False,False,False,🟡 DELETE = LOW RISK,ARCHIVE
4948,frontend/.next/dev/server/chunks/ssr/lib_api_ts_14uo0_e._.js,OTHER,291,,0,False,False,False,False,🟡 DELETE = LOW RISK,ARCHIVE
4949,frontend/.next/dev/server/chunks/ssr/lib_api_ts_14uo0_e._.js.map,OTHER,53,,0,False,False,False,False,🟡 DELETE = LOW RISK,ARCHIVE
4950,frontend/.next/dev/server/chunks/ssr/lib_api_ts_15dpgav._.js,OTHER,291,,0,False,False,False,False,🟡 DELETE = LOW RISK,ARCHIVE
4951,frontend/.next/dev/server/chunks/ssr/lib_api_ts_15dpgav._.js.map,OTHER,53,,0,False,False,False,False,🟡 DELETE = LOW RISK,ARCHIVE
4952,frontend/.next/dev/server/chunks/ssr/lib_api_ts_16iv86q._.js,OTHER,291,,0,False,False,False,False,🟡 DELETE = LOW RISK,ARCHIVE
4953,frontend/.next/dev/server/chunks/ssr/lib_api_ts_16iv86q._.js.map,OTHER,53,,0,False,False,False,False,🟡 DELETE = LOW RISK,ARCHIVE
4954,frontend/.next/dev/server/chunks/ssr/lib_api_ts_17-_f0h._.js,OTHER,291,,0,False,False,False,False,🟡 DELETE = LOW RISK,ARCHIVE
4955,frontend/.next/dev/server/chunks/ssr/lib_api_ts_17-_f0h._.js.map,OTHER,53,,0,False,False,False,False,🟡 DELETE = LOW RISK,ARCHIVE
4956,frontend/.next/dev/server/chunks/ssr/lib_api_ts_1b3q2hu._.js,OTHER,291,,0,False,False,False,False,🟡 DELETE = LOW RISK,ARCHIVE
4957,frontend/.next/dev/server/chunks/ssr/lib_api_ts_1b3q2hu._.js.map,OTHER,53,,0,False,False,False,False,🟡 DELETE = LOW RISK,ARCHIVE
4958,frontend/.next/dev/server/chunks/ssr/lib_api_ts_1bdwa10._.js,OTHER,291,,0,False,False,False,False,🟡 DELETE = LOW RISK,ARCHIVE
4959,frontend/.next/dev/server/chunks/ssr/lib_api_ts_1bdwa10._.js.map,OTHER,53,,0,False,False,False,False,🟡 DELETE = LOW RISK,ARCHIVE
4960,frontend/.next/dev/server/chunks/ssr/lib_api_ts_1bze0b2._.js,OTHER,291,,0,False,False,False,False,🟡 DELETE = LOW RISK,ARCHIVE
4961,frontend/.next/dev/server/chunks/ssr/lib_api_ts_1bze0b2._.js.map,OTHER,53,,0,False,False,False,False,🟡 DELETE = LOW RISK,ARCHIVE
4962,frontend/.next/dev/server/chunks/ssr/lib_api_ts_1ewvhst._.js,OTHER,291,,0,False,False,False,False,🟡 DELETE = LOW RISK,ARCHIVE
4963,frontend/.next/dev/server/chunks/ssr/lib_api_ts_1ewvhst._.js.map,OTHER,53,,0,False,False,False,False,🟡 DELETE = LOW RISK,ARCHIVE
4964,frontend/.next/dev/server/chunks/ssr/lib_api_ts_1fx6fhd._.js,OTHER,291,,0,False,False,False,False,🟡 DELETE = LOW RISK,ARCHIVE
4965,frontend/.next/dev/server/chunks/ssr/lib_api_ts_1fx6fhd._.js.map,OTHER,53,,0,False,False,False,False,🟡 DELETE = LOW RISK,ARCHIVE
4966,frontend/.next/dev/server/chunks/ssr/lib_api_ts_1gfuys2._.js,OTHER,291,,0,False,False,False,False,🟡 DELETE = LOW RISK,ARCHIVE
4967,frontend/.next/dev/server/chunks/ssr/lib_api_ts_1gfuys2._.js.map,OTHER,53,,0,False,False,False,False,🟡 DELETE = LOW RISK,ARCHIVE
4968,frontend/.next/dev/server/chunks/ssr/lib_api_ts_1i279nl._.js,OTHER,291,,0,False,False,False,False,🟡 DELETE = LOW RISK,ARCHIVE
4969,frontend/.next/dev/server/chunks/ssr/lib_api_ts_1i279nl._.js.map,OTHER,53,,0,False,False,False,False,🟡 DELETE = LOW RISK,ARCHIVE
4970,frontend/.next/dev/server/chunks/ssr/lib_api_ts_1i4ruwk._.js,OTHER,291,,0,False,False,False,False,🟡 DELETE = LOW RISK,ARCHIVE
4971,frontend/.next/dev/server/chunks/ssr/lib_api_ts_1i4ruwk._.js.map,OTHER,53,,0,False,False,False,False,🟡 DELETE = LOW RISK,ARCHIVE
4972,frontend/.next/dev/server/chunks/ssr/lib_api_ts_1jcjipc._.js,OTHER,291,,0,False,False,False,False,🟡 DELETE = LOW RISK,ARCHIVE
4973,frontend/.next/dev/server/chunks/ssr/lib_api_ts_1jcjipc._.js.map,OTHER,53,,0,False,False,False,False,🟡 DELETE = LOW RISK,ARCHIVE
4974,frontend/.next/dev/server/chunks/ssr/lib_api_ts_1ntijm1._.js,OTHER,291,,0,False,False,False,False,🟡 DELETE = LOW RISK,ARCHIVE
4975,frontend/.next/dev/server/chunks/ssr/lib_api_ts_1ntijm1._.js.map,OTHER,53,,0,False,False,False,False,🟡 DELETE = LOW RISK,ARCHIVE
4976,frontend/.next/dev/server/chunks/ssr/lib_api_ts_1nu8234._.js,OTHER,291,,0,False,False,False,False,🟡 DELETE = LOW RISK,ARCHIVE
4977,frontend/.next/dev/server/chunks/ssr/lib_api_ts_1nu8234._.js.map,OTHER,53,,0,False,False,False,False,🟡 DELETE = LOW RISK,ARCHIVE
4978,frontend/.next/dev/server/chunks/ssr/lib_api_ts_1n_931g._.js,OTHER,291,,0,False,False,False,False,🟡 DELETE = LOW RISK,ARCHIVE
4979,frontend/.next/dev/server/chunks/ssr/lib_api_ts_1n_931g._.js.map,OTHER,53,,0,False,False,False,False,🟡 DELETE = LOW RISK,ARCHIVE
4980,frontend/.next/dev/server/chunks/ssr/lib_api_ts_1o-zqnt._.js,OTHER,291,,1,False,False,False,False,🟡 DELETE = LOW RISK,ARCHIVE
4981,frontend/.next/dev/server/chunks/ssr/lib_api_ts_1o-zqnt._.js.map,OTHER,53,,0,False,False,False,False,🟡 DELETE = LOW RISK,ARCHIVE
4982,frontend/.next/dev/server/chunks/ssr/lib_api_ts_1o9u9wp._.js,OTHER,291,,0,False,False,False,False,🟡 DELETE = LOW RISK,ARCHIVE
4983,frontend/.next/dev/server/chunks/ssr/lib_api_ts_1o9u9wp._.js.map,OTHER,53,,0,False,False,False,False,🟡 DELETE = LOW RISK,ARCHIVE
4984,frontend/.next/dev/server/chunks/ssr/lib_api_ts_1rhq3oc._.js,OTHER,291,,0,False,False,False,False,🟡 DELETE = LOW RISK,ARCHIVE
4985,frontend/.next/dev/server/chunks/ssr/lib_api_ts_1rhq3oc._.js.map,OTHER,53,,0,False,False,False,False,🟡 DELETE = LOW RISK,ARCHIVE
4986,frontend/.next/dev/server/chunks/ssr/lib_api_ts_1sn032n._.js,OTHER,291,,0,False,False,False,False,🟡 DELETE = LOW RISK,ARCHIVE
4987,frontend/.next/dev/server/chunks/ssr/lib_api_ts_1sn032n._.js.map,OTHER,53,,0,False,False,False,False,🟡 DELETE = LOW RISK,ARCHIVE
4988,frontend/.next/dev/server/chunks/ssr/lib_api_ts_1w6yu--._.js,OTHER,291,,0,False,False,False,False,🟡 DELETE = LOW RISK,ARCHIVE
4989,frontend/.next/dev/server/chunks/ssr/lib_api_ts_1w6yu--._.js.map,OTHER,53,,0,False,False,False,False,🟡 DELETE = LOW RISK,ARCHIVE
4990,frontend/.next/dev/server/chunks/ssr/lib_api_ts_1yshpyw._.js,OTHER,291,,0,False,False,False,False,🟡 DELETE = LOW RISK,ARCHIVE
4991,frontend/.next/dev/server/chunks/ssr/lib_api_ts_1yshpyw._.js.map,OTHER,53,,0,False,False,False,False,🟡 DELETE = LOW RISK,ARCHIVE
4992,frontend/.next/dev/server/chunks/ssr/node_modules_0-3niwj._.js,OTHER,323304,,1,False,False,False,False,🟡 DELETE = LOW RISK,ARCHIVE
4993,frontend/.next/dev/server/chunks/ssr/node_modules_0-3niwj._.js.map,OTHER,398075,,1,False,False,False,False,🟡 DELETE = LOW RISK,ARCHIVE
4994,frontend/.next/dev/server/chunks/ssr/node_modules_006o1zm._.js,OTHER,740890,,0,False,False,False,False,🟡 DELETE = LOW RISK,ARCHIVE
4995,frontend/.next/dev/server/chunks/ssr/node_modules_006o1zm._.js.map,OTHER,884638,,1,False,False,False,False,🟡 DELETE = LOW RISK,ARCHIVE
4996,frontend/.next/dev/server/chunks/ssr/node_modules_01ebxyx._.js,OTHER,703041,,0,False,False,False,False,🟡 DELETE = LOW RISK,ARCHIVE
4997,frontend/.next/dev/server/chunks/ssr/node_modules_01ebxyx._.js.map,OTHER,845163,,1,False,False,False,False,🟡 DELETE = LOW RISK,ARCHIVE
4998,frontend/.next/dev/server/chunks/ssr/node_modules_02es85m._.js,OTHER,329634,,1,False,False,False,False,🟡 DELETE = LOW RISK,ARCHIVE
4999,frontend/.next/dev/server/chunks/ssr/node_modules_02es85m._.js.map,OTHER,463922,,1,False,False,False,False,🟡 DELETE = LOW RISK,ARCHIVE
5000,frontend/.next/dev/server/chunks/ssr/node_modules_03cs_jz._.js,OTHER,680639,,0,False,False,False,False,🟡 DELETE = LOW RISK,ARCHIVE
5001,frontend/.next/dev/server/chunks/ssr/node_modules_03cs_jz._.js.map,OTHER,812958,,1,False,False,False,False,🟡 DELETE = LOW RISK,ARCHIVE
5002,frontend/.next/dev/server/chunks/ssr/node_modules_04t5ge7._.js,OTHER,738767,,0,False,False,False,False,🟡 DELETE = LOW RISK,ARCHIVE
5003,frontend/.next/dev/server/chunks/ssr/node_modules_04t5ge7._.js.map,OTHER,880497,,1,False,False,False,False,🟡 DELETE = LOW RISK,ARCHIVE
5004,frontend/.next/dev/server/chunks/ssr/node_modules_06f7np6._.js,OTHER,212754,,0,False,False,False,False,🟡 DELETE = LOW RISK,ARCHIVE
5005,frontend/.next/dev/server/chunks/ssr/node_modules_06f7np6._.js.map,OTHER,311441,,1,False,False,False,False,🟡 DELETE = LOW RISK,ARCHIVE
5006,frontend/.next/dev/server/chunks/ssr/node_modules_07-omof._.js,OTHER,750131,,0,False,False,False,False,🟡 DELETE = LOW RISK,ARCHIVE
5007,frontend/.next/dev/server/chunks/ssr/node_modules_07-omof._.js.map,OTHER,896942,,1,False,False,False,False,🟡 DELETE = LOW RISK,ARCHIVE
5008,frontend/.next/dev/server/chunks/ssr/node_modules_070demg._.js,OTHER,703165,,0,False,False,False,False,🟡 DELETE = LOW RISK,ARCHIVE
5009,frontend/.next/dev/server/chunks/ssr/node_modules_070demg._.js.map,OTHER,845198,,1,False,False,False,False,🟡 DELETE = LOW RISK,ARCHIVE
5010,frontend/.next/dev/server/chunks/ssr/node_modules_08-l-sc._.js,OTHER,744359,,0,False,False,False,False,🟡 DELETE = LOW RISK,ARCHIVE
5011,frontend/.next/dev/server/chunks/ssr/node_modules_08-l-sc._.js.map,OTHER,888468,,1,False,False,False,False,🟡 DELETE = LOW RISK,ARCHIVE
5012,frontend/.next/dev/server/chunks/ssr/node_modules_08kwkn2._.js,OTHER,320213,,1,False,False,False,False,🟡 DELETE = LOW RISK,ARCHIVE
5013,frontend/.next/dev/server/chunks/ssr/node_modules_08kwkn2._.js.map,OTHER,393861,,1,False,False,False,False,🟡 DELETE = LOW RISK,ARCHIVE
5014,frontend/.next/dev/server/chunks/ssr/node_modules_09b28pb._.js,OTHER,746482,,0,False,False,False,False,🟡 DELETE = LOW RISK,ARCHIVE
5015,frontend/.next/dev/server/chunks/ssr/node_modules_09b28pb._.js.map,OTHER,892609,,1,False,False,False,False,🟡 DELETE = LOW RISK,ARCHIVE
5016,frontend/.next/dev/server/chunks/ssr/node_modules_0bpd-fz._.js,OTHER,753915,,1,False,False,False,False,🟡 DELETE = LOW RISK,ARCHIVE
5017,frontend/.next/dev/server/chunks/ssr/node_modules_0bpd-fz._.js.map,OTHER,902474,,1,False,False,False,False,🟡 DELETE = LOW RISK,ARCHIVE
5018,frontend/.next/dev/server/chunks/ssr/node_modules_0cxav1i._.js,OTHER,1086415,,0,False,False,False,False,🟡 DELETE = LOW RISK,ARCHIVE
5019,frontend/.next/dev/server/chunks/ssr/node_modules_0cxav1i._.js.map,OTHER,1361450,,0,False,False,False,False,🟡 DELETE = LOW RISK,ARCHIVE
5020,frontend/.next/dev/server/chunks/ssr/node_modules_0c_i4vl._.js,OTHER,707639,,0,False,False,False,False,🟡 DELETE = LOW RISK,ARCHIVE
5021,frontend/.next/dev/server/chunks/ssr/node_modules_0c_i4vl._.js.map,OTHER,852987,,1,False,False,False,False,🟡 DELETE = LOW RISK,ARCHIVE
5022,frontend/.next/dev/server/chunks/ssr/node_modules_0h0kp0c._.js,OTHER,765181,,1,False,False,False,False,🟡 DELETE = LOW RISK,ARCHIVE
5023,frontend/.next/dev/server/chunks/ssr/node_modules_0h0kp0c._.js.map,OTHER,915880,,1,False,False,False,False,🟡 DELETE = LOW RISK,ARCHIVE
5024,frontend/.next/dev/server/chunks/ssr/node_modules_0h91jdk._.js,OTHER,12770,,32,False,False,False,False,🟡 DELETE = LOW RISK,ARCHIVE
5025,frontend/.next/dev/server/chunks/ssr/node_modules_0h91jdk._.js.map,OTHER,12364,,2,False,False,False,False,🟡 DELETE = LOW RISK,ARCHIVE
5026,frontend/.next/dev/server/chunks/ssr/node_modules_0hyl719._.js,OTHER,320213,,1,False,False,False,False,🟡 DELETE = LOW RISK,ARCHIVE
5027,frontend/.next/dev/server/chunks/ssr/node_modules_0hyl719._.js.map,OTHER,393861,,1,False,False,False,False,🟡 DELETE = LOW RISK,ARCHIVE
5028,frontend/.next/dev/server/chunks/ssr/node_modules_0jx6a-c._.js,OTHER,718079,,1,False,False,False,False,🟡 DELETE = LOW RISK,ARCHIVE
5029,frontend/.next/dev/server/chunks/ssr/node_modules_0jx6a-c._.js.map,OTHER,868277,,1,False,False,False,False,🟡 DELETE = LOW RISK,ARCHIVE
5030,frontend/.next/dev/server/chunks/ssr/node_modules_0jxxt4z._.js,OTHER,750618,,0,False,False,False,False,🟡 DELETE = LOW RISK,ARCHIVE
5031,frontend/.next/dev/server/chunks/ssr/node_modules_0jxxt4z._.js.map,OTHER,898066,,1,False,False,False,False,🟡 DELETE = LOW RISK,ARCHIVE
5032,frontend/.next/dev/server/chunks/ssr/node_modules_0j_11p9._.js,OTHER,751976,,0,False,False,False,False,🟡 DELETE = LOW RISK,ARCHIVE
5033,frontend/.next/dev/server/chunks/ssr/node_modules_0j_11p9._.js.map,OTHER,899996,,1,False,False,False,False,🟡 DELETE = LOW RISK,ARCHIVE
5034,frontend/.next/dev/server/chunks/ssr/node_modules_0l55wyo._.js,OTHER,746984,,0,False,False,False,False,🟡 DELETE = LOW RISK,ARCHIVE
5035,frontend/.next/dev/server/chunks/ssr/node_modules_0l55wyo._.js.map,OTHER,893896,,1,False,False,False,False,🟡 DELETE = LOW RISK,ARCHIVE
5036,frontend/.next/dev/server/chunks/ssr/node_modules_0n3aj5r._.js,OTHER,320213,,1,False,False,False,False,🟡 DELETE = LOW RISK,ARCHIVE
5037,frontend/.next/dev/server/chunks/ssr/node_modules_0n3aj5r._.js.map,OTHER,393861,,1,False,False,False,False,🟡 DELETE = LOW RISK,ARCHIVE
5038,frontend/.next/dev/server/chunks/ssr/node_modules_0p18wb0._.js,OTHER,320253,,1,False,False,False,False,🟡 DELETE = LOW RISK,ARCHIVE
5039,frontend/.next/dev/server/chunks/ssr/node_modules_0p18wb0._.js.map,OTHER,393861,,1,False,False,False,False,🟡 DELETE = LOW RISK,ARCHIVE
5040,frontend/.next/dev/server/chunks/ssr/node_modules_0p9-0bs._.js,OTHER,744262,,0,False,False,False,False,🟡 DELETE = LOW RISK,ARCHIVE
5041,frontend/.next/dev/server/chunks/ssr/node_modules_0p9-0bs._.js.map,OTHER,886690,,1,False,False,False,False,🟡 DELETE = LOW RISK,ARCHIVE
5042,frontend/.next/dev/server/chunks/ssr/node_modules_0q98jsn._.js,OTHER,682908,,0,False,False,False,False,🟡 DELETE = LOW RISK,ARCHIVE
5043,frontend/.next/dev/server/chunks/ssr/node_modules_0q98jsn._.js.map,OTHER,816846,,1,False,False,False,False,🟡 DELETE = LOW RISK,ARCHIVE
5044,frontend/.next/dev/server/chunks/ssr/node_modules_0rk1vvn._.js,OTHER,747036,,0,False,False,False,False,🟡 DELETE = LOW RISK,ARCHIVE
5045,frontend/.next/dev/server/chunks/ssr/node_modules_0rk1vvn._.js.map,OTHER,893961,,1,False,False,False,False,🟡 DELETE = LOW RISK,ARCHIVE
5046,frontend/.next/dev/server/chunks/ssr/node_modules_0wlwn03._.js,OTHER,742563,,0,False,False,False,False,🟡 DELETE = LOW RISK,ARCHIVE
5047,frontend/.next/dev/server/chunks/ssr/node_modules_0wlwn03._.js.map,OTHER,885062,,1,False,False,False,False,🟡 DELETE = LOW RISK,ARCHIVE
5048,frontend/.next/dev/server/chunks/ssr/node_modules_0wmwo2-._.js,OTHER,729478,,0,False,False,False,False,🟡 DELETE = LOW RISK,ARCHIVE
5049,frontend/.next/dev/server/chunks/ssr/node_modules_0wmwo2-._.js.map,OTHER,870622,,1,False,False,False,False,🟡 DELETE = LOW RISK,ARCHIVE
5050,frontend/.next/dev/server/chunks/ssr/node_modules_0x06elc._.js,OTHER,748908,,0,False,False,False,False,🟡 DELETE = LOW RISK,ARCHIVE
5051,frontend/.next/dev/server/chunks/ssr/node_modules_0x06elc._.js.map,OTHER,896211,,1,False,False,False,False,🟡 DELETE = LOW RISK,ARCHIVE
5052,frontend/.next/dev/server/chunks/ssr/node_modules_0zafno4._.js,OTHER,321430,,1,False,False,False,False,🟡 DELETE = LOW RISK,ARCHIVE
5053,frontend/.next/dev/server/chunks/ssr/node_modules_0zafno4._.js.map,OTHER,393754,,1,False,False,False,False,🟡 DELETE = LOW RISK,ARCHIVE
5054,frontend/.next/dev/server/chunks/ssr/node_modules_1-3uoke._.js,OTHER,684780,,1,False,False,False,False,🟡 DELETE = LOW RISK,ARCHIVE
5055,frontend/.next/dev/server/chunks/ssr/node_modules_1-3uoke._.js.map,OTHER,819094,,1,False,False,False,False,🟡 DELETE = LOW RISK,ARCHIVE
5056,frontend/.next/dev/server/chunks/ssr/node_modules_1-3zkwu._.js,OTHER,320213,,1,False,False,False,False,🟡 DELETE = LOW RISK,ARCHIVE
5057,frontend/.next/dev/server/chunks/ssr/node_modules_1-3zkwu._.js.map,OTHER,393861,,1,False,False,False,False,🟡 DELETE = LOW RISK,ARCHIVE
5058,frontend/.next/dev/server/chunks/ssr/node_modules_13_55_5._.js,OTHER,748975,,0,False,False,False,False,🟡 DELETE = LOW RISK,ARCHIVE
5059,frontend/.next/dev/server/chunks/ssr/node_modules_13_55_5._.js.map,OTHER,896439,,1,False,False,False,False,🟡 DELETE = LOW RISK,ARCHIVE
5060,frontend/.next/dev/server/chunks/ssr/node_modules_14qbvmt._.js,OTHER,730249,,0,False,False,False,False,🟡 DELETE = LOW RISK,ARCHIVE
5061,frontend/.next/dev/server/chunks/ssr/node_modules_14qbvmt._.js.map,OTHER,866603,,1,False,False,False,False,🟡 DELETE = LOW RISK,ARCHIVE
5062,frontend/.next/dev/server/chunks/ssr/node_modules_15qf9j2._.js,OTHER,763145,,0,False,False,False,False,🟡 DELETE = LOW RISK,ARCHIVE
5063,frontend/.next/dev/server/chunks/ssr/node_modules_15qf9j2._.js.map,OTHER,912475,,1,False,False,False,False,🟡 DELETE = LOW RISK,ARCHIVE
5064,frontend/.next/dev/server/chunks/ssr/node_modules_17x-gdx._.js,OTHER,740094,,0,False,False,False,False,🟡 DELETE = LOW RISK,ARCHIVE
5065,frontend/.next/dev/server/chunks/ssr/node_modules_17x-gdx._.js.map,OTHER,881703,,1,False,False,False,False,🟡 DELETE = LOW RISK,ARCHIVE
5066,frontend/.next/dev/server/chunks/ssr/node_modules_1ajms8x._.js,OTHER,1083958,,0,False,False,False,False,🟡 DELETE = LOW RISK,ARCHIVE
5067,frontend/.next/dev/server/chunks/ssr/node_modules_1ajms8x._.js.map,OTHER,1377501,,0,False,False,False,False,🟡 DELETE = LOW RISK,ARCHIVE
5068,frontend/.next/dev/server/chunks/ssr/node_modules_1b98bdj._.js,OTHER,773843,,1,False,False,False,False,🟡 DELETE = LOW RISK,ARCHIVE
5069,frontend/.next/dev/server/chunks/ssr/node_modules_1b98bdj._.js.map,OTHER,932456,,1,False,False,False,False,🟡 DELETE = LOW RISK,ARCHIVE
5070,frontend/.next/dev/server/chunks/ssr/node_modules_1dj7yp2._.js,OTHER,759302,,0,False,False,False,False,🟡 DELETE = LOW RISK,ARCHIVE
5071,frontend/.next/dev/server/chunks/ssr/node_modules_1dj7yp2._.js.map,OTHER,907454,,1,False,False,False,False,🟡 DELETE = LOW RISK,ARCHIVE
5072,frontend/.next/dev/server/chunks/ssr/node_modules_1duibam._.js,OTHER,710974,,0,False,False,False,False,🟡 DELETE = LOW RISK,ARCHIVE
5073,frontend/.next/dev/server/chunks/ssr/node_modules_1duibam._.js.map,OTHER,856752,,1,False,False,False,False,🟡 DELETE = LOW RISK,ARCHIVE
5074,frontend/.next/dev/server/chunks/ssr/node_modules_1dznzc1._.js,OTHER,731350,,0,False,False,False,False,🟡 DELETE = LOW RISK,ARCHIVE
5075,frontend/.next/dev/server/chunks/ssr/node_modules_1dznzc1._.js.map,OTHER,872872,,1,False,False,False,False,🟡 DELETE = LOW RISK,ARCHIVE
5076,frontend/.next/dev/server/chunks/ssr/node_modules_1e4tdk1._.js,OTHER,734760,,0,False,False,False,False,🟡 DELETE = LOW RISK,ARCHIVE
5077,frontend/.next/dev/server/chunks/ssr/node_modules_1e4tdk1._.js.map,OTHER,873120,,1,False,False,False,False,🟡 DELETE = LOW RISK,ARCHIVE
5078,frontend/.next/dev/server/chunks/ssr/node_modules_1ec1-wv._.js,OTHER,320670,,1,False,False,False,False,🟡 DELETE = LOW RISK,ARCHIVE
5079,frontend/.next/dev/server/chunks/ssr/node_modules_1ec1-wv._.js.map,OTHER,393713,,1,False,False,False,False,🟡 DELETE = LOW RISK,ARCHIVE
5080,frontend/.next/dev/server/chunks/ssr/node_modules_1fdealx._.js,OTHER,712184,,0,False,False,False,False,🟡 DELETE = LOW RISK,ARCHIVE
5081,frontend/.next/dev/server/chunks/ssr/node_modules_1fdealx._.js.map,OTHER,857151,,1,False,False,False,False,🟡 DELETE = LOW RISK,ARCHIVE
5082,frontend/.next/dev/server/chunks/ssr/node_modules_1g0k84e._.js,OTHER,748514,,0,False,False,False,False,🟡 DELETE = LOW RISK,ARCHIVE
5083,frontend/.next/dev/server/chunks/ssr/node_modules_1g0k84e._.js.map,OTHER,895482,,1,False,False,False,False,🟡 DELETE = LOW RISK,ARCHIVE
5084,frontend/.next/dev/server/chunks/ssr/node_modules_1g5guzt._.js,OTHER,319825,,1,False,False,False,False,🟡 DELETE = LOW RISK,ARCHIVE
5085,frontend/.next/dev/server/chunks/ssr/node_modules_1g5guzt._.js.map,OTHER,393945,,1,False,False,False,False,🟡 DELETE = LOW RISK,ARCHIVE
5086,frontend/.next/dev/server/chunks/ssr/node_modules_1ivncbz._.js,OTHER,742338,,0,False,False,False,False,🟡 DELETE = LOW RISK,ARCHIVE
5087,frontend/.next/dev/server/chunks/ssr/node_modules_1ivncbz._.js.map,OTHER,884375,,1,False,False,False,False,🟡 DELETE = LOW RISK,ARCHIVE
5088,frontend/.next/dev/server/chunks/ssr/node_modules_1j1t161._.js,OTHER,136829,,9,False,False,False,False,🟡 DELETE = LOW RISK,ARCHIVE
5089,frontend/.next/dev/server/chunks/ssr/node_modules_1j1t161._.js.map,OTHER,203995,,1,False,False,False,False,🟡 DELETE = LOW RISK,ARCHIVE
5090,frontend/.next/dev/server/chunks/ssr/node_modules_1j6sx5b._.js,OTHER,771720,,0,False,False,False,False,🟡 DELETE = LOW RISK,ARCHIVE
5091,frontend/.next/dev/server/chunks/ssr/node_modules_1j6sx5b._.js.map,OTHER,928315,,1,False,False,False,False,🟡 DELETE = LOW RISK,ARCHIVE
5092,frontend/.next/dev/server/chunks/ssr/node_modules_1ksi66m._.js,OTHER,747969,,0,False,False,False,False,🟡 DELETE = LOW RISK,ARCHIVE
5093,frontend/.next/dev/server/chunks/ssr/node_modules_1ksi66m._.js.map,OTHER,893820,,1,False,False,False,False,🟡 DELETE = LOW RISK,ARCHIVE
5094,frontend/.next/dev/server/chunks/ssr/node_modules_1ksvyy3._.js,OTHER,750063,,1,False,False,False,False,🟡 DELETE = LOW RISK,ARCHIVE
5095,frontend/.next/dev/server/chunks/ssr/node_modules_1ksvyy3._.js.map,OTHER,895309,,1,False,False,False,False,🟡 DELETE = LOW RISK,ARCHIVE
5096,frontend/.next/dev/server/chunks/ssr/node_modules_1k_xgwa._.js,OTHER,743820,,1,False,False,False,False,🟡 DELETE = LOW RISK,ARCHIVE
5097,frontend/.next/dev/server/chunks/ssr/node_modules_1k_xgwa._.js.map,OTHER,886557,,1,False,False,False,False,🟡 DELETE = LOW RISK,ARCHIVE
5098,frontend/.next/dev/server/chunks/ssr/node_modules_1morr5d._.js,OTHER,709479,,0,False,False,False,False,🟡 DELETE = LOW RISK,ARCHIVE
5099,frontend/.next/dev/server/chunks/ssr/node_modules_1morr5d._.js.map,OTHER,855204,,1,False,False,False,False,🟡 DELETE = LOW RISK,ARCHIVE
5100,frontend/.next/dev/server/chunks/ssr/node_modules_1ny890w._.js,OTHER,736274,,0,False,False,False,False,🟡 DELETE = LOW RISK,ARCHIVE
5101,frontend/.next/dev/server/chunks/ssr/node_modules_1ny890w._.js.map,OTHER,875597,,1,False,False,False,False,🟡 DELETE = LOW RISK,ARCHIVE
5102,frontend/.next/dev/server/chunks/ssr/node_modules_1q61nv8._.js,OTHER,746403,,0,False,False,False,False,🟡 DELETE = LOW RISK,ARCHIVE
5103,frontend/.next/dev/server/chunks/ssr/node_modules_1q61nv8._.js.map,OTHER,892719,,1,False,False,False,False,🟡 DELETE = LOW RISK,ARCHIVE
5104,frontend/.next/dev/server/chunks/ssr/node_modules_1qos0w8._.js,OTHER,745112,,0,False,False,False,False,🟡 DELETE = LOW RISK,ARCHIVE
5105,frontend/.next/dev/server/chunks/ssr/node_modules_1qos0w8._.js.map,OTHER,891646,,1,False,False,False,False,🟡 DELETE = LOW RISK,ARCHIVE
5106,frontend/.next/dev/server/chunks/ssr/node_modules_1r__aar._.js,OTHER,1015328,,0,False,False,False,False,🟡 DELETE = LOW RISK,ARCHIVE
5107,frontend/.next/dev/server/chunks/ssr/node_modules_1r__aar._.js.map,OTHER,1249015,,0,False,False,False,False,🟡 DELETE = LOW RISK,ARCHIVE
5108,frontend/.next/dev/server/chunks/ssr/node_modules_1sb2pmr._.js,OTHER,701124,,0,False,False,False,False,🟡 DELETE = LOW RISK,ARCHIVE
5109,frontend/.next/dev/server/chunks/ssr/node_modules_1sb2pmr._.js.map,OTHER,842297,,1,False,False,False,False,🟡 DELETE = LOW RISK,ARCHIVE
5110,frontend/.next/dev/server/chunks/ssr/node_modules_1ti_6v0._.js,OTHER,748421,,0,False,False,False,False,🟡 DELETE = LOW RISK,ARCHIVE
5111,frontend/.next/dev/server/chunks/ssr/node_modules_1ti_6v0._.js.map,OTHER,895087,,1,False,False,False,False,🟡 DELETE = LOW RISK,ARCHIVE
5112,frontend/.next/dev/server/chunks/ssr/node_modules_1uq-ths._.js,OTHER,320233,,0,False,False,False,False,🟡 DELETE = LOW RISK,ARCHIVE
5113,frontend/.next/dev/server/chunks/ssr/node_modules_1uq-ths._.js.map,OTHER,393861,,1,False,False,False,False,🟡 DELETE = LOW RISK,ARCHIVE
5114,frontend/.next/dev/server/chunks/ssr/node_modules_1wh6k45._.js,OTHER,741942,,0,False,False,False,False,🟡 DELETE = LOW RISK,ARCHIVE
5115,frontend/.next/dev/server/chunks/ssr/node_modules_1wh6k45._.js.map,OTHER,883923,,1,False,False,False,False,🟡 DELETE = LOW RISK,ARCHIVE
5116,frontend/.next/dev/server/chunks/ssr/node_modules_1y5krrg._.js,OTHER,740691,,0,False,False,False,False,🟡 DELETE = LOW RISK,ARCHIVE
5117,frontend/.next/dev/server/chunks/ssr/node_modules_1y5krrg._.js.map,OTHER,882812,,1,False,False,False,False,🟡 DELETE = LOW RISK,ARCHIVE
5118,frontend/.next/dev/server/chunks/ssr/node_modules_1yc23yn._.js,OTHER,699259,,0,False,False,False,False,🟡 DELETE = LOW RISK,ARCHIVE
5119,frontend/.next/dev/server/chunks/ssr/node_modules_1yc23yn._.js.map,OTHER,840259,,1,False,False,False,False,🟡 DELETE = LOW RISK,ARCHIVE
5120,frontend/.next/dev/server/chunks/ssr/node_modules_1yitx8x._.js,OTHER,716672,,0,False,False,False,False,🟡 DELETE = LOW RISK,ARCHIVE
5121,frontend/.next/dev/server/chunks/ssr/node_modules_1yitx8x._.js.map,OTHER,866377,,1,False,False,False,False,🟡 DELETE = LOW RISK,ARCHIVE
5122,frontend/.next/dev/server/chunks/ssr/node_modules_1_aarlg._.js,OTHER,173758,,2,False,False,False,False,🟡 DELETE = LOW RISK,ARCHIVE
5123,frontend/.next/dev/server/chunks/ssr/node_modules_1_aarlg._.js.map,OTHER,240193,,1,False,False,False,False,🟡 DELETE = LOW RISK,ARCHIVE
5124,frontend/.next/dev/server/chunks/ssr/node_modules_20585ys._.js,OTHER,750005,,0,False,False,False,False,🟡 DELETE = LOW RISK,ARCHIVE
5125,frontend/.next/dev/server/chunks/ssr/node_modules_20585ys._.js.map,OTHER,897225,,1,False,False,False,False,🟡 DELETE = LOW RISK,ARCHIVE
5126,frontend/.next/dev/server/chunks/ssr/node_modules_20tx_u4._.js,OTHER,749831,,0,False,False,False,False,🟡 DELETE = LOW RISK,ARCHIVE
5127,frontend/.next/dev/server/chunks/ssr/node_modules_20tx_u4._.js.map,OTHER,894422,,1,False,False,False,False,🟡 DELETE = LOW RISK,ARCHIVE
5128,frontend/.next/dev/server/chunks/ssr/node_modules_21498b1._.js,OTHER,705021,,0,False,False,False,False,🟡 DELETE = LOW RISK,ARCHIVE
5129,frontend/.next/dev/server/chunks/ssr/node_modules_21498b1._.js.map,OTHER,847680,,1,False,False,False,False,🟡 DELETE = LOW RISK,ARCHIVE
5130,frontend/.next/dev/server/chunks/ssr/node_modules_axios_lib_0et31v3._.js,OTHER,353680,,0,False,False,False,False,🟡 DELETE = LOW RISK,ARCHIVE
5131,frontend/.next/dev/server/chunks/ssr/node_modules_axios_lib_0et31v3._.js.map,OTHER,393211,,1,False,False,False,False,🟡 DELETE = LOW RISK,ARCHIVE
5132,frontend/.next/dev/server/chunks/ssr/node_modules_mime-db_0r5k56c._.js,OTHER,166212,,0,False,False,False,False,🟡 DELETE = LOW RISK,ARCHIVE
5133,frontend/.next/dev/server/chunks/ssr/node_modules_mime-db_0r5k56c._.js.map,OTHER,166306,,1,False,False,False,False,🟡 DELETE = LOW RISK,ARCHIVE
5134,frontend/.next/dev/server/chunks/ssr/node_modules_next_05qhz1s._.js,OTHER,646268,,0,False,False,False,False,🟡 DELETE = LOW RISK,ARCHIVE
5135,frontend/.next/dev/server/chunks/ssr/node_modules_next_05qhz1s._.js.map,OTHER,985297,,1,False,False,False,False,🟡 DELETE = LOW RISK,ARCHIVE
5136,frontend/.next/dev/server/chunks/ssr/node_modules_next_1_o5zxs._.js,OTHER,2234,,1,False,False,False,False,🟡 DELETE = LOW RISK,ARCHIVE
5137,frontend/.next/dev/server/chunks/ssr/node_modules_next_1_o5zxs._.js.map,OTHER,2429,,1,False,False,False,False,🟡 DELETE = LOW RISK,ARCHIVE
5138,frontend/.next/dev/server/chunks/ssr/node_modules_next_dist_1c1nqfe._.js,OTHER,164315,,9,False,False,False,False,🟡 DELETE = LOW RISK,ARCHIVE
5139,frontend/.next/dev/server/chunks/ssr/node_modules_next_dist_1c1nqfe._.js.map,OTHER,244698,,1,False,False,False,False,🟡 DELETE = LOW RISK,ARCHIVE
5140,frontend/.next/dev/server/chunks/ssr/node_modules_next_dist_1mjyqi-._.js,OTHER,983443,,0,False,False,False,False,🟡 DELETE = LOW RISK,ARCHIVE
5141,frontend/.next/dev/server/chunks/ssr/node_modules_next_dist_1mjyqi-._.js.map,OTHER,1221422,,1,False,False,False,False,🟡 DELETE = LOW RISK,ARCHIVE
5142,frontend/.next/dev/server/chunks/ssr/node_modules_next_dist_client_1vpaoz7._.js,OTHER,499573,,9,False,False,False,False,🟡 DELETE = LOW RISK,ARCHIVE
5143,frontend/.next/dev/server/chunks/ssr/node_modules_next_dist_client_1vpaoz7._.js.map,OTHER,770500,,1,False,False,False,False,🟡 DELETE = LOW RISK,ARCHIVE
5144,frontend/.next/dev/server/chunks/ssr/node_modules_next_dist_client_components_0wpq8j3._.js,OTHER,6330,,32,False,False,False,False,🟡 DELETE = LOW RISK,ARCHIVE
5145,frontend/.next/dev/server/chunks/ssr/node_modules_next_dist_client_components_0wpq8j3._.js.map,OTHER,4977,,2,False,False,False,False,🟡 DELETE = LOW RISK,ARCHIVE
5146,frontend/.next/dev/server/chunks/ssr/node_modules_next_dist_client_components_builtin_forbidden_0symwr9.js,OTHER,1644,,32,False,False,False,False,🟡 DELETE = LOW RISK,ARCHIVE
5147,frontend/.next/dev/server/chunks/ssr/node_modules_next_dist_client_components_builtin_forbidden_0symwr9.js.map,OTHER,773,,2,False,False,False,False,🟡 DELETE = LOW RISK,ARCHIVE
5148,frontend/.next/dev/server/chunks/ssr/node_modules_next_dist_client_components_builtin_global-error_0-o-goa.js,OTHER,2696,,31,False,False,False,False,🟡 DELETE = LOW RISK,ARCHIVE
5149,frontend/.next/dev/server/chunks/ssr/node_modules_next_dist_client_components_builtin_global-error_0-o-goa.js.map,OTHER,4258,,2,False,False,False,False,🟡 DELETE = LOW RISK,ARCHIVE
5150,frontend/.next/dev/server/chunks/ssr/node_modules_next_dist_client_components_builtin_unauthorized_0l_sp0x.js,OTHER,1672,,32,False,False,False,False,🟡 DELETE = LOW RISK,ARCHIVE
5151,frontend/.next/dev/server/chunks/ssr/node_modules_next_dist_client_components_builtin_unauthorized_0l_sp0x.js.map,OTHER,792,,2,False,False,False,False,🟡 DELETE = LOW RISK,ARCHIVE
5152,frontend/.next/dev/server/chunks/ssr/node_modules_next_dist_compiled_0d323sd._.js,OTHER,258176,,9,False,False,False,False,🟡 DELETE = LOW RISK,ARCHIVE
5153,frontend/.next/dev/server/chunks/ssr/node_modules_next_dist_compiled_0d323sd._.js.map,OTHER,431208,,1,False,False,False,False,🟡 DELETE = LOW RISK,ARCHIVE
5154,frontend/.next/dev/server/chunks/ssr/node_modules_next_dist_esm_0m9nzyx._.js,OTHER,966053,,9,False,False,False,False,🟡 DELETE = LOW RISK,ARCHIVE
5155,frontend/.next/dev/server/chunks/ssr/node_modules_next_dist_esm_0m9nzyx._.js.map,OTHER,1191783,,1,False,False,False,False,🟡 DELETE = LOW RISK,ARCHIVE
5156,frontend/.next/dev/server/chunks/ssr/node_modules_next_dist_esm_1_kobm0._.js,OTHER,1004863,,9,False,False,False,False,🟡 DELETE = LOW RISK,ARCHIVE
5157,frontend/.next/dev/server/chunks/ssr/node_modules_next_dist_esm_1_kobm0._.js.map,OTHER,1274097,,0,False,False,False,False,🟡 DELETE = LOW RISK,ARCHIVE
5158,frontend/.next/dev/server/chunks/ssr/node_modules_next_dist_server_route-modules_app-page_0qo_rmc._.js,OTHER,2782,,9,False,False,False,False,🟡 DELETE = LOW RISK,ARCHIVE
5159,frontend/.next/dev/server/chunks/ssr/node_modules_next_dist_server_route-modules_app-page_0qo_rmc._.js.map,OTHER,4911,,1,False,False,False,False,🟡 DELETE = LOW RISK,ARCHIVE
5160,frontend/.next/dev/server/chunks/ssr/node_modules_next_navigation_0frorww.js,OTHER,340,,9,False,False,False,False,🟡 DELETE = LOW RISK,ARCHIVE
5161,frontend/.next/dev/server/chunks/ssr/node_modules_next_navigation_0frorww.js.map,OTHER,395,,1,False,False,False,False,🟡 DELETE = LOW RISK,ARCHIVE
5162,frontend/.next/dev/server/chunks/ssr/node_modules_tailwind-merge_dist_bundle-mjs_mjs_03i664l._.js,OTHER,153150,,9,False,False,False,False,🟡 DELETE = LOW RISK,ARCHIVE
5163,frontend/.next/dev/server/chunks/ssr/node_modules_tailwind-merge_dist_bundle-mjs_mjs_03i664l._.js.map,OTHER,209860,,1,False,False,False,False,🟡 DELETE = LOW RISK,ARCHIVE
5164,frontend/.next/dev/server/chunks/ssr/[externals]_next_dist_1mg6puk._.js,OTHER,2533,,0,False,False,False,False,🟡 DELETE = LOW RISK,ARCHIVE
5165,frontend/.next/dev/server/chunks/ssr/[externals]_next_dist_1mg6puk._.js.map,OTHER,53,,0,False,False,False,False,🟡 DELETE = LOW RISK,ARCHIVE
5166,frontend/.next/dev/server/chunks/ssr/[externals]_next_dist_shared_lib_no-fallback-error_external_0r3u29k.js,OTHER,391,,1,False,False,False,False,🟡 DELETE = LOW RISK,ARCHIVE
5167,frontend/.next/dev/server/chunks/ssr/[externals]_next_dist_shared_lib_no-fallback-error_external_0r3u29k.js.map,OTHER,53,,0,False,False,False,False,🟡 DELETE = LOW RISK,ARCHIVE
5168,frontend/.next/dev/server/chunks/ssr/[externals]__12if52y._.js,OTHER,3417,,9,False,False,False,False,🟡 DELETE = LOW RISK,ARCHIVE
5169,frontend/.next/dev/server/chunks/ssr/[externals]__12if52y._.js.map,OTHER,53,,0,False,False,False,False,🟡 DELETE = LOW RISK,ARCHIVE
5170,frontend/.next/dev/server/chunks/ssr/[externals]__1vp7etu._.js,OTHER,1351,,2,False,False,False,False,🟡 DELETE = LOW RISK,ARCHIVE
5171,frontend/.next/dev/server/chunks/ssr/[externals]__1vp7etu._.js.map,OTHER,53,,0,False,False,False,False,🟡 DELETE = LOW RISK,ARCHIVE
5172,frontend/.next/dev/server/chunks/ssr/[root-of-the-server]__00bw1e5._.js,OTHER,86577,,0,False,False,False,False,🟡 DELETE = LOW RISK,ARCHIVE
5173,frontend/.next/dev/server/chunks/ssr/[root-of-the-server]__00bw1e5._.js.map,OTHER,29597,,0,False,False,False,False,🟡 DELETE = LOW RISK,ARCHIVE
5174,frontend/.next/dev/server/chunks/ssr/[root-of-the-server]__022c-ic._.js,OTHER,80103,,0,False,False,False,False,🟡 DELETE = LOW RISK,ARCHIVE
5175,frontend/.next/dev/server/chunks/ssr/[root-of-the-server]__022c-ic._.js.map,OTHER,28168,,0,False,False,False,False,🟡 DELETE = LOW RISK,ARCHIVE
5176,frontend/.next/dev/server/chunks/ssr/[root-of-the-server]__03vabc-._.js,OTHER,183149,,0,False,False,False,False,🟡 DELETE = LOW RISK,ARCHIVE
5177,frontend/.next/dev/server/chunks/ssr/[root-of-the-server]__03vabc-._.js.map,OTHER,67847,,0,False,False,False,False,🟡 DELETE = LOW RISK,ARCHIVE
5178,frontend/.next/dev/server/chunks/ssr/[root-of-the-server]__04_dfxg._.js,OTHER,342691,,1,False,False,False,False,🟡 DELETE = LOW RISK,ARCHIVE
5179,frontend/.next/dev/server/chunks/ssr/[root-of-the-server]__04_dfxg._.js.map,OTHER,132773,,0,False,False,False,False,🟡 DELETE = LOW RISK,ARCHIVE
5180,frontend/.next/dev/server/chunks/ssr/[root-of-the-server]__05x94kd._.js,OTHER,5116,,3,False,False,False,False,🟡 DELETE = LOW RISK,ARCHIVE
5181,frontend/.next/dev/server/chunks/ssr/[root-of-the-server]__05x94kd._.js.map,OTHER,2414,,0,False,False,False,False,🟡 DELETE = LOW RISK,ARCHIVE
5182,frontend/.next/dev/server/chunks/ssr/[root-of-the-server]__05_fgp0._.js,OTHER,124120,,0,False,False,False,False,🟡 DELETE = LOW RISK,ARCHIVE
5183,frontend/.next/dev/server/chunks/ssr/[root-of-the-server]__05_fgp0._.js.map,OTHER,40831,,0,False,False,False,False,🟡 DELETE = LOW RISK,ARCHIVE
5184,frontend/.next/dev/server/chunks/ssr/[root-of-the-server]__077riqa._.js,OTHER,5271,,0,False,False,False,False,🟡 DELETE = LOW RISK,ARCHIVE
5185,frontend/.next/dev/server/chunks/ssr/[root-of-the-server]__077riqa._.js.map,OTHER,877,,0,False,False,False,False,🟡 DELETE = LOW RISK,ARCHIVE
5186,frontend/.next/dev/server/chunks/ssr/[root-of-the-server]__08f2sk0._.js,OTHER,302046,,1,False,False,False,False,🟡 DELETE = LOW RISK,ARCHIVE
5187,frontend/.next/dev/server/chunks/ssr/[root-of-the-server]__08f2sk0._.js.map,OTHER,98403,,0,False,False,False,False,🟡 DELETE = LOW RISK,ARCHIVE
5188,frontend/.next/dev/server/chunks/ssr/[root-of-the-server]__09c6xot._.js,OTHER,297858,,0,False,False,False,False,🟡 DELETE = LOW RISK,ARCHIVE
5189,frontend/.next/dev/server/chunks/ssr/[root-of-the-server]__09c6xot._.js.map,OTHER,113685,,0,False,False,False,False,🟡 DELETE = LOW RISK,ARCHIVE
5190,frontend/.next/dev/server/chunks/ssr/[root-of-the-server]__0a1o32p._.js,OTHER,1876,,0,False,False,False,False,🟡 DELETE = LOW RISK,ARCHIVE
5191,frontend/.next/dev/server/chunks/ssr/[root-of-the-server]__0a1o32p._.js.map,OTHER,463,,0,False,False,False,False,🟡 DELETE = LOW RISK,ARCHIVE
5192,frontend/.next/dev/server/chunks/ssr/[root-of-the-server]__0bakp20._.js,OTHER,6653,,0,False,False,False,False,🟡 DELETE = LOW RISK,ARCHIVE
5193,frontend/.next/dev/server/chunks/ssr/[root-of-the-server]__0bakp20._.js.map,OTHER,4888,,0,False,False,False,False,🟡 DELETE = LOW RISK,ARCHIVE
5194,frontend/.next/dev/server/chunks/ssr/[root-of-the-server]__0cri2ot._.js,OTHER,289770,,0,False,False,False,False,🟡 DELETE = LOW RISK,ARCHIVE
5195,frontend/.next/dev/server/chunks/ssr/[root-of-the-server]__0cri2ot._.js.map,OTHER,107614,,0,False,False,False,False,🟡 DELETE = LOW RISK,ARCHIVE
5196,frontend/.next/dev/server/chunks/ssr/[root-of-the-server]__0db-def._.js,OTHER,296868,,0,False,False,False,False,🟡 DELETE = LOW RISK,ARCHIVE
5197,frontend/.next/dev/server/chunks/ssr/[root-of-the-server]__0db-def._.js.map,OTHER,91798,,0,False,False,False,False,🟡 DELETE = LOW RISK,ARCHIVE
5198,frontend/.next/dev/server/chunks/ssr/[root-of-the-server]__0g1ufni._.js,OTHER,1405,,1,False,False,False,False,🟡 DELETE = LOW RISK,ARCHIVE
5199,frontend/.next/dev/server/chunks/ssr/[root-of-the-server]__0g1ufni._.js.map,OTHER,463,,0,False,False,False,False,🟡 DELETE = LOW RISK,ARCHIVE
5200,frontend/.next/dev/server/chunks/ssr/[root-of-the-server]__0gy-5sa._.js,OTHER,264760,,0,False,False,False,False,🟡 DELETE = LOW RISK,ARCHIVE
5201,frontend/.next/dev/server/chunks/ssr/[root-of-the-server]__0gy-5sa._.js.map,OTHER,96353,,0,False,False,False,False,🟡 DELETE = LOW RISK,ARCHIVE
5202,frontend/.next/dev/server/chunks/ssr/[root-of-the-server]__0hmdmtl._.js,OTHER,247569,,0,False,False,False,False,🟡 DELETE = LOW RISK,ARCHIVE
5203,frontend/.next/dev/server/chunks/ssr/[root-of-the-server]__0hmdmtl._.js.map,OTHER,92489,,0,False,False,False,False,🟡 DELETE = LOW RISK,ARCHIVE
5204,frontend/.next/dev/server/chunks/ssr/[root-of-the-server]__0lf0s3u._.js,OTHER,5116,,3,False,False,False,False,🟡 DELETE = LOW RISK,ARCHIVE
5205,frontend/.next/dev/server/chunks/ssr/[root-of-the-server]__0lf0s3u._.js.map,OTHER,2414,,0,False,False,False,False,🟡 DELETE = LOW RISK,ARCHIVE
5206,frontend/.next/dev/server/chunks/ssr/[root-of-the-server]__0mp-0bh._.js,OTHER,270920,,0,False,False,False,False,🟡 DELETE = LOW RISK,ARCHIVE
5207,frontend/.next/dev/server/chunks/ssr/[root-of-the-server]__0mp-0bh._.js.map,OTHER,78447,,0,False,False,False,False,🟡 DELETE = LOW RISK,ARCHIVE
5208,frontend/.next/dev/server/chunks/ssr/[root-of-the-server]__0o6g689._.js,OTHER,316875,,1,False,False,False,False,🟡 DELETE = LOW RISK,ARCHIVE
5209,frontend/.next/dev/server/chunks/ssr/[root-of-the-server]__0o6g689._.js.map,OTHER,129448,,0,False,False,False,False,🟡 DELETE = LOW RISK,ARCHIVE
5210,frontend/.next/dev/server/chunks/ssr/[root-of-the-server]__0pzlb0u._.js,OTHER,530920,,1,False,False,False,False,🟡 DELETE = LOW RISK,ARCHIVE
5211,frontend/.next/dev/server/chunks/ssr/[root-of-the-server]__0pzlb0u._.js.map,OTHER,124320,,0,False,False,False,False,🟡 DELETE = LOW RISK,ARCHIVE
5212,frontend/.next/dev/server/chunks/ssr/[root-of-the-server]__0pzuo0t._.js,OTHER,300742,,0,False,False,False,False,🟡 DELETE = LOW RISK,ARCHIVE
5213,frontend/.next/dev/server/chunks/ssr/[root-of-the-server]__0pzuo0t._.js.map,OTHER,110286,,0,False,False,False,False,🟡 DELETE = LOW RISK,ARCHIVE
5214,frontend/.next/dev/server/chunks/ssr/[root-of-the-server]__0rolufp._.js,OTHER,5023,,3,False,False,False,False,🟡 DELETE = LOW RISK,ARCHIVE
5215,frontend/.next/dev/server/chunks/ssr/[root-of-the-server]__0rolufp._.js.map,OTHER,2378,,0,False,False,False,False,🟡 DELETE = LOW RISK,ARCHIVE
5216,frontend/.next/dev/server/chunks/ssr/[root-of-the-server]__0rubafw._.js,OTHER,129441,,0,False,False,False,False,🟡 DELETE = LOW RISK,ARCHIVE
5217,frontend/.next/dev/server/chunks/ssr/[root-of-the-server]__0rubafw._.js.map,OTHER,44741,,0,False,False,False,False,🟡 DELETE = LOW RISK,ARCHIVE
5218,frontend/.next/dev/server/chunks/ssr/[root-of-the-server]__0utkagp._.js,OTHER,34688,,0,False,False,False,False,🟡 DELETE = LOW RISK,ARCHIVE
5219,frontend/.next/dev/server/chunks/ssr/[root-of-the-server]__0utkagp._.js.map,OTHER,16893,,0,False,False,False,False,🟡 DELETE = LOW RISK,ARCHIVE
5220,frontend/.next/dev/server/chunks/ssr/[root-of-the-server]__0vl51wu._.js,OTHER,192568,,0,False,False,False,False,🟡 DELETE = LOW RISK,ARCHIVE
5221,frontend/.next/dev/server/chunks/ssr/[root-of-the-server]__0vl51wu._.js.map,OTHER,72452,,0,False,False,False,False,🟡 DELETE = LOW RISK,ARCHIVE
5222,frontend/.next/dev/server/chunks/ssr/[root-of-the-server]__0w1g5ah._.js,OTHER,105687,,1,False,False,False,False,🟡 DELETE = LOW RISK,ARCHIVE
5223,frontend/.next/dev/server/chunks/ssr/[root-of-the-server]__0w1g5ah._.js.map,OTHER,43615,,0,False,False,False,False,🟡 DELETE = LOW RISK,ARCHIVE
5224,frontend/.next/dev/server/chunks/ssr/[root-of-the-server]__0y0_snu._.js,OTHER,9104,,1,False,False,False,False,🟡 DELETE = LOW RISK,ARCHIVE
5225,frontend/.next/dev/server/chunks/ssr/[root-of-the-server]__0y0_snu._.js.map,OTHER,19367,,0,False,False,False,False,🟡 DELETE = LOW RISK,ARCHIVE
5226,frontend/.next/dev/server/chunks/ssr/[root-of-the-server]__0z1-96a._.js,OTHER,278449,,0,False,False,False,False,🟡 DELETE = LOW RISK,ARCHIVE
5227,frontend/.next/dev/server/chunks/ssr/[root-of-the-server]__0z1-96a._.js.map,OTHER,78222,,0,False,False,False,False,🟡 DELETE = LOW RISK,ARCHIVE
5228,frontend/.next/dev/server/chunks/ssr/[root-of-the-server]__12e-4cd._.js,OTHER,54313,,0,False,False,False,False,🟡 DELETE = LOW RISK,ARCHIVE
5229,frontend/.next/dev/server/chunks/ssr/[root-of-the-server]__12e-4cd._.js.map,OTHER,19023,,0,False,False,False,False,🟡 DELETE = LOW RISK,ARCHIVE
5230,frontend/.next/dev/server/chunks/ssr/[root-of-the-server]__149q3j3._.js,OTHER,163086,,1,False,False,False,False,🟡 DELETE = LOW RISK,ARCHIVE
5231,frontend/.next/dev/server/chunks/ssr/[root-of-the-server]__149q3j3._.js.map,OTHER,48446,,0,False,False,False,False,🟡 DELETE = LOW RISK,ARCHIVE
5232,frontend/.next/dev/server/chunks/ssr/[root-of-the-server]__14bjw1-._.js,OTHER,5201,,3,False,False,False,False,🟡 DELETE = LOW RISK,ARCHIVE
5233,frontend/.next/dev/server/chunks/ssr/[root-of-the-server]__14bjw1-._.js.map,OTHER,2452,,0,False,False,False,False,🟡 DELETE = LOW RISK,ARCHIVE
5234,frontend/.next/dev/server/chunks/ssr/[root-of-the-server]__15et3vb._.js,OTHER,174806,,0,False,False,False,False,🟡 DELETE = LOW RISK,ARCHIVE
5235,frontend/.next/dev/server/chunks/ssr/[root-of-the-server]__15et3vb._.js.map,OTHER,54723,,0,False,False,False,False,🟡 DELETE = LOW RISK,ARCHIVE
5236,frontend/.next/dev/server/chunks/ssr/[root-of-the-server]__16qlzwg._.js,OTHER,197850,,0,False,False,False,False,🟡 DELETE = LOW RISK,ARCHIVE
5237,frontend/.next/dev/server/chunks/ssr/[root-of-the-server]__16qlzwg._.js.map,OTHER,67214,,0,False,False,False,False,🟡 DELETE = LOW RISK,ARCHIVE
5238,frontend/.next/dev/server/chunks/ssr/[root-of-the-server]__189fzto._.js,OTHER,17585,,9,False,False,False,False,🟡 DELETE = LOW RISK,ARCHIVE
5239,frontend/.next/dev/server/chunks/ssr/[root-of-the-server]__189fzto._.js.map,OTHER,9596,,0,False,False,False,False,🟡 DELETE = LOW RISK,ARCHIVE
5240,frontend/.next/dev/server/chunks/ssr/[root-of-the-server]__19r_3c4._.js,OTHER,205478,,0,False,False,False,False,🟡 DELETE = LOW RISK,ARCHIVE
5241,frontend/.next/dev/server/chunks/ssr/[root-of-the-server]__19r_3c4._.js.map,OTHER,75006,,0,False,False,False,False,🟡 DELETE = LOW RISK,ARCHIVE
5242,frontend/.next/dev/server/chunks/ssr/[root-of-the-server]__1chvsdc._.js,OTHER,16409,,0,False,False,False,False,🟡 DELETE = LOW RISK,ARCHIVE
5243,frontend/.next/dev/server/chunks/ssr/[root-of-the-server]__1chvsdc._.js.map,OTHER,10290,,0,False,False,False,False,🟡 DELETE = LOW RISK,ARCHIVE
5244,frontend/.next/dev/server/chunks/ssr/[root-of-the-server]__1e4lwpl._.js,OTHER,5116,,3,False,False,False,False,🟡 DELETE = LOW RISK,ARCHIVE
5245,frontend/.next/dev/server/chunks/ssr/[root-of-the-server]__1e4lwpl._.js.map,OTHER,2414,,0,False,False,False,False,🟡 DELETE = LOW RISK,ARCHIVE
5246,frontend/.next/dev/server/chunks/ssr/[root-of-the-server]__1flvase._.js,OTHER,228198,,0,False,False,False,False,🟡 DELETE = LOW RISK,ARCHIVE
5247,frontend/.next/dev/server/chunks/ssr/[root-of-the-server]__1flvase._.js.map,OTHER,74368,,0,False,False,False,False,🟡 DELETE = LOW RISK,ARCHIVE
5248,frontend/.next/dev/server/chunks/ssr/[root-of-the-server]__1h64zq5._.js,OTHER,257941,,0,False,False,False,False,🟡 DELETE = LOW RISK,ARCHIVE
5249,frontend/.next/dev/server/chunks/ssr/[root-of-the-server]__1h64zq5._.js.map,OTHER,93197,,0,False,False,False,False,🟡 DELETE = LOW RISK,ARCHIVE
5250,frontend/.next/dev/server/chunks/ssr/[root-of-the-server]__1huf6xx._.js,OTHER,344930,,0,False,False,False,False,🟡 DELETE = LOW RISK,ARCHIVE
5251,frontend/.next/dev/server/chunks/ssr/[root-of-the-server]__1huf6xx._.js.map,OTHER,127511,,0,False,False,False,False,🟡 DELETE = LOW RISK,ARCHIVE
5252,frontend/.next/dev/server/chunks/ssr/[root-of-the-server]__1ju-5gb._.js,OTHER,5130,,3,False,False,False,False,🟡 DELETE = LOW RISK,ARCHIVE
5253,frontend/.next/dev/server/chunks/ssr/[root-of-the-server]__1ju-5gb._.js.map,OTHER,2420,,0,False,False,False,False,🟡 DELETE = LOW RISK,ARCHIVE
5254,frontend/.next/dev/server/chunks/ssr/[root-of-the-server]__1kiu569._.js,OTHER,69908,,0,False,False,False,False,🟡 DELETE = LOW RISK,ARCHIVE
5255,frontend/.next/dev/server/chunks/ssr/[root-of-the-server]__1kiu569._.js.map,OTHER,27282,,0,False,False,False,False,🟡 DELETE = LOW RISK,ARCHIVE
5256,frontend/.next/dev/server/chunks/ssr/[root-of-the-server]__1l2m0_h._.js,OTHER,330715,,0,False,False,False,False,🟡 DELETE = LOW RISK,ARCHIVE
5257,frontend/.next/dev/server/chunks/ssr/[root-of-the-server]__1l2m0_h._.js.map,OTHER,119184,,0,False,False,False,False,🟡 DELETE = LOW RISK,ARCHIVE
5258,frontend/.next/dev/server/chunks/ssr/[root-of-the-server]__1ll8ps-._.js,OTHER,5144,,3,False,False,False,False,🟡 DELETE = LOW RISK,ARCHIVE
5259,frontend/.next/dev/server/chunks/ssr/[root-of-the-server]__1ll8ps-._.js.map,OTHER,2426,,0,False,False,False,False,🟡 DELETE = LOW RISK,ARCHIVE
5260,frontend/.next/dev/server/chunks/ssr/[root-of-the-server]__1mj2of_._.js,OTHER,104762,,0,False,False,False,False,🟡 DELETE = LOW RISK,ARCHIVE
5261,frontend/.next/dev/server/chunks/ssr/[root-of-the-server]__1mj2of_._.js.map,OTHER,35308,,0,False,False,False,False,🟡 DELETE = LOW RISK,ARCHIVE
5262,frontend/.next/dev/server/chunks/ssr/[root-of-the-server]__1nzhvqe._.js,OTHER,5116,,3,False,False,False,False,🟡 DELETE = LOW RISK,ARCHIVE
5263,frontend/.next/dev/server/chunks/ssr/[root-of-the-server]__1nzhvqe._.js.map,OTHER,2414,,0,False,False,False,False,🟡 DELETE = LOW RISK,ARCHIVE
5264,frontend/.next/dev/server/chunks/ssr/[root-of-the-server]__1or-hbt._.js,OTHER,67829,,9,False,False,False,False,🟡 DELETE = LOW RISK,ARCHIVE
5265,frontend/.next/dev/server/chunks/ssr/[root-of-the-server]__1or-hbt._.js.map,OTHER,26137,,0,False,False,False,False,🟡 DELETE = LOW RISK,ARCHIVE
5266,frontend/.next/dev/server/chunks/ssr/[root-of-the-server]__1p9zkcv._.js,OTHER,68376,,1,False,False,False,False,🟡 DELETE = LOW RISK,ARCHIVE
5267,frontend/.next/dev/server/chunks/ssr/[root-of-the-server]__1p9zkcv._.js.map,OTHER,29681,,0,False,False,False,False,🟡 DELETE = LOW RISK,ARCHIVE
5268,frontend/.next/dev/server/chunks/ssr/[root-of-the-server]__1tjybj1._.js,OTHER,365470,,0,False,False,False,False,🟡 DELETE = LOW RISK,ARCHIVE
5269,frontend/.next/dev/server/chunks/ssr/[root-of-the-server]__1tjybj1._.js.map,OTHER,137846,,0,False,False,False,False,🟡 DELETE = LOW RISK,ARCHIVE
5270,frontend/.next/dev/server/chunks/ssr/[root-of-the-server]__1uazaqb._.js,OTHER,267166,,0,False,False,False,False,🟡 DELETE = LOW RISK,ARCHIVE
5271,frontend/.next/dev/server/chunks/ssr/[root-of-the-server]__1uazaqb._.js.map,OTHER,73594,,0,False,False,False,False,🟡 DELETE = LOW RISK,ARCHIVE
5272,frontend/.next/dev/server/chunks/ssr/[root-of-the-server]__1wey0r_._.js,OTHER,213441,,0,False,False,False,False,🟡 DELETE = LOW RISK,ARCHIVE
5273,frontend/.next/dev/server/chunks/ssr/[root-of-the-server]__1wey0r_._.js.map,OTHER,72084,,0,False,False,False,False,🟡 DELETE = LOW RISK,ARCHIVE
5274,frontend/.next/dev/server/chunks/ssr/[root-of-the-server]__1x8dp9z._.js,OTHER,176035,,0,False,False,False,False,🟡 DELETE = LOW RISK,ARCHIVE
5275,frontend/.next/dev/server/chunks/ssr/[root-of-the-server]__1x8dp9z._.js.map,OTHER,60629,,0,False,False,False,False,🟡 DELETE = LOW RISK,ARCHIVE
5276,frontend/.next/dev/server/chunks/ssr/[root-of-the-server]__1xs5ou6._.js,OTHER,249140,,0,False,False,False,False,🟡 DELETE = LOW RISK,ARCHIVE
5277,frontend/.next/dev/server/chunks/ssr/[root-of-the-server]__1xs5ou6._.js.map,OTHER,82882,,0,False,False,False,False,🟡 DELETE = LOW RISK,ARCHIVE
5278,frontend/.next/dev/server/chunks/ssr/[root-of-the-server]__1xwk-lc._.js,OTHER,10438,,0,False,False,False,False,🟡 DELETE = LOW RISK,ARCHIVE
5279,frontend/.next/dev/server/chunks/ssr/[root-of-the-server]__1xwk-lc._.js.map,OTHER,6872,,0,False,False,False,False,🟡 DELETE = LOW RISK,ARCHIVE
5280,frontend/.next/dev/server/chunks/ssr/[root-of-the-server]__1zyng7e._.js,OTHER,1874,,0,False,False,False,False,🟡 DELETE = LOW RISK,ARCHIVE
5281,frontend/.next/dev/server/chunks/ssr/[root-of-the-server]__1zyng7e._.js.map,OTHER,463,,0,False,False,False,False,🟡 DELETE = LOW RISK,ARCHIVE
5282,frontend/.next/dev/server/chunks/ssr/[root-of-the-server]__20_dde7._.js,OTHER,132152,,0,False,False,False,False,🟡 DELETE = LOW RISK,ARCHIVE
5283,frontend/.next/dev/server/chunks/ssr/[root-of-the-server]__20_dde7._.js.map,OTHER,44298,,0,False,False,False,False,🟡 DELETE = LOW RISK,ARCHIVE
5284,frontend/.next/dev/server/chunks/ssr/[turbopack]_runtime.js,OTHER,69575,,44,False,False,False,False,🟡 DELETE = LOW RISK,ARCHIVE
5285,frontend/.next/dev/server/chunks/ssr/[turbopack]_runtime.js.map,OTHER,122995,,0,False,False,False,False,🟡 DELETE = LOW RISK,ARCHIVE
5286,frontend/.next/dev/server/chunks/ssr/_0gwbzy4._.js,OTHER,38418,,1,False,False,False,False,🟡 DELETE = LOW RISK,ARCHIVE
5287,frontend/.next/dev/server/chunks/ssr/_0gwbzy4._.js.map,OTHER,21512,,1,False,False,False,False,🟡 DELETE = LOW RISK,ARCHIVE
5288,frontend/.next/dev/server/chunks/ssr/_0s_d_kx._.js,OTHER,38525,,1,False,False,False,False,🟡 DELETE = LOW RISK,ARCHIVE
5289,frontend/.next/dev/server/chunks/ssr/_0s_d_kx._.js.map,OTHER,16309,,1,False,False,False,False,🟡 DELETE = LOW RISK,ARCHIVE
5290,frontend/.next/dev/server/chunks/ssr/_next-internal_server_app_about_page_actions_0xvgj07.js,OTHER,262,,4,False,False,False,False,🟡 DELETE = LOW RISK,ARCHIVE
5291,frontend/.next/dev/server/chunks/ssr/_next-internal_server_app_about_page_actions_0xvgj07.js.map,OTHER,154,,2,False,False,False,False,🟡 DELETE = LOW RISK,ARCHIVE
5292,frontend/.next/dev/server/chunks/ssr/_next-internal_server_app_compare_page_actions_0ecp95d.js,OTHER,266,,4,False,False,False,False,🟡 DELETE = LOW RISK,ARCHIVE
5293,frontend/.next/dev/server/chunks/ssr/_next-internal_server_app_compare_page_actions_0ecp95d.js.map,OTHER,154,,2,False,False,False,False,🟡 DELETE = LOW RISK,ARCHIVE
5294,frontend/.next/dev/server/chunks/ssr/_next-internal_server_app_debug_page_actions_1e0e7nq.js,OTHER,262,,4,False,False,False,False,🟡 DELETE = LOW RISK,ARCHIVE
5295,frontend/.next/dev/server/chunks/ssr/_next-internal_server_app_debug_page_actions_1e0e7nq.js.map,OTHER,154,,2,False,False,False,False,🟡 DELETE = LOW RISK,ARCHIVE
5296,frontend/.next/dev/server/chunks/ssr/_next-internal_server_app_hotel_[id]_page_actions_200omb2.js,OTHER,276,,3,False,False,False,False,🟡 DELETE = LOW RISK,ARCHIVE
5297,frontend/.next/dev/server/chunks/ssr/_next-internal_server_app_hotel_[id]_page_actions_200omb2.js.map,OTHER,154,,0,False,False,False,False,🟡 DELETE = LOW RISK,ARCHIVE
5298,frontend/.next/dev/server/chunks/ssr/_next-internal_server_app_page_actions_0hhsz1j.js,OTHER,250,,4,False,False,False,False,🟡 DELETE = LOW RISK,ARCHIVE
5299,frontend/.next/dev/server/chunks/ssr/_next-internal_server_app_page_actions_0hhsz1j.js.map,OTHER,154,,2,False,False,False,False,🟡 DELETE = LOW RISK,ARCHIVE
5300,frontend/.next/dev/server/chunks/ssr/_next-internal_server_app_saved_page_actions_17882ck.js,OTHER,262,,4,False,False,False,False,🟡 DELETE = LOW RISK,ARCHIVE
5301,frontend/.next/dev/server/chunks/ssr/_next-internal_server_app_saved_page_actions_17882ck.js.map,OTHER,154,,2,False,False,False,False,🟡 DELETE = LOW RISK,ARCHIVE
5302,frontend/.next/dev/server/chunks/ssr/_next-internal_server_app_search_page_actions_0_8-8no.js,OTHER,264,,4,False,False,False,False,🟡 DELETE = LOW RISK,ARCHIVE
5303,frontend/.next/dev/server/chunks/ssr/_next-internal_server_app_search_page_actions_0_8-8no.js.map,OTHER,154,,2,False,False,False,False,🟡 DELETE = LOW RISK,ARCHIVE
5304,frontend/.next/dev/server/chunks/ssr/_next-internal_server_app_stays_page_actions_1s4uoyf.js,OTHER,262,,4,False,False,False,False,🟡 DELETE = LOW RISK,ARCHIVE
5305,frontend/.next/dev/server/chunks/ssr/_next-internal_server_app_stays_page_actions_1s4uoyf.js.map,OTHER,154,,2,False,False,False,False,🟡 DELETE = LOW RISK,ARCHIVE
5306,frontend/.next/dev/server/chunks/ssr/_next-internal_server_app__not-found_page_actions_0pt47yr.js,OTHER,272,,4,False,False,False,False,🟡 DELETE = LOW RISK,ARCHIVE
5307,frontend/.next/dev/server/chunks/ssr/_next-internal_server_app__not-found_page_actions_0pt47yr.js.map,OTHER,154,,2,False,False,False,False,🟡 DELETE = LOW RISK,ARCHIVE
5308,frontend/.next/dev/server/pages/_app.js,OTHER,283,,7,False,False,False,False,🟡 DELETE = LOW RISK,ARCHIVE
5309,frontend/.next/dev/server/pages/_app.js.map,OTHER,53,,0,False,False,False,False,🟡 DELETE = LOW RISK,ARCHIVE
5310,frontend/.next/dev/server/pages/_document.js,OTHER,340,,3,False,False,False,False,🟡 DELETE = LOW RISK,ARCHIVE
5311,frontend/.next/dev/server/pages/_document.js.map,OTHER,53,,0,False,False,False,False,🟡 DELETE = LOW RISK,ARCHIVE
5312,frontend/.next/dev/server/pages/_error.js,OTHER,1072,,8,False,False,False,False,🟡 DELETE = LOW RISK,ARCHIVE
5313,frontend/.next/dev/server/pages/_error.js.map,OTHER,53,,0,False,False,False,False,🟡 DELETE = LOW RISK,ARCHIVE
5314,frontend/.next/dev/server/pages/_app/build-manifest.json,OTHER,827,,5,False,False,False,False,🟡 DELETE = LOW RISK,ARCHIVE
5315,frontend/.next/dev/server/pages/_app/client-build-manifest.json,OTHER,54,,3,False,False,False,False,🟡 DELETE = LOW RISK,ARCHIVE
5316,frontend/.next/dev/server/pages/_app/next-font-manifest.json,OTHER,94,,2,False,False,False,False,🟡 DELETE = LOW RISK,ARCHIVE
5317,frontend/.next/dev/server/pages/_app/pages-manifest.json,OTHER,30,,5,False,False,False,False,🟡 DELETE = LOW RISK,ARCHIVE
5318,frontend/.next/dev/server/pages/_app/react-loadable-manifest.json,OTHER,2,,15,False,False,False,False,🟡 DELETE = LOW RISK,ARCHIVE
5319,frontend/.next/dev/server/pages/_document/next-font-manifest.json,OTHER,94,,2,False,False,False,False,🟡 DELETE = LOW RISK,ARCHIVE
5320,frontend/.next/dev/server/pages/_document/pages-manifest.json,OTHER,40,,5,False,False,False,False,🟡 DELETE = LOW RISK,ARCHIVE
5321,frontend/.next/dev/server/pages/_document/react-loadable-manifest.json,OTHER,2,,15,False,False,False,False,🟡 DELETE = LOW RISK,ARCHIVE
5322,frontend/.next/dev/server/pages/_error/build-manifest.json,OTHER,777,,5,False,False,False,False,🟡 DELETE = LOW RISK,ARCHIVE
5323,frontend/.next/dev/server/pages/_error/client-build-manifest.json,OTHER,58,,3,False,False,False,False,🟡 DELETE = LOW RISK,ARCHIVE
5324,frontend/.next/dev/server/pages/_error/next-font-manifest.json,OTHER,94,,2,False,False,False,False,🟡 DELETE = LOW RISK,ARCHIVE
5325,frontend/.next/dev/server/pages/_error/pages-manifest.json,OTHER,34,,5,False,False,False,False,🟡 DELETE = LOW RISK,ARCHIVE
5326,frontend/.next/dev/server/pages/_error/react-loadable-manifest.json,OTHER,2,,15,False,False,False,False,🟡 DELETE = LOW RISK,ARCHIVE
5327,frontend/.next/dev/static/chunks/app_about_page_tsx_0pdijx8._.js,OTHER,241,,1,False,False,False,False,🟡 DELETE = LOW RISK,ARCHIVE
5328,frontend/.next/dev/static/chunks/app_compare_page_tsx_0pdijx8._.js,OTHER,323,,1,False,False,False,False,🟡 DELETE = LOW RISK,ARCHIVE
5329,frontend/.next/dev/static/chunks/app_debug_page_tsx_0pdijx8._.js,OTHER,283,,1,False,False,False,False,🟡 DELETE = LOW RISK,ARCHIVE
5330,frontend/.next/dev/static/chunks/app_globals_css_1igg3k2._.single.css,OTHER,126159,,0,False,False,False,False,🟡 DELETE = LOW RISK,ARCHIVE
5331,frontend/.next/dev/static/chunks/app_globals_css_1igg3k2._.single.css.map,OTHER,142741,,1,False,False,False,False,🟡 DELETE = LOW RISK,ARCHIVE
5332,frontend/.next/dev/static/chunks/app_hotel_[id]_page_tsx_0pdijx8._.js,OTHER,323,,1,False,False,False,False,🟡 DELETE = LOW RISK,ARCHIVE
5333,frontend/.next/dev/static/chunks/app_layout_tsx_007e4b2._.js,OTHER,335,,9,False,False,False,False,🟡 DELETE = LOW RISK,ARCHIVE
5334,frontend/.next/dev/static/chunks/app_page_tsx_0eggdll._.js,OTHER,283,,0,False,False,False,False,🟡 DELETE = LOW RISK,ARCHIVE
5335,frontend/.next/dev/static/chunks/app_page_tsx_0pdijx8._.js,OTHER,323,,1,False,False,False,False,🟡 DELETE = LOW RISK,ARCHIVE
5336,frontend/.next/dev/static/chunks/app_page_tsx_1-7dtlk._.js,OTHER,283,,0,False,False,False,False,🟡 DELETE = LOW RISK,ARCHIVE
5337,frontend/.next/dev/static/chunks/app_providers_tsx_10d2jbp._.js,OTHER,3086,,0,False,False,False,False,🟡 DELETE = LOW RISK,ARCHIVE
5338,frontend/.next/dev/static/chunks/app_providers_tsx_10d2jbp._.js.map,OTHER,893,,1,False,False,False,False,🟡 DELETE = LOW RISK,ARCHIVE
5339,frontend/.next/dev/static/chunks/app_saved_page_tsx_0pdijx8._.js,OTHER,283,,1,False,False,False,False,🟡 DELETE = LOW RISK,ARCHIVE
5340,frontend/.next/dev/static/chunks/app_search_loading_tsx_0pdijx8._.js,OTHER,212,,1,False,False,False,False,🟡 DELETE = LOW RISK,ARCHIVE
5341,frontend/.next/dev/static/chunks/app_search_page_tsx_0eggdll._.js,OTHER,283,,0,False,False,False,False,🟡 DELETE = LOW RISK,ARCHIVE
5342,frontend/.next/dev/static/chunks/app_search_page_tsx_0pdijx8._.js,OTHER,323,,1,False,False,False,False,🟡 DELETE = LOW RISK,ARCHIVE
5343,frontend/.next/dev/static/chunks/app_stays_page_tsx_0pdijx8._.js,OTHER,323,,1,False,False,False,False,🟡 DELETE = LOW RISK,ARCHIVE
5344,frontend/.next/dev/static/chunks/lib_api_ts_0-vn2sp._.js,OTHER,412,,0,False,False,False,False,🟡 DELETE = LOW RISK,ARCHIVE
5345,frontend/.next/dev/static/chunks/lib_api_ts_0-vn2sp._.js.map,OTHER,53,,0,False,False,False,False,🟡 DELETE = LOW RISK,ARCHIVE
5346,frontend/.next/dev/static/chunks/lib_api_ts_00tna6x._.js,OTHER,412,,2,False,False,False,False,🟡 DELETE = LOW RISK,ARCHIVE
5347,frontend/.next/dev/static/chunks/lib_api_ts_00tna6x._.js.map,OTHER,53,,0,False,False,False,False,🟡 DELETE = LOW RISK,ARCHIVE
5348,frontend/.next/dev/static/chunks/lib_api_ts_01bmk4d._.js,OTHER,412,,2,False,False,False,False,🟡 DELETE = LOW RISK,ARCHIVE
5349,frontend/.next/dev/static/chunks/lib_api_ts_01bmk4d._.js.map,OTHER,53,,0,False,False,False,False,🟡 DELETE = LOW RISK,ARCHIVE
5350,frontend/.next/dev/static/chunks/lib_api_ts_039dh3s._.js,OTHER,412,,0,False,False,False,False,🟡 DELETE = LOW RISK,ARCHIVE
5351,frontend/.next/dev/static/chunks/lib_api_ts_039dh3s._.js.map,OTHER,53,,0,False,False,False,False,🟡 DELETE = LOW RISK,ARCHIVE
5352,frontend/.next/dev/static/chunks/lib_api_ts_03vsu3n._.js,OTHER,412,,0,False,False,False,False,🟡 DELETE = LOW RISK,ARCHIVE
5353,frontend/.next/dev/static/chunks/lib_api_ts_03vsu3n._.js.map,OTHER,53,,0,False,False,False,False,🟡 DELETE = LOW RISK,ARCHIVE
5354,frontend/.next/dev/static/chunks/lib_api_ts_0412nwb._.js,OTHER,412,,0,False,False,False,False,🟡 DELETE = LOW RISK,ARCHIVE
5355,frontend/.next/dev/static/chunks/lib_api_ts_0412nwb._.js.map,OTHER,53,,0,False,False,False,False,🟡 DELETE = LOW RISK,ARCHIVE
5356,frontend/.next/dev/static/chunks/lib_api_ts_04d8oi9._.js,OTHER,412,,0,False,False,False,False,🟡 DELETE = LOW RISK,ARCHIVE
5357,frontend/.next/dev/static/chunks/lib_api_ts_04d8oi9._.js.map,OTHER,53,,0,False,False,False,False,🟡 DELETE = LOW RISK,ARCHIVE
5358,frontend/.next/dev/static/chunks/lib_api_ts_0848b5y._.js,OTHER,412,,0,False,False,False,False,🟡 DELETE = LOW RISK,ARCHIVE
5359,frontend/.next/dev/static/chunks/lib_api_ts_0848b5y._.js.map,OTHER,53,,0,False,False,False,False,🟡 DELETE = LOW RISK,ARCHIVE
5360,frontend/.next/dev/static/chunks/lib_api_ts_0aocq5c._.js,OTHER,412,,0,False,False,False,False,🟡 DELETE = LOW RISK,ARCHIVE
5361,frontend/.next/dev/static/chunks/lib_api_ts_0aocq5c._.js.map,OTHER,53,,0,False,False,False,False,🟡 DELETE = LOW RISK,ARCHIVE
5362,frontend/.next/dev/static/chunks/lib_api_ts_0brhxfr._.js,OTHER,412,,2,False,False,False,False,🟡 DELETE = LOW RISK,ARCHIVE
5363,frontend/.next/dev/static/chunks/lib_api_ts_0brhxfr._.js.map,OTHER,53,,0,False,False,False,False,🟡 DELETE = LOW RISK,ARCHIVE
5364,frontend/.next/dev/static/chunks/lib_api_ts_0ge8197._.js,OTHER,412,,0,False,False,False,False,🟡 DELETE = LOW RISK,ARCHIVE
5365,frontend/.next/dev/static/chunks/lib_api_ts_0ge8197._.js.map,OTHER,53,,0,False,False,False,False,🟡 DELETE = LOW RISK,ARCHIVE
5366,frontend/.next/dev/static/chunks/lib_api_ts_0kdnjfp._.js,OTHER,412,,0,False,False,False,False,🟡 DELETE = LOW RISK,ARCHIVE
5367,frontend/.next/dev/static/chunks/lib_api_ts_0kdnjfp._.js.map,OTHER,53,,0,False,False,False,False,🟡 DELETE = LOW RISK,ARCHIVE
5368,frontend/.next/dev/static/chunks/lib_api_ts_0mzgw7f._.js,OTHER,412,,0,False,False,False,False,🟡 DELETE = LOW RISK,ARCHIVE
5369,frontend/.next/dev/static/chunks/lib_api_ts_0mzgw7f._.js.map,OTHER,53,,0,False,False,False,False,🟡 DELETE = LOW RISK,ARCHIVE
5370,frontend/.next/dev/static/chunks/lib_api_ts_0rj6jdc._.js,OTHER,412,,0,False,False,False,False,🟡 DELETE = LOW RISK,ARCHIVE
5371,frontend/.next/dev/static/chunks/lib_api_ts_0rj6jdc._.js.map,OTHER,53,,0,False,False,False,False,🟡 DELETE = LOW RISK,ARCHIVE
5372,frontend/.next/dev/static/chunks/lib_api_ts_0shasko._.js,OTHER,412,,0,False,False,False,False,🟡 DELETE = LOW RISK,ARCHIVE
5373,frontend/.next/dev/static/chunks/lib_api_ts_0shasko._.js.map,OTHER,53,,0,False,False,False,False,🟡 DELETE = LOW RISK,ARCHIVE
5374,frontend/.next/dev/static/chunks/lib_api_ts_0tace80._.js,OTHER,412,,0,False,False,False,False,🟡 DELETE = LOW RISK,ARCHIVE
5375,frontend/.next/dev/static/chunks/lib_api_ts_0tace80._.js.map,OTHER,53,,0,False,False,False,False,🟡 DELETE = LOW RISK,ARCHIVE
5376,frontend/.next/dev/static/chunks/lib_api_ts_0uuqk1o._.js,OTHER,412,,0,False,False,False,False,🟡 DELETE = LOW RISK,ARCHIVE
5377,frontend/.next/dev/static/chunks/lib_api_ts_0uuqk1o._.js.map,OTHER,53,,0,False,False,False,False,🟡 DELETE = LOW RISK,ARCHIVE
5378,frontend/.next/dev/static/chunks/lib_api_ts_0vj6yov._.js.map,OTHER,53,,0,False,False,False,False,🟡 DELETE = LOW RISK,ARCHIVE
5379,frontend/.next/dev/static/chunks/lib_api_ts_0yaljrj._.js,OTHER,412,,0,False,False,False,False,🟡 DELETE = LOW RISK,ARCHIVE
5380,frontend/.next/dev/static/chunks/lib_api_ts_0yaljrj._.js.map,OTHER,53,,0,False,False,False,False,🟡 DELETE = LOW RISK,ARCHIVE
5381,frontend/.next/dev/static/chunks/lib_api_ts_0_la1qx._.js,OTHER,412,,0,False,False,False,False,🟡 DELETE = LOW RISK,ARCHIVE
5382,frontend/.next/dev/static/chunks/lib_api_ts_0_la1qx._.js.map,OTHER,53,,0,False,False,False,False,🟡 DELETE = LOW RISK,ARCHIVE
5383,frontend/.next/dev/static/chunks/lib_api_ts_12r9u2b._.js,OTHER,412,,0,False,False,False,False,🟡 DELETE = LOW RISK,ARCHIVE
5384,frontend/.next/dev/static/chunks/lib_api_ts_12r9u2b._.js.map,OTHER,53,,0,False,False,False,False,🟡 DELETE = LOW RISK,ARCHIVE
5385,frontend/.next/dev/static/chunks/lib_api_ts_12tuijx._.js,OTHER,412,,0,False,False,False,False,🟡 DELETE = LOW RISK,ARCHIVE
5386,frontend/.next/dev/static/chunks/lib_api_ts_12tuijx._.js.map,OTHER,53,,0,False,False,False,False,🟡 DELETE = LOW RISK,ARCHIVE
5387,frontend/.next/dev/static/chunks/lib_api_ts_13a37jj._.js,OTHER,412,,0,False,False,False,False,🟡 DELETE = LOW RISK,ARCHIVE
5388,frontend/.next/dev/static/chunks/lib_api_ts_13a37jj._.js.map,OTHER,53,,0,False,False,False,False,🟡 DELETE = LOW RISK,ARCHIVE
5389,frontend/.next/dev/static/chunks/lib_api_ts_14kvwtx._.js,OTHER,412,,0,False,False,False,False,🟡 DELETE = LOW RISK,ARCHIVE
5390,frontend/.next/dev/static/chunks/lib_api_ts_14kvwtx._.js.map,OTHER,53,,0,False,False,False,False,🟡 DELETE = LOW RISK,ARCHIVE
5391,frontend/.next/dev/static/chunks/lib_api_ts_153z60i._.js,OTHER,412,,0,False,False,False,False,🟡 DELETE = LOW RISK,ARCHIVE
5392,frontend/.next/dev/static/chunks/lib_api_ts_153z60i._.js.map,OTHER,53,,0,False,False,False,False,🟡 DELETE = LOW RISK,ARCHIVE
5393,frontend/.next/dev/static/chunks/lib_api_ts_156_8e9._.js,OTHER,412,,0,False,False,False,False,🟡 DELETE = LOW RISK,ARCHIVE
5394,frontend/.next/dev/static/chunks/lib_api_ts_156_8e9._.js.map,OTHER,53,,0,False,False,False,False,🟡 DELETE = LOW RISK,ARCHIVE
5395,frontend/.next/dev/static/chunks/lib_api_ts_161mdyj._.js,OTHER,412,,0,False,False,False,False,🟡 DELETE = LOW RISK,ARCHIVE
5396,frontend/.next/dev/static/chunks/lib_api_ts_161mdyj._.js.map,OTHER,53,,0,False,False,False,False,🟡 DELETE = LOW RISK,ARCHIVE
5397,frontend/.next/dev/static/chunks/lib_api_ts_16x8twd._.js,OTHER,412,,2,False,False,False,False,🟡 DELETE = LOW RISK,ARCHIVE
5398,frontend/.next/dev/static/chunks/lib_api_ts_16x8twd._.js.map,OTHER,53,,0,False,False,False,False,🟡 DELETE = LOW RISK,ARCHIVE
5399,frontend/.next/dev/static/chunks/lib_api_ts_17p4v89._.js,OTHER,412,,2,False,False,False,False,🟡 DELETE = LOW RISK,ARCHIVE
5400,frontend/.next/dev/static/chunks/lib_api_ts_17p4v89._.js.map,OTHER,53,,0,False,False,False,False,🟡 DELETE = LOW RISK,ARCHIVE
5401,frontend/.next/dev/static/chunks/lib_api_ts_1a9-r1l._.js,OTHER,412,,0,False,False,False,False,🟡 DELETE = LOW RISK,ARCHIVE
5402,frontend/.next/dev/static/chunks/lib_api_ts_1a9-r1l._.js.map,OTHER,53,,0,False,False,False,False,🟡 DELETE = LOW RISK,ARCHIVE
5403,frontend/.next/dev/static/chunks/lib_api_ts_1bkz7lw._.js,OTHER,412,,0,False,False,False,False,🟡 DELETE = LOW RISK,ARCHIVE
5404,frontend/.next/dev/static/chunks/lib_api_ts_1bkz7lw._.js.map,OTHER,53,,0,False,False,False,False,🟡 DELETE = LOW RISK,ARCHIVE
5405,frontend/.next/dev/static/chunks/lib_api_ts_1cox77y._.js,OTHER,412,,0,False,False,False,False,🟡 DELETE = LOW RISK,ARCHIVE
5406,frontend/.next/dev/static/chunks/lib_api_ts_1cox77y._.js.map,OTHER,53,,0,False,False,False,False,🟡 DELETE = LOW RISK,ARCHIVE
5407,frontend/.next/dev/static/chunks/lib_api_ts_1f71n_-._.js,OTHER,412,,0,False,False,False,False,🟡 DELETE = LOW RISK,ARCHIVE
5408,frontend/.next/dev/static/chunks/lib_api_ts_1f71n_-._.js.map,OTHER,53,,0,False,False,False,False,🟡 DELETE = LOW RISK,ARCHIVE
5409,frontend/.next/dev/static/chunks/lib_api_ts_1j8x5zd._.js,OTHER,412,,0,False,False,False,False,🟡 DELETE = LOW RISK,ARCHIVE
5410,frontend/.next/dev/static/chunks/lib_api_ts_1j8x5zd._.js.map,OTHER,53,,0,False,False,False,False,🟡 DELETE = LOW RISK,ARCHIVE
5411,frontend/.next/dev/static/chunks/lib_api_ts_1k25pr_._.js,OTHER,412,,0,False,False,False,False,🟡 DELETE = LOW RISK,ARCHIVE
5412,frontend/.next/dev/static/chunks/lib_api_ts_1k25pr_._.js.map,OTHER,53,,0,False,False,False,False,🟡 DELETE = LOW RISK,ARCHIVE
5413,frontend/.next/dev/static/chunks/lib_api_ts_1l6xufe._.js,OTHER,412,,0,False,False,False,False,🟡 DELETE = LOW RISK,ARCHIVE
5414,frontend/.next/dev/static/chunks/lib_api_ts_1l6xufe._.js.map,OTHER,53,,0,False,False,False,False,🟡 DELETE = LOW RISK,ARCHIVE
5415,frontend/.next/dev/static/chunks/lib_api_ts_1luqw7q._.js,OTHER,412,,0,False,False,False,False,🟡 DELETE = LOW RISK,ARCHIVE
5416,frontend/.next/dev/static/chunks/lib_api_ts_1luqw7q._.js.map,OTHER,53,,0,False,False,False,False,🟡 DELETE = LOW RISK,ARCHIVE
5417,frontend/.next/dev/static/chunks/lib_api_ts_1r3pe8q._.js,OTHER,412,,0,False,False,False,False,🟡 DELETE = LOW RISK,ARCHIVE
5418,frontend/.next/dev/static/chunks/lib_api_ts_1r3pe8q._.js.map,OTHER,53,,0,False,False,False,False,🟡 DELETE = LOW RISK,ARCHIVE
5419,frontend/.next/dev/static/chunks/lib_api_ts_1rsjspw._.js,OTHER,412,,0,False,False,False,False,🟡 DELETE = LOW RISK,ARCHIVE
5420,frontend/.next/dev/static/chunks/lib_api_ts_1rsjspw._.js.map,OTHER,53,,0,False,False,False,False,🟡 DELETE = LOW RISK,ARCHIVE
5421,frontend/.next/dev/static/chunks/lib_api_ts_1sh4afg._.js,OTHER,412,,0,False,False,False,False,🟡 DELETE = LOW RISK,ARCHIVE
5422,frontend/.next/dev/static/chunks/lib_api_ts_1sh4afg._.js.map,OTHER,53,,0,False,False,False,False,🟡 DELETE = LOW RISK,ARCHIVE
5423,frontend/.next/dev/static/chunks/lib_api_ts_1srv-ad._.js,OTHER,412,,0,False,False,False,False,🟡 DELETE = LOW RISK,ARCHIVE
5424,frontend/.next/dev/static/chunks/lib_api_ts_1srv-ad._.js.map,OTHER,53,,0,False,False,False,False,🟡 DELETE = LOW RISK,ARCHIVE
5425,frontend/.next/dev/static/chunks/lib_api_ts_1ssoar-._.js,OTHER,412,,0,False,False,False,False,🟡 DELETE = LOW RISK,ARCHIVE
5426,frontend/.next/dev/static/chunks/lib_api_ts_1ssoar-._.js.map,OTHER,53,,0,False,False,False,False,🟡 DELETE = LOW RISK,ARCHIVE
5427,frontend/.next/dev/static/chunks/lib_api_ts_1v-37t1._.js,OTHER,412,,0,False,False,False,False,🟡 DELETE = LOW RISK,ARCHIVE
5428,frontend/.next/dev/static/chunks/lib_api_ts_1v-37t1._.js.map,OTHER,53,,0,False,False,False,False,🟡 DELETE = LOW RISK,ARCHIVE
5429,frontend/.next/dev/static/chunks/lib_api_ts_1x5op3x._.js,OTHER,412,,0,False,False,False,False,🟡 DELETE = LOW RISK,ARCHIVE
5430,frontend/.next/dev/static/chunks/lib_api_ts_1x5op3x._.js.map,OTHER,53,,0,False,False,False,False,🟡 DELETE = LOW RISK,ARCHIVE
5431,frontend/.next/dev/static/chunks/lib_api_ts_1x_pcn_._.js,OTHER,412,,0,False,False,False,False,🟡 DELETE = LOW RISK,ARCHIVE
5432,frontend/.next/dev/static/chunks/lib_api_ts_1x_pcn_._.js.map,OTHER,53,,0,False,False,False,False,🟡 DELETE = LOW RISK,ARCHIVE
5433,frontend/.next/dev/static/chunks/lib_api_ts_1yr-8pk._.js,OTHER,412,,0,False,False,False,False,🟡 DELETE = LOW RISK,ARCHIVE
5434,frontend/.next/dev/static/chunks/lib_api_ts_1yr-8pk._.js.map,OTHER,53,,0,False,False,False,False,🟡 DELETE = LOW RISK,ARCHIVE
5435,frontend/.next/dev/static/chunks/lib_api_ts_1_0uv70._.js,OTHER,412,,0,False,False,False,False,🟡 DELETE = LOW RISK,ARCHIVE
5436,frontend/.next/dev/static/chunks/lib_api_ts_1_0uv70._.js.map,OTHER,53,,0,False,False,False,False,🟡 DELETE = LOW RISK,ARCHIVE
5437,frontend/.next/dev/static/chunks/node_modules_00mk8b9._.js,OTHER,373049,,0,False,False,False,False,🟡 DELETE = LOW RISK,ARCHIVE
5438,frontend/.next/dev/static/chunks/node_modules_00mk8b9._.js.map,OTHER,419856,,1,False,False,False,False,🟡 DELETE = LOW RISK,ARCHIVE
5439,frontend/.next/dev/static/chunks/node_modules_01vjgak._.js,OTHER,348849,,0,False,False,False,False,🟡 DELETE = LOW RISK,ARCHIVE
5440,frontend/.next/dev/static/chunks/node_modules_01vjgak._.js.map,OTHER,403448,,1,False,False,False,False,🟡 DELETE = LOW RISK,ARCHIVE
5441,frontend/.next/dev/static/chunks/node_modules_06773ko._.js,OTHER,356026,,2,False,False,False,False,🟡 DELETE = LOW RISK,ARCHIVE
5442,frontend/.next/dev/static/chunks/node_modules_06773ko._.js.map,OTHER,414970,,1,False,False,False,False,🟡 DELETE = LOW RISK,ARCHIVE
5443,frontend/.next/dev/static/chunks/node_modules_07297x4._.js,OTHER,322343,,2,False,False,False,False,🟡 DELETE = LOW RISK,ARCHIVE
5444,frontend/.next/dev/static/chunks/node_modules_07297x4._.js.map,OTHER,365804,,1,False,False,False,False,🟡 DELETE = LOW RISK,ARCHIVE
5445,frontend/.next/dev/static/chunks/node_modules_07h5_y_._.js,OTHER,384836,,0,False,False,False,False,🟡 DELETE = LOW RISK,ARCHIVE
5446,frontend/.next/dev/static/chunks/node_modules_07h5_y_._.js.map,OTHER,439449,,1,False,False,False,False,🟡 DELETE = LOW RISK,ARCHIVE
5447,frontend/.next/dev/static/chunks/node_modules_07hoknu._.js,OTHER,320447,,0,False,False,False,False,🟡 DELETE = LOW RISK,ARCHIVE
5448,frontend/.next/dev/static/chunks/node_modules_07hoknu._.js.map,OTHER,363556,,1,False,False,False,False,🟡 DELETE = LOW RISK,ARCHIVE
5449,frontend/.next/dev/static/chunks/node_modules_07wo0g8._.js,OTHER,386971,,0,False,False,False,False,🟡 DELETE = LOW RISK,ARCHIVE
5450,frontend/.next/dev/static/chunks/node_modules_07wo0g8._.js.map,OTHER,442211,,1,False,False,False,False,🟡 DELETE = LOW RISK,ARCHIVE
5451,frontend/.next/dev/static/chunks/node_modules_0b6-vpg._.js,OTHER,388486,,0,False,False,False,False,🟡 DELETE = LOW RISK,ARCHIVE
5452,frontend/.next/dev/static/chunks/node_modules_0b6-vpg._.js.map,OTHER,443953,,1,False,False,False,False,🟡 DELETE = LOW RISK,ARCHIVE
5453,frontend/.next/dev/static/chunks/node_modules_0bdfe4-._.js,OTHER,382671,,0,False,False,False,False,🟡 DELETE = LOW RISK,ARCHIVE
5454,frontend/.next/dev/static/chunks/node_modules_0bdfe4-._.js.map,OTHER,433421,,1,False,False,False,False,🟡 DELETE = LOW RISK,ARCHIVE
5455,frontend/.next/dev/static/chunks/node_modules_0b_embh._.js,OTHER,390481,,0,False,False,False,False,🟡 DELETE = LOW RISK,ARCHIVE
5456,frontend/.next/dev/static/chunks/node_modules_0b_embh._.js.map,OTHER,446723,,1,False,False,False,False,🟡 DELETE = LOW RISK,ARCHIVE
5457,frontend/.next/dev/static/chunks/node_modules_0cbjwux._.js,OTHER,382229,,2,False,False,False,False,🟡 DELETE = LOW RISK,ARCHIVE
5458,frontend/.next/dev/static/chunks/node_modules_0cbjwux._.js.map,OTHER,433288,,1,False,False,False,False,🟡 DELETE = LOW RISK,ARCHIVE
5459,frontend/.next/dev/static/chunks/node_modules_0f4f9ec._.js,OTHER,386878,,0,False,False,False,False,🟡 DELETE = LOW RISK,ARCHIVE
5460,frontend/.next/dev/static/chunks/node_modules_0f4f9ec._.js.map,OTHER,441816,,1,False,False,False,False,🟡 DELETE = LOW RISK,ARCHIVE
5461,frontend/.next/dev/static/chunks/node_modules_0ggmwh2._.js,OTHER,392444,,2,False,False,False,False,🟡 DELETE = LOW RISK,ARCHIVE
5462,frontend/.next/dev/static/chunks/node_modules_0ggmwh2._.js.map,OTHER,449200,,1,False,False,False,False,🟡 DELETE = LOW RISK,ARCHIVE
5463,frontend/.next/dev/static/chunks/node_modules_0hswk6f._.js,OTHER,340944,,0,False,False,False,False,🟡 DELETE = LOW RISK,ARCHIVE
5464,frontend/.next/dev/static/chunks/node_modules_0hswk6f._.js.map,OTHER,391898,,1,False,False,False,False,🟡 DELETE = LOW RISK,ARCHIVE
5465,frontend/.next/dev/static/chunks/node_modules_0mf8mhl._.js,OTHER,412612,,2,False,False,False,False,🟡 DELETE = LOW RISK,ARCHIVE
5466,frontend/.next/dev/static/chunks/node_modules_0mf8mhl._.js.map,OTHER,479172,,1,False,False,False,False,🟡 DELETE = LOW RISK,ARCHIVE
5467,frontend/.next/dev/static/chunks/node_modules_0n7bpld._.js,OTHER,367473,,0,False,False,False,False,🟡 DELETE = LOW RISK,ARCHIVE
5468,frontend/.next/dev/static/chunks/node_modules_0n7bpld._.js.map,OTHER,417345,,1,False,False,False,False,🟡 DELETE = LOW RISK,ARCHIVE
5469,frontend/.next/dev/static/chunks/node_modules_0pa3r4o._.js,OTHER,338879,,0,False,False,False,False,🟡 DELETE = LOW RISK,ARCHIVE
5470,frontend/.next/dev/static/chunks/node_modules_0pa3r4o._.js.map,OTHER,388998,,1,False,False,False,False,🟡 DELETE = LOW RISK,ARCHIVE
5471,frontend/.next/dev/static/chunks/node_modules_0qcxm5v._.js,OTHER,369369,,0,False,False,False,False,🟡 DELETE = LOW RISK,ARCHIVE
5472,frontend/.next/dev/static/chunks/node_modules_0qcxm5v._.js.map,OTHER,419594,,1,False,False,False,False,🟡 DELETE = LOW RISK,ARCHIVE
5473,frontend/.next/dev/static/chunks/node_modules_0sd3ko6._.js,OTHER,607953,,1,False,False,False,False,🟡 DELETE = LOW RISK,ARCHIVE
5474,frontend/.next/dev/static/chunks/node_modules_0sd3ko6._.js.map,OTHER,759190,,1,False,False,False,False,🟡 DELETE = LOW RISK,ARCHIVE
5475,frontend/.next/dev/static/chunks/node_modules_0skcbfj._.js,OTHER,522572,,1,False,False,False,False,🟡 DELETE = LOW RISK,ARCHIVE
5476,frontend/.next/dev/static/chunks/node_modules_0skcbfj._.js.map,OTHER,624889,,1,False,False,False,False,🟡 DELETE = LOW RISK,ARCHIVE
5477,frontend/.next/dev/static/chunks/node_modules_0slyrox._.js,OTHER,385417,,0,False,False,False,False,🟡 DELETE = LOW RISK,ARCHIVE
5478,frontend/.next/dev/static/chunks/node_modules_0slyrox._.js.map,OTHER,440626,,1,False,False,False,False,🟡 DELETE = LOW RISK,ARCHIVE
5479,frontend/.next/dev/static/chunks/node_modules_0t-trqu._.js,OTHER,340820,,0,False,False,False,False,🟡 DELETE = LOW RISK,ARCHIVE
5480,frontend/.next/dev/static/chunks/node_modules_0t-trqu._.js.map,OTHER,391863,,1,False,False,False,False,🟡 DELETE = LOW RISK,ARCHIVE
5481,frontend/.next/dev/static/chunks/node_modules_0u06h46._.js,OTHER,380948,,0,False,False,False,False,🟡 DELETE = LOW RISK,ARCHIVE
5482,frontend/.next/dev/static/chunks/node_modules_0u06h46._.js.map,OTHER,431794,,1,False,False,False,False,🟡 DELETE = LOW RISK,ARCHIVE
5483,frontend/.next/dev/static/chunks/node_modules_0u89mrf._.js,OTHER,389099,,0,False,False,False,False,🟡 DELETE = LOW RISK,ARCHIVE
5484,frontend/.next/dev/static/chunks/node_modules_0u89mrf._.js.map,OTHER,444794,,1,False,False,False,False,🟡 DELETE = LOW RISK,ARCHIVE
5485,frontend/.next/dev/static/chunks/node_modules_0uibrm6._.js,OTHER,380327,,0,False,False,False,False,🟡 DELETE = LOW RISK,ARCHIVE
5486,frontend/.next/dev/static/chunks/node_modules_0uibrm6._.js.map,OTHER,430655,,1,False,False,False,False,🟡 DELETE = LOW RISK,ARCHIVE
5487,frontend/.next/dev/static/chunks/node_modules_0wulsfc._.js,OTHER,336990,,0,False,False,False,False,🟡 DELETE = LOW RISK,ARCHIVE
5488,frontend/.next/dev/static/chunks/node_modules_0wulsfc._.js.map,OTHER,386961,,1,False,False,False,False,🟡 DELETE = LOW RISK,ARCHIVE
5489,frontend/.next/dev/static/chunks/node_modules_10bizzt._.js,OTHER,403854,,2,False,False,False,False,🟡 DELETE = LOW RISK,ARCHIVE
5490,frontend/.next/dev/static/chunks/node_modules_10bizzt._.js.map,OTHER,462600,,1,False,False,False,False,🟡 DELETE = LOW RISK,ARCHIVE
5491,frontend/.next/dev/static/chunks/node_modules_10e2-xo._.js,OTHER,72231,,11,False,False,False,False,🟡 DELETE = LOW RISK,ARCHIVE
5492,frontend/.next/dev/static/chunks/node_modules_10e2-xo._.js.map,OTHER,125944,,1,False,False,False,False,🟡 DELETE = LOW RISK,ARCHIVE
5493,frontend/.next/dev/static/chunks/node_modules_10q0916._.js,OTHER,388312,,0,False,False,False,False,🟡 DELETE = LOW RISK,ARCHIVE
5494,frontend/.next/dev/static/chunks/node_modules_10q0916._.js.map,OTHER,441150,,1,False,False,False,False,🟡 DELETE = LOW RISK,ARCHIVE
5495,frontend/.next/dev/static/chunks/node_modules_12-2lso._.js,OTHER,368490,,0,False,False,False,False,🟡 DELETE = LOW RISK,ARCHIVE
5496,frontend/.next/dev/static/chunks/node_modules_12-2lso._.js.map,OTHER,413341,,1,False,False,False,False,🟡 DELETE = LOW RISK,ARCHIVE
5497,frontend/.next/dev/static/chunks/node_modules_14rzv45._.js,OTHER,378455,,0,False,False,False,False,🟡 DELETE = LOW RISK,ARCHIVE
5498,frontend/.next/dev/static/chunks/node_modules_14rzv45._.js.map,OTHER,428436,,1,False,False,False,False,🟡 DELETE = LOW RISK,ARCHIVE
5499,frontend/.next/dev/static/chunks/node_modules_15ap1c2._.js,OTHER,345466,,0,False,False,False,False,🟡 DELETE = LOW RISK,ARCHIVE
5500,frontend/.next/dev/static/chunks/node_modules_15ap1c2._.js.map,OTHER,399685,,1,False,False,False,False,🟡 DELETE = LOW RISK,ARCHIVE
5501,frontend/.next/dev/static/chunks/node_modules_15gnrsr._.js,OTHER,401794,,0,False,False,False,False,🟡 DELETE = LOW RISK,ARCHIVE
5502,frontend/.next/dev/static/chunks/node_modules_15gnrsr._.js.map,OTHER,459196,,1,False,False,False,False,🟡 DELETE = LOW RISK,ARCHIVE
5503,frontend/.next/dev/static/chunks/node_modules_16_zfwk._.js,OTHER,387432,,0,False,False,False,False,🟡 DELETE = LOW RISK,ARCHIVE
5504,frontend/.next/dev/static/chunks/node_modules_16_zfwk._.js.map,OTHER,443168,,1,False,False,False,False,🟡 DELETE = LOW RISK,ARCHIVE
5505,frontend/.next/dev/static/chunks/node_modules_17bui2o._.js,OTHER,397903,,0,False,False,False,False,🟡 DELETE = LOW RISK,ARCHIVE
5506,frontend/.next/dev/static/chunks/node_modules_17bui2o._.js.map,OTHER,454177,,1,False,False,False,False,🟡 DELETE = LOW RISK,ARCHIVE
5507,frontend/.next/dev/static/chunks/node_modules_19yrz6c._.js,OTHER,342824,,0,False,False,False,False,🟡 DELETE = LOW RISK,ARCHIVE
5508,frontend/.next/dev/static/chunks/node_modules_19yrz6c._.js.map,OTHER,394379,,1,False,False,False,False,🟡 DELETE = LOW RISK,ARCHIVE
5509,frontend/.next/dev/static/chunks/node_modules_1aqb45a._.js,OTHER,385469,,0,False,False,False,False,🟡 DELETE = LOW RISK,ARCHIVE
5510,frontend/.next/dev/static/chunks/node_modules_1aqb45a._.js.map,OTHER,440691,,1,False,False,False,False,🟡 DELETE = LOW RISK,ARCHIVE
5511,frontend/.next/dev/static/chunks/node_modules_1dl7mpl._.js,OTHER,323754,,0,False,False,False,False,🟡 DELETE = LOW RISK,ARCHIVE
5512,frontend/.next/dev/static/chunks/node_modules_1dl7mpl._.js.map,OTHER,473824,,1,False,False,False,False,🟡 DELETE = LOW RISK,ARCHIVE
5513,frontend/.next/dev/static/chunks/node_modules_1frd2up._.js,OTHER,382768,,0,False,False,False,False,🟡 DELETE = LOW RISK,ARCHIVE
5514,frontend/.next/dev/static/chunks/node_modules_1frd2up._.js.map,OTHER,435199,,1,False,False,False,False,🟡 DELETE = LOW RISK,ARCHIVE
5515,frontend/.next/dev/static/chunks/node_modules_1hsyj6c._.js,OTHER,383521,,0,False,False,False,False,🟡 DELETE = LOW RISK,ARCHIVE
5516,frontend/.next/dev/static/chunks/node_modules_1hsyj6c._.js.map,OTHER,438377,,1,False,False,False,False,🟡 DELETE = LOW RISK,ARCHIVE
5517,frontend/.next/dev/static/chunks/node_modules_1hx4lc5._.js,OTHER,347330,,0,False,False,False,False,🟡 DELETE = LOW RISK,ARCHIVE
5518,frontend/.next/dev/static/chunks/node_modules_1hx4lc5._.js.map,OTHER,401901,,1,False,False,False,False,🟡 DELETE = LOW RISK,ARCHIVE
5519,frontend/.next/dev/static/chunks/node_modules_1je78hc._.js,OTHER,354595,,0,False,False,False,False,🟡 DELETE = LOW RISK,ARCHIVE
5520,frontend/.next/dev/static/chunks/node_modules_1je78hc._.js.map,OTHER,413071,,1,False,False,False,False,🟡 DELETE = LOW RISK,ARCHIVE
5521,frontend/.next/dev/static/chunks/node_modules_1kpveqq._.js,OTHER,386426,,0,False,False,False,False,🟡 DELETE = LOW RISK,ARCHIVE
5522,frontend/.next/dev/static/chunks/node_modules_1kpveqq._.js.map,OTHER,440549,,1,False,False,False,False,🟡 DELETE = LOW RISK,ARCHIVE
5523,frontend/.next/dev/static/chunks/node_modules_1o_le4f._.js,OTHER,552270,,1,False,False,False,False,🟡 DELETE = LOW RISK,ARCHIVE
5524,frontend/.next/dev/static/chunks/node_modules_1o_le4f._.js.map,OTHER,672667,,1,False,False,False,False,🟡 DELETE = LOW RISK,ARCHIVE
5525,frontend/.next/dev/static/chunks/node_modules_1p52yxk._.js,OTHER,379052,,0,False,False,False,False,🟡 DELETE = LOW RISK,ARCHIVE
5526,frontend/.next/dev/static/chunks/node_modules_1p52yxk._.js.map,OTHER,429545,,1,False,False,False,False,🟡 DELETE = LOW RISK,ARCHIVE
5527,frontend/.next/dev/static/chunks/node_modules_1p9hqm_._.js,OTHER,388612,,0,False,False,False,False,🟡 DELETE = LOW RISK,ARCHIVE
5528,frontend/.next/dev/static/chunks/node_modules_1p9hqm_._.js.map,OTHER,443670,,1,False,False,False,False,🟡 DELETE = LOW RISK,ARCHIVE
5529,frontend/.next/dev/static/chunks/node_modules_1q08cu1._.js,OTHER,388544,,2,False,False,False,False,🟡 DELETE = LOW RISK,ARCHIVE
5530,frontend/.next/dev/static/chunks/node_modules_1q08cu1._.js.map,OTHER,442037,,1,False,False,False,False,🟡 DELETE = LOW RISK,ARCHIVE
5531,frontend/.next/dev/static/chunks/node_modules_1rnnmye._.js,OTHER,384915,,0,False,False,False,False,🟡 DELETE = LOW RISK,ARCHIVE
5532,frontend/.next/dev/static/chunks/node_modules_1rnnmye._.js.map,OTHER,439339,,1,False,False,False,False,🟡 DELETE = LOW RISK,ARCHIVE
5533,frontend/.next/dev/static/chunks/node_modules_1rwb-no._.js,OTHER,541758,,10,False,False,False,False,🟡 DELETE = LOW RISK,ARCHIVE
5534,frontend/.next/dev/static/chunks/node_modules_1rwb-no._.js.map,OTHER,777386,,1,False,False,False,False,🟡 DELETE = LOW RISK,ARCHIVE
5535,frontend/.next/dev/static/chunks/node_modules_1rytp4x._.js,OTHER,350083,,0,False,False,False,False,🟡 DELETE = LOW RISK,ARCHIVE
5536,frontend/.next/dev/static/chunks/node_modules_1rytp4x._.js.map,OTHER,403846,,1,False,False,False,False,🟡 DELETE = LOW RISK,ARCHIVE
5537,frontend/.next/dev/static/chunks/node_modules_1tz0jzd._.js,OTHER,377104,,0,False,False,False,False,🟡 DELETE = LOW RISK,ARCHIVE
5538,frontend/.next/dev/static/chunks/node_modules_1tz0jzd._.js.map,OTHER,427231,,1,False,False,False,False,🟡 DELETE = LOW RISK,ARCHIVE
5539,frontend/.next/dev/static/chunks/node_modules_1uk452b._.js,OTHER,387365,,0,False,False,False,False,🟡 DELETE = LOW RISK,ARCHIVE
5540,frontend/.next/dev/static/chunks/node_modules_1uk452b._.js.map,OTHER,442940,,1,False,False,False,False,🟡 DELETE = LOW RISK,ARCHIVE
5541,frontend/.next/dev/static/chunks/node_modules_1w-bf1c._.js,OTHER,318154,,0,False,False,False,False,🟡 DELETE = LOW RISK,ARCHIVE
5542,frontend/.next/dev/static/chunks/node_modules_1w-bf1c._.js.map,OTHER,359668,,1,False,False,False,False,🟡 DELETE = LOW RISK,ARCHIVE
5543,frontend/.next/dev/static/chunks/node_modules_1wdr5fx._.js,OTHER,374587,,0,False,False,False,False,🟡 DELETE = LOW RISK,ARCHIVE
5544,frontend/.next/dev/static/chunks/node_modules_1wdr5fx._.js.map,OTHER,422332,,1,False,False,False,False,🟡 DELETE = LOW RISK,ARCHIVE
5545,frontend/.next/dev/static/chunks/node_modules_1yjksu4._.js,OTHER,379251,,0,False,False,False,False,🟡 DELETE = LOW RISK,ARCHIVE
5546,frontend/.next/dev/static/chunks/node_modules_1yjksu4._.js.map,OTHER,431371,,1,False,False,False,False,🟡 DELETE = LOW RISK,ARCHIVE
5547,frontend/.next/dev/static/chunks/node_modules_1zxz00c._.js,OTHER,410465,,0,False,False,False,False,🟡 DELETE = LOW RISK,ARCHIVE
5548,frontend/.next/dev/static/chunks/node_modules_1zxz00c._.js.map,OTHER,475032,,1,False,False,False,False,🟡 DELETE = LOW RISK,ARCHIVE
5549,frontend/.next/dev/static/chunks/node_modules_21b492n._.js,OTHER,380723,,0,False,False,False,False,🟡 DELETE = LOW RISK,ARCHIVE
5550,frontend/.next/dev/static/chunks/node_modules_21b492n._.js.map,OTHER,431107,,1,False,False,False,False,🟡 DELETE = LOW RISK,ARCHIVE
5551,frontend/.next/dev/static/chunks/node_modules_@swc_helpers_cjs_1r9vbqw._.js,OTHER,1984,,13,False,False,False,False,🟡 DELETE = LOW RISK,ARCHIVE
5552,frontend/.next/dev/static/chunks/node_modules_@swc_helpers_cjs_1r9vbqw._.js.map,OTHER,3548,,0,False,False,False,False,🟡 DELETE = LOW RISK,ARCHIVE
5553,frontend/.next/dev/static/chunks/node_modules_next_app_0yrdk3r.js,OTHER,421,,7,False,False,False,False,🟡 DELETE = LOW RISK,ARCHIVE
5554,frontend/.next/dev/static/chunks/node_modules_next_app_0yrdk3r.js.map,OTHER,370,,1,False,False,False,False,🟡 DELETE = LOW RISK,ARCHIVE
5555,frontend/.next/dev/static/chunks/node_modules_next_dist_1atto1n._.js,OTHER,92439,,7,False,False,False,False,🟡 DELETE = LOW RISK,ARCHIVE
5556,frontend/.next/dev/static/chunks/node_modules_next_dist_1atto1n._.js.map,OTHER,132951,,1,False,False,False,False,🟡 DELETE = LOW RISK,ARCHIVE
5557,frontend/.next/dev/static/chunks/node_modules_next_dist_1e9_p6y._.js,OTHER,208717,,0,False,False,False,False,🟡 DELETE = LOW RISK,ARCHIVE
5558,frontend/.next/dev/static/chunks/node_modules_next_dist_1e9_p6y._.js.map,OTHER,295897,,1,False,False,False,False,🟡 DELETE = LOW RISK,ARCHIVE
5559,frontend/.next/dev/static/chunks/node_modules_next_dist_1gdrd03._.js,OTHER,86189,,7,False,False,False,False,🟡 DELETE = LOW RISK,ARCHIVE
5560,frontend/.next/dev/static/chunks/node_modules_next_dist_1gdrd03._.js.map,OTHER,114705,,1,False,False,False,False,🟡 DELETE = LOW RISK,ARCHIVE
5561,frontend/.next/dev/static/chunks/node_modules_next_dist_1ybzpk2._.js,OTHER,248032,,13,False,False,False,False,🟡 DELETE = LOW RISK,ARCHIVE
5562,frontend/.next/dev/static/chunks/node_modules_next_dist_1ybzpk2._.js.map,OTHER,352495,,1,False,False,False,False,🟡 DELETE = LOW RISK,ARCHIVE
5563,frontend/.next/dev/static/chunks/node_modules_next_dist_build_polyfills_polyfill-nomodule.js,OTHER,112594,,11,False,False,False,False,🟡 DELETE = LOW RISK,ARCHIVE
5564,frontend/.next/dev/static/chunks/node_modules_next_dist_build_polyfills_polyfill-nomodule.js.map,OTHER,115717,,0,False,False,False,False,🟡 DELETE = LOW RISK,ARCHIVE
5565,frontend/.next/dev/static/chunks/node_modules_next_dist_client_0r5nbpw._.js,OTHER,748195,,13,False,False,False,False,🟡 DELETE = LOW RISK,ARCHIVE
5566,frontend/.next/dev/static/chunks/node_modules_next_dist_client_0r5nbpw._.js.map,OTHER,1063074,,1,False,False,False,False,🟡 DELETE = LOW RISK,ARCHIVE
5567,frontend/.next/dev/static/chunks/node_modules_next_dist_client_16lnmlo._.js,OTHER,182437,,11,False,False,False,False,🟡 DELETE = LOW RISK,ARCHIVE
5568,frontend/.next/dev/static/chunks/node_modules_next_dist_client_16lnmlo._.js.map,OTHER,241737,,1,False,False,False,False,🟡 DELETE = LOW RISK,ARCHIVE
5569,frontend/.next/dev/static/chunks/node_modules_next_dist_client_components_builtin_global-error_0eggdll.js,OTHER,212,,0,False,False,False,False,🟡 DELETE = LOW RISK,ARCHIVE
5570,frontend/.next/dev/static/chunks/node_modules_next_dist_client_components_builtin_global-error_0pdijx8.js,OTHER,212,,9,False,False,False,False,🟡 DELETE = LOW RISK,ARCHIVE
5571,frontend/.next/dev/static/chunks/node_modules_next_dist_client_components_builtin_global-error_1-7dtlk.js,OTHER,212,,0,False,False,False,False,🟡 DELETE = LOW RISK,ARCHIVE
5572,frontend/.next/dev/static/chunks/node_modules_next_dist_compiled_14ibvna._.js,OTHER,844055,,11,False,False,False,False,🟡 DELETE = LOW RISK,ARCHIVE
5573,frontend/.next/dev/static/chunks/node_modules_next_dist_compiled_14ibvna._.js.map,OTHER,2730822,,1,False,False,False,False,🟡 DELETE = LOW RISK,ARCHIVE
5574,frontend/.next/dev/static/chunks/node_modules_next_dist_compiled_1amofcm._.js,OTHER,144344,,13,False,False,False,False,🟡 DELETE = LOW RISK,ARCHIVE
5575,frontend/.next/dev/static/chunks/node_modules_next_dist_compiled_1amofcm._.js.map,OTHER,200715,,1,False,False,False,False,🟡 DELETE = LOW RISK,ARCHIVE
5576,frontend/.next/dev/static/chunks/node_modules_next_dist_compiled_next-devtools_index_090k2jm.js,OTHER,746614,,13,False,False,False,False,🟡 DELETE = LOW RISK,ARCHIVE
5577,frontend/.next/dev/static/chunks/node_modules_next_dist_compiled_next-devtools_index_090k2jm.js.map,OTHER,2622239,,1,False,False,False,False,🟡 DELETE = LOW RISK,ARCHIVE
5578,frontend/.next/dev/static/chunks/node_modules_next_dist_compiled_react-dom_096_9a-._.js,OTHER,1057980,,13,False,False,False,False,🟡 DELETE = LOW RISK,ARCHIVE
5579,frontend/.next/dev/static/chunks/node_modules_next_dist_compiled_react-dom_096_9a-._.js.map,OTHER,1864188,,0,False,False,False,False,🟡 DELETE = LOW RISK,ARCHIVE
5580,frontend/.next/dev/static/chunks/node_modules_next_dist_compiled_react-server-dom-turbopack_164kp-6._.js,OTHER,174652,,13,False,False,False,False,🟡 DELETE = LOW RISK,ARCHIVE
5581,frontend/.next/dev/static/chunks/node_modules_next_dist_compiled_react-server-dom-turbopack_164kp-6._.js.map,OTHER,315359,,1,False,False,False,False,🟡 DELETE = LOW RISK,ARCHIVE
5582,frontend/.next/dev/static/chunks/node_modules_next_dist_shared_lib_0pizcwv._.js,OTHER,268094,,7,False,False,False,False,🟡 DELETE = LOW RISK,ARCHIVE
5583,frontend/.next/dev/static/chunks/node_modules_next_dist_shared_lib_0pizcwv._.js.map,OTHER,386892,,1,False,False,False,False,🟡 DELETE = LOW RISK,ARCHIVE
5584,frontend/.next/dev/static/chunks/node_modules_next_dist_shared_lib_12jmhie._.js,OTHER,257634,,7,False,False,False,False,🟡 DELETE = LOW RISK,ARCHIVE
5585,frontend/.next/dev/static/chunks/node_modules_next_dist_shared_lib_12jmhie._.js.map,OTHER,373691,,1,False,False,False,False,🟡 DELETE = LOW RISK,ARCHIVE
5586,frontend/.next/dev/static/chunks/node_modules_react-dom_0kla17-._.js,OTHER,964856,,11,False,False,False,False,🟡 DELETE = LOW RISK,ARCHIVE
5587,frontend/.next/dev/static/chunks/node_modules_react-dom_0kla17-._.js.map,OTHER,1694817,,1,False,False,False,False,🟡 DELETE = LOW RISK,ARCHIVE
5588,frontend/.next/dev/static/chunks/pages__app_0du2_q-._.js,OTHER,695,,5,False,False,False,False,🟡 DELETE = LOW RISK,ARCHIVE
5589,frontend/.next/dev/static/chunks/pages__app_1ouknez._.js.map,OTHER,159225,,1,False,False,False,False,🟡 DELETE = LOW RISK,ARCHIVE
5590,frontend/.next/dev/static/chunks/pages__error_0du2_q-._.js,OTHER,646,,5,False,False,False,False,🟡 DELETE = LOW RISK,ARCHIVE
5591,frontend/.next/dev/static/chunks/pages__error_18oj9bx._.js.map,OTHER,159225,,1,False,False,False,False,🟡 DELETE = LOW RISK,ARCHIVE
5592,frontend/.next/dev/static/chunks/turbopack-pages__app_1ouknez._.js,OTHER,92357,,5,False,False,False,False,🟡 DELETE = LOW RISK,ARCHIVE
5593,frontend/.next/dev/static/chunks/turbopack-pages__error_18oj9bx._.js,OTHER,92312,,5,False,False,False,False,🟡 DELETE = LOW RISK,ARCHIVE
5594,frontend/.next/dev/static/chunks/turbopack-_01_ro95._.js,OTHER,92351,,11,False,False,False,False,🟡 DELETE = LOW RISK,ARCHIVE
5595,frontend/.next/dev/static/chunks/[next]_entry_page-loader_ts_0z3haqk._.js,OTHER,829,,7,False,False,False,False,🟡 DELETE = LOW RISK,ARCHIVE
5596,frontend/.next/dev/static/chunks/[next]_entry_page-loader_ts_0z3haqk._.js.map,OTHER,1133,,0,False,False,False,False,🟡 DELETE = LOW RISK,ARCHIVE
5597,frontend/.next/dev/static/chunks/[next]_entry_page-loader_ts_1aoli7m._.js,OTHER,859,,7,False,False,False,False,🟡 DELETE = LOW RISK,ARCHIVE
5598,frontend/.next/dev/static/chunks/[next]_entry_page-loader_ts_1aoli7m._.js.map,OTHER,1135,,0,False,False,False,False,🟡 DELETE = LOW RISK,ARCHIVE
5599,frontend/.next/dev/static/chunks/[next]_internal_font_google_geist_a71539c9_module_css_1igg3k2._.single.css,OTHER,2161,,0,False,False,False,False,🟡 DELETE = LOW RISK,ARCHIVE
5600,frontend/.next/dev/static/chunks/[next]_internal_font_google_geist_a71539c9_module_css_1igg3k2._.single.css.map,OTHER,3158,,0,False,False,False,False,🟡 DELETE = LOW RISK,ARCHIVE
5601,frontend/.next/dev/static/chunks/[next]_internal_font_google_geist_mono_8d43a2aa_module_css_1igg3k2._.single.css,OTHER,2498,,0,False,False,False,False,🟡 DELETE = LOW RISK,ARCHIVE
5602,frontend/.next/dev/static/chunks/[next]_internal_font_google_geist_mono_8d43a2aa_module_css_1igg3k2._.single.css.map,OTHER,3720,,0,False,False,False,False,🟡 DELETE = LOW RISK,ARCHIVE
5603,frontend/.next/dev/static/chunks/[next]_internal_font_google_inter_786c1081_module_css_1igg3k2._.single.css,OTHER,2629,,0,False,False,False,False,🟡 DELETE = LOW RISK,ARCHIVE
5604,frontend/.next/dev/static/chunks/[next]_internal_font_google_inter_786c1081_module_css_1igg3k2._.single.css.map,OTHER,4113,,0,False,False,False,False,🟡 DELETE = LOW RISK,ARCHIVE
5605,frontend/.next/dev/static/chunks/[root-of-the-server]__02sxxph._.js,OTHER,15866,,7,False,False,False,False,🟡 DELETE = LOW RISK,ARCHIVE
5606,frontend/.next/dev/static/chunks/[root-of-the-server]__02sxxph._.js.map,OTHER,27581,,0,False,False,False,False,🟡 DELETE = LOW RISK,ARCHIVE
5607,frontend/.next/dev/static/chunks/[root-of-the-server]__0cbk-n2._.css,OTHER,48994,,0,False,False,False,False,🟡 DELETE = LOW RISK,ARCHIVE
5608,frontend/.next/dev/static/chunks/[root-of-the-server]__0cbk-n2._.css.map,OTHER,56295,,0,False,False,False,False,🟡 DELETE = LOW RISK,ARCHIVE
5609,frontend/.next/dev/static/chunks/[root-of-the-server]__0l4r13l._.js,OTHER,15850,,7,False,False,False,False,🟡 DELETE = LOW RISK,ARCHIVE
5610,frontend/.next/dev/static/chunks/[root-of-the-server]__0l4r13l._.js.map,OTHER,27581,,0,False,False,False,False,🟡 DELETE = LOW RISK,ARCHIVE
5611,frontend/.next/dev/static/chunks/[root-of-the-server]__1x_juit._.css,OTHER,128686,,10,False,False,False,False,🟡 DELETE = LOW RISK,ARCHIVE
5612,frontend/.next/dev/static/chunks/[root-of-the-server]__1x_juit._.css.map,OTHER,146850,,0,False,False,False,False,🟡 DELETE = LOW RISK,ARCHIVE
5613,frontend/.next/dev/static/chunks/[turbopack]_browser_dev_hmr-client_hmr-client_ts_1mojsay._.js,OTHER,15615,,2,False,False,False,False,🟡 DELETE = LOW RISK,ARCHIVE
5614,frontend/.next/dev/static/chunks/[turbopack]_browser_dev_hmr-client_hmr-client_ts_1mojsay._.js.map,OTHER,27581,,0,False,False,False,False,🟡 DELETE = LOW RISK,ARCHIVE
5615,frontend/.next/dev/static/chunks/[turbopack]_browser_dev_hmr-client_hmr-client_ts_1xch-cm._.js,OTHER,289,,1,False,False,False,False,🟡 DELETE = LOW RISK,ARCHIVE
5616,frontend/.next/dev/static/chunks/[turbopack]_browser_dev_hmr-client_hmr-client_ts_1xx01vv._.js,OTHER,675,,13,False,False,False,False,🟡 DELETE = LOW RISK,ARCHIVE
5617,frontend/.next/dev/static/chunks/[turbopack]_browser_dev_hmr-client_hmr-client_ts_1xx01vv._.js.map,OTHER,53,,0,False,False,False,False,🟡 DELETE = LOW RISK,ARCHIVE
5618,frontend/.next/dev/static/chunks/_00-m27y._.js,OTHER,116962,,0,False,False,False,False,🟡 DELETE = LOW RISK,ARCHIVE
5619,frontend/.next/dev/static/chunks/_00-m27y._.js.map,OTHER,40890,,1,False,False,False,False,🟡 DELETE = LOW RISK,ARCHIVE
5620,frontend/.next/dev/static/chunks/_00mkb98._.js,OTHER,356822,,0,False,False,False,False,🟡 DELETE = LOW RISK,ARCHIVE
5621,frontend/.next/dev/static/chunks/_00mkb98._.js.map,OTHER,138803,,1,False,False,False,False,🟡 DELETE = LOW RISK,ARCHIVE
5622,frontend/.next/dev/static/chunks/_00n7_ps._.js,OTHER,63651,,2,False,False,False,False,🟡 DELETE = LOW RISK,ARCHIVE
5623,frontend/.next/dev/static/chunks/_00n7_ps._.js.map,OTHER,29698,,1,False,False,False,False,🟡 DELETE = LOW RISK,ARCHIVE
5624,frontend/.next/dev/static/chunks/_01_ro95._.js.map,OTHER,159225,,1,False,False,False,False,🟡 DELETE = LOW RISK,ARCHIVE
5625,frontend/.next/dev/static/chunks/_04c7ev2._.js,OTHER,335201,,2,False,False,False,False,🟡 DELETE = LOW RISK,ARCHIVE
5626,frontend/.next/dev/static/chunks/_04c7ev2._.js.map,OTHER,133731,,1,False,False,False,False,🟡 DELETE = LOW RISK,ARCHIVE
5627,frontend/.next/dev/static/chunks/_04jzvh3._.js,OTHER,182063,,0,False,False,False,False,🟡 DELETE = LOW RISK,ARCHIVE
5628,frontend/.next/dev/static/chunks/_04jzvh3._.js.map,OTHER,72537,,1,False,False,False,False,🟡 DELETE = LOW RISK,ARCHIVE
5629,frontend/.next/dev/static/chunks/_04lmvts._.js,OTHER,283841,,0,False,False,False,False,🟡 DELETE = LOW RISK,ARCHIVE
5630,frontend/.next/dev/static/chunks/_04lmvts._.js.map,OTHER,108168,,1,False,False,False,False,🟡 DELETE = LOW RISK,ARCHIVE
5631,frontend/.next/dev/static/chunks/_05_c8cm._.js,OTHER,216371,,0,False,False,False,False,🟡 DELETE = LOW RISK,ARCHIVE
5632,frontend/.next/dev/static/chunks/_05_c8cm._.js.map,OTHER,74493,,1,False,False,False,False,🟡 DELETE = LOW RISK,ARCHIVE
5633,frontend/.next/dev/static/chunks/_0atixq5._.js,OTHER,69830,,0,False,False,False,False,🟡 DELETE = LOW RISK,ARCHIVE
5634,frontend/.next/dev/static/chunks/_0atixq5._.js.map,OTHER,27551,,1,False,False,False,False,🟡 DELETE = LOW RISK,ARCHIVE
5635,frontend/.next/dev/static/chunks/_0ayd1-g._.js,OTHER,262025,,0,False,False,False,False,🟡 DELETE = LOW RISK,ARCHIVE
5636,frontend/.next/dev/static/chunks/_0ayd1-g._.js.map,OTHER,74223,,1,False,False,False,False,🟡 DELETE = LOW RISK,ARCHIVE
5637,frontend/.next/dev/static/chunks/_0b9va7j._.js,OTHER,18648,,0,False,False,False,False,🟡 DELETE = LOW RISK,ARCHIVE
5638,frontend/.next/dev/static/chunks/_0b9va7j._.js.map,OTHER,10532,,1,False,False,False,False,🟡 DELETE = LOW RISK,ARCHIVE
5639,frontend/.next/dev/static/chunks/_0cp2c3o._.js,OTHER,312378,,2,False,False,False,False,🟡 DELETE = LOW RISK,ARCHIVE
5640,frontend/.next/dev/static/chunks/_0cp2c3o._.js.map,OTHER,130518,,1,False,False,False,False,🟡 DELETE = LOW RISK,ARCHIVE
5641,frontend/.next/dev/static/chunks/_0eqjgns._.js,OTHER,202393,,0,False,False,False,False,🟡 DELETE = LOW RISK,ARCHIVE
5642,frontend/.next/dev/static/chunks/_0eqjgns._.js.map,OTHER,75553,,1,False,False,False,False,🟡 DELETE = LOW RISK,ARCHIVE
5643,frontend/.next/dev/static/chunks/_0h7w2l3._.js,OTHER,209635,,0,False,False,False,False,🟡 DELETE = LOW RISK,ARCHIVE
5644,frontend/.next/dev/static/chunks/_0h7w2l3._.js.map,OTHER,72637,,1,False,False,False,False,🟡 DELETE = LOW RISK,ARCHIVE
5645,frontend/.next/dev/static/chunks/_0nbnd-0._.js,OTHER,171085,,0,False,False,False,False,🟡 DELETE = LOW RISK,ARCHIVE
5646,frontend/.next/dev/static/chunks/_0nbnd-0._.js.map,OTHER,55188,,1,False,False,False,False,🟡 DELETE = LOW RISK,ARCHIVE
5647,frontend/.next/dev/static/chunks/_0o44vat._.js,OTHER,336789,,0,False,False,False,False,🟡 DELETE = LOW RISK,ARCHIVE
5648,frontend/.next/dev/static/chunks/_0o44vat._.js.map,OTHER,128468,,1,False,False,False,False,🟡 DELETE = LOW RISK,ARCHIVE
5649,frontend/.next/dev/static/chunks/_0vtxbcl._.js,OTHER,291874,,0,False,False,False,False,🟡 DELETE = LOW RISK,ARCHIVE
5650,frontend/.next/dev/static/chunks/_0vtxbcl._.js.map,OTHER,92468,,1,False,False,False,False,🟡 DELETE = LOW RISK,ARCHIVE
5651,frontend/.next/dev/static/chunks/_0wrufxo._.js,OTHER,241667,,0,False,False,False,False,🟡 DELETE = LOW RISK,ARCHIVE
5652,frontend/.next/dev/static/chunks/_0wrufxo._.js.map,OTHER,92923,,1,False,False,False,False,🟡 DELETE = LOW RISK,ARCHIVE
5653,frontend/.next/dev/static/chunks/_0yxh_gi._.js,OTHER,179905,,0,False,False,False,False,🟡 DELETE = LOW RISK,ARCHIVE
5654,frontend/.next/dev/static/chunks/_0yxh_gi._.js.map,OTHER,68265,,1,False,False,False,False,🟡 DELETE = LOW RISK,ARCHIVE
5655,frontend/.next/dev/static/chunks/_0y_jh3u._.js,OTHER,129186,,0,False,False,False,False,🟡 DELETE = LOW RISK,ARCHIVE
5656,frontend/.next/dev/static/chunks/_0y_jh3u._.js.map,OTHER,44629,,1,False,False,False,False,🟡 DELETE = LOW RISK,ARCHIVE
5657,frontend/.next/dev/static/chunks/_0zv222t._.js,OTHER,49893,,0,False,False,False,False,🟡 DELETE = LOW RISK,ARCHIVE
5658,frontend/.next/dev/static/chunks/_0zv222t._.js.map,OTHER,19048,,1,False,False,False,False,🟡 DELETE = LOW RISK,ARCHIVE
5659,frontend/.next/dev/static/chunks/_0_r5qn-._.js,OTHER,242800,,0,False,False,False,False,🟡 DELETE = LOW RISK,ARCHIVE
5660,frontend/.next/dev/static/chunks/_0_r5qn-._.js.map,OTHER,83334,,1,False,False,False,False,🟡 DELETE = LOW RISK,ARCHIVE
5661,frontend/.next/dev/static/chunks/_10ojd37._.js,OTHER,297259,,2,False,False,False,False,🟡 DELETE = LOW RISK,ARCHIVE
5662,frontend/.next/dev/static/chunks/_10ojd37._.js.map,OTHER,99073,,1,False,False,False,False,🟡 DELETE = LOW RISK,ARCHIVE
5663,frontend/.next/dev/static/chunks/_12en9_p._.js,OTHER,35859,,2,False,False,False,False,🟡 DELETE = LOW RISK,ARCHIVE
5664,frontend/.next/dev/static/chunks/_12en9_p._.js.map,OTHER,17128,,1,False,False,False,False,🟡 DELETE = LOW RISK,ARCHIVE
5665,frontend/.next/dev/static/chunks/_12jfltw._.js,OTHER,253617,,0,False,False,False,False,🟡 DELETE = LOW RISK,ARCHIVE
5666,frontend/.next/dev/static/chunks/_12jfltw._.js.map,OTHER,93809,,1,False,False,False,False,🟡 DELETE = LOW RISK,ARCHIVE
5667,frontend/.next/dev/static/chunks/_12_anqv._.js,OTHER,502805,,2,False,False,False,False,🟡 DELETE = LOW RISK,ARCHIVE
5668,frontend/.next/dev/static/chunks/_12_anqv._.js.map,OTHER,124338,,1,False,False,False,False,🟡 DELETE = LOW RISK,ARCHIVE
5669,frontend/.next/dev/static/chunks/_17oi311._.js,OTHER,158110,,2,False,False,False,False,🟡 DELETE = LOW RISK,ARCHIVE
5670,frontend/.next/dev/static/chunks/_17oi311._.js.map,OTHER,48763,,1,False,False,False,False,🟡 DELETE = LOW RISK,ARCHIVE
5671,frontend/.next/dev/static/chunks/_1anvha4._.js,OTHER,756,,11,False,False,False,False,🟡 DELETE = LOW RISK,ARCHIVE
5672,frontend/.next/dev/static/chunks/_1b05tci._.js,OTHER,272918,,0,False,False,False,False,🟡 DELETE = LOW RISK,ARCHIVE
5673,frontend/.next/dev/static/chunks/_1b05tci._.js.map,OTHER,78859,,1,False,False,False,False,🟡 DELETE = LOW RISK,ARCHIVE
5674,frontend/.next/dev/static/chunks/_1fhtw--._.js,OTHER,172477,,0,False,False,False,False,🟡 DELETE = LOW RISK,ARCHIVE
5675,frontend/.next/dev/static/chunks/_1fhtw--._.js.map,OTHER,61030,,1,False,False,False,False,🟡 DELETE = LOW RISK,ARCHIVE
5676,frontend/.next/dev/static/chunks/_1grfdy7._.js,OTHER,194679,,0,False,False,False,False,🟡 DELETE = LOW RISK,ARCHIVE
5677,frontend/.next/dev/static/chunks/_1grfdy7._.js.map,OTHER,67760,,1,False,False,False,False,🟡 DELETE = LOW RISK,ARCHIVE
5678,frontend/.next/dev/static/chunks/_1ivkttz._.js,OTHER,258203,,0,False,False,False,False,🟡 DELETE = LOW RISK,ARCHIVE
5679,frontend/.next/dev/static/chunks/_1ivkttz._.js.map,OTHER,96809,,1,False,False,False,False,🟡 DELETE = LOW RISK,ARCHIVE
5680,frontend/.next/dev/static/chunks/_1iy8vcr._.js,OTHER,85526,,1,False,False,False,False,🟡 DELETE = LOW RISK,ARCHIVE
5681,frontend/.next/dev/static/chunks/_1iy8vcr._.js.map,OTHER,29865,,1,False,False,False,False,🟡 DELETE = LOW RISK,ARCHIVE
5682,frontend/.next/dev/static/chunks/_1j6vhz_._.js,OTHER,36941,,2,False,False,False,False,🟡 DELETE = LOW RISK,ARCHIVE
5683,frontend/.next/dev/static/chunks/_1j6vhz_._.js.map,OTHER,16317,,1,False,False,False,False,🟡 DELETE = LOW RISK,ARCHIVE
5684,frontend/.next/dev/static/chunks/_1lqcyc9._.js,OTHER,102515,,0,False,False,False,False,🟡 DELETE = LOW RISK,ARCHIVE
5685,frontend/.next/dev/static/chunks/_1lqcyc9._.js.map,OTHER,35589,,1,False,False,False,False,🟡 DELETE = LOW RISK,ARCHIVE
5686,frontend/.next/dev/static/chunks/_1o2bo0t._.js,OTHER,103276,,2,False,False,False,False,🟡 DELETE = LOW RISK,ARCHIVE
5687,frontend/.next/dev/static/chunks/_1o2bo0t._.js.map,OTHER,43888,,1,False,False,False,False,🟡 DELETE = LOW RISK,ARCHIVE
5688,frontend/.next/dev/static/chunks/_1qk8m0j._.js,OTHER,293650,,0,False,False,False,False,🟡 DELETE = LOW RISK,ARCHIVE
5689,frontend/.next/dev/static/chunks/_1qk8m0j._.js.map,OTHER,110778,,1,False,False,False,False,🟡 DELETE = LOW RISK,ARCHIVE
5690,frontend/.next/dev/static/chunks/_1sauc__._.js,OTHER,293493,,0,False,False,False,False,🟡 DELETE = LOW RISK,ARCHIVE
5691,frontend/.next/dev/static/chunks/_1sauc__._.js.map,OTHER,114747,,1,False,False,False,False,🟡 DELETE = LOW RISK,ARCHIVE
5692,frontend/.next/dev/static/chunks/_1swabm_._.js,OTHER,65444,,10,False,False,False,False,🟡 DELETE = LOW RISK,ARCHIVE
5693,frontend/.next/dev/static/chunks/_1swabm_._.js.map,OTHER,26251,,1,False,False,False,False,🟡 DELETE = LOW RISK,ARCHIVE
5694,frontend/.next/dev/static/chunks/_1u6oyyz._.js,OTHER,126953,,0,False,False,False,False,🟡 DELETE = LOW RISK,ARCHIVE
5695,frontend/.next/dev/static/chunks/_1u6oyyz._.js.map,OTHER,45081,,1,False,False,False,False,🟡 DELETE = LOW RISK,ARCHIVE
5696,frontend/.next/dev/static/chunks/_1uvy1io._.js,OTHER,322689,,0,False,False,False,False,🟡 DELETE = LOW RISK,ARCHIVE
5697,frontend/.next/dev/static/chunks/_1uvy1io._.js.map,OTHER,119751,,1,False,False,False,False,🟡 DELETE = LOW RISK,ARCHIVE
5698,frontend/.next/dev/static/chunks/_1x0o74z._.js,OTHER,265998,,0,False,False,False,False,🟡 DELETE = LOW RISK,ARCHIVE
5699,frontend/.next/dev/static/chunks/_1x0o74z._.js.map,OTHER,79076,,1,False,False,False,False,🟡 DELETE = LOW RISK,ARCHIVE
5700,frontend/.next/dev/static/chunks/_1yysf1t._.js,OTHER,79736,,0,False,False,False,False,🟡 DELETE = LOW RISK,ARCHIVE
5701,frontend/.next/dev/static/chunks/_1yysf1t._.js.map,OTHER,28445,,1,False,False,False,False,🟡 DELETE = LOW RISK,ARCHIVE
5702,frontend/.next/dev/static/chunks/pages/_app.js,OTHER,653,,8,False,False,False,False,🟡 DELETE = LOW RISK,ARCHIVE
5703,frontend/.next/dev/static/chunks/pages/_error.js,OTHER,607,,9,False,False,False,False,🟡 DELETE = LOW RISK,ARCHIVE
5704,frontend/.next/dev/static/development/_buildManifest.js,OTHER,275,,6,False,False,False,False,🟡 DELETE = LOW RISK,ARCHIVE
5705,frontend/.next/dev/static/development/_clientMiddlewareManifest.js,OTHER,96,,9,False,False,False,False,🟡 DELETE = LOW RISK,ARCHIVE
5706,frontend/.next/dev/static/development/_ssgManifest.js,OTHER,76,,7,False,False,False,False,🟡 DELETE = LOW RISK,ARCHIVE
5707,frontend/.next/dev/static/media/1bffadaabf893a1e-s.3-6t-g6q0vh0a.woff2,OTHER,85272,,3,False,False,False,False,🟡 DELETE = LOW RISK,ARCHIVE
5708,frontend/.next/dev/static/media/2bbe8d2671613f1f-s.0k62hbripvv8p.woff2,OTHER,10280,,3,False,False,False,False,🟡 DELETE = LOW RISK,ARCHIVE
5709,frontend/.next/dev/static/media/2c55a0e60120577a-s.0-dom-5bn10r2.woff2,OTHER,25844,,3,False,False,False,False,🟡 DELETE = LOW RISK,ARCHIVE
5710,frontend/.next/dev/static/media/4fa387ec64143e14-s.2tuy5pz7dlieh.woff2,OTHER,12872,,2,False,False,False,False,🟡 DELETE = LOW RISK,ARCHIVE
5711,frontend/.next/dev/static/media/53b9e256198e5412-s.390ncx5urfkfu.woff2,OTHER,7968,,2,False,False,False,False,🟡 DELETE = LOW RISK,ARCHIVE
5712,frontend/.next/dev/static/media/5476f68d60460930-s.2uwcyprjm3xu3.woff2,OTHER,19044,,3,False,False,False,False,🟡 DELETE = LOW RISK,ARCHIVE
5713,frontend/.next/dev/static/media/5ce348bf30bf5439-s.31988l_ccedte.woff2,OTHER,6204,,2,False,False,False,False,🟡 DELETE = LOW RISK,ARCHIVE
5714,frontend/.next/dev/static/media/6306c77e7c8268e4-s.2dbetqa9o8jxf.woff2,OTHER,5892,,2,False,False,False,False,🟡 DELETE = LOW RISK,ARCHIVE
5715,frontend/.next/dev/static/media/7178b3e590c64307-s.21jp631_3pja2.woff2,OTHER,16540,,2,False,False,False,False,🟡 DELETE = LOW RISK,ARCHIVE
5716,frontend/.next/dev/static/media/797e433ab948586e-s.p.0r6juujl39pe6.woff2,OTHER,23108,,2,False,False,False,False,🟡 DELETE = LOW RISK,ARCHIVE
5717,frontend/.next/dev/static/media/7d817b4c03b0c5f1-s.1uyisp29ctx0d.woff2,OTHER,7728,,2,False,False,False,False,🟡 DELETE = LOW RISK,ARCHIVE
5718,frontend/.next/dev/static/media/83afe278b6a6bb3c-s.p.2bn3s6zvc0dyp.woff2,OTHER,48432,,36,False,False,False,False,🟡 DELETE = LOW RISK,ARCHIVE
5719,frontend/.next/dev/static/media/8a480f0b521d4e75-s.1qq4vpdcun5oj.woff2,OTHER,14900,,2,False,False,False,False,🟡 DELETE = LOW RISK,ARCHIVE
5720,frontend/.next/dev/static/media/9c72aa0f40e4eef8-s.1y4-pdgsjb-pw.woff2,OTHER,18744,,3,False,False,False,False,🟡 DELETE = LOW RISK,ARCHIVE
5721,frontend/.next/dev/static/media/ad66f9afd8947f86-s.3lvt2whj97whp.woff2,OTHER,11272,,3,False,False,False,False,🟡 DELETE = LOW RISK,ARCHIVE
5722,frontend/.next/dev/static/media/bbc41e54d2fcbd21-s.1rgnod-3esatf.woff2,OTHER,14712,,2,False,False,False,False,🟡 DELETE = LOW RISK,ARCHIVE
5723,frontend/.next/dev/static/media/caa3a2e1cccd8315-s.p.0wgildi0cnwt9.woff2,OTHER,29288,,2,False,False,False,False,🟡 DELETE = LOW RISK,ARCHIVE
5724,frontend/.next/dev/static/media/favicon.2vob68tjqpejf.ico,OTHER,25931,,36,False,False,False,False,🟡 DELETE = LOW RISK,ARCHIVE
5725,frontend/.next/dev/static/media/fef07dbb0973bf53-s.3p2_lha1f2xer.woff2,OTHER,7252,,2,False,False,False,False,🟡 DELETE = LOW RISK,ARCHIVE
5726,frontend/.next/dev/types/cache-life.d.ts,OTHER,5854,,0,False,False,False,False,🟡 DELETE = LOW RISK,ARCHIVE
5727,frontend/.next/dev/types/routes.d.ts,OTHER,1680,,1,False,False,False,False,🟡 DELETE = LOW RISK,ARCHIVE
5728,frontend/.next/dev/types/validator.ts,OTHER,4624,,0,False,False,False,False,🟡 DELETE = LOW RISK,ARCHIVE
5729,frontend/.next/diagnostics/build-diagnostics.json,OTHER,93,,0,False,False,False,False,🟡 DELETE = LOW RISK,ARCHIVE
5730,frontend/.next/diagnostics/framework.json,OTHER,38,,0,False,False,False,False,🟡 DELETE = LOW RISK,ARCHIVE
5731,frontend/.next/diagnostics/route-bundle-stats.json,OTHER,7219,,0,False,False,False,False,🟡 DELETE = LOW RISK,ARCHIVE
5732,frontend/.next/server/app-paths-manifest.json,OTHER,558,,5,False,False,False,False,🟡 DELETE = LOW RISK,ARCHIVE
5733,frontend/.next/server/functions-config-manifest.json,OTHER,37,,5,False,False,False,False,🟡 DELETE = LOW RISK,ARCHIVE
5734,frontend/.next/server/interception-route-rewrite-manifest.js,OTHER,48,,0,False,False,False,False,🟡 DELETE = LOW RISK,ARCHIVE
5735,frontend/.next/server/middleware-build-manifest.js,OTHER,573,,2,False,False,False,False,🟡 DELETE = LOW RISK,ARCHIVE
5736,frontend/.next/server/middleware-manifest.json,OTHER,83,,5,False,False,False,False,🟡 DELETE = LOW RISK,ARCHIVE
5737,frontend/.next/server/next-font-manifest.js,OTHER,1363,,2,False,False,False,False,🟡 DELETE = LOW RISK,ARCHIVE
5738,frontend/.next/server/next-font-manifest.json,OTHER,1244,,2,False,False,False,False,🟡 DELETE = LOW RISK,ARCHIVE
5739,frontend/.next/server/pages-manifest.json,OTHER,58,,5,False,False,False,False,🟡 DELETE = LOW RISK,ARCHIVE
5740,frontend/.next/server/prefetch-hints.json,OTHER,2,,5,False,False,False,False,🟡 DELETE = LOW RISK,ARCHIVE
5741,frontend/.next/server/server-reference-manifest.js,OTHER,138,,2,False,False,False,False,🟡 DELETE = LOW RISK,ARCHIVE
5742,frontend/.next/server/server-reference-manifest.json,OTHER,97,,2,False,False,False,False,🟡 DELETE = LOW RISK,ARCHIVE
5743,frontend/.next/server/app/about.html,OTHER,19483,,0,False,False,False,False,🟡 DELETE = LOW RISK,ARCHIVE
5744,frontend/.next/server/app/about.meta,OTHER,293,,0,False,False,False,False,🟡 DELETE = LOW RISK,ARCHIVE
5745,frontend/.next/server/app/about.rsc,OTHER,6923,,1,False,False,False,False,🟡 DELETE = LOW RISK,ARCHIVE
5746,frontend/.next/server/app/ai-assistant.html,OTHER,19338,,0,False,False,False,False,🟡 DELETE = LOW RISK,ARCHIVE
5747,frontend/.next/server/app/ai-assistant.meta,OTHER,328,,0,False,False,False,False,🟡 DELETE = LOW RISK,ARCHIVE
5748,frontend/.next/server/app/ai-assistant.rsc,OTHER,7085,,1,False,False,False,False,🟡 DELETE = LOW RISK,ARCHIVE
5749,frontend/.next/server/app/compare.html,OTHER,15391,,0,False,False,False,False,🟡 DELETE = LOW RISK,ARCHIVE
5750,frontend/.next/server/app/compare.meta,OTHER,303,,0,False,False,False,False,🟡 DELETE = LOW RISK,ARCHIVE
5751,frontend/.next/server/app/compare.rsc,OTHER,7075,,1,False,False,False,False,🟡 DELETE = LOW RISK,ARCHIVE
5752,frontend/.next/server/app/debug.html,OTHER,35022,,0,False,False,False,False,🟡 DELETE = LOW RISK,ARCHIVE
5753,frontend/.next/server/app/debug.meta,OTHER,293,,0,False,False,False,False,🟡 DELETE = LOW RISK,ARCHIVE
5754,frontend/.next/server/app/debug.rsc,OTHER,7219,,1,False,False,False,False,🟡 DELETE = LOW RISK,ARCHIVE
5755,frontend/.next/server/app/favicon.ico.body,OTHER,25931,,0,False,False,False,False,🟡 DELETE = LOW RISK,ARCHIVE
5756,frontend/.next/server/app/favicon.ico.meta,OTHER,211,,0,False,False,False,False,🟡 DELETE = LOW RISK,ARCHIVE
5757,frontend/.next/server/app/index.html,OTHER,57050,,0,False,False,False,False,🟡 DELETE = LOW RISK,ARCHIVE
5758,frontend/.next/server/app/index.meta,OTHER,255,,0,False,False,False,False,🟡 DELETE = LOW RISK,ARCHIVE
5759,frontend/.next/server/app/index.rsc,OTHER,6801,,1,False,False,False,False,🟡 DELETE = LOW RISK,ARCHIVE
5760,frontend/.next/server/app/page.js,OTHER,946,,83,False,False,False,False,🟡 DELETE = LOW RISK,ARCHIVE
5761,frontend/.next/server/app/page.js.map,OTHER,53,,0,False,False,False,False,🟡 DELETE = LOW RISK,ARCHIVE
5762,frontend/.next/server/app/page.js.nft.json,OTHER,7892,,0,False,False,False,False,🟡 DELETE = LOW RISK,ARCHIVE
5763,frontend/.next/server/app/page_client-reference-manifest.js,OTHER,13993,,12,False,False,False,False,🟡 DELETE = LOW RISK,ARCHIVE
5764,frontend/.next/server/app/privacy.html,OTHER,16538,,0,False,False,False,False,🟡 DELETE = LOW RISK,ARCHIVE
5765,frontend/.next/server/app/privacy.meta,OTHER,303,,0,False,False,False,False,🟡 DELETE = LOW RISK,ARCHIVE
5766,frontend/.next/server/app/privacy.rsc,OTHER,6927,,1,False,False,False,False,🟡 DELETE = LOW RISK,ARCHIVE
5767,frontend/.next/server/app/saved.html,OTHER,15954,,0,False,False,False,False,🟡 DELETE = LOW RISK,ARCHIVE
5768,frontend/.next/server/app/saved.meta,OTHER,293,,0,False,False,False,False,🟡 DELETE = LOW RISK,ARCHIVE
5769,frontend/.next/server/app/saved.rsc,OTHER,7071,,1,False,False,False,False,🟡 DELETE = LOW RISK,ARCHIVE
5770,frontend/.next/server/app/search.html,OTHER,20864,,0,False,False,False,False,🟡 DELETE = LOW RISK,ARCHIVE
5771,frontend/.next/server/app/search.meta,OTHER,298,,0,False,False,False,False,🟡 DELETE = LOW RISK,ARCHIVE
5772,frontend/.next/server/app/search.rsc,OTHER,12708,,1,False,False,False,False,🟡 DELETE = LOW RISK,ARCHIVE
5773,frontend/.next/server/app/stays.html,OTHER,14295,,0,False,False,False,False,🟡 DELETE = LOW RISK,ARCHIVE
5774,frontend/.next/server/app/stays.meta,OTHER,293,,0,False,False,False,False,🟡 DELETE = LOW RISK,ARCHIVE
5775,frontend/.next/server/app/stays.rsc,OTHER,7071,,1,False,False,False,False,🟡 DELETE = LOW RISK,ARCHIVE
5776,frontend/.next/server/app/_global-error.html,OTHER,9620,,0,False,False,False,False,🟡 DELETE = LOW RISK,ARCHIVE
5777,frontend/.next/server/app/_global-error.meta,OTHER,314,,0,False,False,False,False,🟡 DELETE = LOW RISK,ARCHIVE
5778,frontend/.next/server/app/_global-error.rsc,OTHER,5135,,1,False,False,False,False,🟡 DELETE = LOW RISK,ARCHIVE
5779,frontend/.next/server/app/_not-found.html,OTHER,15046,,0,False,False,False,False,🟡 DELETE = LOW RISK,ARCHIVE
5780,frontend/.next/server/app/_not-found.meta,OTHER,335,,0,False,False,False,False,🟡 DELETE = LOW RISK,ARCHIVE
5781,frontend/.next/server/app/_not-found.rsc,OTHER,7338,,1,False,False,False,False,🟡 DELETE = LOW RISK,ARCHIVE
5782,frontend/.next/server/app/about/page.js,OTHER,961,,83,False,False,False,False,🟡 DELETE = LOW RISK,ARCHIVE
5783,frontend/.next/server/app/about/page.js.map,OTHER,53,,0,False,False,False,False,🟡 DELETE = LOW RISK,ARCHIVE
5784,frontend/.next/server/app/about/page.js.nft.json,OTHER,8066,,0,False,False,False,False,🟡 DELETE = LOW RISK,ARCHIVE
5785,frontend/.next/server/app/about/page_client-reference-manifest.js,OTHER,13623,,12,False,False,False,False,🟡 DELETE = LOW RISK,ARCHIVE
5786,frontend/.next/server/app/about/page/app-paths-manifest.json,OTHER,40,,5,False,False,False,False,🟡 DELETE = LOW RISK,ARCHIVE
5787,frontend/.next/server/app/about/page/build-manifest.json,OTHER,393,,5,False,False,False,False,🟡 DELETE = LOW RISK,ARCHIVE
5788,frontend/.next/server/app/about/page/next-font-manifest.json,OTHER,198,,2,False,False,False,False,🟡 DELETE = LOW RISK,ARCHIVE
5789,frontend/.next/server/app/about/page/react-loadable-manifest.json,OTHER,2,,15,False,False,False,False,🟡 DELETE = LOW RISK,ARCHIVE
5790,frontend/.next/server/app/about/page/server-reference-manifest.json,OTHER,30,,2,False,False,False,False,🟡 DELETE = LOW RISK,ARCHIVE
5791,frontend/.next/server/app/about.segments/about.segment.rsc,OTHER,605,,0,False,False,False,False,🟡 DELETE = LOW RISK,ARCHIVE
5792,frontend/.next/server/app/about.segments/_full.segment.rsc,OTHER,6923,,0,False,False,False,False,🟡 DELETE = LOW RISK,ARCHIVE
5793,frontend/.next/server/app/about.segments/_head.segment.rsc,OTHER,1453,,0,False,False,False,False,🟡 DELETE = LOW RISK,ARCHIVE
5794,frontend/.next/server/app/about.segments/_index.segment.rsc,OTHER,3109,,0,False,False,False,False,🟡 DELETE = LOW RISK,ARCHIVE
5795,frontend/.next/server/app/about.segments/_tree.segment.rsc,OTHER,427,,0,False,False,False,False,🟡 DELETE = LOW RISK,ARCHIVE
5796,frontend/.next/server/app/about.segments/about/__PAGE__.segment.rsc,OTHER,1144,,0,False,False,False,False,🟡 DELETE = LOW RISK,ARCHIVE
5797,frontend/.next/server/app/ai-assistant/page.js,OTHER,975,,83,False,False,False,False,🟡 DELETE = LOW RISK,ARCHIVE
5798,frontend/.next/server/app/ai-assistant/page.js.map,OTHER,53,,0,False,False,False,False,🟡 DELETE = LOW RISK,ARCHIVE
5799,frontend/.next/server/app/ai-assistant/page.js.nft.json,OTHER,8148,,0,False,False,False,False,🟡 DELETE = LOW RISK,ARCHIVE
5800,frontend/.next/server/app/ai-assistant/page_client-reference-manifest.js,OTHER,13847,,12,False,False,False,False,🟡 DELETE = LOW RISK,ARCHIVE
5801,frontend/.next/server/app/ai-assistant/page/app-paths-manifest.json,OTHER,54,,5,False,False,False,False,🟡 DELETE = LOW RISK,ARCHIVE
5802,frontend/.next/server/app/ai-assistant/page/build-manifest.json,OTHER,393,,5,False,False,False,False,🟡 DELETE = LOW RISK,ARCHIVE
5803,frontend/.next/server/app/ai-assistant/page/next-font-manifest.json,OTHER,205,,2,False,False,False,False,🟡 DELETE = LOW RISK,ARCHIVE
5804,frontend/.next/server/app/ai-assistant/page/react-loadable-manifest.json,OTHER,2,,15,False,False,False,False,🟡 DELETE = LOW RISK,ARCHIVE
5805,frontend/.next/server/app/ai-assistant/page/server-reference-manifest.json,OTHER,30,,2,False,False,False,False,🟡 DELETE = LOW RISK,ARCHIVE
5806,frontend/.next/server/app/ai-assistant.segments/ai-assistant.segment.rsc,OTHER,605,,0,False,False,False,False,🟡 DELETE = LOW RISK,ARCHIVE
5807,frontend/.next/server/app/ai-assistant.segments/_full.segment.rsc,OTHER,7085,,0,False,False,False,False,🟡 DELETE = LOW RISK,ARCHIVE
5808,frontend/.next/server/app/ai-assistant.segments/_head.segment.rsc,OTHER,1453,,0,False,False,False,False,🟡 DELETE = LOW RISK,ARCHIVE
5809,frontend/.next/server/app/ai-assistant.segments/_index.segment.rsc,OTHER,3109,,0,False,False,False,False,🟡 DELETE = LOW RISK,ARCHIVE
5810,frontend/.next/server/app/ai-assistant.segments/_tree.segment.rsc,OTHER,434,,0,False,False,False,False,🟡 DELETE = LOW RISK,ARCHIVE
5811,frontend/.next/server/app/ai-assistant.segments/ai-assistant/__PAGE__.segment.rsc,OTHER,1271,,0,False,False,False,False,🟡 DELETE = LOW RISK,ARCHIVE
5812,frontend/.next/server/app/compare/page.js,OTHER,965,,83,False,False,False,False,🟡 DELETE = LOW RISK,ARCHIVE
5813,frontend/.next/server/app/compare/page.js.map,OTHER,53,,0,False,False,False,False,🟡 DELETE = LOW RISK,ARCHIVE
5814,frontend/.next/server/app/compare/page.js.nft.json,OTHER,8194,,0,False,False,False,False,🟡 DELETE = LOW RISK,ARCHIVE
5815,frontend/.next/server/app/compare/page_client-reference-manifest.js,OTHER,13874,,12,False,False,False,False,🟡 DELETE = LOW RISK,ARCHIVE
5816,frontend/.next/server/app/compare/page/app-paths-manifest.json,OTHER,44,,5,False,False,False,False,🟡 DELETE = LOW RISK,ARCHIVE
5817,frontend/.next/server/app/compare/page/build-manifest.json,OTHER,393,,5,False,False,False,False,🟡 DELETE = LOW RISK,ARCHIVE
5818,frontend/.next/server/app/compare/page/next-font-manifest.json,OTHER,200,,2,False,False,False,False,🟡 DELETE = LOW RISK,ARCHIVE
5819,frontend/.next/server/app/compare/page/react-loadable-manifest.json,OTHER,2,,15,False,False,False,False,🟡 DELETE = LOW RISK,ARCHIVE
5820,frontend/.next/server/app/compare/page/server-reference-manifest.json,OTHER,30,,2,False,False,False,False,🟡 DELETE = LOW RISK,ARCHIVE
5821,frontend/.next/server/app/compare.segments/compare.segment.rsc,OTHER,605,,0,False,False,False,False,🟡 DELETE = LOW RISK,ARCHIVE
5822,frontend/.next/server/app/compare.segments/_full.segment.rsc,OTHER,7075,,0,False,False,False,False,🟡 DELETE = LOW RISK,ARCHIVE
5823,frontend/.next/server/app/compare.segments/_head.segment.rsc,OTHER,1453,,0,False,False,False,False,🟡 DELETE = LOW RISK,ARCHIVE
5824,frontend/.next/server/app/compare.segments/_index.segment.rsc,OTHER,3109,,0,False,False,False,False,🟡 DELETE = LOW RISK,ARCHIVE
5825,frontend/.next/server/app/compare.segments/_tree.segment.rsc,OTHER,429,,0,False,False,False,False,🟡 DELETE = LOW RISK,ARCHIVE
5826,frontend/.next/server/app/compare.segments/compare/__PAGE__.segment.rsc,OTHER,1271,,0,False,False,False,False,🟡 DELETE = LOW RISK,ARCHIVE
5827,frontend/.next/server/app/debug/page.js,OTHER,961,,83,False,False,False,False,🟡 DELETE = LOW RISK,ARCHIVE
5828,frontend/.next/server/app/debug/page.js.map,OTHER,53,,0,False,False,False,False,🟡 DELETE = LOW RISK,ARCHIVE
5829,frontend/.next/server/app/debug/page.js.nft.json,OTHER,8192,,0,False,False,False,False,🟡 DELETE = LOW RISK,ARCHIVE
5830,frontend/.next/server/app/debug/page_client-reference-manifest.js,OTHER,13976,,12,False,False,False,False,🟡 DELETE = LOW RISK,ARCHIVE
5831,frontend/.next/server/app/debug/page/app-paths-manifest.json,OTHER,40,,5,False,False,False,False,🟡 DELETE = LOW RISK,ARCHIVE
5832,frontend/.next/server/app/debug/page/build-manifest.json,OTHER,393,,5,False,False,False,False,🟡 DELETE = LOW RISK,ARCHIVE
5833,frontend/.next/server/app/debug/page/next-font-manifest.json,OTHER,198,,2,False,False,False,False,🟡 DELETE = LOW RISK,ARCHIVE
5834,frontend/.next/server/app/debug/page/react-loadable-manifest.json,OTHER,2,,15,False,False,False,False,🟡 DELETE = LOW RISK,ARCHIVE
5835,frontend/.next/server/app/debug/page/server-reference-manifest.json,OTHER,30,,2,False,False,False,False,🟡 DELETE = LOW RISK,ARCHIVE
5836,frontend/.next/server/app/debug.segments/debug.segment.rsc,OTHER,605,,0,False,False,False,False,🟡 DELETE = LOW RISK,ARCHIVE
5837,frontend/.next/server/app/debug.segments/_full.segment.rsc,OTHER,7219,,0,False,False,False,False,🟡 DELETE = LOW RISK,ARCHIVE
5838,frontend/.next/server/app/debug.segments/_head.segment.rsc,OTHER,1453,,0,False,False,False,False,🟡 DELETE = LOW RISK,ARCHIVE
5839,frontend/.next/server/app/debug.segments/_index.segment.rsc,OTHER,3109,,0,False,False,False,False,🟡 DELETE = LOW RISK,ARCHIVE
5840,frontend/.next/server/app/debug.segments/_tree.segment.rsc,OTHER,427,,0,False,False,False,False,🟡 DELETE = LOW RISK,ARCHIVE
5841,frontend/.next/server/app/debug.segments/debug/__PAGE__.segment.rsc,OTHER,1398,,0,False,False,False,False,🟡 DELETE = LOW RISK,ARCHIVE
5842,frontend/.next/server/app/favicon.ico/route.js,OTHER,327,,18,False,False,False,False,🟡 DELETE = LOW RISK,ARCHIVE
5843,frontend/.next/server/app/favicon.ico/route.js.map,OTHER,53,,0,False,False,False,False,🟡 DELETE = LOW RISK,ARCHIVE
5844,frontend/.next/server/app/favicon.ico/route.js.nft.json,OTHER,7086,,0,False,False,False,False,🟡 DELETE = LOW RISK,ARCHIVE
5845,frontend/.next/server/app/favicon.ico/route/app-paths-manifest.json,OTHER,54,,5,False,False,False,False,🟡 DELETE = LOW RISK,ARCHIVE
5846,frontend/.next/server/app/favicon.ico/route/build-manifest.json,OTHER,151,,5,False,False,False,False,🟡 DELETE = LOW RISK,ARCHIVE
5847,frontend/.next/server/app/hotel/[id]/page.js,OTHER,974,,83,False,False,False,False,🟡 DELETE = LOW RISK,ARCHIVE
5848,frontend/.next/server/app/hotel/[id]/page.js.map,OTHER,53,,0,False,False,False,False,🟡 DELETE = LOW RISK,ARCHIVE
5849,frontend/.next/server/app/hotel/[id]/page.js.nft.json,OTHER,8592,,0,False,False,False,False,🟡 DELETE = LOW RISK,ARCHIVE
5850,frontend/.next/server/app/hotel/[id]/page_client-reference-manifest.js,OTHER,13945,,12,False,False,False,False,🟡 DELETE = LOW RISK,ARCHIVE
5851,frontend/.next/server/app/hotel/[id]/page/app-paths-manifest.json,OTHER,50,,5,False,False,False,False,🟡 DELETE = LOW RISK,ARCHIVE
5852,frontend/.next/server/app/hotel/[id]/page/build-manifest.json,OTHER,393,,5,False,False,False,False,🟡 DELETE = LOW RISK,ARCHIVE
5853,frontend/.next/server/app/hotel/[id]/page/next-font-manifest.json,OTHER,203,,2,False,False,False,False,🟡 DELETE = LOW RISK,ARCHIVE
5854,frontend/.next/server/app/hotel/[id]/page/react-loadable-manifest.json,OTHER,2,,15,False,False,False,False,🟡 DELETE = LOW RISK,ARCHIVE
5855,frontend/.next/server/app/hotel/[id]/page/server-reference-manifest.json,OTHER,30,,2,False,False,False,False,🟡 DELETE = LOW RISK,ARCHIVE
5856,frontend/.next/server/app/index.segments/_full.segment.rsc,OTHER,6801,,0,False,False,False,False,🟡 DELETE = LOW RISK,ARCHIVE
5857,frontend/.next/server/app/index.segments/_head.segment.rsc,OTHER,1453,,0,False,False,False,False,🟡 DELETE = LOW RISK,ARCHIVE
5858,frontend/.next/server/app/index.segments/_index.segment.rsc,OTHER,3109,,0,False,False,False,False,🟡 DELETE = LOW RISK,ARCHIVE
5859,frontend/.next/server/app/index.segments/_tree.segment.rsc,OTHER,358,,0,False,False,False,False,🟡 DELETE = LOW RISK,ARCHIVE
5860,frontend/.next/server/app/index.segments/__PAGE__.segment.rsc,OTHER,1398,,0,False,False,False,False,🟡 DELETE = LOW RISK,ARCHIVE
5861,frontend/.next/server/app/page/app-paths-manifest.json,OTHER,28,,5,False,False,False,False,🟡 DELETE = LOW RISK,ARCHIVE
5862,frontend/.next/server/app/page/build-manifest.json,OTHER,393,,5,False,False,False,False,🟡 DELETE = LOW RISK,ARCHIVE
5863,frontend/.next/server/app/page/next-font-manifest.json,OTHER,192,,2,False,False,False,False,🟡 DELETE = LOW RISK,ARCHIVE
5864,frontend/.next/server/app/page/react-loadable-manifest.json,OTHER,2,,15,False,False,False,False,🟡 DELETE = LOW RISK,ARCHIVE
5865,frontend/.next/server/app/page/server-reference-manifest.json,OTHER,30,,2,False,False,False,False,🟡 DELETE = LOW RISK,ARCHIVE
5866,frontend/.next/server/app/privacy/page.js,OTHER,965,,83,False,False,False,False,🟡 DELETE = LOW RISK,ARCHIVE
5867,frontend/.next/server/app/privacy/page.js.map,OTHER,53,,0,False,False,False,False,🟡 DELETE = LOW RISK,ARCHIVE
5868,frontend/.next/server/app/privacy/page.js.nft.json,OTHER,8068,,0,False,False,False,False,🟡 DELETE = LOW RISK,ARCHIVE
5869,frontend/.next/server/app/privacy/page_client-reference-manifest.js,OTHER,13633,,12,False,False,False,False,🟡 DELETE = LOW RISK,ARCHIVE
5870,frontend/.next/server/app/privacy/page/app-paths-manifest.json,OTHER,44,,5,False,False,False,False,🟡 DELETE = LOW RISK,ARCHIVE
5871,frontend/.next/server/app/privacy/page/build-manifest.json,OTHER,393,,5,False,False,False,False,🟡 DELETE = LOW RISK,ARCHIVE
5872,frontend/.next/server/app/privacy/page/next-font-manifest.json,OTHER,200,,2,False,False,False,False,🟡 DELETE = LOW RISK,ARCHIVE
5873,frontend/.next/server/app/privacy/page/react-loadable-manifest.json,OTHER,2,,15,False,False,False,False,🟡 DELETE = LOW RISK,ARCHIVE
5874,frontend/.next/server/app/privacy/page/server-reference-manifest.json,OTHER,30,,2,False,False,False,False,🟡 DELETE = LOW RISK,ARCHIVE
5875,frontend/.next/server/app/privacy.segments/privacy.segment.rsc,OTHER,605,,0,False,False,False,False,🟡 DELETE = LOW RISK,ARCHIVE
5876,frontend/.next/server/app/privacy.segments/_full.segment.rsc,OTHER,6927,,0,False,False,False,False,🟡 DELETE = LOW RISK,ARCHIVE
5877,frontend/.next/server/app/privacy.segments/_head.segment.rsc,OTHER,1453,,0,False,False,False,False,🟡 DELETE = LOW RISK,ARCHIVE
5878,frontend/.next/server/app/privacy.segments/_index.segment.rsc,OTHER,3109,,0,False,False,False,False,🟡 DELETE = LOW RISK,ARCHIVE
5879,frontend/.next/server/app/privacy.segments/_tree.segment.rsc,OTHER,429,,0,False,False,False,False,🟡 DELETE = LOW RISK,ARCHIVE
5880,frontend/.next/server/app/privacy.segments/privacy/__PAGE__.segment.rsc,OTHER,1144,,0,False,False,False,False,🟡 DELETE = LOW RISK,ARCHIVE
5881,frontend/.next/server/app/saved/page.js,OTHER,961,,83,False,False,False,False,🟡 DELETE = LOW RISK,ARCHIVE
5882,frontend/.next/server/app/saved/page.js.map,OTHER,53,,0,False,False,False,False,🟡 DELETE = LOW RISK,ARCHIVE
5883,frontend/.next/server/app/saved/page.js.nft.json,OTHER,8141,,0,False,False,False,False,🟡 DELETE = LOW RISK,ARCHIVE
5884,frontend/.next/server/app/saved/page_client-reference-manifest.js,OTHER,13812,,12,False,False,False,False,🟡 DELETE = LOW RISK,ARCHIVE
5885,frontend/.next/server/app/saved/page/app-paths-manifest.json,OTHER,40,,5,False,False,False,False,🟡 DELETE = LOW RISK,ARCHIVE
5886,frontend/.next/server/app/saved/page/build-manifest.json,OTHER,393,,5,False,False,False,False,🟡 DELETE = LOW RISK,ARCHIVE
5887,frontend/.next/server/app/saved/page/next-font-manifest.json,OTHER,198,,2,False,False,False,False,🟡 DELETE = LOW RISK,ARCHIVE
5888,frontend/.next/server/app/saved/page/react-loadable-manifest.json,OTHER,2,,15,False,False,False,False,🟡 DELETE = LOW RISK,ARCHIVE
5889,frontend/.next/server/app/saved/page/server-reference-manifest.json,OTHER,30,,2,False,False,False,False,🟡 DELETE = LOW RISK,ARCHIVE
5890,frontend/.next/server/app/saved.segments/saved.segment.rsc,OTHER,605,,0,False,False,False,False,🟡 DELETE = LOW RISK,ARCHIVE
5891,frontend/.next/server/app/saved.segments/_full.segment.rsc,OTHER,7071,,0,False,False,False,False,🟡 DELETE = LOW RISK,ARCHIVE
5892,frontend/.next/server/app/saved.segments/_head.segment.rsc,OTHER,1453,,0,False,False,False,False,🟡 DELETE = LOW RISK,ARCHIVE
5893,frontend/.next/server/app/saved.segments/_index.segment.rsc,OTHER,3109,,0,False,False,False,False,🟡 DELETE = LOW RISK,ARCHIVE
5894,frontend/.next/server/app/saved.segments/_tree.segment.rsc,OTHER,427,,0,False,False,False,False,🟡 DELETE = LOW RISK,ARCHIVE
5895,frontend/.next/server/app/saved.segments/saved/__PAGE__.segment.rsc,OTHER,1271,,0,False,False,False,False,🟡 DELETE = LOW RISK,ARCHIVE
5896,frontend/.next/server/app/search/page.js,OTHER,1000,,83,False,False,False,False,🟡 DELETE = LOW RISK,ARCHIVE
5897,frontend/.next/server/app/search/page.js.map,OTHER,53,,0,False,False,False,False,🟡 DELETE = LOW RISK,ARCHIVE
5898,frontend/.next/server/app/search/page.js.nft.json,OTHER,8311,,0,False,False,False,False,🟡 DELETE = LOW RISK,ARCHIVE
5899,frontend/.next/server/app/search/page_client-reference-manifest.js,OTHER,15330,,12,False,False,False,False,🟡 DELETE = LOW RISK,ARCHIVE
5900,frontend/.next/server/app/search/page/app-paths-manifest.json,OTHER,42,,5,False,False,False,False,🟡 DELETE = LOW RISK,ARCHIVE
5901,frontend/.next/server/app/search/page/build-manifest.json,OTHER,393,,5,False,False,False,False,🟡 DELETE = LOW RISK,ARCHIVE
5902,frontend/.next/server/app/search/page/next-font-manifest.json,OTHER,199,,2,False,False,False,False,🟡 DELETE = LOW RISK,ARCHIVE
5903,frontend/.next/server/app/search/page/react-loadable-manifest.json,OTHER,2,,15,False,False,False,False,🟡 DELETE = LOW RISK,ARCHIVE
5904,frontend/.next/server/app/search/page/server-reference-manifest.json,OTHER,30,,2,False,False,False,False,🟡 DELETE = LOW RISK,ARCHIVE
5905,frontend/.next/server/app/search.segments/search.segment.rsc,OTHER,6024,,0,False,False,False,False,🟡 DELETE = LOW RISK,ARCHIVE
5906,frontend/.next/server/app/search.segments/_full.segment.rsc,OTHER,12708,,0,False,False,False,False,🟡 DELETE = LOW RISK,ARCHIVE
5907,frontend/.next/server/app/search.segments/_head.segment.rsc,OTHER,1453,,0,False,False,False,False,🟡 DELETE = LOW RISK,ARCHIVE
5908,frontend/.next/server/app/search.segments/_index.segment.rsc,OTHER,3109,,0,False,False,False,False,🟡 DELETE = LOW RISK,ARCHIVE
5909,frontend/.next/server/app/search.segments/_tree.segment.rsc,OTHER,428,,0,False,False,False,False,🟡 DELETE = LOW RISK,ARCHIVE
5910,frontend/.next/server/app/search.segments/search/__PAGE__.segment.rsc,OTHER,1398,,0,False,False,False,False,🟡 DELETE = LOW RISK,ARCHIVE
5911,frontend/.next/server/app/stays/page.js,OTHER,961,,83,False,False,False,False,🟡 DELETE = LOW RISK,ARCHIVE
5912,frontend/.next/server/app/stays/page.js.map,OTHER,53,,0,False,False,False,False,🟡 DELETE = LOW RISK,ARCHIVE
5913,frontend/.next/server/app/stays/page.js.nft.json,OTHER,8276,,0,False,False,False,False,🟡 DELETE = LOW RISK,ARCHIVE
5914,frontend/.next/server/app/stays/page_client-reference-manifest.js,OTHER,13950,,12,False,False,False,False,🟡 DELETE = LOW RISK,ARCHIVE
5915,frontend/.next/server/app/stays/page/app-paths-manifest.json,OTHER,40,,5,False,False,False,False,🟡 DELETE = LOW RISK,ARCHIVE
5916,frontend/.next/server/app/stays/page/build-manifest.json,OTHER,393,,5,False,False,False,False,🟡 DELETE = LOW RISK,ARCHIVE
5917,frontend/.next/server/app/stays/page/next-font-manifest.json,OTHER,198,,2,False,False,False,False,🟡 DELETE = LOW RISK,ARCHIVE
5918,frontend/.next/server/app/stays/page/react-loadable-manifest.json,OTHER,2,,15,False,False,False,False,🟡 DELETE = LOW RISK,ARCHIVE
5919,frontend/.next/server/app/stays/page/server-reference-manifest.json,OTHER,30,,2,False,False,False,False,🟡 DELETE = LOW RISK,ARCHIVE
5920,frontend/.next/server/app/stays.segments/stays.segment.rsc,OTHER,605,,0,False,False,False,False,🟡 DELETE = LOW RISK,ARCHIVE
5921,frontend/.next/server/app/stays.segments/_full.segment.rsc,OTHER,7071,,0,False,False,False,False,🟡 DELETE = LOW RISK,ARCHIVE
5922,frontend/.next/server/app/stays.segments/_head.segment.rsc,OTHER,1453,,0,False,False,False,False,🟡 DELETE = LOW RISK,ARCHIVE
5923,frontend/.next/server/app/stays.segments/_index.segment.rsc,OTHER,3109,,0,False,False,False,False,🟡 DELETE = LOW RISK,ARCHIVE
5924,frontend/.next/server/app/stays.segments/_tree.segment.rsc,OTHER,427,,0,False,False,False,False,🟡 DELETE = LOW RISK,ARCHIVE
5925,frontend/.next/server/app/stays.segments/stays/__PAGE__.segment.rsc,OTHER,1271,,0,False,False,False,False,🟡 DELETE = LOW RISK,ARCHIVE
5926,frontend/.next/server/app/_global-error/page.js,OTHER,645,,83,False,False,False,False,🟡 DELETE = LOW RISK,ARCHIVE
5927,frontend/.next/server/app/_global-error/page.js.map,OTHER,53,,0,False,False,False,False,🟡 DELETE = LOW RISK,ARCHIVE
5928,frontend/.next/server/app/_global-error/page.js.nft.json,OTHER,7472,,0,False,False,False,False,🟡 DELETE = LOW RISK,ARCHIVE
5929,frontend/.next/server/app/_global-error/page_client-reference-manifest.js,OTHER,5924,,12,False,False,False,False,🟡 DELETE = LOW RISK,ARCHIVE
5930,frontend/.next/server/app/_global-error/page/app-paths-manifest.json,OTHER,56,,5,False,False,False,False,🟡 DELETE = LOW RISK,ARCHIVE
5931,frontend/.next/server/app/_global-error/page/build-manifest.json,OTHER,393,,5,False,False,False,False,🟡 DELETE = LOW RISK,ARCHIVE
5932,frontend/.next/server/app/_global-error/page/next-font-manifest.json,OTHER,94,,2,False,False,False,False,🟡 DELETE = LOW RISK,ARCHIVE
5933,frontend/.next/server/app/_global-error/page/react-loadable-manifest.json,OTHER,2,,15,False,False,False,False,🟡 DELETE = LOW RISK,ARCHIVE
5934,frontend/.next/server/app/_global-error/page/server-reference-manifest.json,OTHER,30,,2,False,False,False,False,🟡 DELETE = LOW RISK,ARCHIVE
5935,frontend/.next/server/app/_global-error.segments/_full.segment.rsc,OTHER,5135,,0,False,False,False,False,🟡 DELETE = LOW RISK,ARCHIVE
5936,frontend/.next/server/app/_global-error.segments/_head.segment.rsc,OTHER,981,,0,False,False,False,False,🟡 DELETE = LOW RISK,ARCHIVE
5937,frontend/.next/server/app/_global-error.segments/_index.segment.rsc,OTHER,445,,0,False,False,False,False,🟡 DELETE = LOW RISK,ARCHIVE
5938,frontend/.next/server/app/_global-error.segments/_tree.segment.rsc,OTHER,189,,0,False,False,False,False,🟡 DELETE = LOW RISK,ARCHIVE
5939,frontend/.next/server/app/_global-error.segments/__PAGE__.segment.rsc,OTHER,3417,,0,False,False,False,False,🟡 DELETE = LOW RISK,ARCHIVE
5940,frontend/.next/server/app/_not-found/page.js,OTHER,873,,83,False,False,False,False,🟡 DELETE = LOW RISK,ARCHIVE
5941,frontend/.next/server/app/_not-found/page.js.map,OTHER,53,,0,False,False,False,False,🟡 DELETE = LOW RISK,ARCHIVE
5942,frontend/.next/server/app/_not-found/page.js.nft.json,OTHER,7946,,0,False,False,False,False,🟡 DELETE = LOW RISK,ARCHIVE
5943,frontend/.next/server/app/_not-found/page_client-reference-manifest.js,OTHER,12273,,12,False,False,False,False,🟡 DELETE = LOW RISK,ARCHIVE
5944,frontend/.next/server/app/_not-found/page/app-paths-manifest.json,OTHER,50,,5,False,False,False,False,🟡 DELETE = LOW RISK,ARCHIVE
5945,frontend/.next/server/app/_not-found/page/build-manifest.json,OTHER,393,,5,False,False,False,False,🟡 DELETE = LOW RISK,ARCHIVE
5946,frontend/.next/server/app/_not-found/page/next-font-manifest.json,OTHER,203,,2,False,False,False,False,🟡 DELETE = LOW RISK,ARCHIVE
5947,frontend/.next/server/app/_not-found/page/react-loadable-manifest.json,OTHER,2,,15,False,False,False,False,🟡 DELETE = LOW RISK,ARCHIVE
5948,frontend/.next/server/app/_not-found/page/server-reference-manifest.json,OTHER,30,,2,False,False,False,False,🟡 DELETE = LOW RISK,ARCHIVE
5949,frontend/.next/server/app/_not-found.segments/_full.segment.rsc,OTHER,7338,,0,False,False,False,False,🟡 DELETE = LOW RISK,ARCHIVE
5950,frontend/.next/server/app/_not-found.segments/_head.segment.rsc,OTHER,1504,,0,False,False,False,False,🟡 DELETE = LOW RISK,ARCHIVE
5951,frontend/.next/server/app/_not-found.segments/_index.segment.rsc,OTHER,3109,,0,False,False,False,False,🟡 DELETE = LOW RISK,ARCHIVE
5952,frontend/.next/server/app/_not-found.segments/_not-found.segment.rsc,OTHER,605,,0,False,False,False,False,🟡 DELETE = LOW RISK,ARCHIVE
5953,frontend/.next/server/app/_not-found.segments/_tree.segment.rsc,OTHER,319,,0,False,False,False,False,🟡 DELETE = LOW RISK,ARCHIVE
5954,frontend/.next/server/app/_not-found.segments/_not-found/__PAGE__.segment.rsc,OTHER,1542,,0,False,False,False,False,🟡 DELETE = LOW RISK,ARCHIVE
5955,frontend/.next/server/chunks/[externals]_next_dist_0iuj5m_._.js,OTHER,1054,,2,False,False,False,False,🟡 DELETE = LOW RISK,ARCHIVE
5956,frontend/.next/server/chunks/[externals]_next_dist_0iuj5m_._.js.map,OTHER,51,,0,False,False,False,False,🟡 DELETE = LOW RISK,ARCHIVE
5957,frontend/.next/server/chunks/[root-of-the-server]__17cj935._.js,OTHER,195219,,2,False,False,False,False,🟡 DELETE = LOW RISK,ARCHIVE
5958,frontend/.next/server/chunks/[root-of-the-server]__17cj935._.js.map,OTHER,780364,,0,False,False,False,False,🟡 DELETE = LOW RISK,ARCHIVE
5959,frontend/.next/server/chunks/[turbopack]_runtime.js,OTHER,34223,,44,False,False,False,False,🟡 DELETE = LOW RISK,ARCHIVE
5960,frontend/.next/server/chunks/[turbopack]_runtime.js.map,OTHER,62757,,0,False,False,False,False,🟡 DELETE = LOW RISK,ARCHIVE
5961,frontend/.next/server/chunks/_next-internal_server_app_favicon_ico_route_actions_0g2jjls.js,OTHER,124,,2,False,False,False,False,🟡 DELETE = LOW RISK,ARCHIVE
5962,frontend/.next/server/chunks/_next-internal_server_app_favicon_ico_route_actions_0g2jjls.js.map,OTHER,51,,1,False,False,False,False,🟡 DELETE = LOW RISK,ARCHIVE
5963,frontend/.next/server/chunks/ssr/app_debug_page_tsx_0_p44w5._.js,OTHER,62283,,2,False,False,False,False,🟡 DELETE = LOW RISK,ARCHIVE
5964,frontend/.next/server/chunks/ssr/app_debug_page_tsx_0_p44w5._.js.map,OTHER,142642,,1,False,False,False,False,🟡 DELETE = LOW RISK,ARCHIVE
5965,frontend/.next/server/chunks/ssr/app_hotel_[id]_page_tsx_0e5mk7n._.js,OTHER,19813,,2,False,False,False,False,🟡 DELETE = LOW RISK,ARCHIVE
5966,frontend/.next/server/chunks/ssr/app_hotel_[id]_page_tsx_0e5mk7n._.js.map,OTHER,44483,,0,False,False,False,False,🟡 DELETE = LOW RISK,ARCHIVE
5967,frontend/.next/server/chunks/ssr/app_page_tsx_0pxmutw._.js,OTHER,37724,,2,False,False,False,False,🟡 DELETE = LOW RISK,ARCHIVE
5968,frontend/.next/server/chunks/ssr/app_page_tsx_0pxmutw._.js.map,OTHER,82062,,1,False,False,False,False,🟡 DELETE = LOW RISK,ARCHIVE
5969,frontend/.next/server/chunks/ssr/app_search_page_tsx_0yjqgo7._.js,OTHER,17903,,2,False,False,False,False,🟡 DELETE = LOW RISK,ARCHIVE
5970,frontend/.next/server/chunks/ssr/app_search_page_tsx_0yjqgo7._.js.map,OTHER,38003,,1,False,False,False,False,🟡 DELETE = LOW RISK,ARCHIVE
5971,frontend/.next/server/chunks/ssr/app_stays_page_tsx_010sr5p._.js,OTHER,15349,,2,False,False,False,False,🟡 DELETE = LOW RISK,ARCHIVE
5972,frontend/.next/server/chunks/ssr/app_stays_page_tsx_010sr5p._.js.map,OTHER,39861,,1,False,False,False,False,🟡 DELETE = LOW RISK,ARCHIVE
5973,frontend/.next/server/chunks/ssr/hooks_useHotels_ts_1_33m1r._.js,OTHER,12609,,10,False,False,False,False,🟡 DELETE = LOW RISK,ARCHIVE
5974,frontend/.next/server/chunks/ssr/hooks_useHotels_ts_1_33m1r._.js.map,OTHER,56414,,1,False,False,False,False,🟡 DELETE = LOW RISK,ARCHIVE
5975,frontend/.next/server/chunks/ssr/node_modules_09r9c10._.js,OTHER,57451,,24,False,False,False,False,🟡 DELETE = LOW RISK,ARCHIVE
5976,frontend/.next/server/chunks/ssr/node_modules_09r9c10._.js.map,OTHER,241325,,1,False,False,False,False,🟡 DELETE = LOW RISK,ARCHIVE
5977,frontend/.next/server/chunks/ssr/node_modules_0h91jdk._.js,OTHER,5915,,32,False,False,False,False,🟡 DELETE = LOW RISK,ARCHIVE
5978,frontend/.next/server/chunks/ssr/node_modules_0h91jdk._.js.map,OTHER,11380,,2,False,False,False,False,🟡 DELETE = LOW RISK,ARCHIVE
5979,frontend/.next/server/chunks/ssr/node_modules_0vtauab._.js,OTHER,105554,,22,False,False,False,False,🟡 DELETE = LOW RISK,ARCHIVE
5980,frontend/.next/server/chunks/ssr/node_modules_0vtauab._.js.map,OTHER,739224,,1,False,False,False,False,🟡 DELETE = LOW RISK,ARCHIVE
5981,frontend/.next/server/chunks/ssr/node_modules_@tanstack_1g1kusu._.js,OTHER,19480,,22,False,False,False,False,🟡 DELETE = LOW RISK,ARCHIVE
5982,frontend/.next/server/chunks/ssr/node_modules_@tanstack_1g1kusu._.js.map,OTHER,83548,,0,False,False,False,False,🟡 DELETE = LOW RISK,ARCHIVE
5983,frontend/.next/server/chunks/ssr/node_modules_next_1iemwhs._.js,OTHER,43025,,22,False,False,False,False,🟡 DELETE = LOW RISK,ARCHIVE
5984,frontend/.next/server/chunks/ssr/node_modules_next_1iemwhs._.js.map,OTHER,147191,,1,False,False,False,False,🟡 DELETE = LOW RISK,ARCHIVE
5985,frontend/.next/server/chunks/ssr/node_modules_next_dist_0opsz1q._.js,OTHER,74416,,24,False,False,False,False,🟡 DELETE = LOW RISK,ARCHIVE
5986,frontend/.next/server/chunks/ssr/node_modules_next_dist_0opsz1q._.js.map,OTHER,819472,,1,False,False,False,False,🟡 DELETE = LOW RISK,ARCHIVE
5987,frontend/.next/server/chunks/ssr/node_modules_next_dist_172hvm-._.js,OTHER,219096,,24,False,False,False,False,🟡 DELETE = LOW RISK,ARCHIVE
5988,frontend/.next/server/chunks/ssr/node_modules_next_dist_172hvm-._.js.map,OTHER,1214746,,1,False,False,False,False,🟡 DELETE = LOW RISK,ARCHIVE
5989,frontend/.next/server/chunks/ssr/node_modules_next_dist_client_components_0wpq8j3._.js,OTHER,2520,,32,False,False,False,False,🟡 DELETE = LOW RISK,ARCHIVE
5990,frontend/.next/server/chunks/ssr/node_modules_next_dist_client_components_0wpq8j3._.js.map,OTHER,4304,,2,False,False,False,False,🟡 DELETE = LOW RISK,ARCHIVE
5991,frontend/.next/server/chunks/ssr/node_modules_next_dist_client_components_builtin_forbidden_0symwr9.js,OTHER,651,,32,False,False,False,False,🟡 DELETE = LOW RISK,ARCHIVE
5992,frontend/.next/server/chunks/ssr/node_modules_next_dist_client_components_builtin_forbidden_0symwr9.js.map,OTHER,620,,2,False,False,False,False,🟡 DELETE = LOW RISK,ARCHIVE
5993,frontend/.next/server/chunks/ssr/node_modules_next_dist_client_components_builtin_global-error_0-o-goa.js,OTHER,508,,31,False,False,False,False,🟡 DELETE = LOW RISK,ARCHIVE
5994,frontend/.next/server/chunks/ssr/node_modules_next_dist_client_components_builtin_global-error_0-o-goa.js.map,OTHER,3247,,2,False,False,False,False,🟡 DELETE = LOW RISK,ARCHIVE
5995,frontend/.next/server/chunks/ssr/node_modules_next_dist_client_components_builtin_unauthorized_0l_sp0x.js,OTHER,664,,32,False,False,False,False,🟡 DELETE = LOW RISK,ARCHIVE
5996,frontend/.next/server/chunks/ssr/node_modules_next_dist_client_components_builtin_unauthorized_0l_sp0x.js.map,OTHER,639,,2,False,False,False,False,🟡 DELETE = LOW RISK,ARCHIVE
5997,frontend/.next/server/chunks/ssr/node_modules_next_dist_esm_build_templates_app-page_0048lj3.js,OTHER,23323,,2,False,False,False,False,🟡 DELETE = LOW RISK,ARCHIVE
5998,frontend/.next/server/chunks/ssr/node_modules_next_dist_esm_build_templates_app-page_0048lj3.js.map,OTHER,119804,,1,False,False,False,False,🟡 DELETE = LOW RISK,ARCHIVE
5999,frontend/.next/server/chunks/ssr/node_modules_next_dist_esm_build_templates_app-page_03gsxwx.js,OTHER,23259,,2,False,False,False,False,🟡 DELETE = LOW RISK,ARCHIVE
6000,frontend/.next/server/chunks/ssr/node_modules_next_dist_esm_build_templates_app-page_03gsxwx.js.map,OTHER,119733,,1,False,False,False,False,🟡 DELETE = LOW RISK,ARCHIVE
6001,frontend/.next/server/chunks/ssr/node_modules_next_dist_esm_build_templates_app-page_04tpgk4.js,OTHER,23198,,2,False,False,False,False,🟡 DELETE = LOW RISK,ARCHIVE
6002,frontend/.next/server/chunks/ssr/node_modules_next_dist_esm_build_templates_app-page_04tpgk4.js.map,OTHER,119574,,1,False,False,False,False,🟡 DELETE = LOW RISK,ARCHIVE
6003,frontend/.next/server/chunks/ssr/node_modules_next_dist_esm_build_templates_app-page_0gmfxzd.js,OTHER,23259,,2,False,False,False,False,🟡 DELETE = LOW RISK,ARCHIVE
6004,frontend/.next/server/chunks/ssr/node_modules_next_dist_esm_build_templates_app-page_0gmfxzd.js.map,OTHER,119733,,1,False,False,False,False,🟡 DELETE = LOW RISK,ARCHIVE
6005,frontend/.next/server/chunks/ssr/node_modules_next_dist_esm_build_templates_app-page_0ilp8go.js,OTHER,23322,,2,False,False,False,False,🟡 DELETE = LOW RISK,ARCHIVE
6006,frontend/.next/server/chunks/ssr/node_modules_next_dist_esm_build_templates_app-page_0ilp8go.js.map,OTHER,119991,,1,False,False,False,False,🟡 DELETE = LOW RISK,ARCHIVE
6007,frontend/.next/server/chunks/ssr/node_modules_next_dist_esm_build_templates_app-page_0nz83bu.js,OTHER,23259,,2,False,False,False,False,🟡 DELETE = LOW RISK,ARCHIVE
6008,frontend/.next/server/chunks/ssr/node_modules_next_dist_esm_build_templates_app-page_0nz83bu.js.map,OTHER,119733,,1,False,False,False,False,🟡 DELETE = LOW RISK,ARCHIVE
6009,frontend/.next/server/chunks/ssr/node_modules_next_dist_esm_build_templates_app-page_0s7xxkn.js,OTHER,23294,,2,False,False,False,False,🟡 DELETE = LOW RISK,ARCHIVE
6010,frontend/.next/server/chunks/ssr/node_modules_next_dist_esm_build_templates_app-page_0s7xxkn.js.map,OTHER,119779,,1,False,False,False,False,🟡 DELETE = LOW RISK,ARCHIVE
6011,frontend/.next/server/chunks/ssr/node_modules_next_dist_esm_build_templates_app-page_0wladxi.js,OTHER,23269,,2,False,False,False,False,🟡 DELETE = LOW RISK,ARCHIVE
6012,frontend/.next/server/chunks/ssr/node_modules_next_dist_esm_build_templates_app-page_0wladxi.js.map,OTHER,119747,,1,False,False,False,False,🟡 DELETE = LOW RISK,ARCHIVE
6013,frontend/.next/server/chunks/ssr/node_modules_next_dist_esm_build_templates_app-page_12z0wru.js,OTHER,23316,,2,False,False,False,False,🟡 DELETE = LOW RISK,ARCHIVE
6014,frontend/.next/server/chunks/ssr/node_modules_next_dist_esm_build_templates_app-page_12z0wru.js.map,OTHER,119896,,1,False,False,False,False,🟡 DELETE = LOW RISK,ARCHIVE
6015,frontend/.next/server/chunks/ssr/node_modules_next_dist_esm_build_templates_app-page_13q04th.js,OTHER,22926,,2,False,False,False,False,🟡 DELETE = LOW RISK,ARCHIVE
6016,frontend/.next/server/chunks/ssr/node_modules_next_dist_esm_build_templates_app-page_13q04th.js.map,OTHER,118512,,1,False,False,False,False,🟡 DELETE = LOW RISK,ARCHIVE
6017,frontend/.next/server/chunks/ssr/node_modules_next_dist_esm_build_templates_app-page_1nmkmok.js,OTHER,23259,,2,False,False,False,False,🟡 DELETE = LOW RISK,ARCHIVE
6018,frontend/.next/server/chunks/ssr/node_modules_next_dist_esm_build_templates_app-page_1nmkmok.js.map,OTHER,119733,,1,False,False,False,False,🟡 DELETE = LOW RISK,ARCHIVE
6019,frontend/.next/server/chunks/ssr/node_modules_next_dist_esm_build_templates_app-page_1ryiaku.js,OTHER,23269,,2,False,False,False,False,🟡 DELETE = LOW RISK,ARCHIVE
6020,frontend/.next/server/chunks/ssr/node_modules_next_dist_esm_build_templates_app-page_1ryiaku.js.map,OTHER,119747,,1,False,False,False,False,🟡 DELETE = LOW RISK,ARCHIVE
6021,frontend/.next/server/chunks/ssr/[root-of-the-server]__0-by1hv._.js,OTHER,1416,,2,False,False,False,False,🟡 DELETE = LOW RISK,ARCHIVE
6022,frontend/.next/server/chunks/ssr/[root-of-the-server]__0-by1hv._.js.map,OTHER,1179,,0,False,False,False,False,🟡 DELETE = LOW RISK,ARCHIVE
6023,frontend/.next/server/chunks/ssr/[root-of-the-server]__04at3p9._.js,OTHER,828,,2,False,False,False,False,🟡 DELETE = LOW RISK,ARCHIVE
6024,frontend/.next/server/chunks/ssr/[root-of-the-server]__04at3p9._.js.map,OTHER,3499,,0,False,False,False,False,🟡 DELETE = LOW RISK,ARCHIVE
6025,frontend/.next/server/chunks/ssr/[root-of-the-server]__058eif6._.js,OTHER,7565,,2,False,False,False,False,🟡 DELETE = LOW RISK,ARCHIVE
6026,frontend/.next/server/chunks/ssr/[root-of-the-server]__058eif6._.js.map,OTHER,15125,,0,False,False,False,False,🟡 DELETE = LOW RISK,ARCHIVE
6027,frontend/.next/server/chunks/ssr/[root-of-the-server]__05x94kd._.js,OTHER,1390,,3,False,False,False,False,🟡 DELETE = LOW RISK,ARCHIVE
6028,frontend/.next/server/chunks/ssr/[root-of-the-server]__05x94kd._.js.map,OTHER,1158,,0,False,False,False,False,🟡 DELETE = LOW RISK,ARCHIVE
6029,frontend/.next/server/chunks/ssr/[root-of-the-server]__0c6sjbl._.js,OTHER,5425,,2,False,False,False,False,🟡 DELETE = LOW RISK,ARCHIVE
6030,frontend/.next/server/chunks/ssr/[root-of-the-server]__0c6sjbl._.js.map,OTHER,8761,,0,False,False,False,False,🟡 DELETE = LOW RISK,ARCHIVE
6031,frontend/.next/server/chunks/ssr/[root-of-the-server]__0d_53ri._.js,OTHER,4838,,24,False,False,False,False,🟡 DELETE = LOW RISK,ARCHIVE
6032,frontend/.next/server/chunks/ssr/[root-of-the-server]__0d_53ri._.js.map,OTHER,13747,,0,False,False,False,False,🟡 DELETE = LOW RISK,ARCHIVE
6033,frontend/.next/server/chunks/ssr/[root-of-the-server]__0g3p6-m._.js,OTHER,16021,,2,False,False,False,False,🟡 DELETE = LOW RISK,ARCHIVE
6034,frontend/.next/server/chunks/ssr/[root-of-the-server]__0g3p6-m._.js.map,OTHER,51756,,0,False,False,False,False,🟡 DELETE = LOW RISK,ARCHIVE
6035,frontend/.next/server/chunks/ssr/[root-of-the-server]__0jtr0mt._.js,OTHER,7076,,22,False,False,False,False,🟡 DELETE = LOW RISK,ARCHIVE
6036,frontend/.next/server/chunks/ssr/[root-of-the-server]__0jtr0mt._.js.map,OTHER,42257,,0,False,False,False,False,🟡 DELETE = LOW RISK,ARCHIVE
6037,frontend/.next/server/chunks/ssr/[root-of-the-server]__0lf0s3u._.js,OTHER,1392,,3,False,False,False,False,🟡 DELETE = LOW RISK,ARCHIVE
6038,frontend/.next/server/chunks/ssr/[root-of-the-server]__0lf0s3u._.js.map,OTHER,1158,,0,False,False,False,False,🟡 DELETE = LOW RISK,ARCHIVE
6039,frontend/.next/server/chunks/ssr/[root-of-the-server]__0nndno0._.js,OTHER,1396,,2,False,False,False,False,🟡 DELETE = LOW RISK,ARCHIVE
6040,frontend/.next/server/chunks/ssr/[root-of-the-server]__0nndno0._.js.map,OTHER,1164,,0,False,False,False,False,🟡 DELETE = LOW RISK,ARCHIVE
6041,frontend/.next/server/chunks/ssr/[root-of-the-server]__0rolufp._.js,OTHER,1366,,3,False,False,False,False,🟡 DELETE = LOW RISK,ARCHIVE
6042,frontend/.next/server/chunks/ssr/[root-of-the-server]__0rolufp._.js.map,OTHER,1140,,0,False,False,False,False,🟡 DELETE = LOW RISK,ARCHIVE
6043,frontend/.next/server/chunks/ssr/[root-of-the-server]__0wr5e9t._.js,OTHER,2538,,2,False,False,False,False,🟡 DELETE = LOW RISK,ARCHIVE
6044,frontend/.next/server/chunks/ssr/[root-of-the-server]__0wr5e9t._.js.map,OTHER,23144,,0,False,False,False,False,🟡 DELETE = LOW RISK,ARCHIVE
6045,frontend/.next/server/chunks/ssr/[root-of-the-server]__1129yaw._.js,OTHER,5612,,2,False,False,False,False,🟡 DELETE = LOW RISK,ARCHIVE
6046,frontend/.next/server/chunks/ssr/[root-of-the-server]__1129yaw._.js.map,OTHER,39023,,0,False,False,False,False,🟡 DELETE = LOW RISK,ARCHIVE
6047,frontend/.next/server/chunks/ssr/[root-of-the-server]__11eoe7p._.js,OTHER,11129,,2,False,False,False,False,🟡 DELETE = LOW RISK,ARCHIVE
6048,frontend/.next/server/chunks/ssr/[root-of-the-server]__11eoe7p._.js.map,OTHER,39932,,0,False,False,False,False,🟡 DELETE = LOW RISK,ARCHIVE
6049,frontend/.next/server/chunks/ssr/[root-of-the-server]__12iu1qn._.js,OTHER,265159,,16,False,False,False,False,🟡 DELETE = LOW RISK,ARCHIVE
6050,frontend/.next/server/chunks/ssr/[root-of-the-server]__12iu1qn._.js.map,OTHER,707824,,0,False,False,False,False,🟡 DELETE = LOW RISK,ARCHIVE
6051,frontend/.next/server/chunks/ssr/[root-of-the-server]__14bjw1-._.js,OTHER,1412,,3,False,False,False,False,🟡 DELETE = LOW RISK,ARCHIVE
6052,frontend/.next/server/chunks/ssr/[root-of-the-server]__14bjw1-._.js.map,OTHER,1177,,0,False,False,False,False,🟡 DELETE = LOW RISK,ARCHIVE
6053,frontend/.next/server/chunks/ssr/[root-of-the-server]__1ama1ri._.js,OTHER,3694,,22,False,False,False,False,🟡 DELETE = LOW RISK,ARCHIVE
6054,frontend/.next/server/chunks/ssr/[root-of-the-server]__1ama1ri._.js.map,OTHER,5397,,0,False,False,False,False,🟡 DELETE = LOW RISK,ARCHIVE
6055,frontend/.next/server/chunks/ssr/[root-of-the-server]__1d-t6c_._.js,OTHER,7351,,2,False,False,False,False,🟡 DELETE = LOW RISK,ARCHIVE
6056,frontend/.next/server/chunks/ssr/[root-of-the-server]__1d-t6c_._.js.map,OTHER,17230,,0,False,False,False,False,🟡 DELETE = LOW RISK,ARCHIVE
6057,frontend/.next/server/chunks/ssr/[root-of-the-server]__1e4lwpl._.js,OTHER,1392,,3,False,False,False,False,🟡 DELETE = LOW RISK,ARCHIVE
6058,frontend/.next/server/chunks/ssr/[root-of-the-server]__1e4lwpl._.js.map,OTHER,1158,,0,False,False,False,False,🟡 DELETE = LOW RISK,ARCHIVE
6059,frontend/.next/server/chunks/ssr/[root-of-the-server]__1g_vlfg._.js,OTHER,5901,,2,False,False,False,False,🟡 DELETE = LOW RISK,ARCHIVE
6060,frontend/.next/server/chunks/ssr/[root-of-the-server]__1g_vlfg._.js.map,OTHER,42174,,0,False,False,False,False,🟡 DELETE = LOW RISK,ARCHIVE
6061,frontend/.next/server/chunks/ssr/[root-of-the-server]__1h83thw._.js,OTHER,7526,,2,False,False,False,False,🟡 DELETE = LOW RISK,ARCHIVE
6062,frontend/.next/server/chunks/ssr/[root-of-the-server]__1h83thw._.js.map,OTHER,58152,,0,False,False,False,False,🟡 DELETE = LOW RISK,ARCHIVE
6063,frontend/.next/server/chunks/ssr/[root-of-the-server]__1ju-5gb._.js,OTHER,1396,,3,False,False,False,False,🟡 DELETE = LOW RISK,ARCHIVE
6064,frontend/.next/server/chunks/ssr/[root-of-the-server]__1ju-5gb._.js.map,OTHER,1161,,0,False,False,False,False,🟡 DELETE = LOW RISK,ARCHIVE
6065,frontend/.next/server/chunks/ssr/[root-of-the-server]__1ll8ps-._.js,OTHER,1400,,3,False,False,False,False,🟡 DELETE = LOW RISK,ARCHIVE
6066,frontend/.next/server/chunks/ssr/[root-of-the-server]__1ll8ps-._.js.map,OTHER,1164,,0,False,False,False,False,🟡 DELETE = LOW RISK,ARCHIVE
6067,frontend/.next/server/chunks/ssr/[root-of-the-server]__1nzhvqe._.js,OTHER,1390,,3,False,False,False,False,🟡 DELETE = LOW RISK,ARCHIVE
6068,frontend/.next/server/chunks/ssr/[root-of-the-server]__1nzhvqe._.js.map,OTHER,1158,,0,False,False,False,False,🟡 DELETE = LOW RISK,ARCHIVE
6069,frontend/.next/server/chunks/ssr/[root-of-the-server]__1vdfw83._.js,OTHER,2257,,2,False,False,False,False,🟡 DELETE = LOW RISK,ARCHIVE
6070,frontend/.next/server/chunks/ssr/[root-of-the-server]__1vdfw83._.js.map,OTHER,19138,,0,False,False,False,False,🟡 DELETE = LOW RISK,ARCHIVE
6071,frontend/.next/server/chunks/ssr/[turbopack]_runtime.js,OTHER,34233,,44,False,False,False,False,🟡 DELETE = LOW RISK,ARCHIVE
6072,frontend/.next/server/chunks/ssr/[turbopack]_runtime.js.map,OTHER,62757,,0,False,False,False,False,🟡 DELETE = LOW RISK,ARCHIVE
6073,frontend/.next/server/chunks/ssr/_040z7vm._.js,OTHER,6230,,2,False,False,False,False,🟡 DELETE = LOW RISK,ARCHIVE
6074,frontend/.next/server/chunks/ssr/_040z7vm._.js.map,OTHER,16103,,1,False,False,False,False,🟡 DELETE = LOW RISK,ARCHIVE
6075,frontend/.next/server/chunks/ssr/_0aoimsj._.js,OTHER,28076,,22,False,False,False,False,🟡 DELETE = LOW RISK,ARCHIVE
6076,frontend/.next/server/chunks/ssr/_0aoimsj._.js.map,OTHER,202745,,1,False,False,False,False,🟡 DELETE = LOW RISK,ARCHIVE
6077,frontend/.next/server/chunks/ssr/_0dkgs93._.js,OTHER,30412,,2,False,False,False,False,🟡 DELETE = LOW RISK,ARCHIVE
6078,frontend/.next/server/chunks/ssr/_0dkgs93._.js.map,OTHER,75904,,1,False,False,False,False,🟡 DELETE = LOW RISK,ARCHIVE
6079,frontend/.next/server/chunks/ssr/_0kq_pjr._.js,OTHER,4676,,2,False,False,False,False,🟡 DELETE = LOW RISK,ARCHIVE
6080,frontend/.next/server/chunks/ssr/_0kq_pjr._.js.map,OTHER,16049,,1,False,False,False,False,🟡 DELETE = LOW RISK,ARCHIVE
6081,frontend/.next/server/chunks/ssr/_0sfmokz._.js,OTHER,3081,,2,False,False,False,False,🟡 DELETE = LOW RISK,ARCHIVE
6082,frontend/.next/server/chunks/ssr/_0sfmokz._.js.map,OTHER,6743,,1,False,False,False,False,🟡 DELETE = LOW RISK,ARCHIVE
6083,frontend/.next/server/chunks/ssr/_1i23ich._.js,OTHER,30412,,2,False,False,False,False,🟡 DELETE = LOW RISK,ARCHIVE
6084,frontend/.next/server/chunks/ssr/_1i23ich._.js.map,OTHER,75898,,1,False,False,False,False,🟡 DELETE = LOW RISK,ARCHIVE
6085,frontend/.next/server/chunks/ssr/_1kt-1ji._.js,OTHER,15946,,22,False,False,False,False,🟡 DELETE = LOW RISK,ARCHIVE
6086,frontend/.next/server/chunks/ssr/_1kt-1ji._.js.map,OTHER,50334,,1,False,False,False,False,🟡 DELETE = LOW RISK,ARCHIVE
6087,frontend/.next/server/chunks/ssr/_next-internal_server_app_about_page_actions_0xvgj07.js,OTHER,116,,4,False,False,False,False,🟡 DELETE = LOW RISK,ARCHIVE
6088,frontend/.next/server/chunks/ssr/_next-internal_server_app_about_page_actions_0xvgj07.js.map,OTHER,51,,2,False,False,False,False,🟡 DELETE = LOW RISK,ARCHIVE
6089,frontend/.next/server/chunks/ssr/_next-internal_server_app_ai-assistant_page_actions_1a_ux06.js,OTHER,124,,2,False,False,False,False,🟡 DELETE = LOW RISK,ARCHIVE
6090,frontend/.next/server/chunks/ssr/_next-internal_server_app_ai-assistant_page_actions_1a_ux06.js.map,OTHER,51,,1,False,False,False,False,🟡 DELETE = LOW RISK,ARCHIVE
6091,frontend/.next/server/chunks/ssr/_next-internal_server_app_compare_page_actions_0ecp95d.js,OTHER,119,,4,False,False,False,False,🟡 DELETE = LOW RISK,ARCHIVE
6092,frontend/.next/server/chunks/ssr/_next-internal_server_app_compare_page_actions_0ecp95d.js.map,OTHER,51,,2,False,False,False,False,🟡 DELETE = LOW RISK,ARCHIVE
6093,frontend/.next/server/chunks/ssr/_next-internal_server_app_debug_page_actions_1e0e7nq.js,OTHER,117,,4,False,False,False,False,🟡 DELETE = LOW RISK,ARCHIVE
6094,frontend/.next/server/chunks/ssr/_next-internal_server_app_debug_page_actions_1e0e7nq.js.map,OTHER,51,,2,False,False,False,False,🟡 DELETE = LOW RISK,ARCHIVE
6095,frontend/.next/server/chunks/ssr/_next-internal_server_app_hotel_[id]_page_actions_200omb2.js,OTHER,126,,3,False,False,False,False,🟡 DELETE = LOW RISK,ARCHIVE
6096,frontend/.next/server/chunks/ssr/_next-internal_server_app_hotel_[id]_page_actions_200omb2.js.map,OTHER,51,,0,False,False,False,False,🟡 DELETE = LOW RISK,ARCHIVE
6097,frontend/.next/server/chunks/ssr/_next-internal_server_app_page_actions_0hhsz1j.js,OTHER,111,,4,False,False,False,False,🟡 DELETE = LOW RISK,ARCHIVE
6098,frontend/.next/server/chunks/ssr/_next-internal_server_app_page_actions_0hhsz1j.js.map,OTHER,51,,2,False,False,False,False,🟡 DELETE = LOW RISK,ARCHIVE
6099,frontend/.next/server/chunks/ssr/_next-internal_server_app_privacy_page_actions_0_hxzrk.js,OTHER,119,,2,False,False,False,False,🟡 DELETE = LOW RISK,ARCHIVE
6100,frontend/.next/server/chunks/ssr/_next-internal_server_app_privacy_page_actions_0_hxzrk.js.map,OTHER,51,,1,False,False,False,False,🟡 DELETE = LOW RISK,ARCHIVE
6101,frontend/.next/server/chunks/ssr/_next-internal_server_app_saved_page_actions_17882ck.js,OTHER,117,,4,False,False,False,False,🟡 DELETE = LOW RISK,ARCHIVE
6102,frontend/.next/server/chunks/ssr/_next-internal_server_app_saved_page_actions_17882ck.js.map,OTHER,51,,2,False,False,False,False,🟡 DELETE = LOW RISK,ARCHIVE
6103,frontend/.next/server/chunks/ssr/_next-internal_server_app_search_page_actions_0_8-8no.js,OTHER,118,,4,False,False,False,False,🟡 DELETE = LOW RISK,ARCHIVE
6104,frontend/.next/server/chunks/ssr/_next-internal_server_app_search_page_actions_0_8-8no.js.map,OTHER,51,,2,False,False,False,False,🟡 DELETE = LOW RISK,ARCHIVE
6105,frontend/.next/server/chunks/ssr/_next-internal_server_app_stays_page_actions_1s4uoyf.js,OTHER,117,,4,False,False,False,False,🟡 DELETE = LOW RISK,ARCHIVE
6106,frontend/.next/server/chunks/ssr/_next-internal_server_app_stays_page_actions_1s4uoyf.js.map,OTHER,51,,2,False,False,False,False,🟡 DELETE = LOW RISK,ARCHIVE
6107,frontend/.next/server/chunks/ssr/_next-internal_server_app__global-error_page_actions_0zi5s8-.js,OTHER,125,,2,False,False,False,False,🟡 DELETE = LOW RISK,ARCHIVE
6108,frontend/.next/server/chunks/ssr/_next-internal_server_app__global-error_page_actions_0zi5s8-.js.map,OTHER,51,,1,False,False,False,False,🟡 DELETE = LOW RISK,ARCHIVE
6109,frontend/.next/server/chunks/ssr/_next-internal_server_app__not-found_page_actions_0pt47yr.js,OTHER,122,,4,False,False,False,False,🟡 DELETE = LOW RISK,ARCHIVE
6110,frontend/.next/server/chunks/ssr/_next-internal_server_app__not-found_page_actions_0pt47yr.js.map,OTHER,51,,2,False,False,False,False,🟡 DELETE = LOW RISK,ARCHIVE
6111,frontend/.next/server/pages/404.html,OTHER,15046,,1,False,False,False,False,🟡 DELETE = LOW RISK,ARCHIVE
6112,frontend/.next/server/pages/500.html,OTHER,9620,,1,False,False,False,False,🟡 DELETE = LOW RISK,ARCHIVE
6113,frontend/.next/static/chunks/00l_9fm4d746k.js,OTHER,28133,,23,False,False,False,False,🟡 DELETE = LOW RISK,ARCHIVE
6114,frontend/.next/static/chunks/04pe9ihhyz4eq.js,OTHER,11043,,3,False,False,False,False,🟡 DELETE = LOW RISK,ARCHIVE
6115,frontend/.next/static/chunks/05-c3ty_6dwfk.js,OTHER,3377,,3,False,False,False,False,🟡 DELETE = LOW RISK,ARCHIVE
6116,frontend/.next/static/chunks/07-dhjmvtf7vm.js,OTHER,48670,,3,False,False,False,False,🟡 DELETE = LOW RISK,ARCHIVE
6117,frontend/.next/static/chunks/0bs7wjcb04zm6.js,OTHER,6287,,3,False,False,False,False,🟡 DELETE = LOW RISK,ARCHIVE
6118,frontend/.next/static/chunks/0cz1d0mv5g_q7.js,OTHER,112594,,27,False,False,False,False,🟡 DELETE = LOW RISK,ARCHIVE
6119,frontend/.next/static/chunks/0_93s574opazh.js,OTHER,19728,,23,False,False,False,False,🟡 DELETE = LOW RISK,ARCHIVE
6120,frontend/.next/static/chunks/14mrh2-p_w84d.js,OTHER,54646,,26,False,False,False,False,🟡 DELETE = LOW RISK,ARCHIVE
6121,frontend/.next/static/chunks/1cw6sxip4dofu.js,OTHER,62322,,3,False,False,False,False,🟡 DELETE = LOW RISK,ARCHIVE
6122,frontend/.next/static/chunks/1fdo-o0p_l5mj.js,OTHER,34448,,2,False,False,False,False,🟡 DELETE = LOW RISK,ARCHIVE
6123,frontend/.next/static/chunks/1gle5g1iz2hp4.js,OTHER,64291,,3,False,False,False,False,🟡 DELETE = LOW RISK,ARCHIVE
6124,frontend/.next/static/chunks/1j1rwpnzipen_.js,OTHER,150327,,29,False,False,False,False,🟡 DELETE = LOW RISK,ARCHIVE
6125,frontend/.next/static/chunks/1kgyy8xifom2l.js,OTHER,23762,,29,False,False,False,False,🟡 DELETE = LOW RISK,ARCHIVE
6126,frontend/.next/static/chunks/1zu7mr1j-o0t-.css,OTHER,91572,,22,False,False,False,False,🟡 DELETE = LOW RISK,ARCHIVE
6127,frontend/.next/static/chunks/27jktro2p5rq9.js,OTHER,44414,,29,False,False,False,False,🟡 DELETE = LOW RISK,ARCHIVE
6128,frontend/.next/static/chunks/2f_szxwe46gv2.js,OTHER,68475,,16,False,False,False,False,🟡 DELETE = LOW RISK,ARCHIVE
6129,frontend/.next/static/chunks/2iwukl3jqc7-q.js,OTHER,7265,,3,False,False,False,False,🟡 DELETE = LOW RISK,ARCHIVE
6130,frontend/.next/static/chunks/2kounilfj91w4.js,OTHER,28481,,3,False,False,False,False,🟡 DELETE = LOW RISK,ARCHIVE
6131,frontend/.next/static/chunks/2z0qp-5g8zc07.js,OTHER,19990,,3,False,False,False,False,🟡 DELETE = LOW RISK,ARCHIVE
6132,frontend/.next/static/chunks/33e8q7mqe7zi6.js,OTHER,17998,,3,False,False,False,False,🟡 DELETE = LOW RISK,ARCHIVE
6133,frontend/.next/static/chunks/3n3m455v8zl15.js,OTHER,30664,,23,False,False,False,False,🟡 DELETE = LOW RISK,ARCHIVE
6134,frontend/.next/static/chunks/3rxl-jt3pdxgx.js,OTHER,227538,,29,False,False,False,False,🟡 DELETE = LOW RISK,ARCHIVE
6135,frontend/.next/static/chunks/3u8z7kay0nlrd.js,OTHER,37771,,3,False,False,False,False,🟡 DELETE = LOW RISK,ARCHIVE
6136,frontend/.next/static/chunks/3v2ft6egcm_iu.js,OTHER,3138,,3,False,False,False,False,🟡 DELETE = LOW RISK,ARCHIVE
6137,frontend/.next/static/chunks/3vh3h5c2l8o8v.js,OTHER,2452,,3,False,False,False,False,🟡 DELETE = LOW RISK,ARCHIVE
6138,frontend/.next/static/chunks/turbopack-31o5p-h12o-6j.js,OTHER,10580,,28,False,False,False,False,🟡 DELETE = LOW RISK,ARCHIVE
6139,frontend/.next/static/media/1bffadaabf893a1e-s.3-6t-g6q0vh0a.woff2,OTHER,85272,,3,False,False,False,False,🟡 DELETE = LOW RISK,ARCHIVE
6140,frontend/.next/static/media/2bbe8d2671613f1f-s.0k62hbripvv8p.woff2,OTHER,10280,,3,False,False,False,False,🟡 DELETE = LOW RISK,ARCHIVE
6141,frontend/.next/static/media/2c55a0e60120577a-s.0-dom-5bn10r2.woff2,OTHER,25844,,3,False,False,False,False,🟡 DELETE = LOW RISK,ARCHIVE
6142,frontend/.next/static/media/5476f68d60460930-s.2uwcyprjm3xu3.woff2,OTHER,19044,,3,False,False,False,False,🟡 DELETE = LOW RISK,ARCHIVE
6143,frontend/.next/static/media/83afe278b6a6bb3c-s.p.2bn3s6zvc0dyp.woff2,OTHER,48432,,36,False,False,False,False,🟡 DELETE = LOW RISK,ARCHIVE
6144,frontend/.next/static/media/9c72aa0f40e4eef8-s.1y4-pdgsjb-pw.woff2,OTHER,18744,,3,False,False,False,False,🟡 DELETE = LOW RISK,ARCHIVE
6145,frontend/.next/static/media/ad66f9afd8947f86-s.3lvt2whj97whp.woff2,OTHER,11272,,3,False,False,False,False,🟡 DELETE = LOW RISK,ARCHIVE
6146,frontend/.next/static/media/favicon.2vob68tjqpejf.ico,OTHER,25931,,36,False,False,False,False,🟡 DELETE = LOW RISK,ARCHIVE
6147,frontend/.next/static/P3y8LZwNo111ln4RwqZqd/_buildManifest.js,OTHER,219,,6,False,False,False,False,🟡 DELETE = LOW RISK,ARCHIVE
6148,frontend/.next/static/P3y8LZwNo111ln4RwqZqd/_clientMiddlewareManifest.js,OTHER,96,,9,False,False,False,False,🟡 DELETE = LOW RISK,ARCHIVE
6149,frontend/.next/static/P3y8LZwNo111ln4RwqZqd/_ssgManifest.js,OTHER,80,,7,False,False,False,False,🟡 DELETE = LOW RISK,ARCHIVE
6150,frontend/.next/types/cache-life.d.ts,OTHER,5854,,0,False,False,False,False,🟡 DELETE = LOW RISK,ARCHIVE
6151,frontend/.next/types/routes.d.ts,OTHER,1680,,1,False,False,False,False,🟡 DELETE = LOW RISK,ARCHIVE
6152,frontend/.next/types/validator.ts,OTHER,4558,,0,False,False,False,False,🟡 DELETE = LOW RISK,ARCHIVE
6153,frontend/app/favicon.ico,OTHER,25931,,63,False,False,False,False,🟡 DELETE = LOW RISK,ARCHIVE
6154,frontend/app/globals.css,OTHER,1881,,4,False,False,False,False,🟡 DELETE = LOW RISK,ARCHIVE
6155,frontend/app/layout.tsx,OTHER,1029,,43,False,False,False,False,🟡 DELETE = LOW RISK,ARCHIVE
6156,frontend/app/page.tsx,OTHER,1514,,155,False,False,False,False,🟡 DELETE = LOW RISK,ARCHIVE
6157,frontend/app/providers.tsx,OTHER,376,,27,False,False,False,False,🟡 DELETE = LOW RISK,ARCHIVE
6158,frontend/app/about/page.tsx,OTHER,5714,,155,False,False,False,False,🟡 DELETE = LOW RISK,ARCHIVE
6159,frontend/app/ai-assistant/page.tsx,OTHER,10574,,155,False,False,False,False,🟡 DELETE = LOW RISK,ARCHIVE
6160,frontend/app/compare/page.tsx,OTHER,21109,,155,False,False,False,False,🟡 DELETE = LOW RISK,ARCHIVE
6161,frontend/app/debug/page.tsx,OTHER,79498,,155,False,False,False,False,🟡 DELETE = LOW RISK,ARCHIVE
6162,frontend/app/hotel/[id]/page.tsx,OTHER,25436,,155,False,False,False,False,🟡 DELETE = LOW RISK,ARCHIVE
6163,frontend/app/privacy/page.tsx,OTHER,2732,,155,False,False,False,False,🟡 DELETE = LOW RISK,ARCHIVE
6164,frontend/app/saved/page.tsx,OTHER,10814,,155,False,False,False,False,🟡 DELETE = LOW RISK,ARCHIVE
6165,frontend/app/search/loading.tsx,OTHER,3222,,12,False,False,False,False,🟡 DELETE = LOW RISK,ARCHIVE
6166,frontend/app/search/page.tsx,OTHER,17208,,155,False,False,False,False,🟡 DELETE = LOW RISK,ARCHIVE
6167,frontend/app/stays/page.tsx,OTHER,10195,,155,False,False,False,False,🟡 DELETE = LOW RISK,ARCHIVE
6168,frontend/components/AspectBars.tsx,OTHER,657,,2,False,False,False,False,🟡 DELETE = LOW RISK,ARCHIVE
6169,frontend/components/ChatDrawer.tsx,OTHER,8653,,24,False,False,False,False,🟡 DELETE = LOW RISK,ARCHIVE
6170,frontend/components/Header.tsx,OTHER,3461,,52,False,False,False,False,🟡 DELETE = LOW RISK,ARCHIVE
6171,frontend/components/HotelCardSkeleton.tsx,OTHER,1854,,26,False,False,False,False,🟡 DELETE = LOW RISK,ARCHIVE
6172,frontend/components/RecommendationCard.tsx,OTHER,15119,,39,False,False,False,False,🟡 DELETE = LOW RISK,ARCHIVE
6173,frontend/components/TrustBadge.tsx,OTHER,838,,6,False,False,False,False,🟡 DELETE = LOW RISK,ARCHIVE
6174,frontend/components/landing/AIAssistantShowcase.tsx,OTHER,5218,,10,False,False,False,False,🟡 DELETE = LOW RISK,ARCHIVE
6175,frontend/components/landing/ComparisonPreview.tsx,OTHER,4687,,10,False,False,False,False,🟡 DELETE = LOW RISK,ARCHIVE
6176,frontend/components/landing/FeaturedCarousel.tsx,OTHER,5762,,10,False,False,False,False,🟡 DELETE = LOW RISK,ARCHIVE
6177,frontend/components/landing/HeroSection.tsx,OTHER,14210,,10,False,False,False,False,🟡 DELETE = LOW RISK,ARCHIVE
6178,frontend/components/landing/HowTrustWorksSection.tsx,OTHER,2915,,10,False,False,False,False,🟡 DELETE = LOW RISK,ARCHIVE
6179,frontend/components/landing/PopularDestinations.tsx,OTHER,2052,,10,False,False,False,False,🟡 DELETE = LOW RISK,ARCHIVE
6180,frontend/components/landing/PremiumFooter.tsx,OTHER,3350,,10,False,False,False,False,🟡 DELETE = LOW RISK,ARCHIVE
6181,frontend/components/landing/RecentlyViewed.tsx,OTHER,2554,,10,False,False,False,False,🟡 DELETE = LOW RISK,ARCHIVE
6182,frontend/components/landing/StatsSection.tsx,OTHER,3108,,10,False,False,False,False,🟡 DELETE = LOW RISK,ARCHIVE
6183,frontend/components/landing/useReveal.ts,OTHER,706,,10,False,False,False,False,🟡 DELETE = LOW RISK,ARCHIVE
6184,frontend/components/landing/ValuePropsSection.tsx,OTHER,2570,,10,False,False,False,False,🟡 DELETE = LOW RISK,ARCHIVE
6185,frontend/components/stays/CatalogSkeleton.tsx,OTHER,2824,,14,False,False,False,False,🟡 DELETE = LOW RISK,ARCHIVE
6186,frontend/components/stays/EmptyState.tsx,OTHER,1261,,14,False,False,False,False,🟡 DELETE = LOW RISK,ARCHIVE
6187,frontend/components/stays/FilterSidebar.tsx,OTHER,5268,,24,False,False,False,False,🟡 DELETE = LOW RISK,ARCHIVE
6188,frontend/components/stays/HotelCatalogCard.tsx,OTHER,267,,18,False,False,False,False,🟡 DELETE = LOW RISK,ARCHIVE
6189,frontend/components/stays/HotelGridCard.tsx,OTHER,4326,,14,False,False,False,False,🟡 DELETE = LOW RISK,ARCHIVE
6190,frontend/components/stays/Pagination.tsx,OTHER,5409,,4,False,False,False,False,🟡 DELETE = LOW RISK,ARCHIVE
6191,frontend/components/stays/ResultsHeader.tsx,OTHER,2176,,14,False,False,False,False,🟡 DELETE = LOW RISK,ARCHIVE
6192,frontend/components/stays/SearchHeader.tsx,OTHER,21562,,24,False,False,False,False,🟡 DELETE = LOW RISK,ARCHIVE
6193,frontend/components/ui/badge.tsx,OTHER,951,,6,False,False,False,False,🟡 DELETE = LOW RISK,ARCHIVE
6194,frontend/components/ui/button.tsx,OTHER,1278,,50,False,False,False,False,🟡 DELETE = LOW RISK,ARCHIVE
6195,frontend/components/ui/card.tsx,OTHER,1190,,40,False,False,False,False,🟡 DELETE = LOW RISK,ARCHIVE
6196,frontend/components/ui/progress.tsx,OTHER,593,,2,False,False,False,False,🟡 DELETE = LOW RISK,ARCHIVE
6197,frontend/hooks/useChatStore.ts,OTHER,877,,14,False,False,False,False,🟡 DELETE = LOW RISK,ARCHIVE
6198,frontend/hooks/useDebounce.ts,OTHER,382,,38,False,False,False,False,🟡 DELETE = LOW RISK,ARCHIVE
6199,frontend/hooks/useHotels.ts,OTHER,2024,,66,False,False,False,False,🟡 DELETE = LOW RISK,ARCHIVE
6200,frontend/lib/api.ts,OTHER,3607,,171,False,False,False,False,🟡 DELETE = LOW RISK,ARCHIVE
6201,frontend/lib/intent.ts,OTHER,3373,,32,False,False,False,False,🟡 DELETE = LOW RISK,ARCHIVE
6202,frontend/lib/search-state.ts,OTHER,3404,,18,False,False,False,False,🟡 DELETE = LOW RISK,ARCHIVE
6203,frontend/lib/stream.ts,OTHER,932,,4,False,False,False,False,🟡 DELETE = LOW RISK,ARCHIVE
6204,frontend/lib/ui-config.ts,OTHER,3939,,10,False,False,False,False,🟡 DELETE = LOW RISK,ARCHIVE
6205,frontend/lib/utils.ts,OTHER,197,,55,False,False,False,False,🟡 DELETE = LOW RISK,ARCHIVE
6206,frontend/public/file.svg,OTHER,391,,0,False,False,False,False,🟡 DELETE = LOW RISK,ARCHIVE
6207,frontend/public/globe.svg,OTHER,1035,,0,False,False,False,False,🟡 DELETE = LOW RISK,ARCHIVE
6208,frontend/public/next.svg,OTHER,1375,,0,False,False,False,False,🟡 DELETE = LOW RISK,ARCHIVE
6209,frontend/public/vercel.svg,OTHER,128,,0,False,False,False,False,🟡 DELETE = LOW RISK,ARCHIVE
6210,frontend/public/window.svg,OTHER,385,,0,False,False,False,False,🟡 DELETE = LOW RISK,ARCHIVE
6211,frontend/types/api.ts,OTHER,3587,,171,False,False,False,False,🟡 DELETE = LOW RISK,ARCHIVE
6212,milestones_and_evaluations/before_after_evaluation_diff.md,DOCUMENTATION,32614,System architecture & evaluation documentation (milestones_and_evaluations/before_after_evaluation_diff.md),0,False,False,False,False,🟢 DELETE = SAFE / NO RUNTIME IMPACT,ARCHIVE
6213,milestones_and_evaluations/evaluation_queries.csv,DOCUMENTATION,21609,System architecture & evaluation documentation (milestones_and_evaluations/evaluation_queries.csv),0,False,False,False,False,🟢 DELETE = SAFE / NO RUNTIME IMPACT,ARCHIVE
6214,milestones_and_evaluations/production_audit_raw.md,DOCUMENTATION,163501,System architecture & evaluation documentation (milestones_and_evaluations/production_audit_raw.md),0,False,False,False,False,🟢 DELETE = SAFE / NO RUNTIME IMPACT,ARCHIVE
6215,milestones_and_evaluations/PROJECT_MILESTONE_SUMMARY.md,DOCUMENTATION,6988,System architecture & evaluation documentation (milestones_and_evaluations/PROJECT_MILESTONE_SUMMARY.md),0,False,False,False,False,🟢 DELETE = SAFE / NO RUNTIME IMPACT,ARCHIVE
6216,milestones_and_evaluations/response.json,DOCUMENTATION,14874,System architecture & evaluation documentation (milestones_and_evaluations/response.json),5,False,False,False,False,🟢 DELETE = SAFE / NO RUNTIME IMPACT,ARCHIVE
6217,milestones_and_evaluations/response2.json,DOCUMENTATION,28782,System architecture & evaluation documentation (milestones_and_evaluations/response2.json),0,False,False,False,False,🟢 DELETE = SAFE / NO RUNTIME IMPACT,ARCHIVE
6218,milestones_and_evaluations/response3.json,DOCUMENTATION,15052,System architecture & evaluation documentation (milestones_and_evaluations/response3.json),0,False,False,False,False,🟢 DELETE = SAFE / NO RUNTIME IMPACT,ARCHIVE
6219,milestones_and_evaluations/response4.json,DOCUMENTATION,21924,System architecture & evaluation documentation (milestones_and_evaluations/response4.json),0,False,False,False,False,🟢 DELETE = SAFE / NO RUNTIME IMPACT,ARCHIVE
6220,milestones_and_evaluations/response5.json,DOCUMENTATION,35794,System architecture & evaluation documentation (milestones_and_evaluations/response5.json),0,False,False,False,False,🟢 DELETE = SAFE / NO RUNTIME IMPACT,ARCHIVE
6221,milestones_and_evaluations/response6.json,DOCUMENTATION,36188,System architecture & evaluation documentation (milestones_and_evaluations/response6.json),0,False,False,False,False,🟢 DELETE = SAFE / NO RUNTIME IMPACT,ARCHIVE
6222,milestones_and_evaluations/retrieval_audit.csv,DOCUMENTATION,72172,System architecture & evaluation documentation (milestones_and_evaluations/retrieval_audit.csv),0,False,False,False,False,🟢 DELETE = SAFE / NO RUNTIME IMPACT,ARCHIVE
6223,milestones_and_evaluations/retrieval_evaluation_results.json,DOCUMENTATION,186703,System architecture & evaluation documentation (milestones_and_evaluations/retrieval_evaluation_results.json),0,False,False,False,False,🟢 DELETE = SAFE / NO RUNTIME IMPACT,ARCHIVE
6224,milestones_and_evaluations/retrieval_evaluation_results_old.json,DOCUMENTATION,187994,System architecture & evaluation documentation (milestones_and_evaluations/retrieval_evaluation_results_old.json),0,False,False,False,False,🟢 DELETE = SAFE / NO RUNTIME IMPACT,ARCHIVE
6225,project_logs_and_status/current_project_status.md,DOCUMENTATION,1973,System architecture & evaluation documentation (project_logs_and_status/current_project_status.md),1,False,False,False,False,🟢 DELETE = SAFE / NO RUNTIME IMPACT,ARCHIVE
6226,project_logs_and_status/project_architecture.md,DOCUMENTATION,3887,System architecture & evaluation documentation (project_logs_and_status/project_architecture.md),0,False,False,False,False,🟢 DELETE = SAFE / NO RUNTIME IMPACT,ARCHIVE
6227,project_logs_and_status/project_artifact_registry.md,DOCUMENTATION,5222,System architecture & evaluation documentation (project_logs_and_status/project_artifact_registry.md),1,False,False,False,False,🟢 DELETE = SAFE / NO RUNTIME IMPACT,ARCHIVE
6228,project_logs_and_status/project_changelog.md,DOCUMENTATION,3238,System architecture & evaluation documentation (project_logs_and_status/project_changelog.md),1,False,False,False,False,🟢 DELETE = SAFE / NO RUNTIME IMPACT,ARCHIVE
6229,project_logs_and_status/project_decisions_log.md,DOCUMENTATION,4085,System architecture & evaluation documentation (project_logs_and_status/project_decisions_log.md),1,False,False,False,False,🟢 DELETE = SAFE / NO RUNTIME IMPACT,ARCHIVE
6230,project_logs_and_status/project_dependency_graph.md,DOCUMENTATION,1169,System architecture & evaluation documentation (project_logs_and_status/project_dependency_graph.md),1,False,False,False,False,🟢 DELETE = SAFE / NO RUNTIME IMPACT,ARCHIVE
6231,project_logs_and_status/project_history.md,DOCUMENTATION,8485,System architecture & evaluation documentation (project_logs_and_status/project_history.md),1,False,False,False,False,🟢 DELETE = SAFE / NO RUNTIME IMPACT,ARCHIVE
6232,project_logs_and_status/project_stage_timeline.md,DOCUMENTATION,4072,System architecture & evaluation documentation (project_logs_and_status/project_stage_timeline.md),0,False,False,False,False,🟢 DELETE = SAFE / NO RUNTIME IMPACT,ARCHIVE
6233,project_logs_and_status/README.md,DOCUMENTATION,1975,System architecture & evaluation documentation (project_logs_and_status/README.md),0,False,False,False,False,🟢 DELETE = SAFE / NO RUNTIME IMPACT,ARCHIVE
6234,project_logs_and_status/repository_statistics.md,DOCUMENTATION,1647,System architecture & evaluation documentation (project_logs_and_status/repository_statistics.md),0,False,False,False,False,🟢 DELETE = SAFE / NO RUNTIME IMPACT,ARCHIVE
6235,project_logs_and_status/technical_debt_register.md,DOCUMENTATION,2503,System architecture & evaluation documentation (project_logs_and_status/technical_debt_register.md),1,False,False,False,False,🟢 DELETE = SAFE / NO RUNTIME IMPACT,ARCHIVE
6236,research/evaluation/retrieval_queries.json,DOCUMENTATION,44625,System architecture & evaluation documentation (research/evaluation/retrieval_queries.json),4,False,False,False,False,🟢 DELETE = SAFE / NO RUNTIME IMPACT,ARCHIVE
6237,research/notebooks/01_hotel_metadata_analysis.ipynb,DOCUMENTATION,998293,System architecture & evaluation documentation (research/notebooks/01_hotel_metadata_analysis.ipynb),1,False,False,False,False,🟢 DELETE = SAFE / NO RUNTIME IMPACT,ARCHIVE
6238,research/notebooks/02_review_analysis.ipynb,DOCUMENTATION,221358,System architecture & evaluation documentation (research/notebooks/02_review_analysis.ipynb),1,False,False,False,False,🟢 DELETE = SAFE / NO RUNTIME IMPACT,ARCHIVE
6239,research/notebooks/03_sentiment_analysis.ipynb,DOCUMENTATION,221230,System architecture & evaluation documentation (research/notebooks/03_sentiment_analysis.ipynb),2,False,False,False,False,🟢 DELETE = SAFE / NO RUNTIME IMPACT,ARCHIVE
6240,research/notebooks/04_absa_explainability_analysis.ipynb,DOCUMENTATION,221755,System architecture & evaluation documentation (research/notebooks/04_absa_explainability_analysis.ipynb),2,False,False,False,False,🟢 DELETE = SAFE / NO RUNTIME IMPACT,ARCHIVE
6241,research/notebooks/05_feature_engineering_analysis.ipynb,DOCUMENTATION,440487,System architecture & evaluation documentation (research/notebooks/05_feature_engineering_analysis.ipynb),2,False,False,False,False,🟢 DELETE = SAFE / NO RUNTIME IMPACT,ARCHIVE
6242,research/notebooks/06_user_dataset_analysis.ipynb,DOCUMENTATION,120217,System architecture & evaluation documentation (research/notebooks/06_user_dataset_analysis.ipynb),2,False,False,False,False,🟢 DELETE = SAFE / NO RUNTIME IMPACT,ARCHIVE
6243,research/notebooks/07_interaction_analysis.ipynb,DOCUMENTATION,163060,System architecture & evaluation documentation (research/notebooks/07_interaction_analysis.ipynb),2,False,False,False,False,🟢 DELETE = SAFE / NO RUNTIME IMPACT,ARCHIVE
6244,research/notebooks/08_final_dataset_overview.ipynb,DOCUMENTATION,305637,System architecture & evaluation documentation (research/notebooks/08_final_dataset_overview.ipynb),2,False,False,False,False,🟢 DELETE = SAFE / NO RUNTIME IMPACT,ARCHIVE
6245,research/notebooks/09_recommender_diagnostics.ipynb,DOCUMENTATION,10765,System architecture & evaluation documentation (research/notebooks/09_recommender_diagnostics.ipynb),2,False,False,False,False,🟢 DELETE = SAFE / NO RUNTIME IMPACT,ARCHIVE
6246,research/notebooks/10_interaction_quality_audit.ipynb,DOCUMENTATION,5041,System architecture & evaluation documentation (research/notebooks/10_interaction_quality_audit.ipynb),3,False,False,False,False,🟢 DELETE = SAFE / NO RUNTIME IMPACT,ARCHIVE
6247,research/reports/figures/.gitkeep,DOCUMENTATION,14,System architecture & evaluation documentation (research/reports/figures/.gitkeep),0,False,False,False,False,🟢 DELETE = SAFE / NO RUNTIME IMPACT,ARCHIVE
6248,research/reports/figures/01_hotel_map.png,DOCUMENTATION,609282,System architecture & evaluation documentation (research/reports/figures/01_hotel_map.png),2,False,False,False,False,🟢 DELETE = SAFE / NO RUNTIME IMPACT,ARCHIVE
6249,research/reports/figures/01_missing_values.png,DOCUMENTATION,199349,System architecture & evaluation documentation (research/reports/figures/01_missing_values.png),2,False,False,False,False,🟢 DELETE = SAFE / NO RUNTIME IMPACT,ARCHIVE
6250,research/reports/figures/01_ratings_reviews.png,DOCUMENTATION,260719,System architecture & evaluation documentation (research/reports/figures/01_ratings_reviews.png),1,False,False,False,False,🟢 DELETE = SAFE / NO RUNTIME IMPACT,ARCHIVE
6251,research/reports/figures/01_top_areas.png,DOCUMENTATION,145322,System architecture & evaluation documentation (research/reports/figures/01_top_areas.png),1,False,False,False,False,🟢 DELETE = SAFE / NO RUNTIME IMPACT,ARCHIVE
6252,research/reports/figures/02_reviews_per_hotel.png,DOCUMENTATION,99160,System architecture & evaluation documentation (research/reports/figures/02_reviews_per_hotel.png),1,False,False,False,False,🟢 DELETE = SAFE / NO RUNTIME IMPACT,ARCHIVE
6253,research/reports/figures/02_review_length.png,DOCUMENTATION,115840,System architecture & evaluation documentation (research/reports/figures/02_review_length.png),1,False,False,False,False,🟢 DELETE = SAFE / NO RUNTIME IMPACT,ARCHIVE
6254,research/reports/figures/02_review_ratings.png,DOCUMENTATION,74100,System architecture & evaluation documentation (research/reports/figures/02_review_ratings.png),2,False,False,False,False,🟢 DELETE = SAFE / NO RUNTIME IMPACT,ARCHIVE
6255,research/reports/figures/02_temporal_years.png,DOCUMENTATION,89879,System architecture & evaluation documentation (research/reports/figures/02_temporal_years.png),1,False,False,False,False,🟢 DELETE = SAFE / NO RUNTIME IMPACT,ARCHIVE
6256,research/reports/figures/03_positive_prob_dist.png,DOCUMENTATION,103844,System architecture & evaluation documentation (research/reports/figures/03_positive_prob_dist.png),1,False,False,False,False,🟢 DELETE = SAFE / NO RUNTIME IMPACT,ARCHIVE
6257,research/reports/figures/03_sentiment_labels.png,DOCUMENTATION,63211,System architecture & evaluation documentation (research/reports/figures/03_sentiment_labels.png),1,False,False,False,False,🟢 DELETE = SAFE / NO RUNTIME IMPACT,ARCHIVE
6258,research/reports/figures/03_sentiment_vs_rating.png,DOCUMENTATION,197610,System architecture & evaluation documentation (research/reports/figures/03_sentiment_vs_rating.png),1,False,False,False,False,🟢 DELETE = SAFE / NO RUNTIME IMPACT,ARCHIVE
6259,research/reports/figures/04_aspect_boxplots.png,DOCUMENTATION,111048,System architecture & evaluation documentation (research/reports/figures/04_aspect_boxplots.png),1,False,False,False,False,🟢 DELETE = SAFE / NO RUNTIME IMPACT,ARCHIVE
6260,research/reports/figures/04_aspect_correlation.png,DOCUMENTATION,236102,System architecture & evaluation documentation (research/reports/figures/04_aspect_correlation.png),2,False,False,False,False,🟢 DELETE = SAFE / NO RUNTIME IMPACT,ARCHIVE
6261,research/reports/figures/05_engineered_correlations.png,DOCUMENTATION,240096,System architecture & evaluation documentation (research/reports/figures/05_engineered_correlations.png),1,False,False,False,False,🟢 DELETE = SAFE / NO RUNTIME IMPACT,ARCHIVE
6262,research/reports/figures/05_engineered_scores.png,DOCUMENTATION,414131,System architecture & evaluation documentation (research/reports/figures/05_engineered_scores.png),1,False,False,False,False,🟢 DELETE = SAFE / NO RUNTIME IMPACT,ARCHIVE
6263,research/reports/figures/05_trust_by_budget.png,DOCUMENTATION,93582,System architecture & evaluation documentation (research/reports/figures/05_trust_by_budget.png),1,False,False,False,False,🟢 DELETE = SAFE / NO RUNTIME IMPACT,ARCHIVE
6264,research/reports/figures/06_user_amenities.png,DOCUMENTATION,79143,System architecture & evaluation documentation (research/reports/figures/06_user_amenities.png),1,False,False,False,False,🟢 DELETE = SAFE / NO RUNTIME IMPACT,ARCHIVE
6265,research/reports/figures/06_user_demographics.png,DOCUMENTATION,129010,System architecture & evaluation documentation (research/reports/figures/06_user_demographics.png),1,False,False,False,False,🟢 DELETE = SAFE / NO RUNTIME IMPACT,ARCHIVE
6266,research/reports/figures/07_interactions_per_user_hotel.png,DOCUMENTATION,194182,System architecture & evaluation documentation (research/reports/figures/07_interactions_per_user_hotel.png),1,False,False,False,False,🟢 DELETE = SAFE / NO RUNTIME IMPACT,ARCHIVE
6267,research/reports/figures/07_interaction_types.png,DOCUMENTATION,70959,System architecture & evaluation documentation (research/reports/figures/07_interaction_types.png),1,False,False,False,False,🟢 DELETE = SAFE / NO RUNTIME IMPACT,ARCHIVE
6268,research/reports/figures/08_global_correlation.png,DOCUMENTATION,380498,System architecture & evaluation documentation (research/reports/figures/08_global_correlation.png),2,False,False,False,False,🟢 DELETE = SAFE / NO RUNTIME IMPACT,ARCHIVE
6269,research/reports/figures/08_missing_heatmap.png,DOCUMENTATION,218272,System architecture & evaluation documentation (research/reports/figures/08_missing_heatmap.png),1,False,False,False,False,🟢 DELETE = SAFE / NO RUNTIME IMPACT,ARCHIVE
6270,research/reports/images/activity_hist.png,DOCUMENTATION,28804,System architecture & evaluation documentation (research/reports/images/activity_hist.png),2,False,False,False,False,🟢 DELETE = SAFE / NO RUNTIME IMPACT,ARCHIVE
6271,research/reports/images/alignment.png,DOCUMENTATION,25534,System architecture & evaluation documentation (research/reports/images/alignment.png),2,False,False,False,False,🟢 DELETE = SAFE / NO RUNTIME IMPACT,ARCHIVE
6272,research/reports/images/hotel_pop.png,DOCUMENTATION,23746,System architecture & evaluation documentation (research/reports/images/hotel_pop.png),2,False,False,False,False,🟢 DELETE = SAFE / NO RUNTIME IMPACT,ARCHIVE
6273,research_and_audit_reports/aspect_distribution_audit.md,OTHER,1537,,1,False,False,False,False,🟡 DELETE = LOW RISK,ARCHIVE
6274,research_and_audit_reports/backend_hardening_verification.md,OTHER,2510,,0,False,False,False,False,🟡 DELETE = LOW RISK,ARCHIVE
6275,research_and_audit_reports/backend_recovery_plan.md,OTHER,1339,,0,False,False,False,False,🟡 DELETE = LOW RISK,ARCHIVE
6276,research_and_audit_reports/context_assembly_evaluation.md,OTHER,582,,1,False,False,False,False,🟡 DELETE = LOW RISK,ARCHIVE
6277,research_and_audit_reports/dataset_statistics.md,OTHER,168,,1,False,False,False,False,🟡 DELETE = LOW RISK,ARCHIVE
6278,research_and_audit_reports/data_dictionary.md,OTHER,1635,,1,False,False,False,False,🟡 DELETE = LOW RISK,ARCHIVE
6279,research_and_audit_reports/data_quality_report.md,OTHER,669,,2,False,False,False,False,🟡 DELETE = LOW RISK,ARCHIVE
6280,research_and_audit_reports/dead_code_analysis.md,OTHER,2810,,0,False,False,False,False,🟡 DELETE = LOW RISK,ARCHIVE
6281,research_and_audit_reports/eda_report.md,OTHER,627,,2,False,False,False,False,🟡 DELETE = LOW RISK,ARCHIVE
6282,research_and_audit_reports/explainability_audit_b1.md,OTHER,1660,,7,False,False,False,False,🟡 DELETE = LOW RISK,ARCHIVE
6283,research_and_audit_reports/explainability_evaluation.md,OTHER,1775,,2,False,False,False,False,🟡 DELETE = LOW RISK,ARCHIVE
6284,research_and_audit_reports/explainable_ai_integrity.md,OTHER,2087,,0,False,False,False,False,🟡 DELETE = LOW RISK,ARCHIVE
6285,research_and_audit_reports/final_production_audit_report.md,OTHER,2474,,2,False,False,False,False,🟡 DELETE = LOW RISK,ARCHIVE
6286,research_and_audit_reports/final_project_audit.md,OTHER,973,,2,False,False,False,False,🟡 DELETE = LOW RISK,ARCHIVE
6287,research_and_audit_reports/final_release_readiness.md,OTHER,2328,,0,False,False,False,False,🟡 DELETE = LOW RISK,ARCHIVE
6288,research_and_audit_reports/final_system_report.md,OTHER,2573,,0,False,False,False,False,🟡 DELETE = LOW RISK,ARCHIVE
6289,research_and_audit_reports/frontend_architecture_plan.md,OTHER,1919,,0,False,False,False,False,🟡 DELETE = LOW RISK,ARCHIVE
6290,research_and_audit_reports/frontend_hardcode_audit.md,OTHER,767,,0,False,False,False,False,🟡 DELETE = LOW RISK,ARCHIVE
6291,research_and_audit_reports/frontend_requirements.md,OTHER,1364,,0,False,False,False,False,🟡 DELETE = LOW RISK,ARCHIVE
6292,research_and_audit_reports/frontend_validation_report.md,OTHER,1936,,0,False,False,False,False,🟡 DELETE = LOW RISK,ARCHIVE
6293,research_and_audit_reports/full_project_audit.md,OTHER,3354,,0,False,False,False,False,🟡 DELETE = LOW RISK,ARCHIVE
6294,research_and_audit_reports/full_project_verification.md,OTHER,1904,,0,False,False,False,False,🟡 DELETE = LOW RISK,ARCHIVE
6295,research_and_audit_reports/hotel_document_audit.md,OTHER,554,,1,False,False,False,False,🟡 DELETE = LOW RISK,ARCHIVE
6296,research_and_audit_reports/hybrid_rag_upgrade_report.md,OTHER,2994,,0,False,False,False,False,🟡 DELETE = LOW RISK,ARCHIVE
6297,research_and_audit_reports/interaction_quality_audit.md,OTHER,2249,,1,False,False,False,False,🟡 DELETE = LOW RISK,ARCHIVE
6298,research_and_audit_reports/ollama_integration_verification.md,OTHER,1637,,0,False,False,False,False,🟡 DELETE = LOW RISK,ARCHIVE
6299,research_and_audit_reports/parser_evaluation.md,OTHER,187,,1,False,False,False,False,🟡 DELETE = LOW RISK,ARCHIVE
6300,research_and_audit_reports/problem_statement_alignment.md,OTHER,1863,,0,False,False,False,False,🟡 DELETE = LOW RISK,ARCHIVE
6301,research_and_audit_reports/problem_statement_gap_analysis.md,OTHER,3004,,0,False,False,False,False,🟡 DELETE = LOW RISK,ARCHIVE
6302,research_and_audit_reports/recommender_diagnostics.md,OTHER,6699,,0,False,False,False,False,🟡 DELETE = LOW RISK,ARCHIVE
6303,research_and_audit_reports/recommender_evaluation.md,OTHER,11867,,3,False,False,False,False,🟡 DELETE = LOW RISK,ARCHIVE
6304,research_and_audit_reports/recommender_remediation_report.md,OTHER,4154,,1,False,False,False,False,🟡 DELETE = LOW RISK,ARCHIVE
6305,research_and_audit_reports/retrieval_evaluation.md,OTHER,1751,,4,False,False,False,False,🟡 DELETE = LOW RISK,ARCHIVE
6306,research_and_audit_reports/retrieval_failure_analysis.md,OTHER,692,,1,False,False,False,False,🟡 DELETE = LOW RISK,ARCHIVE
6307,research_and_audit_reports/retriever_validation.md,OTHER,2024,,1,False,False,False,False,🟡 DELETE = LOW RISK,ARCHIVE
6308,research_and_audit_reports/review_evidence_coverage.md,OTHER,1620,,1,False,False,False,False,🟡 DELETE = LOW RISK,ARCHIVE
6309,research_and_audit_reports/runtime_mock_audit.md,OTHER,1756,,0,False,False,False,False,🟡 DELETE = LOW RISK,ARCHIVE
6310,research_and_audit_reports/stage_d_evaluation.md,OTHER,3276,,1,False,False,False,False,🟡 DELETE = LOW RISK,ARCHIVE
6311,research_and_audit_reports/stage_d_readiness.md,OTHER,1825,,0,False,False,False,False,🟡 DELETE = LOW RISK,ARCHIVE
6312,research_and_audit_reports/stage_f_repository_audit.md,OTHER,3080,,0,False,False,False,False,🟡 DELETE = LOW RISK,ARCHIVE
6313,research_and_audit_reports/ui_verification.md,OTHER,2669,,1,False,False,False,False,🟡 DELETE = LOW RISK,ARCHIVE
6314,research_and_audit_reports/vector_store_audit.md,OTHER,1423,,1,False,False,False,False,🟡 DELETE = LOW RISK,ARCHIVE
6315,research_and_audit_reports/visualization_summary.md,OTHER,6469,,0,False,False,False,False,🟡 DELETE = LOW RISK,ARCHIVE
6316,scripts/audit_stage23_1.py,SCRIPT_TOOLING,12040,Ingestion / deployment / audit tool (scripts/audit_stage23_1.py),0,False,False,False,False,🟠 DELETE = MEDIUM RISK,TEST_ONLY
6317,scripts/audit_stage24_1.py,SCRIPT_TOOLING,10845,Ingestion / deployment / audit tool (scripts/audit_stage24_1.py),2,False,False,False,False,🟠 DELETE = MEDIUM RISK,TEST_ONLY
6318,scripts/audit_stage24_3.py,SCRIPT_TOOLING,10071,Ingestion / deployment / audit tool (scripts/audit_stage24_3.py),2,False,False,False,False,🟠 DELETE = MEDIUM RISK,TEST_ONLY
6319,scripts/brute_passwords.py,SCRIPT_TOOLING,770,Ingestion / deployment / audit tool (scripts/brute_passwords.py),0,False,False,False,False,🟡 DELETE = LOW RISK,ARCHIVE
6320,scripts/check_pg_hba.py,SCRIPT_TOOLING,383,Ingestion / deployment / audit tool (scripts/check_pg_hba.py),0,False,False,False,False,🟡 DELETE = LOW RISK,ARCHIVE
6321,scripts/deploy_phase1_check.py,SCRIPT_TOOLING,900,Ingestion / deployment / audit tool (scripts/deploy_phase1_check.py),0,False,False,False,False,🟠 DELETE = MEDIUM RISK,TEST_ONLY
6322,scripts/deploy_stage24_4_phase14_17.py,SCRIPT_TOOLING,3240,Ingestion / deployment / audit tool (scripts/deploy_stage24_4_phase14_17.py),0,False,False,False,False,🟠 DELETE = MEDIUM RISK,TEST_ONLY
6323,scripts/deploy_stage24_4_pipeline.py,SCRIPT_TOOLING,7221,Ingestion / deployment / audit tool (scripts/deploy_stage24_4_pipeline.py),1,False,False,False,False,🟠 DELETE = MEDIUM RISK,TEST_ONLY
6324,scripts/find_pgpass.py,SCRIPT_TOOLING,600,Ingestion / deployment / audit tool (scripts/find_pgpass.py),0,False,False,False,False,🟡 DELETE = LOW RISK,ARCHIVE
6325,scripts/forensic_connection_trace.py,SCRIPT_TOOLING,1284,Ingestion / deployment / audit tool (scripts/forensic_connection_trace.py),0,False,False,False,False,🟡 DELETE = LOW RISK,ARCHIVE
6326,scripts/forensic_db_check.py,SCRIPT_TOOLING,662,Ingestion / deployment / audit tool (scripts/forensic_db_check.py),0,False,False,False,False,🟡 DELETE = LOW RISK,ARCHIVE
6327,scripts/forensic_pg_check.py,SCRIPT_TOOLING,1456,Ingestion / deployment / audit tool (scripts/forensic_pg_check.py),0,False,False,False,False,🟡 DELETE = LOW RISK,ARCHIVE
6328,scripts/generate_audit_markdown.py,SCRIPT_TOOLING,8137,Ingestion / deployment / audit tool (scripts/generate_audit_markdown.py),0,False,False,False,False,🟠 DELETE = MEDIUM RISK,TEST_ONLY
6329,scripts/generate_stage24_1_report.py,SCRIPT_TOOLING,12939,Ingestion / deployment / audit tool (scripts/generate_stage24_1_report.py),0,False,False,False,False,🟡 DELETE = LOW RISK,ARCHIVE
6330,scripts/generate_stage24_3_report.py,SCRIPT_TOOLING,10569,Ingestion / deployment / audit tool (scripts/generate_stage24_3_report.py),0,False,False,False,False,🟡 DELETE = LOW RISK,ARCHIVE
6331,scripts/generate_stage24_4_report.py,SCRIPT_TOOLING,6778,Ingestion / deployment / audit tool (scripts/generate_stage24_4_report.py),0,False,False,False,False,🟡 DELETE = LOW RISK,ARCHIVE
6332,scripts/generate_stage24_5_report.py,SCRIPT_TOOLING,7014,Ingestion / deployment / audit tool (scripts/generate_stage24_5_report.py),0,False,False,False,False,🟡 DELETE = LOW RISK,ARCHIVE
6333,scripts/read_pg_hba_rules.py,SCRIPT_TOOLING,198,Ingestion / deployment / audit tool (scripts/read_pg_hba_rules.py),0,False,False,False,False,🟡 DELETE = LOW RISK,ARCHIVE
6334,scripts/setup_pg_trust.py,SCRIPT_TOOLING,1127,Ingestion / deployment / audit tool (scripts/setup_pg_trust.py),0,False,False,False,False,🟡 DELETE = LOW RISK,ARCHIVE
6335,scripts/setup_postgres_password.py,SCRIPT_TOOLING,833,Ingestion / deployment / audit tool (scripts/setup_postgres_password.py),0,False,False,False,False,🟡 DELETE = LOW RISK,ARCHIVE
6336,scripts/smoke_test.py,SCRIPT_TOOLING,2274,Ingestion / deployment / audit tool (scripts/smoke_test.py),1,False,False,False,False,🟡 DELETE = LOW RISK,ARCHIVE
6337,scripts/test_pg_credentials.py,SCRIPT_TOOLING,1108,Ingestion / deployment / audit tool (scripts/test_pg_credentials.py),0,False,False,False,False,🟡 DELETE = LOW RISK,ARCHIVE
6338,scripts/test_pg_env_and_users.py,SCRIPT_TOOLING,856,Ingestion / deployment / audit tool (scripts/test_pg_env_and_users.py),0,False,False,False,False,🟡 DELETE = LOW RISK,ARCHIVE
6339,scripts/update_metadata.py,SCRIPT_TOOLING,1284,Ingestion / deployment / audit tool (scripts/update_metadata.py),0,False,False,False,False,🟡 DELETE = LOW RISK,ARCHIVE
6340,scripts/audit/full_project_audit.py,SCRIPT_TOOLING,2238,Ingestion / deployment / audit tool (scripts/audit/full_project_audit.py),0,False,False,False,False,🟠 DELETE = MEDIUM RISK,TEST_ONLY
6341,scripts/audit/run_h10_audit.py,SCRIPT_TOOLING,3586,Ingestion / deployment / audit tool (scripts/audit/run_h10_audit.py),0,False,False,False,False,🟠 DELETE = MEDIUM RISK,TEST_ONLY
6342,scripts/audit/run_production_audit.py,SCRIPT_TOOLING,6973,Ingestion / deployment / audit tool (scripts/audit/run_production_audit.py),0,False,False,False,False,🟠 DELETE = MEDIUM RISK,TEST_ONLY
6343,scripts/audit/run_production_audit_final.py,SCRIPT_TOOLING,16118,Ingestion / deployment / audit tool (scripts/audit/run_production_audit_final.py),0,False,False,False,False,🟠 DELETE = MEDIUM RISK,TEST_ONLY
6344,scripts/cleaning/clean_hotel_metadata.py,SCRIPT_TOOLING,2167,Ingestion / deployment / audit tool (scripts/cleaning/clean_hotel_metadata.py),5,False,False,False,False,🟡 DELETE = LOW RISK,ARCHIVE
6345,scripts/cleaning/clean_reviews.py,SCRIPT_TOOLING,2166,Ingestion / deployment / audit tool (scripts/cleaning/clean_reviews.py),5,False,False,False,False,🟡 DELETE = LOW RISK,ARCHIVE
6346,scripts/collection/fetch_google_places.py,SCRIPT_TOOLING,4643,Ingestion / deployment / audit tool (scripts/collection/fetch_google_places.py),5,False,False,False,False,🟡 DELETE = LOW RISK,ARCHIVE
6347,scripts/collection/fetch_google_reviews.py,SCRIPT_TOOLING,3158,Ingestion / deployment / audit tool (scripts/collection/fetch_google_reviews.py),5,False,False,False,False,🟡 DELETE = LOW RISK,ARCHIVE
6348,scripts/evaluation/audit_report_gen.py,SCRIPT_TOOLING,6124,Ingestion / deployment / audit tool (scripts/evaluation/audit_report_gen.py),1,False,False,False,False,🟠 DELETE = MEDIUM RISK,TEST_ONLY
6349,scripts/evaluation/create_audit_nb.py,SCRIPT_TOOLING,5397,Ingestion / deployment / audit tool (scripts/evaluation/create_audit_nb.py),0,False,False,False,False,🟠 DELETE = MEDIUM RISK,TEST_ONLY
6350,scripts/evaluation/create_nb.py,SCRIPT_TOOLING,8513,Ingestion / deployment / audit tool (scripts/evaluation/create_nb.py),0,False,False,False,False,🟡 DELETE = LOW RISK,ARCHIVE
6351,scripts/evaluation/eda_report.py,SCRIPT_TOOLING,1357,Ingestion / deployment / audit tool (scripts/evaluation/eda_report.py),0,False,False,False,False,🟡 DELETE = LOW RISK,ARCHIVE
6352,scripts/evaluation/evaluate_recommenders.py,SCRIPT_TOOLING,22735,Ingestion / deployment / audit tool (scripts/evaluation/evaluate_recommenders.py),3,False,False,False,False,🟡 DELETE = LOW RISK,ARCHIVE
6353,scripts/evaluation/evaluate_stage_d.py,SCRIPT_TOOLING,1459,Ingestion / deployment / audit tool (scripts/evaluation/evaluate_stage_d.py),3,False,False,False,False,🟡 DELETE = LOW RISK,ARCHIVE
6354,scripts/evaluation/generate_diagnostics_nb.py,SCRIPT_TOOLING,52,Ingestion / deployment / audit tool (scripts/evaluation/generate_diagnostics_nb.py),1,False,False,False,False,🟡 DELETE = LOW RISK,ARCHIVE
6355,scripts/evaluation/generate_notebooks.py,SCRIPT_TOOLING,47644,Ingestion / deployment / audit tool (scripts/evaluation/generate_notebooks.py),0,False,False,False,False,🟡 DELETE = LOW RISK,ARCHIVE
6356,scripts/evaluation/generate_reports.py,SCRIPT_TOOLING,2069,Ingestion / deployment / audit tool (scripts/evaluation/generate_reports.py),0,False,False,False,False,🟡 DELETE = LOW RISK,ARCHIVE
6357,scripts/evaluation/run_all_notebooks.py,SCRIPT_TOOLING,1922,Ingestion / deployment / audit tool (scripts/evaluation/run_all_notebooks.py),0,False,False,False,False,🟡 DELETE = LOW RISK,ARCHIVE
6358,scripts/evaluation/schema_freeze.py,SCRIPT_TOOLING,1657,Ingestion / deployment / audit tool (scripts/evaluation/schema_freeze.py),1,False,False,False,False,🟡 DELETE = LOW RISK,ARCHIVE
6359,scripts/explainability/audit_explainability_b1.py,SCRIPT_TOOLING,12362,Ingestion / deployment / audit tool (scripts/explainability/audit_explainability_b1.py),8,False,False,False,False,🟠 DELETE = MEDIUM RISK,TEST_ONLY
6360,scripts/explainability/evaluate_explanations.py,SCRIPT_TOOLING,6198,Ingestion / deployment / audit tool (scripts/explainability/evaluate_explanations.py),5,False,False,False,False,🟡 DELETE = LOW RISK,ARCHIVE
6361,scripts/explainability/explainer.py,SCRIPT_TOOLING,8996,Ingestion / deployment / audit tool (scripts/explainability/explainer.py),11,False,False,False,False,🟡 DELETE = LOW RISK,ARCHIVE
6362,scripts/ingestion/backfill_pgvector.py,SCRIPT_TOOLING,6956,Ingestion / deployment / audit tool (scripts/ingestion/backfill_pgvector.py),4,False,False,False,False,🟠 DELETE = MEDIUM RISK,TEST_ONLY
6363,scripts/ingestion/bootstrap_postgres.py,SCRIPT_TOOLING,13456,Ingestion / deployment / audit tool (scripts/ingestion/bootstrap_postgres.py),4,False,False,False,False,🟠 DELETE = MEDIUM RISK,TEST_ONLY
6364,scripts/nlp/analyze_sentiment.py,SCRIPT_TOOLING,2409,Ingestion / deployment / audit tool (scripts/nlp/analyze_sentiment.py),5,False,False,False,False,🟡 DELETE = LOW RISK,ARCHIVE
6365,scripts/nlp/extract_absa_features.py,SCRIPT_TOOLING,2882,Ingestion / deployment / audit tool (scripts/nlp/extract_absa_features.py),5,False,False,False,False,🟡 DELETE = LOW RISK,ARCHIVE
6366,scripts/rag/audit_aspect_distribution.py,SCRIPT_TOOLING,2717,Ingestion / deployment / audit tool (scripts/rag/audit_aspect_distribution.py),1,False,False,False,False,🟠 DELETE = MEDIUM RISK,TEST_ONLY
6367,scripts/rag/audit_hotel_documents.py,SCRIPT_TOOLING,3705,Ingestion / deployment / audit tool (scripts/rag/audit_hotel_documents.py),1,False,False,False,False,🟠 DELETE = MEDIUM RISK,TEST_ONLY
6368,scripts/rag/audit_review_evidence.py,SCRIPT_TOOLING,6926,Ingestion / deployment / audit tool (scripts/rag/audit_review_evidence.py),1,False,False,False,False,🟠 DELETE = MEDIUM RISK,TEST_ONLY
6369,scripts/rag/build_hotel_documents.py,SCRIPT_TOOLING,6210,Ingestion / deployment / audit tool (scripts/rag/build_hotel_documents.py),2,False,False,False,False,🟡 DELETE = LOW RISK,ARCHIVE
6370,scripts/rag/build_vector_store.py,SCRIPT_TOOLING,8331,Ingestion / deployment / audit tool (scripts/rag/build_vector_store.py),2,False,False,False,False,🟡 DELETE = LOW RISK,ARCHIVE
6371,scripts/rag/context_builder.py,SCRIPT_TOOLING,6142,Ingestion / deployment / audit tool (scripts/rag/context_builder.py),5,False,False,False,False,🟡 DELETE = LOW RISK,ARCHIVE
6372,scripts/rag/evaluate_retrieval.py,SCRIPT_TOOLING,7052,Ingestion / deployment / audit tool (scripts/rag/evaluate_retrieval.py),1,False,False,False,False,🟡 DELETE = LOW RISK,ARCHIVE
6373,scripts/rag/generate_benchmark.py,SCRIPT_TOOLING,4586,Ingestion / deployment / audit tool (scripts/rag/generate_benchmark.py),1,False,False,False,False,🟡 DELETE = LOW RISK,ARCHIVE
6374,scripts/rag/query_parser.py,SCRIPT_TOOLING,6892,Ingestion / deployment / audit tool (scripts/rag/query_parser.py),7,False,False,False,False,🟡 DELETE = LOW RISK,ARCHIVE
6375,scripts/rag/retriever.py,SCRIPT_TOOLING,9698,Ingestion / deployment / audit tool (scripts/rag/retriever.py),9,False,False,False,False,🟡 DELETE = LOW RISK,ARCHIVE
6376,scripts/rag/validate_retriever_step1.py,SCRIPT_TOOLING,4320,Ingestion / deployment / audit tool (scripts/rag/validate_retriever_step1.py),1,False,False,False,False,🟡 DELETE = LOW RISK,ARCHIVE
6377,scripts/recommender/aggregate_reviews.py,SCRIPT_TOOLING,1705,Ingestion / deployment / audit tool (scripts/recommender/aggregate_reviews.py),5,False,False,False,False,🟡 DELETE = LOW RISK,ARCHIVE
6378,scripts/recommender/baseline.py,SCRIPT_TOOLING,1497,Ingestion / deployment / audit tool (scripts/recommender/baseline.py),7,False,False,False,False,🟡 DELETE = LOW RISK,ARCHIVE
6379,scripts/recommender/collaborative.py,SCRIPT_TOOLING,4941,Ingestion / deployment / audit tool (scripts/recommender/collaborative.py),8,False,False,False,False,🟡 DELETE = LOW RISK,ARCHIVE
6380,scripts/recommender/content_based.py,SCRIPT_TOOLING,8627,Ingestion / deployment / audit tool (scripts/recommender/content_based.py),8,False,False,False,False,🟡 DELETE = LOW RISK,ARCHIVE
6381,scripts/recommender/engineer_features.py,SCRIPT_TOOLING,3341,Ingestion / deployment / audit tool (scripts/recommender/engineer_features.py),8,False,False,False,False,🟡 DELETE = LOW RISK,ARCHIVE
6382,scripts/recommender/generate_interactions.py,SCRIPT_TOOLING,2567,Ingestion / deployment / audit tool (scripts/recommender/generate_interactions.py),9,False,False,False,False,🟡 DELETE = LOW RISK,ARCHIVE
6383,scripts/recommender/generate_users.py,SCRIPT_TOOLING,1844,Ingestion / deployment / audit tool (scripts/recommender/generate_users.py),6,False,False,False,False,🟡 DELETE = LOW RISK,ARCHIVE
6384,scripts/recommender/hybrid.py,SCRIPT_TOOLING,4520,Ingestion / deployment / audit tool (scripts/recommender/hybrid.py),11,False,False,False,False,🟡 DELETE = LOW RISK,ARCHIVE
6385,scripts/recommender/merge_dataset.py,SCRIPT_TOOLING,1713,Ingestion / deployment / audit tool (scripts/recommender/merge_dataset.py),7,False,False,False,False,🟡 DELETE = LOW RISK,ARCHIVE
6386,scripts/synthetic/generate_interactions_v2.py,SCRIPT_TOOLING,4414,Ingestion / deployment / audit tool (scripts/synthetic/generate_interactions_v2.py),7,False,False,False,False,🟡 DELETE = LOW RISK,ARCHIVE
6387,scripts/verification/api_regression_suite.py,SCRIPT_TOOLING,2149,Ingestion / deployment / audit tool (scripts/verification/api_regression_suite.py),0,False,False,False,False,🟡 DELETE = LOW RISK,ARCHIVE
6388,scripts/verification/audit_postgres_runtime.py,SCRIPT_TOOLING,5429,Ingestion / deployment / audit tool (scripts/verification/audit_postgres_runtime.py),1,False,False,False,False,🟠 DELETE = MEDIUM RISK,TEST_ONLY
6389,scripts/verification/dual_backend_rag_verification.py,SCRIPT_TOOLING,3382,Ingestion / deployment / audit tool (scripts/verification/dual_backend_rag_verification.py),1,False,False,False,False,🟡 DELETE = LOW RISK,ARCHIVE
6390,scripts/verification/full_pipeline_verification.py,SCRIPT_TOOLING,2987,Ingestion / deployment / audit tool (scripts/verification/full_pipeline_verification.py),0,False,False,False,False,🟡 DELETE = LOW RISK,ARCHIVE
6391,scripts/verification/master_forensic_auditor.py,SCRIPT_TOOLING,14553,Ingestion / deployment / audit tool (scripts/verification/master_forensic_auditor.py),0,False,False,False,False,🟠 DELETE = MEDIUM RISK,TEST_ONLY
6392,scripts/verification/parity_verification.py,SCRIPT_TOOLING,6127,Ingestion / deployment / audit tool (scripts/verification/parity_verification.py),2,False,False,False,False,🟡 DELETE = LOW RISK,ARCHIVE
6393,scripts/verification/test_realtime_isolated.py,SCRIPT_TOOLING,2779,Ingestion / deployment / audit tool (scripts/verification/test_realtime_isolated.py),3,False,False,False,False,🟡 DELETE = LOW RISK,ARCHIVE
6394,scripts/workers/outbox_worker.py,SCRIPT_TOOLING,3952,Ingestion / deployment / audit tool (scripts/workers/outbox_worker.py),5,False,False,False,False,🟡 DELETE = LOW RISK,ARCHIVE
6395,tests/test_api_endpoints.py,TEST_SOURCE,1111,Backend automated test module (tests/test_api_endpoints.py),2,False,True,False,False,🟠 DELETE = MEDIUM RISK,TEST_ONLY
6396,tests/test_batch_debug.py,TEST_SOURCE,3515,Backend automated test module (tests/test_batch_debug.py),1,False,True,False,False,🟠 DELETE = MEDIUM RISK,TEST_ONLY
6397,tests/test_context_builder.py,TEST_SOURCE,394,Backend automated test module (tests/test_context_builder.py),0,False,True,False,False,🟠 DELETE = MEDIUM RISK,TEST_ONLY
6398,tests/test_grounding_validator.py,TEST_SOURCE,440,Backend automated test module (tests/test_grounding_validator.py),1,False,True,False,False,🟠 DELETE = MEDIUM RISK,TEST_ONLY
6399,tests/test_query_parser.py,TEST_SOURCE,322,Backend automated test module (tests/test_query_parser.py),0,False,True,False,False,🟠 DELETE = MEDIUM RISK,TEST_ONLY
6400,tests/test_retriever.py,TEST_SOURCE,403,Backend automated test module (tests/test_retriever.py),0,False,True,False,False,🟠 DELETE = MEDIUM RISK,TEST_ONLY
6401,tests/test_stage23_repositories.py,TEST_SOURCE,1568,Backend automated test module (tests/test_stage23_repositories.py),0,False,True,False,False,🟠 DELETE = MEDIUM RISK,TEST_ONLY
6402,tests/test_stage24_database.py,TEST_SOURCE,2914,Backend automated test module (tests/test_stage24_database.py),2,False,True,False,False,🟠 DELETE = MEDIUM RISK,TEST_ONLY
6403,tests/test_stage24_ingestion.py,TEST_SOURCE,1139,Backend automated test module (tests/test_stage24_ingestion.py),1,False,True,False,False,🟠 DELETE = MEDIUM RISK,TEST_ONLY
6404,tests/verification/test_stage24_5_complete_backend.py,TEST_SOURCE,6808,Backend automated test module (tests/verification/test_stage24_5_complete_backend.py),3,False,True,False,False,🟠 DELETE = MEDIUM RISK,TEST_ONLY
