hotel_id,google_place_id,hotel_name,address,latitude,longitude,rating,review_count,area,hotel_type,price_level,review_volume,average_sentiment,positive_review_ratio,negative_review_ratio,cleanliness_score,service_score,location_score,value_for_money_score,staff_behavior_score,area_cluster,budget_category,popularity_score,rating_score,sentiment_score,trust_score
ChIJpV-ywbQVDTkRqWm6FgM6WCM,ChIJpV-ywbQVDTkRqWm6FgM6WCM,Haveli Hotel & Family Restaurant,"Pataudi Road, 13 Milestone, NH-352, near CNG Pump, Gurugram",28.4106689,76.8929141,4.6,102.0,near CNG Pump,hotel,,5.0,0.6068608885630965,0.6,0.4,0.5,0.5086046613287181,0.5,0.999887228012085,0.999887228012085,Other,Mid-Range,0.4314460575440993,4.6,0.6068608885630965,0.7500992054159974
ChIJm053GEI-DTkRwKJuNdfAyLw,ChIJm053GEI-DTkRwKJuNdfAyLw,Jps Residency & Hospitality Services,"opp. 446 E, Sector 8, Imt Manesar, Gurugram",28.3810035,76.8864609,3.9,1714.0,Imt Manesar,hotel,,5.0,0.600046572892461,0.6,0.4,0.0002642081235535,0.9998639822006226,0.99704247713089,0.5,0.5015340191312134,Imt Manesar,Mid-Range,0.6932555143518563,3.9,0.600046572892461,0.7105566213921053
ChIJkTyoKUkVDTkR8L5-ZWny4t8,ChIJkTyoKUkVDTkR8L5-ZWny4t8,Hotel O Royal Guest House,"13, Gurugram Rd, Sector 11, Farukh Nagar",28.4466,76.831032,4.0,162.0,Sector 11,hotel,,5.0,0.8291362732648848,0.8,0.2,0.9998620748519896,0.9590306878089904,0.9794212579727172,0.9794473946094512,0.9998369514942168,Other,Mid-Range,0.474176256655733,4.0,0.8291362732648848,0.7503423747096928
ChIJAxoZFF0-DTkRrQYeGhnCS1c,ChIJAxoZFF0-DTkRrQYeGhnCS1c,Oyo 14100 Hotel D Meridien,"plot no 16, Sector 8, Imt Manesar, Manesar, Gurugram",28.3724453,76.8933833,3.9,790.0,Manesar,hotel,,5.0,0.4129370585782453,0.4,0.6,0.5,0.01509112509666,0.3545042797923088,0.0013292137300595,0.0352727361023425,Manesar,Budget,0.6212160638350902,3.9,0.4129370585782453,0.635538250821179
ChIJkUS0a7hrDTkR8_OhQzGLVjE,ChIJkUS0a7hrDTkR8_OhQzGLVjE,Hotel O Yuvraj Plaza,"21, Street No 2, Road, opp. Nayara Petrol Pump, Pataudi, Farukh Nagar",28.44442,76.8177,4.0,24.0,Pataudi,hotel,,4.0,0.7251613246335182,0.75,0.25,0.5,0.5,0.5,0.5,0.001931531005539,Other,Mid-Range,0.2996445504991384,4.0,0.7251613246335182,0.6800478767983552
ChIJ64_MiLE_DTkRGOHzyJ5UpDM,ChIJ64_MiLE_DTkRGOHzyJ5UpDM,Nature Valley Resort - Manesar,"Prem Nagar Dhani, Gurugram",28.3737457,76.8622613,3.6,283.0,Prem Nagar Dhani,hotel,,5.0,0.4913784482516348,0.4,0.6,0.727084219455719,0.9996734857559204,0.5,0.5,0.8180047671000162,Other,Luxury,0.5258619587925035,3.6,0.4913784482516348,0.6004027094613806
ChIJockhMFI_DTkRlyEKfQmbwZU,ChIJockhMFI_DTkRlyEKfQmbwZU,Hotel O J M K Hotel,"Taj nagar, Plot no-1, Farrukh Nagar - Panchgaon Rd, near T C I, LogisticFarrukh Nagar, Gurugram, Sanpka",28.3786012,76.83006859999999,4.7,9.0,Gurugram,hotel,,2.0,0.999863862991333,1.0,0.0,0.9998700618743896,0.999863862991333,0.5,0.9998700618743896,0.9998700618743896,Gurugram,Mid-Range,0.2143472170767782,4.7,0.999863862991333,0.8426015211522326
ChIJhe8U-lo_DTkRUQkm2haPpZ8,ChIJhe8U-lo_DTkRUQkm2haPpZ8,Collection O The Royal Fern,"Pataudi Road, near civil hospital, Manesar, Farukh Nagar",28.445004,76.8163087,4.5,8.0,Manesar,hotel,,3.0,0.6672183000482619,0.6666666666666666,0.3333333333333333,0.5008984392043203,0.5,0.999858021736145,0.5,0.5008984392043203,Manesar,Mid-Range,0.2045392263146805,4.5,0.6672183000482619,0.7078003693430801
ChIJu85bG-QVDTkRHw-yR_kKZU4,ChIJu85bG-QVDTkRHw-yR_kKZU4,Hotel O Aashiyana,"Mustil No. 130, Khewat No. 97, Farukh Nagar - Wazirpur Rd, Farukh Nagar, Gurgaon",28.4462525,76.8326392,4.9,8.0,Farukh Nagar,hotel,,2.0,0.9998076260089874,1.0,0.0,0.9997660517692566,0.5,0.5,0.5,0.9998076260089874,Other,Mid-Range,0.2045392263146805,4.9,0.9998076260089874,0.8670843606782019
ChIJOQBN0w8_DTkR2kC7ccAduAs,ChIJOQBN0w8_DTkR2kC7ccAduAs,Hotel O Billu,"Amazon dell 4, Manesar, Jamalpur",28.3735188,76.8353369,3.8,5.0,Manesar,hotel,,1.0,0.9998787641525269,1.0,0.0,0.5,0.5,0.5,0.5,0.5,Manesar,Mid-Range,0.1667945549845492,3.8,0.9998787641525269,0.7128510336228955
ChIJsea-6yc-DTkRx23SJV-zrfo,ChIJsea-6yc-DTkRx23SJV-zrfo,Nature Valley Resort,"CV4M+JW5, Gali Number 12, Sector 97, Gurugram",28.4065057,76.8848646,4.4,14.0,Sector 97,hotel,,3.0,0.6265529931212465,0.6666666666666666,0.3333333333333333,0.5,0.5,0.441136232111603,0.5,0.5,Other,Luxury,0.2520918884069095,4.4,0.6265529931212465,0.6916471728337068
ChIJQ1w43W4VDTkRLtF4zn4EqHM,ChIJQ1w43W4VDTkRLtF4zn4EqHM,Hotel O City Palace,"Bala G Nagar, Farukh Nagar - Wazirpur Rd, near Ice Factory, opp. PNB bank, Farukh Nagar, Gurugram",28.4459516,76.83720629999999,3.5,14.0,Farukh Nagar,hotel,,3.0,0.0003099592286161,0.0,1.0,0.5,0.5,0.5,0.5,0.5,Other,Luxury,0.2520918884069095,3.5,0.0003099592286161,0.3722078689695459
ChIJQyBpbkVrDTkRN-vCqZuLFWc,ChIJQyBpbkVrDTkRN-vCqZuLFWc,D Akant Hotal,Farrukh Nagar - Panchgaon Rd,28.4296755,76.8226679,3.9,41.0,,hotel,,5.0,0.4161541623674566,0.4,0.6,0.5,0.5402058064937592,0.5,0.5,0.5,Other,Mid-Range,0.3479389680186449,3.9,0.4161541623674566,0.5784399318619919
ChIJjXIMuls9DTkRhBhavLC_ajo,ChIJjXIMuls9DTkRhBhavLC_ajo,Holiday Inn Gurugram Sector 90 By Ihg,"Sector 90, Gurugram, Meoka",28.4042472,76.9362258,4.3,4386.0,Gurugram,hotel,,5.0,0.9997717022895812,1.0,0.0,0.9997179905573528,0.9997408092021942,0.9996508955955504,0.5,0.9998205304145812,Gurugram,Budget,0.7806884965618124,4.3,0.9997717022895812,0.9098563734091536
ChIJtzqgI2U-DTkRsyjuU_lRS18,ChIJtzqgI2U-DTkRsyjuU_lRS18,Paradise Inn Hotel,"Behind Annantraj Building, Near, Sector 8 Rd, Imt Manesar, Gurugram",28.3740058,76.905338,3.7,812.0,Imt Manesar,hotel,,5.0,0.4036257039755583,0.4,0.6,0.5,0.0067276265472173,0.0067276265472173,0.0067276265472173,0.9996814727783204,Imt Manesar,Budget,0.6237698098895316,3.7,0.4036257039755583,0.606523806712172
ChIJl3iEtgsXDTkRiPiStrNCuOo,ChIJl3iEtgsXDTkRiPiStrNCuOo,Hotel Rajmahal Suites,"near Aarvy Healthcare Hospital, Hayatpur, Sector 93, Gurugram",28.4185807,76.9385294,4.7,31.0,Sector 93,hotel,,5.0,0.999844765663147,1.0,0.0,0.9998253981272378,0.9998441636562349,0.5,0.5,0.9998393654823304,Other,Mid-Range,0.3226247091360448,4.7,0.999844765663147,0.8656255255555733
ChIJI_krrZ89DTkRYdUZzkyLz3Y,ChIJI_krrZ89DTkRYdUZzkyLz3Y,Saltstayz Premier – Manesar & Sector 86,"Kita 7, Shabd -451, Nawada Fatehpur, Sector 86, Gurugram",28.3910649,76.94172780000001,4.7,486.0,Sector 86,hotel,,5.0,0.6002589246607386,0.6,0.4,0.5000649839348625,0.3338746065855957,0.9989666938781738,0.6663655539159663,0.7497402801964199,Other,Budget,0.5760643536496014,4.7,0.6002589246607386,0.7920459536501331
ChIJP6BH6_0VDTkRvwuF1c6Yb6k,ChIJP6BH6_0VDTkRvwuF1c6Yb6k,Hotel Rajhans - Budget Hotel In Gurugram,"362 23, Road, near Shanti Vihar, Wazirpur, Sector 95, Meoka, Gurugram",28.418005,76.917045,5.0,80.0,Meoka,hotel,,5.0,0.999814796447754,1.0,0.0,0.999779184659322,0.9998549222946168,0.5,0.9997645020484924,0.9997787475585938,Other,Budget,0.4090784526293611,5.0,0.999814796447754,0.9238845962857908
ChIJRYVcMn8_DTkRjwOiyekkc18,ChIJRYVcMn8_DTkRjwOiyekkc18,Jps Palm Inn,"Plot 14, near kesari Sweets, Sector 8, Imt Manesar, Manesar, Gurugram",28.3722851,76.89416589999999,4.6,219.0,Manesar,hotel,,5.0,0.9997026920318604,1.0,0.0,0.9998576045036316,0.9998499602079391,0.9998346567153932,0.9995863835016886,0.9998629887898765,Manesar,Budget,0.5020917828517661,4.6,0.9997026920318604,0.8904585271262748
ChIJaROo4qIXDTkRp83S4LarHGg,ChIJaROo4qIXDTkRp83S4LarHGg,Fabhotel Sky I,"H No: 9, Khata No: 700, 739, Hayatpur Rd, Harsaru, Gurugram",28.4254187,76.9361459,3.6,24.0,Harsaru,hotel,,5.0,0.999773895740509,1.0,0.0,0.999680995941162,0.5,0.999763011932373,0.5,0.9998312294483184,Other,Mid-Range,0.2996445504991384,3.6,0.999773895740509,0.7144872320819018
ChIJJbpqeAA_DTkRB8FYrn7TPF0,ChIJJbpqeAA_DTkRB8FYrn7TPF0,Misaki Manrsar,"Anant Raj Tech Park, CP-1, Sector 8 Rd, Sector 8, Imt Manesar, Gurugram",28.3731567,76.9043064,4.1,15.0,Imt Manesar,hotel,,3.0,0.999810536702474,1.0,0.0,0.5,0.9997857213020324,0.5,0.9998229444026948,0.5,Imt Manesar,Mid-Range,0.2580997673088359,4.1,0.999810536702474,0.7721297822258332
ChIJa0S09SwYDTkRYlUWmvR1zMg,ChIJa0S09SwYDTkRYlUWmvR1zMg,"Heritage Village Resort & Spa, Manesar","Naharpur Rd, Manesar, Gurugram",28.366898,76.9399679,4.4,10360.0,Manesar,hotel,,5.0,0.7999267792794853,0.8,0.2,0.5,0.9997759163379668,0.000530231045559,0.000530231045559,0.7999267792794853,Manesar,Luxury,0.8606901742036644,4.4,0.7999267792794853,0.8764067205111962
ChIJ0QiWDhsVDTkRTsuxDtQTKxk,ChIJ0QiWDhsVDTkRTsuxDtQTKxk,Oyo 28118 Rajvanshi Palace,"Farukh Nagar - Wazirpur Rd, Wazirpur, Sec 95 A, Daulatabad, Gurugram",28.4220383,76.91596299999999,3.7,112.0,Daulatabad,hotel,,5.0,0.0023908309463876,0.0,1.0,0.0004434639704412,0.0006494141562143,0.0005196222919039,0.5,0.0037481325562111,Other,Budget,0.4400716508009945,3.7,0.0023908309463876,0.4394410330293576
ChIJoX0kXzAXDTkRppuT4Y98D3U,ChIJoX0kXzAXDTkRppuT4Y98D3U,The Villa,"Ansal Heights 2, Sector 92, Gurugram",28.4151696,76.919915,4.6,7.0,Sector 92,hotel,,3.0,0.9994253714879354,1.0,0.0,0.998944103717804,0.9994437098503112,0.9994162023067474,0.5,0.9994437098503112,Other,Mid-Range,0.1935748254816269,4.6,0.9994253714879354,0.8247499899218189
ChIJDfbvBQAXDTkRhozPcRxRaJ8,ChIJDfbvBQAXDTkRhozPcRxRaJ8,Hotel O Sky Premium,"Pataudi Rd, near Anandam Restrount, Sector 89A, Gurugram",28.4246749,76.9361139,4.0,32.0,Sector 89A,hotel,,5.0,0.8000458614900708,0.8,0.2,0.5042090159840882,0.5042834323830901,0.5042834323830901,0.9920694828033448,0.99972003698349,Other,Mid-Range,0.3254892371051192,4.0,0.8000458614900708,0.7094362828026234
ChIJ498BU249DTkRkH_DKrBZgC0,ChIJ498BU249DTkRkH_DKrBZgC0,Dayal Regency Manesar,"Plot no 479, Sector 1, Imt Manesar, Gurugram",28.362372,76.9431125,4.8,11.0,Imt Manesar,hotel,,3.0,0.9998377561569214,1.0,0.0,0.9998263716697692,0.9998443424701692,0.5,0.5,0.9998263716697692,Imt Manesar,Mid-Range,0.2313194968117582,4.8,0.9998377561569214,0.8594965603069621
ChIJnTjJeM49DTkRFBa_G4PhaXg,ChIJnTjJeM49DTkRFBa_G4PhaXg,Four Square,"Near, Imt Chowk, behind Hsiidc complex, Power Supply Colony, Manesar, Gurugram",28.3601576,76.93852199999999,4.9,31.0,Manesar,hotel,,5.0,0.8001011434709653,0.8,0.2,0.5,0.999864935874939,0.5,0.5,0.999864935874939,Manesar,Mid-Range,0.3226247091360448,4.9,0.8001011434709653,0.8284856700190761
ChIJ_____28-DTkRl1V_FzJyhHA,ChIJ_____28-DTkRl1V_FzJyhHA,Ginger Manesar,"Plot No A Raheja Square, Sector 2, Imt Manesar, Gurugram",28.3660004,76.9348856,3.7,1773.0,Imt Manesar,hotel,,5.0,0.6014591939107049,0.6,0.4,0.9991887211799622,0.9991887211799622,0.9991779029369354,0.9996659755706788,0.9994273483753204,Imt Manesar,Mid-Range,0.6964041658930418,3.7,0.6014591939107049,0.6850901171769347
ChIJRdQiFUo8DTkRlKBQhTQKzPo,ChIJRdQiFUo8DTkRlKBQhTQKzPo,Komal Residency,"488, Sector 1 Main Rd, Sector 1, Imt Manesar, Gurugram",28.3627552,76.942426,3.8,223.0,Imt Manesar,hotel,,5.0,0.6142008169554174,0.6,0.4,0.663940089289099,0.9901172518730164,0.6286633981702229,0.8842871785163879,0.0984566470142453,Imt Manesar,Mid-Range,0.5037691221701405,3.8,0.6142008169554174,0.6614761468211451
ChIJ-yucsxU9DTkR6A2GPxzocoo,ChIJ-yucsxU9DTkR6A2GPxzocoo,Hotel Manesar,"Opp. Power House , IMT Chowk, near flyover, Manesar, Gurugram",28.359233,76.9397706,4.4,411.0,Manesar,hotel,,5.0,0.4054405012226197,0.4,0.6,0.9998132586479186,0.5,0.5,0.0013484333321684,0.9998132586479186,Manesar,Mid-Range,0.5604959411985173,4.4,0.4054405012226197,0.6866988871877991
ChIJORerleg9DTkRUm59PSlICrE,ChIJORerleg9DTkRUm59PSlICrE,Hotel Heaven,"Floor No :2, Late Sh. Devender Yadav Complex, Delhi - Jaipur Expy, near Red Tape ShowRoom, Imt Manesar, Gurugram",28.3579843,76.93962719999999,4.8,79.0,Imt Manesar,hotel,,5.0,0.5994044881372247,0.6,0.4,0.4985722964920569,0.9997937083244324,0.5,0.9987531105677286,0.0003975405998062,Imt Manesar,Mid-Range,0.4079220425584051,4.8,0.5994044881372247,0.7693037448358332
ChIJqZyTlRMXDTkRfIdgQno3Zws,ChIJqZyTlRMXDTkRfIdgQno3Zws,Hotel Blu Plaza,"Santoshi Mata mandir ke samne, Hotel blu plaza, Hayatpur Rd, Sector 89, Gurugram",28.4250832,76.9346205,4.9,14.0,Sector 89,hotel,,5.0,0.9997508645057678,1.0,0.0,0.99966961145401,0.9997081160545348,0.9997081160545348,0.9997081160545348,0.99962717294693,Other,Mid-Range,0.2520918884069095,4.9,0.9997508645057678,0.8771804718651575
ChIJ31qkaK4XDTkRRv1q3L_F6vs,ChIJ31qkaK4XDTkRRv1q3L_F6vs,Hotel Sk Residency,"1st flore, Plot no.-01, Ghari harshu road, opp. santoshi mata mandir, Manesar, Gurugram",28.4245636,76.9348632,5.0,3.0,Manesar,hotel,,1.0,0.999805986881256,1.0,0.0,0.5,0.5,0.5,0.999805986881256,0.5,Manesar,Mid-Range,0.1290498836544179,5.0,0.999805986881256,0.8643210675586849
ChIJnQozcn8_DTkR60f2nzOlM_M,ChIJnQozcn8_DTkR60f2nzOlM_M,Hotel Rbs Inn,"Paramount Engineers, Opposite plot no 18, Sec 8 near maruti Gate no 1, Plot no. 21, Sector 8, Imt Manesar, Gurugram",28.3726113,76.8937698,3.9,371.0,Imt Manesar,hotel,,5.0,0.7997537241899408,0.8,0.2,0.5,0.7498461140348809,0.5,0.5,0.999596913655599,Imt Manesar,Budget,0.5509887255400446,3.9,0.7997537241899408,0.7440122789423419
ChIJ9ewU6Ls_DTkRzsiQ4T9QLWo,ChIJ9ewU6Ls_DTkRzsiQ4T9QLWo,The Grand Royal Pg&Hotel,"Puranmal Mandir Road, Gurugram",28.3595641,76.9019247,4.3,43.0,Puranmal Mandir Road,hotel,,5.0,0.8004636744502932,0.8,0.2,0.9997217059135436,0.99980828166008,0.5,0.501454139710404,0.9997217059135436,Other,Budget,0.3522695076021969,4.3,0.8004636744502932,0.7551459569691792
ChIJF1rwqbA_DTkRKDUXfcJj9g4,ChIJF1rwqbA_DTkRKDUXfcJj9g4,Hotel O By Oyo Chawla'S Hotel & Restaurant,"near Golden City, Sector 9, Imt Manesar, Gurugram",28.3853718,76.8937761,4.2,61.0,Imt Manesar,hotel,,5.0,0.7974977539852262,0.8,0.2,0.5006783721037209,0.9997668862342834,0.988153636455536,0.988153636455536,0.9939602613449096,Imt Manesar,Budget,0.3841941705554954,4.2,0.7974977539852262,0.747696475770374
ChIJmfR1D3gVDTkRA0J2rv-VB9M,ChIJmfR1D3gVDTkRA0J2rv-VB9M,Oyo Hotel Rajhans,"plot no 362/23, Shanti vihar colony, opp sunehri bagh farm sector 95, Wazirpur, Manesar, Gurugram",28.4179792,76.91496599999999,4.7,43.0,Manesar,hotel,,5.0,0.9998276591300964,1.0,0.0,0.9998559951782228,0.5,0.5,0.5,0.9998510777950288,Manesar,Budget,0.3522695076021969,4.7,0.9998276591300964,0.87192537265658
ChIJe2RlJx0VDTkRrx8Vc-9ASYc,ChIJe2RlJx0VDTkRrx8Vc-9ASYc,Oyo Hotel Kamal,"362/18, road, sector 95, Manesar, Meoka, Manesar",28.4171926,76.9081238,5.0,6.0,Meoka,hotel,,3.0,0.6679877531714736,0.6666666666666666,0.3333333333333333,0.5,0.5,0.9997711777687072,0.9998419284820556,0.5,Other,Budget,0.1811444130340956,5.0,0.6679877531714736,0.7695371284219374
ChIJs5LeHAAXDTkRhHmVT0FLf6Q,ChIJs5LeHAAXDTkRhHmVT0FLf6Q,Hotel Bul Plaza,"CWFM+RW7, Hayatpur, Sector 93, Gurugram",28.4245468,76.93481670000001,5.0,7.0,Sector 93,hotel,,3.0,0.9998524387677512,1.0,0.0,0.5,0.5,0.5,0.5,0.9998206496238708,Other,Mid-Range,0.1935748254816269,5.0,0.9998524387677512,0.8780600297873765
ChIJY-4p2XsVDTkRMuT0wXQAdrI,ChIJY-4p2XsVDTkRMuT0wXQAdrI,Hotel O Shri Ved Hotel,"Plot 14, chowkPataudi Road, Wazirpur, Manesar, Gurugram",28.419169,76.9057808,4.2,10.0,Manesar,hotel,,4.0,0.5000473506297567,0.5,0.5,0.5,0.5,0.5,0.0002213769184891,0.0002531742211431,Manesar,Mid-Range,0.223219623947779,4.2,0.5000473506297567,0.6185585840258384
ChIJE1CbrsI9DTkRU9JuSU8YpDs,ChIJE1CbrsI9DTkRU9JuSU8YpDs,Hotel O Jiyansh,"Red Tape Online outlet, Devinder Complex, NH-8, opp. power house, Power Supply Colony, Manesar, Gurugram",28.3579277,76.93897550000001,3.6,25.0,Manesar,hotel,,5.0,0.2791435785067733,0.2,0.8,0.6974161714315414,0.4998620719852624,0.5,0.0003918650909326,0.9995105266571044,Manesar,Mid-Range,0.3032955993753565,3.6,0.2791435785067733,0.4853519338173508
ChIJ7W5mGAIWDTkRI2I_wKlwLRk,ChIJ7W5mGAIWDTkRI2I_wKlwLRk,Red Roof,"Sector 92, Gurugram",28.4129826,76.9245506,4.4,66.0,Sector 92,hotel,,5.0,0.9998166561126708,1.0,0.0,0.5,0.5,0.99977046251297,0.5,0.5,Other,Mid-Range,0.3914140521329489,4.4,0.9998166561126708,0.8403673765727041
ChIJ-SQyPM4_DTkR7vUfVVwEFyI,ChIJ-SQyPM4_DTkR7vUfVVwEFyI,Pg Jmr Homes,"9VGW+65M, Jat Colony Rd, Sector 8, Imt Manesar, Gurugram",28.3750046,76.8953895,4.3,285.0,Imt Manesar,hotel,,5.0,0.8000302288564853,0.8,0.2,0.6668741262013403,0.5003802114806604,0.0008932221098802,0.0008932221098802,0.999764621257782,Imt Manesar,Budget,0.5265152233231355,4.3,0.8000302288564853,0.7920688877102432
ChIJa8gPi4Y9DTkRTPXvb9eCpQg,ChIJa8gPi4Y9DTkRTPXvb9eCpQg,Hotel Elite Oak,"VATIKA INDIA NEXT, Plot no. ;- 9, Street J-7.1, Homes Ave Rd, Gurugram",28.3938014,76.97004199999999,4.5,382.0,Homes Ave Rd,hotel,,5.0,0.7998626863904065,0.8,0.2,0.9998713731765748,0.9998713731765748,0.9997393290201824,0.0002240717149106,0.9997666478157043,Other,Mid-Range,0.5537014683563196,4.5,0.7998626863904065,0.824384710512567
ChIJh_S5sis9DTkR1oUaarU1OPk,ChIJh_S5sis9DTkR1oUaarU1OPk,Hotel Gurugram Manesar,"Sector 1, Imt Manesar, Gurugram",28.362017,76.9499352,4.8,547.0,Imt Manesar,hotel,,5.0,0.9998547315597536,1.0,0.0,0.99985671043396,0.9998499155044556,0.999835968017578,0.5,0.999850869178772,Imt Manesar,Mid-Range,0.5870499908951089,4.8,0.9998547315597536,0.9351641264973044
ChIJBXLyghI9DTkRRrOaOusMssk,ChIJBXLyghI9DTkRRrOaOusMssk,Hyatt Regency Gurugram,"Hyatt Regency, NH48, Sector 83, New Delhi, Gurugram",28.3923886,76.9763224,4.3,13868.0,New Delhi,hotel,,5.0,0.6006635991157964,0.6,0.4,0.7502005521964747,0.6006635991157964,0.0025157867930829,0.0019168176804668,0.6006635991157964,New Delhi,Luxury,0.8878358505139838,4.3,0.6006635991157964,0.8053135597969041
ChIJ2am72v89DTkROMLW-jN2w0w,ChIJ2am72v89DTkROMLW-jN2w0w,Hotel Ajay Residency,"Hotel Ajay Residency village, Jaipur - Delhi Expy, near Kherki Daula Toll Plaza, Kherki Daula, Sector 84, Gurugram",28.3989772,76.9846191,3.9,574.0,Sector 84,hotel,,5.0,0.7441998861177126,0.8,0.2,0.9995933175086976,0.9908667802810668,0.9908667802810668,0.9995933175086976,0.4955361539978184,Other,Mid-Range,0.5915271225654928,3.9,0.7441998861177126,0.734910551554244
ChIJpTcilaQ9DTkR5_-YMDv8bCY,ChIJpTcilaQ9DTkR5_-YMDv8bCY,"Fabhotel Sapphire 83 - Hotel In Manesar, Gurgaon","11th floor, sapphire mall, 9th to, 83, Sector 83, Gurugram",28.3921471,76.9674629,3.2,161.0,Sector 83,hotel,,5.0,0.0006260327238123,0.0,1.0,0.0003791769195231,0.5,0.5,0.5,0.5,Other,Mid-Range,0.4736033944565699,3.2,0.0006260327238123,0.3795427922524976
ChIJrVtbefw9DTkRPqlo2vY-j1s,ChIJrVtbefw9DTkRPqlo2vY-j1s,Ar Prime Hotel,"Palm Hills, NH-8, near chetak warehouse, socaity, Sector 77, Gurugram",28.3881421,76.97796009999999,4.6,53.0,Sector 77,hotel,,5.0,0.7028486142400652,0.8,0.2,0.5125768780708313,0.5,0.5,0.5,0.5125768780708313,Other,Mid-Range,0.3713337812992298,4.6,0.7028486142400652,0.7679378012549599
ChIJdz8Zakw8DTkR_K7vS9toFgA,ChIJdz8Zakw8DTkR_K7vS9toFgA,Istay Serenity Villa Manesar,"#236, NH-8, Sector 1, Imt Manesar, Gurugram",28.3640096,76.9484337,4.3,488.0,Imt Manesar,hotel,,5.0,0.9998290657997132,1.0,0.0,0.999861478805542,0.999861478805542,0.5,0.5,0.9998319745063782,Imt Manesar,Budget,0.5764458698130733,4.3,0.9998290657997132,0.8664332589665367
ChIJTSw1U9UXDTkRPNDA5dxjbTw,ChIJTSw1U9UXDTkRPNDA5dxjbTw,Ramada Encore By Wyndham Gurugram Dwarka Expressway,"Elan miracle mall, Dwarka Expy, Sector 84, Gurugram",28.415249,76.9646381,4.7,670.0,Sector 84,hotel,,5.0,0.5096039278025273,0.6,0.4,0.005838026292622,0.501428214549378,0.9997883439064026,0.5423067808151245,0.501428214549378,Other,Mid-Range,0.6059001056464804,4.7,0.5096039278025273,0.769469056309288
ChIJGT-mXoQ9DTkRq9y4I-4mxNQ,ChIJGT-mXoQ9DTkRq9y4I-4mxNQ,Iris Sarovar Portico,"Trehan, Iris Broadway, Sector 85, Gurugram",28.4040717,76.94820519999999,4.6,273.0,Sector 85,hotel,,5.0,0.8082439541816712,0.8,0.2,0.9997795224189758,0.5208905637264252,0.5,0.6804844737052917,0.9998099406560262,Other,Mid-Range,0.5225250490678999,4.6,0.8082439541816712,0.8337210666655359
ChIJwdd2QAA9DTkR6N23pH_BlSc,ChIJwdd2QAA9DTkR6N23pH_BlSc,Via Ar Suites,"2nd & 3rd Floor, JJ, H No: 65, near Sapphire 83 Mall, Sector 83, Gurugram",28.390967,76.9684025,4.3,128.0,Sector 83,hotel,,5.0,0.5999788686400279,0.6,0.4,0.499960917237331,0.7499165054105106,0.999787449836731,0.5,0.999787449836731,Other,Mid-Range,0.4523990307935275,4.3,0.5999788686400279,0.7124798024316243
ChIJda6QOks8DTkRSYPBnAZZFs8,ChIJda6QOks8DTkRSYPBnAZZFs8,"Savoy Suites, Manesar","R 75, Sector 1 Main Rd, Sector 1, Imt Manesar, Gurugram",28.3668311,76.944118,4.5,4546.0,Imt Manesar,hotel,,5.0,0.999876880645752,1.0,0.0,0.9998584985733032,0.9998730023701986,0.5,0.5,0.9998695850372314,Imt Manesar,Mid-Range,0.7840231647661507,4.5,0.999876880645752,0.9371860911265198
ChIJyRKgd5E9DTkRQ-_q9wDDy3I,ChIJyRKgd5E9DTkRQ-_q9wDDy3I,"Ar Suites, Klj Square, Gurugram","NH-8, Sector 83, Gurugram",28.3904887,76.97506829999999,4.8,553.0,Sector 83,hotel,,5.0,0.9998594403266908,1.0,0.0,0.9998512268066406,0.9998614937067032,0.5,0.5,0.9998532384634018,Other,Mid-Range,0.5880636830925053,4.8,0.9998594403266908,0.9353812362077212
ChIJ1Qnx2DA9DTkRdqk9S2x5zI0,ChIJ1Qnx2DA9DTkRdqk9S2x5zI0,"Treebo Sai Village, Manesar","Plot No. 122, behind Ompee Global School, Sector 1, Imt Manesar, Manesar, Gurugram",28.3673799,76.9485418,4.1,318.0,Manesar,hotel,,5.0,0.9981373190879822,1.0,0.0,0.9996953010559082,0.9977142363786696,0.5,0.5,0.9957135021686554,Manesar,Mid-Range,0.5366805650560723,4.1,0.9981373190879822,0.8308487385045856
ChIJG8FI6_UXDTkRHGRJJxf6O_w,ChIJG8FI6_UXDTkRHGRJJxf6O_w,"Aapnoghar (Resort, Water Park, Amusement Park)","43rd Mile Stone, Jaipur - Delhi Expy, NH8, Sector 77, Gurugram",28.3867191,76.97476569999999,4.3,9893.0,Sector 77,hotel,,5.0,0.9998565554618836,1.0,0.0,0.9998309910297394,0.9998488624890646,0.9998506307601928,0.9998555183410645,0.9998565554618836,Other,Luxury,0.8563968492438796,4.3,0.9998565554618836,0.925986244522608
ChIJnWzx20U9DTkRPxUI9pMRna4,ChIJnWzx20U9DTkRPxUI9pMRna4,Fabhotel Sky,"Sleepwell Gallery, Block J-1, VATIKA INDIA NEXT, Plot No. J-12, Sector 83, Gurugram",28.391523,76.970306,3.5,150.0,Sector 83,hotel,,5.0,0.0009720872621982,0.0,1.0,0.0004490873155493,0.0005350130668374,0.5,0.5,0.0012784638092852,Other,Mid-Range,0.4670576447267444,3.5,0.0009720872621982,0.4181412895913189
ChIJSbvehE48DTkRMs0PN6iblgk,ChIJSbvehE48DTkRMs0PN6iblgk,Collection O By Oyo Sakshi,"plot no 394, Sector 1 IMT manesar, Manesar, Gurugram, Manesar",28.3620315,76.9492375,3.9,436.0,Gurugram,hotel,,5.0,0.0009889111533993,0.0,1.0,0.5,0.5,0.5,0.0005689247627742,0.0005689247627742,Gurugram,Budget,0.5659798477575022,3.9,0.0009889111533993,0.4923607169656244
ChIJD0MQIp89DTkRP3c_QnFrdws,ChIJD0MQIp89DTkRP3c_QnFrdws,The Tomo Inn,"Plot 414, Sector 1, Imt Manesar, Gurugram",28.3611227,76.9511957,4.9,12.0,Imt Manesar,hotel,,5.0,0.999652373790741,1.0,0.0,0.999866247177124,0.5,0.5,0.5,0.999866247177124,Imt Manesar,Budget,0.2387706575481475,4.9,0.999652373790741,0.8743156879417996
ChIJuWuDHAA9DTkRJKgWuC2hdIE,ChIJuWuDHAA9DTkRJKgWuC2hdIE,Raj Residency New,"Plot no.293, near suraj school, Sector 1, Imt Manesar, Gurugram, Manesar",28.3627762,76.9474894,4.2,57.0,Gurugram,hotel,,5.0,0.799937090696767,0.8,0.2,0.0012014976236969,0.999756932258606,0.9997946918010712,0.5,0.999670386314392,Gurugram,Mid-Range,0.3779858829355023,4.2,0.799937090696767,0.7471542557389292
ChIJP-R4HAg9DTkR4EwItRUAaa8,ChIJP-R4HAg9DTkR4EwItRUAaa8,Raj Residency Guest House,"Plot number 8 , sector 1, IMT Manesar, Manesar, Gurugram",28.368444,76.948632,4.5,30.0,Manesar,hotel,,5.0,0.9991094470024108,1.0,0.0,0.997539758682251,0.999848484992981,0.998436152935028,0.5,0.997539758682251,Manesar,Mid-Range,0.3196692287282864,4.5,0.9991094470024108,0.8381754175643532
ChIJ7YAuUx89DTkRFRi0TeqfJ7I,ChIJ7YAuUx89DTkRFRi0TeqfJ7I,Hotel The Orange Inn,"Plot no. 294, Sector 1, Imt Manesar, Manesar, Gurugram",28.3627427,76.94762949999999,4.6,24.0,Manesar,hotel,,5.0,0.7999556710361503,0.8,0.2,0.5,0.9998531341552734,0.5,0.5,0.6667285445728339,Manesar,Budget,0.2996445504991384,4.6,0.7999556710361503,0.7836711494722282
ChIJ9YQiGwA9DTkRPjg7rABv8os,ChIJ9YQiGwA9DTkRPjg7rABv8os,"Lemon Tree Suites, Gurugram","Khasra No 614, Vatika Flyover, Sector 82A, Gurugram",28.3866297,76.9696587,4.5,84.0,Sector 82A,hotel,,5.0,0.999768078327179,1.0,0.0,0.9997909863789876,0.5,0.9996991157531738,0.5,0.999741718173027,Other,Mid-Range,0.4135655773021257,4.5,0.999768078327179,0.858356846911436
ChIJeeN3K_M9DTkRbW1ccwdONBI,ChIJeeN3K_M9DTkRbW1ccwdONBI,Hotel O By Oyo Naveen Stay,"Plot No. 401, Sector 1, HR, near Huda market, Manesar",28.3660741,76.9516264,3.1,37.0,near Huda market,hotel,,5.0,0.1981851724383885,0.2,0.8,0.0002214594569522,0.2476495555674772,0.5,0.329628644598415,0.2476761006837476,Other,Budget,0.3386222175183568,3.1,0.1981851724383885,0.4005693098492955
ChIJ_-A3ZQA9DTkRohlfyHDiSeU,ChIJ_-A3ZQA9DTkRohlfyHDiSeU,Suisen Residency,"Plot No- 54, Sector 1 Main Rd, Sector 1, Imt Manesar, Gurugram",28.3653546,76.9476042,4.2,6.0,Imt Manesar,hotel,,2.0,0.9998751282691956,1.0,0.0,0.5,0.5,0.5,0.5,0.9998795986175536,Imt Manesar,Mid-Range,0.1811444130340956,4.2,0.9998751282691956,0.7690758059691813
ChIJE-nHCOw9DTkRWoaV4qW-0B8,ChIJE-nHCOw9DTkRWoaV4qW-0B8,Hotel O Naveen Stay,"Plot no. 425, Sector 1, IMT manesar, Manesar",28.36114,76.94883,2.7,7.0,IMT manesar,hotel,,3.0,0.3338154239657645,0.3333333333333333,0.6666666666666666,0.9998763799667358,0.5,0.5,0.0004467340186238,0.9998763799667358,Other,Budget,0.1935748254816269,2.7,0.3338154239657645,0.3598164908449873
ChIJPw7BCdE9DTkRhBDLdYRoU2s,ChIJPw7BCdE9DTkRhBDLdYRoU2s,Hotel O Naveen Residancy,"plot no.361, Sector 1, Imt Manesar, Manesar, Gurugram",28.3660742,76.9516187,2.5,27.0,Manesar,hotel,,5.0,0.4003113217360806,0.4,0.6,0.5000685093982611,0.9998751878738404,0.5,0.0010728596244007,0.5004740237491205,Manesar,Mid-Range,0.3101942966885136,2.5,0.4003113217360806,0.3792490253171337
ChIJ____v1M8DTkRORbMFsPZdfY,ChIJ____v1M8DTkRORbMFsPZdfY,Karma Chalets,"Karma Lakelands, NH-8, Sector 80, Gurugram",28.3625847,76.957482,4.5,1158.0,Sector 80,hotel,,5.0,0.7711272144224495,0.8,0.2,0.0033609389793127,0.7139756709220819,0.9263269007205964,0.6186715801401684,0.750696706760209,Other,Mid-Range,0.6567777573898492,4.5,0.7711272144224495,0.8371406939070694
ChIJSfTjlIYXDTkRJjVdzF94PSM,ChIJSfTjlIYXDTkRJjVdzF94PSM,Hotel O Dwarka Palace,"Amira Food India Limited, 57/1, Pataudi Rd, Harsaru, Sector 88A, Gurugram",28.4282047,76.95477679999999,4.0,335.0,Sector 88A,hotel,,5.0,0.5191261721774936,0.6,0.4,0.52905468052874,0.0099661145359277,0.9985007047653198,0.994566798210144,0.4002660156693309,Other,Luxury,0.5415137935002718,4.0,0.5191261721774936,0.6657582753254885
ChIJ3SD_AlkVDTkR5vw23z7SA68,ChIJ3SD_AlkVDTkR5vw23z7SA68,"Sunahari Bagh Farm - A Luxury Farmhouse With Private Pool Near Delhi Ncr, Farmhouse For Weddings And Events","AWHO Group, Luxury Flats, Pataudi Rd, near Shanti Vihar, Housing Colony, Sunhari Bagh, Sector 95, Gurugram",28.4179267,76.9163197,4.2,155.0,Sector 95,hotel,,5.0,0.7999441626830958,0.8,0.2,0.5001913614978548,0.0008904353599064,0.5,0.9996973276138306,0.999640852212906,Other,Luxury,0.4700901543599057,4.2,0.7999441626830958,0.7667466437048579
ChIJAd3619A9DTkR4UZYACYhK9E,ChIJAd3619A9DTkR4UZYACYhK9E,Hotel Sai Village 281,"SAI VILLAGE 281, Sector 1 Main Rd, Sector 1, Imt Manesar, Gurugram",28.3629834,76.9500319,4.8,17.0,Imt Manesar,hotel,,5.0,0.9996964335441588,1.0,0.0,0.9998259345690408,0.9998684525489806,0.9998611211776732,0.5,0.999830941359202,Imt Manesar,Mid-Range,0.2690641681418895,4.8,0.9996964335441588,0.8674795808343588
ChIJSbtGxVI8DTkR1n3vqBK1m5I,ChIJSbtGxVI8DTkR1n3vqBK1m5I,Karma Lakelands,"NH-8, Sector 80, Gurugram",28.3627642,76.95748139999999,4.4,10592.0,Sector 80,hotel,,5.0,0.7999875441426412,0.8,0.2,0.5,0.5005291738198139,0.5,0.0012037829728797,0.5003057160065509,Other,Mid-Range,0.8627516153900433,4.4,0.7999875441426412,0.8768645656381276
ChIJn31IGhI9DTkRkFdkJCaQLms,ChIJn31IGhI9DTkRkFdkJCaQLms,Airport Motel,"43rd Mile Stone, Sector 77, Gurugram",28.3866745,76.9745161,4.0,46.0,Sector 77,hotel,,5.0,0.7955571169964969,0.8,0.2,0.999805986881256,0.9989249110221864,0.5,0.0007770634256303,0.4998509872239083,Other,Mid-Range,0.358409522528563,4.0,0.7955571169964969,0.7150061665378941
ChIJD30e-Uw8DTkRO7PU1hnBmnw,ChIJD30e-Uw8DTkRO7PU1hnBmnw,Fabhotel Next Home Prime,"H No: 16, 1, Sector 1, Imt Manesar, Gurugram",28.36835,76.94986,4.7,25.0,Imt Manesar,hotel,,5.0,0.8013367552310229,0.8,0.2,0.9998703400293986,0.5035554217174649,0.0072501990944147,0.9998606443405152,0.9998836517333984,Imt Manesar,Mid-Range,0.3032955993753565,4.7,0.8013367552310229,0.7981817815071953
ChIJmaiOGEo8DTkRRhZyisMfsrA,ChIJmaiOGEo8DTkRRhZyisMfsrA,Fabexpress Next Home,"441, opposite Baal Bharti School, Sector 1, Imt Manesar, Gurugram",28.363405,76.94484820000001,4.8,215.0,Imt Manesar,hotel,,5.0,0.9855993032455443,1.0,0.0,0.99982750415802,0.9996654987335204,0.976150115331014,0.9643653333187104,0.964311420917511,Imt Manesar,Mid-Range,0.5003836649536477,4.8,0.9855993032455443,0.9121825287537602
ChIJP-7LeaE9DTkRHg0KCwS-sEQ,ChIJP-7LeaE9DTkRHg0KCwS-sEQ,Hotel O Ar Suites,"Block-J-1, Plot no.- 65, vatika service road, Sector 83, Gurugram",28.3910095,76.9684843,4.2,29.0,Sector 83,hotel,,5.0,0.7991880717920139,0.8,0.2,0.9988368153572084,0.9979907274246216,0.666362971571895,0.4996418811497279,0.7490338016359601,Other,Mid-Range,0.3166168302341184,4.2,0.7991880717920139,0.7338623869223604
ChIJazcHbn09DTkRy0dvrTlBckw,ChIJazcHbn09DTkRy0dvrTlBckw,Rao Residency,"Plot No 437, Sector 1, Imt Manesar, Gurugram",28.3628013,76.9449579,3.9,97.0,Imt Manesar,hotel,,5.0,0.6000869306881214,0.6,0.4,0.9998687505722046,0.500038234902604,0.9998103082180024,0.5,0.5003031588857993,Imt Manesar,Mid-Range,0.4268137678954004,3.9,0.6000869306881214,0.6538986303890939
ChIJ9WJgCpwiDTkR9v_-VgD8zc4,ChIJ9WJgCpwiDTkR9v_-VgD8zc4,Radisson Hotel Gurugram Sohna Road City Center,"Main, Badshahpur Sohna Rd, Block S, Sector 49, Gurugram",28.4159538,77.0417895,4.4,6984.0,Sector 49,hotel,,5.0,0.999832570552826,1.0,0.0,0.5,0.999832570552826,0.9998060166835784,0.5,0.9998233467340468,Other,Luxury,0.8239863720600283,4.4,0.999832570552826,0.9323784878395264
ChIJWdjKacEZDTkRJ9Sdiz-wiEo,ChIJWdjKacEZDTkRJ9Sdiz-wiEo,The Palms Inn,"1043, Main Gate, opp. Power House, Islampur Village, Sector 38, Gurugram",28.4356951,77.0415321,4.7,611.0,Sector 38,hotel,,5.0,0.4001097119005862,0.4,0.6,0.9998761415481568,0.0004618895472958,0.9998761415481568,0.0004618895472958,0.4001097119005862,Sector 38,Budget,0.5973324120216549,4.7,0.4001097119005862,0.7327134166521019
ChIJMzJPXKkjDTkRj4J1rgUw_A4,ChIJMzJPXKkjDTkRj4J1rgUw_A4,"Townhouse Cloud Bay, Near Genpact, Sector-69, Gurgaon","92VQ+RF5 TULIP WHITE, Avenue 69, Society, Genpact 69, Sector 69, Gurugram",28.3963436,77.038989,4.3,604.0,Sector 69,hotel,,5.0,0.6001764856511727,0.6,0.4,0.9998812079429626,0.9997283816337584,0.5004098763747605,0.0006958153680898,0.9998302658398946,Other,Mid-Range,0.5962615231451273,4.3,0.6001764856511727,0.7431417048940948
ChIJxfD7FZwiDTkRP3SrCV-mTAE,ChIJxfD7FZwiDTkRP3SrCV-mTAE,Alivaa Hotel Gurugram Sohna Road City Center,"Spaze Boulevard II, Badshahpur Sohna Rd, Malibu Towne, Sector 47, Gurugram",28.4189876,77.0407283,4.3,238.0,Sector 47,hotel,,5.0,0.9989572525024414,1.0,0.0,0.9954948425292968,0.9989572525024414,0.9976443946361542,0.5,0.9989572525024414,Other,Mid-Range,0.509802971169484,4.3,0.9989572525024414,0.8519804920460823
ChIJ0cKCfqgXDTkRtG8R8lMZzME,ChIJ0cKCfqgXDTkRtG8R8lMZzME,The Grand Heritage Hotel,"The Grand Heritage Hotel, 37th milestone, opposite Nissan Service Centre, Khandsha, Gurugram",28.4302079,77.004914,4.7,138.0,Khandsha,hotel,,5.0,0.4038187420519533,0.4,0.6,0.5094029000028967,0.5094029000028967,0.5,0.5,0.9998539090156554,Other,Mid-Range,0.4593492585888129,4.7,0.4038187420519533,0.7045484084031263
ChIJ09kc2dgZDTkRR7K_tp-Fgco,ChIJ09kc2dgZDTkRR7K_tp-Fgco,Fabhotel Gazelle Inn - Hotel Near Medanta Hospital,"Plot No 27, near Medicity, Medicity, The Medanta, Sector 38, Gurugram",28.4377247,77.0431201,3.1,73.0,Sector 38,hotel,,5.0,0.199012345355004,0.2,0.8,0.0006184123340062,0.0004097549244761,0.5,0.0004505427205003,0.0006153365247882,Sector 38,Budget,0.400664617195975,3.1,0.199012345355004,0.4140293307698083
ChIJn90fB-IjDTkRa2h_IqLdOBk,ChIJn90fB-IjDTkRa2h_IqLdOBk,Gilmore Stays | Homestay |,"Tulip Purple, Sector 69, Gurugram",28.3963805,77.0329319,4.7,101.0,Sector 69,hotel,,5.0,0.9997708916664124,1.0,0.0,0.9997708916664124,0.5,0.9996234178543092,0.9996234178543092,0.9997915824254354,Other,Budget,0.4305378570371057,4.7,0.9997708916664124,0.8885545596265442
ChIJI7P9KOMXDTkRmTNCIVrNgU0,ChIJI7P9KOMXDTkRmTNCIVrNgU0,"Holiday Inn Gurgaon Nh8, An Ihg Hotel","39 Milestone, NH8, Jaipur - Delhi Expy, Sector 36, Gurugram",28.4218386,76.9983531,4.5,713.0,Sector 36,hotel,,5.0,0.8009344629012048,0.8,0.2,0.7513093863381073,0.6684591656861206,0.5,0.5,0.7513093863381073,Other,Budget,0.6116822700712014,4.5,0.8009344629012048,0.8370588882474472
ChIJtQuDZvIZDTkRoGzaPPVdMss,ChIJtQuDZvIZDTkRoGzaPPVdMss,A1 Guest House In Gurgaon,"Guru Haridas Rd, behind Medanta, Medicity, Islampur Village, Sector 38, Gurugram",28.4382786,77.03731119999999,4.7,158.0,Sector 38,hotel,,5.0,0.7993833578657358,0.8,0.2,0.9971591234207152,0.9971747398376464,0.9971747398376464,0.4988008531508967,0.9980473319689432,Sector 38,Mid-Range,0.471863347278911,4.7,0.7993833578657358,0.8334121064874994
ChIJFXWsgMwZDTkRvXpQTNJyZlM,ChIJFXWsgMwZDTkRvXpQTNJyZlM,The Lodgers Hotel - Hotel Near Medanta Medicity Sector 38,"25, near Medanta Hospital, Medicity, Sector 38, Gurugram",28.437563,77.0434648,4.9,204.0,Sector 38,hotel,,5.0,0.9997592091560364,1.0,0.0,0.9997604489326476,0.999829391638438,0.9997292011976242,0.9994255304336548,0.999719818433126,Sector 38,Mid-Range,0.4955180066837979,4.9,0.9997592091560364,0.9289586885726456
ChIJxaP-LEYjDTkRKwrd-f1rgd0,ChIJxaP-LEYjDTkRKwrd-f1rgd0,Hotel Rr Galaxy Gurugram,"60 Meter Rd, near Tulip Violet Society, Tulip Violet Society, Sector 69, Gurugram",28.3930624,77.03149379999999,4.4,258.0,Sector 69,hotel,,5.0,0.2016992767748888,0.2,0.8,0.5001839211327024,0.3335200797979875,0.000825009890832,0.0012835432280553,0.5025521437637508,Other,Mid-Range,0.5172840884028617,4.4,0.2016992767748888,0.6125057807105851
ChIJw7qPDAoZDTkRV-2mY2VsxR4,ChIJw7qPDAoZDTkRV-2mY2VsxR4,"The Sandalwood | Sec-38, Near Medanta Medicity | Gurugram","Plot no 644, Islampur Colony, Sector 38, Gurugram",28.4304338,77.04270939999999,4.5,274.0,Sector 38,hotel,,5.0,0.4002170801220927,0.4,0.6,0.3336309610458556,0.0002150158106815,0.9995275735855104,0.0005618731277839,0.3336309610458556,Sector 38,Mid-Range,0.5228641744469175,4.5,0.4002170801220927,0.6903217452637479
ChIJtTHggW4YDTkRq1i72xHmz6E,ChIJtTHggW4YDTkRq1i72xHmz6E,"Hotel Dream Connect – Comfy Rooms, Gurgaon","1199 T, Guru Haridas Rd, Islampur Village, Sector 38, Gurugram",28.4374502,77.03919379999999,4.7,515.0,Sector 38,hotel,,5.0,0.9997987508773803,1.0,0.0,0.999821037054062,0.5,0.5,0.5,0.999821037054062,Sector 38,Mid-Range,0.5814489144479454,4.7,0.9997987508773803,0.9206614976911144
ChIJm3CI3S0ZDTkRAUh7BLkoMAg,ChIJm3CI3S0ZDTkRAUh7BLkoMAg,"Hotel Maharaja Palace Near Medanta Hospital, Hotel In Sector 38 Gurgaon","Plot no 770, 770, Islampur Village, Sector 38, Gurugram",28.429952,77.040018,4.5,809.0,Sector 38,hotel,,5.0,0.7997789368964732,0.8,0.2,0.5001171792391687,0.5001171792391687,0.6663977679175636,0.998952865600586,0.6667008774044613,Sector 38,Luxury,0.6234256697061392,4.5,0.7997789368964732,0.8391879902152475
ChIJ2bwVBgAZDTkRah_u1EhEw20,ChIJ2bwVBgAZDTkRah_u1EhEw20,Hotel Radiance Inn,"Huda Market, 1032-D, near Sector 38, Islampur Colony, Sector 38, Gurugram",28.4352472,77.04086509999999,4.9,40.0,Sector 38,hotel,,5.0,0.99953111410141,1.0,0.0,0.999786138534546,0.9996500015258788,0.5,0.5,0.999183475971222,Sector 38,Budget,0.3456957314342286,4.9,0.99953111410141,0.8970194454029011
ChIJ2TtPSgAZDTkR0nVA4pUDCkw,ChIJ2TtPSgAZDTkR0nVA4pUDCkw,Oasis Stay,"Plot No. 27, Medicity, Islampur Colony, Sector 38, Gurugram",28.437713,77.04314,3.8,26.0,Sector 38,hotel,,5.0,0.0090007021353812,0.0,1.0,0.0111677765271451,0.0399599932134151,0.0141886983231718,0.0023992529604583,0.0399599932134151,Sector 38,Budget,0.3068088394720208,3.8,0.0090007021353812,0.4264989576586627
ChIJ02Bkw2gYDTkRTp9KZwPMeG8,ChIJ02Bkw2gYDTkRTp9KZwPMeG8,Gazebo Inn & Suites,"GH-7, CH Baktawar Singh Rd, opposite Medanta Hospital, Janak Puri C Block, Sector 39, Gurugram",28.4413089,77.0428609,4.4,1616.0,Sector 39,hotel,,5.0,0.9996829152107238,1.0,0.0,0.9995406866073608,0.99956742922465,0.99977844953537,0.5,0.9996978789567948,Other,Budget,0.6877780631733106,4.4,0.9996829152107238,0.9033598948882552
ChIJZyIlaxwZDTkRlnVSGo9liHo,ChIJZyIlaxwZDTkRlnVSGo9liHo,Paras Inn,"35 Milestone, NH-8, near Hero Honda Chowk Flyover, Naharpur Rupa Chowk, Sector 33, Gurugram",28.4444907,77.0179701,4.4,516.0,Sector 33,hotel,,5.0,0.8000178030692041,0.8,0.2,0.9997439682483672,0.5004855224397033,0.5,0.5,0.7500688199652359,Other,Budget,0.581629146476342,4.4,0.8000178030692041,0.8170808342193682
ChIJgz8jSOYZDTkRkPmx_o9V6-M,ChIJgz8jSOYZDTkRkPmx_o9V6-M,Gill Comfort Inn,"Medanta hospital, 1013/AP, Islampur Village, Sector 38, Gurugram",28.433946,77.04164910000001,4.9,70.0,Sector 38,hotel,,5.0,0.9997604608535766,1.0,0.0,0.999643087387085,0.9997729063034058,0.9997841318448384,0.999800145626068,0.9997489303350447,Sector 38,Budget,0.3968120751380856,4.9,0.9997604608535766,0.907964815136771
ChIJcZ7kEYMZDTkRGUFb1yxSQfg,ChIJcZ7kEYMZDTkRGUFb1yxSQfg,Windchime 331 - Guest House Near Medanta Gurugram | Hotel Near Medanta Gurugram,"C 331, Medicity, Islampur Colony, Sector 38, Gurugram",28.4345798,77.043086,4.7,416.0,Sector 38,hotel,,5.0,0.7999036711466033,0.8,0.2,0.99978240331014,0.7499485962107428,0.999763548374176,0.5,0.7999036711466033,Sector 38,Mid-Range,0.5616188717461532,4.7,0.7999036711466033,0.8526686732704167
ChIJF8BDSvUjDTkRmTGzo9MYiVg,ChIJF8BDSvUjDTkRmTGzo9MYiVg,Amahi Inn Sector 48,"D-129, Vipul World Rd, near Vega School, Aaron Ville Dhani, Vipul World, Sector 48, Gurugram",28.4109615,77.03703569999999,4.5,154.0,Sector 48,hotel,,5.0,0.8810431003570557,0.8,0.2,0.8018290996551514,0.998597780863444,0.5,0.7028487026691437,0.8810431003570557,Other,Budget,0.4694915039778556,4.5,0.8810431003570557,0.8323736799447184
ChIJiz6C02gYDTkRQyDPMavhpE8,ChIJiz6C02gYDTkRQyDPMavhpE8,Royal Residency 2,"plot no.5, Janak Puri C Block, Sector 39, Gurugram",28.4404289,77.0423793,4.2,102.0,Sector 39,hotel,,5.0,0.3969419589382596,0.4,0.6,0.0024548594374209,0.5,0.5,0.3279407067263188,0.5,Other,Mid-Range,0.4314460575440993,4.2,0.3969419589382596,0.6299523113527844
ChIJ4bbuL5sZDTkRKr-J97a4G0s,ChIJ4bbuL5sZDTkRKr-J97a4G0s,The Leaf Studio Hospitalities,"Plot No 1044, Islampur Village, Sector 38, Gurugram",28.4358741,77.0415096,4.7,349.0,Sector 38,hotel,,5.0,0.799740625868435,0.8,0.2,0.5000018215432647,0.5,0.9989927411079408,0.5000324881330016,0.999853014945984,Sector 38,Mid-Range,0.545313905360443,4.7,0.799740625868435,0.8491486676120759
ChIJrdHmZoQZDTkRmwGZkcfPj4Y,ChIJrdHmZoQZDTkRmwGZkcfPj4Y,The Angel Hotel & Suites Near Medanta,"996, near Medanta Hospital, Islampur Village, Sector 38, Gurugram",28.4336379,77.0417068,4.7,694.0,Sector 38,hotel,,5.0,0.9998225688934326,1.0,0.0,0.9998336583375932,0.9998225688934326,0.9997647404670716,0.9997714757919312,0.9998225688934326,Sector 38,Mid-Range,0.6091715338383822,4.7,0.9998225688934326,0.9265655633074976
ChIJU6eIyfUXDTkRunuHeTS9MaA,ChIJU6eIyfUXDTkRunuHeTS9MaA,Oyo 24638 Hotel Pace,"598/01, Opposite Orient Craft Near Hero Honda, Chowk, Khandsa Rd, Gurugram",28.4378806,77.0064165,3.5,635.0,Khandsa Rd,hotel,,5.0,0.2004871281562372,0.2,0.8,0.4999429375748149,0.4995472714945207,0.9987151622772216,0.4995472714945207,0.0008499218771854,Other,Budget,0.600913230933329,3.5,0.2004871281562372,0.5102655453101889
ChIJz1izm5IjDTkRNiCBlzrxrNk,ChIJz1izm5IjDTkRNiCBlzrxrNk,Super Hotel O Coco Tree,"plot No 59, Sector 69, Gurugram",28.3956761,77.04106349999999,4.2,49.0,Sector 69,hotel,,5.0,0.0030195712170097,0.0,1.0,0.0050678229890763,0.0033267742328461,0.0050678229890763,0.0046339516993611,0.0034292910713702,Other,Mid-Range,0.3641694923263474,4.2,0.0030195712170097,0.4899648411063066
ChIJF40SMosZDTkRch0ZBwZJygY,ChIJF40SMosZDTkRch0ZBwZJygY,Touchwood Inn,"Plot no. 1050, Sector 38, Gurugram",28.4361559,77.04093069999999,4.8,161.0,Sector 38,hotel,,5.0,0.8000193013809621,0.8,0.2,0.5,0.999847173690796,0.5002617572899908,0.5003476475831121,0.9998120963573456,Sector 38,Budget,0.4736033944565699,4.8,0.8000193013809621,0.8472785460207451
ChIJHY9kQ3oZDTkRFwMKA9zUHhA,ChIJHY9kQ3oZDTkRFwMKA9zUHhA,Hotel Shree Kanta,"Plot No. 41, 27, Khandsa Rd, near Sector 10A, Hari Nagar, Sector 10A, Gurugram",28.4439158,77.0114828,4.2,823.0,Sector 10A,hotel,,5.0,0.600086735287914,0.6,0.4,0.0004122222453588,0.999874234199524,0.5,0.0004122222453588,0.3335617360135074,Other,Mid-Range,0.6250208830257262,4.2,0.600086735287914,0.7359366002287179
ChIJE3DvtxIjDTkRjoZAKwZ_L-A,ChIJE3DvtxIjDTkRjoZAKwZ_L-A,"Holiday Inn Express Gurugram Sector 50, An Ihg Hotel","Good Earth City Centre, opposite Malibu Commercial Complex, Pocket H, Nirvana, Sector 50, Gurugram, Fatehpur",28.4212557,77.05296799999999,4.2,6252.0,Gurugram,hotel,,5.0,0.599980581185082,0.6,0.4,0.0003210315626347,0.5000116382798296,0.3334994719771202,0.0002503609284758,0.9997536142667136,Gurugram,Budget,0.813680990465061,4.2,0.599980581185082,0.7760298221272282
ChIJS0aYLBwjDTkRg1kvuwxqGGk,ChIJS0aYLBwjDTkRg1kvuwxqGGk,"Clay Inn Hotel, Gurugram","S-20 & 21, Sai Dham Rd, near Sai Dham, Block S, Uppal Southend, Sector 49, Gurugram",28.4077053,77.04926309999999,4.4,1078.0,Sector 49,hotel,,5.0,0.8010080659762024,0.8,0.2,0.0078319134190678,0.8010080659762024,0.9976194500923156,0.5,0.8010080659762024,Other,Budget,0.6501197060019712,4.4,0.8010080659762024,0.8319643801317664
ChIJS49M_lcZDTkRKyK8H7uO5Gc,ChIJS49M_lcZDTkRKyK8H7uO5Gc,Flora Residency,"Plot No. 682P, Captain Ganpat Ram Yadav Marg, Sector 45, Gurugram",28.4446517,77.07425429999999,4.8,2109.0,Sector 45,hotel,,5.0,0.999839961528778,1.0,0.0,0.9998511473337808,0.9998338520526886,0.9998305837313334,0.9998338520526886,0.9998492002487184,Other,Mid-Range,0.7125506930702198,4.8,0.999839961528778,0.9618528047288208
ChIJ86e0i6sjDTkRzMsqrb9fdGU,ChIJ86e0i6sjDTkRzMsqrb9fdGU,Saltstayz Premier - Golf Course Extension Road,"Senate Court, Sector 62, Gurugram",28.411193,77.0755358,4.5,1776.0,Sector 62,hotel,,5.0,0.2005224860215094,0.2,0.8,0.0007715457565306,0.2503087193399551,0.5006235688924789,0.0005619033472612,0.2505126316900714,Other,Budget,0.6965614565194599,4.5,0.2005224860215094,0.6635552074314351
ChIJaUH1g7YZDTkRwGo7eJ6sXow,ChIJaUH1g7YZDTkRwGo7eJ6sXow,Hotel Mavens White - Near Artemis Hospital,"261 SP, Artemis Hospital Rd, Koyal Vihar, Sector 52, Gurugram, Bindapur",28.4344914,77.0707386,4.6,1890.0,Gurugram,hotel,,5.0,0.7999318858957849,0.8,0.2,0.9998553991317748,0.7999318858957849,0.5,0.5,0.7499663706839782,Gurugram,Mid-Range,0.7023497104269879,4.6,0.7999318858957849,0.8693169948415622
ChIJUx74utsZDTkRjuDrM8CnZM0,ChIJUx74utsZDTkRjuDrM8CnZM0,Wandr Hotel Medicity,"421, Sector 39, Gurugram",28.4377766,77.0465655,4.5,177.0,Sector 39,hotel,,5.0,0.999687886238098,1.0,0.0,0.999596099058787,0.5,0.9997919201850892,0.9995981256167094,0.9994841814041138,Other,Mid-Range,0.4823712647488281,4.5,0.999687886238098,0.872965898127104
ChIJBevGfo4ZDTkRVZgGThgWOhM,ChIJBevGfo4ZDTkRVZgGThgWOhM,"Lime Tree Hotel Pulkit Gurgaon Artemis Hospital, Nearest Millennium City Centre Metro Station","PLOT NO - 437, Koyal Vihar, Sector 52, Gurugram, Bindapur",28.4343039,77.0724741,4.7,1101.0,Gurugram,hotel,,5.0,0.7999264144338667,0.8,0.2,0.5000838099513202,0.7499397277133539,0.9998542666435242,0.5,0.9998348206281662,Gurugram,Mid-Range,0.6520831586266501,4.7,0.7999264144338667,0.871917244294549
ChIJ6yMHonsZDTkRMN0eS43o7Tw,ChIJ6yMHonsZDTkRMN0eS43o7Tw,Saltstayz Select,"2412, Premium, Main road, near Golf Course Road, Block G, Sushant Lok 2, Sector 57, Gurugram",28.4286046,77.0908536,4.7,2705.0,Sector 57,hotel,,5.0,0.4019366445718333,0.4,0.6,0.5001304856268689,0.25251277568168,0.9996321201324464,0.5,0.3338981306102747,Sector 57,Budget,0.7357099103665569,4.7,0.4019366445718333,0.7627285088038165
ChIJWUsSGaMZDTkRl5tZNykJQlM,ChIJWUsSGaMZDTkRl5tZNykJQlM,Akshay Hotel,"Plot No 418, near Medanta Hospital, Jharsa, Sector 39, Gurugram",28.4382016,77.0468667,4.4,338.0,Sector 39,hotel,,5.0,0.2001769560592947,0.2,0.8,0.0003225218097213,0.999672532081604,0.5,0.0002427000581519,0.0003225218097213,Other,Mid-Range,0.5423412639583347,4.4,0.2001769560592947,0.6173496350433262
ChIJtaHuZ1AZDTkRyrznyfcQis8,ChIJtaHuZ1AZDTkRyrznyfcQis8,Hotel Singh Residency Medanta-Best Hotel Near Medanta Hospital Gurgaon,"400, Sector 39 Rd, near Medanta House, Medicity, Sector 39, Gurugram",28.4385577,77.0454994,4.8,161.0,Sector 39,hotel,,5.0,0.9995932698249816,1.0,0.0,0.999875545501709,0.9998718500137328,0.9995005428791046,0.5,0.999675452709198,Other,Mid-Range,0.4736033944565699,4.8,0.9995932698249816,0.9109511683423324
ChIJzZI0VEkZDTkR29_RofPvWQE,ChIJzZI0VEkZDTkR29_RofPvWQE,Saltstayz Premier - Near Golf Course Road & Sector 57,"Plot No. 1579, Block B1, Sector 57, Gurugram",28.4292962,77.0843083,4.8,1479.0,Sector 57,hotel,,5.0,0.8013224576599896,0.8,0.2,0.9998689889907836,0.9998807907104492,0.9998689889907836,0.0071514719165861,0.7516857652226463,Sector 57,Budget,0.6795367760999621,4.8,0.8013224576599896,0.8914953397651346
ChIJ1ywK05AZDTkRdgEqHoRr7Qc,ChIJ1ywK05AZDTkRdgEqHoRr7Qc,"The Royal Oak - Hotel In Sector 40, Gurgaon","1091, Sector 40, Gurugram",28.4452284,77.0570867,4.3,288.0,Sector 40,hotel,,5.0,0.0974087113223503,0.0,1.0,0.0006572426500496,0.1250053211503351,0.1115734279155731,0.1829857759294099,0.1216473478416446,Other,Mid-Range,0.5274866041051129,4.3,0.0974087113223503,0.568109213535262
ChIJBcMcWOAjDTkRUzbA5iIK4lY,ChIJBcMcWOAjDTkRUzbA5iIK4lY,Hays Air By Ahuja Residences,"J-16, Block J, Mayfield Garden, Sector 51, Gurugram, Samaspur",28.4214978,77.0641376,4.8,125.0,Gurugram,hotel,,5.0,0.9998194694519044,1.0,0.0,0.9997841517130532,0.9998071789741516,0.5,0.5,0.9998194694519044,Gurugram,Mid-Range,0.4502085811759851,4.8,0.9998194694519044,0.9060473723993292
ChIJV5-5zT8ZDTkRZVbc0L1G0SU,ChIJV5-5zT8ZDTkRZVbc0L1G0SU,Saltstayz Select - Unitech Cyber Park,"Plot No. 616-P, near UNITECH CYBER PARK, Sector 39, Gurugram",28.4395478,77.05340199999999,4.7,1470.0,Sector 39,hotel,,5.0,0.6740604846738278,0.6,0.4,0.9998021125793456,0.9996016919612885,0.5,0.5,0.8414106667041777,Other,Budget,0.6789689611762815,4.7,0.6740604846738278,0.837479115107088
ChIJm0qIOasjDTkRA453tuikBoQ,ChIJm0qIOasjDTkRA453tuikBoQ,White Rock Hotel - Sohna Road,"Badshahpur Sohna Rd, opp. BSF Camp, Mohan Nagar, Gurugram",28.3657379,77.05956019999999,4.6,901.0,Mohan Nagar,hotel,,5.0,0.8998123168945312,0.8,0.0,0.8331701556841532,0.7498498558998108,0.8998123168945312,0.8748364001512527,0.8998123168945312,Other,Mid-Range,0.6334402972092167,4.6,0.8998123168945312,0.8865264216300349
ChIJTUvWM5MYDTkR3hEIs_noaC8,ChIJTUvWM5MYDTkR3hEIs_noaC8,Comfort Inn Dhaliwals Gurgaon,"19SP, Block C, Uday Nagar, Sector 45, Gurugram",28.4403426,77.0633742,4.4,388.0,Sector 45,hotel,,5.0,0.9998194694519044,1.0,0.0,0.999868392944336,0.999838968118032,0.9997091889381408,0.9997091889381408,0.999838968118032,Other,Budget,0.5551484894132765,4.4,0.9998194694519044,0.8751937946214488
ChIJRRr_gFYjDTkRVtJ9ZdjdHTs,ChIJRRr_gFYjDTkRVtJ9ZdjdHTs,Lime Tree Hotel Golf Course Ext. Gurgaon,"Plot No- 2731, near Bikaner Wala, Block A, Sushant Lok III, Sector 57, Gurugram",28.4158942,77.08375029999999,4.7,323.0,Sector 57,hotel,,5.0,0.9998048901557922,1.0,0.0,0.5,0.9998355209827422,0.5,0.9998553991317748,0.9998048901557922,Sector 57,Mid-Range,0.538128336283779,4.7,0.9998048901557922,0.9114493795718122
ChIJVbCrbc8jDTkRq4eovlKi9kE,ChIJVbCrbc8jDTkRq4eovlKi9kE,Reebah Inn & Suites,"#947, Sector 51 Rd, Sector 51, Gurugram",28.4313307,77.06244699999999,4.4,680.0,Sector 51,hotel,,5.0,0.4000599813414737,0.4,0.6,0.9998352527618408,0.0003720875247381,0.5001484278618591,0.9986836314201356,0.333718224108452,Other,Budget,0.6072771990076169,4.4,0.4000599813414737,0.6949324180568981
ChIJwyap0C4ZDTkRoNal--atvHU,ChIJwyap0C4ZDTkRoNal--atvHU,Grand Vitara Gurgaon,"Plot No 1483, Huda Colony, Sector 46, Gurugram",28.4297017,77.0591914,4.2,461.0,Sector 46,hotel,,5.0,0.2226901211717631,0.2,0.8,0.037021017934118,0.9998682737350464,0.5,0.0014048071752767,0.5011937760282308,Other,Mid-Range,0.5711585919664239,4.2,0.2226901211717631,0.6040747088279127
ChIJtRsd1IMjDTkRhi5TIH7xu98,ChIJtRsd1IMjDTkRhi5TIH7xu98,Octave Nirvana Suites,"C40, Pocket C, Mayfield Garden, Sector 50, Gurugram",28.423289,77.0608752,4.4,605.0,Sector 50,hotel,,5.0,0.2263519843982066,0.2,0.8,0.0010212897177552,0.0434485189131615,0.5007071826257742,0.0856639891862869,0.9997865557670592,Other,Mid-Range,0.5964152635823635,4.4,0.2263519843982066,0.6372018647448701
ChIJ5ztBr_kZDTkR4LzBbqbWcSk,ChIJ5ztBr_kZDTkR4LzBbqbWcSk,The Archer Hotel & Banquets,"Plot No. 256, Artemis Hospital Rd, Koyal Vihar, Sector 52, Gurugram, Bindapur",28.4349984,77.0702629,4.0,461.0,Gurugram,hotel,,5.0,0.0036142673838184,0.0,1.0,0.0002741494681686,0.000255987564742,0.5,0.5,0.0036142673838184,Gurugram,Mid-Range,0.5711585919664239,4.0,0.0036142673838184,0.5075932583247503
ChIJDQno1z4ZDTkRCYA0YtLlZos,ChIJDQno1z4ZDTkRCYA0YtLlZos,Blue Moon Residency Hotel & Restaurant,"Plot No 1531 B, near St.Angel School, Block A, Greenwood City, Sector 45, Gurugram",28.446975,77.0644883,4.6,242.0,Sector 45,hotel,,5.0,0.9998674869537354,1.0,0.0,0.9998643398284912,0.5,0.9998605251312256,0.9998605251312256,0.9998674869537354,Other,Mid-Range,0.5113480657867013,4.6,0.9998674869537354,0.8924798702214932
ChIJa4Td0z8jDTkRPG1sCr5IS5o,ChIJa4Td0z8jDTkRPG1sCr5IS5o,Inde Hotel Golf Course Extention,"D-52, Sector 49, Sohna, Road, Golf Course Ext Rd, Gurugram",28.4046509,77.0506034,4.2,256.0,Golf Course Ext Rd,hotel,,5.0,0.2009249322814867,0.2,0.8,0.0005761934444308,0.0006123406734938,0.0004171255859546,0.5,0.3345076335632863,Other,Mid-Range,0.516562458327211,4.2,0.2009249322814867,0.5855183509398527
ChIJuZcQSHoYDTkR8OykqL6oCRA,ChIJuZcQSHoYDTkR8OykqL6oCRA,Fabhotel Star Corporate Suite,"House No. 804, Sector 47, Gurugram",28.430765,77.047217,3.8,127.0,Sector 47,hotel,,5.0,0.1861581138800829,0.2,0.8,0.3100405153430377,0.0002880242827813,0.464854181438568,0.0003353350039105,0.4648922821943415,Other,Mid-Range,0.4516745927904628,3.8,0.1861581138800829,0.513831983625411
ChIJjyeFQCMfDTkRJuuH8AyC5YE,ChIJjyeFQCMfDTkRJuuH8AyC5YE,"Posh Classic, Gurgaon","A-12, Block A, Greenwood City, Sector 45, Gurugram",28.4455118,77.0629314,4.6,175.0,Sector 45,hotel,,5.0,0.797153841771069,0.8,0.2,0.6621215332173355,0.7470850638019328,0.4944678230021964,0.4944678230021964,0.6665470390144037,Other,Mid-Range,0.4813193912566148,4.6,0.797153841771069,0.8214186034916713
ChIJ3-PpEgYZDTkRA3FAMu-E6AI,ChIJ3-PpEgYZDTkRA3FAMu-E6AI,360 Degree Hotel Near Medanta Hospital Rajiv Chowk Gurugram,"1139, opposite Trimurty heights Apartment, opposite medanta the medicity hospital, Janak Puri C Block, Sector 39, Gurugram",28.4406838,77.0437164,4.8,420.0,Sector 39,hotel,,5.0,0.7999382367182989,0.8,0.2,0.9998463094234468,0.5001375651481794,0.9998463094234468,0.99986732006073,0.999837964773178,Other,Mid-Range,0.5625075640667904,4.8,0.7999382367182989,0.8661621684991864
ChIJSXFOGecZDTkRR7ECThr6qcM,ChIJSXFOGecZDTkRR7ECThr6qcM,The Florence Hotel Near Artemis Hospital,"1482P, Huda Colony, Sector 46, Gurugram",28.4296229,77.0589869,4.6,133.0,Sector 46,hotel,,5.0,0.3127784325042739,0.4,0.6,0.0004433725553098,0.500111266883323,0.5,0.5,0.2502773197193164,Other,Mid-Range,0.4559389939601579,4.6,0.3127784325042739,0.6614838666156635
ChIJCUCbwIwZDTkRpOs1cXoyU2Q,ChIJCUCbwIwZDTkRpOs1cXoyU2Q,Hotel Grand Manor,"218 P, Sector 51, Gurugram",28.4335278,77.064388,4.5,210.0,Sector 51,hotel,,5.0,0.9690542578697204,1.0,0.0,0.99980229139328,0.8458656072616577,0.5,0.5,0.9485310316085817,Other,Mid-Range,0.4982034759934415,4.5,0.9690542578697204,0.8665598964425594
ChIJhbQ2bW8ZDTkRgB6pJDAyXXc,ChIJhbQ2bW8ZDTkRgB6pJDAyXXc,Limewood Stay | Unitech Cyber Park,"41P, Block C, Uday Nagar, Sector 45, Gurugram",28.4382467,77.06599729999999,4.8,390.0,Sector 45,hotel,,5.0,0.6002221621805802,0.6,0.4,0.666705763200298,0.500119918375276,0.9998655319213868,0.5,0.9997684359550476,Other,Budget,0.5556258741189108,4.8,0.6002221621805802,0.8009805061962223
ChIJg6ULUdEjDTkRnQiTUDS_J9s,ChIJg6ULUdEjDTkRnQiTUDS_J9s,Ahuja Residency Mayfield Garden,"N 35, near C K Birla Hospital, Block N, Mayfield Garden, Sector 51, Gurugram",28.4246727,77.06001119999999,4.8,312.0,Sector 51,hotel,,5.0,0.9998584508895874,1.0,0.0,0.999849498271942,0.9998526573181152,0.5,0.5,0.999863624572754,Other,Mid-Range,0.5349129838447931,4.8,0.9998584508895874,0.9240760246586852
ChIJN7SyOloZDTkRk7RKye2AtZI,ChIJN7SyOloZDTkRk7RKye2AtZI,The Palm Suites,"Plot number 262, Medicity, Islampur Colony, Sector 38, Gurugram",28.433995,77.0476583,4.4,89.0,Sector 38,hotel,,5.0,0.398620639485307,0.4,0.6,0.0021727881394326,0.5,0.9898480772972108,0.5000436406116933,0.6629414237492407,Sector 38,Mid-Range,0.4188864433914587,4.4,0.398620639485307,0.6544034067453907
ChIJix1ZFWUYDTkRrJMXkJIv9mk,ChIJix1ZFWUYDTkRrJMXkJIv9mk,Lime Tree Hotel Near Medanta Gurgaon,"Medicity, Islampur Colony, Sector 38, Gurugram",28.436333,77.046432,4.8,344.0,Sector 38,hotel,,5.0,0.9998323798179628,1.0,0.0,0.9998559951782228,0.999858856201172,0.999710738658905,0.5,0.999862790107727,Sector 38,Mid-Range,0.5439744604732639,4.8,0.9998323798179628,0.925995038991312
ChIJNW7xfpUjDTkRnk6REafay-g,ChIJNW7xfpUjDTkRnk6REafay-g,Hotel Sakura Gold Maps Group,"68 Avenue, Badshahpur, Sector 68, Gurugram",28.3848063,77.05201389999999,4.3,181.0,Sector 68,hotel,,5.0,0.7972402323503047,0.8,0.2,0.9998328685760498,0.9998739957809448,0.5005940470146015,0.5,0.9962114840745926,Other,Mid-Range,0.4844400124094521,4.3,0.7972402323503047,0.7822295663889385
ChIJ-d8FwZ4ZDTkRRzTD7epgUdw,ChIJ-d8FwZ4ZDTkRRzTD7epgUdw,"Hotel Ashiyana Elite, Near Golf Course Road","Plot no, 1574P, Block B1, Sector 57, Gurugram",28.429371,77.0835491,4.9,100.0,Sector 57,hotel,,5.0,0.9998481154441834,1.0,0.0,0.9998618364334106,0.9998822212219238,0.5,0.5,0.9998773336410522,Sector 57,Mid-Range,0.4296207085978143,4.9,0.9998481154441834,0.9149710178661304
ChIJganRVJAjDTkRuq61WMKx4NQ,ChIJganRVJAjDTkRuq61WMKx4NQ,Rjk Stay Stay In Style,"D-112, South City II, Sector 49, Gurugram",28.4157832,77.05187649999999,4.5,468.0,Sector 49,hotel,,5.0,0.9998074531555176,1.0,0.0,0.9998074531555176,0.9997775554656982,0.9997915625572203,0.9998433589935304,0.9998455941677094,Other,Budget,0.5725584651670446,4.5,0.9998074531555176,0.8921864250795687
ChIJ5X7CbgAZDTkR2E-ZjpnjZi8,ChIJ5X7CbgAZDTkR2E-ZjpnjZi8,The Lodgers Luxury Hotel Near Golf Course Road Gurgaon,"1287XP Near, Artemis Hospital Rd, Block H, Sector 57, Gurugram",28.4301688,77.07683159999999,4.8,503.0,Sector 57,hotel,,5.0,0.8037554901093245,0.8,0.2,0.674587077771624,0.5097902221605182,0.5097902221605182,0.9973257780075072,0.8037554901093245,Sector 57,Luxury,0.5792584648304031,4.8,0.8037554901093245,0.8709428707428534
ChIJR3VQqa0ZDTkRTEA4kYW9eMo,ChIJR3VQqa0ZDTkRTEA4kYW9eMo,Limewood Stay Oasis,"1873p, Sarswati Kunj II, Wazirabad, Sector 52, Gurugram",28.4409184,77.0861955,4.8,532.0,Sector 52,hotel,,5.0,0.5993762080615852,0.6,0.4,0.7491099647886585,0.4992724290423211,0.999843955039978,0.5,0.7490451751873479,Other,Budget,0.5844663889823761,4.8,0.5993762080615852,0.8068448482860866
ChIJx0bOHEgZDTkRcxDTz1N9ASc,ChIJx0bOHEgZDTkRcxDTz1N9ASc,Starex Inn Hotel & Service Appartment,"563, Near Artemis Hospital, Koyal Vihar, Sector 52, Gurugram, Bindapur",28.4326245,77.0731112,3.8,62.0,Gurugram,hotel,,5.0,0.6004078501253389,0.6,0.4,0.5,0.5009263576939702,0.9996213912963868,0.999658703804016,0.9997433423995972,Gurugram,Budget,0.3856836393487762,3.8,0.6004078501253389,0.6319593918063273
ChIJVYx7WkYZDTkRLSo5i62rT3Y,ChIJVYx7WkYZDTkRLSo5i62rT3Y,Limewood Stay Mall 51,"177P, Sector 51, Gurugram",28.4350604,77.0658251,4.8,710.0,Sector 51,hotel,,5.0,0.7998987629893236,0.8,0.2,0.0005048289312981,0.99973597129186,0.99986732006073,0.5,0.9997920393943788,Other,Budget,0.6112903123822879,4.8,0.7998987629893236,0.8765254285967975
ChIJmTB5HzUZDTkRTBavRM5qJO4,ChIJmTB5HzUZDTkRTBavRM5qJO4,Hotel Mavens House,"259 SP, Artemis Hospital Rd, Koyal Vihar, Sector 52, Gurugram, Bindapur",28.4346478,77.0705979,4.8,861.0,Gurugram,hotel,,5.0,0.9997964859008788,1.0,0.0,0.9998212655385336,0.9997906237840652,0.9997928738594056,0.5,0.9997964859008788,Gurugram,Mid-Range,0.6292178131381893,4.8,0.9997964859008788,0.9441144348631304
ChIJRU-t04EYDTkRvvJW6Wqkwes,ChIJRU-t04EYDTkRvvJW6Wqkwes,"Keys Lite By Lemon Tree Hotels, Mayfield, Gurugram","N29&N30, Block N, Mayfield Garden, Sector 51, Gurugram",28.4251507,77.05955,4.1,535.0,Sector 51,hotel,,5.0,0.9996797442436218,1.0,0.0,0.9996360689401628,0.9998596906661988,0.9998525381088256,0.999853014945984,0.9996397644281388,Other,Mid-Range,0.5849888776145759,4.1,0.9996797442436218,0.8416157817459203
ChIJqe1N890ZDTkRmmIYeR-jjV8,ChIJqe1N890ZDTkRmmIYeR-jjV8,Heistel Gurugram,"1032, near UNITECH CYBER PARK, Durga Colony, Jharsa Village, Sector 39, Gurugram",28.4407019,77.05397839999999,4.1,107.0,Sector 39,hotel,,5.0,0.9985121369361878,1.0,0.0,0.9997029006481172,0.999652862548828,0.999652862548828,0.9998462200164796,0.9997029006481172,Other,Mid-Range,0.4358587231264387,4.1,0.9985121369361878,0.809524004757022
ChIJ-VWydUYZDTkRCK1L0K_hslU,ChIJ-VWydUYZDTkRCK1L0K_hslU,Golden Place Hotel,"377, Medicity, Islampur Colony, Sector 38, Gurugram",28.4342859,77.045193,4.1,93.0,Sector 38,hotel,,5.0,0.8075119853019714,0.8,0.2,0.9987978041172028,0.5,0.5,0.9995799660682678,0.9992516040802002,Sector 38,Mid-Range,0.422934464355772,4.1,0.8075119853019714,0.7458378691563063
ChIJSfZsve4ZDTkR-sn6fGbQcH0,ChIJSfZsve4ZDTkR-sn6fGbQcH0,Limewood Signature - Near Golf Course Road,"1565 P, near golf course road, Block H, Sector 57, Gurugram",28.4295914,77.081954,5.0,681.0,Sector 57,hotel,,5.0,0.9998557686805724,1.0,0.0,0.9998488227526346,0.9998637139797212,0.5,0.5,0.9998557686805724,Sector 57,Mid-Range,0.6074137945032744,5.0,0.9998557686805724,0.9660826331971454
ChIJR3-TfVQZDTkRhVHU7cnbjZw,ChIJR3-TfVQZDTkRhVHU7cnbjZw,La Cozy Residency,"13P, Captain Ganpat Ram Yadav Marg, Block D, Indira Colony 2, Sector 52, Gurugram",28.4425181,77.0729666,4.5,406.0,Sector 52,hotel,,5.0,0.3993627315881894,0.4,0.6,0.249254242346069,0.3314008565357653,0.497013544969377,0.249254242346069,0.2507499762032239,Other,Mid-Range,0.5593592993165449,4.5,0.3993627315881894,0.6978115075895948
ChIJefT_XP8ZDTkRD_-feFIklCk,ChIJefT_XP8ZDTkRD_-feFIklCk,Nearmi Boutique Hotel & Cafe Sector 47,"Plot no 812, Sector 47, Gurugram",28.4306199,77.0461349,4.7,114.0,Sector 47,hotel,,5.0,0.99984210729599,1.0,0.0,0.9998348206281662,0.9998640219370524,0.9997441172599792,0.9997943937778472,0.99984210729599,Other,Mid-Range,0.4417048473159236,4.7,0.99984210729599,0.8909524451120338
ChIJKST1WAIiDTkRsgzAHRBHBv4,ChIJKST1WAIiDTkRsgzAHRBHBv4,Redbrick Villa,"D-BLOCK, Plot no. 575-P, Opposite Sushant Tower, adjacent C-Dot Apartment, Sushant Lok 2, Sector 56, Gurugram",28.4199459,77.1005832,4.3,576.0,Sector 56,hotel,,5.0,0.988640034198761,1.0,0.0,0.9717916548252106,0.9998722871144612,0.5,0.9440107345581056,0.9998722871144612,Other,Mid-Range,0.5918503514096412,4.3,0.988640034198761,0.8661399383602001
ChIJx6BZam8ZDTkRL_TARoK8i_w,ChIJx6BZam8ZDTkRL_TARoK8i_w,The Rejoice Venture,"PLOT NO - 326P, Sector 45, Gurugram",28.4408963,77.07052879999999,4.8,225.0,Sector 45,hotel,,5.0,0.6036969450418838,0.6,0.4,0.5,0.999861478805542,0.9997588992118835,0.0187813863158226,0.6666139533626847,Other,Mid-Range,0.5045965926282034,4.8,0.6036969450418838,0.7912354297707461
ChIJ845-Av8hDTkR92215ULZUa0,ChIJ845-Av8hDTkR92215ULZUa0,Doubletree By Hilton Hotel Gurgaon - New Delhi Ncr,"Golf Course Rd, Sector 56, Gurugram, Ghata",28.4220929,77.1045376,4.5,14332.0,Gurugram,hotel,,5.0,0.9998165369033812,1.0,0.0,0.5,0.9998165369033812,0.999746859073639,0.5,0.999794046084086,Gurugram,Mid-Range,0.8908992908046224,4.5,0.9998165369033812,0.9598988724074878
ChIJBfnuD7sZDTkRo_vgFmqNTNs,ChIJBfnuD7sZDTkRo_vgFmqNTNs,Aadat Hotel,"Plot no 157 P, Rd No D-13 A, Ardee City, Indira Colony, Indira Colony 1, Sector 52, Gurugram",28.4408897,77.0713795,4.7,218.0,Sector 52,hotel,,5.0,0.9973482251167296,1.0,0.0,0.9998484998941422,0.9956726829210916,0.5,0.5,0.996718779206276,Other,Mid-Range,0.5016676827397029,4.7,0.9973482251167296,0.9029105943436456
ChIJmxMf1OUZDTkRIJSsusHos68,ChIJmxMf1OUZDTkRIJSsusHos68,Saltstayz Select - Near Sohna Road City Center,"1510, Huda Colony, Sector 46, Gurugram",28.4298573,77.06001719999999,4.7,1620.0,Sector 46,hotel,,5.0,0.799942185654072,0.8,0.2,0.799942185654072,0.999878962834676,0.999877413113912,0.9998842477798462,0.799942185654072,Other,Budget,0.6880080566530902,4.7,0.799942185654072,0.8795633275128708
ChIJHzfXMashDTkRWbUuOutv-AM,ChIJHzfXMashDTkRWbUuOutv-AM,Royal Residence 266,"Rapid Metro Station, Plot no. 266, 55-56, Sector 55, Gurugram, Ghata",28.4233295,77.1061046,4.8,37.0,Gurugram,hotel,,5.0,0.958411180973053,1.0,0.0,0.9997907280921936,0.9998663663864136,0.9480473846197128,0.9997907280921936,0.9998420278231304,Gurugram,Mid-Range,0.3386222175183568,4.8,0.958411180973053,0.8691024810871486
ChIJ7xjccFQfDTkRNLupqKY77ZM,ChIJ7xjccFQfDTkRNLupqKY77ZM,Corporate Stays -Suncity,"A - 4, Suncity Sector 54, Delhi, NCR, Gurugram",28.4342661,77.1072633,4.2,333.0,NCR,hotel,,5.0,0.9989437460899352,1.0,0.0,0.999863624572754,0.999879002571106,0.9987137764692308,0.9997759461402892,0.9987099319696426,Other,Budget,0.5409580317684104,4.2,0.9989437460899352,0.8453092663787214
ChIJZYZCov4ZDTkR0xTOhZJFEAI,ChIJZYZCov4ZDTkR0xTOhZJFEAI,Limewood Stay Silver Studio,"2236 P, near Viaan Eye Centre, Wazirabad, Sector 57, Gurugram",28.4294928,77.0882721,4.9,468.0,Sector 57,hotel,,5.0,0.6000260674627498,0.6,0.4,0.6663949676246071,0.5000376683310606,0.5,0.5,0.9996152917544048,Sector 57,Budget,0.5725584651670446,4.9,0.6000260674627498,0.8178128703626101
ChIJQ0vxHv8fDTkRUeYGo5JciUc,ChIJQ0vxHv8fDTkRUeYGo5JciUc,Tipsyy Inn Suites 007,"plot no. 64A, Golf Course Rd, IILM Institute, Sarswati Kunj II, DLF Phase 5, Sector 53, Gurugram",28.437027,77.0988452,4.3,311.0,Sector 53,hotel,,5.0,0.6005563107552007,0.6,0.4,0.3343419776065275,0.5007286478357855,0.5,0.9997822642326356,0.9998354613780976,Sector 53,Budget,0.5346150961871148,4.3,0.6005563107552007,0.7301509893851292
ChIJaf9ECAAZDTkRC8nY0G2d1SY,ChIJaf9ECAAZDTkRC8nY0G2d1SY,Qotel Signature - Golf Course Road,"Saraswati kunj, PLOT NO 62, Golf Course Rd, near IILM University, Parsvnath Exotica, DLF Phase 5, Sector 53, Gurugram",28.4371538,77.0995284,4.7,516.0,Sector 53,hotel,,5.0,0.4006525608012453,0.4,0.6,0.0013186289385581,0.3343456831838314,0.9996728897094728,0.0005917269736528,0.999653458595276,Sector 53,Mid-Range,0.581629146476342,4.7,0.4006525608012453,0.7295466002443658
ChIJ0_gWbwAZDTkR_RpnbSXlPFY,ChIJ0_gWbwAZDTkR_RpnbSXlPFY,Aura Homes,"House no. 2165P, near VIAAN EYE CENTRE, Wazirabad, Sector 57, Gurugram",28.4293833,77.0870281,4.7,324.0,Sector 57,hotel,,5.0,0.5975274997093948,0.6,0.4,0.499911365150183,0.0004749736108351,0.5,0.0001954977487912,0.4940304975170875,Sector 57,Mid-Range,0.5384152080472859,4.7,0.5975274997093948,0.7831667217764221
ChIJFY7fg1cZDTkRPMAAI0HUMwA,ChIJFY7fg1cZDTkRPMAAI0HUMwA,Orsom Stays,"1568, Golf Course Rd, IILM Institute, Sector 53, Gurugram",28.4355374,77.0970081,4.6,1016.0,Sector 53,hotel,,5.0,0.5989416017808253,0.6,0.4,0.0002392566893831,0.5000123152058222,0.4973512360375025,0.3316625579658042,0.5000123152058222,Sector 53,Budget,0.644610877115675,4.6,0.5989416017808253,0.7929117375788427
ChIJfUhqA8YjDTkRIhFkg-BOGCU,ChIJfUhqA8YjDTkRIhFkg-BOGCU,"Red Fox By Lemon Tree Hotels, Sector 60, Gurugram","Ullawas Dhani Rd, Urban Complex, Sector 60, Gurugram",28.4021858,77.0992297,4.0,1618.0,Sector 60,hotel,,5.0,0.6003400909306947,0.6,0.4,0.6672084336557115,0.0011545686429599,0.9998737573623656,0.0019161716336384,0.9997971057891846,Other,Mid-Range,0.6878931309427058,4.0,0.6003400909306947,0.7228031600394631
ChIJ-5u-Vo0hDTkRbRiX9zTmtN8,ChIJ-5u-Vo0hDTkRbRiX9zTmtN8,Citadines Paras Square Gurugram,"63A, Golf Course Extension Road, Alahawas, Sector 59, Gurugram",28.406021,77.1138184,4.7,832.0,Sector 59,hotel,,5.0,0.7981438123853877,0.8,0.2,0.4957876115222461,0.7477161541173699,0.5002052395720965,0.5002052395720965,0.7477161541173699,Other,Mid-Range,0.6260321281207478,4.7,0.7981438123853877,0.8658075902776317
ChIJDTI7CaIjDTkRKhz122Ji-Fk,ChIJDTI7CaIjDTkRKhz122Ji-Fk,Hilton Gurugram Baani City Centre,"Sector 63, Gurugram",28.3999047,77.0872309,4.7,1215.0,Sector 63,hotel,,5.0,0.9998181462287904,1.0,0.0,0.999727100133896,0.9997322261333466,0.99986732006073,0.5,0.99980328977108,Other,Mid-Range,0.6612469266544017,4.7,0.9998181462287904,0.9376403357035428
ChIJAYcyTJ0ZDTkRLMQcp2ZFyMc,ChIJAYcyTJ0ZDTkRLMQcp2ZFyMc,Super Townhouse Tipsyy 7 Near Bestech Central Square Mall,"64A, Parsvnath Exotica, DLF Phase 5, Sector 53, Gurugram",28.4372475,77.09876129999999,3.6,270.0,Sector 53,hotel,,5.0,0.2005103863513795,0.2,0.8,0.2504705160063167,0.0008571642174501,0.9998401403427124,0.0014885483542457,0.250265845850663,Sector 53,Mid-Range,0.5215001967321914,3.6,0.2005103863513795,0.5066756453448875
ChIJYcsBST0ZDTkR5eL0sZwm_rI,ChIJYcsBST0ZDTkR5eL0sZwm_rI,Ivory Leaf Stays,"2163, Sector 57 Rd, Block G, Sushant Lok 2, Sector 57, Gurugram",28.4293041,77.0865942,4.8,66.0,Sector 57,hotel,,5.0,0.9998525381088256,1.0,0.0,0.9998515844345092,0.9998500347137452,0.9998692274093628,0.9998692274093628,0.9998579621315002,Sector 57,Budget,0.3914140521329489,4.8,0.9998525381088256,0.8935526116201856
ChIJ7wT_1n0jDTkRHes_l2DwAiI,ChIJ7wT_1n0jDTkRHes_l2DwAiI,Treebo Trend Blooms Premium,"Plot No- 591 Opp. C DOT Apartment, Near Sushant Tower, Sector 56, Gurugram",28.418751,77.1014551,4.0,161.0,Sector 56,hotel,,5.0,0.2003072029590839,0.2,0.8,0.2501751506679283,0.9998100399971008,0.5,0.5,0.9998100399971008,Other,Mid-Range,0.4736033944565699,4.0,0.2003072029590839,0.5495971908409177
ChIJ78pTIgAfDTkRy0dLDmC0oRk,ChIJ78pTIgAfDTkRy0dLDmC0oRk,Mavens Inn,"87C, Golf Course Rd, Parsvnath Exotica, Sector 53, Gurugram",28.4379637,77.1027238,3.3,22.0,Sector 53,hotel,,5.0,0.4006948939349967,0.4,0.6,0.001090194331482,0.001090194331482,0.9998287856578828,0.9997896552085876,0.4006948939349967,Sector 53,Budget,0.2918825720663544,3.3,0.4006948939349967,0.4818241605611714
ChIJpdqtbN8jDTkRmuU5UArPQn0,ChIJpdqtbN8jDTkRmuU5UArPQn0,Perch Casa Feliz- Golf Course Road,"C 149, Sushant Lok 2, Sector 56, Gurugram",28.4232752,77.0979157,4.7,103.0,Sector 56,hotel,,5.0,0.5356529539683834,0.6,0.4,0.8322873711585999,0.3378966758415723,0.2261864453321322,0.3332638354622759,0.6671775719538952,Other,Mid-Range,0.4323454830297744,4.7,0.5356529539683834,0.7408655822943042
ChIJFWRRdg0ZDTkRcAYp_1949Kg,ChIJFWRRdg0ZDTkRcAYp_1949Kg,Soooper,"Plot No 18, near SUNCITY, DLF Phase 5, Sector 54, Gurugram",28.4399622,77.1042563,4.7,15.0,Sector 54,hotel,,5.0,0.8004978282377124,0.8,0.2,0.5,0.9997983574867249,0.9996218681335448,0.7507168182637542,0.5016787904314697,Other,Mid-Range,0.2580997673088359,4.7,0.8004978282377124,0.7883011937360108
ChIJA4pw_H4ZDTkRyr1y9v30CQ4,ChIJA4pw_H4ZDTkRyr1y9v30CQ4,Hotel The Luxem,"Saraswati Kunj Society, Plot No - 680, Parsvnath Exotica, DLF Phase 5, Sector 53, Gurugram",28.4417328,77.0946708,4.8,163.0,Sector 53,hotel,,5.0,0.7884979269379983,0.8,0.2,0.9855623543262482,0.9997535347938538,0.9713065326213836,0.97130885720253,0.9855623543262482,Sector 53,Mid-Range,0.4747456150886466,4.8,0.7884979269379983,0.8438456801334865
ChIJ76KgAiEiDTkRw62nMJ-4n7k,ChIJ76KgAiEiDTkRw62nMJ-4n7k,"Lemon Tree Hotel, Sector 60 - Gurugram","Urban Complex, Ch.Nandaram Marg, Ullahwas Village, Sector 60, Gurugram",28.402,77.0998666,4.1,6576.0,Sector 60,hotel,,5.0,0.9997827053070067,1.0,0.0,0.5,0.9997183978557588,0.5,0.9996328353881836,0.999763011932373,Other,Mid-Range,0.8183836426241888,4.1,0.9997827053070067,0.8912905649573324
ChIJYdhm_qcYDTkRuOoWmtPIXio,ChIJYdhm_qcYDTkRuOoWmtPIXio,Hotel Arena,"C3HR+686, Block G, Sushant Lok 2, Sector 57, Gurugram",28.4280452,77.0907481,2.2,5.0,Sector 57,hotel,,2.0,0.0002520740090403,0.0,1.0,0.0002520740090403,0.0002520740090403,0.5,0.5,0.0002520740090403,Sector 57,Mid-Range,0.1667945549845492,2.2,0.0002520740090403,0.1812322638387846
ChIJacclYuwZDTkR5UZdmKWu_90,ChIJacclYuwZDTkR5UZdmKWu_90,Plum Tree Hotels,"499A, Golf Course Rd, near Shoppers Stop, IILM Institute, Sector 53, Gurugram",28.4357878,77.0962693,4.8,167.0,Sector 53,hotel,,5.0,0.9995213150978088,1.0,0.0,0.999566286802292,0.9998217225074768,0.9994659423828124,0.5,0.9995213150978088,Sector 53,Mid-Range,0.4769888516730629,4.8,0.9995213150978088,0.9116482820360918
ChIJh3MXlKUjDTkRo6ibACe4IOE,ChIJh3MXlKUjDTkRo6ibACe4IOE,Sands Inn Gh,"189, opp. DEVENDER VIHAR, Block B, Sector 56, Gurugram",28.4280468,77.09477849999999,3.4,37.0,Sector 56,hotel,,5.0,0.0009007606655358,0.0,1.0,0.0005997309926896,0.0002431994653306,0.0014810534776188,0.0011271665571257,0.0005997309926896,Other,Budget,0.3386222175183568,3.4,0.0009007606655358,0.3775074942907099
ChIJHUkIOTQhDTkRvqg7VDi8YEI,ChIJHUkIOTQhDTkRvqg7VDi8YEI,Rosastays Gurugram Golf Course Road,"Plot No A, 1/10, Huda, Sushant Lok 2, Sector 55, Gurugram",28.4282621,77.1065265,4.2,118.0,Sector 55,hotel,,5.0,0.5983598810737021,0.6,0.4,0.5002536597603466,0.5983598810737021,0.9949202835559844,0.5983598810737021,0.5983598810737021,Other,Budget,0.4448877150866521,4.2,0.5983598810737021,0.6970722090299291
ChIJ5zP56pMfDTkR4iADY4sOufg,ChIJ5zP56pMfDTkR4iADY4sOufg,Townhouse Hotel Sec- 54 Golf Course Road,"Plot no. 87 C Plot. 87 C Saraswati Kunj, Golf Course Rd, Sector 53, Gurugram",28.4379165,77.1025188,3.9,38.0,Sector 53,hotel,,5.0,0.4006146963598439,0.4,0.6,0.9997488856315612,0.000438108399976,0.000438108399976,0.9997488856315612,0.5001147162693087,Sector 53,Mid-Range,0.3410402707054878,3.9,0.4006146963598439,0.5720148588634095
ChIJAXp7bFcZDTkRkKdt_Lt46Tk,ChIJAXp7bFcZDTkRkKdt_Lt46Tk,Hotel Elite 29 Golf Course Road,"Plot No 61P, SARASVATI KUNJ, Parsvnath Exotica, DLF Phase 5, Sector 53, Gurugram",28.4371954,77.0995859,4.4,369.0,Sector 53,hotel,,5.0,0.1658598507638088,0.2,0.8,0.001582825614605,0.5,0.5,0.0013767081400146,0.0010449513210914,Sector 53,Mid-Range,0.5504868924455442,4.4,0.1658598507638088,0.608133547987997
ChIJ8XxKq60YDTkR1qyuvd84B8k,ChIJ8XxKq60YDTkR1qyuvd84B8k,Fabhotel Prime Atithyam,"Plot No 64, Saraswati Kunj Rd, Parsvnath Exotica, DLF Phase 5, Sector 53, Gurugram",28.4371313,77.0988508,4.0,5.0,Sector 53,hotel,,4.0,0.7496605142732733,0.75,0.25,0.9991602003574372,0.0004482566437218,0.5001608281891095,0.5,0.9991602003574372,Sector 53,Mid-Range,0.1667945549845492,4.0,0.7496605142732733,0.6596076154294123
ChIJ-_yRL8EZDTkRpKoCJVWyNKU,ChIJ-_yRL8EZDTkRpKoCJVWyNKU,Blue Moon Residency,"Saraswati kunj, Plot No 62, Golf Course Road, Parsvnath Exotica, DLF Phase 5, Sector 53, Gurugram",28.4371596,77.09953190000002,4.7,98.0,Sector 53,hotel,,5.0,0.5960480853100307,0.6,0.4,0.9998403787612916,0.326852746172032,0.5,0.9796903133392334,0.5001375283027301,Sector 53,Mid-Range,0.4277588502624594,4.7,0.5960480853100307,0.7591586549120859
ChIJs5RrKf8hDTkRAqpHTQgqjBI,ChIJs5RrKf8hDTkRAqpHTQgqjBI,Grand Hyatt Gurgaon,"Golf Course Ext Rd, Sector 58, Gurugram, Ghata",28.4145664,77.10259649999999,4.6,3279.0,Gurugram,hotel,,4.0,0.9998589307069778,1.0,0.0,0.9998471438884736,0.9998389184474944,0.5,0.5,0.9998711347579956,Gurugram,Luxury,0.7536177739926339,4.6,0.9998589307069778,0.9440067320088538
ChIJAQA0MlMeDTkRBu02w_FNO1U,ChIJAQA0MlMeDTkRBu02w_FNO1U,Pernam Inn,"837/1, Mandi Estate, New Delhi",28.4431005,77.1447956,4.8,8.0,Mandi Estate,hotel,,4.0,0.999838799238205,1.0,0.0,0.5,0.9998319943745932,0.5,0.9998252987861632,0.5,Other,Budget,0.2045392263146805,4.8,0.999838799238205,0.8538008594807036
ChIJIagCv3IZDTkR_J9Y0e95QvU,ChIJIagCv3IZDTkR_J9Y0e95QvU,Tipsyy Inn 001,"Plot no 544 saraswati kunj, Sector 53, Gurugram",28.4380677,77.0963664,3.7,42.0,Sector 53,hotel,,5.0,0.0161943211045581,0.0,1.0,0.0001866126985987,0.0002071369599434,0.0002252433914691,0.0001890305284177,0.0002585833717603,Sector 53,Budget,0.3501294176361872,3.7,0.0161943211045581,0.4247146594644002
ChIJE36DOowgDTkRLAxRjfgu7bk,ChIJE36DOowgDTkRLAxRjfgu7bk,The Lalit Mangar,"Camp Wild Road, Dera Mandi, Faridabad",28.3820595,77.1764522,4.4,2321.0,Dera Mandi,hotel,,5.0,0.600390869146213,0.6,0.4,0.0005046725273132,0.001164331450127,0.0005046725273132,0.5,0.600390869146213,Other,Mid-Range,0.721463198935417,4.4,0.600390869146213,0.7831333382185909
ChIJed7uWW4jDTkRqkxrKc2dId0,ChIJed7uWW4jDTkRqkxrKc2dId0,Vamsor Heights,"26, Block A, Sector 56, Gurugram",28.425248,77.09174709999999,4.8,1223.0,Sector 56,hotel,,5.0,0.9998430848121644,1.0,0.0,0.99987530708313,0.999876469373703,0.5,0.5,0.9998430848121644,Other,Mid-Range,0.6618573538488639,4.8,0.9998430848121644,0.9510715738693744
ChIJw1-SozIZDTkRl1rQPEknUFw,ChIJw1-SozIZDTkRl1rQPEknUFw,Cozystays,"Plot No -499A, Golf Crse Rd, IILM Institute, Sector 53, Gurugram",28.435957,77.096271,4.9,36.0,Sector 53,hotel,,5.0,0.9992708563804626,1.0,0.0,0.9997994601726532,0.9996635019779204,0.5,0.5,0.9990096886952718,Sector 53,Budget,0.336139675368766,4.9,0.9992708563804626,0.8949038853057735
ChIJRQKY9bMYDTkRfXgi7aldg6E,ChIJRQKY9bMYDTkRfXgi7aldg6E,Fabhotel Exotica Avenue,"1533, Golf Crse Rd, Parsvnath Exotica, DLF Phase 5, Sector 53, Gurugram",28.4421819,77.0971935,4.8,29.0,Sector 53,hotel,,5.0,0.9996918439865112,1.0,0.0,0.999806582927704,0.9996060729026792,0.9994525015354156,0.5,0.9996918439865112,Sector 53,Mid-Range,0.3166168302341184,4.8,0.9996918439865112,0.8775923371008911
ChIJHRhUZowjDTkR6J5dsol9s_Q,ChIJHRhUZowjDTkR6J5dsol9s_Q,Elegance Homes Gurgaon,"5th Floor, AIPL Joy Square, 512, Gurugram",28.392668,77.09301300000001,5.0,2.0,512,hotel,,2.0,0.9998605251312256,1.0,0.0,0.9998739957809448,0.5,0.5,0.5,0.5,Other,Mid-Range,0.1022696131573402,5.0,0.9998605251312256,0.8586424339767086
ChIJqzx_of0hDTkR-rg9kq8jjq0,ChIJqzx_of0hDTkR-rg9kq8jjq0,Hotel O Small Town,"Plot No. D-192, Sushant Lok 2, Sector 55, Gurugram, Ghata",28.4279518,77.1108933,3.6,66.0,Gurugram,hotel,,5.0,0.0086261554388328,0.0,1.0,0.0002413350302958,0.5,0.5,0.0419504307210445,0.5,Gurugram,Mid-Range,0.3914140521329489,3.6,0.0086261554388328,0.4177876859637282
ChIJAx_1cQAjDTkRyUfJqOJ0uhw,ChIJAx_1cQAjDTkRyUfJqOJ0uhw,Vamsor Hotels 30 - Business Hotels And Guest House In Gurugram Sector 56,"30, Sector 56, Gurugram",28.4261209,77.0916945,4.8,138.0,Sector 56,hotel,,5.0,0.8083169922232628,0.8,0.2,0.9998635649681092,0.9993165731430054,0.5,0.5,0.999728947877884,Other,Mid-Range,0.4593492585888129,4.8,0.8083169922232628,0.8468940783542422
ChIJtzflUNEhDTkRCosTp3T0fO8,ChIJtzflUNEhDTkRCosTp3T0fO8,Golden Suites Gurgaon | Inde Hotels & Resorts,"Faridabad - Gurgaon Rd, Sector 2, Gwal Pahari, Gurugram, Bandhwari",28.4261534,77.142585,3.9,3254.0,Gurugram,hotel,,5.0,0.3727218013140372,0.4,0.6,0.216511947553954,0.3727218013140372,0.0006488489452749,0.0003106564108747,0.3328402405701732,Gurugram,Luxury,0.7529055301692916,3.9,0.3727218013140372,0.6507175762546944
ChIJbQ74MQkiDTkRYja2Bqk2fsE,ChIJbQ74MQkiDTkRYja2Bqk2fsE,Ace Stayz Sector57 Gurugram,"G-219, Phase 2, Sushant Lok Phase I, Sector 57, Gurugram",28.421965,77.08734299999999,4.7,27.0,Sector 57,hotel,,5.0,0.8011396523565052,0.8,0.2,0.9998759627342224,0.5030306866392492,0.9998806715011596,0.5,0.7514558876864611,Sector 57,Budget,0.3101942966885136,4.7,0.8011396523565052,0.79958621671979
ChIJSQVKhP4hDTkR2I0YM9eyqOA,ChIJSQVKhP4hDTkR2I0YM9eyqOA,Ace Stayz Sector55 Gurugram,"C3FQ+2R2, Phase 2, Sushant Lok 2, Sector 54, Ghata, Sohna",28.4225147,77.0895273,4.0,29.0,Ghata,hotel,,5.0,0.6398646414279938,0.6,0.4,0.997466762860616,0.5,0.9992290437221528,0.5,0.9968649744987488,Other,Budget,0.3166168302341184,4.0,0.6398646414279938,0.6564445122910099
ChIJVWI3S-MfDTkRWw65C3hVwe8,ChIJVWI3S-MfDTkRWw65C3hVwe8,Housr 54 Suncity,"OFFICE, B, Suncity, Sector 54, Gurugram",28.4335566,77.1087191,4.3,59.0,Sector 54,hotel,,5.0,0.2022147249663248,0.2,0.8,0.0077702989801764,0.0011924316640942,0.0077702989801764,0.0045257241581566,0.3340665372864653,Other,Mid-Range,0.3811417720613274,4.3,0.2022147249663248,0.5704199737064708
ChIJSQ2YOw8iDTkRoX6IDTHFSr8,ChIJSQ2YOw8iDTkRoX6IDTHFSr8,Hotel Mulberry Retreat,"F-78, near Hong Kong Bazaar, Sushant Lok-II, Phase 2, Sushant Lok 2, Sector 57, Gurugram",28.420869,77.08912819999999,3.9,426.0,Sector 57,hotel,,5.0,0.5915509373415262,0.6,0.4,0.4805624220171011,0.4895052947686053,0.9965278506278992,0.0003684844123199,0.0005832688184454,Sector 57,Mid-Range,0.5638248947327972,3.9,0.5915509373415262,0.6803168858155108
ChIJNzBkn5wjDTkRLU3D9sUlGGM,ChIJNzBkn5wjDTkRLU3D9sUlGGM,Hotel Bansal Inn,"C3GR+X8W, plot no. 2420, Sector 57 Rd, Block G, Sushant Lok 2, Sector 57, Gurugram",28.4274914,77.0908101,3.0,2.0,Sector 57,hotel,,1.0,0.9916963577270508,1.0,0.0,0.5,0.5,0.5,0.9916963577270508,0.5,Sector 57,Budget,0.1022696131573402,3.0,0.9916963577270508,0.5901687799888728
ChIJmfptjLIYDTkRxeYtk28uQ4U,ChIJmfptjLIYDTkRxeYtk28uQ4U,Roomshala 096 Hotel Elite 29,"PLOT NO 61, Saraswati Kunj, Parsvnath Exotica, DLF Phase 5, Sector 53, Gurugram",28.4412709,77.10009529999999,3.0,2.0,Sector 53,hotel,,1.0,0.1034369394183158,0.0,1.0,0.5,0.5,0.5,0.5,0.5,Sector 53,Mid-Range,0.1022696131573402,3.0,0.1034369394183158,0.3067760764889208
ChIJ3SQBg8chDTkRY0_2MuPDqv0,ChIJ3SQBg8chDTkRY0_2MuPDqv0,Golden Leaf Garden,"near Heritage International School, Baliawas, Gurugram",28.4192784,77.1261352,3.7,55.0,Baliawas,hotel,,5.0,0.4225029680121224,0.4,0.6,0.5565068572759627,0.7039733628431956,0.5,0.9989063739776612,0.5280619029072113,Other,Mid-Range,0.3747192385157226,3.7,0.4225029680121224,0.559574612137213
ChIJCWY26SAhDTkR1Zlugtx6d1U,ChIJCWY26SAhDTkR1Zlugtx6d1U,Camp Wild Retreat At Aravali Valley,"At Dhauj Bandh, Village Selakhari, Manger - Dhauj Rd, Distt, Faridabad",28.3621937,77.1865942,4.1,1361.0,Distt,hotel,,5.0,0.9996212244033812,1.0,0.0,0.9987818598747252,0.999811589717865,0.999777466058731,0.5,0.9995648562908171,Other,Mid-Range,0.6718021408348259,4.1,0.9996212244033812,0.8600618713405077
ChIJqdWdI88jDTkRl5jezmWbhyo,ChIJqdWdI88jDTkRl5jezmWbhyo,Starlight Inn,"G563, Hong Kong Bazaar, G563, Golf Course road, nearby Artemis Hospital, Block G, Sushant Lok 2, Sector 57, Gurugram",28.4257566,77.0908738,3.9,210.0,Sector 57,hotel,,5.0,0.2002398502401774,0.2,0.8,0.5000297521837637,0.000289730989607,0.0003292100373072,0.0004250079218763,0.2002398502401774,Sector 57,Budget,0.4982034759934415,3.9,0.2002398502401774,0.5415145736554661
ChIJR72LhAciDTkRwAKmjg0lFv4,ChIJR72LhAciDTkRwAKmjg0lFv4,Tulip Residency,"C3GV+W9V, Sector 55, Gurugram",28.4273601,77.0934226,1.0,1.0,Sector 55,hotel,,1.0,0.0003816748503595,0.0,1.0,0.5,0.0003816748503595,0.5,0.5,0.0003816748503595,Other,Mid-Range,0.0645249418272089,1.0,0.0003816748503595,0.0
ChIJ968tGgojDTkRObaW2xZSuXs,ChIJ968tGgojDTkRObaW2xZSuXs,Townhouse Sector 62 Gurgaon,"House Number 1, Vill, Ullawas, near Indira Gandhi hospital, Baharampur Naya, Sector 62, Gurugram",28.4057649,77.0917657,4.2,101.0,Sector 62,hotel,,5.0,0.600080053016427,0.6,0.4,0.5000250135708483,0.0007391582475975,0.999835968017578,0.5,0.666813314310275,Other,Mid-Range,0.4305378570371057,4.2,0.600080053016427,0.6945688721797915
ChIJC7kLf7ghDTkRxYDIWk_0mrg,ChIJC7kLf7ghDTkRxYDIWk_0mrg,Farm Aravalia Mangar,"Managed by Atithyam Group, Farm Aravalia, summer sprint, near Mangar, Mangar, Faridabad",28.3701362,77.1852251,4.7,590.0,Mangar,hotel,,5.0,0.99986891746521,1.0,0.0,0.9998660087585448,0.5,0.999869704246521,0.5,0.9998731017112732,Other,Mid-Range,0.5940820634117353,4.7,0.99986891746521,0.923370893326885
ChIJwyNkcvcjDTkRi9Q6m8AgXBg,ChIJwyNkcvcjDTkRi9Q6m8AgXBg,The Royal Residency,"2420P, Block G, Sushant Lok 2, Sector 57, Gurugram",28.4274641,77.0908147,4.4,15.0,Sector 57,hotel,,5.0,0.9998393654823304,1.0,0.0,0.9998695850372314,0.9998615980148317,0.5,0.5,0.9998577237129213,Sector 57,Mid-Range,0.2580997673088359,4.4,0.9998393654823304,0.8120193202065507
ChIJk52GIJUjDTkRFLn_-Jkhn3Y,ChIJk52GIJUjDTkRFLn_-Jkhn3Y,Super Townhouse Sector 57 Gurgaon Near Hong Kong Bazaar,"Block P, 2520, Block G, Sushant Lok 2, Gurugram",28.4275498,77.09081189999999,3.9,29.0,Sushant Lok 2,hotel,,5.0,0.3988004234997788,0.4,0.6,0.0013427780019506,0.0033067851327359,0.9998784065246582,0.0033067851327359,0.994986891746521,Other,Mid-Range,0.3166168302341184,3.9,0.3988004234997788,0.566241281008831
ChIJN5u7MekfDTkRGGmz2C41TvQ,ChIJN5u7MekfDTkRGGmz2C41TvQ,Avanti Retreat,"B 21 Farm, Opposite, Faridabad - Gurgaon Rd, Valley View Estate, Gwal Pahari, Gurugram",28.431987,77.12672479999999,4.4,115.0,Gwal Pahari,hotel,,5.0,0.9998005747795105,1.0,0.0,0.9997846484184264,0.9997791449228922,0.9998131692409516,0.5,0.9998169541358948,Other,Mid-Range,0.4425108247627112,4.4,0.9998005747795105,0.8512302815894303
ChIJc9nUFqgYDTkRLusxIdi-tzQ,ChIJc9nUFqgYDTkRLusxIdi-tzQ,Oyo Hotel Sands Inn Near Bestech Central Square Mall,"Plot No.188, Apartments, opposite Devender Vihar, Block B, Sector 56, Gurugram",28.427781,77.094713,3.4,274.0,Sector 56,hotel,,5.0,0.9992765665054322,1.0,0.0,0.9989370505015056,0.5,0.9985322654247284,0.5,0.9992765665054322,Other,Budget,0.5228641744469175,3.4,0.9992765665054322,0.7352194003225855
ChIJCVKJb40hDTkRperhcYArmyI,ChIJCVKJb40hDTkRperhcYArmyI,Ascott Ireo City Gurgaon,"Ireo City Central, Archview Dr, Alahawas, Ireo City, Gurugram",28.4083034,77.1028915,4.3,30.0,Ireo City,hotel,,5.0,0.6128295151516795,0.6,0.4,0.5,0.5,0.999858856201172,0.5,0.5,Other,Mid-Range,0.3196692287282864,4.3,0.6128295151516795,0.6883487227083068
ChIJ2Q_vUgAhDTkRG9JSfed_m9U,ChIJ2Q_vUgAhDTkRG9JSfed_m9U,Grand Mantram Resort,"C4GR+8J5 golden tulip suites, 33 Feet Rd, Baliawas, Gurugram, Bandhwari",28.4258125,77.14156249999999,4.3,123.0,Gurugram,hotel,,5.0,0.9998183131217956,1.0,0.0,0.9998401204744974,0.9998166859149932,0.5,0.5,0.9998782873153688,Gurugram,Luxury,0.4487191123827044,4.3,0.9998183131217956,0.8392629667471003
ChIJM3miHicZDTkR72x_enKNSXo,ChIJM3miHicZDTkR72x_enKNSXo,Hotel O Uk House Residency,"Luxury Rides, 73, Parsvnath Exotica, DLF Phase 5, Sector 53, Gurugram",28.4377667,77.10045149999999,4.5,57.0,Sector 53,hotel,,5.0,0.9998281955718994,1.0,0.0,0.9998786449432372,0.9998172521591188,0.5,0.9997592568397522,0.9997945626576742,Sector 53,Mid-Range,0.3779858829355023,4.5,0.9998281955718994,0.850808398499337
ChIJR1FVbAgiDTkR3NiZViDPc1w,ChIJR1FVbAgiDTkR3NiZViDPc1w,Fabhotel The Lavish Villa,"G563, Golf Course road, nearby Artemis Hospital, Block G, Sushant Lok 2, Sector 57, Gurugram",28.42551,77.09064,3.4,42.0,Sector 57,hotel,,5.0,0.000643495740951,0.0,1.0,0.0006935011442692,0.5,0.0004143775004195,0.0014625381445512,0.0004630927796824,Sector 57,Mid-Range,0.3501294176361872,3.4,0.000643495740951,0.3798729414280392
ChIJJfVl6mnfDDkRF7gDYYhtgvE,ChIJJfVl6mnfDDkRF7gDYYhtgvE,"Aravali Marriott Resort & Spa, Delhi Ncr","1, Pakhal, Faridabad, Gothda Mohbtabad",28.3714105,77.21039789999999,4.3,91.0,Faridabad,hotel,,5.0,0.0557693111797561,0.0,1.0,0.1371824630186892,0.0004101805825484,0.5,0.5,0.0003438071580603,Other,Luxury,0.4209324557207723,4.3,0.0557693111797561,0.5321609155040709
ChIJYbdlwT3fDDkRR4j0lgH9GwQ,ChIJYbdlwT3fDDkRR4j0lgH9GwQ,Wildhawk Near Delhi Ncr,"Post Office, Village Selakhari, Manger - Dhauj Rd, Faridabad",28.3679554,77.19758449999999,4.1,384.0,Manger - Dhauj Rd,hotel,,5.0,0.9997087478637696,1.0,0.0,0.5,0.9998645782470704,0.5,0.5,0.5,Other,Mid-Range,0.5541863122314439,4.1,0.9997087478637696,0.8350734789174894
ChIJK8q9_lrhDDkR6E6lBzzBCxQ,ChIJK8q9_lrhDDkR6E6lBzzBCxQ,Anvaya,"C5VV+GR Amaara Farms, A-12, Chattarpur Mandir Rd, Regency Farms, Bhatti Kalan, New Delhi",28.4437731,77.1944044,4.7,119.0,Bhatti Kalan,hotel,,5.0,0.9998527050018312,1.0,0.0,0.5,0.999829888343811,0.999825656414032,0.999885082244873,0.9998527050018312,Other,Mid-Range,0.4456667138885363,4.7,0.9998527050018312,0.8917984960324798
ChIJmfuSlfUiDTkRvusb7g244DQ,ChIJmfuSlfUiDTkRvusb7g244DQ,Fabhotel Sk Residency,"Kushal Nagar, Plot No: 22, near ZEN PACF, Bad, Shahpur, Gurgaon, Pali",28.3960077,77.243233,5.0,4.0,Gurgaon,hotel,,4.0,0.9995223879814148,1.0,0.0,0.9996755123138428,0.5,0.9996755123138428,0.9996755123138428,0.9996755123138428,Other,Mid-Range,0.1498222752495692,5.0,0.9995223879814148,0.8686487743112048
ChIJ13o6losfDTkR7ugYxJNGxvo,ChIJ13o6losfDTkR7ugYxJNGxvo,V Resorts Farm Stay Delhi,"2 Sheesham Lane, Dera Mandi Retreat, Dera Mandi Link Road Village Dera Mandi, Chhatarpur, New Delhi",28.435985,77.159233,3.9,276.0,Chhatarpur,hotel,,5.0,0.4040017832361627,0.4,0.6,0.5000770088954595,0.0002956384269054,0.5,0.5,0.3399619245319626,Chhatarpur,Budget,0.5235387412652964,3.9,0.4040017832361627,0.6119120236039156
ChIJdwQosSwhDTkRemMOwhgmgNM,ChIJdwQosSwhDTkRemMOwhgmgNM,Stayvista At Brookvale Manor | Villa With Private Pool,"Kila no.25, Asante Farms, Cricket Ground, opposite Mangar, Faridabad",28.3789524,77.1707108,4.6,50.0,opposite Mangar,hotel,,5.0,0.6237080454360694,0.6,0.4,0.5590755306184292,0.5002543068258091,0.9995277225971222,0.5,0.9994342029094696,Other,Budget,0.3660129152098967,4.6,0.6237080454360694,0.7415568562844952
ChIJ7fRtZmwYDTkR1gC0XrYO20g,ChIJ7fRtZmwYDTkR1gC0XrYO20g,Capital O11243 Vedanta,"Islampur, Sector 38, Gurugram, Bandhwari",28.4047148,77.1640314,3.4,78.0,Gurugram,hotel,,5.0,0.0027086467423941,0.0,1.0,0.0032839508348842,0.0003889889776473,0.0052087749354541,0.0048783151432871,0.0052087749354541,Gurugram,Mid-Range,0.4067510860676074,3.4,0.0027086467423941,0.3925749670095851
ChIJufECNbAfDTkRsAyk2MG1b1w,ChIJufECNbAfDTkRsAyk2MG1b1w,Hotel O Met City,"44, 1, Gwal Pahari, Gurugram, Bandhwari",28.4340068,77.1457768,3.9,50.0,Gurugram,hotel,,5.0,0.4000845657981699,0.4,0.6,0.5,0.5,0.5,0.5,0.3334443667699815,Gurugram,Mid-Range,0.3660129152098967,3.9,0.4000845657981699,0.5771572849000677
ChIJh_fvpJ0fDTkRUtRf7hTB600,ChIJh_fvpJ0fDTkRUtRf7hTB600,"H M White House - Best Farmhouse In New Delhi, Private Party, Bachelor Party, Farmhouse Chattarpur","H M, WHITE HOUSE, Plumeria Ln, Dera Village, Dera, chattarpur, New Delhi",28.4438173,77.17651719999999,4.5,97.0,chattarpur,hotel,,5.0,0.7000437096110546,0.6,0.2,0.2504047938564326,0.2504047938564326,0.7498603165149689,0.2504047938564326,0.5002258743431108,Other,Mid-Range,0.4268137678954004,4.5,0.7000437096110546,0.7655497940501974
ChIJYbW5sPMfDTkRNEz9-03Tl54,ChIJYbW5sPMfDTkRNEz9-03Tl54,Roomshala 107 Chattarpur Farm House,"Khasra No 47/9/1, 2, 8, 19, 20, 12, 13, 17, 18, Dera Village, Dera Mandi, New Delhi",28.4437387,77.17549269999999,3.0,2.0,Dera Mandi,hotel,,2.0,0.5001710124488454,0.5,0.5,0.5,0.5,0.0006491080275736,0.0006491080275736,0.0006491080275736,Other,Mid-Range,0.1022696131573402,3.0,0.5001710124488454,0.4333511954341736
ChIJU1FwGXDeDDkRzzTKRRRe3EY,ChIJU1FwGXDeDDkRzzTKRRRe3EY,Badkhal Lake Resort,"C76G+Q5H, Badkhal Lake Tourist Resort Badkhal",28.4118914,77.27552709999999,4.0,439.0,C76G+Q5H,hotel,,,,,,,,,,,Other,Luxury,0.5666167246789751,4.0,0.5,0.6649954809525658
ChIJidaezV_dDDkRnRpQRPzREZc,ChIJidaezV_dDDkRnRpQRPzREZc,Maira Retreat,"114, Sector 21D, Faridabad",28.4185344,77.2915751,4.4,17.0,Sector 21D,hotel,,5.0,0.5999711413518526,0.6,0.4,0.9997766613960266,0.0003135165898129,0.9997891783714294,0.0003135165898129,0.5000166320969583,Other,Mid-Range,0.2690641681418895,4.4,0.5999711413518526,0.68677634802508
ChIJuXLbfLffDDkRxy1PB4zL1WA,ChIJuXLbfLffDDkRxy1PB4zL1WA,Collection O By Oyo Hotel Evergreen,"G-128near, Badkhal Lake, Sanjay Gandhi Memorial Nagar, Sector 21D, Faridabad",28.4145342,77.284087,4.8,129.0,Sector 21D,hotel,,5.0,0.7966912458767184,0.8,0.2,0.500361221638741,0.6668307500464531,0.9831409454345704,0.5,0.7966912458767184,Other,Budget,0.4531178746249257,4.8,0.7966912458767184,0.8418595834451821
ChIJ3f2tTHbeDDkRDf98bXDD7Zg,ChIJ3f2tTHbeDDkRDf98bXDD7Zg,Fabhotel Evergreen,"Plot No. G-128, Badkhal Rd, Sanjay Gandhi Memorial Nagar, New Industrial Township, Faridabad",28.41442,77.28457999999999,4.1,19.0,New Industrial Township,hotel,,5.0,0.6000483558687847,0.6,0.4,0.5,0.99982351064682,0.5,0.5001289161446039,0.6666472092523084,New Industrial Township,Mid-Range,0.2788721589039871,4.1,0.6000483558687847,0.649006754439435
ChIJ3a9ngjLfDDkRSKpG4qiY0Uc,ChIJ3a9ngjLfDDkRSKpG4qiY0Uc,Hotel Badhkal Lake View,"Ankheer Rd, Ankheer, Faridabad",28.4186209,77.2835707,4.7,162.0,Ankheer,hotel,,5.0,0.6054361134767532,0.6,0.4,0.5,0.0202623605728149,0.5,0.5095838904380798,0.9989054203033448,Other,Mid-Range,0.474176256655733,4.7,0.6054361134767532,0.7720265941333719
ChIJ6wyYSJndDDkRRdbX4at-Y-0,ChIJ6wyYSJndDDkRRdbX4at-Y-0,Oyo Heritage Residency,"87 House, 87, Sector 21D, Faridabad",28.4187733,77.2915544,3.7,103.0,Sector 21D,hotel,,5.0,0.4017176093766466,0.4,0.6,0.2521764564153272,0.9996939897537231,0.5,0.0003201886720489,0.5000070892128861,Other,Budget,0.4323454830297744,3.7,0.4017176093766466,0.565200017362691
ChIJXUHMYQ_fDDkRaJWmhG4TZa4,ChIJXUHMYQ_fDDkRaJWmhG4TZa4,Hotel O Badkhal Lake Formerly Lake View,"Zill Chowk, G-137, Badkhal Rd, near Govt. Petrol Pump, opp. Hotel Management College, Sanjay Gandhi Memorial Nagar, Faridabad",28.4144027,77.28450169999999,3.6,167.0,Sanjay Gandhi Memorial Nagar,hotel,,5.0,0.4004496868234127,0.4,0.6,0.3334929336172839,0.5000742160627851,0.5000633084127911,0.9998427629470824,0.6666637316908842,Other,Mid-Range,0.4769888516730629,3.6,0.4004496868234127,0.5609974770383593
ChIJj0IpArTeDDkRBg2UFCSt5DI,ChIJj0IpArTeDDkRBg2UFCSt5DI,Hotel Love Point,"Nangla Enclave Part 1, Nangla Gujran, Faridabad",28.3581541,77.2688912,4.3,7.0,Nangla Gujran,hotel,,1.0,0.9998214840888976,1.0,0.0,0.5,0.5,0.5,0.5,0.9998214840888976,Other,Mid-Range,0.1935748254816269,4.3,0.9998214840888976,0.7849960263963307
ChIJrcVbzE3fDDkR0ONLilZcnO0,ChIJrcVbzE3fDDkR0ONLilZcnO0,Oyo Far338 Hotel Shree Krishna,"Mcf-112, Dabua Pali Rd, near Sakshi Dharam Kanta Hotel Diamond Stay, Village Dabua, Main Road, Faridabad",28.3841147,77.26648999999999,4.0,50.0,Main Road,hotel,,3.0,0.0418495385480734,0.0,1.0,0.5,0.5,0.0005839304649271,0.5,0.5,Other,Budget,0.3660129152098967,4.0,0.0418495385480734,0.4761584531408711
ChIJBWLPRSvfDDkR9hoirJEhMJI,ChIJBWLPRSvfDDkR9hoirJEhMJI,Hotel O Rock Inn,"Hotel View Point 2H/81, NIT near Bhojpuri chowk, Dabua sabzi Mandi, Road, Faridabad",28.3839379,77.2858126,3.4,88.0,Road,hotel,,4.0,0.2531280032744689,0.25,0.75,0.5,0.5,0.5,0.0121930409222841,0.5,Other,Budget,0.4178463229216191,3.4,0.2531280032744689,0.4748293434478079
ChIJFY4uPHjfDDkR79j1cq2_-W8,ChIJFY4uPHjfDDkR79j1cq2_-W8,Oyo Hotel Akashdeep,"10, Sohna Rd, chowk Industrial Area, Nangla Gujran, Sarurpur, Faridabad",28.3541151,77.2743885,4.0,65.0,Sarurpur,hotel,,5.0,0.379215794627089,0.4,0.6,0.0005211057141422,0.0003001141012646,0.5,0.5,0.0005277591117191,Other,Budget,0.3900141789323282,4.0,0.379215794627089,0.5888976544653047
ChIJ17YA13zcDDkRo3GFvGnqcYw,ChIJ17YA13zcDDkRo3GFvGnqcYw,Hotel O By Oyo Royal Inn,"Milan Sweets & Restaurant, House Board Market, Escorts Mujesar Metro Station, 76, Block J, Block F, Sector 10 HBC, Faridabad",28.3693825,77.32938999999999,3.7,435.0,Sector 10 HBC,hotel,,5.0,0.4683502878411673,0.4,0.6,0.1244905069470405,0.5621242858469486,0.5,0.2174354344606399,0.2174354344606399,Other,Budget,0.5657665834864768,3.7,0.4683502878411673,0.6148367093293554
ChIJbRm2nIndDDkRSBeUA2LGd1I,ChIJbRm2nIndDDkRSBeUA2LGd1I,K Hotel,"C8W8+V7P, Plot No.2, Near Police Station, Sonia nagar, Sector 31, Faridabad",28.4468642,77.31641470000001,3.8,823.0,Sector 31,hotel,,5.0,0.5830075466481504,0.6,0.4,0.0130366645753383,0.5064192395657301,0.902125597000122,0.5,0.6708826012909412,Other,Mid-Range,0.6250208830257262,3.8,0.5830075466481504,0.6773138222216498
ChIJ9QLLUI3dDDkRRkT-iEdX5Oo,ChIJ9QLLUI3dDDkRRkT-iEdX5Oo,Hotel Walk Inn,"1C-68, main market, near sagar guest house, Block C, New Industrial Twp 1, New Industrial Township, Faridabad",28.3806586,77.3010103,4.8,81.0,New Industrial Township,hotel,,5.0,0.9995821118354796,1.0,0.0,0.9996376931667328,0.5,0.9997225403785706,0.9998509883880616,0.9995821118354796,New Industrial Township,Budget,0.4102206732614377,4.8,0.9995821118354796,0.8974664111617499
ChIJe0xCk5bdDDkR666iGLVq8iw,ChIJe0xCk5bdDDkR666iGLVq8iw,Shree Jee Hotel,"Plot No 22A, near whirlpool industries Ltd, Rajiv Gandhi Colony, New Industrial Township, Faridabad",28.3728231,77.3049453,4.7,949.0,New Industrial Township,hotel,,5.0,0.7999738621816505,0.8,0.2,0.9998743534088136,0.6667037685886802,0.5,0.9998836517333984,0.7999738621816505,New Industrial Township,Mid-Range,0.6382667680174953,4.7,0.7999738621816505,0.868993702899043
ChIJtR4NW0jcDDkRUETZGgY6mIY,ChIJtR4NW0jcDDkRUETZGgY6mIY,Ginger Faridabad,"Fun City Mall, Main Road, New Industrial Township, Faridabad",28.393561,77.3115261,4.0,3555.0,New Industrial Township,hotel,,5.0,0.7498018480837345,0.8,0.2,0.6872826190665364,0.5868558051685492,0.5,0.7325940728187561,0.9302287846803664,New Industrial Township,Mid-Range,0.7611387695511939,4.0,0.7498018480837345,0.7860668380083109
ChIJP1vHsD_cDDkRdzvsWXI8hbc,ChIJP1vHsD_cDDkRdzvsWXI8hbc,"Delite Sarovar Portico, Faridabad","Plot No.17-18, Neelam Bata Rd, AC Nagar, New Industrial Township, Faridabad",28.3810968,77.30729079999999,4.0,3119.0,New Industrial Township,hotel,,5.0,0.200463309319457,0.2,0.8,0.5,0.2503999723921879,0.0002581191074568,0.5,0.3336699674643266,New Industrial Township,Mid-Range,0.748962313263893,4.0,0.200463309319457,0.6082145016017663
ChIJ5ybDRzjcDDkRl2FKQsRD4eo,ChIJ5ybDRzjcDDkRl2FKQsRD4eo,Hotel Akash Faridabad,"12, Neelam Bata Rd, AC Nagar, New Industrial Township, Faridabad",28.3802559,77.3072687,3.6,812.0,New Industrial Township,hotel,,5.0,0.7999476523254998,0.8,0.2,0.0005132412188686,0.9998062551021576,0.5,0.5001376199361403,0.6667182794966114,New Industrial Township,Mid-Range,0.6237698098895316,3.6,0.7999476523254998,0.7196739934877057
ChIJtYj0-CfdDDkRAGrPizQfakk,ChIJtYj0-CfdDDkRAGrPizQfakk,Hotel Apj Grand,"35, Neelam Bata Rd, New Industrial Twp 1, New Industrial Township, Faridabad",28.38418,77.30742049999999,4.4,170.0,New Industrial Township,hotel,,5.0,0.6096723600174301,0.6,0.4,0.5239996816962956,0.0482166223227977,0.9997827410697936,0.5,0.7618884099647403,New Industrial Township,Mid-Range,0.4786365020058283,4.4,0.6096723600174301,0.7344464699441576
ChIJSbK5LDjcDDkRNyRcRHo4DI0,ChIJSbK5LDjcDDkRNyRcRHo4DI0,Mahalakshmi Palace Hotel,"No, 68 Plot, 68, Neelam Bata Rd, Near Fortis Hospital, AC Nagar, New Industrial Township, Faridabad",28.3900633,77.3066401,3.9,227.0,New Industrial Township,hotel,,5.0,0.4001104513881728,0.4,0.6,0.5,0.5,0.9998408555984496,0.0003495189012027,0.2503309746680315,New Industrial Township,Luxury,0.5054167725029061,3.9,0.4001104513881728,0.606816067655844
ChIJQzynNDjcDDkRwyLgZhp-JWY,ChIJQzynNDjcDDkRwyLgZhp-JWY,Cs Boutique Hotel,"Plot 67, Neelam Bata Rd, AC Nagar, New Industrial Township, Faridabad",28.3899676,77.3067374,3.9,3321.0,New Industrial Township,hotel,,5.0,0.8009909205138683,0.8,0.2,0.9998706579208374,0.7512718504294753,0.9998656511306764,0.9998706579208374,0.7512734895572066,New Industrial Township,Mid-Range,0.7548022105017324,3.9,0.8009909205138683,0.7877571369032537
ChIJey3atz_cDDkRzaFat-06_cg,ChIJey3atz_cDDkRzaFat-06_cg,Hotel Delite Grand,"A-5/B, Neelam Bata Road, Shahid Bhagat Singh Marg, New Industrial Township, Faridabad",28.3879373,77.30612880000001,4.0,4132.0,New Industrial Township,hotel,,5.0,0.6109853283734992,0.6,0.4,0.6665750830822313,0.9992611606915792,0.9990727007389067,0.5,0.9992611606915792,New Industrial Township,Mid-Range,0.7751364258331616,4.0,0.6109853283734992,0.7447556711534001
ChIJUQ3mbVndDDkRlkR4HMW7AVA,ChIJUQ3mbVndDDkRlkR4HMW7AVA,Hotel Mayur,"urban cuisine urban cuisine, Sector 86, Faridabad",28.4081691,77.3409384,4.3,124.0,Sector 86,hotel,,5.0,0.9997995734214784,1.0,0.0,0.9997857809066772,0.9997847080230712,0.5,0.9997416138648988,0.9997995734214784,Other,Mid-Range,0.4494668257487076,4.3,0.9997995734214784,0.8394160229875994
ChIJVc-6iDLcDDkRYFx6THP4ASc,ChIJVc-6iDLcDDkRYFx6THP4ASc,"Treebo Punjabi Nature Residency, Near Faridabad Railway Station","167, KL Mehta College, KC Rd, Block L, New Industrial Twp 5, New Industrial Township, Faridabad",28.4020799,77.2987327,4.0,95.0,New Industrial Township,hotel,,5.0,0.2654794736823532,0.2,0.8,0.1091893596652273,0.1595999778364784,0.4420804940164088,0.1091893596652273,0.0083681233227252,New Industrial Township,Mid-Range,0.4248943222933851,4.0,0.2654794736823532,0.5600297462096441
ChIJPdbsEubdDDkREN5Uabi4_aQ,ChIJPdbsEubdDDkREN5Uabi4_aQ,Park Plaza Faridabad,"Sector 21C, Faridabad",28.4292331,77.2966318,4.3,7308.0,Sector 21C,hotel,,5.0,0.7999300172523363,0.8,0.2,0.999857097864151,0.9998540282249452,0.9998435974121094,0.5,0.7999300172523363,Other,Mid-Range,0.8282072013097816,4.3,0.7999300172523363,0.8562053360258028
ChIJI69JKUfcDDkRXn3xNhvAIp8,ChIJI69JKUfcDDkRXn3xNhvAIp8,"Radisson Blu Hotel, Faridabad","Mathura Rd, Krishna Nagar, New Industrial Township, Sector 20B, Faridabad",28.3856918,77.3119231,4.7,22655.0,Sector 20B,hotel,,5.0,0.9978514432907104,1.0,0.0,0.9973432421684264,0.9966210126876832,0.990119457244873,0.5,0.9978514432907104,Other,Luxury,0.933521406498111,4.7,0.9978514432907104,0.9949243344017086
ChIJU_13687dDDkRfu5EYp6gax4,ChIJU_13687dDDkRfu5EYp6gax4,The Central View Hotel And Banquets,"Sco 64/65, Huda Market, Sector 12, Faridabad",28.3863069,77.3195185,4.3,242.0,Sector 12,hotel,,5.0,0.7998014213400892,0.8,0.2,0.9993021190166472,0.9988635778427124,0.999354124069214,0.4998056296899449,0.7497906091011828,Other,Mid-Range,0.5113480657867013,4.3,0.7998014213400892,0.7887699075106614
ChIJl-ab2zzdDDkR3F9f6h1Sy4U,ChIJl-ab2zzdDDkR3F9f6h1Sy4U,Hotel Billionaire Inn,"Plot No 57, Neelam Bata Rd, AC Nagar, New Industrial Township, Faridabad",28.3883557,77.3069822,4.1,274.0,New Industrial Township,hotel,,5.0,0.4000377141986972,0.4,0.6,0.0001864793011918,0.4999443094129673,0.5,0.0001864793011918,0.0003864150494336,New Industrial Township,Budget,0.5228641744469175,4.1,0.4000377141986972,0.6370907327134204
ChIJqxGysiLcDDkRb_4pTjmeGHc,ChIJqxGysiLcDDkRb_4pTjmeGHc,"Hotel Diamond Inn,","Hardware Chowk, Hardware Colony, Rajiv Gandhi Colony, New Industrial Township, Faridabad",28.3777481,77.2979111,3.7,501.0,New Industrial Township,hotel,,5.0,0.7610731829889119,0.8,0.2,0.5,0.7016077773878351,0.998934805393219,0.998934805393219,0.7013879852602258,New Industrial Township,Budget,0.5788883259189451,3.7,0.7610731829889119,0.7110187498229986
ChIJWWh9-XjdDDkR5HcuTf_TKY4,ChIJWWh9-XjdDDkR5HcuTf_TKY4,Ceremony Hotel And Banquets,"5, Railway Rd, Fruit Garden, New Industrial Township, Faridabad",28.3986468,77.3066565,3.8,316.0,New Industrial Township,hotel,,5.0,0.2003464710433035,0.2,0.8,0.5000409237109125,0.33344922363176,0.0002658234734553,0.0005143983289599,0.2003464710433035,New Industrial Township,Mid-Range,0.536095092600475,3.8,0.2003464710433035,0.536314506483485
ChIJEct2-vnbDDkREpc6nVEm_CM,ChIJEct2-vnbDDkREpc6nVEm_CM,Hotel Rajmandir,"45, Neelam Bata Rd, AC Nagar, New Industrial Township, Faridabad",28.3858776,77.3074493,3.8,3541.0,New Industrial Township,hotel,,5.0,0.2000848369178129,0.2,0.8,0.0004817750595975,0.000418285078922,0.9987510442733764,0.0003023870012839,0.000418285078922,New Industrial Township,Mid-Range,0.760771550875438,3.8,0.2000848369178129,0.5840186267063291
ChIJFXSOmqDdDDkRvjkhVVsePg0,ChIJFXSOmqDdDDkRvjkhVVsePg0,Hotel Orchid,"5E - 5, N.I.T, Railway Rd, Block E, B.P, New Industrial Township, Faridabad",28.3946737,77.30543689999999,3.4,33.0,New Industrial Township,hotel,,5.0,0.5992655674926937,0.6,0.4,0.50041630276246,0.4975823403219692,0.5006866912008263,0.9941218495368958,0.7488212515891064,New Industrial Township,Mid-Range,0.3282682438797654,3.4,0.5992655674926937,0.5662091916141275
ChIJHyjs3C_dDDkRyM4BTCNh7Sw,ChIJHyjs3C_dDDkRyM4BTCNh7Sw,Nest Residency,"1-B,222, Vishwakarma Setu, Behind HP Petrol Pump, Block B, New Industrial Twp 1, New Industrial Township, Faridabad",28.3795558,77.3056022,4.2,95.0,New Industrial Township,hotel,,5.0,0.7860269218683242,0.8,0.2,0.7860269218683242,0.1447379738092422,0.7144548743963242,0.9993133246898652,0.5722381249070166,New Industrial Township,Mid-Range,0.4248943222933851,4.2,0.7860269218683242,0.7526935150805277
ChIJTQ2erOLdDDkRB_-qK1Sz1Ek,ChIJTQ2erOLdDDkRB_-qK1Sz1Ek,Hotel Jairose Palace | Best Business Hotel In Faridabad | Near Asian & Metro Hospital,"Metro Pillar no. 626, Plot No. 2117, Sector 28, NH-19, Faridabad",28.4338017,77.3098227,4.4,460.0,NH-19,hotel,,5.0,0.9998016119003296,1.0,0.0,0.999779224395752,0.999810665845871,0.999779224395752,0.5,0.999765932559967,Other,Luxury,0.5709568804821098,4.4,0.9998016119003296,0.87855046538757
ChIJz16IJ_3dDDkRmEAza-Hp2Os,ChIJz16IJ_3dDDkRmEAza-Hp2Os,Hotel Royal Harmony,"Block - D, Plot no. - 2, Pocket D, Sector 11, Faridabad",28.3713965,77.3232094,4.6,34.0,Sector 11,hotel,,5.0,0.8009559728205204,0.8,0.2,0.668354527403911,0.5,0.0053598172962665,0.5,0.8009559728205204,Other,Mid-Range,0.3309666882836649,4.6,0.8009559728205204,0.7906523552287988
ChIJjeAJQbbdDDkRRcIeFMXXeRo,ChIJjeAJQbbdDDkRRcIeFMXXeRo,Magpie Tourist Resort,"Magpie Complex, NH-19, Sector 16A, Faridabad",28.403849,77.3124626,3.8,2537.0,Sector 16A,hotel,,5.0,0.6896967017964926,0.6,0.4,0.2452073902677511,0.5,0.5,0.9880732893943788,0.5,Other,Luxury,0.7297433038277928,3.8,0.6896967017964926,0.7336261716465041
ChIJA5noYTHdDDkRzwENbOht5eU,ChIJA5noYTHdDDkRzwENbOht5eU,Via City Walk,"Neighbourhood No: 1, Portion no: 2,3, Sub Division No: 1, Situated at, Bata A Colony, Badkhal, New Industrial Township, Faridabad",28.3782566,77.3043802,4.0,38.0,New Industrial Township,hotel,,5.0,0.2003140053537208,0.2,0.8,0.0004676003591157,0.5002409742446616,0.5,0.5,0.0006315561477094,New Industrial Township,Mid-Range,0.3410402707054878,4.0,0.2003140053537208,0.5214038277862132
ChIJr3G6agDdDDkRHk3tDePJCI4,ChIJr3G6agDdDDkRHk3tDePJCI4,Hotel Golden Valley - Rooms | Banquet Hall | Roof-Top Restaurant,"Sareen Complex, Plot No-14, Mathura Rd, near Gopal Garden, opp. Badhkal Metro Station, Industrial Area, Karkhana Bagh, Faridabad",28.4229091,77.3084835,3.8,49.0,Karkhana Bagh,hotel,,5.0,0.8000765928300098,0.8,0.2,0.999784767627716,0.7501968454162123,0.5,0.5,0.9996952712535858,Other,Mid-Range,0.3641694923263474,3.8,0.8000765928300098,0.6910862964674955
ChIJdy7ZET3cDDkRwzZ86bC0Ick,ChIJdy7ZET3cDDkRwzZ86bC0Ick,Hotel O By Oyo Sagar,"Shop no. 1D, 38, Deep Chand Bhatia Marg, Block D, New Industrial Twp 1, New Industrial Township, Faridabad",28.3806164,77.30010089999999,3.7,107.0,New Industrial Township,hotel,,5.0,0.4006801639683545,0.4,0.6,0.0012128013186156,0.002695667091757,0.0005169629002921,0.0005169629002921,0.500199294037884,New Industrial Township,Budget,0.4358587231264387,3.7,0.4006801639683545,0.5656162770792573
ChIJZazyR6vdDDkReF4YzZwjGLw,ChIJZazyR6vdDDkReF4YzZwjGLw,The Rolex Grand Hotel Faridabad,"Plot No 1A\270 NIT-1 Faridabad Shaheed Bhagat Singh Marg, Neelam Bata Rd, Faridabad",28.3858749,77.30656859999999,3.9,116.0,Neelam Bata Rd,hotel,,5.0,0.8001846564467996,0.8,0.2,0.9997020959854126,0.7502617255668156,0.9998763799667358,0.999841809272766,0.8001846564467996,Other,Mid-Range,0.4433098838628281,3.9,0.8001846564467996,0.7212469975080373
ChIJn4Wvaj_dDDkR0OOyRUrFYsk,ChIJn4Wvaj_dDDkR0OOyRUrFYsk,Hotel O Dsg Residency,"1, Sector-20B, chowk, Ajronda, Faridabad",28.3914152,77.31129039999999,3.2,103.0,Ajronda,hotel,,5.0,0.3994876682176255,0.4,0.6,0.4981449581100605,0.5001450813724659,0.5002702252822928,0.0005721860798075,0.3994876682176255,Other,Mid-Range,0.4323454830297744,3.2,0.3994876682176255,0.4980213369161523
ChIJ91zeLwDdDDkReFhf0mek_RM,ChIJ91zeLwDdDDkReFhf0mek_RM,Hotel Amar Palace,"D-1, East India Chowk, Plot No. 1, Rajiv Gandhi Colony, New Industrial Township, Faridabad",28.3706208,77.29858089999999,4.8,192.0,New Industrial Township,hotel,,5.0,0.9995015144348144,1.0,0.0,0.9998095333576202,0.9993369976679484,0.9990683794021606,0.5,0.9995015144348144,New Industrial Township,Luxury,0.4899028486553062,4.8,0.9995015144348144,0.9143887092862112
ChIJFdnp4hTdDDkR_KMLdSsdEUU,ChIJFdnp4hTdDDkR_KMLdSsdEUU,Via The Grand Palace,"Plot No. 57A & 57B, Neelam Bata Rd, AC Nagar, New Industrial Township, Faridabad",28.38805,77.30705999999999,3.6,68.0,New Industrial Township,hotel,,5.0,0.2003064119693589,0.2,0.8,0.0004852354710843,0.3332739121154493,0.4998127590733929,0.0002321742213098,0.5000381767167709,New Industrial Township,Luxury,0.3941521852236946,3.6,0.2003064119693589,0.4795242645669877
ChIJS9nAr1DdDDkRYZcXozkGok0,ChIJS9nAr1DdDDkRYZcXozkGok0,Lavit Hotel,"16/7, Sant Nagar, Old Faridabad, Faridabad",28.4147564,77.3099222,4.2,357.0,Old Faridabad,hotel,,5.0,0.9386960029602052,1.0,0.0,0.999583383401235,0.999288241068522,0.9991995990276336,0.999288241068522,0.999422291914622,Other,Mid-Range,0.5474177195007338,4.2,0.9386960029602052,0.8274616066015765
ChIJoZy0FF3dDDkRDl0o6XjtTAQ,ChIJoZy0FF3dDDkRDl0o6XjtTAQ,Hotel O By Oyo Platinum Inn,"212A Plot no. 212A, Rishi Ji market, Talab Rd, Old Faridabad, Faridabad",28.420509,77.317799,3.9,122.0,Old Faridabad,hotel,,5.0,0.400097967023612,0.4,0.6,0.0002176593552576,0.3334750404270987,0.5,0.5,0.9997880756855012,Other,Budget,0.4479653445915689,3.9,0.400097967023612,0.5945924446115213
ChIJEfscDYrdDDkRWnjQ9k_6njQ,ChIJEfscDYrdDDkRWnjQ9k_6njQ,Treebo Grand Town House,"Metro Pillar No. 629, Corporate Office, 630, Mathura Rd, opposite Escorts, Rajendra Colony, Sector 28, Faridabad",28.4331084,77.3098986,4.1,328.0,Sector 28,hotel,,5.0,0.9986210942268372,1.0,0.0,0.9983325004577636,0.9996718168258666,0.9974572956562042,0.999321311712265,0.9974572956562042,Other,Mid-Range,0.5395539355626587,4.1,0.9986210942268372,0.8316142354091496
ChIJ7__72BTdDDkR4IspIyx07sM,ChIJ7__72BTdDDkR4IspIyx07sM,Hotel O Dev Palace,"305, Omaxe Heights Rd, Sector 86, Faridabad",28.408902,77.336123,4.1,16.0,Sector 86,hotel,,4.0,0.500933790790441,0.5,0.5,0.5,0.5,0.5,0.0020130169141339,0.0004696372488979,Other,Luxury,0.2637433020525564,4.1,0.500933790790441,0.6141671392565673
ChIJ6YO4P9zdDDkR_N4aclI98Ng,ChIJ6YO4P9zdDDkR_N4aclI98Ng,Flagship Hotel Royal Residency,"177, Sec, 9-10 Dividing Rd, Sector 9, Faridabad",28.37248,77.329596,3.2,47.0,Sector 9,hotel,,5.0,0.4007870023779105,0.4,0.6,0.5008900106477086,0.5008160975921783,0.5,0.0003749692987184,0.5001139325177064,Other,Mid-Range,0.3603693804661761,3.2,0.4007870023779105,0.4831269121920298
ChIJBztzF2_dDDkRL7U3jwZkoRM,ChIJBztzF2_dDDkRL7U3jwZkoRM,Hotel Ekant,"Plot No 419, Sector 17, Faridabad",28.4100077,77.3291895,4.2,225.0,Sector 17,hotel,,5.0,0.6000439429597464,0.6,0.4,0.9998493492603302,0.3334936341173791,0.5,0.0001882181386463,0.0003310800384497,Other,Mid-Range,0.5045965926282034,4.2,0.6000439429597464,0.710309285302947
ChIJfRuk03LcDDkRjgXz8GpwXrc,ChIJfRuk03LcDDkRjgXz8GpwXrc,Hotel Rajmahal Regency,"B.P, 46, Neelam Bata Rd, AC Nagar, New Industrial Township, Faridabad",28.386028,77.3076669,4.3,381.0,New Industrial Township,hotel,,5.0,0.7930067125649657,0.8,0.2,0.999634563922882,0.6552398111574197,0.9826352894306184,0.9998193383216858,0.6665726608189289,New Industrial Township,Mid-Range,0.5534580961560319,4.3,0.7930067125649657,0.795558704289675
ChIJO6S1YKjdDDkRgT-6xy2HcGU,ChIJO6S1YKjdDDkRgT-6xy2HcGU,Hotel Grand Highway,"Escorts mujesar, metro station, Sector 11, Pocket A, Sector 11, Faridabad",28.3693364,77.3152238,3.7,148.0,Sector 11,hotel,,5.0,0.4001466173474909,0.4,0.6,0.500033477335819,0.5001358664267173,0.9998773336410522,0.0003261398184501,0.5000364868246834,Other,Mid-Range,0.4658164288236393,3.7,0.4001466173474909,0.5718179115784248
ChIJ3ydPH0rcDDkRphpP8-WHB1c,ChIJ3ydPH0rcDDkRphpP8-WHB1c,Crown Residency,"Neelam Ajronda, Metro Station, 44579, Mathura Rd, Sector 20A, Ajronda, Faridabad",28.395721,77.311908,3.0,381.0,Ajronda,hotel,,5.0,0.0005848272994625,0.0,1.0,0.000458697650174,0.0004947925335727,0.0008000047528184,0.0004947925335727,0.0006367884925566,Other,Mid-Range,0.5534580961560319,3.0,0.0005848272994625,0.3699274600296938
ChIJJ-iCsl7dDDkRD6VpV-uTHQw,ChIJJ-iCsl7dDDkRD6VpV-uTHQw,Fabhotel Kavya Inn,"2F-4, nearby Tikona Park, Block D, New Industrial Twp 2, New Industrial Township, Faridabad",28.3831006,77.2942743,4.4,153.0,New Industrial Township,hotel,,5.0,0.5880631563835778,0.6,0.4,0.6667206336278468,0.500163800898008,0.9998277425765992,0.5,0.6667206336278468,New Industrial Township,Budget,0.4688889788090837,4.4,0.5880631563835778,0.7254789598809968
ChIJu20mEizdDDkRR9N1osWYkaM,ChIJu20mEizdDDkRR9N1osWYkaM,Crown Ceremonies,"BP, Neelam, 5B/10, Railway Rd, opposite Hyundai Showroom, Block B, New Industrial Twp 5, New Industrial Township, Faridabad",28.4038268,77.30547659999999,4.4,346.0,New Industrial Township,hotel,,5.0,0.2003607299586292,0.2,0.8,0.5,0.2503553989008651,0.9998685121536256,0.0005176944832782,0.0002520833513699,New Industrial Township,Mid-Range,0.5445125533795373,4.4,0.2003607299586292,0.6178700894947398
ChIJV4_uqVXdDDkRhSjJem1l21I,ChIJV4_uqVXdDDkRhSjJem1l21I,Immense Residency - Hotel | Restaurant | Banquet Hall | Bar | Cafe,"2106, 5th Floor, 2106, Rajendra Colony, Sector 28, Faridabad",28.4322918,77.3099337,3.6,287.0,Sector 28,hotel,,5.0,0.7999203252926236,0.8,0.2,0.666651713870427,0.5000408113337471,0.5,0.5,0.666651713870427,Other,Mid-Range,0.5271639354507254,3.6,0.7999203252926236,0.6991176741743473
ChIJ9UwfBWzdDDkRCkXnHDqFYAQ,ChIJ9UwfBWzdDDkRCkXnHDqFYAQ,Hotel O Flagship,"G/33AOpposite, St. Joseph School, 5, New Industrial Twp 5, Faridabad",28.398925,77.3038917,2.4,37.0,New Industrial Twp 5,hotel,,5.0,0.0068728516140253,0.0,1.0,0.0103268331780175,0.0003551356203388,0.5,0.0304273087531328,0.5,Other,Mid-Range,0.3386222175183568,2.4,0.0068728516140253,0.2464783785542903
ChIJP99idcvdDDkRAuPrzOLRVNE,ChIJP99idcvdDDkRAuPrzOLRVNE,Hotel Golden Tree,"Plot No. 10, Fruit Garden, New Industrial Township, Faridabad",28.3970704,77.3064557,4.0,772.0,New Industrial Township,hotel,,5.0,0.5994207704556175,0.6,0.4,0.5,0.5001114178303395,0.5,0.5,0.665642948190604,New Industrial Township,Mid-Range,0.6190732369396106,4.0,0.5994207704556175,0.7078721999480834
ChIJ2ewIwZTdDDkROBzUNEliaAg,ChIJ2ewIwZTdDDkROBzUNEliaAg,The Comfort Stay | Budget Stay In Sector 28 Faridabad Near Metro,"Comfort Stay, Plot No. 1902, Rajendra Colony, Sector 28, Faridabad",28.4298039,77.3108002,3.9,159.0,Sector 28,hotel,,5.0,0.7464417421258985,0.8,0.2,0.9997605681419371,0.0036528524942696,0.9938207268714904,0.8674373626708984,0.9095651507377625,Other,Budget,0.472446984385614,3.9,0.7464417421258985,0.7102980317103925
ChIJ7fAQv8_dDDkRYi2IELVDS38,ChIJ7fAQv8_dDDkRYi2IELVDS38,Sewa Residency,"C, 5, Aryasamaj Rd, Nehru Ground, New Industrial Twp 1, New Industrial Township, Faridabad",28.3867186,77.3044257,3.9,110.0,New Industrial Township,hotel,,5.0,0.2027147391811013,0.2,0.8,0.9995294809341432,0.0004054384771734,0.9995294809341432,0.9995294809341432,0.0019003463676199,New Industrial Township,Mid-Range,0.4384092885261062,3.9,0.2027147391811013,0.5295862353715398
ChIJN_BW_aHdDDkRZ9V9q_co6K8,ChIJN_BW_aHdDDkRZ9V9q_co6K8,Hotel Howdy,"Plot number 4047, 24, Main Bypass Rd, Basilva Colony, Sector 23, Faridabad",28.4271831,77.3273868,5.0,3.0,Sector 23,hotel,,3.0,0.996591587861379,1.0,0.0,0.5,0.9998430013656616,0.5,0.5,0.9994434714317322,Other,Mid-Range,0.1290498836544179,5.0,0.996591587861379,0.8632955369427473
ChIJb9R_xAfdDDkR2AVEx0QfRhk,ChIJb9R_xAfdDDkR2AVEx0QfRhk,Townhouse Esic Medical College Faridabad Formerly Royal Mountain,"3A, 163, near Chimnibai Dharamshala, Block A, New Industrial Twp 3, New Industrial Township, Faridabad",28.3986495,77.2960658,3.8,303.0,New Industrial Township,hotel,,5.0,0.1868652463395846,0.2,0.8,0.000444551265294,0.0011695626890286,0.5,0.0010186678264289,0.0002758203190751,New Industrial Township,Mid-Range,0.5321970429999837,3.8,0.1868652463395846,0.531184323606212
ChIJyfOaOSndDDkR3m2wNPTZ4I0,ChIJyfOaOSndDDkR3m2wNPTZ4I0,Oyo Siya Residency,"27, Faridabad Chowk, Haryana, 121001, Faridabad",28.4276796,77.310982,2.7,95.0,121001,hotel,,5.0,0.004380832449533,0.0,1.0,0.0052790961199206,0.009610128821805,0.001379506313242,0.5,0.0006521991454064,Other,Budget,0.4248943222933851,2.7,0.004380832449533,0.3039133164905336
ChIJYcr6_KTdDDkRa9EYt-jNc1Y,ChIJYcr6_KTdDDkRa9EYt-jNc1Y,Hotel O Welcome Inn,"B7, B7 Shopping complex, Nehru Ground, New Industrial Twp 1, New Industrial Township, Faridabad",28.3894634,77.3024597,3.2,20.0,New Industrial Township,hotel,,5.0,0.2002339090977329,0.2,0.8,0.5,0.5,0.5,0.5,0.5,New Industrial Township,Budget,0.2834140261914359,3.2,0.2002339090977329,0.4027738767012014
ChIJl0LO2F_dDDkRdoKJO5-Xlpw,ChIJl0LO2F_dDDkRdoKJO5-Xlpw,Oyo Laxmi Residency,"no.215, 215 Plot, Sector 31, Faridabad",28.4399496,77.3131616,3.6,203.0,Sector 31,hotel,,5.0,0.0013139427726855,0.0,1.0,0.0005363901145756,0.0049836649559438,0.5,0.0005363901145756,0.0004210114129818,Other,Budget,0.4950627988643146,3.6,0.0013139427726855,0.4375003633153915
ChIJayXjcrfdDDkR3fX98P4X8t4,ChIJayXjcrfdDDkR3fX98P4X8t4,Perky Stay,"Surya Hospital, 5e/4 B P, Block E, New Industrial Twp 5, New Industrial Township, Faridabad",28.3933659,77.30491119999999,3.3,190.0,New Industrial Township,hotel,,5.0,0.2008048221119679,0.2,0.8,0.0008910405449569,0.3338420641569731,0.5,0.3339925345305043,0.3339925345305043,New Industrial Township,Budget,0.4889331543288229,3.3,0.2008048221119679,0.4599623906389326
ChIJB1xm5avdDDkRF1xqDSafw50,ChIJB1xm5avdDDkRF1xqDSafw50,Hotel O By Oyo Blackberry,"Part 1, Huda Market, Booth No 90, near Post Office, Sector 16A, Faridabad",28.4117905,77.3140653,3.6,36.0,Sector 16A,hotel,,5.0,0.4001650126359891,0.4,0.6,0.500097637574072,0.9997687935829164,0.9997256696224214,0.0005472949560498,0.6667064825305715,Other,Budget,0.336139675368766,3.6,0.4001650126359891,0.5309487173218697
ChIJUQXBdgXdDDkRanjpvTLK7f0,ChIJUQXBdgXdDDkRanjpvTLK7f0,Hotel O Aroma Inn,"2F-4, nearby Tikona Park, New Industrial Twp 2, New Industrial Township, Faridabad",28.3831852,77.29426889999999,4.6,9.0,New Industrial Township,hotel,,4.0,0.7486621060306788,0.75,0.25,0.5,0.0002720031479839,0.5,0.5,0.9993959665298462,New Industrial Township,Budget,0.2143472170767782,4.6,0.7486621060306788,0.7491639818131695
ChIJSUAGLTjcDDkReJYvgFOryxU,ChIJSUAGLTjcDDkReJYvgFOryxU,Mellinium Hotel Faridabad,"98R4+3PJ, AC Nagar, New Industrial Township, Faridabad",28.3902167,77.3067583,3.5,29.0,New Industrial Township,hotel,,5.0,0.4013951213506516,0.4,0.6,0.0056539429351687,0.5027534789405763,0.999853014945984,0.5,0.999853014945984,New Industrial Township,Mid-Range,0.3166168302341184,3.5,0.4013951213506516,0.5138953133186729
ChIJ_____1DcDDkRKENDYcDWJ98,ChIJ_____1DcDDkRKENDYcDWJ98,Star City,"Plot No. 11, Sector 15A, Faridabad",28.3933367,77.3140806,3.8,124.0,Sector 15A,hotel,,5.0,0.998911201953888,1.0,0.0,0.998759225010872,0.9998117983341216,0.9992617964744568,0.997706651687622,0.9984221855799356,Other,Mid-Range,0.4494668257487076,3.8,0.998911201953888,0.772665360588437
ChIJi147UAAVDTkRWcXTa5zs4h4,ChIJi147UAAVDTkRWcXTa5zs4h4,Jmd Hotel,"Sultanpur road, Farukh Nagar",28.4478073,76.8307782,4.8,63.0,Sultanpur road,hotel,,5.0,0.9948193907737732,1.0,0.0,0.9998655319213866,0.9996965130170188,0.999847650527954,0.5,0.9998655319213866,Other,Mid-Range,0.3871496509632538,4.8,0.9948193907737732,0.8910398051488102
ChIJCcAUB0UUDTkRFVah_3Z_EA8,ChIJCcAUB0UUDTkRFVah_3Z_EA8,Bird Sanctuary,"National Park, Gurgaon - Farukhnagar Rd, Sultanpur, Gurugram",28.4676649,76.88631339999999,3.9,22.0,Sultanpur,hotel,,4.0,0.749982107685355,0.75,0.25,0.5,0.5,0.9997858107089996,0.5,0.5,Other,Mid-Range,0.2918825720663544,3.9,0.749982107685355,0.6730223850630119
ChIJoUDVS4MZDTkRqZ1d-JC_LcA,ChIJoUDVS4MZDTkRqZ1d-JC_LcA,Sultanpur Resorts And Fun Village,"Gurgaon - Farukhnagar Rd, Sultanpur, Gurugram",28.4649549,76.8773628,4.0,1581.0,Sultanpur,hotel,,5.0,0.8004815584048629,0.8,0.2,0.5,0.9998602867126464,0.5,0.5,0.6675679096952081,Other,Luxury,0.685741005662299,4.0,0.8004815584048629,0.7861990921905098
ChIJXSzSTs8VDTkRG66LLYu27cE,ChIJXSzSTs8VDTkRG66LLYu27cE,Oyo Shiva The Midas Farm,"FR3V+94, Sultanpur, Gurugram",28.45385,76.84329500000001,4.5,34.0,Sultanpur,hotel,,5.0,0.9948615074157716,1.0,0.0,0.9990942478179932,0.5,0.9918946027755736,0.9997889399528505,0.9997230966885884,Other,Budget,0.3309666882836649,4.5,0.9948615074157716,0.8392230581910031
ChIJR5pu8ZwVDTkRx681RQEg5Bk,ChIJR5pu8ZwVDTkRx681RQEg5Bk,Hotel O Paradise Inn,"Plot No. 06/437, Nikhar Colony, Gurgaon Jhajjar Road, Gurgaon, Gurugram",28.4509527,76.8262489,4.6,7.0,Gurgaon,hotel,,1.0,0.9993721842765808,1.0,0.0,0.5,0.5,0.5,0.5,0.5,Other,Budget,0.1935748254816269,4.6,0.9993721842765808,0.8247330209290825
ChIJA-XE0cprDTkRwR3bG7Oc7JM,ChIJA-XE0cprDTkRwR3bG7Oc7JM,Flagship Hotel Parvesh,"HNo.232, near Police Station, Nikhar Colony, Farukh Nagar",28.4526335,76.8265529,4.7,30.0,Nikhar Colony,hotel,,4.0,0.9998538345098495,1.0,0.0,0.999862551689148,0.9998595714569092,0.5,0.5,0.999862551689148,Other,Mid-Range,0.3196692287282864,4.7,0.9998538345098495,0.8649998025605155
ChIJCS9C0uhrDTkRa6WloDihzjA,ChIJCS9C0uhrDTkRa6WloDihzjA,Hotel O Star Key,"Plot No 01,Farukhnager, opposite police station, Gurugram",28.4520481,76.82533130000002,4.1,87.0,opposite police station,hotel,,5.0,0.2735826411575545,0.2,0.8,0.1826395417301682,0.1836450279224663,0.5,0.5001490753202233,0.5,Other,Mid-Range,0.4167944494294059,4.1,0.2735826411575545,0.5741856459521579
ChIJhcCsOMkVDTkRDS5i7HH0pus,ChIJhcCsOMkVDTkRDS5i7HH0pus,Hotel Divine Light,"house no 1 ward no 6, near MR motor, Farukh Nagar, Gurugram",28.4505651,76.8329945,5.0,2.0,Farukh Nagar,hotel,,,,,,,,,,,Other,Mid-Range,0.1022696131573402,5.0,0.5,0.6991655709454542
ChIJ33rDkUkVDTkRBF6PlzwmTFw,ChIJ33rDkUkVDTkRBF6PlzwmTFw,Hotel O 71370 White House,"1 Main farukkh nagarjhajjar road, near, jhajjar gate, Gurugram",28.4519261,76.8259874,3.7,91.0,jhajjar gate,hotel,,5.0,0.016546817269409,0.0,1.0,0.000586079074613,0.027376704616472,0.5,0.0271474358354073,0.0005157096020411,Other,Mid-Range,0.4209324557207723,3.7,0.016546817269409,0.4398865835095821
ChIJY1IE51RrDTkR9LtkvGG2rMs,ChIJY1IE51RrDTkR9LtkvGG2rMs,Oyo Hotel Met City,"Ward no. 2, Farukh Nagar - Wazirpur Rd, Gurugram, Farukh Nagar",28.4520481,76.82533130000002,3.6,5.0,Gurugram,hotel,,2.0,0.4714558383566327,0.5,0.5,0.5,0.5,0.9421097040176392,0.5,0.5,Gurugram,Budget,0.1667945549845492,3.6,0.4714558383566327,0.5176746509308392
ChIJ_4_TU0JrDTkRyysHVRMOMlY,ChIJ_4_TU0JrDTkRyysHVRMOMlY,Townhouse Sheesh Mahal Farrukh Nagar,"House No. 182, Lord Krishna Hospital Wazirpur, Road, 8, Gurgaon - Farukhnagar Rd, Gurugram",28.4489896,76.822577,4.3,7.0,Gurgaon - Farukhnagar Rd,hotel,,4.0,0.5064530894160271,0.5,0.5,0.5,0.5,0.5033381395041941,0.5,0.9990596175193788,Other,Mid-Range,0.1935748254816269,4.3,0.5064530894160271,0.6275904303442329
ChIJt7Z0krEVDTkRQK6XaPH4h6I,ChIJt7Z0krEVDTkRQK6XaPH4h6I,Yaduvanshi Farm & Resort,"On, Western Peripheral Expy, near by Dronacharya College of Engineering, Sector H6, Khaintawas, Gurugram",28.4258456,76.8759831,4.5,1912.0,Khaintawas,hotel,,5.0,0.6459846597630531,0.6,0.4,0.9998836517333984,0.9998133778572084,0.9998133778572084,0.7423078517119089,0.6676044930548718,Other,Luxury,0.7034264710645534,4.5,0.6459846597630531,0.8071368276005555
ChIJ8SoxXNoVDTkRR5Pv53WSjPk,ChIJ8SoxXNoVDTkRR5Pv53WSjPk,The Club House,"FVC7+WCQ, Gurgaon Cricket Ground, Village - Sultanpur Sultanpur-Jhanjrola, Road, Gurugram",28.4723139,76.8635959,4.3,11.0,Road,hotel,,5.0,0.9998077750205994,1.0,0.0,0.5,0.5,0.5,0.5,0.5,Other,Mid-Range,0.2313194968117582,4.3,0.9998077750205994,0.7930197610964382
ChIJMdfEwa4VDTkRNvWJPcjjKvs,ChIJMdfEwa4VDTkRNvWJPcjjKvs,Oyo 91843 Shree Shyam Hotel,"FR3G+3HH, near Govt. Boys Sr. Sec. Farrukhnagar, Farukh Nagar",28.4526877,76.8264886,3.4,15.0,near Govt. Boys Sr. Sec. Farrukhnagar,hotel,,4.0,0.7469738233485259,0.75,0.25,0.5,0.0010680390987545,0.9996660947799684,0.5,0.5,Other,Budget,0.2580997673088359,3.4,0.7469738233485259,0.5984099412105698
ChIJEfP0F2gVDTkRFEASRM18OvY,ChIJEfP0F2gVDTkRFEASRM18OvY,Oyo Holy Light House,"house no 1, gate MR motors, near anaj mandi, Sultanpur, Gurugram, Farukh Nagar",28.4490943,76.83144519999999,3.0,4.0,Gurugram,hotel,,,,,,,,,,,Gurugram,Budget,0.1498222752495692,3.0,0.5,0.4434108556883376
ChIJaQdz0fEVDTkRUSxN6XkGWfo,ChIJaQdz0fEVDTkRUSxN6XkGWfo,Live On Grg2739,"1Ward no 6, farukh nagar, Gurgaon, Gurugram",28.4505524,76.832802,4.6,13.0,Gurgaon,hotel,,4.0,0.5004308135030442,0.5,0.5,0.0004605029535014,0.9997721314430236,0.5,0.5,0.5007248654146678,Other,Mid-Range,0.2456693548613046,4.6,0.5004308135030442,0.6766296610761803
ChIJLUMOqANrDTkRUnxDCCSW460,ChIJLUMOqANrDTkRUnxDCCSW460,Hotel O H.R,"Add Opp Civil Hospital, Plot No.1, Haily Mandi Rd, Farukh Nagar, Gurgaon",28.444057,76.819306,,,Farukh Nagar,hotel,,,,,,,,,,,Other,Mid-Range,0.0,4.07404718693285,0.5,0.5543222758742095
ChIJ_XGJiqsVDTkRsDGzPDq1p6Q,ChIJ_XGJiqsVDTkRsDGzPDq1p6Q,Super Hotel O By Oyo Sgt University Road Formerly Budhera,"Sub Tehsil, Killa Number 13 ,(7-18 )18 Kanal 6 Marla Waka Mauja, Harsaru, Budhera, Gurugram",28.480139,76.91175,4.8,80.0,Budhera,hotel,,5.0,0.7962571925483644,0.8,0.2,0.00314900605008,0.00314900605008,0.9994999170303344,0.00314900605008,0.5015095339622349,Other,Budget,0.4090784526293611,4.8,0.7962571925483644,0.8323541304824348
ChIJ_aDnf8sVDTkRnJ0EHXJQld4,ChIJ_aDnf8sVDTkRnJ0EHXJQld4,Sawariya Pg And Guest House,"FWH6+MP8, Budhera, Gurugram",28.4794864,76.9122507,4.4,37.0,Budhera,hotel,,5.0,0.9980504393577576,1.0,0.0,0.9997605681419371,0.9998829364776612,0.5,0.9923273921012878,0.9998468160629272,Other,Budget,0.3386222175183568,4.4,0.9980504393577576,0.8285753108600549
ChIJL_M_RmYYDTkRorRddpAJS_E,ChIJL_M_RmYYDTkRorRddpAJS_E,Hotel O By Oyo Telone Stay,"Plot No. 7-9 Oppt, Medanta Hospital, Plot No. 7-9, Sector 39 Rd, near Medanta Hospital, Sector 39, Gurugram",28.472806,76.9116252,3.8,143.0,Sector 39,hotel,,5.0,0.3939108046179171,0.4,0.6,0.0003251700254622,0.5,0.3346871102112345,0.4828970671223943,0.5,Other,Budget,0.4626389936235164,3.8,0.3939108046179171,0.5824460426426739
ChIJ4aZIwh0XDTkRk3pS4f1_2cA,ChIJ4aZIwh0XDTkRk3pS4f1_2cA,Rangmanch Resort,"Rangmanch Farms, Garhi Budhera Rd, Garhi Harsaru, Gurugram, Sadrana",28.4554535,76.9235593,4.4,30.0,Gurugram,hotel,,5.0,0.9998381972312927,1.0,0.0,0.9998691082000732,0.5,0.5,0.5,0.5,Gurugram,Luxury,0.3196692287282864,4.4,0.9998381972312927,0.8251144732322926
ChIJN0M0yEMVDTkR3nuuH7KZn-Y,ChIJN0M0yEMVDTkR3nuuH7KZn-Y,Hotel O The Red Cap Inn,"Plot no.-01, gate number 4null, nearby Landmark, near sgt university, Budhera, Gurugram",28.478,76.9074722,4.7,9.0,Budhera,hotel,,3.0,0.6666008069490393,0.6666666666666666,0.3333333333333333,0.9991621971130372,0.5,0.5,0.5,0.9984540939331056,Other,Budget,0.2143472170767782,4.7,0.6666008069490393,0.73627636829508
ChIJH9Crl7sVDTkRASEZWnCtzjw,ChIJH9Crl7sVDTkRASEZWnCtzjw,The Mango Tree - By Shay Hospitality,"Bird Sanctuary, Near Bhawani Mandir Before, Sultanpur, Gurugram",28.4673334,76.9054333,4.4,54.0,Sultanpur,hotel,,5.0,0.6000191974686458,0.6,0.4,0.000278330175206,0.0001969811273738,0.9998679161071776,0.0001969811273738,0.5000565111695323,Other,Mid-Range,0.3730418991973482,4.4,0.6000191974686458,0.7089072389405799
ChIJrcOxu7MVDTkRwGNFDz8XwIA,ChIJrcOxu7MVDTkRwGNFDz8XwIA,Natraj Greens Dev Farm,"Chandu, Gurugram",28.4685416,76.9048018,4.7,277.0,Chandu,hotel,,5.0,0.9997614622116088,1.0,0.0,0.9998777508735656,0.999699890613556,0.5,0.5,0.9997614622116088,Other,Mid-Range,0.523874200416022,4.7,0.9997614622116088,0.9084037386552504
ChIJPegImFEVDTkRh7SAGGlzcY8,ChIJPegImFEVDTkRh7SAGGlzcY8,Raas Vilas By Under My Roof In Gurgaon | Boutique Farm House With 2 Pools For Weddings & Intimate Events,"Raas Vilas Farm, Pataudi Rd, Wazirpur, Sector 95A, Gurugram",28.4170915,76.915757,4.9,278.0,Sector 95A,hotel,,5.0,0.999766719341278,1.0,0.0,0.999697744846344,0.9996093213558196,0.5,0.9998557567596436,0.9998745918273926,Other,Mid-Range,0.524208455042967,4.9,0.999766719341278,0.9350634038206356
ChIJtwsPvxsXDTkRbnLWQkgcsoU,ChIJtwsPvxsXDTkRbnLWQkgcsoU,Awadh Bagh By Under My Roof In Gurgaon | 5Bhk Farm For Weddings & Private Events,"Awadh Bagh Farm, Pataudi Rd, opposite PS Garden, Sector 89A, Gurugram",28.4274561,76.9381921,4.8,166.0,Sector 89A,hotel,,5.0,0.7992229635827244,0.8,0.2,0.6654625229227046,0.9989517629146576,0.5,0.5,0.9998879432678224,Other,Mid-Range,0.4764330899412014,4.8,0.7992229635827244,0.8476263427428943
ChIJB0f_eV8VDTkRZLamMeFD228,ChIJB0f_eV8VDTkRZLamMeFD228,Hotel O Rajvanshi Paradise,"Wazirpur, Manesar, Haryana",28.4236158,76.9139696,3.0,2.0,Manesar,hotel,,1.0,0.9998511075973512,1.0,0.0,0.5,0.5,0.5,0.5,0.5,Manesar,Mid-Range,0.1022696131573402,3.0,0.9998511075973512,0.5927704935924398
ChIJ43idupk9DTkRjypZM1JQyko,ChIJ43idupk9DTkRjypZM1JQyko,Bougainvillea Farm By Under My Roof In Gurgaon | 3Bhk Pet & Budget Friendly Farm With Pool,"Bougainvillea Farm, Society, near Bestech Sanskruti, Sector 92, Gurugram, Meoka",28.4116944,76.92573019999999,4.2,34.0,Gurugram,hotel,,5.0,0.7998950773791875,0.8,0.2,0.5,0.4999353424500441,0.5,0.5,0.5001312331150984,Gurugram,Budget,0.3309666882836649,4.2,0.7998950773791875,0.7371400971007112
ChIJqQZUNaQVDTkRPeAeq486Mtk,ChIJqQZUNaQVDTkRPeAeq486Mtk,Achal Farm,"Sadhrana Bamripur, Sadrana",28.4631396,76.9097493,4.2,100.0,Sadhrana Bamripur,hotel,,5.0,0.5979627326363698,0.6,0.4,0.0002515949890948,0.5,0.9997854828834534,0.0006546117947436,0.3335638965557639,Other,Mid-Range,0.4296207085978143,4.2,0.5979627326363698,0.6936982834967765
ChIJdZJtxyIVDTkRIE66YtbuTXM,ChIJdZJtxyIVDTkRIE66YtbuTXM,Spot On 61716 Rao Hotel,"Budhera, Gurugram",28.484931,76.90380499999999,3.7,21.0,Budhera,hotel,,5.0,0.5989696209318935,0.6,0.4,0.5,0.9998898506164552,0.5,0.5,0.5,Other,Mid-Range,0.2877445657749879,3.7,0.5989696209318935,0.5973759226482497
ChIJ32Vw6zEVDTkRjhdgrT9Hq_Y,ChIJ32Vw6zEVDTkRjhdgrT9Hq_Y,Oyo 60916 Rajya Resort,"Chandu, Farukh Nagar",28.470285,76.915382,4.3,44.0,Chandu,hotel,,5.0,0.5939795586280525,0.6,0.4,0.4840375148924067,0.3344950233586132,0.0014369415584951,0.5010027257958427,0.5,Other,Budget,0.3543615015642497,4.3,0.5939795586280525,0.6897136593787775
ChIJe_7OFZoXDTkRoDVLEQfnHHU,ChIJe_7OFZoXDTkRoDVLEQfnHHU,Hotel O V2 Stay,"bus stand, Pataudi Rd, opposite Santosi Mata Mandir, Hayatpur, Manesar, Gurugram",28.4247365,76.9347519,5.0,1.0,Manesar,hotel,,,,,,,,,,,Manesar,Budget,0.0645249418272089,5.0,0.5,0.6911374624668677
ChIJY009gVIXDTkR68MwDX50jN8,ChIJY009gVIXDTkR68MwDX50jN8,Flagship Star Residency,"More, Manesar, 3, IMT Rd, Hayatpur, Sector 93, Gurugram",28.4251742,76.9339894,4.1,34.0,Sector 93,hotel,,4.0,0.4912697270883654,0.5,0.5,0.5,0.5,0.5,0.0001835332805057,0.9986371397972108,Other,Mid-Range,0.3309666882836649,4.1,0.4912697270883654,0.6253819781842278
ChIJR2D6ioQXDTkRBDwuY3-75P0,ChIJR2D6ioQXDTkRBDwuY3-75P0,Oyo Flagship 62980 Shiva Residency,"2 Plot No. 2, Hayatpur Rd, near Railway Station, New Colony, Garhi Harsaru, Harasu, Gurugram",28.438973,76.9334381,3.5,62.0,Harasu,hotel,,5.0,0.2018503403407521,0.2,0.8,0.5,0.5,0.5,0.0079580228775739,0.0079580228775739,Other,Budget,0.3856836393487762,3.5,0.2018503403407521,0.4649221782656469
ChIJp0gsI8YVDTkRta54FAmE9x4,ChIJp0gsI8YVDTkRta54FAmE9x4,Oyo Bhardwaj Guest House,"001, plot no 171 , near sgt university village budhera chandu, old, Gurugram",28.4727468,76.91164049999999,3.4,45.0,old,hotel,,5.0,0.1997025943273911,0.2,0.8,0.5,0.0003406403993722,0.5,0.0007058503688313,0.0004538735593087,Other,Budget,0.3564075138935633,3.4,0.1997025943273911,0.4447166188848829
ChIJ5ybFfAsXDTkR5slZzBjfm8o,ChIJ5ybFfAsXDTkR5slZzBjfm8o,Spot On Hotel Dezire Dhankot Chowk,"Main State Highway, near Anand pur Satsang Ashram, V.P.O, Sector 102, Dhankot, Gurugram",28.4721906,76.95579599999999,3.8,33.0,Dhankot,hotel,,5.0,0.4022611469321417,0.4,0.6,0.5,0.998311161994934,0.5,0.0003550877590896,0.5,Other,Mid-Range,0.3282682438797654,3.8,0.4022611469321417,0.5565301520037463
ChIJdQZbs-EXDTkReLc3La1x-IU,ChIJdQZbs-EXDTkReLc3La1x-IU,Lavish Cozy Studio Home -#1119,"11th floor, Satya The Hive, SA-1119, Gurugram",28.4720016,76.96289949999999,5.0,3.0,SA-1119,hotel,,1.0,0.9828737378120422,1.0,0.0,0.5,0.5,0.5,0.5,0.5,Other,Mid-Range,0.1290498836544179,5.0,0.9828737378120422,0.8589189567100374
ChIJS51qEH4ZDTkR5-RJJbhYIZk,ChIJS51qEH4ZDTkR5-RJJbhYIZk,Grt Residency Hotel And Banquet,"Railway Station, 1693, Laxman Vihar Phase 2 Just 10 meters from Gurgaon, Old Railway Rd, Gurugram",28.4877638,77.0112096,4.2,227.0,Old Railway Rd,hotel,,5.0,0.7998207248398101,0.8,0.2,0.6664860707436067,0.9994556705156962,0.9994556705156962,0.9997716546058656,0.9994897047678628,Other,Mid-Range,0.5054167725029061,4.2,0.7998207248398101,0.7742210620557738
ChIJWWO7DjcYDTkRxCyu50Z5ppo,ChIJWWO7DjcYDTkRxCyu50Z5ppo,"Park Inn, Gurgaon","Civil Lines, Gurugram",28.4590248,77.0318118,3.9,3117.0,Civil Lines,hotel,,5.0,0.5995972201111727,0.6,0.4,0.4995344932976877,0.5,0.4989124839485157,0.0004512880695983,0.9989599585533142,Other,Budget,0.7489026211723395,3.9,0.5995972201111727,0.7222491283132615
ChIJw38BrVMZDTkR5GJOODWBotg,ChIJw38BrVMZDTkR5GJOODWBotg,Hotel Radiance Inn,"Plot No. 438/1, 16, 2, near Pushpanjali Hospital & Rajeev Chwok, Civil Lines, Gurugram",28.4513356,77.03237,4.5,122.0,Civil Lines,hotel,,5.0,0.9227018594741822,1.0,0.0,0.823060154914856,0.8231439590454102,0.9997897744178772,0.5,0.9114350825548172,Other,Budget,0.4479653445915689,4.5,0.9227018594741822,0.8410860942178934
ChIJHcE1PUsYDTkRk6DOqjzqpVQ,ChIJHcE1PUsYDTkRk6DOqjzqpVQ,Rosewood Apartment Hotel - Gurgaon,"Rosewood Apartment Hotels, Old Delhi Rd, Rajiv Nagar, Sector 13, Gurugram",28.4669137,77.03751849999999,4.0,582.0,Sector 13,hotel,,5.0,0.9998004555702208,1.0,0.0,0.9997860789299012,0.9998345971107484,0.9997860789299012,0.9997860789299012,0.9998040497303008,Other,Mid-Range,0.5928133580693498,4.0,0.9998004555702208,0.8300250760601058
ChIJ_2UShLkZDTkRuxpjX8R1uP8,ChIJ_2UShLkZDTkRuxpjX8R1uP8,Skylark Hotel By Gabrian Hotels,"Old Delhi Gurugram Rd, adjacent to Raj Cinema, Anamika Enclave, Sector 14, Gurugram",28.4672556,77.0370061,4.5,250.0,Sector 14,hotel,,5.0,0.9994471907615662,1.0,0.0,0.9988839030265808,0.999869465827942,0.999869465827942,0.5,0.999204913775126,Other,Mid-Range,0.5143633840917362,4.5,0.9994471907615662,0.8796936745655276
ChIJvwz3f_wYDTkRppCWpizlKPk,ChIJvwz3f_wYDTkRppCWpizlKPk,Quality Inn Gurgaon,"17/6, Old Delhi Gurugram Rd, Anamika Enclave, Sector 14, Gurugram",28.4703831,77.0398463,4.0,2439.0,Sector 14,hotel,,5.0,0.7997475665441016,0.8,0.2,0.6664410302425191,0.7997475665441016,0.5,0.5000457569040009,0.7497189096648071,Other,Budget,0.7260775824298975,4.0,0.7997475665441016,0.7945443116194779
ChIJhWenoXoZDTkR8_pA7WnKEAk,ChIJhWenoXoZDTkR8_pA7WnKEAk,Sunrise Guest House,"Plot no, bus stand, 820, Sector 12A Rd, opp. HP PETROL PUMP, near gurgaon, West Rajiv Nagar, Sector 12, Gurugram",28.4733927,77.0307856,4.0,314.0,Sector 12,hotel,,5.0,0.3996438633766956,0.4,0.6,0.4974072513577994,0.6648880201973952,0.5,0.9943133592605592,0.5000464822514913,Other,Mid-Range,0.5355059145983454,4.0,0.3996438633766956,0.6263604674857646
ChIJE9ZNnEoYDTkRKUGTJncZXrI,ChIJE9ZNnEoYDTkRKUGTJncZXrI,Dahabi City Mark Hotel,"173, Street No.3 Behind PNB Bank, Fountain Chowk, Sector 12A, Gurugram",28.4637345,77.0324645,4.1,853.0,Sector 12A,hotel,,5.0,0.6001719252206386,0.6,0.4,0.500115834409371,0.5002454241039231,0.999881148338318,0.5,0.6668770586450895,Other,Mid-Range,0.6283498365600062,4.1,0.6001719252206386,0.7233783849341499
ChIJAQAAwMoZDTkRW9hrHxvXr20,ChIJAQAAwMoZDTkRW9hrHxvXr20,"Country Inn & Suites By Radisson, Gurgaon Sector 12","Plot No. 301/302, Anamika Enclave, Sector 12, Gurugram",28.4681692,77.0377554,4.4,7774.0,Sector 12,hotel,,5.0,0.955520248413086,1.0,0.0,0.8890487849712372,0.955520248413086,0.5,0.5,0.9444456547498704,Other,Budget,0.8339608027262679,4.4,0.955520248413086,0.9203624769370524
ChIJu-834kAZDTkR5lRXhrM4Sm4,ChIJu-834kAZDTkR5lRXhrM4Sm4,Hotel O Meghna Residency,"355, Sector 12A Rd, West Rajiv Nagar, Sector 12, Gurugram",28.4715683,77.0312167,3.8,206.0,Sector 12,hotel,,5.0,0.0080964179825968,0.0,1.0,0.0010105004766955,0.0005771197029389,0.0005177687271498,0.0005771197029389,0.009961404808564,Other,Mid-Range,0.4964217983810349,3.8,0.0080964179825968,0.4665402088577375
ChIJX4oJPJ0ZDTkRtTXBpkiY5Bs,ChIJX4oJPJ0ZDTkRtTXBpkiY5Bs,Hotel O By Oyo Elite,"Plot No.28/18, New, Friends Colony, Officers Colony, Sector 15, Gurugram",28.4574856,77.03417019999999,3.7,484.0,Sector 15,hotel,,5.0,0.3930081337108276,0.4,0.6,0.3333945711104509,0.0003085919015575,0.5,0.999637484550476,0.4999730382260167,Other,Budget,0.5756812674563431,3.7,0.3930081337108276,0.5929081485035681
ChIJUW2yCxEZDTkRJV_Mf597aw8,ChIJUW2yCxEZDTkRJV_Mf597aw8,Hotel Windsor Heights,"21/1, Mehrauli-Gurgaon Rd, Anamika Enclave, Sector 14, Gurugram",28.4663362,77.0399087,4.3,230.0,Sector 14,hotel,,5.0,0.999722981452942,1.0,0.0,0.9996002912521362,0.9997453093528748,0.9998026192188264,0.5,0.9997137635946274,Other,Mid-Range,0.5066336501392149,4.3,0.999722981452942,0.8515506930878969
ChIJv95cHRgZDTkRuOlyYk0-h9g,ChIJv95cHRgZDTkRuOlyYk0-h9g,Hotel Samrat In,"3rd floor, Apna Bazar, Gurudwara Rd, Sadar Bazar, Roshan Pura, Gurugram",28.458752,77.0296061,4.8,304.0,Roshan Pura,hotel,,5.0,0.9998321056365966,1.0,0.0,0.9998321056365966,0.9998514503240584,0.9997990727424622,0.9998234808444976,0.9998321056365966,Other,Mid-Range,0.5325027569482707,4.8,0.9998321056365966,0.9235549758294443
ChIJj6f6_j8YDTkRRjtc27zzXbg,ChIJj6f6_j8YDTkRRjtc27zzXbg,"Treehouse Queens Pearl, Gurugram","Civil Lines, Gurugram",28.4499544,77.032394,4.2,1906.0,Civil Lines,hotel,,5.0,0.5738735614315373,0.6,0.4,0.5,0.3336324191914172,0.5,0.0002429401356494,0.4673754495997855,Other,Mid-Range,0.7031340420902918,4.2,0.5738735614315373,0.7441877678417802
ChIJJ7UzRjYYDTkRpXiNxgs1P6I,ChIJJ7UzRjYYDTkRpXiNxgs1P6I,Super Hotel O Samrat,"1, 4th Floor, Apna Bazar, Gurudwara Rd, near Civil Hospital, Sadar Bazar, Roshan Pura, Gurugram",28.4600138,77.0320812,4.0,3475.0,Roshan Pura,hotel,,5.0,0.0004066414752742,0.0,1.0,0.0004230725899105,0.0004230725899105,0.0002371945447521,0.5,0.0002930889095296,Other,Mid-Range,0.7590205936698043,4.0,0.0004066414752742,0.546527224995093
ChIJ9yKcCbQXDTkRW3uWCbf-uLQ,ChIJ9yKcCbQXDTkRW3uWCbf-uLQ,Starkey Inn,"Kadipur chowk, near aastha hospital, IOC Colony, Sector 10, Gurugram",28.4501826,77.002093,4.6,41.0,Sector 10,hotel,,5.0,0.9996508240699769,1.0,0.0,0.9998462200164796,0.9996608893076578,0.5,0.5,0.9997151792049408,Other,Budget,0.3479389680186449,4.6,0.9996508240699769,0.8576544231676805
ChIJkVM5FkgYDTkRPZkgLsmOLLE,ChIJkVM5FkgYDTkRPZkgLsmOLLE,Ds Clarks Inn Gurgaon,"Plot No. 45, 46, Old Judicial Complex Civil Lines Rd, Civil Lines, Gurugram",28.4578181,77.0338518,4.0,1981.0,Civil Lines,hotel,,5.0,0.6023346171714365,0.6,0.4,0.6691080903013548,0.7507178039522842,0.9994890987873076,0.5,0.9994081556797028,Other,Budget,0.7067249918231804,4.0,0.6023346171714365,0.7274449445712661
ChIJ4ZO2ChQZDTkRpunIryEaAR8,ChIJ4ZO2ChQZDTkRpunIryEaAR8,Hotel Gracious,"SCO 6 &7, Old Judicial Complex, Civil Lines, Gurugram",28.4583152,77.0342747,4.6,23.0,Civil Lines,hotel,,5.0,0.9995243906974792,1.0,0.0,0.9997310042381288,0.9997979700565338,0.5,0.9998383522033693,0.9994459003210068,Other,Mid-Range,0.2958444386389672,4.6,0.9995243906974792,0.8465338318509804
ChIJDeq9wUQZDTkRrwJeNPrH41U,ChIJDeq9wUQZDTkRrwJeNPrH41U,Skycity Hotel Gurgaon,"1 Old Judicial Complex Jharsa Rd, Shaheed Major Vikas Yadav Marg, near STV Haryana News, Sector 15 Part 1, Gurugram",28.4585209,77.0348704,4.0,2182.0,Sector 15 Part 1,hotel,,5.0,0.2055364049156195,0.2,0.8,0.000240538502112,0.0020026561396661,0.9998010993003844,0.5,0.5001223448489326,Other,Mid-Range,0.715716875919074,4.0,0.2055364049156195,0.6027618925971777
ChIJHfZfh2kZDTkRAs6yvHNDDwI,ChIJHfZfh2kZDTkRAs6yvHNDDwI,Hotel Elite Stay,"Shanti Nagar Rd, Shanti Nagar, Heera Nagar, Sector 11, Gurugram",28.4499833,77.0250346,4.9,747.0,Sector 11,hotel,,5.0,0.5999118932348211,0.6,0.4,0.000252368117799,0.9998396635055542,0.5,0.0003024369070772,0.5999118932348211,Other,Budget,0.6160128096547535,4.9,0.5999118932348211,0.8270189721655128
ChIJRSLL8FUZDTkRdDJEkxGactk,ChIJRSLL8FUZDTkRdDJEkxGactk,Five Elements Hotels - Gurugram (The Claire),"24 Plot Number 24, Sec.31, Sector 31, Gurugram",28.4566456,77.0490571,3.8,275.0,Sector 31,hotel,,5.0,0.4891710721538402,0.4,0.6,0.0006230102735571,0.0002961942227557,0.5,0.0006230102735571,0.3335885145740273,Other,Mid-Range,0.5232020688781126,3.8,0.4891710721538402,0.6257196100787521
ChIJGTTB6-0ZDTkRdIDLpY_uLr4,ChIJGTTB6-0ZDTkRdIDLpY_uLr4,Hotel 91 Huda City Centre Gurgaon,"Plot No 1792P, Block A, Greenwood City, Sector 45, Gurugram",28.4499967,77.06481029999999,4.3,1176.0,Sector 45,hotel,,5.0,0.5994144101743586,0.6,0.4,0.9982963999112447,0.4980769677495118,0.995194971561432,0.0009589639375917,0.6654231631740307,Other,Mid-Range,0.6582123890753627,4.3,0.5994144101743586,0.7560752188957254
ChIJg7gqCGsZDTkRdaEehmo_1F8,ChIJg7gqCGsZDTkRdaEehmo_1F8,Lime Tree Hotel Nearby 32Nd Avenue | Sector 15 Gurgaon | Hotel Near Udyog Vihar Gurgaon,"808 D, 32nd Avenue, NH-8, Galaxy Rd, Sector 15 Part 2, Gurugram",28.4627203,77.0499854,4.8,990.0,Sector 15 Part 2,hotel,,5.0,0.6005837461561896,0.6,0.4,0.5012823157012463,0.3344292874486805,0.9998243749141692,0.5012823157012463,0.6005837461561896,Other,Mid-Range,0.6422000499959715,4.8,0.6005837461561896,0.819509774138143
ChIJL2zf1n8ZDTkRrIjmGANW7ks,ChIJL2zf1n8ZDTkRrIjmGANW7ks,Fabhotel Raahi Retreat Hotel In Sector 31,"Plot No.1346-P, Sector 31 - 32A, Sector 31, Gurugram",28.449616,77.0445841,4.7,185.0,Sector 31,hotel,,5.0,0.9998390197753906,1.0,0.0,0.9998299181461334,0.9998390078544616,0.5,0.9998708963394164,0.9998329679171244,Other,Mid-Range,0.4864637837128357,4.7,0.9998390197753906,0.9004714686905567
ChIJl_6HRQwZDTkRxKFsmlnUHXY,ChIJl_6HRQwZDTkRxKFsmlnUHXY,Pacific Inn Huda City Centre,"Plot No 07, near Shakti Peeth Temple, South City I, Sector 41, Gurugram",28.45517,77.0572045,4.1,66.0,Sector 41,hotel,,5.0,0.2001912986423121,0.2,0.8,0.0002935936208814,0.0002982375784388,0.0002050700422842,0.0002456895308569,0.5000715097266948,Other,Budget,0.3914140521329489,4.1,0.2001912986423121,0.5453723848201264
ChIJGVd7GyYZDTkR72EnTWRzVTM,ChIJGVd7GyYZDTkR72EnTWRzVTM,The Atara,"A-29/10, behind Dt Mega Mall, Sector 28, DLF Phase 1, Gurugram",28.4775643,77.0913114,4.1,622.0,DLF Phase 1,hotel,,5.0,0.9997447490692138,1.0,0.0,0.9996295869350432,0.9997047781944276,0.9996295869350432,0.999541163444519,0.9997447490692138,Other,Mid-Range,0.5989907359557148,4.1,0.9997447490692138,0.8446146484034592
ChIJyfblicYYDTkRYmMn8f1coPg,ChIJyfblicYYDTkRYmMn8f1coPg,"Hotel Premium Nest - Hotel In Sushant Lok 1, Gurgaon","C1-2761, near to Paras Hospitals | Best Hospital in Gurugram, Sushant Lok Phase I, Gurugram",28.4502301,77.0871263,3.8,786.0,Sushant Lok Phase I,hotel,,5.0,0.4018335097294766,0.4,0.6,0.3347717437912554,0.5024261586368084,0.9998005032539368,0.9998005032539368,0.9998005032539368,Other,Mid-Range,0.6207441246058331,3.8,0.4018335097294766,0.6186019183881575
ChIJxydUCQAZDTkRTbnjfN2N-1I,ChIJxydUCQAZDTkRTbnjfN2N-1I,Ava Hotels And Corporates Millennium City,"Plot Number 2010, Block A, Greenwood City, Sector 45, Gurugram",28.4513494,77.0673288,4.7,831.0,Sector 45,hotel,,5.0,0.9998236417770384,1.0,0.0,0.9998605251312256,0.999795118967692,0.999869167804718,0.9998778104782104,0.9998236417770384,Other,Mid-Range,0.6259203085114013,4.7,0.9998236417770384,0.9301282887216676
ChIJuwDMPGMZDTkRwLNEZhvujiY,ChIJuwDMPGMZDTkRwLNEZhvujiY,Hotel Imperial Park,"Plot No 1795, Netaji Subhash Marg, Block A, Greenwood City, Sector 45, Gurugram",28.4503582,77.0650848,4.2,754.0,Sector 45,hotel,,5.0,0.4003796332806814,0.4,0.6,0.5003782220228459,0.0002878420782508,0.5,0.9994473457336426,0.3332040384896875,Other,Mid-Range,0.6168799199763136,4.2,0.4003796332806814,0.6704899592668141
ChIJS4Ok5QoZDTkRvuSk45jH_qw,ChIJS4Ok5QoZDTkRvuSk45jH_qw,Hotel Sakura By Maps Group,"Plat No. - 2019 P, 1883, Block A, Greenwood City, Sector 45, Gurugram",28.4505416,77.0684849,4.3,664.0,Sector 45,hotel,,5.0,0.1988744745322037,0.2,0.8,0.4946270228683716,0.2484058151094359,0.0003611924767028,0.4946270228683716,0.0015694201283622,Other,Mid-Range,0.6050639639748128,4.3,0.1988744745322037,0.6169814550034405
ChIJ48E4IKoZDTkRUDIRdG8HzTI,ChIJ48E4IKoZDTkRUDIRdG8HzTI,Dayal Regency,"B-718, opp. Sushant Arcade, Sushant Lok Phase I, Sector 43, Gurugram",28.4616052,77.0799055,4.7,104.0,Sector 43,hotel,,5.0,0.7974191878107376,0.8,0.2,0.99979966878891,0.9971803426742554,0.99979966878891,0.9962283372879028,0.9971392452716829,Sector 43,Mid-Range,0.4332363014410051,4.7,0.7974191878107376,0.8245696670691575
ChIJO5gx3G0ZDTkRyQkPGNTASN0,ChIJO5gx3G0ZDTkRyQkPGNTASN0,"Fabhotel Emoji Stays - Hotel In Sector 32, Gurgaon","1332-P, Shaheed Major Vikas Yadav Marg, Sector 31 - 32A, Sector 31, Gurugram",28.4503511,77.0451051,4.1,318.0,Sector 31,hotel,,5.0,0.3992040957091376,0.4,0.6,0.0005723932408727,0.9962246417999268,0.998754620552063,0.998754620552063,0.9974896311759948,Other,Budget,0.5366805650560723,4.1,0.3992040957091376,0.6397634520547696
ChIJa6yw1-AZDTkRqNKlmkNQJ_I,ChIJa6yw1-AZDTkRqNKlmkNQJ_I,Hotel Bk Studios & Rooms,"HUDA, 1836-P, Service Rd, Sector 45, Gurugram",28.4510624,77.0666502,4.5,643.0,Sector 45,hotel,,5.0,0.9998494148254394,1.0,0.0,0.9998462994893392,0.999836484591166,0.99987530708313,0.9998550415039062,0.9998429417610168,Other,Mid-Range,0.6020768687548681,4.5,0.9998494148254394,0.8984782338834588
ChIJd0OgBToZDTkRhlQmthdje-Y,ChIJd0OgBToZDTkRhlQmthdje-Y,Hotel Omega,"PLOT, 2018P, Sector 45, Gurugram",28.450618,77.0683569,4.5,972.0,Sector 45,hotel,,5.0,0.9998759746551512,1.0,0.0,0.9998801946640016,0.9998701214790344,0.5,0.5,0.9998753468195596,Other,Mid-Range,0.6404936716229086,4.5,0.9998759746551512,0.9066577751997926
ChIJAQBA6eAYDTkRV0RzEJj5IE8,ChIJAQBA6eAYDTkRV0RzEJj5IE8,Fabhotel The Maple Stays - Hotel In Sushant Lok 1,"750, Sushant Lok 1 Rd, Block A, Sushant Lok Phase I, Sector 43, Gurugram",28.4682768,77.077647,4.1,482.0,Sector 43,hotel,,5.0,0.5995328570395941,0.6,0.4,0.5001694908423815,0.4989161503108334,0.9998608827590942,0.9998608827590942,0.4989161503108334,Sector 43,Budget,0.5752965982577903,4.1,0.5995328570395941,0.7118903284754811
ChIJtdwaGPMYDTkRQK0oAP05IEI,ChIJtdwaGPMYDTkRQK0oAP05IEI,Inde Hotel Vista Woods,"191, Netaji Subhash Marg, Block A, Greenwood City, Sector 45, Gurugram",28.4495019,77.0642321,4.1,831.0,Sector 45,hotel,,5.0,0.6003387445118278,0.6,0.4,0.999836564064026,0.999836564064026,0.5,0.5,0.6670430377901843,Other,Mid-Range,0.6259203085114013,4.1,0.6003387445118278,0.72291485858565
ChIJX7C574UZDTkRYfqnTVhY8-k,ChIJX7C574UZDTkRYfqnTVhY8-k,Nook Inn & Suites,"Metro Station, L-32/4, Mehrauli-Gurgaon Road Service Road, near MG Road, DLF Phase 2, Sector 25, Gurugram",28.4797804,77.0778839,4.5,509.0,Sector 25,hotel,,5.0,0.5998371877183672,0.6,0.4,0.4997499182354659,0.5001098116481444,0.5,0.9991262555122375,0.9992963671684264,Other,Budget,0.5803601322866748,4.5,0.5998371877183672,0.7662381992445078
ChIJZSK5CTYZDTkRfA7occujCkk,ChIJZSK5CTYZDTkRfA7occujCkk,"Fabhotel Oyster Villa - Hotel In Sushant Lok 1, Gurgaon","Plot No, 1315, St Thomas Marg, Sector 43, Gurugram",28.448228,77.08155169999999,4.6,275.0,Sector 43,hotel,,5.0,0.7998778292152564,0.8,0.2,0.7998778292152564,0.9998331069946288,0.9997922778129578,0.999841809272766,0.9998024900754292,Sector 43,Mid-Range,0.5232020688781126,4.6,0.7998778292152564,0.8311959142049008
ChIJ-yMuUIAZDTkRLIVVi0UXBZg,ChIJ-yMuUIAZDTkRLIVVi0UXBZg,Skysuites Hotel,"plot no-1813, near Huda City Centre, Block A, Greenwood City, Sector 45, Gurugram",28.4505823,77.06591879999999,4.3,541.0,Sector 45,hotel,,5.0,0.6015987954684533,0.6,0.4,0.6701247862850627,0.5,0.9983452558517456,0.5052487510256469,0.3371011552129251,Other,Mid-Range,0.5860251385594003,4.3,0.6015987954684533,0.7414182531501692
ChIJT-DMdTkZDTkRiN-ft-zozUQ,ChIJT-DMdTkZDTkRiN-ft-zozUQ,Limewood Stay Premier | Golf Course Sector 42,"F472+8W8, Plot number 654 P, Sector 42, Gurugram",28.4633115,77.1024151,4.9,309.0,Sector 42,hotel,,5.0,0.99978209733963,1.0,0.0,0.9997348189353944,0.9998762607574464,0.9997952580451964,0.5,0.9997477531433104,Other,Budget,0.5340164458050647,4.9,0.99978209733963,0.9371544221120178
ChIJCfft_zQZDTkR-d687pw4YUI,ChIJCfft_zQZDTkR-d687pw4YUI,"Staayz Premium, Gurugram - Hotel & Studio Apartments","U-25, Road, Pink Town House Rd, above Punjab National Bank, DLF Phase 3, Market, Gurugram",28.4939878,77.0996401,3.9,947.0,Market,hotel,,5.0,0.394274017191492,0.4,0.6,0.4846678909816546,0.4916819918144028,0.656870580278337,0.5,0.2505976073152851,Other,Mid-Range,0.6380705828793656,3.9,0.394274017191492,0.6331688177119132
ChIJw8MNqtEYDTkR-YsYLWK7GI4,ChIJw8MNqtEYDTkR-YsYLWK7GI4,Treebo Ivy Castle,"F-10/11, Phase -1, Golf Course Rd, DLF Phase 1, Sector 27, Gurugram",28.4652878,77.0942271,4.2,826.0,Sector 27,hotel,,5.0,0.5998894150950946,0.6,0.4,0.9994670748710632,0.9994670748710632,0.9995352625846864,0.9997236132621764,0.9997236132621764,Other,Mid-Range,0.625359186778756,4.2,0.5998894150950946,0.7359456022241416
ChIJoY6Dp7cfDTkRzEdiSCB7ErA,ChIJoY6Dp7cfDTkRzEdiSCB7ErA,The Woodbury,"1, Kusum Marg, G Block, DLF Phase 1, Sector 26, Gurugram",28.4744056,77.10151499999999,4.5,300.0,Sector 26,hotel,,5.0,0.8000053668860346,0.8,0.2,0.9994739592075348,0.7500676096533425,0.0014656905550509,0.9994739592075348,0.6669635217792044,Other,Mid-Range,0.5312738306702829,4.5,0.8000053668860346,0.8196599819553323
ChIJvbq6qMAYDTkR_ir2j3Ddu6g,ChIJvbq6qMAYDTkR_ir2j3Ddu6g,"Lime Tree Hotel Sushant Lok Gurgaon At Iffco Metro Close To Leisure Valley , Sector 29","A-587, Sushant Lok Phase-1 Sector -28, Gurgaon, Delhi NCR",28.4701319,77.0735168,4.5,1137.0,Gurgaon,hotel,,5.0,0.4002518131979741,0.4,0.6,0.9992300271987916,0.5,0.3337254351354204,0.5,0.499740615254268,Other,Mid-Range,0.6550755888630876,4.5,0.4002518131979741,0.7184535530388015
ChIJ3VQnN78ZDTkRmGxqa1UL0eo,ChIJ3VQnN78ZDTkRmGxqa1UL0eo,Saltstayz Express - Golf Course Road & Dlf Phase-1,"Metro, Global, Foyer Mall, Plot No. 75, Golf Crse Rd, near DLF Phase-1, Sector 28, Gurugram",28.4706362,77.0922171,4.7,1782.0,Sector 28,hotel,,5.0,0.2011830142757389,0.2,0.8,0.3350643552451704,0.9997729659080504,0.9997729659080504,0.0002035410434473,0.3335617647195855,Other,Budget,0.6968752427050666,4.7,0.2011830142757389,0.6904195785424954
ChIJOTFgFrkZDTkRtGNiP_WDHVE,ChIJOTFgFrkZDTkRtGNiP_WDHVE,Saltstayz Select - Huda City Center,"Plot No. 8 C, Block C, Sushant Lok Phase I, Sector 43, Gurugram",28.4595101,77.0786237,4.7,2297.0,Sector 43,hotel,,5.0,0.5933389694313519,0.6,0.4,0.9694223999977112,0.6555233038476823,0.983100950717926,0.5,0.0003649635182227,Sector 43,Budget,0.7204960233408689,4.7,0.5933389694313519,0.8205581077430751
ChIJmbKGWigZDTkRnFzstL8pzNQ,ChIJmbKGWigZDTkRnFzstL8pzNQ,Hotel Golf View Sakura & Suites,"Plot 629, Sector 43, Golf Course Rd, Sector 28, Sector 43, Gurugram",28.4559441,77.09623669999999,4.6,479.0,Sector 43,hotel,,5.0,0.999820637702942,1.0,0.0,0.9998190104961396,0.9997901916503906,0.9997570514678956,0.5,0.9998190104961396,Sector 43,Mid-Range,0.5747165975429543,4.6,0.999820637702942,0.90594310258937
ChIJS6pNJr4ZDTkRU4iPl8B64uE,ChIJS6pNJr4ZDTkRU4iPl8B64uE,"Foxtrail, Sector 42 - Am Hotel Kollection","Plot no 683P, Sector 42, Gurugram",28.4632305,77.10075859999999,4.7,508.0,Sector 42,hotel,,5.0,0.9959301948547364,1.0,0.0,0.9998458623886108,0.9998672008514404,0.9998458623886108,0.9996767044067384,0.9998485445976256,Other,Mid-Range,0.5801774240561128,4.7,0.9959301948547364,0.919156823205906
ChIJZSmFMJkZDTkRohYgeUnNxxI,ChIJZSmFMJkZDTkRohYgeUnNxxI,Mod Avenue,"53, Moulsari Ave, DLF Phase 3, Sector 24, Gurugram",28.4971143,77.10097549999999,4.6,457.0,Sector 24,hotel,,5.0,0.9997226238250732,1.0,0.0,0.9998197555541992,0.9997226238250732,0.5,0.9998197555541992,0.999851405620575,Other,Mid-Range,0.5703491102258005,4.6,0.9997226238250732,0.9049828886108224
ChIJ23KVO4gZDTkR8kPIdIcogHg,ChIJ23KVO4gZDTkR8kPIdIcogHg,Hotel Golf View Suites,"630, Golf Course Rd, opposite Hextech Apartments, Sector 43, Gurugram",28.4558655,77.0961268,4.4,1403.0,Sector 43,hotel,,5.0,0.9996044635772704,1.0,0.0,0.9998816847801208,0.9996044635772704,0.9984997510910034,0.5,0.9998806416988372,Sector 43,Mid-Range,0.6746293806745862,4.4,0.9996044635772704,0.9005382044871322
ChIJq5SJS2YfDTkRQUWOxyoaoOE,ChIJq5SJS2YfDTkRQUWOxyoaoOE,The Aldott Boutique Hotel,"81, Moulsari Ave, DLF Phase 3, Sector 24, Gurugram",28.492682,77.1076935,4.5,983.0,Sector 24,hotel,,5.0,0.6008811220992356,0.6,0.4,0.6666511835064739,0.0024645590456202,0.500090947956778,0.5,0.6008811220992356,Other,Mid-Range,0.6415401700731959,4.5,0.6008811220992356,0.7795839561422052
ChIJAQB0mwAiDTkRGTqwPngT9Qg,ChIJAQB0mwAiDTkRGTqwPngT9Qg,Clarens Hotel,"PLOT 363-364, SECTOR 29, Sector 29, Gurugram",28.4618341,77.0675064,4.2,2729.0,Sector 29,hotel,,5.0,0.6945269021787681,0.6,0.4,0.9983081817626952,0.9998722672462464,0.0002803670358844,0.0002803670358844,0.7370876520872115,Other,Mid-Range,0.7365319008163617,4.2,0.6945269021787681,0.7897849007320444
ChIJl_0cXHwZDTkRFz_CkZcrn-I,ChIJl_0cXHwZDTkRFz_CkZcrn-I,Maison 42 By Onetree,"Building no - 814, Golf Course Rd, Sector 42, Gurugram",28.4622153,77.09717599999999,4.3,218.0,Sector 42,hotel,,5.0,0.2002752027881797,0.2,0.8,0.0004629106939925,0.2501628593090572,0.5,0.0005669358652084,0.0006837219407315,Other,Mid-Range,0.5016676827397029,4.3,0.2002752027881797,0.5954364597551517
ChIJm1rJ0aEZDTkRC_bc4i_rPyI,ChIJm1rJ0aEZDTkRC_bc4i_rPyI,Hotel Gracia Golf By Saavi Hotel,"545, Off, Golf Course Rd, Sector 43, Gurugram",28.4577916,77.09529859999999,3.8,203.0,Sector 43,hotel,,5.0,0.6527233816101216,0.6,0.4,0.754468689362208,0.6318318694829941,0.2638624012470245,0.6318318694829941,0.6666707258943158,Sector 43,Mid-Range,0.4950627988643146,3.8,0.6527233816101216,0.6719146980138971
ChIJ3fq-Uc4ZDTkRlJf8KDLs0wo,ChIJ3fq-Uc4ZDTkRlJf8KDLs0wo,"Fabhotel Golf Inn - Hotel In Sector 43, Gurgaon","Golf Inn, 637, Sector 43, Gurugram",28.4556332,77.0950969,4.5,283.0,Sector 43,hotel,,5.0,0.6004064620705322,0.6,0.4,0.7499723687942605,0.5,0.5,0.5,0.7501286984770559,Sector 43,Budget,0.5258619587925035,4.5,0.6004064620705322,0.754828324972471
ChIJPZDGPtsYDTkRAw_YJKEwTiE,ChIJPZDGPtsYDTkRAw_YJKEwTiE,Hotel City Premier,"6303, DLF Phase IV, Gurugram",28.4628526,77.0868041,3.7,829.0,DLF Phase IV,hotel,,5.0,0.9997700214385986,1.0,0.0,0.999809429049492,0.9997475743293762,0.9997589141130448,0.9997252821922302,0.9997700214385986,Other,Mid-Range,0.6256962655306019,3.7,0.9997700214385986,0.7971290607934768
ChIJv1JvttIYDTkR6QQG8Hbu9Io,ChIJv1JvttIYDTkR6QQG8Hbu9Io,Stepinn Ess Kay Ess Villa,"F-13/13, DLF Phase 1, Sector 27, Gurugram",28.4641285,77.09411089999999,4.4,438.0,Sector 27,hotel,,5.0,0.999871778488159,1.0,0.0,0.9998730421066284,0.999871778488159,0.999881148338318,0.5,0.999871778488159,Other,Budget,0.5664049161380226,4.4,0.999871778488159,0.8776046707940828
ChIJh7ypMCkZDTkRa9qZat_uAfQ,ChIJh7ypMCkZDTkRa9qZat_uAfQ,Tavisha Villa Golf Course Road Mg Road Gurgaon,"18, H-34 Rd, Block H, DLF Phase 1, Sector 26, Gurugram",28.4790602,77.09486849999999,4.0,532.0,Sector 26,hotel,,5.0,0.40059812318068,0.4,0.6,0.0005724724032916,0.5001289656211155,0.9998893737792968,0.5,0.5010801061289385,Other,Mid-Range,0.5844663889823761,4.0,0.40059812318068,0.6370785725081766
ChIJHZqb6wsZDTkR3n303iVwJq0,ChIJHZqb6wsZDTkR3n303iVwJq0,Saltstayz Select Sector 27 - Golf Course Road,"F-10 Lane, Plot no 10, Golf Course Rd, DLF Phase 1, Sector 27, Gurugram",28.4653394,77.09417049999999,4.7,1044.0,Sector 27,hotel,,5.0,0.6110864793998189,0.6,0.4,0.5277970507740974,0.5143361434020334,0.5286164358258246,0.5,0.7494815297104651,Other,Budget,0.647139174888496,4.7,0.6110864793998189,0.8106176758642607
ChIJgSqaay0ZDTkR76AdQCpsw1s,ChIJgSqaay0ZDTkR76AdQCpsw1s,Saltstayz Premier Sector 42 - Golf Course Road,"Plot No. 780, Golf Crse Rd, Sector 42, Gurugram",28.4631435,77.0985721,4.8,916.0,Sector 42,hotel,,5.0,0.99966641664505,1.0,0.0,0.9998334348201752,0.99966641664505,0.9994418621063232,0.5,0.99966641664505,Other,Budget,0.6349756230544532,4.8,0.99966641664505,0.9452975954495072
ChIJb9VeCNMYDTkRcs0Bfr8neXo,ChIJb9VeCNMYDTkRcs0Bfr8neXo,Tribe Bespoke Hotel By Flxho,"16, Arjun Marg, opp. The Shopping Mall, off Golf Course Road, DLF Phase 1, Sector 26A, Gurugram",28.4666667,77.09978129999999,4.9,375.0,Sector 26A,hotel,,5.0,0.7999303533229977,0.8,0.2,0.5000076178694144,0.5000076178694144,0.9997137188911438,0.5,0.9998788436253866,Other,Mid-Range,0.5519843480101899,4.9,0.7999303533229977,0.8772148631454808
ChIJy6Pl_f8fDTkR21i3BZN30L4,ChIJy6Pl_f8fDTkR21i3BZN30L4,Signature Luxeinn Hotel,"Property No. 1 Near Sky Mansion SSN Marg, Main Chhatarpur Rd, near Chandan Hola, Chhatarpur, New Delhi",28.4690333,77.1865535,4.2,18.0,Chhatarpur,hotel,,5.0,0.7998752507613972,0.8,0.2,0.9998397827148438,0.7498786639480386,0.9998332560062408,0.5,0.999739021062851,Chhatarpur,Budget,0.2740972756911478,4.2,0.7998752507613972,0.7250379233986675
ChIJM1VXRjQZDTkRoBS-7Y_b8qY,ChIJM1VXRjQZDTkRoBS-7Y_b8qY,Ibis Gurgaon Golf Course Road,"Block 1, Golf Course Rd, Parsvnath Exotica, Sector 53, Gurugram",28.4468227,77.0997915,4.4,10705.0,Sector 53,hotel,,5.0,0.9997119188308716,1.0,0.0,0.9996774593989054,0.9997178614139556,0.9995704889297484,0.9993019104003906,0.9996724724769592,Sector 53,Mid-Range,0.8637393845465942,4.4,0.9997119188308716,0.9407952676849816
ChIJ845VBz0eDTkRn4taWpUHdMI,ChIJ845VBz0eDTkRn4taWpUHdMI,Hotel Riverb,"Plot No 1, Subba Farm, Main Chhatarpur Rd, Block A, Chattarpur Enclave, Chhatarpur, New Delhi",28.4971353,77.1852367,4.1,169.0,Chhatarpur,hotel,,5.0,0.8013189467601478,0.8,0.2,0.9998648166656494,0.9997158646583556,0.9997022449970244,0.5,0.9997158646583556,Chhatarpur,Mid-Range,0.4780905191293346,4.1,0.8013189467601478,0.7555934505445681
ChIJU5k0fwAZDTkRO_rImIrqbtA,ChIJU5k0fwAZDTkRO_rImIrqbtA,Nikko Blue Hotel,"Plot No.P-5, 1, DLF Phase 2, Sector 25, Gurugram, Shahpur",28.484686,77.09036920000001,4.5,53.0,Gurugram,hotel,,5.0,0.8381047427654267,0.8,0.2,0.5959053784608841,0.5959053784608841,0.9989867806434632,0.9994203746318818,0.7976674363017082,Gurugram,Mid-Range,0.3713337812992298,4.5,0.8381047427654267,0.7977968380054408
ChIJ2Se7D0AZDTkRswVVBRehoeE,ChIJ2Se7D0AZDTkRswVVBRehoeE,"Fabhotel Altus - Hotel In Dlf Phase 2, Gurgaon","61, Jacaranda Marg, DLF Phase 2, Sector 25, Gurugram, Shahpur",28.4893,77.08771999999999,4.0,149.0,Gurugram,hotel,,5.0,0.5011029568442609,0.6,0.4,0.9964200258255004,0.5016912980063353,0.4983431344007839,0.7541238367557526,0.6656203053425996,Gurugram,Mid-Range,0.4664391054836876,4.0,0.5011029568442609,0.6440400777032202
ChIJixO9pSwfDTkRnBicOK6DA54,ChIJixO9pSwfDTkRnBicOK6DA54,Ahuja Residency Park Lane,"D-7, Arjun Marg, DLF Phase 1, Sector 26A, Gurugram",28.4665786,77.102088,4.5,413.0,Sector 26A,hotel,,5.0,0.6007408358156681,0.6,0.4,0.9998675584793092,0.9998675584793092,0.9997745156288148,0.5,0.99983682235082,Other,Mid-Range,0.5609467402082439,4.5,0.6007408358156681,0.7623973672805043
ChIJsbue63QfDTkRhBwRIuFCTN8,ChIJsbue63QfDTkRhBwRIuFCTN8,"Via Singh Suite - Hotel In Dlf Phase 3, Gurgaon","29, Nathupur Rd, DLF Phase 3, Sector 24, Gurugram",28.4869953,77.1047916,3.8,155.0,Sector 24,hotel,,5.0,0.599576759696356,0.6,0.4,0.3334228998428443,0.9998313188552856,0.9998313188552856,0.9987832903862,0.9991488059361776,Other,Mid-Range,0.4700901543599057,3.8,0.599576759696356,0.649647094708558
ChIJG8xOITwZDTkRA5LpEQ9_5hA,ChIJG8xOITwZDTkRA5LpEQ9_5hA,Hotel O By Oyo Le Regent,"Plot No.H33-43, Block H, DLF Phase 1, Sector 26, Gurugram",28.4782081,77.0983356,3.8,137.0,Sector 26,hotel,,5.0,0.3429161678795935,0.4,0.6,0.0002201294628321,0.7158505916595459,0.997940957546234,0.5,0.5,Other,Budget,0.4586771270509036,3.8,0.3429161678795935,0.5653339050825019
ChIJt3KdyTsZDTkRnrRRDF9xwo0,ChIJt3KdyTsZDTkRnrRRDF9xwo0,Capital O Altus Residency Near Aravali Biodiversity Park,"61, Jacaranda Marg, DLF Phase 2, Sector 25, Gurugram, Shahpur",28.4892849,77.087741,3.9,414.0,Gurugram,hotel,,5.0,0.201828154240502,0.2,0.8,0.9995960593223572,0.0027914156962651,0.5,0.003973820756073,0.5003832620568573,Gurugram,Mid-Range,0.5611713237033928,3.9,0.201828154240502,0.5554142662162318
ChIJT8kShEAZDTkRl2U1GRhAYN8,ChIJT8kShEAZDTkRl2U1GRhAYN8,Leaf 9 Boutique,"Sector 27, Gurugram",28.4658618,77.091618,4.5,410.0,Sector 27,hotel,,5.0,0.5957190608372912,0.6,0.4,0.5006769706378691,0.9858020842075348,0.9998664855957032,0.5,0.5957190608372912,Other,Mid-Range,0.5602697203980311,4.5,0.5957190608372912,0.7606512076882198
ChIJb1sEEkEZDTkRDOPsDUSAn_U,ChIJb1sEEkEZDTkRDOPsDUSAn_U,"Fabhotel Rr Residency - Hotel In Dlf Phase 2, Gurgaon","7B, Jacaranda Marg, DLF Phase 2, Sector 25, Gurugram, Shahpur",28.48966,77.08684,4.5,199.0,Gurugram,hotel,,5.0,0.6034626329987077,0.6,0.4,0.9997032682100933,0.6665260715283997,0.9995129108428956,0.0002312430733582,0.6665023290115643,Gurugram,Mid-Range,0.4932193759807653,4.5,0.6034626329987077,0.7488604550643466
ChIJPwpn3iIZDTkRtUmKOOXCCSw,ChIJPwpn3iIZDTkRtUmKOOXCCSw,Hotel Vipul Grand,"Block N, N-14/33, DLF Phase 2, Sector 25, Shahpur, Gurugram",28.4884115,77.089651,4.3,94.0,Shahpur,hotel,,5.0,0.4063947842339985,0.4,0.6,0.0123745677992701,0.3438291335478425,0.5060651837848127,0.0099833483982364,0.2580545303499093,Other,Mid-Range,0.423919550940717,4.3,0.4063947842339985,0.644660761823426
ChIJNWPPK70ZDTkRn_uuCZyjmRY,ChIJNWPPK70ZDTkRn_uuCZyjmRY,Saltstayz Premier - Galleria Market Road & Sector 27,"Plot no 200 P, Sector 27, Gurugram",28.4676586,77.0889081,4.8,1934.0,Sector 27,hotel,,5.0,0.8017558982595802,0.8,0.2,0.7522254202049226,0.7522376093547791,0.6696904385462403,0.0093561066314578,0.7522254202049226,Other,Budget,0.704490919200437,4.8,0.8017558982595802,0.8969412510099757
ChIJnStO6bwZDTkRREJ25WLH6gQ,ChIJnStO6bwZDTkRREJ25WLH6gQ,My One Hotel,"Plot p, 2, Golf Course Rd, Sector 27, Gurugram",28.4677087,77.09361779999999,4.7,327.0,Sector 27,hotel,,5.0,0.4022314270492643,0.4,0.6,0.4022314270492643,0.3334721869323402,0.3371160774452922,0.2529043505783192,0.3371961685091567,Other,Mid-Range,0.5392705569158556,4.7,0.4022314270492643,0.7210408595289393
ChIJnYoZbzMZDTkRo083db9CdDs,ChIJnYoZbzMZDTkRo083db9CdDs,"Inde Hotel Cyber City, Gurgaon","X-66A, DLF Cyber City, DLF Phase 2, Sector 24, Gurugram",28.4927844,77.0907058,4.0,980.0,Sector 24,hotel,,5.0,0.1985252523940289,0.2,0.8,0.330699298637531,0.3307293530184931,0.5,0.000194517080672,0.1985252523940289,Other,Mid-Range,0.6412559261467393,4.0,0.1985252523940289,0.584687552626673
ChIJKagwI0YZDTkRYT__pYzMFyY,ChIJKagwI0YZDTkRYT__pYzMFyY,Hotel 91 Golf Course Road,"Plot No 586, Rapid Metro Station, next to Sector 43, Sector 43, Gurugram",28.458228,77.0961945,4.4,223.0,Sector 43,hotel,,5.0,0.999659550189972,1.0,0.0,0.9998498956362406,0.9998469054698944,0.9992176294326782,0.9998359978199006,0.9995419184366862,Sector 43,Mid-Range,0.5037691221701405,4.4,0.999659550189972,0.8642146313923302
ChIJz2AwM0IeDTkRE2lvAzLoGH4,ChIJz2AwM0IeDTkRE2lvAzLoGH4,"Le Méridien Gurgaon, Delhi Ncr","Sector 26 M.G. Road, Gurgaon Delhi, Border, Gurugram",28.4806195,77.1077522,4.4,14410.0,Border,hotel,,5.0,0.7999169500486459,0.8,0.2,0.9998751878738404,0.7999169500486459,0.9998751878738404,0.5,0.9997990926106772,Other,Mid-Range,0.8914045109049907,4.4,0.7999169500486459,0.8829363749764128
ChIJWUK7TDoZDTkRdp-9-g52j1k,ChIJWUK7TDoZDTkRdp-9-g52j1k,Hotel Windsor Castle,"66, Jacaranda Marg, DLF Phase 2, Sector 25, Gurugram, Shahpur",28.4897163,77.0872315,3.9,426.0,Gurugram,hotel,,5.0,0.7858420566655695,0.8,0.2,0.9870358109474182,0.9870358109474182,0.9543734788894652,0.9771139621734618,0.7437092011095956,Gurugram,Mid-Range,0.5638248947327972,3.9,0.7858420566655695,0.7423040535689461
ChIJAWlbwzsZDTkRTD1NrIaIoJg,ChIJAWlbwzsZDTkRTD1NrIaIoJg,Hotel Royal Residency,"F3QP+VP3, Jacaranda Marg, DLF Phase 2, Sector 25, Gurugram, Shahpur",28.4896204,77.0867871,3.3,23.0,Gurugram,hotel,,2.0,0.5003742419939954,0.5,0.5,0.5,0.0008839057409204,0.5,0.0008839057409204,0.0008839057409204,Gurugram,Mid-Range,0.2958444386389672,3.3,0.5003742419939954,0.5144688009869481
ChIJA5u7YpYZDTkRCEcqc98Pbak,ChIJA5u7YpYZDTkRCEcqc98Pbak,Hotel Metro Residency,"Plot no, 610, Sector 43, Gurugram",28.455811,77.09465,4.4,14.0,Sector 43,hotel,,3.0,0.6668702529277653,0.6666666666666666,0.3333333333333333,0.0010427732486277,0.5003924319753422,0.5,0.5,0.9997420907020568,Sector 43,Mid-Range,0.2520918884069095,4.4,0.6668702529277653,0.7045101011841136
ChIJD3l5JwYfDTkRrQ4zqTYjbfM,ChIJD3l5JwYfDTkRrQ4zqTYjbfM,Fabhotel The Aroma,"Khasra No. 409, 410, Sultanpur Mandi Rd, opp. DLF Farms, Sultanpur, New Delhi",28.494,77.16491669999999,4.2,159.0,Sultanpur,hotel,,5.0,0.5699664787040092,0.6,0.4,0.2990203028894029,0.4933891336986562,0.896481990814209,0.5,0.7123927345310221,Other,Mid-Range,0.472446984385614,4.2,0.5699664787040092,0.6938752235038929
ChIJWZJF18sYDTkRlMhB1jn6drk,ChIJWZJF18sYDTkRlMhB1jn6drk,Anya Gurgaon,"42, Golf Course Rd, DLF Phase 5, Sector 43, Gurugram",28.455143,77.097091,4.0,2259.0,Sector 43,hotel,,5.0,0.6004507522156928,0.6,0.4,0.7499719025290688,0.0013647328742081,0.9998179972171783,0.5,0.6004507522156928,Sector 43,Mid-Range,0.7189438097049816,4.0,0.6004507522156928,0.729442794451586
ChIJKYKSWQAZDTkRGfvUj75CLA0,ChIJKYKSWQAZDTkRGfvUj75CLA0,Golf Luxury,"1041, nearby Ambience public school, Sector 43, Gurugram",28.4544923,77.0918842,4.9,78.0,Sector 43,hotel,,5.0,0.999671220779419,1.0,0.0,0.9998357892036438,0.998980700969696,0.999870538711548,0.9998680353164672,0.9998438507318496,Sector 43,Luxury,0.4067510860676074,4.9,0.999671220779419,0.9100503231474144
ChIJ73h-x7AfDTkRYODY5sS8TO8,ChIJ73h-x7AfDTkRYODY5sS8TO8,"Fabhotel Rivlet Residency - Hotel In Dlf Phase 3, Gurgaon","37, Siris Rd, T Block, DLF Phase 3, Sector 24, Gurugram",28.492415,77.10781,4.6,284.0,Sector 24,hotel,,5.0,0.0016488082706927,0.0,1.0,0.002882499131374,0.0006926485802978,0.5,0.0003264987608417,0.0007929229177534,Other,Mid-Range,0.5261891640980573,4.6,0.0016488082706927,0.5771620944897359
ChIJzduWdHEZDTkRBKRB3ET9eV8,ChIJzduWdHEZDTkRBKRB3ET9eV8,Hotel Levante,"U-41/4, नया मोहल्ला मार्ग, U Block, Nathupur, Sector 24, Gurugram",28.492036,77.09600120000002,3.7,1689.0,Sector 24,hotel,,5.0,0.4004781979019753,0.4,0.6,0.3339768871082924,0.0016629231395199,0.6665576279434996,0.5001338690926787,0.500586784502957,Other,Mid-Range,0.6918885321730733,3.7,0.4004781979019753,0.6200081395646103
ChIJdb2nSwwZDTkR_qFicz-CfPw,ChIJdb2nSwwZDTkR_qFicz-CfPw,"Bloom Hotel - Golf Course Road, Sector 43","584, Golf Course Rd, near SYS Developers, Sector 43, Gurugram",28.4583003,77.0961696,4.8,1526.0,Sector 43,hotel,,5.0,0.9967834711074828,1.0,0.0,0.9998810291290284,0.996009349822998,0.9921922981739044,0.9998264014720916,0.9947243134180704,Sector 43,Mid-Range,0.6824470372134531,4.8,0.9967834711074828,0.954474752145363
ChIJ788UkOAeDTkR1IXMH3KeYTY,ChIJ788UkOAeDTkR1IXMH3KeYTY,Luxera,"METRO STATION, Mehrauli-Gurgaon Rd, near ARJAN GARH, Aya Nagar, New Delhi",28.4804947,77.1267554,4.1,1818.0,Aya Nagar,hotel,,5.0,0.8009980502538383,0.8,0.2,0.9998407363891602,0.5030913210939615,0.5,0.5,0.9996025363604228,Other,Mid-Range,0.6987360671801403,4.1,0.8009980502538383,0.8024213084868222
ChIJUa9kJyUZDTkRCLz0DgmLSlY,ChIJUa9kJyUZDTkRCLz0DgmLSlY,Hotel Indiyaah Inn,"92 -A Near Gate No. 3, Akashneem Marg, near Sikanderpur metro station, DLF Phase 2, Sector 25, Gurugram",28.4831722,77.0942666,4.6,512.0,Sector 25,hotel,,5.0,0.999689483642578,1.0,0.0,0.9998439252376556,0.9998592138290404,0.9996706545352936,0.999868392944336,0.999689483642578,Other,Budget,0.5809061151631686,4.6,0.999689483642578,0.9072177392110108
ChIJQ0mCURIeDTkRxSzdLV_yWnw,ChIJQ0mCURIeDTkRxSzdLV_yWnw,"Fortune Select Global, Gurgaon - Member Itc Hotels' Group","Global Arcade, Mehrauli-Gurgaon Rd, Sikanderpur, Sector 26, Gurugram",28.4815808,77.103324,4.2,4094.0,Sector 26,hotel,,5.0,0.8147969022393227,0.8,0.2,0.9998736381530762,0.9998809099197388,0.9998832941055298,0.0744656398892402,0.9998857975006104,Other,Luxury,0.7742765721464929,4.2,0.8147969022393227,0.8361842775187068
ChIJrwaFLOAfDTkRPIo2B_lkjSU,ChIJrwaFLOAfDTkRPIo2B_lkjSU,Fairley'S Hotels & Resorts,"579, Main Chhatarpur Rd, Shahoorpur Extension, Satbari, New Delhi",28.472621,77.1887258,3.9,701.0,Satbari,hotel,,5.0,0.5997185436310246,0.6,0.4,0.999881148338318,0.3329428380432849,0.5,0.0002533007645979,0.749541873956332,Other,Luxury,0.6101044388473773,3.9,0.5997185436310246,0.6927661356800867
ChIJwRT3qCUeDTkRecFelntewZs,ChIJwRT3qCUeDTkRecFelntewZs,The Tivoli,"F5WP+M3Q, Chattarpur Mandir Road, Block A, Chattarpur Enclave, Mehrauli, New Delhi",28.4966351,77.18531449999999,4.2,10024.0,Mehrauli,hotel,,5.0,0.999864673614502,1.0,0.0,0.9998304843902588,0.9998477697372437,0.9998304843902588,0.9998472332954408,0.9998598992824554,Other,Mid-Range,0.8576213024193502,4.2,0.999864673614502,0.9129558230208424
ChIJw5YvHgAfDTkRBy56MNY2nl0,ChIJw5YvHgAfDTkRBy56MNY2nl0,Udman Hotel Chhatarpur,"Chandan Hola, Plot No. 538, Main Chhatarpur Rd, Chhatarpur, New Delhi",28.4646961,77.1862125,4.9,1851.0,Chhatarpur,hotel,,5.0,0.7997106483438984,0.8,0.2,0.9998008807500204,0.7497195813630242,0.9998658895492554,0.0008843197720125,0.7997106483438984,Chhatarpur,Mid-Range,0.7004097509718766,4.9,0.7997106483438984,0.9087141310142404
ChIJAy3yrrofDTkRo9pQpHva1MY,ChIJAy3yrrofDTkRo9pQpHva1MY,Aroma Hotel,"Address : No 409, opp. to DLF Farms, Sultanpur, New Delhi",28.4941003,77.16500889999999,4.5,41.0,Sultanpur,hotel,,5.0,0.639838379388675,0.6,0.4,0.9998186528682708,0.5013998517533763,0.9997817873954772,0.5013998517533763,0.639838379388675,Other,Mid-Range,0.3479389680186449,4.5,0.639838379388675,0.7295654342771472
ChIJGUDZB-YfDTkRTOuIuy7EK9Q,ChIJGUDZB-YfDTkRTOuIuy7EK9Q,Hotel Rivasa Regency,"B 12, Main Chhatarpur Rd, Chhatarpur, New Delhi",28.453897,77.183726,4.3,262.0,Chhatarpur,hotel,,5.0,0.600125463551376,0.6,0.4,0.3336417008540592,0.9998449087142944,0.5,0.500079740799265,0.749961967128911,Chhatarpur,Mid-Range,0.5187107801377314,4.3,0.600125463551376,0.7266307598540509
ChIJt4qyPQAfDTkRBMvujBJs42E,ChIJt4qyPQAfDTkRBMvujBJs42E,Divisha Homes,"3rd Floor, C-29, JVTS Garden, Chhatarpur Extension, Chhatarpur, New Delhi",28.4919736,77.1786051,4.9,73.0,Chhatarpur,hotel,,5.0,0.9993058443069458,1.0,0.0,0.999194636940956,0.9971936345100404,0.998938004175822,0.9997506737709044,0.999868392944336,Chhatarpur,Mid-Range,0.400664617195975,4.9,0.9993058443069458,0.908639190041447
ChIJ88UPbKcfDTkRn5RuCRubLAI,ChIJ88UPbKcfDTkRn5RuCRubLAI,Collection O The Grand Villa,"Plot No- 409-410, Mandi Rd, near Bikaner Sweet, Sultanpur, New Delhi",28.4939828,77.164835,4.5,36.0,Sultanpur,hotel,,5.0,0.7951286591443931,0.8,0.2,0.4999020192408352,0.6664541425561765,0.5,0.4997494611525326,0.7951286591443931,Other,Mid-Range,0.336139675368766,4.5,0.7951286591443931,0.7766000156736051
ChIJqatSgMQfDTkRF9LVcrExTdM,ChIJqatSgMQfDTkRF9LVcrExTdM,"Park Boulevard Hotel, New Delhi","DERA MORE,CHATTARPUR MANDIR ROAD, DELHI",28.4484845,77.1846159,4.3,3173.0,CHATTARPUR MANDIR ROAD,hotel,,5.0,0.9998482584953308,1.0,0.0,0.5,0.9998713731765746,0.9997933506965636,0.5,0.999864101409912,Other,Mid-Range,0.750559699117258,4.3,0.9998482584953308,0.9034725490589548
ChIJ7VIOTVseDTkRdnOMsxb5ftI,ChIJ7VIOTVseDTkRdnOMsxb5ftI,Avalon Courtyard Residences And Suites,"Metro Station, F5W6+M7C, off, Mehrauli-Gurgaon Rd, Sultanpur, New Delhi",28.4966487,77.1600692,4.1,524.0,Sultanpur,hotel,,5.0,0.9986593842506408,1.0,0.0,0.997848649819692,0.5,0.993842363357544,0.5,0.9986593842506408,Other,Mid-Range,0.5830585766905744,4.1,0.9986593842506408,0.8408796776734413
ChIJUVEwtnIfDTkRUKif-DLwqfg,ChIJUVEwtnIfDTkRUKif-DLwqfg,Oyo The Royal Villa,"426, Mehrauli-Gurgaon Rd, Ghitorni, New Delhi",28.491159,77.14065599999999,3.7,31.0,Ghitorni,hotel,,5.0,0.4028211808297783,0.4,0.6,0.0006350305629894,0.999514251947403,0.5,0.9993106126785278,0.999514251947403,Other,Budget,0.3226247091360448,3.7,0.4028211808297783,0.5422150274928405
ChIJMV2w6CweDTkR-KXGpaExz2Q,ChIJMV2w6CweDTkR-KXGpaExz2Q,Oyo Kcg Hotels Near Chhatarpur Metro Station,"32/1, Satbari, New Delhi",28.4688588,77.1842253,3.8,179.0,Satbari,hotel,,5.0,0.0005693506944225,0.0,1.0,0.0002282116474816,0.0006546354561578,0.0003338024835102,0.0002169200306525,0.0006628791416005,Other,Budget,0.4834113852186676,3.8,0.0005693506944225,0.461371501052999
ChIJjRnSLIwfDTkRSeSzIDKDY_s,ChIJjRnSLIwfDTkRSeSzIDKDY_s,Flagship Raj Residency Near Chhatarpur Metro Station,"Plot no.277, Rajpur Khurd Ext, Maidan Garhi, Chhatarpur, Delhi, New Delhi",28.490345,77.192962,3.8,25.0,Delhi,hotel,,5.0,0.6038822758942841,0.6,0.4,0.9998644590377808,0.5077977431938051,0.9978103041648864,0.0061411298811435,0.0061411298811435,Delhi,Mid-Range,0.3032955993753565,3.8,0.6038822758942841,0.615544345656772
ChIJmyas5kQfDTkRq1YVNY1ULj8,ChIJmyas5kQfDTkRq1YVNY1ULj8,The Own Stay,"H. No, B-12/2, Block B, Chhatarpur Extension, Chhatarpur, Delhi, New Delhi",28.4919269,77.18166599999999,4.7,38.0,Delhi,hotel,,5.0,0.799892472627107,0.8,0.2,0.5002569839416537,0.9998513460159302,0.5,0.0006833642837591,0.6665978819170656,Delhi,Budget,0.3410402707054878,4.7,0.799892472627107,0.8057491021311244
ChIJJWjGrxEeDTkRwBTPOhzPqgA,ChIJJWjGrxEeDTkRwBTPOhzPqgA,Oodles Hotel Chhattarpur,"Plot 759 762, Main Chhatarpur Rd, Block C, Chhatarpur Extension, Chhatarpur, New Delhi",28.48875,77.18476900000002,4.1,4189.0,Chhatarpur,hotel,,5.0,0.9996840000152588,1.0,0.0,0.5,0.9997532963752748,0.5,0.5,0.9996411502361298,Chhatarpur,Mid-Range,0.7764114954793065,4.1,0.9996840000152588,0.8823318016769455
ChIJr8v4rd0fDTkRYHHvdeASgxA,ChIJr8v4rd0fDTkRYHHvdeASgxA,Golden Tulip,"242-245 - Fatehpur Beri, Chattarpur Mandir Rd, Asola, New Delhi",28.4623284,77.18661190000002,4.6,18.0,Asola,hotel,,5.0,0.9824471235275268,1.0,0.0,0.5,0.5,0.5,0.9998676776885986,0.9998306035995485,Other,Mid-Range,0.2740972756911478,4.6,0.9824471235275268,0.8364599379771099
ChIJd0vHMCweDTkRayozzfX4sGc,ChIJd0vHMCweDTkRayozzfX4sGc,The Ocean Pearl Gardenia,"241-246, Chattarpur, Fatehpur Beri, New Delhi",28.4626721,77.18625180000001,4.1,3911.0,Fatehpur Beri,hotel,,5.0,0.9998327374458312,1.0,0.0,0.999706208705902,0.9998094042142232,0.999706208705902,0.5,0.9998170336087544,Other,Mid-Range,0.7700206952947003,4.1,0.9998327374458312,0.8810199630766641
ChIJAaXhBdofDTkRjJVX_cRNLSQ,ChIJAaXhBdofDTkRjJVX_cRNLSQ,Bel-La Mondè Hotel Chhattarpur,"Chattarpur Mandir Rd, near Sky Manson Tower, Shahoorpur Extension, Satbari, New Delhi",28.4709906,77.188592,4.2,6449.0,Satbari,hotel,,5.0,0.7997328858356922,0.8,0.2,0.5,0.5006950747920199,0.5,0.5,0.9980004727840424,Other,Mid-Range,0.8165685231198748,4.2,0.7997328858356922,0.8403735055049583
ChIJ97W7F9EfDTkRidfrk_JoC5s,ChIJ97W7F9EfDTkRidfrk_JoC5s,The Ocean Pearl Retreat,"Chattarpur Mandir Rd, Ansal Villas, Satbari, New Delhi",28.4791516,77.1845822,4.2,7960.0,Satbari,hotel,,5.0,0.999871826171875,1.0,0.0,0.5,0.9998725056648252,0.5,0.5,0.999871826171875,Other,Mid-Range,0.8361615540936762,4.2,0.999871826171875,0.9083937206325116
ChIJh45apMkfDTkRsVm3VhUXE74,ChIJh45apMkfDTkRsVm3VhUXE74,Opulent Hotel By Ferns N Petals,"F5CP+JF4, 98, Bandh Rd, Chhatarpur, New Delhi",28.4714921,77.1863955,4.5,3021.0,Chhatarpur,hotel,,5.0,0.9994792103767396,1.0,0.0,0.9997393488883972,0.9990196228027344,0.9998633861541748,0.5,0.9997677803039552,Chhatarpur,Mid-Range,0.7459914321093729,4.5,0.9994792103767396,0.9289700522909354
ChIJI5Qg-hYeDTkRJPOLBw0uKeQ,ChIJI5Qg-hYeDTkRJPOLBw0uKeQ,Lilywhite Hotel,"Main Chhatarpur Rd, Chhatarpur Extension, Chhatarpur, New Delhi",28.4912289,77.18485009999999,4.0,3137.0,Chhatarpur,hotel,,5.0,0.7999089258810272,0.8,0.2,0.5,0.999855488538742,0.99978369474411,0.0002100556594086,0.7499261818702507,Chhatarpur,Mid-Range,0.749497826611771,4.0,0.7999089258810272,0.7995771644589389
ChIJp6qq6tofDTkRxTTgVXrcTZk,ChIJp6qq6tofDTkRxTTgVXrcTZk,Kings Forth Hotels,"538 Chandan Hulla, Main, Chhattarpur Ext Rd, Chhatarpur, New Delhi",28.4646815,77.1860854,4.0,628.0,Chhatarpur,hotel,,5.0,0.4004817529115826,0.4,0.6,0.5004610741743818,0.5003344178549014,0.5,0.0008777499897405,0.0008477652445434,Chhatarpur,Mid-Range,0.5998829774213225,4.0,0.4004817529115826,0.6403204789900568
ChIJJ7fCIwAfDTkReXn71Uz-ONM,ChIJJ7fCIwAfDTkReXn71Uz-ONM,Hotel Suzu Inn,"F54M+HPM, 16, Main Chhatarpur Rd, Asola, Fatehpur Beri, New Delhi",28.4564254,77.18427849999999,4.6,22.0,Fatehpur Beri,hotel,,5.0,0.5999701831373385,0.6,0.4,0.5001332442916463,0.6667469907552004,0.999852418899536,0.9995241463184356,0.5001252260844922,Other,Budget,0.2918825720663544,4.6,0.5999701831373385,0.7182162997068079
ChIJCXCAgNkfDTkRAOH3fheHj10,ChIJCXCAgNkfDTkRAOH3fheHj10,Hotel Royal Regency,"Main Road, near Canara Bank, Asola, Fatehpur Beri, New Delhi",28.4563053,77.1840471,4.1,38.0,Fatehpur Beri,hotel,,5.0,0.5988714528502895,0.6,0.4,0.5,0.748472817678703,0.5,0.5,0.66663899171787,Other,Mid-Range,0.3410402707054878,4.1,0.5988714528502895,0.6618541278754928
ChIJr4AGGVvhDDkRG_xKgOWkQAQ,ChIJr4AGGVvhDDkRG_xKgOWkQAQ,Gumbers Farm New Delhi,"F642+5RF, Asola Homes, chattarpur, Asola, New Delhi",28.4554292,77.2020587,3.7,209.0,Asola,hotel,,5.0,0.0116832572559359,0.0,1.0,0.0100651310543373,0.0141104465583338,0.0283737406134605,0.0009980585891753,0.0009980585891753,Other,Mid-Range,0.4977612432682141,3.7,0.0116832572559359,0.4546760104662052
ChIJW5dO58MfDTkR0IkpjGctiBY,ChIJW5dO58MfDTkR0IkpjGctiBY,Hotel O The Kytes,"Ansal Villas, Satbari, Chhatarpur, New Delhi",28.4832917,77.1897497,3.8,141.0,Chhatarpur,hotel,,5.0,0.5967993426835164,0.6,0.4,0.9933131635189056,0.3347429514784987,0.9929624199867249,0.5,0.6648057915347939,Chhatarpur,Mid-Range,0.4613370169652945,3.8,0.5967993426835164,0.6468992301628907
ChIJ5VpnAeYfDTkRYQ9sYR8yMGs,ChIJ5VpnAeYfDTkRYQ9sYR8yMGs,Oyo 11583 Hotel Prime View,"b12, 6, Main Chhatarpur Rd, Aflatoon Market, Harshroop Colony, Fatehpur Beri, Fatehpu, New Delhi",28.4539345,77.1837793,3.7,222.0,Fatehpu,hotel,,5.0,0.3812226690468378,0.4,0.6,0.0007120159571059,0.332190251618158,0.4978449537011329,0.9080207347869872,0.0011169357749167,Other,Budget,0.5033526122422379,3.7,0.3812226690468378,0.5737641276949441
ChIJTeJUmFIeDTkRFeI22keK9so,ChIJTeJUmFIeDTkRFeI22keK9so,Roomshala 183 Hotel Aroma Chattarpur,"409, Main Sultanpur, Westend DLF Chattarpur Farms, DLF Farms, New Delhi",28.4818174,77.1594688,4.7,23.0,DLF Farms,hotel,,5.0,0.7998588151996956,0.8,0.2,0.9998384714126588,0.9996604919433594,0.5000587272807024,0.9996604919433594,0.7498544538102578,Other,Mid-Range,0.2958444386389672,4.7,0.7998588151996956,0.7961254297549502
ChIJA84Ws3QfDTkRLTRtRiMx5Dw,ChIJA84Ws3QfDTkRLTRtRiMx5Dw,Hotel Royal Villa,"Mg Road, pipal wali gali, beside MCD school, Ghitorni, south delhi",28.4912161,77.1405856,5.0,1.0,Ghitorni,hotel,,,,,,,,,,,Other,Mid-Range,0.0645249418272089,5.0,0.5,0.6911374624668677
ChIJt7mqyyUeDTkRsB0jEaRI9cY,ChIJt7mqyyUeDTkRsB0jEaRI9cY,Fabhotel Siya Residency,"6, Hargobind Enclave, Chattarpur Enclave, Chhatarpur, New Delhi",28.497,77.18751999999999,5.0,1.0,Chhatarpur,hotel,,,,,,,,,,,Chhatarpur,Mid-Range,0.0645249418272089,5.0,0.5,0.6911374624668677
ChIJjxDREmjhDDkR_q86XhG-KDE,ChIJjxDREmjhDDkR_q86XhG-KDE,Sukoon Farm Stay,"near Amardas ji Gurudwara, Ansal Villas, Satbari, New Delhi",28.4721296,77.2136373,4.8,111.0,Satbari,hotel,,5.0,0.8006318804807961,0.8,0.2,0.7508458938682452,0.5,0.5020306103397161,0.0042853937484323,0.7508590366924182,Other,Budget,0.4392441803429315,4.8,0.8006318804807961,0.8401659467720353
ChIJL7Vg9KHiDDkRSwZ_W8H-sIY,ChIJL7Vg9KHiDDkRSwZ_W8H-sIY,The Estate Villa,"The Estate Villa (B, Sultanpur Mandi Rd, Sultanpur, New Delhi",28.4946569,77.16251749999999,4.2,324.0,Sultanpur,hotel,,5.0,0.9989912986755372,1.0,0.0,0.9973028898239136,0.9995587468147278,0.9984748760859172,0.5,0.999413400888443,Other,Mid-Range,0.5384152080472859,4.2,0.9989912986755372,0.8447835914158083
ChIJ-c-55sofDTkRvmWM-SVTms4,ChIJ-c-55sofDTkRvmWM-SVTms4,Stayvista Villa,"Brijwasi Brijwasi Colony, Block A1, Mehrauli, New Delhi",28.4955788,77.184339,4.9,119.0,Mehrauli,hotel,,5.0,0.9997211694717408,1.0,0.0,0.9997806151707967,0.5,0.9997872710227966,0.9993971586227416,0.9998071392377218,Other,Budget,0.4456667138885363,4.9,0.9997211694717408,0.9183434241576576
ChIJcWZoJ0rnDDkR7ya1Tpcw6-k,ChIJcWZoJ0rnDDkR7ya1Tpcw6-k,Royal Imperio,"Eros Garden, opposite supreme hospital, Charmwood Village, Sector 39, Faridabad",28.4922211,77.29172799999999,4.2,1378.0,Sector 39,hotel,,5.0,0.400346017954871,0.4,0.6,0.5,0.6666619929795464,0.000334964133799,0.0006930249898383,0.5001541728561278,Other,Mid-Range,0.6729568632884907,4.2,0.400346017954871,0.6824065283342846
ChIJ40I_kCvnDDkRsOwVtnuR6I4,ChIJ40I_kCvnDDkRsOwVtnuR6I4,Goldfinch Hotel Delhi Ncr,"74/2A, Lakkarpur, Sector 39, Faridabad",28.4876185,77.2903032,4.0,3480.0,Sector 39,hotel,,5.0,0.9672740936279296,1.0,0.0,0.951071798801422,0.951071798801422,0.9990314543247224,0.9990314543247224,0.951071798801422,Other,Mid-Range,0.759154401100616,4.0,0.9672740936279296,0.855027709849452
ChIJU5ZfTy3nDDkREzNyq06aZjA,ChIJU5ZfTy3nDDkREzNyq06aZjA,Lake View Huts And Resort,"F7JP+Q4M, Lakewood city, Surajkund, Faridabad",28.4819505,77.2852963,4.1,1069.0,Surajkund,hotel,,5.0,0.9998650431632996,1.0,0.0,0.5,0.9998407363891602,0.9998489022254944,0.5,0.5,Other,Luxury,0.649339982204362,4.1,0.9998650431632996,0.8553620677731001
ChIJbwpdFIXhDDkR1mfZ7FLaOV8,ChIJbwpdFIXhDDkR1mfZ7FLaOV8,Sarovar Portico Surajkund,"Shooting Range Road, Suraj Kund Rd, Block C, Lal Kuan, New Delhi",28.4895252,77.28350449999999,4.0,1160.0,Lal Kuan,hotel,,5.0,0.4003207824483978,0.4,0.6,0.0006804303751171,0.2504778084476128,0.5000326360604957,0.2504334923942223,0.4003207824483978,Other,Mid-Range,0.656938257108208,4.0,0.4003207824483978,0.6524045037283478
ChIJ6XGgrjLnDDkRe1YaEUjd_r8,ChIJ6XGgrjLnDDkRe1YaEUjd_r8,Hermitage Huts,"F7MP+6QH, (A Unit of Haryana Tourism Corporation Ltd.) Surajkund, Faridabad",28.4830633,77.28697600000001,3.9,876.0,(A Unit of Haryana Tourism Corporation Ltd.) Surajkund,hotel,,5.0,0.4019579433574108,0.4,0.6,0.5006587747484444,0.0084181586280465,0.5006587747484444,0.0002154180401703,0.5,Other,Mid-Range,0.6308237726961006,3.9,0.4019579433574108,0.6340789570697772
ChIJq6qqatPgDDkRZcvXKuNHJ0M,ChIJq6qqatPgDDkRZcvXKuNHJ0M,Rajhans Hotel,"Rajhans Hotel, Suraj Kund Rd, Lakewood city, Surajkund, Faridabad",28.4841592,77.2802351,4.1,3910.0,Surajkund,hotel,,5.0,0.7982447005575523,0.8,0.2,0.9958076477050782,0.6647381546208635,0.9958076477050782,0.9939422011375428,0.0004891640273854,Other,Mid-Range,0.7699968962881568,4.1,0.7982447005575523,0.816699704941186
ChIJq6qqqtPgDDkRiU7ZAEq1d-8,ChIJq6qqqtPgDDkRiU7ZAEq1d-8,Sunbird Resorts,"F7PJ+4RX, Lakewood city, Surajkund, Faridabad",28.4853534,77.2820957,4.2,253.0,Surajkund,hotel,,5.0,0.761873310804367,0.8,0.2,0.5,0.9979122877120972,0.5,0.9959497451782228,0.9998748302459716,Other,Luxury,0.5154694146898892,4.2,0.761873310804367,0.7642523639772274
ChIJG6OlprbnDDkRU-OAWAxCg60,ChIJG6OlprbnDDkRU-OAWAxCg60,Hotel Regal Garden,"Plot no 1722, Suraj Kund Rd, near Goldfinch Hotel, Village Lakarpur, Sector 39, Faridabad",28.4869898,77.2909937,4.9,9.0,Sector 39,hotel,,5.0,0.9993441343307496,1.0,0.0,0.999839037656784,0.9998708367347716,0.9998663663864136,0.9976106882095336,0.999839037656784,Other,Mid-Range,0.2143472170767782,4.9,0.9993441343307496,0.8690225990840288
ChIJr-UiyxHhDDkR9jmGwVikkO4,ChIJr-UiyxHhDDkR9jmGwVikkO4,Hotel O By Oyo Crowninn,"Asola, 121001, Suraj Kund Badkhal Rd, Anangpur, Faridabad",28.4605716,77.2839892,3.3,58.0,Anangpur,hotel,,5.0,0.4002327682799659,0.4,0.6,0.0001943255920195,0.0002177127462345,0.5,0.0002177127462345,0.0006116340591688,Other,Budget,0.379577200550308,3.3,0.4002327682799659,0.5003289447733726
ChIJOW1xC3znDDkRtLeKnObcRHE,ChIJOW1xC3znDDkRtLeKnObcRHE,Charmwood Inn,"Plot No 1, Suraj Kund Rd, opposite Govt School, Lakkarpur, Dayal Bagh Colony, Faridabad",28.4901642,77.2911879,4.7,37.0,Dayal Bagh Colony,hotel,,5.0,0.79441520832479,0.8,0.2,0.6574875060468912,0.5,0.9997276961803436,0.99965500831604,0.7430657255463302,Other,Budget,0.3386222175183568,4.7,0.79441520832479,0.8034873126317822
ChIJ3wheEADnDDkRDzP-C5uNxr0,ChIJ3wheEADnDDkRDzP-C5uNxr0,Remedra Hotels And Residences,"Plot No.2, near Shiv Mandir, Greenfield Colony, Sector 41, Faridabad",28.4699594,77.2929285,4.7,138.0,Sector 41,hotel,,5.0,0.9998619556427002,1.0,0.0,0.9998624324798584,0.9998684326807658,0.5,0.5,0.9998594522476196,Other,Mid-Range,0.4593492585888129,4.7,0.9998619556427002,0.894711658260806
ChIJhZ7D7lLnDDkRW1iGj1Y99cw,ChIJhZ7D7lLnDDkRW1iGj1Y99cw,Sky Mansion,"C-3249,4th floor, Greenfields, Faridabad",28.4666834,77.2896727,4.3,19.0,Greenfields,hotel,,5.0,0.7943224344053306,0.8,0.2,0.5003495001292322,0.5,0.9998394548892976,0.5,0.9998595714569092,Other,Mid-Range,0.2788721589039871,4.3,0.7943224344053306,0.7375753790324878
ChIJ523s_LLgDDkReZgVUIHDaaA,ChIJ523s_LLgDDkReZgVUIHDaaA,Hotel Aravali Inn & Banquet Hall,"CO77, Suraj Kund Badkhal Rd, Asola Wild Life Sanctuary, Anangpur, Faridabad",28.4601939,77.2842185,4.6,14.0,Anangpur,hotel,,5.0,0.7999571568216197,0.8,0.2,0.5,0.5,0.5,0.0004336269921623,0.9998579025268556,Other,Budget,0.2520918884069095,4.6,0.7999571568216197,0.7735574029697687
ChIJq6qqqg3cDDkRcNh5dl8gb9c,ChIJq6qqqg3cDDkRcNh5dl8gb9c,"Taj Surajkund Resort & Spa, Delhi Ncr","Shooting Range Road, Block C, Surajkund, Faridabad",28.4893507,77.2840571,4.4,13259.0,Surajkund,hotel,,5.0,0.7999304349010344,0.8,0.2,0.9998724460601808,0.6666482380339099,0.5,0.0002316508616786,0.7499519654593314,Other,Luxury,0.8836557316620314,4.4,0.7999304349010344,0.881292549467648
ChIJ8eP7GADhDDkRFW6C7rXhNB0,ChIJ8eP7GADhDDkRFW6C7rXhNB0,Eden Farms,"Chhota Anangpur, Faridabad",28.4688322,77.2701257,3.9,82.0,Chhota Anangpur,hotel,,5.0,0.7994967184582492,0.8,0.2,0.7994967184582492,0.6666360037391618,0.498968025574868,0.0002382805541856,0.9991429050763448,Other,Mid-Range,0.4113490484538237,3.9,0.7994967184582492,0.7142296012612663
ChIJHd3Y2QjnDDkRX2J6RMZlSZ8,ChIJHd3Y2QjnDDkRX2J6RMZlSZ8,Hotel O Silver Coin Residency,"Infront of, Goldfinch Hotel, Lakkarpur, Surajkund, Faridabad",28.4871552,77.2899994,3.4,7.0,Surajkund,hotel,,3.0,0.3337942220387048,0.3333333333333333,0.6666666666666666,0.0011046248255297,0.0011046248255297,0.5,0.5,0.5,Other,Mid-Range,0.1935748254816269,3.4,0.3337942220387048,0.4528638540504627
ChIJIbuMAirnDDkR1HtuJqkJsPY,ChIJIbuMAirnDDkR1HtuJqkJsPY,Hotel O By Oyo The Moon Residency,"16, Dayal Bagh Rd, Charmwood Village, Sector 39, Faridabad",28.4920922,77.29218809999999,3.3,331.0,Sector 39,hotel,,5.0,0.4021806121862027,0.4,0.6,0.4999948308395687,0.0002709909022086,0.5,0.0111936368048191,0.5026542486884864,Other,Budget,0.5403989321082416,3.3,0.4021806121862027,0.5351563922938853
ChIJz5G7EdPgDDkR3nBZAmkk6QM,ChIJz5G7EdPgDDkR3nBZAmkk6QM,Design Galleries,"F7MM+PRV, Unnamed Road, Lakewood city, Surajkund, Faridabad",28.484349,77.2845331,4.2,167.0,Surajkund,hotel,,5.0,0.9992440938949584,1.0,0.0,0.5,0.9993632435798644,0.9988906383514404,0.5,0.9996658563613892,Other,Mid-Range,0.4769888516730629,4.2,0.9992440938949584,0.8317991558920906
ChIJeQIQJdXgDDkRfhn0uyMOrxQ,ChIJeQIQJdXgDDkRfhn0uyMOrxQ,Panoramic - The Atrium,"F7QM+W64, The Atrium Hotel, Shooting Range Road, Block C, Lal Kuan, Faridabad",28.4896537,77.28290659999999,3.8,202.0,Lal Kuan,hotel,,5.0,0.2843840172863565,0.2,0.8,0.9998447895050048,0.3533840622258139,0.4119663834571838,0.5,0.5041143135167657,Other,Mid-Range,0.494605354142389,3.8,0.2843840172863565,0.5543014079785983
ChIJ7UcKMUjhDDkRL-mPFW5-q7g,ChIJ7UcKMUjhDDkRL-mPFW5-q7g,Bloom Haven By Madaan’S,"Farm No 7 Village Anangpur, Surajkund, Faridabad",28.4722788,77.27425219999999,4.4,13.0,Surajkund,hotel,,5.0,0.5848521768406499,0.6,0.4,0.9998714327812196,0.0002103695296682,0.0002377776690991,0.0002103695296682,0.9998714327812196,Other,Mid-Range,0.2456693548613046,4.4,0.5848521768406499,0.6769767891313909
ChIJ6RTDdCTnDDkRZaKJnxryIMs,ChIJ6RTDdCTnDDkRZaKJnxryIMs,The Mansion Killa 25,"behind Omaxe Hills, Greenfield Colony Block B, Sector 43, Faridabad",28.4591073,77.2906687,3.5,17.0,Sector 43,hotel,,5.0,0.8111646428704262,0.8,0.2,0.5,0.5,0.9998725652694702,0.5,0.9998725652694702,Sector 43,Mid-Range,0.2690641681418895,3.5,0.8111646428704262,0.6345150767132599
ChIJ8XJNQSHnDDkR60BZUyvH0_8,ChIJ8XJNQSHnDDkR60BZUyvH0_8,Vibe By The Lalit Traveller,"Mathura Road N, 12/7, NH 44, Near Toll plaza, Sector 35, Faridabad",28.4733891,77.3064833,3.9,4315.0,Sector 35,hotel,,5.0,0.2002250123041449,0.2,0.8,0.4999149252544158,0.0003631761016246,0.4999149252544158,0.0002065787994069,0.3334140373384192,Other,Mid-Range,0.7791695896563892,3.9,0.2002250123041449,0.6012699690257367
ChIJkfmYCz_nDDkRl-e30Xfjyuw,ChIJkfmYCz_nDDkRl-e30Xfjyuw,Hotel Saffron Kiran,"NH-2, Mathura Road, Near Badarpur Toll Plaza, Faridabad",28.4723186,77.3065262,3.9,1206.0,Near Badarpur Toll Plaza,hotel,,5.0,0.4004368646797956,0.4,0.6,0.5,0.3334604399715317,0.9998406171798706,0.9998260140419006,0.2505895773392694,Other,Mid-Range,0.6605553771906421,3.9,0.4004368646797956,0.6399174360236567
ChIJPeq9RFDnDDkR3ThA8S-1P4Y,ChIJPeq9RFDnDDkR3ThA8S-1P4Y,Hotel Green Vegas,"F74W+MC5, Greenfield Colony Block B, Greenfields Colony Block B, Sector 43, Faridabad",28.456633,77.2961181,4.4,262.0,Sector 43,hotel,,5.0,0.7999170793627854,0.8,0.2,0.9998372197151184,0.5000086758373071,0.9998242259025574,0.0002365179534535,0.7999170793627854,Sector 43,Mid-Range,0.5187107801377314,4.4,0.7999170793627854,0.8036662677738033
ChIJfyoHSjznDDkR1l32qWnDa94,ChIJfyoHSjznDDkR1l32qWnDa94,Hotel Sewa Grand,"12/4, Mathura Road, Near Toll Plaza, opposite Sarai Metro Station, Faridabad",28.4767278,77.3062891,3.6,1240.0,opposite Sarai Metro Station,hotel,,5.0,0.2015833224315429,0.2,0.8,0.0005088876205263,0.003567949446733,0.5,0.5,0.3356329456388873,Other,Mid-Range,0.663141371634919,3.6,0.2015833224315429,0.5371443485416404
ChIJl-fnJmXnDDkRI72MNPOzSFA,ChIJl-fnJmXnDDkRI72MNPOzSFA,Miran Hotel & Suites - Mathura Road Faridabad,"1502, 100 Feet Road, Greenfields, Sector 42, Faridabad",28.4622761,77.3005958,4.4,66.0,Sector 42,hotel,,5.0,0.9998061537742616,1.0,0.0,0.999786655108134,0.9998706579208374,0.5,0.9996289014816284,0.9998299777507782,Other,Mid-Range,0.3914140521329489,4.4,0.9998061537742616,0.8403640258780607
ChIJSweSUaznDDkRiDsGkG487WY,ChIJSweSUaznDDkRiDsGkG487WY,Hotel Amaze,"second floor gate no. 7, B/651, Greenfield Colony, Sector 43, Faridabad",28.4607917,77.2963571,5.0,18.0,Sector 43,hotel,,3.0,0.9981624285380044,1.0,0.0,0.9973253011703492,0.9964565634727478,0.9981940388679504,0.5,0.9990153610706328,Sector 43,Mid-Range,0.2740972756911478,5.0,0.9981624285380044,0.8946475788373086
ChIJAzPudb_dDDkR7Ky0lXG8OeI,ChIJAzPudb_dDDkR7Ky0lXG8OeI,Hotel O By Oyo Lime Inn,"building no 2, bangal suiting chowk, opp. PARAS APARTMENT, Inder Colony, Sector 31, Faridabad",28.4483247,77.3169341,4.2,69.0,Sector 31,hotel,,5.0,0.4003987353644334,0.4,0.6,0.6668695761278892,0.5004694690578617,0.5003823866718449,0.0008266438380814,0.333742967826159,Other,Budget,0.3954916301108739,4.2,0.4003987353644334,0.6234078384295592
ChIJ0bhXzyPnDDkRtIidxqRxIhM,ChIJ0bhXzyPnDDkRtIidxqRxIhM,Hotel View - A Boutique Hotel,"HN-19 1, Bypass Rd, New Delhi, Faridabad",28.4872896,77.3058834,4.2,105.0,New Delhi,hotel,,5.0,0.9998574733734132,1.0,0.0,0.9998658498128256,0.9998502731323242,0.9998499751091005,0.5,0.9998658498128256,New Delhi,Mid-Range,0.4341186759487797,4.2,0.9998574733734132,0.8228765717535872
ChIJC-svMT7nDDkRsnPyEfm6MSM,ChIJC-svMT7nDDkRsnPyEfm6MSM,Agrah Stay,"B654, Greenfield Colony Block B, Greenfields, Sector 42, Faridabad",28.4606031,77.2960428,4.4,64.0,Sector 42,hotel,,5.0,0.9912163734436036,1.0,0.0,0.9997094571590424,0.9998039603233336,0.9998039603233336,0.9928080638249716,0.9893310070037842,Other,Budget,0.3885929327977167,4.4,0.9912163734436036,0.8370234805755439
ChIJF73zruTnDDkR4fHFPKspu28,ChIJF73zruTnDDkR4fHFPKspu28,Sukajini Home Stay & Pg,"2nd Floor, B-106, Mall Rd, Greenfield Colony Block B, Greenfields, Fatidabad, Faridabad",28.4620948,77.3005937,5.0,40.0,Fatidabad,hotel,,5.0,0.9997776865959168,1.0,0.0,0.9997516721487044,0.9995515942573548,0.9997710585594176,0.9998117089271544,0.9997776865959168,Other,Budget,0.3456957314342286,5.0,0.9997776865959168,0.910391559352383
ChIJR7opKkHnDDkRu2lSbe2ecIE,ChIJR7opKkHnDDkRu2lSbe2ecIE,Rosewood Grand,"PLOT 03, Ashoka Enclave Main Rd, Ashoka Enclave, Sector 34, Faridabad",28.4729034,77.3125998,3.8,77.0,Sector 34,hotel,,5.0,0.7993215075111948,0.8,0.2,0.5,0.999860684076945,0.4985127426625694,0.5,0.6667207464536963,Other,Mid-Range,0.4055652125326968,3.8,0.7993215075111948,0.6996500608532964
ChIJ5RPXWkbnDDkRHPIEdZvEvnM,ChIJ5RPXWkbnDDkRHPIEdZvEvnM,Hotel O By Oyo Kalka,"B-472, near JKM Bharat Gas, Green Fields Colony, Greenfields, Sector 43, Faridabad",28.462243,77.29795399999999,4.8,17.0,Sector 43,hotel,,5.0,0.7997869715560227,0.8,0.2,0.4999223017366602,0.999842643737793,0.5,0.5,0.0003679918590933,Sector 43,Budget,0.2690641681418895,4.8,0.7997869715560227,0.8036999217389258
ChIJFTUAotnnDDkR1gMoIi3ORdc,ChIJFTUAotnnDDkR1gMoIi3ORdc,Fabhotel Bleu Ville,"Badarpur Border Toll Booth, 12/4, NH-19, near Sarai, Sarai Khawaja Village, Sector 36, Faridabad",28.4747391,77.306124,4.7,40.0,Sector 36,hotel,,5.0,0.9996768951416016,1.0,0.0,0.9998492002487184,0.9998708963394164,0.9994372725486756,0.5,0.9998492002487184,Other,Mid-Range,0.3456957314342286,4.7,0.9996768951416016,0.870479062204056
ChIJLc--96LnDDkRcxUjrcGUL18,ChIJLc--96LnDDkRcxUjrcGUL18,Via Galaxy Ii,"I, II, III, 5B-9, Hotel Galaxy, B P, Railway Road, opposite D M Hospital, Ashoka Enclave, N.I.T, Sector 34, Faridabad",28.47175,77.31457,4.1,60.0,Sector 34,hotel,,5.0,0.463683967164252,0.4,0.6,0.463683967164252,0.5,0.6586405485868454,0.1596339961979537,0.463683967164252,Other,Mid-Range,0.3826804816987014,4.1,0.463683967164252,0.6275802152001732
ChIJC3jSkMLnDDkRpbyJHHT6HjY,ChIJC3jSkMLnDDkRpbyJHHT6HjY,Fabhotel Crescent,"2nd & 3rd Floor, Sector 30-33, Slf Mall, Block A, Indraprastha Colony, Bypass, Faridabad",28.4549496,77.3132414,3.3,15.0,Bypass,hotel,,5.0,0.0005541744962101,0.0,1.0,0.0004252158032613,0.0003887952188961,0.0004176929893825,0.0005188192881178,0.0003887952188961,Other,Mid-Range,0.2580997673088359,3.3,0.0005541744962101,0.346976737190644
ChIJgyqMzGPnDDkRQ20lUOXLQO8,ChIJgyqMzGPnDDkRQ20lUOXLQO8,Fabhotel Black Pepper,"163, 33, Sector 30, I P Colony, Faridabad",28.4535253,77.3157801,4.7,53.0,I P Colony,hotel,,5.0,0.7998961081320886,0.8,0.2,0.9997753500938416,0.7499305295714294,0.9997922778129578,0.9998285472393036,0.9998051722844442,Other,Mid-Range,0.3713337812992298,4.7,0.7998961081320886,0.8121935447508205
ChIJx6m1uo7dDDkR12u8JLX6V1I,ChIJx6m1uo7dDDkR12u8JLX6V1I,Destiny House,"House no. 80, Near Krishna Mandir,, Sector 31, Faridabad",28.442585,77.31594199999999,4.2,92.0,Sector 31,hotel,,5.0,0.99969881772995,1.0,0.0,0.99976780017217,0.99963116645813,0.9997766613960266,0.9995089769363404,0.9998096227645874,Other,Mid-Range,0.4219388418856267,4.2,0.99969881772995,0.8202353622087241
ChIJn3sea8bdDDkRBNzpLJa0sM8,ChIJn3sea8bdDDkRBNzpLJa0sM8,Hotel O By Oyo Royal Inn,"Leisure Valley, 188, 188 C, Sector 46, Apartment, Faridabad",28.4377188,77.30185349999999,3.4,50.0,Apartment,hotel,,5.0,0.1985332916519837,0.2,0.8,0.000271020195214,0.0003039688890566,0.0003616097092162,0.9915618300437928,0.0001927215489558,Other,Budget,0.3660129152098967,3.4,0.1985332916519837,0.4463865836360094
ChIJh56SAIDdDDkR9NSPmd20Q0c,ChIJh56SAIDdDDkR9NSPmd20Q0c,Flagship Rozette Residency,"H.no, 327, near H S I I D C Office, Sector 31, Faridabad",28.4432362,77.31263129999999,4.4,163.0,Sector 31,hotel,,5.0,0.6000316207646392,0.6,0.4,0.6666697531569904,0.5,0.5,0.5,0.5000696263014106,Other,Mid-Range,0.4747456150886466,4.4,0.6000316207646392,0.7305430894705754
ChIJ7U43gHXdDDkRxrQvQ2InjH8,ChIJ7U43gHXdDDkRxrQvQ2InjH8,The White Pepper,"2091, Rajendra Colony, Sector 28, Faridabad",28.4300911,77.3101483,4.5,57.0,Sector 28,hotel,,5.0,0.7999252154666465,0.8,0.2,0.5,0.5,0.9998756647109984,0.99980691075325,0.7499719801344327,Other,Mid-Range,0.3779858829355023,4.5,0.7999252154666465,0.7870308074014686
ChIJt3LeD7_nDDkRPvWAjIqtFk8,ChIJt3LeD7_nDDkRPvWAjIqtFk8,Hotel O Veer Palace,"pillar no 33, Aggarwal sweet, near main road, A Block, Budh Vihar Colony, Tajpur Pahari Village, Badarpur, New Delhi, Delhi",28.4965972,77.30335360000001,2.6,7.0,New Delhi,hotel,,2.0,0.0005733525758841,0.0,1.0,0.0002472531341481,0.0002472531341481,0.5,0.0008994520176202,0.5,New Delhi,Luxury,0.1935748254816269,2.6,0.0005733525758841,0.2402045861990499
ChIJawhvr7PnDDkRzK8CptG0rAo,ChIJawhvr7PnDDkRzK8CptG0rAo,Hotel O Maira Stays,"A 1505, 1St Floor, Chitrakut Hospital, Maira Stays, opp. Gate No 2, Greenfields, Faridabad",28.4622853,77.3012057,3.7,245.0,Greenfields,hotel,,5.0,0.0002984445891342,0.0,1.0,0.0003235628755646,0.0002071286726277,0.5,0.0003895427798852,0.0002679333750468,Other,Budget,0.5124902864187779,3.7,0.0002984445891342,0.4541765648548548
ChIJsYk_4vYfDTkRxhcIXPEuN-8,ChIJsYk_4vYfDTkRxhcIXPEuN-8,Collection O Hotel Cambridge,"house no.73, DLF phase-3, nearby Gurudronacharya metro station, Daurala Village, Gurugram, Delhi",28.5126536,76.90205879999999,5.0,1.0,Gurugram,hotel,,,,,,,,,,,Gurugram,Mid-Range,0.0645249418272089,5.0,0.5,0.6911374624668677
ChIJQw7XRwcjDTkRUpAE-J_C2JY,ChIJQw7XRwcjDTkRUpAE-J_C2JY,Collection O Hotel The Miscue,"south city-2, E-39, nearby Goodearth city centre, Daurala Village, Gurugram, Delhi",28.5128111,76.9020556,1.0,2.0,Gurugram,hotel,,1.0,0.0008594642276875,0.0,1.0,0.5,0.5,0.0008594642276875,0.5,0.5,Gurugram,Mid-Range,0.1022696131573402,1.0,0.0008594642276875,0.0081805437025241
ChIJ_b5_2h8XDTkRH-3grjWSpsI,ChIJ_b5_2h8XDTkRH-3grjWSpsI,Capital O Harish Residency,"125, Sector 9A, Sector 9, Gurugram",28.4656538,76.9912798,3.6,187.0,Sector 9,hotel,,5.0,0.4210737942717969,0.4,0.6,0.0817941948771476,0.5,0.0817941948771476,0.0817941948771476,0.521708948421292,Other,Mid-Range,0.487459406182981,3.6,0.4210737942717969,0.5698044845847647
ChIJLW-emhIXDTkR-6bqCk1VS9M,ChIJLW-emhIXDTkR-6bqCk1VS9M,Capital O 61602 Hotel The Royal,"994/914 Basai Old Delhi Gurgaon Road, near Flyover, Gurugram",28.460861,76.981651,4.1,62.0,near Flyover,hotel,,5.0,0.7947154784225858,0.8,0.2,0.5,0.5,0.5,0.5,0.666629318400131,Other,Mid-Range,0.3856836393487762,4.1,0.7947154784225858,0.7338321669958192
ChIJ4ZM2vkIXDTkRAXr06HcF9JI,ChIJ4ZM2vkIXDTkRAXr06HcF9JI,Hotel O Arya Residency,"Plot no 494, Main, Basai Rd, Basai Enclave, Basai Village, Sector 9B, Gurugram",28.4572171,76.98697109999999,5.0,2.0,Sector 9B,hotel,,1.0,0.7220864295959473,1.0,0.0,0.5,0.5,0.5,0.5,0.5,Other,Mid-Range,0.1022696131573402,5.0,0.7220864295959473,0.7700206301731761
ChIJq_mqsfIZDTkR7CQGzKLopiM,ChIJq_mqsfIZDTkR7CQGzKLopiM,The Prince Inn,"12 A12, Dharam Colony, Palam Vihar Ext. Opp Power House Station, Gurgaon 12217, Gurugram",28.5032811,77.03283069999999,4.0,320.0,Gurgaon 12217,hotel,,5.0,0.6001846542349085,0.6,0.4,0.9998650550842284,0.5002982660371343,0.000573979166802,0.9998650550842284,0.9998650550842284,Other,Budget,0.5372623782849241,4.0,0.6001846542349085,0.6907151387678632
ChIJQTH0_aoZDTkR2bqpQS51Gh4,ChIJQTH0_aoZDTkR2bqpQS51Gh4,"Ginger - Sector 1, Gurugram","Global Foyer, Pocket H, Sector 1, Palam Vihar, Gurugram",28.511137,77.040171,3.7,1589.0,Palam Vihar,hotel,,5.0,0.6000018319697119,0.6,0.4,0.0003139784093946,0.3336269592594665,0.5,0.9998809099197388,0.5002720651973505,Other,Mid-Range,0.6862105643556893,3.7,0.6000018319697119,0.6824570268608906
ChIJiziWrzAbDTkRdIPNjwNfI-o,ChIJiziWrzAbDTkRdIPNjwNfI-o,Hotel Hr Residency,"near maruti true value showroom, Bamnoli Village, Sector 28 Dwarka, Dwarka, New Delhi, Delhi",28.5464594,77.0317001,4.7,65.0,New Delhi,hotel,,5.0,0.9998641967773436,1.0,0.0,0.9998588263988496,0.9998704195022584,0.9998709559440614,0.5,0.999856472015381,New Delhi,Mid-Range,0.3900141789323282,4.7,0.9998641967773436,0.8799651382056342
ChIJW000QPcZDTkR2q-1cDbfges,ChIJW000QPcZDTkR2q-1cDbfges,Hotel City Palace,"G25F+C7M, Block B, New Palam Vihar Phase 1, Sector 110, Gurugram",28.5085781,77.0231757,4.1,7.0,Sector 110,hotel,,2.0,0.9991900622844696,1.0,0.0,0.9998693466186525,0.5,0.5,0.5,0.5,Other,Luxury,0.1935748254816269,4.1,0.9991900622844696,0.7582076822856566
ChIJqaqqZ4YXDTkRtQ-QBVfHHQI,ChIJqaqqZ4YXDTkRtQ-QBVfHHQI,Saavi Hotel Sector 10,"Enkay Rubber Factory, Basai Rd, Krishna Nagar, Sector 10, Gurugram",28.4562492,77.005883,4.2,6.0,Sector 10,hotel,,2.0,0.5004957395140082,0.5,0.5,0.5,0.9998492002487184,0.5,0.5,0.9998492002487184,Other,Mid-Range,0.1811444130340956,4.2,0.5004957395140082,0.6097524459974468
ChIJCYkD0ckZDTkROZqkEmNEa5k,ChIJCYkD0ckZDTkROZqkEmNEa5k,Hotel Bizzotel,"2390, 3, Old Delhi Gurugram Rd, near PNB Bank, Anamika Enclave, Sector 14, Gurugram",28.4690232,77.0384539,4.3,193.0,Sector 14,hotel,,5.0,0.7999488991859834,0.8,0.2,0.9998537302017212,0.9998307029406228,0.9998527765274048,0.5,0.6666987409795789,Other,Mid-Range,0.4903839340339828,4.3,0.7999488991859834,0.7843579901251277
ChIJdXE5kq8ZDTkR3XRcDlA5Alk,ChIJdXE5kq8ZDTkR3XRcDlA5Alk,Hotel Vrs,"Ganpati Arcade, Gurudwara Rd, Sadar Bazar, Roshan Pura, Gurugram",28.4597257,77.0311017,4.4,281.0,Roshan Pura,hotel,,5.0,0.3998666813742602,0.4,0.6,0.5,0.6663143354380736,0.9993590116500854,0.5,0.0002078134202747,Other,Mid-Range,0.5252040775131123,4.4,0.3998666813742602,0.6774141923341378
ChIJnQTKoYYXDTkRU7pRAcKFALk,ChIJnQTKoYYXDTkRU7pRAcKFALk,Hotel O Circle Residency,"H.No - 10, near Alpine Convent school, Vikas Nagar, Sector 10, Gurugram",28.4539783,76.9944211,3.8,99.0,Sector 10,hotel,,5.0,0.0003416019084397,0.0,1.0,0.0003054701179886,0.5,0.0002840225351974,0.000330459937686,0.0003925896598957,Other,Mid-Range,0.4286944341535564,3.8,0.0003416019084397,0.4496608094207482
ChIJT6HNpJQZDTkRGu2XPHz05z8,ChIJT6HNpJQZDTkRGu2XPHz05z8,Hotel Royal Retreat,"H.no, 341B, near Ansal Plaza, Pocket H, Sector 1, Palam Vihar, Gurugram",28.511952,77.040528,4.5,41.0,Palam Vihar,hotel,,5.0,0.9998480916023256,1.0,0.0,0.5,0.9998478293418884,0.5,0.5,0.9998547434806824,Other,Mid-Range,0.3479389680186449,4.5,0.9998480916023256,0.8444239131489191
ChIJYy_XeOQbDTkRK2NfXsfpEEE,ChIJYy_XeOQbDTkRK2NfXsfpEEE,Goa Country Club By Pearl,"1371, opp. Metro Park Hospital, j block, Sector 1, Palam Vihar, Gurugram",28.5191955,77.0389321,4.2,599.0,Palam Vihar,hotel,,5.0,0.4001900279952678,0.4,0.6,0.0004671191854868,0.4999705297886976,0.5,0.0003899123548762,0.5000575580634177,Other,Mid-Range,0.5954889891381056,4.2,0.4001900279952678,0.6658797198662849
ChIJsTX1574ZDTkRYBEzBecVO8s,ChIJsTX1574ZDTkRYBEzBecVO8s,Hotel O S K Resisdency,"3rd Floor, Appartment 15, Apka city Plaza, near Park Inn hotel, Civil Lines, Gurugram",28.459126,77.031765,4.8,16.0,Civil Lines,hotel,,3.0,0.9996299743652344,1.0,0.0,0.9992603659629822,0.5,0.5,0.5,0.9997872710227966,Other,Mid-Range,0.2637433020525564,4.8,0.9996299743652344,0.8663266551132343
ChIJr3w57d8ZDTkReaF1ZGBlgvM,ChIJr3w57d8ZDTkReaF1ZGBlgvM,Masaga By Qcent,"1691/31, Old Railway Rd, Sector 3A, Laxman Vihar, Gurgaon Rural, Gurugram",28.4875153,77.0112834,4.6,271.0,Gurgaon Rural,hotel,,5.0,0.9998703718185424,1.0,0.0,0.9998608231544496,0.999868094921112,0.999869704246521,0.5,0.9998688399791718,Other,Mid-Range,0.5218430693613924,4.6,0.9998703718185424,0.8947130269618173
ChIJH_Tj8koYDTkRej_8iJE6pUE,ChIJH_Tj8koYDTkRej_8iJE6pUE,Eddison Hotel,"Prem Nagar, Near Sector-14, Opp Ajit Cinema, 293/3, Delhi Rd, Gurugram",28.465543,77.0346881,4.0,700.0,Delhi Rd,hotel,,5.0,0.6001640088215936,0.6,0.4,0.9997986853122712,0.7501114335318562,0.9998561143875122,0.0009849773487076,0.66686078265775,Other,Mid-Range,0.6099717377363983,4.0,0.6001640088215936,0.7061734800143713
ChIJ9_LFpUoZDTkRmQc0nr3920Y,ChIJ9_LFpUoZDTkRmQc0nr3920Y,Capital O By Oyo Esscon House Near Payal Cinema,"1388, Major Sushil Aima Marg, Block F, Carterpuri Village, Sector 23A, Gurugram",28.5091826,77.0432282,3.3,317.0,Sector 23A,hotel,,5.0,0.7997472642571666,0.8,0.2,0.6664378442219459,0.0003169172559864,0.9994983077049256,0.5,0.9997378786404928,Other,Budget,0.53638828910612,3.3,0.7997472642571666,0.6611440952138246
ChIJlTs8-VIZDTkRsrFfQNWP92U,ChIJlTs8-VIZDTkRsrFfQNWP92U,Green Bacchus Stays,"H299, H Block, H- Block, Om Vihar, Palam Vihar Extension, Gurugram",28.500586,77.0414782,4.5,104.0,Palam Vihar Extension,hotel,,5.0,0.7999159115483053,0.8,0.2,0.5,0.5,0.0003981083282269,0.0003981083282269,0.7499442569824168,Other,Budget,0.4332363014410051,4.5,0.7999159115483053,0.798779335029974
ChIJz2kv2TwZDTkRxLds7WNtqJY,ChIJz2kv2TwZDTkRxLds7WNtqJY,Aakriti Hotels,"702 P, Sector 23, Gurugram",28.5119149,77.0435242,4.0,480.0,Sector 23,hotel,,5.0,0.6001765668392182,0.6,0.4,0.0010342312743887,0.7501479614002164,0.0010342312743887,0.5004385567153803,0.5000729554449208,Other,Mid-Range,0.5749103329169135,4.0,0.6001765668392182,0.6987200958492209
ChIJC5jTgNcZDTkR3ajFCvQd1dI,ChIJC5jTgNcZDTkR3ajFCvQd1dI,Chaupal Hotel & Banquet,"Plot No. 303/2, Old Delhi Gurugram Rd, near BSNL Telephone Exchange, Anamika Enclave, Sector 14, Gurugram",28.4681031,77.0378992,4.0,1419.0,Sector 14,hotel,,5.0,0.4118180621182546,0.4,0.6,0.512133626267314,0.5,0.5121193211525679,0.5,0.9998607635498048,Other,Mid-Range,0.6756842340420728,4.0,0.4118180621182546,0.6600598054908741
ChIJ_6WIiowZDTkRWY5b3ANJGR8,ChIJ_6WIiowZDTkRWY5b3ANJGR8,Super Hotel O Urban Sky,"Plot No 257, near Shani Mandir, Sector 38, Bakhtawar chowk, Gurugram",28.4796434,77.0121429,4.9,12.0,Bakhtawar chowk,hotel,,5.0,0.9994553923606871,1.0,0.0,0.5,0.9981585144996644,0.5,0.5,0.9992000659306844,Other,Mid-Range,0.2387706575481475,4.9,0.9994553923606871,0.8742528424499852
ChIJf4aZlKIZDTkRZvUGFuf-IV4,ChIJf4aZlKIZDTkRZvUGFuf-IV4,The Trot Hotel & Suites,"Yashobhoomi, Conscient One Mall, Near, Dwarka Expy, Block R, New Palam Vihar Phase 1, Sector 109, Gurugram, Pawala Khasrupur",28.5029074,77.00797089999999,4.3,86.0,Gurugram,hotel,,5.0,0.7977731904480606,0.8,0.2,0.7472496580448933,0.7472743194666691,0.6666734352863083,0.6630766526019821,0.7977731904480606,Gurugram,Mid-Range,0.4157305542656336,4.3,0.7977731904480606,0.7677854343794152
ChIJj9ohA_sZDTkRzpldRlEu7O8,ChIJj9ohA_sZDTkRzpldRlEu7O8,Zen Suites - Gurgaon,"B, 25 A, Sector 14 Rd, Block B, Old DLF Colony, Sector 14, Gurugram",28.4701493,77.0418439,4.8,417.0,Sector 14,hotel,,5.0,0.9998077869415284,1.0,0.0,0.9998018741607666,0.9998490810394288,0.9998549620310464,0.9998314380645752,0.9998490810394288,Other,Mid-Range,0.5618418414661358,4.8,0.9998077869415284,0.929787498068973
ChIJTxZARVUZDTkRpaG7WjvgWiI,ChIJTxZARVUZDTkRpaG7WjvgWiI,Safe&Sure Residency,"Phase-3, Plot no.13, near Ekta Group, opp. Narayana School, Block G, Ashok Vihar Phase III Extension, Gurugram",28.4993643,77.02589669999999,5.0,175.0,Ashok Vihar Phase III Extension,hotel,,5.0,0.9994946837425231,1.0,0.0,0.999806433916092,0.9986047148704528,0.9998810291290284,0.9991888999938964,0.999425083398819,Other,Mid-Range,0.4813193912566148,5.0,0.9994946837425231,0.9391477638352232
ChIJDylpYF8bDTkRrqi1VR5k0CU,ChIJDylpYF8bDTkRrqi1VR5k0CU,Hotel Goa Country Club,"Palam Vihar Rd, near Metro Hospital, Pocket J, Choma, Gurugram",28.5186938,77.03922969999999,4.2,70.0,Choma,hotel,,5.0,0.7997832526103593,0.8,0.2,0.9994764626026154,0.9991251826286316,0.5,0.5,0.9998277425765992,Other,Mid-Range,0.3968120751380856,4.2,0.7997832526103593,0.7511094145656312
ChIJ--FGZrMZDTkRnNnjWOLxdmI,ChIJ--FGZrMZDTkRnNnjWOLxdmI,The Grand Hotel,"L-36, Delhi Rd, Anamika Enclave, Sector 14, Gurugram",28.4703471,77.0397937,3.8,144.0,Sector 14,hotel,,5.0,0.5968326518806861,0.6,0.4,0.984307825565338,0.3334104733124453,0.5,0.4922457163556827,0.4999638584595232,Other,Mid-Range,0.4632832163578625,3.8,0.5968326518806861,0.6473238043889225
ChIJp6MyJTcZDTkRGFrLyjljPJk,ChIJp6MyJTcZDTkRGFrLyjljPJk,U S Fortune Hotel,"1149, Dayanand Colony, OPP. - INOX DREAMZ MALL, New Railway Road, 4-7, Chowk, Sector 6, Gurugram",28.4736713,77.0191782,4.7,166.0,Sector 6,hotel,,5.0,0.7997028708690778,0.8,0.2,0.0009395481320098,0.5003862083540298,0.5,0.0009395481320098,0.9989348649978638,Other,Mid-Range,0.4764330899412014,4.7,0.7997028708690778,0.8344860068808634
ChIJY_BPJDYYDTkRkHZ4zEVDmxg,ChIJY_BPJDYYDTkRkHZ4zEVDmxg,Shama Tourist Complex,"F26M+449, Shaheed Major Vikas Yadav Marg, Near Civil Hospital, Civil Lines, Gurugram",28.4602813,77.0328521,4.1,266.0,Civil Lines,hotel,,5.0,0.7987696371390485,0.8,0.2,0.0002610494266264,0.5,0.9957833290100098,0.998279333114624,0.7485444796475349,Other,Mid-Range,0.5201159360789595,4.1,0.7987696371390485,0.7637187141657948
ChIJIQAAADAYDTkRr-j3eVMKaeI,ChIJIQAAADAYDTkRr-j3eVMKaeI,Moody Moon Blue,"F24C+5QJ, Model Town, Sector 11, Gurugram",28.455473,77.021902,,,Sector 11,hotel,,,,,,,,,,,Other,Mid-Range,0.0,4.07404718693285,0.5,0.5543222758742095
ChIJX7S4gF4ZDTkR1muRn56eJLM,ChIJX7S4gF4ZDTkR1muRn56eJLM,Shubham Hotel,"93, Jharsa Rd, near satyam plaza market, Fountain Chowk, civil line, hanuman mandir, Police Lines, Gurugram",28.4600623,77.03366969999999,4.0,29.0,Police Lines,hotel,,4.0,0.7499177916688495,0.75,0.25,0.5,0.9998543858528136,0.5,0.9997782111167908,0.6666090705451401,Other,Mid-Range,0.3166168302341184,4.0,0.7499177916688495,0.6915561690126754
ChIJwRQsIVYZDTkRTOvbeNZacZU,ChIJwRQsIVYZDTkRTOvbeNZacZU,Hotel O Cloud Inn,"619/9, 2nd floor,Nehru lane ,Madanpuri, road, near OLF School, New Colony, Gurugram",28.4621833,77.01863999999999,3.7,7.0,New Colony,hotel,,2.0,0.5002321227220818,0.5,0.5,0.5,0.9998751878738404,0.5,0.5,0.5,Other,Budget,0.1935748254816269,3.7,0.5002321227220818,0.5458449954542527
ChIJe3MwXDQYDTkRFSLBgYWqUOo,ChIJe3MwXDQYDTkRFSLBgYWqUOo,Swastik Guest House - Best Guest House In Gurgaon,"New Railway Rd, near BUS STAND, opp. Saraswati Shopping Complex, Jacobpura, Sector 12, Gurugram",28.464437,77.029437,3.9,58.0,Sector 12,hotel,,5.0,0.8087838232517243,0.8,0.2,0.9992217123508454,0.5,0.9997939467430116,0.7610312923789024,0.9990382790565492,Other,Mid-Range,0.379577200550308,3.9,0.8087838232517243,0.7104348665507482
ChIJE51owZ0ZDTkR2OgJJr4sDsI,ChIJE51owZ0ZDTkR2OgJJr4sDsI,Hotel O Shree Jee Inn Guest House,"Plot No. 701, 19Khandsa Road, opposite madhur mobile, Model Town, Sector 11, Gurugram",28.4558524,77.0226636,4.5,280.0,Sector 11,hotel,,5.0,0.999827802181244,1.0,0.0,0.999827802181244,0.9998110135396322,0.9998413026332856,0.9998413026332856,0.9998146444559096,Other,Budget,0.5248733851099727,4.5,0.999827802181244,0.8820505320979308
ChIJbe0Wa9oZDTkR_jLO_rumWio,ChIJbe0Wa9oZDTkR_jLO_rumWio,Hotel O Royal Villa,"1 H block, ashok vihar phase3, behing TVS showroom, Palam Vihar Rd, Gurugram",28.5004097,77.0273261,3.6,184.0,Palam Vihar Rd,hotel,,4.0,0.0031869545782682,0.0,1.0,0.0023292162416812,0.0059296344406901,0.5,0.0060990992933511,0.0004442747158463,Other,Mid-Range,0.4859619506183351,3.6,0.0031869545782682,0.4361622278316094
ChIJxzEBJLMZDTkR3JmM3HkM_qQ,ChIJxzEBJLMZDTkR3JmM3HkM_qQ,Tulalip Hotel,"B-25, Sunder Singh Marg, Block B, Old DLF Colony, Sector 14, Gurugram",28.469971,77.042037,4.0,366.0,Sector 14,hotel,,5.0,0.4019990053260699,0.4,0.6,0.0034880689927376,0.6685177474282682,0.0034880689927376,0.6664144243501747,0.0066430536098778,Other,Mid-Range,0.549729033603689,4.0,0.4019990053260699,0.6301370467970546
ChIJRU_hfK0ZDTkRmuwgwPQ_cDM,ChIJRU_hfK0ZDTkRmuwgwPQ_cDM,Rsk Crown Plaza,"Q5, Block N, New Palam Vihar Phase 1, Sector 110, Gurugram, Pawala Khasrupur",28.5073391,77.0151703,4.8,110.0,Gurugram,hotel,,5.0,0.9997485876083374,1.0,0.0,0.9996449649333954,0.9997535794973372,0.999793142080307,0.5,0.9997176130612692,Gurugram,Mid-Range,0.4384092885261062,4.8,0.9997485876083374,0.9035151057590448
ChIJ87DHGs4ZDTkRx1Hiq-G3rsI,ChIJ87DHGs4ZDTkRx1Hiq-G3rsI,Hotel O By Oyo Dream Plaza,"959/3 Rajeev Nagar, Kali Mata Mandir Rd, Sector 12, Gurugram",28.4736691,77.0346069,3.9,127.0,Sector 12,hotel,,5.0,0.6044678838457912,0.6,0.4,0.0231399331241846,0.4999703945359215,0.0231399331241846,0.9994305968284608,0.0002687338273972,Other,Budget,0.4516745927904628,3.9,0.6044678838457912,0.6605841184597593
ChIJ_-aIgzIYDTkRBlQb3cm8lhA,ChIJ_-aIgzIYDTkRBlQb3cm8lhA,Hotel Rajvanshi,"Old Railway Rd, near DSD College, Subhash Nagar, Sector 8, Gurugram",28.4646102,77.0222292,4.1,1115.0,Sector 8,hotel,,5.0,0.5997403170971666,0.6,0.4,0.0004241464484948,0.4997686180358869,0.9996271133422852,0.9986221492290496,0.9987461268901824,Other,Mid-Range,0.6532583386973849,4.1,0.5997403170971666,0.7285386010674745
ChIJQQ-msLgZDTkRgftdjITVkXE,ChIJQQ-msLgZDTkRgftdjITVkXE,Fabhotel Gazelle Inn,"221/1, Old Railway Rd, near Shiv Murti, Subash nagar, Sector 8, Gurugram",28.4628637,77.02286819999999,3.9,214.0,Sector 8,hotel,,5.0,0.0009677614085375,0.0,1.0,0.0014234619447961,0.0008946274174376,0.5,0.5,0.5,Other,Budget,0.4999516928857564,3.9,0.0009677614085375,0.4783101010791644
ChIJM9UXNmEZDTkRS8oL7LSIarI,ChIJM9UXNmEZDTkRS8oL7LSIarI,Capital O Hotel Flora Inn Near Ambience Mall,"528, Sector 2 Rd, Pocket A, Sector 2, Choma, Gurugram",28.505518,77.0370015,3.9,100.0,Choma,hotel,,5.0,0.7812654425040819,0.8,0.2,0.992037296295166,0.992037296295166,0.9710381031036376,0.5,0.9713343381881714,Other,Budget,0.4296207085978143,3.9,0.7812654425040819,0.7122993388081219
ChIJAQBAAokZDTkRZxk3dwZd-4I,ChIJAQBAAokZDTkRZxk3dwZd-4I,Evergreen Resort Aravali,"Aravali mountain FO52 Resort, Ansal Plaza, Gurugram badshahpur, Gurugram",28.5114567,77.0419641,4.8,4.0,Gurugram badshahpur,hotel,,4.0,0.9995240867137908,1.0,0.0,0.999171257019043,0.999849796295166,0.5,0.5,0.999849796295166,Other,Luxury,0.1498222752495692,4.8,0.9995240867137908,0.8420624227005459
ChIJa3V2bkYYDTkRXORa3zzhsTw,ChIJa3V2bkYYDTkRXORa3zzhsTw,"Hotel Haut Monde, Gurgaon","316, Shaheed Major Vikas Yadav Marg, Sector 15 Part 2, Patel Nagar, Gurugram",28.4552421,77.0381881,3.7,2979.0,Patel Nagar,hotel,,5.0,0.3977608705637976,0.4,0.6,0.0004395884073649,0.4971177428597002,0.989307940006256,0.0003800996637437,0.249874103203183,Other,Mid-Range,0.7446885877276265,3.7,0.3977608705637976,0.6303715117153968
ChIJx6k4HM4ZDTkRPN4jwRg4X8M,ChIJx6k4HM4ZDTkRPN4jwRg4X8M,Fabhotel Red Inn,"SCO 55, Civil Line Rd, Sector 15, Gurugram",28.45847,77.0332464,3.8,78.0,Sector 15,hotel,,5.0,0.4014529614592902,0.4,0.6,0.0023385777603834,0.9998441934585572,0.9992146492004396,0.0052715330384671,0.5022430911194533,Other,Budget,0.4067510860676074,3.8,0.4014529614592902,0.5729652260939602
ChIJr8LuNvwYDTkRLfjeI091NkU,ChIJr8LuNvwYDTkRLfjeI091NkU,"Lemon Tree Premier, City Center, Gurugram","Millennium City Center, Plot No 287-289, Sector 29, Gurugram",28.4649502,77.06470159999999,4.3,2548.0,Sector 29,hotel,,5.0,0.9997681736946106,1.0,0.0,0.999610036611557,0.9997015992800394,0.9998781681060792,0.9998781681060792,0.9997457414865494,Other,Mid-Range,0.7301458945671203,4.3,0.9997681736946106,0.8991050813931528
ChIJE-uo-fwYDTkREmhTJ5h_HSI,ChIJE-uo-fwYDTkREmhTJ5h_HSI,"Lemon Tree Premier, Leisure Valley 2, Gurugram","लैज़र वैली पार्क City Centre HUDA, 43-47, Main St, near near, Sector 29, Gurugram",28.467708,77.0653,4.1,4361.0,Sector 29,hotel,,5.0,0.99452383518219,1.0,0.0,0.9998778104782104,0.995918035507202,0.9919582605361938,0.9818852543830872,0.9995723068714142,Other,Mid-Range,0.7801564925216219,4.1,0.99452383518219,0.8814820313402887
ChIJBVSGE6gbDTkRSmVkRqpoTi8,ChIJBVSGE6gbDTkRSmVkRqpoTi8,"Hotel Pitrashish Pride,Delhi Airport.","Hotel Pitrashish Pride, 98, Main Rd, Kapas Hera Extension, Kapas Hera, New Delhi",28.5302714,77.08644950000001,4.4,815.0,Kapas Hera,hotel,,5.0,0.6001338942442089,0.6,0.4,0.7498816871084273,0.5001905905082822,0.9998887777328492,0.5,0.6667566529164711,Other,Mid-Range,0.6241126825187326,4.4,0.6001338942442089,0.7623453696875856
ChIJOw9xHnqyvDsRI5yP40PhcsM,ChIJOw9xHnqyvDsRI5yP40PhcsM,"Treebo Mall View, Dlf Phase Ii","8, K-5A Rd, DLF Phase 2, Sector 25, Gurugram, Sarhol",28.4806364,77.0837529,4.1,739.0,Gurugram,hotel,,5.0,0.0086325683456379,0.0,1.0,0.0086733924836152,0.0127675482654012,0.00026840683131,0.0002558534324634,0.0003556188457877,Gurugram,Mid-Range,0.6150118342727531,4.1,0.0086325683456379,0.5318151294078957
ChIJqyK42_sYDTkRv0equibh_ow,ChIJqyK42_sYDTkRv0equibh_ow,Treebo Premium Eden Residency Near Sec 29,"Golf Course Extension, B-2, Sohna Road, South City I, Sector 29, Gurugram",28.4633455,77.0625685,4.1,558.0,Sector 29,hotel,,5.0,0.2041647355712484,0.2,0.8,0.5,0.5,0.0127965286374092,0.3341926754898547,0.0013612540642497,Other,Mid-Range,0.5889000751843347,4.1,0.2041647355712484,0.5886443999828286
ChIJcfBZzI0ZDTkRzkNr9l0ifhY,ChIJcfBZzI0ZDTkRzkNr9l0ifhY,"Aliste Hotels, Millenium City Centre Gurugram","583, B Block Dr, Sushant Lok Phase I, Sector 43, Gurugram",28.4594554,77.075233,4.7,114.0,Sector 43,hotel,,5.0,0.7998837338527665,0.8,0.2,0.9997269809246064,0.6666351733341193,0.9997013608614604,0.5,0.9997478276491164,Sector 43,Mid-Range,0.4417048473159236,4.7,0.7998837338527665,0.8271571811727864
ChIJ76fRckIbDTkRIah0mfzCE08,ChIJ76fRckIbDTkRIah0mfzCE08,Hotel Divine Residency By Jmd Group,"Plot No 6, Main Rd, Kapas Hera, New Delhi",28.5304832,77.0865977,4.5,254.0,Kapas Hera,hotel,,5.0,0.6010689039248973,0.6,0.4,0.9998208582401276,0.5021235551685094,0.5,0.5006121239857748,0.5013678395771421,Other,Mid-Range,0.5158351904594659,4.5,0.6010689039248973,0.7529070272445983
ChIJTcnx04QbDTkRo45mfpW2-bg,ChIJTcnx04QbDTkRo45mfpW2-bg,Airport Hotel Tashree,"Khasra No. 99-100, Kapashera Old Delhi-Gurugram, road, near HDFC Bank, Kapas Hera Extension, New Delhi",28.5294386,77.08693559999999,4.8,4132.0,Kapas Hera Extension,hotel,,5.0,0.3995846098317998,0.4,0.6,0.4993421856379427,0.999716341495514,0.0005945020238868,0.5,0.9982857406139374,Other,Mid-Range,0.7751364258331616,4.8,0.3995846098317998,0.7836573845924903
ChIJX_nDWw4bDTkRyBuwCgrqmNQ,ChIJX_nDWw4bDTkRyBuwCgrqmNQ,Hotel Grand Tashree,"Old Delhi Gurugram Rd, near Bank Of Baroda, D Block, Samalka, Delhi, New Delhi",28.5324481,77.0893443,4.8,1701.0,Delhi,hotel,,5.0,0.000968047522474,0.0,1.0,0.0010801559401442,0.0012343417814311,0.5,0.5,0.0016589029255555,Delhi,Mid-Range,0.6925471892623294,4.8,0.000968047522474,0.6389153411940679
ChIJNYCvH2QZDTkRjLl3MLSE4S0,ChIJNYCvH2QZDTkRjLl3MLSE4S0,Trinity Corporate Suites,"Suncity Trade Tower, Old Delhi Gurugram Rd, adjoining Candor Techspace, opposite Udyog Vihar, Sector 21, Gurugram",28.5078696,77.0710579,4.1,541.0,Sector 21,hotel,,5.0,0.5653390621300787,0.6,0.4,0.494937237992417,0.0005212960531934,0.8469463586807251,0.9997518658638,0.9129504263401031,Other,Mid-Range,0.5860251385594003,4.1,0.5653390621300787,0.703262955513724
ChIJF7LqehsbDTkR6XzlZaqz00s,ChIJF7LqehsbDTkR6XzlZaqz00s,Hotel Shivaka Inn Delhi Airport,"Khasra No. 130-131, Kapashera Old Delhi, road, near HDFC Bank, Kapas Hera Extension, Gurugram, New Delhi",28.5296866,77.0861644,4.2,997.0,Gurugram,hotel,,5.0,0.4000285234389594,0.4,0.6,0.000517320127983,0.5,0.9989798665046692,0.500275273428997,0.000517320127983,Gurugram,Budget,0.6428552851749194,4.2,0.4000285234389594,0.6759027743885172
ChIJrQm2IkQZDTkR-GCn7nUAuSQ,ChIJrQm2IkQZDTkR-GCn7nUAuSQ,"Lemon Tree Hotel, Udyog Vihar Gurugram","866, Udyog Vihar Phase V Rd, Phase V, Udyog Vihar, Sector 19, Gurugram",28.5026451,77.0868498,3.8,1801.0,Sector 19,hotel,,5.0,0.4001717309787637,0.4,0.6,0.5000149775514728,0.5000836600374896,0.999805510044098,0.5000149775514728,0.6666714184490653,Other,Mid-Range,0.6978619780013362,3.8,0.4001717309787637,0.6344743332606478
ChIJXw3kOk8ZDTkR5BoYbGOlxWQ,ChIJXw3kOk8ZDTkR5BoYbGOlxWQ,Fabhotel Rallkmas - Hotel In Sector 25,"96, K-3 Rd, DLF Phase 2, Sector 25, Gurugram, Sarhol",28.4821006,77.08467999999999,4.0,217.0,Gurugram,hotel,,5.0,0.2006404904706869,0.2,0.8,0.5000050956878113,0.000222544040298,0.0002252169069833,0.334267220479281,0.5000299171369988,Gurugram,Mid-Range,0.5012416416592678,4.0,0.2006404904706869,0.5555820448928187
ChIJyx6PzRIZDTkR_rpcf2iugfY,ChIJyx6PzRIZDTkR_rpcf2iugfY,Roswell Inn,"4008, DLF Galleria Rd, near Galleria Market, Sector 28, DLF Phase IV, Gurugram",28.4676826,77.07999509999999,4.7,59.0,DLF Phase IV,hotel,,5.0,0.9998766899108886,1.0,0.0,0.9998813072840372,0.9998713334401448,0.9998751878738404,0.5,0.9998766899108886,Other,Budget,0.3811417720613274,4.7,0.9998766899108886,0.8780820061508372
ChIJc3ZI9pobDTkRPtK8HE8mb4I,ChIJc3ZI9pobDTkRPtK8HE8mb4I,Airport Hotel Park Blue Near Iicc Yashobhoomi,"Kh.no.378, Raj Singh Complex, Old Delhi Gurugram Rd, Kapas Hera Extension, Kapas Hera, New Delhi",28.5268771,77.0853425,4.4,162.0,Kapas Hera,hotel,,5.0,0.990418803691864,1.0,0.0,0.9997469186782838,0.9997366070747375,0.9764251112937928,0.5,0.984220564365387,Other,Mid-Range,0.474176256655733,4.4,0.990418803691864,0.8549721795385159
ChIJnSnYFEsZDTkR6NLGDcS6Qvo,ChIJnSnYFEsZDTkR6NLGDcS6Qvo,Hotel Sagar Inn,"House No. 835, near, Huda Market Rd, Sector 15 Part 2, Sector 15, Gurugram",28.4587833,77.0447733,3.8,86.0,Sector 15,hotel,,5.0,0.000431785947876,0.0,1.0,0.0003112235087124,0.0006226715049706,0.5,0.0009804962901398,0.0002152810629922,Other,Budget,0.4157305542656336,3.8,0.000431785947876,0.4469322276226615
ChIJ____v_wYDTkRhZscYezopi4,ChIJ____v_wYDTkRhZscYezopi4,The Pllazio Hotel,"Plot No 292, City Center, 296, Sector 29, Gurugram",28.4645888,77.0640184,4.3,5726.0,Sector 29,hotel,,5.0,0.9998289942741394,1.0,0.0,0.5,0.9998772144317628,0.5,0.5,0.9998486340045928,Other,Mid-Range,0.8055012336775184,4.3,0.9998289942741394,0.9151522008086744
ChIJa8DmBlkZDTkRmCx2X4Z5BuU,ChIJa8DmBlkZDTkRmCx2X4Z5BuU,Kohsa7,"7/C, South City, Block C, DLF Colony, Sector 14, Gurugram",28.471187,77.0442649,4.3,396.0,Sector 14,hotel,,5.0,0.7983545321563724,0.8,0.2,0.9995269775390624,0.4964186892757425,0.9961073994636536,0.9997852444648744,0.0002456398506183,Other,Mid-Range,0.5570435128902238,4.3,0.7983545321563724,0.7980274879591258
ChIJm8VGkugYDTkRs--928cKH1s,ChIJm8VGkugYDTkRs--928cKH1s,Park Plaza Gurugram,"B-BLOCK, Sushant Lok Phase I, Sector 43, Gurugram",28.4595449,77.07577359999999,4.3,4962.0,Sector 43,hotel,,5.0,0.9997918605804444,1.0,0.0,0.999697357416153,0.9997699856758118,0.9998531341552734,0.5,0.9997743666172028,Sector 43,Mid-Range,0.7921725004159809,4.3,0.9997918605804444,0.9123053966718008
ChIJYfWy3MIYDTkReIo6KYRj6yw,ChIJYfWy3MIYDTkReIo6KYRj6yw,The Hotel Am Bliss Sector 43 Gurgaon,"C-993, opp. Courtyard Mariot, Block C, Sushant Lok Phase I, Sector 43, Gurugram",28.4602149,77.08170129999999,4.0,147.0,Sector 43,hotel,,5.0,0.7999871339299716,0.8,0.2,0.6667485578024449,0.9998076558113098,0.9998449981212616,0.9998076558113098,0.7999871339299716,Sector 43,Mid-Range,0.4651895590231839,4.0,0.7999871339299716,0.7391311269360837
ChIJLZVJ9iYZDTkRMIJz2UHHjlY,ChIJLZVJ9iYZDTkRMIJz2UHHjlY,Hotel A.P Residency,"Plot No- 574, near Gate No 3, Huda, Sector 23, Gurugram",28.50898,77.046246,4.1,59.0,Sector 23,hotel,,5.0,0.9997139811515808,1.0,0.0,0.999654859304428,0.9996131062507628,0.9996131062507628,0.9996131062507628,0.9996131459871928,Other,Mid-Range,0.3811417720613274,4.1,0.9997139811515808,0.798269414368635
ChIJf_RyNJQZDTkRAVspU3WJK8U,ChIJf_RyNJQZDTkRAVspU3WJK8U,Amahi Inn,"Signature Tower, Near, Saini Khera Village, Sector 30, Gurugram",28.4647168,77.0601209,4.5,301.0,Sector 30,hotel,,5.0,0.9998477578163149,1.0,0.0,0.9998440742492676,0.9998396833737692,0.9998505910237632,0.9998505910237632,0.9998477578163149,Other,Budget,0.5315825865539534,4.5,0.9998477578163149,0.8834839133964041
ChIJXXRN7bsbDTkRiO1syjt3AM0,ChIJXXRN7bsbDTkRiO1syjt3AM0,Hotel Tashree,"Khasra No. 99-100 Kapashera Old Delhi, Main Rd, near HDFC Bank, Kapas Hera Extension, Gurugram, New Delhi",28.5294524,77.0869076,4.7,128.0,Gurugram,hotel,,5.0,0.6000931231421418,0.6,0.4,0.5,0.6667225273364844,0.9996474087238312,0.5001961159578059,0.5,Gurugram,Mid-Range,0.4523990307935275,4.7,0.6000931231421418,0.7656900416568112
ChIJ5wVw0d0ZDTkRKhByqx1b0lQ,ChIJ5wVw0d0ZDTkRKhByqx1b0lQ,Royal Residence A69,"PLOT NO-A-69, Mehrauli-Gurgaon Rd, opp. Vatika Triangle, near M G METRO STN, Sector 28, Maruti Housing Colony, Gurugram, Sarhol",28.4771971,77.08073569999999,4.4,163.0,Gurugram,hotel,,5.0,0.7994822214939632,0.8,0.2,0.5,0.9976785778999328,0.9976785778999328,0.5,0.9992801696062088,Gurugram,Mid-Range,0.4747456150886466,4.4,0.7994822214939632,0.7941763522205427
ChIJD0RVhn8ZDTkRUF5yuCiz2QU,ChIJD0RVhn8ZDTkRUF5yuCiz2QU,Crs Inn - Hotels In Gurgaon,"L1/19, Block L, DLF Phase 2, Sector 25, Gurugram, Sarhol",28.4858057,77.0790583,4.6,166.0,Gurugram,hotel,,5.0,0.9997995615005492,1.0,0.0,0.99979729950428,0.9997643828392028,0.9997901717821756,0.9997643828392028,0.9997837245464324,Gurugram,Budget,0.4764330899412014,4.6,0.9997995615005492,0.8850319531230486
ChIJw9i-ZDMaDTkRsJ7qB0K3hFw,ChIJw9i-ZDMaDTkRsJ7qB0K3hFw,"Mauryan Stay, Yashobhoomi","Vasant Vihar, 355/2, Main Rd, Dalmia Vihar, Bijwasan, New Delhi, Delhi",28.5337491,77.0578826,4.8,315.0,New Delhi,hotel,,5.0,0.9998087048530578,1.0,0.0,0.9997734824816386,0.999778131643931,0.9997892826795578,0.5,0.999803587794304,New Delhi,Budget,0.5358009697220254,4.8,0.9998087048530578,0.924249023835875
ChIJuWdhYEQcDTkRSaDfih8YwjA,ChIJuWdhYEQcDTkRSaDfih8YwjA,Airport Hotel Grand,"Airport Zone, L 73, NH 8, Near Delhi International Airport, Mahipalpur Extension, Mahipalpur, New Delhi",28.545074,77.123249,3.4,1803.0,Mahipalpur,hotel,,5.0,0.4003322814824059,0.4,0.6,0.3335839010154207,0.333839127231234,0.9998596906661988,0.0004380191676318,0.6667810109017106,Mahipalpur,Mid-Range,0.6979652390364256,3.4,0.4003322814824059,0.5813737316939828
ChIJ5dfWP_UdDTkRciVp85XPAk0,ChIJ5dfWP_UdDTkRciVp85XPAk0,"Airport Hotel Chanakya, Delhi","L 324, Street Number 7, L block, Mahipalpur Village, Mahipalpur, New Delhi",28.5453128,77.123259,4.4,8725.0,Mahipalpur,hotel,,5.0,0.7999277142866049,0.8,0.2,0.7499444221684826,0.6666710622084793,0.999788761138916,0.7499444221684826,0.7499444221684826,Mahipalpur,Mid-Range,0.8447027729881422,4.4,0.7999277142866049,0.8730065761406566
ChIJWT9tW5AdDTkRrVM7VtKZjw8,ChIJWT9tW5AdDTkRrVM7VtKZjw8,Airport Hotel Royal Inn Igi,"70, near IGI Road, L block, Mahipalpur Extension, Airport, New Delhi",28.545505,77.1238844,4.8,2182.0,Airport,hotel,,5.0,0.2106031577219255,0.2,0.8,0.9997144341468812,0.9997144341468812,0.5004174687201157,0.2631567473290488,0.3337412455778879,Other,Budget,0.715716875919074,4.8,0.2106031577219255,0.7107259775244448
ChIJI2ZTnA0dDTkRcXxM3eh-bRw,ChIJI2ZTnA0dDTkRcXxM3eh-bRw,Hotel Aerocity Purple Orchid,"KH-No. 326/2, National Highway 8, next to Shokeen real estate office, Rangpuri, New Delhi",28.5396793,77.1173985,4.3,724.0,Rangpuri,hotel,,5.0,0.999427330493927,1.0,0.0,0.9997559189796448,0.9997559189796448,0.9992919365564982,0.9992679953575134,0.9994096010923386,Other,Mid-Range,0.6131054916074318,4.3,0.999427330493927,0.8741024119469784
ChIJfSiOnxMcDTkRahjPqJOeN-g,ChIJfSiOnxMcDTkRahjPqJOeN-g,Hotel Delhi Aerocity,"KH no. 325/2, National Highway 48, Rangpuri, New Delhi",28.5397192,77.11727429999999,4.1,1931.0,Rangpuri,hotel,,5.0,0.7988401703536511,0.8,0.2,0.9997991025447844,0.5007344912737607,0.7988401703536511,0.7486077463254333,0.7988401703536511,Other,Mid-Range,0.7043464819122083,4.1,0.7988401703536511,0.8029261606029935
ChIJK7IvNhUcDTkRJuiQWy3VMfE,ChIJK7IvNhUcDTkRJuiQWy3VMfE,Hotel Viva Palace,"443, Street Number 7, L block, Mahipalpur Village, Mahipalpur, New Delhi",28.5448816,77.1232284,4.1,4746.0,Mahipalpur,hotel,,5.0,0.6002148500527256,0.6,0.4,0.6669411240921667,0.999616950750351,0.9996259212493896,0.6666255997455058,0.5001344094926026,Mahipalpur,Luxury,0.7880302311263774,4.1,0.6002148500527256,0.7573553250451952
ChIJaWaDFCkdDTkR0-v3D-Mz6BA,ChIJaWaDFCkdDTkR0-v3D-Mz6BA,Hotel Vertu,"L75, Street Number 7, L block, Mahipalpur Village, Mahipalpur, New Delhi",28.5446313,77.1231938,4.1,1881.0,Mahipalpur,hotel,,5.0,0.4002489229547791,0.4,0.6,0.5001472330477554,0.0005699231405741,0.5001472330477554,0.0002298376057296,0.4002489229547791,Mahipalpur,Mid-Range,0.7019056023372263,4.1,0.4002489229547791,0.6752393604462877
ChIJZVHCl2ocDTkR4FUy2t2OM2c,ChIJZVHCl2ocDTkR4FUy2t2OM2c,Hotel Grand Regency,"Gurgaon - Delhi Expy, Rangpuri Nallapar, Rangpuri, New Delhi",28.536961,77.11571860000001,4.6,1667.0,Rangpuri,hotel,,5.0,0.9995231986045836,1.0,0.0,0.9997090995311738,0.9997900873422624,0.9992912809054056,0.9984556436538696,0.9992912809054056,Other,Mid-Range,0.6906687554005712,4.6,0.9995231986045836,0.9305106682591178
ChIJz6mMvD4cDTkRC1x5YWUVypU,ChIJz6mMvD4cDTkRC1x5YWUVypU,Hotel Zest Near Igi Airport,"Mahipalpur, Plot, Street Number 86, Mahipalpur Extension, Mahipalpur, New Delhi",28.5412738,77.1301208,4.6,111.0,Mahipalpur,hotel,,5.0,0.6003005177946761,0.6,0.4,0.9998835325241088,0.0004361522151157,0.667060968078052,0.9996055960655212,0.9996055960655212,Mahipalpur,Mid-Range,0.4392441803429315,4.6,0.6003005177946761,0.7496647897502425
ChIJV5m_Ty8dDTkRyHJJlJvPEAk,ChIJV5m_Ty8dDTkRyHJJlJvPEAk,Hotel D'Capitol - Delhi Airport,"Mata Chowk, K2/815, Vasant Kunj Rd, Mahipalpur Village, Mahipalpur, New Delhi",28.5412701,77.1298268,4.4,5829.0,Mahipalpur,hotel,,5.0,0.1017312414740444,0.2,0.8,0.0001843577920226,0.0002538989647291,0.0005914535722695,0.0004226762684993,0.0001843577920226,Mahipalpur,Mid-Range,0.8071605751461279,4.4,0.1017312414740444,0.6422670289530683
ChIJUdsPbuIdDTkRqpgi2i7xKkI,ChIJUdsPbuIdDTkRqpgi2i7xKkI,Hotel Park Tree Igi Airport,"HOUSE NO 766, Mahipalpur Extension, Mahipalpur, New Delhi",28.5412337,77.13037779999999,4.2,1517.0,Mahipalpur,hotel,,5.0,0.000498720712494,0.0,1.0,0.5,0.0002270836848765,0.0002136372204404,0.0002296275342814,0.0007472269790014,Mahipalpur,Mid-Range,0.6818967509986825,4.2,0.000498720712494,0.5567396286046042
ChIJhdCGIFUdDTkRzJqaue3kFuk,ChIJhdCGIFUdDTkRzJqaue3kFuk,Hotel Red Blu ( Delhi Airport Hotel),"E=552 Vasant Kunj Marg, Mata Chowk, opposite indusland bank ATM, Mahipalpur, New Delhi",28.5419854,77.1293305,4.5,180.0,Mahipalpur,hotel,,5.0,0.7916352539788931,0.8,0.2,0.5,0.9794892966747284,0.5,0.5,0.9990002512931824,Mahipalpur,Mid-Range,0.4839271195770763,4.5,0.7916352539788931,0.8069191425889158
ChIJ5bXEImgdDTkRTcDcVIVTblg,ChIJ5bXEImgdDTkRTcDcVIVTblg,Hotel Classic Plaza At Delhi Airport,"Main, Vasant Kunj Rd, near Corporation Bank, Mahipalpur Extension, Mahipalpur, New Delhi",28.54273,77.1290556,4.2,151.0,Mahipalpur,hotel,,5.0,0.4006361144478433,0.4,0.6,0.3337124402751215,0.5,0.5005579981516348,0.9970510005950928,0.999858856201172,Mahipalpur,Mid-Range,0.4676721011727747,4.2,0.4006361144478433,0.6388360085194597
ChIJa1Ew2zQdDTkRoVtBcorX4Nw,ChIJa1Ew2zQdDTkRoVtBcorX4Nw,Hotel Palm View By Jmd Group,"Mahipalpur Bypass, Block K I, Defence Enclave, Mahipalpur, New Delhi",28.5409618,77.13042519999999,4.8,966.0,Mahipalpur,hotel,,5.0,0.4008969978371169,0.4,0.6,0.0004721696022897,0.5019607124850153,0.5,0.0041367765516042,0.5010032048958237,Mahipalpur,Mid-Range,0.6399178565070297,4.8,0.4008969978371169,0.7553157587347903
ChIJH7uqMgAdDTkRR3AlYABkDHo,ChIJH7uqMgAdDTkRR3AlYABkDHo,Hotel Delhi Airport Plaza (Complimentary One-Way Airport Transfer),"701/1, Street Number 7, near NH-8, L block, Mahipalpur Village, Mahipalpur, New Delhi",28.5451212,77.1229492,4.4,97.0,Mahipalpur,hotel,,5.0,0.7107858103350736,0.8,0.2,0.5190938581751349,0.5,0.8883613497018814,0.557163655757904,0.9987605810165404,Mahipalpur,Mid-Range,0.4268137678954004,4.4,0.7107858103350736,0.7556835363259214
ChIJq0A_wPYbDTkRnV2bk_7Fzfc,ChIJq0A_wPYbDTkRnV2bk_7Fzfc,Airport Residency,"Nh-8, Dwarka Link Rd, D Block, Samalka, New Delhi",28.5356961,77.0993809,3.8,1217.0,Samalka,hotel,,5.0,0.4088155487552285,0.4,0.6,0.9998823404312134,0.9998793601989746,0.0029819440096616,0.5024939454160631,0.999880850315094,Other,Mid-Range,0.6613999091269382,3.8,0.4088155487552285,0.6294767752620731
ChIJ42FWKggdDTkRFzcocUxirBs,ChIJ42FWKggdDTkRFzcocUxirBs,Hotel Diamond Airport,"Next, Radisson Blu, 104/2/2, National Highway 8, Mahipalpur - Rangpuri Rd, New Delhi",28.5426427,77.11871649999999,4.6,217.0,Mahipalpur - Rangpuri Rd,hotel,,5.0,0.200621590722585,0.2,0.8,0.0004137470095883,0.3336468774650711,0.0004519525391515,0.0005469677707878,0.9998466968536376,Other,Mid-Range,0.5012416416592678,4.6,0.200621590722585,0.6353366958023067
ChIJp77fqcAdDTkRI_xm4ZpmmOU,ChIJp77fqcAdDTkRI_xm4ZpmmOU,Hotel Luxury Stay,"khasea, 522, Mata Chowk, Vasant Kunj Rd, near TVS showroom, Mahipalpur Village, Mahipalpur, New Delhi",28.5421532,77.1292928,3.1,538.0,Mahipalpur,hotel,,5.0,0.4478014258726034,0.4,0.6,0.0797640529247776,0.999857485294342,0.2386043816804886,0.2386043816804886,0.4129618800555666,Mahipalpur,Budget,0.5855084500159704,3.1,0.4478014258726034,0.532719062952613
ChIJqR0Lpo8dDTkRXtwuh1revik,ChIJqR0Lpo8dDTkRXtwuh1revik,Hotel Silky Palace,"Plot no - 119, Defence Enclave, Mahipalpur, New Delhi",28.5403548,77.1309844,4.4,96.0,Mahipalpur,hotel,,5.0,0.7999125708302017,0.8,0.2,0.0003912991087418,0.6666627309653753,0.500114944865345,0.5000748011370888,0.999804417292277,Mahipalpur,Luxury,0.4258589922067738,4.4,0.7999125708302017,0.783915704524672
ChIJpwfcnIsdDTkRozATce4XjIU,ChIJpwfcnIsdDTkRozATce4XjIU,Hotel Kian By Jmd Group,"India Postal Office, L-316, NH-8, beside Bank Of Baroda, L block, Mahipalpur Village, Mahipalpur, New Delhi",28.545249,77.1232746,4.7,2545.0,Mahipalpur,hotel,,5.0,0.6006243272975553,0.6,0.4,0.5001292005908908,0.6006243272975553,0.0017718782910378,0.0031305025331676,0.6676161113816003,Mahipalpur,Mid-Range,0.7300362696513057,4.7,0.6006243272975553,0.8249116122613209
ChIJJxUVzAkdDTkR3suKEjMZLts,ChIJJxUVzAkdDTkR3suKEjMZLts,Hotel View,"Mahipalpur Bypass Flyover, Mahipalpur Extension, Mahipalpur, New Delhi",28.5407949,77.1318738,4.3,352.0,Mahipalpur,hotel,,5.0,0.5765626570791937,0.6,0.4,0.4767779596877518,0.5000211485457839,0.0003028289938811,0.9292678833007812,0.5765626570791937,Mahipalpur,Mid-Range,0.5461084178384882,4.3,0.5765626570791937,0.7249405625398061
ChIJWxJ1vDscDTkRtxnxwLjdnK4,ChIJWxJ1vDscDTkRtxnxwLjdnK4,Oyo Hotel Metro Tower Near Ambience Mall,"Mata Chowk, Mahipalpur Extension, Mahipalpur, New Delhi",28.54201,77.12928409999999,3.5,616.0,Mahipalpur,hotel,,5.0,0.0026191086857578,0.0,1.0,0.0026191086857578,0.0056024339864961,0.0056024339864961,0.0056024339864961,0.0008400408551096,Mahipalpur,Budget,0.5980898597611469,3.5,0.0026191086857578,0.4465366762432199
ChIJlbip0PAdDTkRf4CfOJtwHZI,ChIJlbip0PAdDTkRf4CfOJtwHZI,Hotel Ark Of Avalon - Near Delhi Airport,"Mata Chowk, K-806/1, near Delhi Airport, Mahipalpur Village, Mahipalpur, New Delhi",28.5422676,77.128199,3.6,1302.0,Mahipalpur,hotel,,5.0,0.3994116894871695,0.4,0.6,0.3334165201037346,0.0001971401943592,0.9966182112693788,0.0002080984704662,0.2493007918783405,Mahipalpur,Mid-Range,0.6676796668568434,3.6,0.3994116894871695,0.6012253228198537
ChIJQSiYSGkeDTkRXBZMMWIbY5s,ChIJQSiYSGkeDTkRXBZMMWIbY5s,Hotel Anand Bhawan,"of ILBS Hospital/Heritage School, 17 C, behind 2, near Gate No. 6, Bhawani Kunj, Vasant Kunj, New Delhi",28.5087131,77.1647095,4.2,821.0,Vasant Kunj,hotel,,5.0,0.999859380722046,1.0,0.0,0.9998561143875122,0.9998656511306764,0.9998663663864136,0.9998663663864136,0.9998601973056792,Other,Mid-Range,0.6247946622252402,4.2,0.999859380722046,0.8634330375207029
ChIJAQAQ3iIeDTkRUX6NDxRGhiA,ChIJAQAQ3iIeDTkRUX6NDxRGhiA,Mauryan Elite Hotel Chhatarpur Metro Station,"C-83, 100 Feet Rd, DR Ambedkar Colony, Chhatarpur Enclave Phase 2, Chattarpur Enclave, Chhatarpur, New Delhi",28.5027843,77.18893489999999,4.4,329.0,Chhatarpur,hotel,,5.0,0.0004222808027406,0.0,1.0,0.0004675625241361,0.0002615948105812,0.0002411539171589,0.0006169266416691,0.0005348146805772,Chhatarpur,Mid-Range,0.5398364541818974,4.4,0.0004222808027406,0.5530865986405215
ChIJ7VpQfSMeDTkRq4Uup9eQgNI,ChIJ7VpQfSMeDTkRq4Uup9eQgNI,Hotel Star Suites Chattarpur,"near KANWAR SINGH TANWAR OFFICE, Chhatarpur Enclave Phase 2, Chattarpur Enclave, Chhatarpur, New Delhi",28.5020374,77.1859234,4.3,1481.0,Chhatarpur,hotel,,5.0,0.2027053064957726,0.2,0.8,0.004361426734249,0.002232693877886,0.5,0.000280291395029,0.3349345596701217,Chhatarpur,Mid-Range,0.6796624882238446,4.3,0.2027053064957726,0.6340703982670406
ChIJgfLBXRgeDTkRlsDBRnel4Ws,ChIJgfLBXRgeDTkRlsDBRnel4Ws,Mauryan Elite Hotel Qutab Minar Metro Station,"D-35/710, Gali Number 35, Pahari, Chhatarpur, New Delhi",28.5071775,77.1854633,4.7,553.0,Chhatarpur,hotel,,5.0,0.3989385020977352,0.4,0.6,0.4998881136780255,0.0002920742554124,0.0002269262768095,0.3333561005371545,0.0002405266374504,Chhatarpur,Mid-Range,0.5880636830925053,4.7,0.3989385020977352,0.7303683370102538
ChIJ6UcYhSEeDTkR6E7j3U9cv-0,ChIJ6UcYhSEeDTkR6E7j3U9cv-0,Amigosindia,"C-16, Street No. 10, DR Ambedkar Colony, Chhatarpur Enclave Phase 2, Chattarpur Enclave, Chhatarpur, New Delhi",28.5036781,77.1893954,4.5,2299.0,Chhatarpur,hotel,,5.0,0.7996392113622278,0.8,0.2,0.999803364276886,0.9984450936317444,0.5,0.5000535504659638,0.7495888897101395,Chhatarpur,Mid-Range,0.7205770062199108,4.5,0.7996392113622278,0.8598070297598234
ChIJD17xGwccDTkR56renr5AHfM,ChIJD17xGwccDTkR56renr5AHfM,Grand Notting Hills,"The Nitesh Hospitality Complex, Delhi-Gurgaon Expressway, NH-8, Avenue Bouganvillea, Rangpuri, near Shiv Murti, Delhi",28.5282583,77.1033691,3.8,175.0,near Shiv Murti,hotel,,5.0,0.7115705304342554,0.8,0.2,0.8529829780260721,0.8535183668136597,0.6397965318210481,0.4994518590465304,0.4986487758651491,Other,Mid-Range,0.4813193912566148,3.8,0.7115705304342554,0.6877662964885627
ChIJZ-6qctYdDTkR9AxnmCK-SMw,ChIJZ-6qctYdDTkR9AxnmCK-SMw,Indira International Inn,"B - 32, Masoodpur, Vasant Kunj, New Delhi",28.5273578,77.1531382,4.0,582.0,Vasant Kunj,hotel,,5.0,0.5065170130226762,0.6,0.4,0.5,0.9436574578285216,0.5288545290629069,0.3831824164954014,0.9998553991317748,Other,Budget,0.5928133580693498,4.0,0.5065170130226762,0.6726465833653918
ChIJLbvB2x4dDTkR3qHyJO5FV-g,ChIJLbvB2x4dDTkR3qHyJO5FV-g,Hotel Sky Wood At Airport,"KH-804, near Prem Motors, K-Block, Mahipalpur Extension, Mahipalpur, New Delhi",28.5428634,77.1286131,4.0,130.0,Mahipalpur,hotel,,5.0,0.0004299778840504,0.0,1.0,0.0003380770940565,0.0003593372239265,0.0004901474361152,0.000492342718644,0.0006135154690127,Mahipalpur,Mid-Range,0.4538312100203575,4.0,0.0004299778840504,0.4816223689906026
ChIJAQAAMLD-DDkRdPtt8LsVujA,ChIJAQAAMLD-DDkRdPtt8LsVujA,"Radisson Blu Plaza Hotel, Delhi Airport","Near, Nh 8, Block R, Mahipalpur Extension, Mahipalpur, New Delhi",28.5434883,77.1199304,4.6,46272.0,Mahipalpur,hotel,,5.0,0.999814522266388,1.0,0.0,0.999847248196602,0.9998107751210532,0.9998415410518646,0.9998036026954652,0.999808982014656,Mahipalpur,Luxury,1.0,4.6,0.999814522266388,0.9963968679996936
ChIJX_p5Lu0dDTkRqOKPEmR2EB4,ChIJX_p5Lu0dDTkRqOKPEmR2EB4,Hotel Jmk (Managed By Jmd Group),"Express Way, Plot No. 371, Gurgaon - Delhi Expy, near to IGI Airport Delhi, near Shiv Murti, Extn, Mahipalpur, New Delhi",28.536882,77.11568439999999,4.8,711.0,Mahipalpur,hotel,,5.0,0.7999874248169363,0.8,0.2,0.6667306247788171,0.999873161315918,0.5001639460679144,0.9998639822006226,0.6667367441890141,Mahipalpur,Mid-Range,0.6114211484032461,4.8,0.7999874248169363,0.8765815436946245
ChIJf25pKZnhDDkRwGJaFMZCYAk,ChIJf25pKZnhDDkRwGJaFMZCYAk,Mauryan Signature Hotel Devli Khanpur,"Khanpur Extension, Sangam Vihar, New Delhi",28.5133681,77.2343712,4.7,214.0,Sangam Vihar,hotel,,5.0,0.4052225421764888,0.4,0.6,0.5,0.5003352013009135,0.0013771726808044,0.5,0.3341927776151958,Other,Mid-Range,0.4999516928857564,4.7,0.4052225421764888,0.7136322214148951
ChIJI25rymXhDDkRpXprJDubtzQ,ChIJI25rymXhDDkRpXprJDubtzQ,Heistel Delhi,"Metro, 123, Saidulajab, Mehrauli - Badarpur Rd, near Saket, New Delhi",28.5195942,77.203761,4.0,434.0,near Saket,hotel,,5.0,0.5999195580603554,0.6,0.4,0.9996143281459808,0.7498226022580637,0.4998104583937674,0.9998486042022704,0.5999195580603554,Other,Mid-Range,0.5655528295152028,4.0,0.5999195580603554,0.6966478034917504
ChIJFaVru3bjDDkRrUBWLmUZSM8,ChIJFaVru3bjDDkRrUBWLmUZSM8,The Desire Hostel,"C-13, Shivalik Rd, Block C, Malviya Nagar, New Delhi",28.5383863,77.2118856,4.1,659.0,Malviya Nagar,hotel,,5.0,0.2020850611734203,0.2,0.8,0.2502835653576766,0.333599018146439,0.5,0.9997081160545348,0.2525220247189281,Other,Budget,0.6043613960091064,4.1,0.2020850611734203,0.5912694429309584
ChIJTcaicyDjDDkRriIeJG6QFM8,ChIJTcaicyDjDDkRriIeJG6QFM8,Hotel Mayur,"No.3, A 68, near Market, Block A, Chittaranjan Park, New Delhi",28.5414685,77.24307739999999,4.1,143.0,Chittaranjan Park,hotel,,5.0,0.647756744956132,0.6,0.4,0.6651757583604194,0.4145868048653938,0.9975116550922394,0.6221939921379089,0.6647985801682808,Other,Mid-Range,0.4626389936235164,4.1,0.647756744956132,0.7033140830253451
ChIJo4rzGLDhDDkRhQ81ZlWwock,ChIJo4rzGLDhDDkRhQ81ZlWwock,Mauryan Express Hotel Devli Khanpur,"H-137, Khanpur Village, Khanpur, New Delhi",28.5145862,77.2315428,4.9,293.0,Khanpur,hotel,,5.0,0.9997269630432128,1.0,0.0,0.9997864663600922,0.5,0.9998437166213988,0.99963907400767,0.9997269630432128,Other,Mid-Range,0.5290833810527406,4.9,0.9997269630432128,0.9360875929752598
ChIJQxM3RNLjDDkRpfU_0WZcbw8,ChIJQxM3RNLjDDkRpfU_0WZcbw8,Rockland Hotel C R Park,"B207, Outer Ring Rd, Block B, Chittaranjan Park, New Delhi",28.5429119,77.24283989999999,3.8,2969.0,Chittaranjan Park,hotel,,5.0,0.4001348835998214,0.4,0.6,0.5001276369730476,0.6665244258668584,0.99931800365448,0.5,0.5001074181491276,Other,Mid-Range,0.744375680496578,3.8,0.4001348835998214,0.6443558162381353
ChIJveFwKoPhDDkRIqlykGWRMYA,ChIJveFwKoPhDDkRIqlykGWRMYA,Manya Residency Near Dlf Avenue Saket,"321, IGNOU Rd, Pocket E, Neb Sarai, Saket, New Delhi",28.5054917,77.1989418,3.1,31.0,Saket,hotel,,5.0,0.2068993040127679,0.2,0.8,0.0148561945097753,0.9997283816337584,0.5022123558446764,0.0170785346999764,0.9997283816337584,Other,Mid-Range,0.3226247091360448,3.1,0.2068993040127679,0.3999468976917984
ChIJAYFTg5HhDDkR_v7Ha_GJtt8,ChIJAYFTg5HhDDkR_v7Ha_GJtt8,Zone Connect By The Park Saket New Delhi,"A1, DLF South Court, Saket District Centre, New Delhi",28.5274385,77.22057439999999,4.6,817.0,Saket District Centre,hotel,,5.0,0.600036673800787,0.6,0.4,0.6666350976156536,0.999762515227,0.9998761415481568,0.0002479599497746,0.999762515227,Other,Mid-Range,0.6243405646731398,4.6,0.600036673800787,0.788949715220154
ChIJB4eb5VziDDkR8DQnuhE4HhU,ChIJB4eb5VziDDkR8DQnuhE4HhU,Sky Inn By Twamev,"gate no 03, infront of max hospital, 135, New Delhi",28.5284314,77.2117937,4.6,69.0,135,hotel,,5.0,0.9998587012290956,1.0,0.0,0.5,0.9998700618743896,0.999826967716217,0.5,0.9998639424641927,Other,Budget,0.3954916301108739,4.6,0.9998587012290956,0.8678349653940655
ChIJ4_cSyxPhDDkRRdBaWb4TUL4,ChIJ4_cSyxPhDDkRRdBaWb4TUL4,Hotel O Premium Rooms,"A, 138, Mehrauli - Badarpur Rd, Khanpur Extension, Khanpur, New Delhi",28.5144042,77.23164899999999,4.6,128.0,Khanpur,hotel,,5.0,0.3990305558865657,0.4,0.6,0.0003619654453359,0.9996482133865356,0.5,0.5,0.4986812805327644,Other,Mid-Range,0.4523990307935275,4.6,0.3990305558865657,0.6882490459275794
ChIJed3qvkHhDDkRZz9hwNvIc1k,ChIJed3qvkHhDDkRZz9hwNvIc1k,Mauryan Elite Hotel @ Devli Khanpur,"A 20, Devli Rd, Pocket A, Duggal Colony, Khanpur, New Delhi",28.5112883,77.2327246,4.7,431.0,Khanpur,hotel,,5.0,0.6048577345907689,0.6,0.4,0.0162735674530267,0.9998458325862885,0.9998655319213868,0.0084586236625909,0.999852160612742,Other,Mid-Range,0.5649086067808567,4.7,0.6048577345907689,0.7911403972541863
ChIJTUJpHx3iDDkRYzj9vx7KJRE,ChIJTUJpHx3iDDkRYzj9vx7KJRE,Hotel Pearl Residency Inn,"C121, Block C, Shivalik Colony, Malviya Nagar, New Delhi",28.5379898,77.21011829999999,4.3,151.0,Malviya Nagar,hotel,,5.0,0.3996796440129401,0.4,0.6,0.3333567462056332,0.5,0.5,0.5,0.9984307885169984,Other,Budget,0.4676721011727747,4.3,0.3996796440129401,0.6518243003769214
ChIJ3wz0KwfiDDkRjHFWQTiSUNA,ChIJ3wz0KwfiDDkRjHFWQTiSUNA,Qutub Residency Hotel,"Qutub Residency Hotel, 81, Sri Aurobindo Marg, Adchini, MMTC Colony, Adchini, New Delhi",28.5359307,77.1975272,3.6,679.0,Adchini,hotel,,5.0,0.4031031441001687,0.4,0.6,0.3373753676132764,0.5,0.9996145963668824,0.5000454419205198,0.9997383952140808,Other,Mid-Range,0.6071404027837526,3.6,0.4031031441001687,0.5895266467811869
ChIJ7xzv0_XhDDkRouVSxdtA7Kg,ChIJ7xzv0_XhDDkRouVSxdtA7Kg,Roomshala 170 Hotel Aura,"138, Hauz Rani Rd, Hauz Rani, Malviya Nagar, New Delhi",28.528656,77.212147,4.9,77.0,Malviya Nagar,hotel,,5.0,0.9992979407310486,1.0,0.0,0.9998247921466829,0.9985880851745604,0.9998058478037516,0.9973105192184448,0.9992979407310486,Other,Mid-Range,0.4055652125326968,4.9,0.9992979407310486,0.9096790013165956
ChIJx-nhZO3hDDkRhvElsSXy5jE,ChIJx-nhZO3hDDkRhvElsSXy5jE,Hotel Saket 27,"J-27, Mandir Marg, Block J, Saket, New Delhi",28.5194118,77.21550359999999,4.3,2191.0,Saket,hotel,,5.0,0.9998103499412536,1.0,0.0,0.9998088876406352,0.9998335440953572,0.9998294115066528,0.5,0.9998117983341216,Other,Mid-Range,0.7160998745495267,4.3,0.9998103499412536,0.8961310171024109
ChIJtSU-60fhDDkRIFpzjZOFQ-o,ChIJtSU-60fhDDkRIFpzjZOFQ-o,Lemon Green Inn,"269-A, opposite Press Enclave Marg, New Colony, Hauz Rani, Malviya Nagar, New Delhi",28.5284614,77.209007,4.2,533.0,Malviya Nagar,hotel,,5.0,0.8010101273655892,0.8,0.2,0.9986481070518494,0.9990973472595216,0.9994466503461202,0.9986481070518494,0.9992474615573884,Other,Budget,0.5846408779061685,4.2,0.8010101273655892,0.7914511151501742
ChIJtaq-A5zjDDkRhbzhTkwimYg,ChIJtaq-A5zjDDkRhbzhTkwimYg,Bloom Hotel - Gk2,"E-586, IMB Marg, Block E, Greater Kailash II, Greater Kailash, New Delhi",28.5409371,77.2402838,4.6,965.0,Greater Kailash,hotel,,5.0,0.9997259616851808,1.0,0.0,0.9997195154428482,0.9998769760131836,0.9998680353164672,0.9998680353164672,0.9997259616851808,Other,Mid-Range,0.6398215400849993,4.6,0.9997259616851808,0.9197604023254516
ChIJuXSu2CbhDDkR2BjuXI2YDLU,ChIJuXSu2CbhDDkR2BjuXI2YDLU,Hotel O Sunrise Villa,"A-24, Devli Rd, Khanpur Extension, Khanpur, New Delhi",28.511231,77.2330908,4.6,348.0,Khanpur,hotel,,5.0,0.9978436350822448,1.0,0.0,0.9904412031173706,0.999638020992279,0.5,0.5,0.9966769417126974,Other,Mid-Range,0.5450475537807705,4.6,0.9978436350822448,0.8990018926172566
ChIJhzHamC_iDDkRkUSrm3hnORw,ChIJhzHamC_iDDkRkUSrm3hnORw,Rockland Hotel Panchsheel Enclave,"C-30, near Chirag Delhi Flyover, Block C, Panchsheel Enclave, New Delhi",28.5421516,77.2298658,4.0,832.0,Panchsheel Enclave,hotel,,5.0,0.999711549282074,1.0,0.0,0.9996468623479208,0.9998012483119963,0.9998085796833038,0.5,0.999821960926056,Other,Mid-Range,0.6260321281207478,4.0,0.999711549282074,0.837062182389266
ChIJv5eWZj3jDDkR_tI3DXrwG3M,ChIJv5eWZj3jDDkR_tI3DXrwG3M,Super Hotel O Malviya Nagar Inn,"1st FloorTelephone Exchange Building, 19-B/1, Malviya Nagar, Delhi, New Delhi",28.5373129,77.20814,4.2,134.0,Delhi,hotel,,5.0,0.5995685363071971,0.6,0.4,0.996665894985199,0.996665894985199,0.4985956474847626,0.4999276578746503,0.9982152581214904,Delhi,Budget,0.45663111472159,4.2,0.5995685363071971,0.6999555858175118
ChIJa11F3PThDDkRiXUu-XFCPsM,ChIJa11F3PThDDkRiXUu-XFCPsM,Hilton Garden Inn New Delhi/Saket,"A4, Saket District Centre, District Centre, Sector 6, Pushp Vihar, New Delhi",28.5278451,77.2174764,4.3,4742.0,Pushp Vihar,hotel,,5.0,0.974631714820862,1.0,0.0,0.9367682933807372,0.9683371037244796,0.9367682933807372,0.5,0.9998580366373062,Other,Budget,0.7879517570955235,4.3,0.974631714820862,0.9033805036310592
ChIJD4ycINPjDDkR4Xvm3Q1Quq8,ChIJD4ycINPjDDkR4Xvm3Q1Quq8,Bloom Hotel - Cr Park,"2, Chittranjan Park Rd, opp. OS Communications, Block A, Chittaranjan Park, New Delhi",28.5425131,77.2417057,4.7,1915.0,Chittaranjan Park,hotel,,5.0,0.7496028987516183,0.8,0.2,0.8740338683128357,0.0002419789379928,0.5,0.5827699051878881,0.9369431287050248,Other,Mid-Range,0.703572341786887,4.7,0.7496028987516183,0.8668133922882015
ChIJiRsZjhfjDDkRh-Hz8soazjI,ChIJiRsZjhfjDDkRh-Hz8soazjI,Kings Court Hotel Panchsheel Park,"Metro Station, Maharishi Dayanand Marg, near Panchsheel Park, Savitri Nagar, Savitri Nagar Village, Sheikh Sarai, Delhi, New Delhi",28.5397707,77.21748149999999,4.6,105.0,Delhi,hotel,,5.0,0.80067084049806,0.8,0.2,0.5020267420914024,0.5020349675323814,0.9996784329414368,0.9997369945049286,0.9997113943099976,Delhi,Mid-Range,0.4341186759487797,4.6,0.80067084049806,0.8125013131842449
ChIJuVkOINPjDDkR4FBr49a3Org,ChIJuVkOINPjDDkR4FBr49a3Org,The J K Hotel C R Park,"A-5, Block A, Chittaranjan Park, New Delhi",28.5426334,77.24198439999999,4.4,521.0,Chittaranjan Park,hotel,,5.0,0.8000271729426458,0.8,0.2,0.6667986995307729,0.7500907247012947,0.9998379747072856,0.9998599290847778,0.8000271729426458,Other,Mid-Range,0.5825251092501829,4.4,0.8000271729426458,0.8172743905446543
ChIJ87NRphjiDDkRMh3igGPGQUg,ChIJ87NRphjiDDkRMh3igGPGQUg,Beyond Hotel,"A-91, Shivalik Rd, Block C, Shivalik Colony, Malviya Nagar, New Delhi",28.5379585,77.2112239,3.9,305.0,Malviya Nagar,hotel,,5.0,0.4014195749448845,0.4,0.6,0.5017054478994396,0.9993176460266112,0.0002760831266641,0.0002760831266641,0.5017179194837809,Other,Mid-Range,0.532807470194446,3.9,0.4014195749448845,0.6130596025166565
ChIJX4jrIjbjDDkRXXZoolO_JAw,ChIJX4jrIjbjDDkRXXZoolO_JAw,"Fabhotel La Paz Stay - Hotel In Malviya Nagar, New Delhi","C 74, Shivalik Rd, Block C, Malviya Nagar, New Delhi",28.5374664,77.2107314,4.4,743.0,Malviya Nagar,hotel,,5.0,0.9988914608955384,1.0,0.0,0.9997637867927552,0.9974878430366516,0.9974878430366516,0.9997601211071014,0.9997836550076804,Other,Budget,0.6155136673672537,4.4,0.9988914608955384,0.8877371007417598
ChIJh11bAXrjDDkR9tb-KG0AsUU,ChIJh11bAXrjDDkR9tb-KG0AsUU,Hotel O Smart Stay Hotel,"Plot no.- C 5, Malviya Nagar, above KFC, block- C, near Haldiram KFC Sagar Ratna dominos, Landmark, New Delhi",28.5389986,77.21438719999999,4.2,10.0,Landmark,hotel,,5.0,0.6002859757980332,0.6,0.4,0.5004125891427975,0.9977993369102478,0.9987894296646118,0.5,0.3340622859929378,Other,Budget,0.223219623947779,4.2,0.6002859757980332,0.6505389879439231
ChIJPfpkEwHiDDkRiS9jVibNSdw,ChIJPfpkEwHiDDkRiS9jVibNSdw,Ahuja Residency Sage,"4, Shivalik Rd, Shivalik Enclave, Navjeevan Vihar, Malviya Nagar, New Delhi",28.5323221,77.2020234,4.6,133.0,Malviya Nagar,hotel,,5.0,0.8122558534145355,0.8,0.2,0.7653531953692436,0.6871797144412994,0.5,0.5,0.8122558534145355,Other,Mid-Range,0.4559389939601579,4.6,0.8122558534145355,0.8208385030330893
ChIJmZQOztIdDTkRP7F2TwIcXdg,ChIJmZQOztIdDTkRP7F2TwIcXdg,Jmd Residency,"9920, C9, Gate No 5, Pocket 9, Sector C, Vasant Kunj, New Delhi",28.5372723,77.1441268,4.4,1095.0,Vasant Kunj,hotel,,5.0,0.99985488653183,1.0,0.0,0.9998397827148438,0.9998638232549032,0.5,0.999797523021698,0.9998638232549032,Other,Mid-Range,0.6515749327223179,4.4,0.99985488653183,0.8957145308746323
ChIJl6486XvhDDkR4B-ArwFX0Ak,ChIJl6486XvhDDkR4B-ArwFX0Ak,Hotel O The Premium Villa,"A 20, Road, Pocket A, Devli, Khanpur, New Delhi",28.5112195,77.2326597,4.1,410.0,Khanpur,hotel,,5.0,0.5999760263832286,0.6,0.4,0.5000634568132227,0.6666469115007203,0.5,0.5,0.7499060818154248,Other,Mid-Range,0.5602697203980311,4.1,0.5999760263832286,0.7088355744097607
ChIJB-shS9_jDDkRQQSbddJ0GOU,ChIJB-shS9_jDDkRQQSbddJ0GOU,The Grand New Delhi,"Nelson Mandela Marg, Pocket 4, Vasant Kunj II, Vasant Kunj, New Delhi",28.5392485,77.15246719999999,4.3,10521.0,Vasant Kunj,hotel,,5.0,0.7994873458635993,0.8,0.2,0.5000720755488145,0.5000754134089219,0.9998586177825928,0.5,0.7499713071301811,Other,Mid-Range,0.8621255768700429,4.3,0.7994873458635993,0.863278378871678
ChIJby0WOwAfDTkR6PBzipNl_n8,ChIJby0WOwAfDTkR6PBzipNl_n8,Hotel Grand Arcasia,"147, Saket Rd, Block E, Saket, New Delhi",28.5225179,77.20728869999999,4.2,136.0,Saket,hotel,,5.0,0.0004335577716119,0.0,1.0,0.000369263725588,0.0004869224503636,0.0003389464982319,0.0006907339557074,0.0004800064489245,Other,Mid-Range,0.4580001072406909,4.2,0.0004335577716119,0.5090971089204456
ChIJIQA2Z7wfDTkRZw25k-8InI0,ChIJIQA2Z7wfDTkRZw25k-8InI0,Lemon Green Residency,"B, 3, Chattarpur Enclave Phase 2, Chhatarpur Enclave Phase 2, Chattarpur Enclave, Chhatarpur, New Delhi",28.502052,77.1889415,4.4,225.0,Chhatarpur,hotel,,5.0,0.8022670166566968,0.8,0.2,0.999849538008372,0.9995474815368652,0.9998821020126344,0.5,0.6707467067365845,Chhatarpur,Mid-Range,0.5045965926282034,4.4,0.8022670166566968,0.8014139789566624
ChIJ5c8bRRP9DDkRI_kpIfCtqB8,ChIJ5c8bRRP9DDkRI_kpIfCtqB8,Hotel O The Arrow Infront Of Max Hospital,"Happi Stays, Shakti Nagar, Civil Lines Tehsil, North Delhi, New Delhi",28.5289979,77.21178290000002,2.1,42.0,North Delhi,hotel,,5.0,0.00412408655975,0.0,1.0,0.5,0.0003844076709356,0.5,0.0004516155167948,0.0003844076709356,Other,Mid-Range,0.3501294176361872,2.1,0.00412408655975,0.2081685903377293
ChIJsyRMG9PjDDkRu-_yoSGBWiQ,ChIJsyRMG9PjDDkRu-_yoSGBWiQ,Townhouse By Oyo Cr Park Near Lotus Temple,"A1, Savitri Flyover, near Savitri Cinema Complex, Block A, Chittaranjan Park, New Delhi",28.5425307,77.242631,3.5,776.0,Chittaranjan Park,hotel,,5.0,0.0013524408161174,0.0,1.0,0.0015350712249831,0.0007867527310736,0.0024775879865046,0.0039998027496039,0.0026007099659181,Other,Budget,0.619553701560202,3.5,0.0013524408161174,0.4506978100986612
ChIJLQysRQDhDDkRwKEOpvjvpK8,ChIJLQysRQDhDDkRwKEOpvjvpK8,Urban Oasis,"khasra no. 210 and 211, Hno. 231, Hauz Rani Rd, New Colony, Hauz Rani, Malviya Nagar, New Delhi",28.5292437,77.2102183,4.8,185.0,Malviya Nagar,hotel,,5.0,0.998996090888977,1.0,0.0,0.9987821877002716,0.9988901615142822,0.9998151361942292,0.5,0.998996090888977,Other,Mid-Range,0.4864637837128357,4.8,0.998996090888977,0.913495985152816
ChIJdx3KI4vhDDkRjBieM5ZC8sI,ChIJdx3KI4vhDDkRjBieM5ZC8sI,"Svelte Delhi, A Member Of Radisson Individuals","Select Citywalk Mall, A-3, Saket District Centre, District Centre, Sector 6, Pushp Vihar, New Delhi",28.528237,77.2189558,4.2,2271.0,Pushp Vihar,hotel,,5.0,0.9922145485877992,1.0,0.0,0.99987131357193,0.9922145485877992,0.9807299077510834,0.5,0.9903012961149216,Other,Luxury,0.7194367842741304,4.2,0.9922145485877992,0.8811239296760571
ChIJ_yPZ5d4fDTkRzAGMFkC6CGQ,ChIJ_yPZ5d4fDTkRzAGMFkC6CGQ,Nature View Homestay By Ginny,"281A, near Kishangarh Peepal Chowk Road, Garhwal Colony, Lakhi Nath Kuti, vasantkunj, New Delhi",28.5235879,77.17152,4.7,13.0,vasantkunj,hotel,,5.0,0.9990778207778932,1.0,0.0,0.9998571872711182,0.9960615038871764,0.9990778207778932,0.5,0.9998164474964142,Other,Budget,0.2456693548613046,4.7,0.9990778207778932,0.8490128068556233
ChIJMyjsl_rhDDkRcU3rb0yGJ3s,ChIJMyjsl_rhDDkRcU3rb0yGJ3s,Hide-In Delhi,"3rd Floor, D-2, Saket, Near Saket Metro Gate No. 1, New Delhi",28.5203691,77.205226,4.2,703.0,Near Saket Metro Gate No. 1,hotel,,5.0,0.6003729503019712,0.6,0.4,0.6671393402696898,0.5001386373478454,0.5008871686877683,0.9996386766433716,0.9998131394386292,Other,Mid-Range,0.6103692749110328,4.2,0.6003729503019712,0.7329115890805145
ChIJ27TmZdrjDDkR0csS3EblZWw,ChIJ27TmZdrjDDkR0csS3EblZWw,Hotel O Premium Rooms,"A-31/32, Near Axis Bank Begumpur, Malviya Nagar, New Delhi",28.5376643,77.2100875,3.3,44.0,Malviya Nagar,hotel,,5.0,0.2027828595339088,0.2,0.8,0.0025133611634373,0.005793714604806,0.5,0.0046693505670797,0.5054174582473934,Other,Mid-Range,0.3543615015642497,3.3,0.2027828595339088,0.4319707313978523
ChIJozZZLu0fDTkRC6DaaoQIvf4,ChIJozZZLu0fDTkRC6DaaoQIvf4,Hotel Prime Residency,"383, Main Rd, Chattarpur Enclave, Chhatarpur, New Delhi",28.4983617,77.18497239999999,4.6,15.0,Chhatarpur,hotel,,3.0,0.9998628695805868,1.0,0.0,0.5,0.9998672008514404,0.5,0.5,0.5,Chhatarpur,Mid-Range,0.2580997673088359,4.6,0.9998628695805868,0.8386137125969204
ChIJgfNsgx3iDDkRVYjia-ScBMI,ChIJgfNsgx3iDDkRVYjia-ScBMI,Hotel O By Oyo Sagar Stay Inn,"C-5 Malviya Nagar, Main Market Road, near Max Hospital, Saket, New Delhi",28.5368662,77.21177279999999,4.0,84.0,Saket,hotel,,5.0,0.6000127145875013,0.6,0.4,0.00023850123398,0.9998655915260316,0.9998556971549988,0.0002393894465057,0.5000460561132059,Other,Budget,0.4135655773021257,4.0,0.6000127145875013,0.6643505732043695
ChIJN-n7sWnhDDkR4H39boxluks,ChIJN-n7sWnhDDkR4H39boxluks,Micasa Homes,"287/1, New Colony, Hauz Rani, Malviya Nagar, New Delhi",28.5289716,77.2088902,4.8,93.0,Malviya Nagar,hotel,,5.0,0.8009293202310801,0.8,0.2,0.0078265089541673,0.503682822920382,0.0078265089541673,0.5,0.9985843002796174,Other,Mid-Range,0.422934464355772,4.8,0.8009293202310801,0.8367918452938616
ChIJk2gHn-nhDDkRuZScc5-PY8A,ChIJk2gHn-nhDDkRuZScc5-PY8A,Hotel Flourish Stays,"269-c/2, Hauz Rani Market Ln, New Colony, Hauz Rani, Malviya Nagar, New Delhi",28.5285451,77.2086786,4.6,96.0,Malviya Nagar,hotel,,5.0,0.7907542355358601,0.8,0.2,0.9994152784347532,0.950227677822113,0.6513628177344799,0.5,0.7907542355358601,Other,Budget,0.4258589922067738,4.6,0.7907542355358601,0.8075806978735712
ChIJNQbCLoPhDDkRFI2nnt7W9qE,ChIJNQbCLoPhDDkRFI2nnt7W9qE,Star Marigold,"S 27, Press Enclave Marg, opposite Select Citywalk Mall, next to lagoona emerald marriage hall, New Colony, Khirki Extension, Malviya Nagar, New Delhi",28.5304624,77.2169847,4.8,41.0,Malviya Nagar,hotel,,5.0,0.8138734474778175,0.8,0.2,0.9989397327105204,0.9998303651809692,0.6898879036307335,0.998937745889028,0.8138734474778175,Other,Mid-Range,0.3479389680186449,4.8,0.8138734474778175,0.8249703966567519
ChIJjeWqzSkdDTkRlyfZf8SJ0X0,ChIJjeWqzSkdDTkRlyfZf8SJ0X0,Hotel O Red Rose Residency,"2nd floor, Plot No - C 12, Main Road, above Premeshwari Devi Hospital, Masoodpur, Sector B, Vasant Kunj, Delhi, New Delhi",28.5268984,77.1525353,2.8,40.0,Delhi,hotel,,5.0,0.0014774193638004,0.0,1.0,0.0005563730810535,0.0004383617924758,0.5,0.0017304214270552,0.0005563730810535,Delhi,Mid-Range,0.3456957314342286,2.8,0.0014774193638004,0.2994352944091086
ChIJF8i-etEdDTkREtkYnwqAdDg,ChIJF8i-etEdDTkREtkYnwqAdDg,Captain Vishal Khanna'S Anchorage,"Block-A, D3, Church Rd, near Poorna Prajna Public School, Shanti Kunj Main, Vasant Kunj, New Delhi",28.5162347,77.15498590000001,4.6,249.0,Vasant Kunj,hotel,,5.0,0.4018963077047374,0.4,0.6,0.0020620254654204,0.0057402090169489,0.0003543812490534,0.5,0.0057402090169489,Other,Mid-Range,0.5139917675759166,4.6,0.4018963077047374,0.702263819495451
ChIJEYi_bxviDDkRxJy_gHRETS0,ChIJEYi_bxviDDkRxJy_gHRETS0,Malviya Inn,"F Villa, 19-B-1 F, Sri Aurobindo Ln, Begumpur, New Delhi",28.537256,77.20809,4.2,12.0,Begumpur,hotel,,5.0,0.9983384370803832,1.0,0.0,0.9989677369594574,0.9998434782028198,0.9973263343175252,0.9969708919525146,0.9998160898685456,Other,Budget,0.2387706575481475,4.2,0.9983384370803832,0.7808423584699316
ChIJ5RjjCirlDDkR5wrzax-BZEs,ChIJ5RjjCirlDDkR5wrzax-BZEs,Hr Grand Hotel,"256/9, Main Road, behind Apollo Hospital, Pocket 10B, Jasola Vihar, New Delhi",28.5448673,77.29043589999999,4.6,962.0,Jasola Vihar,hotel,,5.0,0.4000454511318821,0.4,0.6,0.9998666048049928,0.3333870449666089,0.5,0.0008014070917852,0.5000069349262048,Other,Mid-Range,0.6395319914422644,4.6,0.4000454511318821,0.7283751137490727
ChIJZSEVrPHlDDkRZ5C2vrpZXRM,ChIJZSEVrPHlDDkRZ5C2vrpZXRM,Hotel Marigold Jasola,"Plot No.-81, behind Apollo hospital, near Pocket 10B, Jasola, Jasola Vihar, New Delhi",28.5456461,77.29193269999999,3.8,223.0,Jasola Vihar,hotel,,5.0,0.4007285596831934,0.4,0.6,0.0013527873331137,0.5,0.5,0.5014338594628498,0.9996960163116456,Other,Mid-Range,0.5037691221701405,3.8,0.4007285596831934,0.5933693765875129
ChIJPdjkgibjDDkR_QptVlI3l0k,ChIJPdjkgibjDDkR_QptVlI3l0k,"Fabhotel Le Grand - Hotel In Kalkaji, New Delhi","L12, Main Rd, Block L, Kalkaji, New Delhi",28.5367585,77.2577414,3.2,698.0,Kalkaji,hotel,,5.0,0.2130233035888523,0.2,0.8,0.0216236837441101,0.0003724246053025,0.0635578408837318,0.5,0.0003724246053025,Other,Mid-Range,0.6097057666595005,3.2,0.2130233035888523,0.4762549101803712
ChIJBXnLrFvhDDkRAiQRIACRglQ,ChIJBXnLrFvhDDkRAiQRIACRglQ,Crowne Plaza New Delhi Okhla By Ihg,"Community Centre, Plot no.1, Pocket A, Okhla Phase I, Okhla Industrial Estate, New Delhi",28.5288244,77.27215149999999,4.5,22711.0,Okhla Industrial Estate,hotel,,5.0,0.8006825995631516,0.8,0.2,0.5,0.6678993424090246,0.0039357305504381,0.0039357305504381,0.9998877048492432,Other,Mid-Range,0.9337512174753848,4.5,0.8006825995631516,0.9054810357197928
ChIJn7p71dPjDDkRmAbO7nz1zME,ChIJn7p71dPjDDkRmAbO7nz1zME,Casa Royal,"B, 364, Block B, Chittaranjan Park, New Delhi",28.5426791,77.24620700000001,3.5,244.0,Chittaranjan Park,hotel,,5.0,0.2446758020872948,0.2,0.8,0.3329150414744314,0.0032210548306466,0.006215734872967,0.0032210548306466,0.0022539378793832,Other,Mid-Range,0.5121111013177606,3.5,0.2446758020872948,0.5054758380072182
ChIJtQK8YgDlDDkR2GhqfmSyzwE,ChIJtQK8YgDlDDkR2GhqfmSyzwE,Comfort Plaza Hotel,"256/9, Main Road, Pocket 10B, Jasola Vihar, New Delhi",28.5447248,77.290543,4.7,202.0,Jasola Vihar,hotel,,5.0,0.2002555784012656,0.2,0.8,0.5,0.0002694512877496,0.5,0.5,0.3335796631436096,Other,Mid-Range,0.494605354142389,4.7,0.2002555784012656,0.6471018628643521
ChIJmWEg6snjDDkRKh3js-UGjvs,ChIJmWEg6snjDDkRKh3js-UGjvs,Via Happy Residency,"Police Station, near Near, Block D, C-6, Kalkaji, New Delhi",28.54626,77.25523,3.6,984.0,Kalkaji,hotel,,5.0,0.1995669768191873,0.2,0.8,0.0003322568954899,0.0003105006326221,0.996505856513977,0.0003105006326221,0.5,Other,Mid-Range,0.6416347255039642,3.6,0.1995669768191873,0.531926688851698
ChIJAw2759jjDDkReqlGzFG1rN8,ChIJAw2759jjDDkReqlGzFG1rN8,Hotel Royal Castle Grand,"D-616, opposite Deshbandhu Apartments, Block D, Chittaranjan Park, New Delhi",28.5375031,77.256405,4.0,567.0,Chittaranjan Park,hotel,,5.0,0.0011818329483502,0.0,1.0,0.0012440281716407,0.0011403694661566,0.5,0.0008109969967335,0.0008937859917447,Other,Mid-Range,0.5903869006197126,4.0,0.0011818329483502,0.5109069757860021
ChIJj2CkiW7jDDkRtk7vqwXeRTw,ChIJj2CkiW7jDDkRtk7vqwXeRTw,The Grand Jpm,"7/16, near IRENE Hospital, Block 6, Kalkaji, New Delhi",28.5446182,77.2592852,4.3,135.0,Kalkaji,hotel,,5.0,0.7952152761630714,0.8,0.2,0.0031600161455571,0.9874249994754792,0.9990331828594208,0.9982286095619202,0.999316116174062,Other,Mid-Range,0.4573181275341834,4.3,0.7952152761630714,0.7758148255184212
ChIJu9d5CfDjDDkRCegi4jcwD24,ChIJu9d5CfDjDDkRCegi4jcwD24,Fabhotel Jpm The Grand Bella,"B-273, service line, Block B, Chittaranjan Park, New Delhi",28.5436613,77.2446568,4.0,294.0,Chittaranjan Park,hotel,,5.0,0.8062163330614567,0.8,0.2,0.6777294240891932,0.5166557673364877,0.9989466965198516,0.5,0.6777294240891932,Other,Mid-Range,0.5293994757998772,4.0,0.8062163330614567,0.7547756453811639
ChIJk4WvZ3DjDDkRZ9zZPlkz7RU,ChIJk4WvZ3DjDDkRZ9zZPlkz7RU,Itsy Hotels Arien International,"E 189, Block E, Kalkaji, New Delhi",28.5446743,77.254182,4.1,283.0,Kalkaji,hotel,,5.0,0.4011155721265823,0.4,0.6,0.5013373577094171,0.5,0.4999823396210558,0.2514604027965106,0.668187506031245,Other,Mid-Range,0.5258619587925035,4.1,0.4011155721265823,0.63807222962863
ChIJ5RheowbkDDkRtDC1TjcYz1w,ChIJ5RheowbkDDkRtDC1TjcYz1w,Hotel Kundan Palace,"Sports Complex, Plot No.-3, next to Jasola Road, near Pkt-10B, Jasola, Jasola Vihar, New Delhi",28.5458594,77.2919338,3.8,1704.0,Jasola Vihar,hotel,,5.0,0.4000706596882082,0.4,0.6,0.9997542500495912,0.2501473481097491,0.999759078025818,0.4999996490223566,0.5000209862846532,Other,Luxury,0.6927111279256347,3.8,0.4000706596882082,0.6333465263784706
ChIJIYwrZt7jDDkRvGirDdAwW2Q,ChIJIYwrZt7jDDkRvGirDdAwW2Q,Hotel O Kalkaji Residency Bnb Near Lotus Temple,"Near, Plot No. 59-8 ICICI Bank Building Near Govindpuri, Kalkaji, Nehru Place, Delhi",28.540291,77.2613312,2.4,406.0,Nehru Place,hotel,,5.0,0.2029525063349865,0.2,0.8,0.5,0.2533617786393733,0.5,0.0048224139027297,0.0085105942562222,Other,Mid-Range,0.5593592993165449,2.4,0.2029525063349865,0.3559858719322597
ChIJi4RsIRvnDDkRz11cKiGwPMU,ChIJi4RsIRvnDDkRz11cKiGwPMU,Hotel O Z-Heart Tuglakabad Railway Station,"D28, Block A, Vishwakarma Colony, Pul Pehladpur, New Delhi",28.5012647,77.28367039999999,2.6,14.0,Pul Pehladpur,hotel,,5.0,0.2012591259437613,0.2,0.8,0.0004360621969681,0.0004382111364975,0.5,0.0004382111364975,0.0003523701889207,Other,Mid-Range,0.2520918884069095,2.6,0.2012591259437613,0.3166782171872661
ChIJf6Yq7tHjDDkR9wn1DIoV_GM,ChIJf6Yq7tHjDDkR9wn1DIoV_GM,Virohaa Hotel New Delhi,"A-3, Nehru Place Flyover, Greater Kailash-1, Pamposh Enclave, Nehru Place, New Delhi",28.5452193,77.24710739999999,4.2,615.0,Nehru Place,hotel,,5.0,0.9960955858230592,1.0,0.0,0.5,0.990778386592865,0.9997666478157043,0.5,0.9960955858230592,Other,Mid-Range,0.5979388624635016,4.2,0.9960955858230592,0.8565201278255941
ChIJxx0yTpbjDDkRF3UBS7GPzO4,ChIJxx0yTpbjDDkRF3UBS7GPzO4,The Lime Stays Greater Kailash Metro Nearby Saket Select City Delhi -Hotels& 4Bhk Serviced Apartments In South Delhi,"E Block, 564, Main Road, above Open Oven, Greater Kailash - 2, Greater Kailash II, New Delhi",28.5394127,77.240312,4.1,356.0,Greater Kailash II,hotel,,5.0,0.2004352932155597,0.2,0.8,0.0005516248638741,0.0006044135079719,0.3337466706288978,0.0006044135079719,0.5000942563492571,Other,Budget,0.5471573282439923,4.1,0.2004352932155597,0.5785760687738603
ChIJ7Swth0zjDDkRBuB9zPA6NRw,ChIJ7Swth0zjDDkRBuB9zPA6NRw,Iris Suites,"F-19, Block F, Kalkaji, New Delhi",28.5411582,77.2546778,4.6,154.0,Kalkaji,hotel,,,,,,,,,,,Other,Mid-Range,0.4694915039778556,4.6,0.5,0.7240980984363181
ChIJ5bX1UNLjDDkRFUd-LjbGr28,ChIJ5bX1UNLjDDkRFUd-LjbGr28,Hotel Kastor International,"B 216, Outer Ring Rd, Block B, Chittaranjan Park, New Delhi",28.5433059,77.2438714,3.8,1039.0,Chittaranjan Park,hotel,,5.0,0.9998025536537172,1.0,0.0,0.9998687505722046,0.999759336312612,0.9998595714569092,0.9998595714569092,0.999865690867106,Other,Mid-Range,0.6466927001065527,3.8,0.9998025536537172,0.8148987265222533
ChIJoxuvkn_hDDkRxd31OthoEt8,ChIJoxuvkn_hDDkRxd31OthoEt8,Hotel O My Comfortable,"Ta-20a/1, opposite Reliance Fresh, Tughlakabad Extension, Tughlakabad, New Delhi",28.526098,77.2575239,2.3,99.0,Tughlakabad,hotel,,5.0,0.0064377487724413,0.0,1.0,0.5,0.0015800760593265,0.5,0.001613086729776,0.0007353396455679,Other,Mid-Range,0.4286944341535564,2.3,0.0064377487724413,0.2522040388742567
ChIJDdqRm4vnDDkRVPs6i90nqM4,ChIJDdqRm4vnDDkRVPs6i90nqM4,Triom Hotel,"B/147, Mehrauli - Badarpur Rd, near shiv mandir, Sharma Market, Pulpharadpur, Block A, Pul Pehladpur, New Delhi",28.4993929,77.29269169999999,3.8,132.0,Pul Pehladpur,hotel,,5.0,0.0015995739959179,0.0,1.0,0.0043876534327864,0.0010556543420534,0.0002755388268269,0.0014733255811733,0.0025033976417034,Other,Mid-Range,0.4552416887252435,3.8,0.0015995739959179,0.4557086285177949
ChIJ85M8_BDlDDkRuHggVmVCRmA,ChIJ85M8_BDlDDkRuHggVmVCRmA,Hotel The Imperio,"51, Pocket 1 St, Pocket 1, Jasola Vihar, New Delhi",28.5400163,77.2946001,4.5,222.0,Jasola Vihar,hotel,,5.0,0.4003059202746953,0.4,0.6,0.0006883591413497,0.5001367614459012,0.0006832880317233,0.5,0.6668144399106192,Other,Mid-Range,0.5033526122422379,4.5,0.4003059202746953,0.6862000744447959
ChIJt1wO0R7kDDkRYdm-4PCgRAs,ChIJt1wO0R7kDDkRYdm-4PCgRAs,The Eden Hotel,"G-43, Jasola Rd, near Woodland & zudio Showroom, Shaheen Bagh, Kalindikunj, Okhla, New Delhi",28.5426544,77.3015741,4.2,616.0,Okhla,hotel,,5.0,0.8426562130451203,0.8,0.2,0.9998601675033568,0.9993526637554168,0.9996016174554824,0.9998793601989746,0.8033592477440834,Other,Mid-Range,0.5980898597611469,4.2,0.8426562130451203,0.8075985289200072
ChIJlauOOPLnDDkRAsLWG3XzNmg,ChIJlauOOPLnDDkRAsLWG3XzNmg,Hotel Shyam Palace,"1- C, near MCD Dispensary, Main Market, Madanpur Khadar Village, Sarita Vihar, New Delhi",28.5330648,77.2980027,3.4,114.0,Sarita Vihar,hotel,,5.0,0.3997214367962441,0.4,0.6,0.2504154656053287,0.5,0.99815171957016,0.5,0.4986153005738742,Other,Luxury,0.4417048473159236,3.4,0.3997214367962441,0.526673504036809
ChIJ-V35ZQLkDDkRAN9EIFb6qLA,ChIJ-V35ZQLkDDkRAN9EIFb6qLA,The Nanee Suites,"49, Pocket 1 St, near Apollo Hospital, Pocket 1, Jasola Vihar, New Delhi",28.539941,77.29440799999999,4.0,622.0,Jasola Vihar,hotel,,5.0,0.7995672775432467,0.8,0.2,0.5017635407857597,0.5017131450586021,0.999874711036682,0.9997735619544984,0.750793838640675,Other,Mid-Range,0.5989907359557148,4.0,0.7995672775432467,0.7674560360258701
ChIJQQAAUALkDDkRPlvxqRwJGJo,ChIJQQAAUALkDDkRPlvxqRwJGJo,The Sentinel Hotel,"Plot 47, Pocket 1, Jasola Vihar, New Delhi",28.5398436,77.2941687,4.1,903.0,Jasola Vihar,hotel,,5.0,0.9992963671684264,1.0,0.0,0.9989118774731954,0.9998664855957032,0.9998652935028076,0.5,0.9998734593391418,Other,Mid-Range,0.6336464762826213,4.1,0.9992963671684264,0.8518427032606571
ChIJx_FdBwDnDDkRBnx9GzcApi8,ChIJx_FdBwDnDDkRBnx9GzcApi8,Hotel Banquesta,"Raipur Khadar, Sector 126, Noida",28.5400704,77.3375188,4.5,146.0,Sector 126,hotel,,5.0,0.462789632671047,0.4,0.6,0.333542965837599,0.3285182438703486,0.771064817905426,0.5,0.462789632671047,Other,Mid-Range,0.4645584392255316,4.5,0.462789632671047,0.6978837157917231
ChIJKWnq_wPkDDkR5dlmfoAQhCE,ChIJKWnq_wPkDDkR5dlmfoAQhCE,Hotel Hc Grand,"HOTEL HC GRAND, PLOT NO 135, Pocket 2, Jasola Vihar, New Delhi",28.5448949,77.2936551,3.9,588.0,Jasola Vihar,hotel,,5.0,0.6000920261431019,0.6,0.4,0.3336038333654869,0.5,0.9998835325241088,0.999545395374298,0.6668610199315784,Other,Mid-Range,0.5937665044194342,3.9,0.6000920261431019,0.6894102931662395
ChIJ8VV1bwLkDDkRXF4dKZb7rf0,ChIJ8VV1bwLkDDkRXF4dKZb7rf0,Jasmine Boutique Hotel Jasola,"50, Pocket 1 St, Pocket 1, Jasola Vihar, New Delhi",28.5400134,77.294573,4.1,589.0,Jasola Vihar,hotel,,5.0,0.9426390290260316,1.0,0.0,0.9997718334197998,0.9997718334197998,0.9283437728881836,0.9998681545257568,0.9283437728881836,Other,Mid-Range,0.5939244176270861,4.1,0.9426390290260316,0.8253179026551517
ChIJgYEW9tHjDDkRY7NOQXZZSTU,ChIJgYEW9tHjDDkRY7NOQXZZSTU,The Pamposh,"A-5, Nehru Place Flyover, Greater Kailash-1, Pamposh Enclave, Greater Kailash, New Delhi",28.5449978,77.2467624,4.1,1157.0,Greater Kailash,hotel,,5.0,0.661167309130542,0.6,0.4,0.661167309130542,0.4354062236767883,0.9998089373111724,0.5,0.9998298287391664,Other,Mid-Range,0.6566974036398555,4.1,0.661167309130542,0.7488679082972959
ChIJBbCOpAnlDDkRaY_Ew4Tetlk,ChIJBbCOpAnlDDkRaY_Ew4Tetlk,Zen Inn Luxury Hotel,"Plot No 10 Pocket, 2, Jasola Metro Rd, Pocket 10B, Jasola Vihar, New Delhi",28.5440784,77.29181729999999,4.3,87.0,Jasola Vihar,hotel,,5.0,0.8005521467886865,0.8,0.2,0.999803900718689,0.9996792376041412,0.999720851580302,0.999720851580302,0.9997578263282776,Other,Budget,0.4167944494294059,4.3,0.8005521467886865,0.7688983255172637
ChIJr7zikkjjDDkRmaLEnWGPiYo,ChIJr7zikkjjDDkRmaLEnWGPiYo,Hotel O By Oyo Metro Residency,"G-67A T/F ,Kalkaji,New Delhi, T/F, G-67A, Kalkaji, New DelhiNew Delhi, Delhi",28.5412039,77.2598241,4.7,9.0,New DelhiNew Delhi,hotel,,3.0,0.9880639314651488,1.0,0.0,0.5,0.5,0.9997933506965636,0.982224017381668,0.982224017381668,Other,Budget,0.2143472170767782,4.7,0.9880639314651488,0.8388368388675385
ChIJNaMuONvjDDkRv5D1tbP4bIE,ChIJNaMuONvjDDkRv5D1tbP4bIE,The Bed And Rock,"Floor D, First, 7/16, Kalkaji Extension, New Delhi",28.5446904,77.25904609999999,4.7,224.0,Kalkaji Extension,hotel,,5.0,0.9997543215751648,1.0,0.0,0.9996982415517172,0.9998745918273926,0.9996317028999328,0.9996948639551798,0.9997242540121078,Other,Mid-Range,0.504183776813819,4.7,0.9997543215751648,0.90421340291248
ChIJv3LFrLbjDDkRcD6s3AqKMl8,ChIJv3LFrLbjDDkRcD6s3AqKMl8,The Jpm Hotel'S,"THE JPM Express, B 273, Block B, Chittaranjan Park, New Delhi",28.5435504,77.2520265,3.9,31.0,Chittaranjan Park,hotel,,5.0,0.798457065463299,0.8,0.2,0.5,0.999774158000946,0.9991344511508942,0.5,0.9980033040046692,Other,Mid-Range,0.3226247091360448,3.9,0.798457065463299,0.6950266710004652
ChIJSy2Zdb3nDDkRPu34BuB3FtQ,ChIJSy2Zdb3nDDkRPu34BuB3FtQ,Thecapstone,"NH-19, Bolck B-1, Mohan Cooperative Industrial Estate, Badarpur, New Delhi",28.5161471,77.2963155,4.5,4.0,Badarpur,hotel,,,,,,,,,,,Other,Mid-Range,0.1498222752495692,4.5,0.5,0.642812557529801
ChIJFTlx8lXlDDkR7DbHlHQwh3c,ChIJFTlx8lXlDDkR7DbHlHQwh3c,Laxmi Mahal,"Laxmi Mahal, Plot 9, Pocket 2, Jasola Vihar, New Delhi",28.5441072,77.2918845,4.5,45.0,Jasola Vihar,hotel,,5.0,0.8007361847907305,0.8,0.2,0.6680451563249031,0.5,0.5,0.5,0.5022327499464154,Other,Mid-Range,0.3564075138935633,4.5,0.8007361847907305,0.7826999268522629
ChIJj5WWowbkDDkRZeORbR-RCbQ,ChIJj5WWowbkDDkRZeORbR-RCbQ,Hotel Rampal Palace,"plot no 81, Jasola, Jasola Vihar, New Delhi",28.5457748,77.2920048,3.6,320.0,Jasola Vihar,hotel,,5.0,0.4134412824234459,0.4,0.6,0.0007519310020143,0.0002626421919558,0.5000225724215852,0.9997994303703308,0.3553829447385699,Other,Luxury,0.5372623782849241,3.6,0.4134412824234459,0.5779622377752296
ChIJd4yhs0LjDDkRl-UgerNidgU,ChIJd4yhs0LjDDkRl-UgerNidgU,Bloom Hotel - M Block Gk2,"E-512, Inder Mohan Bhardwaj Marg, Block E, Greater Kailash II, Greater Kailash, New Delhi",28.5362443,77.2386661,4.7,221.0,Greater Kailash,hotel,,5.0,0.9996500492095948,1.0,0.0,0.9998247027397156,0.9995176990826924,0.9998724460601808,0.5,0.999598115682602,Other,Mid-Range,0.5029342303533152,4.7,0.9996500492095948,0.9039143631029024
ChIJCyc2Pa_mDDkRFDjbRorrdGg,ChIJCyc2Pa_mDDkRFDjbRorrdGg,Hira Palace,"1010/121 Chauhan Market Near Fire Station Sarita Vihar, Chauhan Market, near Pocket D, &E, New Delhi",28.5322969,77.2975627,4.1,553.0,&E,hotel,,5.0,0.7999666041345336,0.8,0.2,0.5001347825455013,0.9998082915941874,0.999739110469818,0.999739110469818,0.9998082915941874,Other,Luxury,0.5880636830925053,4.1,0.7999666041345336,0.778552753925492
ChIJl0oXUXPjDDkRr7CX9nQK4Hk,ChIJl0oXUXPjDDkRr7CX9nQK4Hk,The Nuvon Residency,"40/42, Main Rd, CP Park, Chittaranjan Park, New Delhi",28.5410205,77.2494621,5.0,124.0,Chittaranjan Park,hotel,,5.0,0.999269986152649,1.0,0.0,0.9997843503952026,0.5,0.9997791945934296,0.9998197257518768,0.9997994601726532,Other,Mid-Range,0.4494668257487076,5.0,0.999269986152649,0.9323011895493304
ChIJr_r0whMRDTkRvN55RzUgjOg,ChIJr_r0whMRDTkRvN55RzUgjOg,Oyo Home Rd Guest House Near Najafgarh Metro Station,"Deenpur, Goyla More, Najafgarh, New Delhi, Delhi",28.5916788,76.9877923,5.0,5.0,New Delhi,hotel,,1.0,0.99941086769104,1.0,0.0,0.99941086769104,0.99941086769104,0.5,0.5,0.5,New Delhi,Budget,0.1667945549845492,5.0,0.99941086769104,0.8722231161349365
ChIJpTgCIZobDTkREstZmkWNvdE,ChIJpTgCIZobDTkREstZmkWNvdE,My Hotel - Near Yashobhoomi Dwarka,"Pocket 9, Plot No 4, near Yashobhoomi Convention Centre, Sector 23b, Dwarka, New Delhi, Delhi",28.5644838,77.04254320000001,4.6,245.0,New Delhi,hotel,,5.0,0.7979355470975861,0.8,0.2,0.9958924353122712,0.6634637343619639,0.9919662475585938,0.5,0.6641591020161286,New Delhi,Mid-Range,0.5124902864187779,4.6,0.7979355470975861,0.8282978990670594
ChIJNVRyWcgaDTkRj3BVa6ccnAo,ChIJNVRyWcgaDTkRj3BVa6ccnAo,"Radisson Blu Hotel, New Delhi Dwarka","Dwarka City Centre, Plot 4, Sector 13, Dwarka, New Delhi, Delhi",28.5964764,77.0362777,4.5,36559.0,New Delhi,hotel,,5.0,0.5536100254190387,0.6,0.4,0.6666623837130222,0.4420468938515114,0.3840314879780635,0.3338307118635081,0.3840314879780635,New Delhi,Luxury,0.9780676777008164,4.5,0.5536100254190387,0.8360802249939365
ChIJe1bK-MgaDTkRQq9FTKRnEPU,ChIJe1bK-MgaDTkRQq9FTKRnEPU,The Grand Parisian,"Plot no 84 10, opposite to Radisson blu Hotel, Pocket B, Sector 13, Dwarka, New Delhi, Delhi",28.5970319,77.03626229999999,4.2,1557.0,New Delhi,hotel,,5.0,0.799971318372991,0.8,0.2,0.5,0.9998235553503036,0.5,0.5,0.9998707175254822,New Delhi,Mid-Range,0.6843179489525855,4.2,0.799971318372991,0.8123205201418644
ChIJSdIsddsbDTkRV8hWeRdlXpg,ChIJSdIsddsbDTkRV8hWeRdlXpg,Green Lotus Sai International,"metro station, Plot no37, near sector 12, Parmanand Colony, Pocket 8, Block B, sector-12B, Dwarka, Delhi",28.5934597,77.0429224,4.3,79.0,Dwarka,hotel,,5.0,0.9996050119400024,1.0,0.0,0.9994321664174398,0.9995193282763164,0.5,0.5,0.9995347261428832,Dwarka,Mid-Range,0.4079220425584051,4.3,0.9996050119400024,0.830517575727269
ChIJg95hFcUaDTkRPEIHxlLFqD0,ChIJg95hFcUaDTkRPEIHxlLFqD0,Golden Palm Suites,"House 53, Sector -12 B, Dwarka, Dwarka Sub City, New Delhi",28.595069,77.041398,3.6,221.0,Dwarka Sub City,hotel,,5.0,0.0012175456969998,0.0,1.0,0.0018010546918958,0.0003422822046559,0.5,0.0015537883349073,0.0014192047334896,Other,Mid-Range,0.5029342303533152,3.6,0.0012175456969998,0.4391438238203716
ChIJi36xEZ8bDTkR4WthqzO9FOk,ChIJi36xEZ8bDTkR4WthqzO9FOk,The Royal Galaxy- Dwarka Sec.12,"B, Plot - 2, opp. Metro Station, near yashobhoomi, Sector 12 Dwarka, Delhi",28.5942371,77.0414909,3.8,280.0,Sector 12 Dwarka,hotel,,,,,,,,,,,Other,Mid-Range,0.5248733851099727,3.8,0.5,0.6295299815597252
ChIJPU8dg1gaDTkR9av06rlNEBo,ChIJPU8dg1gaDTkR9av06rlNEBo,Green Orbit Hotel,"Pocket 7, 40, Sector 23b, Dwarka, New Delhi, Delhi",28.560419,77.041467,4.3,23.0,New Delhi,hotel,,5.0,0.9995931029319765,1.0,0.0,0.99986732006073,0.999763548374176,0.9998127818107604,0.5,0.9996328353881836,New Delhi,Mid-Range,0.2958444386389672,4.3,0.9995931029319765,0.8066754136210815
ChIJf_i50DwbDTkRJKI6ATn2HHQ,ChIJf_i50DwbDTkRJKI6ATn2HHQ,"Fabhotel White House - Hotel In Dwarka, Bnb Near Dwarka Sector 17 New Delhi","Plot no. 38 Block, C, Pocket 8, Sector 17 Dwarka, Dwarka, New Delhi, Delhi",28.590026,77.03147410000001,4.4,139.0,New Delhi,hotel,,5.0,0.799902257102076,0.8,0.2,0.9993808269500732,0.6667770491330884,0.5,0.9997993111610411,0.749920408896287,New Delhi,Mid-Range,0.4600165719380828,4.4,0.799902257102076,0.7911775655025893
ChIJayqg-TUbDTkRcFyaA0O5Wog,ChIJayqg-TUbDTkRcFyaA0O5Wog,Fabhotel Sparkling,"Shaheed Bhagat Singh Nagar, Plot No. 138, behind OPG WORLD SCHOOL, Sector 19, Dwarka, New Delhi, Delhi",28.569466,77.0430811,4.1,83.0,New Delhi,hotel,,5.0,0.8027760207653045,0.8,0.2,0.9998810291290284,0.999771535396576,0.5,0.6797582805156708,0.7535304501652718,New Delhi,Mid-Range,0.4124639098458538,4.1,0.8027760207653045,0.7420998579870159
ChIJxWQtupobDTkR9JtPxAEP9Dc,ChIJxWQtupobDTkR9JtPxAEP9Dc,Via Dwarka Suites,"Hotel Dwarka Suites, Plot No: 2 G/F, Parmanand Colony, Pocket 8, Block B, Sector 12 Dwarka, B, New Delhi, Delhi",28.5940115,77.04187309999999,3.3,69.0,New Delhi,hotel,,5.0,0.2089383989165071,0.2,0.8,0.2608093887465657,0.0215753839584067,0.0012299979571253,0.0008171196823241,0.5208016578108072,New Delhi,Mid-Range,0.3954916301108739,3.3,0.2089383989165071,0.4426827902481119
ChIJ2QQhr8QaDTkRMce_qfoaI-A,ChIJ2QQhr8QaDTkRMce_qfoaI-A,Green Lotus La Wisteria Inn,"Plot no 52, Parmanand Colony, Pocket 8, Block B, SECTOR 12B DWARKA, Dwarka, Delhi",28.5949998,77.0415684,3.6,1177.0,Dwarka,hotel,,5.0,0.4002885793510359,0.4,0.6,0.9998313188552856,0.9998313188552856,0.9998313188552856,0.5,0.000429037871072,Dwarka,Budget,0.6582914462466433,3.6,0.4002885793510359,0.5995082591716797
ChIJF6F7gOEaDTkRsbOosIh1sUk,ChIJF6F7gOEaDTkRsbOosIh1sUk,"Welcomhotel By Itc Hotels, Dwarka, New Delhi","District Center, Plot No.3, Sector 10 Dwarka, Dwarka, New Delhi, Delhi",28.5794045,77.056011,4.5,25818.0,New Delhi,hotel,,5.0,0.6049360157107003,0.6,0.4,0.5000656445336062,0.7499627570068697,0.5000656445336062,0.00031636148924,0.5062055440066615,New Delhi,Luxury,0.9456869360576206,4.5,0.6049360157107003,0.8455681820379276
ChIJvc-DqwwbDTkRSoKQ3ptUOHE,ChIJvc-DqwwbDTkRSoKQ3ptUOHE,Mauryan Signature Hotel With Airport View,"Plot No. 253 GF, Block B, Sector 8 Dwarka, Dwarka, New Delhi, Delhi",28.570317,77.07927699999999,4.3,269.0,New Delhi,hotel,,5.0,0.4004396282020025,0.4,0.6,0.5000957159791142,0.0014939178945496,0.666766607920484,0.9998330175876616,0.2505797846097266,New Delhi,Mid-Range,0.521156056548799,4.3,0.4004396282020025,0.6634425456400677
ChIJiyN1kz8bDTkRA2ud_zDRLqM,ChIJiyN1kz8bDTkRA2ud_zDRLqM,Treebo Galaxy Rooms,"300-F, Palam Rd, near BRAHMA APARTMENT, Harijan Basti, Sector 7 Dwarka, Dwarka, New Delhi, Delhi",28.5897649,77.0752749,3.7,1197.0,New Delhi,hotel,,5.0,0.2046347690455149,0.2,0.8,0.0008523131546098,0.3404611501609906,0.0014885757118463,0.3340095607951904,0.3336139752354938,New Delhi,Mid-Range,0.659858651840757,3.7,0.2046347690455149,0.5507131185931853
ChIJNY0f0Q8bDTkRlcDkJHBQLnM,ChIJNY0f0Q8bDTkRlcDkJHBQLnM,Roomshala 139 Hotel Rose Inn,"flat no 108, CRPF Flats, Sector 8 Dwarka, B, New Delhi, Delhi",28.574403,77.070303,4.7,17.0,New Delhi,hotel,,5.0,0.9998329043388366,1.0,0.0,0.9997957646846772,0.9998590052127838,0.999728500843048,0.5,0.9998253732919692,New Delhi,Budget,0.2690641681418895,4.7,0.9998329043388366,0.8542296740588646
ChIJfxtgQFYaDTkRwu0tU9lGPGE,ChIJfxtgQFYaDTkRwu0tU9lGPGE,Hotel Moon Taj Near Yashobhoomi,"BLOCK-B, B-48, Street No. 3, MBR Enclave, Block B, Pochanpur Colony, Dwarka, New Delhi, Delhi",28.5597198,77.04907299999999,4.7,245.0,New Delhi,hotel,,5.0,0.4006117847049608,0.4,0.6,0.5004335787380113,0.5007423739880322,0.001005082624033,0.5,0.9998436868190764,New Delhi,Luxury,0.5124902864187779,4.7,0.4006117847049608,0.7148280908114619
ChIJ-yw3PGIbDTkRXAfYWuFspOY,ChIJ-yw3PGIbDTkRXAfYWuFspOY,Treebo Prime Elight,"L5, 1st floor, Opp Bhagat Chandra hospital, Dabri Palam Road, Ramphal Chowk Rd, New Delhi",28.5936671,77.0807864,4.6,370.0,Ramphal Chowk Rd,hotel,,5.0,0.2005531127448193,0.2,0.8,0.3336080527321124,0.0005521567654795,0.5,0.0005133406375534,0.0005133406375534,Other,Mid-Range,0.5507381471556665,4.6,0.2005531127448193,0.6458425149950848
ChIJ59PVuv4bDTkRw6GldlMth6I,ChIJ59PVuv4bDTkRw6GldlMth6I,Hotel Tms Grand,"B-189 Palam Extension, Landmark:, near IndusInd Bank, Part 1, Sector 7 Dwarka, New Delhi",28.5870594,77.0697617,4.6,502.0,Sector 7 Dwarka,hotel,,5.0,0.7999104053014889,0.8,0.2,0.9996190965175628,0.5002189651713705,0.5,0.9997046987215678,0.999744787812233,Other,Mid-Range,0.5790735793404571,4.6,0.7999104053014889,0.8430899065901764
ChIJEYDU5mYbDTkRH-UsiC4Cu4E,ChIJEYDU5mYbDTkRH-UsiC4Cu4E,Hotel O Palam Formerly Lemonade,"Rz-20F, Syndicate market, Palam Colony, Raj Nagar II Extension, Palam, Delhi",28.5828552,77.0884535,3.9,294.0,Palam,hotel,,5.0,0.4036615890159737,0.4,0.6,0.6723096501082182,0.666905422656176,0.5,0.5,0.9998669028282166,Other,Mid-Range,0.5293994757998772,3.9,0.4036615890159737,0.6130500369164947
ChIJgePgPlwbDTkRe99VXOPJjJ4,ChIJgePgPlwbDTkRe99VXOPJjJ4,Hotel O Honey Inn,"32BGokul, Garden Road, Palam Village, Palam, Delhi",28.5904916,77.07556799999999,4.5,45.0,Palam,hotel,,4.0,0.5073691383258846,0.5,0.5,0.9996094107627868,0.9997950196266174,0.0298376269638538,0.0298376269638538,0.0298376269638538,Other,Budget,0.3564075138935633,4.5,0.5073691383258846,0.6891033055253926
ChIJxQtapR8bDTkRlecBFB8YTu4,ChIJxQtapR8bDTkRlecBFB8YTu4,"Nidra Hotel, Sector-10, Dwarka","Plot Number -2, New, Sector 10 Dwarka, Dwarka, Delhi",28.5830418,77.05869779999999,4.2,195.0,Dwarka,hotel,,5.0,0.2029163206461816,0.2,0.8,0.0010511354388048,0.5,0.5,0.0116476016119122,0.5,Dwarka,Mid-Range,0.4913387097226093,4.2,0.2029163206461816,0.5807887199476847
ChIJQW0dhlAbDTkR27QFjwM29j4,ChIJQW0dhlAbDTkR27QFjwM29j4,Hotel Abode Inn,"Khasra No:- 23/20/01, Pochanpur Village, MBR Enclave, Sector 23, New Delhi",28.5592114,77.04849899999999,4.1,56.0,Sector 23,hotel,,5.0,0.5983171081519686,0.6,0.4,0.998905062675476,0.0004725148901343,0.998905062675476,0.6640313761308789,0.6637992955123385,Other,Budget,0.376366888848488,4.1,0.5983171081519686,0.6691910685300418
ChIJjYjbl0gbDTkRCrRAMjT45Yg,ChIJjYjbl0gbDTkRCrRAMjT45Yg,Hotel O By Oyo Karan Stay,"A-12, SBI Wali Gali, Sector 7, Block A, Palam Extension, Dwarka, Delhi",28.5888086,77.07087369999999,3.3,118.0,Dwarka,hotel,,5.0,0.2361623654956929,0.2,0.8,0.0002738180046435,0.3925141971073267,0.5,0.001634618078242,0.5000934786366996,Dwarka,Budget,0.4448877150866521,3.3,0.2361623654956929,0.4618747063106431
ChIJgXegMZgbDTkRJjWjnK4hf1U,ChIJgXegMZgbDTkRJjWjnK4hf1U,Hotel Homeaste,"B-429 AMBERHAI, Sector 19, Pocket 2, Dwarka, NEW DELHI",28.5808852,77.0463408,4.8,186.0,Dwarka,hotel,,5.0,0.8000036358018405,0.8,0.2,0.500367581640603,0.6667899686726741,0.9997326731681824,0.5003467796195764,0.999753475189209,Dwarka,Mid-Range,0.4869629260003354,4.8,0.8000036358018405,0.8501150555790661
ChIJ8b0cjakbDTkRswKAZj95Mjk,ChIJ8b0cjakbDTkRswKAZj95Mjk,Embellish Inn,"D-479, Ramphal Chowk Rd, Block D, Sector 7 Dwarka, Dwarka, New Delhi, Delhi",28.5847757,77.0696803,4.4,364.0,New Delhi,hotel,,5.0,0.3948857419280102,0.4,0.6,0.9996501207351683,0.0002281919805681,0.9830810129642484,0.0039981377412913,0.6554493338868874,New Delhi,Budget,0.5492203448319317,4.4,0.3948857419280102,0.6809332033973109
ChIJwXfALvkaDTkRmyFhEbkG2JQ,ChIJwXfALvkaDTkRmyFhEbkG2JQ,Hotel Aerosky Prime,"METRO STATION, Plot No-19, Dwarka Sector 9, Dwarka, Delhi",28.577069,77.064508,4.9,37.0,Dwarka,hotel,,5.0,0.8028871100395918,0.8,0.2,0.9998843669891356,0.0153746213763952,0.5076294941827654,0.5,0.9997652322053908,Dwarka,Mid-Range,0.3386222175183568,4.9,0.8028871100395918,0.8327771048022682
ChIJNZIqYG0bDTkRdTH5rWIGgSM,ChIJNZIqYG0bDTkRdTH5rWIGgSM,Jannat Residency Dwarka,"B-190 PALAM EXTN, Sector 7 Dwarka, Dwarka, Delhi",28.5871766,77.0698539,4.5,1390.0,Dwarka,hotel,,5.0,0.7984717145678587,0.8,0.2,0.5002900101535487,0.6667908057764481,0.999826043844223,0.5,0.7481356132921063,Dwarka,Mid-Range,0.6737634226757313,4.5,0.7984717145678587,0.8494775262936428
ChIJ22pMGCUbDTkRB0hRdA_VG8k,ChIJ22pMGCUbDTkRB0hRdA_VG8k,"Fabhotel Royal Galaxy I - Hotel In Dwarka, New Delhi","E-522, Ramphal Chowk Rd, Block F, Sector 7 Dwarka, Dwarka, New Delhi, Delhi",28.585164,77.07244399999999,3.1,91.0,New Delhi,hotel,,5.0,0.2001753477874444,0.2,0.8,0.4998507136260741,0.0002142750818165,0.9994820952415466,0.5001206903834827,0.9994820952415466,New Delhi,Mid-Range,0.4209324557207723,3.1,0.2001753477874444,0.4187112491601061
ChIJRZaLkZkbDTkRkJRD2nrcKFs,ChIJRZaLkZkbDTkRkJRD2nrcKFs,Holiday Inn Express New Delhi Int'L Airport T3,"Level 5 Indira Gandhi International Airport Terminal 3, New Delhi",28.555094,77.08443199999999,4.2,6764.0,Level 5 Indira Gandhi International Airport Terminal 3,hotel,,5.0,0.566822286270326,0.6,0.4,0.999870777130127,0.5,0.9164480865001678,0.0007102981762727,0.7082386021429556,Other,Budget,0.8210072437889171,4.2,0.566822286270326,0.7670091679689918
ChIJr1CxLkEbDTkRau7ByVr9-gc,ChIJr1CxLkEbDTkRau7ByVr9-gc,Hotel Aerostar Grand,"Plot No. 6, Pocket-A, Sector 23, Dwarka, New Delhi, Delhi",28.5646166,77.0503161,4.8,581.0,New Delhi,hotel,,5.0,0.999804675579071,1.0,0.0,0.9998333156108856,0.9997902661561966,0.9997767806053162,0.999794900417328,0.999804675579071,New Delhi,Mid-Range,0.5926535471913231,4.8,0.999804675579071,0.9363400057402128
ChIJlSDVKPIbDTkRFxNNJseitTI,ChIJlSDVKPIbDTkRFxNNJseitTI,Hotel O Downtown,"Metro Station, 45, Toganpur Village, Dwarka Sector 9, Dwarka, New Delhi, Delhi",28.5770042,77.0646278,3.6,31.0,New Delhi,hotel,,5.0,0.4199586845352314,0.4,0.6,0.5,0.5000562567583984,0.0002017107035499,0.5497395992279053,0.6997867425282797,New Delhi,Mid-Range,0.3226247091360448,3.6,0.4199586845352314,0.5343891765501003
ChIJYfbuyGUbDTkREm2SGwov630,ChIJYfbuyGUbDTkREm2SGwov630,Hotel Castle Grand,"MBR Enclave, Block B, Sector 23, Dwarka, Delhi",28.5595215,77.0509066,3.8,126.0,Dwarka,hotel,,5.0,0.2001785826083505,0.2,0.8,0.9997978806495668,0.2501601203584869,0.9997978806495668,0.9997978806495668,0.5000703585974406,Dwarka,Mid-Range,0.4509444728626801,3.8,0.2001785826083505,0.5181498191789035
ChIJ8SaLJQcbDTkRDummRi-bBts,ChIJ8SaLJQcbDTkRDummRi-bBts,"Vivanta New Delhi, Dwarka","Service Rd, Sector 21, Dwarka, New Delhi, Delhi",28.558446,77.0630649,4.4,18578.0,New Delhi,hotel,,5.0,0.9997979402542114,1.0,0.0,0.9997721314430236,0.9998080333073934,0.9997881054878236,0.5,0.9998080333073934,New Delhi,Mid-Range,0.9150530570878216,4.4,0.9997979402542114,0.9517368814020692
ChIJa5dF22oZDTkRQ2KjgHaw2d8,ChIJa5dF22oZDTkRQ2KjgHaw2d8,Stay Studio Hotel & Residences,"3410P, sector-23, Major Sushil Aima Marg, Palam Vihar, Gurugram",28.5095457,77.0445842,4.6,225.0,Palam Vihar,hotel,,5.0,0.9893764972686768,1.0,0.0,0.9998575448989868,0.9998375773429872,0.5,0.9475122094154358,0.9893764972686768,Other,Budget,0.5045965926282034,4.6,0.9893764972686768,0.8876967907190461
ChIJZcuFGLkZDTkRsbttoM1gL2w,ChIJZcuFGLkZDTkRsbttoM1gL2w,The Galgotias Hotel,"The Galgotias Hotel, Sco 04, 07, Sector 23A, Gurugram",28.5045838,77.05310960000001,4.1,349.0,Sector 23A,hotel,,5.0,0.0135451393434777,0.0,1.0,0.0012119142920709,0.0012117999431211,0.0017550555057823,0.0012116855941712,0.001478614246783,Other,Mid-Range,0.545313905360443,4.1,0.0135451393434777,0.5185580380864444
ChIJ4QSpaUwbDTkRTJLcTeZmT64,ChIJ4QSpaUwbDTkRTJLcTeZmT64,Dwarka Heritage Hotel,"Dwarka Sector 9, Dwarka, New Delhi, Delhi",28.5764134,77.0641201,4.9,33.0,New Delhi,hotel,,5.0,0.8652141153812408,0.8,0.2,0.9991893768310546,0.6639111787080765,0.9997760653495787,0.3280291259288788,0.9992360770702362,New Delhi,Mid-Range,0.3282682438797654,4.9,0.8652141153812408,0.8504598423375785
ChIJUXEBCwAbDTkReAT2lErQcEA,ChIJUXEBCwAbDTkReAT2lErQcEA,Hotel Dwarka Inn,"metro station, Plot no 21, near dwarka sec 9, toganpur village, Dwarka, Delhi",28.5769014,77.06452449999999,5.0,19.0,Dwarka,hotel,,5.0,0.9998250246047974,1.0,0.0,0.9997499585151672,0.5,0.9998306334018706,0.9997933506965636,0.9997933506965636,Dwarka,Budget,0.2788721589039871,5.0,0.9998250246047974,0.8961936125082682
ChIJd0ioAMQbDTkRQVSbRjEe7WY,ChIJd0ioAMQbDTkRQVSbRjEe7WY,Satvik By Chhabra Farm,"G -1, Pushpanjali Farms, Dwaraka Link Road, Bijwasan, New Delhi, Delhi",28.5427298,77.070925,4.2,3677.0,New Delhi,hotel,,5.0,0.801038409397006,0.8,0.2,0.0064652021974325,0.0064652021974325,0.9991416931152344,0.5,0.751512588467449,New Delhi,Mid-Range,0.7642789504090871,4.2,0.801038409397006,0.8296682848572635
ChIJrdT4SiEbDTkRIgX5tj9QnPs,ChIJrdT4SiEbDTkRIgX5tj9QnPs,Hotel O Lime Tree,"RZP-18/19, Raj Nagar Part-2, Palam Colony, Sector 8 Dwarka, Dwarka, Delhi",28.5753056,77.0765,4.3,39.0,Dwarka,hotel,,5.0,0.2002819643035763,0.2,0.8,0.3335223935573594,0.000661575468257,0.5,0.000661575468257,0.000661575468257,Dwarka,Mid-Range,0.3433971007311961,4.3,0.2002819643035763,0.5617752320032375
ChIJZQCmAjEZDTkRwrCenXr9HJ4,ChIJZQCmAjEZDTkRwrCenXr9HJ4,Fabhotel Amrit Luxury Inn,"Plot No. 1279, Sector 21, Gurugram",28.5148635,77.0749393,4.8,58.0,Sector 21,hotel,,5.0,0.8001863692654296,0.8,0.2,0.9998247027397156,0.750263240741333,0.9998247027397156,0.5,0.6670895176551616,Other,Budget,0.379577200550308,4.8,0.8001863692654296,0.8273329325254328
ChIJDX40hD0bDTkRJ4CwNPbP0LI,ChIJDX40hD0bDTkRJ4CwNPbP0LI,Tms Residency - Hotel In Dwarka Delhi,"B-171, 3rd Floor Palam Extension, Part-1, Sector 7 Dwarka, Dwarka, Delhi",28.5868451,77.0713025,4.3,895.0,Dwarka,hotel,,5.0,0.9955809950828552,1.0,0.0,0.9996503591537476,0.5,0.9929167628288268,0.9894900321960448,0.9945336878299712,Dwarka,Mid-Range,0.6328190058245585,4.3,0.9955809950828552,0.8770682354605142
ChIJW1fDLSUbDTkRityti1y0TWk,ChIJW1fDLSUbDTkRityti1y0TWk,Hotel Arch Plaza - Near Iicc Yashobhoomi,"91, Main Rd, near Indira Gandhi International Airport, Kapas Hera Extension, Kapas Hera, New Delhi",28.5307943,77.0857856,4.5,1024.0,Kapas Hera,hotel,,5.0,0.5995688273047562,0.6,0.4,0.5000671052694088,0.9986470341682434,0.665803048594777,0.0002541350841056,0.6659496612070749,Other,Mid-Range,0.6453402819333671,4.5,0.5995688273047562,0.7799735433945792
ChIJp5HEBvEbDTkRUZfbGY7nZsE,ChIJp5HEBvEbDTkRUZfbGY7nZsE,Ashok Country Resort,"30 Rajokri Road, D Block, Kapas Hera, New Delhi",28.5256383,77.09332289999999,4.0,1757.0,Kapas Hera,hotel,,5.0,0.7984097916865721,0.8,0.2,0.9991321365038554,0.7480550655454863,0.9930549263954164,0.4973262744606473,0.9976128339767456,Other,Luxury,0.6955607643042667,4.0,0.7984097916865721,0.7876267251192696
ChIJHz6rlQ0ZDTkR3PLIrgWCYmM,ChIJHz6rlQ0ZDTkR3PLIrgWCYmM,Hotel Florainn,"Plot No.528, Old Delhi Gurugram Rd, near Hanuman Mandir, Dundahera Village, Sector 20, Gurugram",28.5124808,77.0752049,4.7,48.0,Sector 20,hotel,,5.0,0.7979997537040617,0.8,0.2,0.9953970313072203,0.9994255900382996,0.9953970313072203,0.000466715049697,0.7475760456800344,Other,Budget,0.3622888260681913,4.7,0.7979997537040617,0.809664708573206
ChIJ_2XTFpEbDTkR_wloHcUNR5g,ChIJ_2XTFpEbDTkR_wloHcUNR5g,Hotel O Kanchan Stays Near Palam Metro Station,"91, Chandar Vihar, Block B, Palam Extension, Dwarka, Delhi",28.586738,77.07016999999999,3.6,95.0,Dwarka,hotel,,5.0,0.2002266019582748,0.2,0.8,0.004534110019449,0.0040016784332692,0.9911513924598694,0.9911513924598694,0.0027920249461506,Dwarka,Budget,0.4248943222933851,3.6,0.2002266019582748,0.4860375051770022
ChIJKRCAWocZDTkRba7C87Hijs8,ChIJKRCAWocZDTkRba7C87Hijs8,Luminary Dynasty House,"2923, Sector 23, Gurugram",28.5130705,77.0486552,4.3,172.0,Sector 23,hotel,,5.0,0.9998025059700012,1.0,0.0,0.9998200535774232,0.5,0.9998123943805696,0.9998573064804076,0.9998025059700012,Other,Mid-Range,0.4797189538951854,4.3,0.9998025059700012,0.845851439488381
ChIJqYTSZjIbDTkRQ_rOS4SGZQY,ChIJqYTSZjIbDTkRQ_rOS4SGZQY,Hotel Silver Crown,"C-31, Gali Number 2, MBR Enclave, MBR Enclave Pochanpur Colony, Sector 23, Dwarka, New Delhi, Delhi",28.5599186,77.0504124,4.1,267.0,New Delhi,hotel,,5.0,0.0005752331693656,0.0,1.0,0.0007573587548297,0.5,0.0003786674933508,0.0003786674933508,0.0003831313806585,New Delhi,Mid-Range,0.5204639357873668,4.1,0.0005752331693656,0.5091346159324784
ChIJ34bw-9AbDTkRX4duKPn_Nqg,ChIJ34bw-9AbDTkRX4duKPn_Nqg,Hotel Bharat Vandana Stay,"A-Block, Main, CRPF Rd, Block A, Sector 8 Dwarka, Dwarka, Delhi",28.5745533,77.07073869999999,4.9,12.0,Dwarka,hotel,,5.0,0.8811061024665833,0.8,0.2,0.5,0.9997839331626892,0.8019928733507792,0.5,0.9997574090957642,Dwarka,Budget,0.2387706575481475,4.9,0.8811061024665833,0.8364943627434044
ChIJYwWeSWEbDTkRDX74PgkC5qU,ChIJYwWeSWEbDTkRDX74PgkC5qU,The King Residency,"Plot no 20-B and 19 Major bhola ram enclave Dwarka sector 23-B opposite Yashobhoomi conventional centre pochanpur pur, New Delhi, Delhi",28.5606079,77.0484603,4.8,143.0,New Delhi,hotel,,5.0,0.805864504724741,0.8,0.2,0.805864504724741,0.9983163475990297,0.6765437585612138,0.9968307614326476,0.6775499048332373,New Delhi,Mid-Range,0.4626389936235164,4.8,0.805864504724741,0.8468113407468845
ChIJbd9OQUMZDTkRVnrtcXUQNAA,ChIJbd9OQUMZDTkRVnrtcXUQNAA,Radisson Hotel Gurugram Udyog Vihar,"Plot No. 406, Udyog Vihar Phase 3 Rd, Udyog Vihar III, Sector 20, Gurugram",28.5097521,77.0922015,4.6,21494.0,Sector 20,hotel,,5.0,0.9998673915863036,1.0,0.0,0.999862790107727,0.999870459238688,0.5,0.5,0.9998700320720671,Other,Luxury,0.9286244757277632,4.6,0.9998673915863036,0.9812325078277884
ChIJvaDLwhAbDTkR_36PfbUB4-0,ChIJvaDLwhAbDTkR_36PfbUB4-0,Fabhotel Dwarka Heritage,"Plot no 36, Dwarka Sector 9, Dwarka, New Delhi, Delhi",28.5765286,77.06423439999999,4.7,144.0,New Delhi,hotel,,5.0,0.7993465318519156,0.8,0.2,0.9988052050272622,0.7493145185508183,0.7492229509152821,0.9982873797416686,0.9990671277046204,New Delhi,Mid-Range,0.4632832163578625,4.7,0.7993465318519156,0.8315754051942501
ChIJ2zl8jRQbDTkRv1tqCweBkZY,ChIJ2zl8jRQbDTkRv1tqCweBkZY,Royal Residency,"C-357, Ramphal Chowk Rd, near PNB Bank, Block D, Sector 7 Dwarka, Dwarka, New Delhi, Delhi",28.5850611,77.0696225,3.8,23.0,New Delhi,hotel,,5.0,0.2005994357314193,0.2,0.8,0.0001887082034954,0.0004411077024996,0.0010345933260396,0.0009782826818991,0.0001887082034954,New Delhi,Mid-Range,0.2958444386389672,3.8,0.2005994357314193,0.4852950644733784
ChIJzeEXTeAbDTkRXRtjQda7RXg,ChIJzeEXTeAbDTkRXRtjQda7RXg,Calista Boutique Hotel Near Yashobhoomi,"2nd Floor, Gomti Tower, D Block, Kapas Hera Estate, New Delhi",28.5200658,77.08212329999999,4.6,52.0,Kapas Hera Estate,hotel,,5.0,0.6032446013763547,0.6,0.4,0.3403829314435522,0.3403880574430027,0.5033560614101589,0.9975371062755584,0.9983122944831848,Other,Mid-Range,0.3695937341215708,4.6,0.6032446013763547,0.7357897661814625
ChIJF32jzq8bDTkRBUGw8qVoInQ,ChIJF32jzq8bDTkRBUGw8qVoInQ,Fabhotel Ishtara Auberge,"Gf, Rzg-2, Laxman Niwas, Block H, Raj Nagar II Extension, Palam, New Delhi, Delhi",28.5860966,77.07208159999999,4.0,76.0,New Delhi,hotel,,5.0,0.6001365598058327,0.6,0.4,0.5001293192617594,0.5,0.0005504032596945,0.5002983877784573,0.6667162027830879,New Delhi,Mid-Range,0.4043640369818747,4.0,0.6001365598058327,0.6624329621340009
ChIJGSgZBUEcDTkRRd8_ULbNj6U,ChIJGSgZBUEcDTkRRd8_ULbNj6U,"De Pavilion Hotel, Delhi","250-A, Road No. 6, Block RZ, Mahipalpur Village, Mahipalpur, New Delhi",28.5505755,77.1309965,4.4,3300.0,Mahipalpur,hotel,,5.0,0.7950324755627662,0.8,0.2,0.7446127809234895,0.9996964931488036,0.9917197227478028,0.5,0.9997888803482056,Mahipalpur,Mid-Range,0.7542118760198633,4.4,0.7950324755627662,0.8521978110683196
ChIJHaWKGvAdDTkR1l7uIkF9HwE,ChIJHaWKGvAdDTkR1l7uIkF9HwE,Hotel Airport City,"A -11, Rd Number 1, Block B, Mahipalpur Village, Mahipalpur, New Delhi",28.5469008,77.1263599,4.2,3178.0,Mahipalpur,hotel,,5.0,0.8012463243678212,0.8,0.2,0.9998261630535126,0.9995380838712056,0.9998714923858644,0.5038086851127445,0.9993713796138765,Mahipalpur,Mid-Range,0.7507062280528919,4.2,0.8012463243678212,0.8268477664168168
ChIJi2vT-3UcDTkROnoFPdqD-bA,ChIJi2vT-3UcDTkROnoFPdqD-bA,Centaur Hotel New Delhi Airport,"IGI Airport T3 Road, nr. Indira Gandhi International Airport, New Delhi",28.5489189,77.10292059999999,3.2,2813.0,nr. Indira Gandhi International Airport,hotel,,5.0,0.201036306048627,0.2,0.8,0.0006999578836257,0.3336636163633859,0.2512250241379661,0.0001861282944446,0.0001861282944446,Other,Mid-Range,0.7393530201515939,3.2,0.201036306048627,0.5000058876962746
ChIJlU7xMJ4dDTkRS-CEa9X7JHw,ChIJlU7xMJ4dDTkRS-CEa9X7JHw,Hotel Earth,"A 392, Rd Number 1, Block B, Mahipalpur Village, Mahipalpur, New Delhi",28.5465282,77.1270631,3.9,846.0,Mahipalpur,hotel,,5.0,0.0004245778894982,0.0,1.0,0.0004245778894982,0.0001964672119356,0.5,0.0004105809396908,0.0004075044125783,Mahipalpur,Mid-Range,0.6275836609296537,3.9,0.0004245778894982,0.5052835027433408
ChIJSyEeQxUcDTkRtP518kGmaNs,ChIJSyEeQxUcDTkRtP518kGmaNs,Hotel Mayda Inn- A Boutique Hotel By Mayda Hospitality Pvt. Ltd.,"253, Street Number 5, near Aerocity, Block A, Mahipalpur Village, Mahipalpur, New Delhi",28.5503518,77.1313909,4.3,1049.0,Mahipalpur,hotel,,5.0,0.4329767466115299,0.4,0.6,0.3339287738878435,0.9998500347137452,0.9998500347137452,0.1632924973964691,0.5411556163744535,Mahipalpur,Budget,0.6475835185177833,4.3,0.4329767466115299,0.7007137843087906
ChIJQcH65xwdDTkRcF0kAI2f3WI,ChIJQcH65xwdDTkRcF0kAI2f3WI,Hotel Pearl Mahipalpur Delhi Airport @ 05 Minutes Walk To Aero City Metro Station,"Delhi Airport, A 92, Rd Number 2, near Aerocity, Block B, N.H-48, Mahipalpur, New Delhi",28.5478905,77.1269646,4.6,4170.0,Mahipalpur,hotel,,5.0,0.6001057446235791,0.6,0.4,0.6667993524655079,0.9996732771396638,0.5001803264312912,0.5002953200018965,0.999691128730774,Mahipalpur,Mid-Range,0.775988409842961,4.6,0.6001057446235791,0.8212265127314836
ChIJrU48_w_9DDkRAXDl9rxJ0kQ,ChIJrU48_w_9DDkRAXDl9rxJ0kQ,Hotel Airport Inn,"A-7, Street Number 1, near IGI Airport, Block B, Mahipalpur Extension, Mahipalpur, New Delhi",28.5470581,77.1259518,3.3,1955.0,Mahipalpur,hotel,,5.0,0.0032319480902514,0.0,1.0,0.0063210576772689,0.5,0.0004573318292386,0.0043689597514457,0.5,Mahipalpur,Budget,0.7054957534674913,3.3,0.0032319480902514,0.4429900171424015
ChIJ01RYkd0dDTkRcowtxjOpraI,ChIJ01RYkd0dDTkRcowtxjOpraI,Foxoso Delhi Airport - T3,"10 A, near Vishal Mega Mart, L block, Mahipalpur Village, Mahipalpur, New Delhi",28.5461804,77.12388390000001,4.4,3081.0,Mahipalpur,hotel,,5.0,0.4065846587298438,0.4,0.6,0.9997665286064148,0.5027787791041192,0.9997665286064148,0.9997665286064148,0.258289191260701,Mahipalpur,Mid-Range,0.7478215660265124,4.4,0.4065846587298438,0.7269071739295491
ChIJ6XCwlb0dDTkRLWxu1qjVv00,ChIJ6XCwlb0dDTkRLWxu1qjVv00,Hotel Mayda Prime By Mayda Hospitality Pvt. Ltd.,"407, Block A, Road, 4, Street No. 9, Mahipalpur, New Delhi",28.5487843,77.13032439999999,4.4,879.0,Mahipalpur,hotel,,5.0,0.2020925865741446,0.2,0.8,0.5,0.2020925865741446,0.0004548403376247,0.0004548403376247,0.0026479197258594,Mahipalpur,Mid-Range,0.6311416665061841,4.4,0.2020925865741446,0.636848217837341
ChIJxbmmUzkcDTkRupwAbVY8NHE,ChIJxbmmUzkcDTkRupwAbVY8NHE,Zenith Hotel - Delhi Airport,"A-293, National Highway-8, Near, IGI Rd, Block RZ, Mahipalpur Village, Mahipalpur, New Delhi",28.5508397,77.12980569999999,4.2,426.0,Mahipalpur,hotel,,5.0,0.017362954589771,0.0,1.0,0.0286986371987343,0.0003437200357438,0.0429691621684469,0.0003024089091923,0.0427987400325945,Mahipalpur,Mid-Range,0.5638248947327972,4.2,0.017362954589771,0.5370067286836165
ChIJc71sG0EcDTkRy3QIJsXVu6I,ChIJc71sG0EcDTkRy3QIJsXVu6I,Hotel Good Luck By Jmd Group,"A103, Rd Number 4, Block A, Mahipalpur Village, Mahipalpur, New Delhi",28.549517,77.12932020000001,4.2,1324.0,Mahipalpur,hotel,,5.0,0.8009354245848954,0.8,0.2,0.5,0.9996878504753112,0.9996880292892456,0.9996878504753112,0.9993067681789398,Mahipalpur,Mid-Range,0.6692382846207092,4.2,0.8009354245848954,0.8094207397665473
ChIJo7kBM2ocDTkR2TXLzP1eBUk,ChIJo7kBM2ocDTkR2TXLzP1eBUk,"Holiday Inn New Delhi Int'L Airport, An Ihg Hotel","Asset Area 12 Hospitality District, Aerocity, New Delhi",28.5500782,77.1228015,4.7,30810.0,Aerocity,hotel,,5.0,0.9045949816703795,1.0,0.0,0.7693645060062408,0.8461828629175822,0.8410829504330953,0.5,0.880775049328804,Other,Budget,0.9621415952164074,4.7,0.9045949816703795,0.9712589142472994
ChIJLX-noAwdDTkRf90CzrP8goU,ChIJLX-noAwdDTkRf90CzrP8goU,Collection O Hotel Dolphin,"11, Vasant Vihar Tehsil, Delhi Transit Delhi Transit",28.5473699,77.1268161,3.9,83.0,Vasant Vihar Tehsil,hotel,,5.0,0.2002282514586112,0.2,0.8,0.5,0.3334114832590178,0.0002115748648066,0.5,0.2501570834865561,Other,Mid-Range,0.4124639098458538,3.9,0.2002282514586112,0.5232744833833027
ChIJkf5hPkEcDTkRkw-x73G9OyM,ChIJkf5hPkEcDTkRkw-x73G9OyM,Hotel Smart Plaza Delhi Airport,"A Block Road No 4, Mahipalpur, New Delhi",28.5496383,77.130288,4.2,3729.0,Mahipalpur,hotel,,5.0,0.0009197399573167,0.0,1.0,0.0003300359579346,0.5,0.0003531214606482,0.5,0.0003196457837474,Mahipalpur,Mid-Range,0.7655858483067426,4.2,0.0009197399573167,0.5746742167216086
ChIJXcsvGhodDTkR2RGRqqx66ro,ChIJXcsvGhodDTkR2RGRqqx66ro,Moon Residency Hotel,"Block B, Mahipalpur Extension, Mahipalpur, New Delhi",28.5492525,77.1281145,4.5,454.0,Mahipalpur,hotel,,5.0,0.6000567186216358,0.6,0.4,0.5006630392745137,0.9998725652694702,0.998893678188324,0.998893678188324,0.0002171991218347,Mahipalpur,Mid-Range,0.5697373458318125,4.5,0.6000567186216358,0.7640488238377664
ChIJ-XvcAPgdDTkRFvBaEfggBoE,ChIJ-XvcAPgdDTkRFvBaEfggBoE,Hotel Clayton,"A 51, Rd Number 5, Airport, Block B, Mahipalpur Village, Mahipalpur, New Delhi",28.5493843,77.1300794,3.7,264.0,Mahipalpur,hotel,,5.0,0.0007325083104659,0.0,1.0,0.0006615590100408,0.0002175717818317,0.5,0.0005765766788195,0.0005842141690663,Mahipalpur,Mid-Range,0.51941600937114,3.7,0.0007325083104659,0.4557881173991697
ChIJ9_YcO0AcDTkR-IevngItAKw,ChIJ9_YcO0AcDTkR-IevngItAKw,Zed Hotel,"A BLOCK, RZ 71A, Rd Number 2, Block B, Mahipalpur Village, Mahipalpur, New Delhi",28.5476595,77.12636789999999,4.6,394.0,Mahipalpur,hotel,,5.0,0.2079452204779954,0.2,0.8,0.000286707712803,0.039154227823019,0.039154227823019,0.0002444569254294,0.0132425477495416,Mahipalpur,Mid-Range,0.5565733613171766,4.6,0.2079452204779954,0.6494420349179656
ChIJ_2COEUEcDTkRRyJOt032yac,ChIJ_2COEUEcDTkRRyJOt032yac,Hotel The Paramont,"Block RZ, Mahipalpur Village, Mahipalpur, New Delhi",28.5496283,77.12937579999999,3.5,332.0,Mahipalpur,hotel,,5.0,0.9998338341712952,1.0,0.0,0.9998538891474406,0.9998141725858052,0.999817192554474,0.9997276663780212,0.9998338341712952,Mahipalpur,Mid-Range,0.5406789016834466,3.5,0.9998338341712952,0.7524797453629357
ChIJJZbBIxcdDTkRWHSDuiBGNDc,ChIJJZbBIxcdDTkRWHSDuiBGNDc,Hotel Delhi 37,"A-147, National Highway, 08 Near, IGI Rd, Mahipalpur, New Delhi",28.5499733,77.1288707,4.4,960.0,Mahipalpur,hotel,,5.0,0.5992420286114793,0.6,0.4,0.0003393814404261,0.996049463748932,0.996049463748932,0.0002892535121645,0.4981693586305482,Mahipalpur,Mid-Range,0.6393384574565729,4.4,0.5992420286114793,0.7652992749110419
ChIJdaJqbSgdDTkRiKTTCgl1KSk,ChIJdaJqbSgdDTkRiKTTCgl1KSk,Hotel The Tark,"A 203 road no 4 lane, Street Number 7, near igi Airport, Mahipalpur, New Delhi",28.5488276,77.1293122,3.8,1422.0,Mahipalpur,hotel,,5.0,0.0004149759246501,0.0,1.0,0.0002135323593392,0.0003127685849903,0.0005186688213143,0.000345847326874,0.0003127685849903,Mahipalpur,Mid-Range,0.6758806952059268,3.8,0.0004149759246501,0.5022595374007224
ChIJ7bfQAnIcDTkR6QuFSvjr3e4,ChIJ7bfQAnIcDTkR6QuFSvjr3e4,"Lemon Tree Hotel, Delhi Airport","Hotel Asset, Lemon Tree, 6, IGI Rd, Aerocity, New Delhi",28.5515877,77.1210468,3.9,3828.0,Aerocity,hotel,,5.0,0.9131070971488952,1.0,0.0,0.8552765250205994,0.8914173990488052,0.5,0.7829855382442474,0.8914215415716171,Other,Mid-Range,0.768024376825155,3.9,0.9131070971488952,0.8263392778146084
ChIJkZedEMjiDDkRUK5PW7ktwd4,ChIJkZedEMjiDDkRUK5PW7ktwd4,Airport Hotel Delhi,"Indira Gandhi International Airport, Terminal 1, Opp, Domestic, Mehram Nagar, New Delhi",28.5653948,77.1227607,3.9,2583.0,Mehram Nagar,hotel,,5.0,0.91400865316391,1.0,0.0,0.9927340745925904,0.91400865316391,0.892562985420227,0.8591726223627726,0.892562985420227,Other,Mid-Range,0.7314154032253312,3.9,0.91400865316391,0.8188403616194884
ChIJzyidtTEdDTkR32S2ajuXbOs,ChIJzyidtTEdDTkR32S2ajuXbOs,Hotel Mayda Residency By Mayda Hospitality Pvt. Ltd.,"A 151, Road, 4, Street No. 9, Mahipalpur, New Delhi",28.5487605,77.1302297,4.3,165.0,Mahipalpur,hotel,,5.0,0.0651255832635797,0.0,1.0,0.0577053599408827,0.0819524086546152,0.0762559182476251,0.0112203592434525,0.0509968747113209,Mahipalpur,Mid-Range,0.4758739902810327,4.3,0.0651255832635797,0.5468317638856247
ChIJpaO1QngdDTkRH43WFRC6rSA,ChIJpaO1QngdDTkRH43WFRC6rSA,Hotel International Inn,"A-78, NH-8, near IGI Road, next to Hotel Star, Block RZ, Mahipalpur Village, Mahipalpur, New Delhi",28.5501005,77.1287997,3.9,2588.0,Mahipalpur,hotel,,5.0,0.3914543989871162,0.4,0.6,0.9943214654922484,0.3208718211390077,0.4810730956523911,0.489218346607231,0.3914543989871162,Mahipalpur,Budget,0.7315953565262725,3.9,0.3914543989871162,0.6521615046738197
ChIJq6qathkdDTkR-mtwPPIV2C8,ChIJq6qathkdDTkR-mtwPPIV2C8,Hotel White & Blue,"A-274 /11, NH-8, Mahipalpur, New Delhi",28.5481051,77.1262544,4.0,107.0,Mahipalpur,hotel,,5.0,0.7749348900513724,0.8,0.2,0.9373981356620787,0.6250719861515487,0.5000415796530432,0.9997950196266174,0.9373981356620787,Mahipalpur,Mid-Range,0.4358587231264387,4.0,0.7749348900513724,0.7248998643326132
ChIJd6srbPEdDTkR7DweAzHQPI4,ChIJd6srbPEdDTkR7DweAzHQPI4,Hotel Sun Plaza,"road no.2, 110037, near JET Airways Godown, Mahipalpur, New Delhi",28.5476349,77.1277523,3.4,172.0,Mahipalpur,hotel,,5.0,0.0004763962933792,0.0,1.0,0.0006710368470521,0.0003086221986449,0.5,0.0006184157876607,0.0005762069874132,Mahipalpur,Mid-Range,0.4797189538951854,3.4,0.0004763962933792,0.4073826952408994
ChIJudcH0C8dDTkRk6QLFST8EMs,ChIJudcH0C8dDTkRk6QLFST8EMs,Olivia Hotels,"A-15/385, Rd Number 2, Block B, Mahipalpur Village, Mahipalpur, New Delhi",28.548383,77.1281807,4.1,1254.0,Mahipalpur,hotel,,5.0,0.5998605292174033,0.6,0.4,0.9988049268722534,0.4998574605997418,0.5,0.50008503634308,0.4998634508665417,Mahipalpur,Mid-Range,0.6641856593413055,4.1,0.5998605292174033,0.730901141958142
ChIJP-z7CgAdDTkR7pLATQ2ZZwQ,ChIJP-z7CgAdDTkR7pLATQ2ZZwQ,Hotel West End @ Delhi Airport,"A - 167, Road No - 04, Block RZ, Mahipalpur Village, Mahipalpur, Delhi, New Delhi",28.5494564,77.13014360000001,4.4,388.0,Delhi,hotel,,5.0,0.0503801984974415,0.0,1.0,0.0010821656323969,0.0819457662291824,0.0816561926282398,0.0030318468998302,0.0023819531440191,Delhi,Mid-Range,0.5551484894132765,4.4,0.0503801984974415,0.5722821043439478
ChIJa40AUI4dDTkR9i55mAwMWqE,ChIJa40AUI4dDTkR9i55mAwMWqE,Hotel Smart Inn Delhi Airport,"8, Road No. 6, Block RZ, Mahipalpur Village, Mahipalpur, New Delhi",28.5500058,77.130347,4.1,304.0,Mahipalpur,hotel,,5.0,0.4020038016373292,0.4,0.6,0.0007350511150434,0.3353325825883075,0.3343443605505551,0.4994345638551749,0.6662421447302525,Mahipalpur,Budget,0.5325027569482707,4.1,0.4020038016373292,0.6397680783411085
ChIJQ3NDXD0dDTkRhr6qseSsSxg,ChIJQ3NDXD0dDTkRhr6qseSsSxg,Hotel Paragon Suites,"NH 8, KH, Plot No.260-A, Road No. 6, Block RZ, Mahipalpur Village, Mahipalpur, New Delhi",28.5505492,77.13135059999999,4.3,538.0,Mahipalpur,hotel,,5.0,0.400369540695101,0.4,0.6,0.5003620932766353,0.667031192414773,0.5,0.000399330368964,0.5006087774527259,Mahipalpur,Mid-Range,0.5855084500159704,4.3,0.400369540695101,0.6771076266242751
ChIJBb3mYrQdDTkRv0Dx43jGpGQ,ChIJBb3mYrQdDTkRv0Dx43jGpGQ,Hotel Urban Tree,"KH-398/2, Rd Number 2, Block A, Mahipalpur Village, Mahipalpur, New Delhi",28.547678,77.1281419,4.6,1125.0,Mahipalpur,hotel,,5.0,0.2066015200573019,0.2,0.8,0.0079844323336146,0.0006865863397251,0.0084881623624823,0.0005973259685561,0.3337523542771426,Mahipalpur,Mid-Range,0.6540887618099113,4.6,0.2066015200573019,0.6697543896785267
ChIJ7Xa0GEEcDTkRE39X-CgUsG0,ChIJ7Xa0GEEcDTkRE39X-CgUsG0,Hotel O Marina,"156, Rd Number 4, Block B, Mahipalpur Extension, Mahipalpur, New Delhi",28.5494057,77.12971979999999,2.9,673.0,Mahipalpur,hotel,,5.0,0.0013167323661036,0.0,1.0,0.0015773999766679,0.5,0.5,0.00200819929402,0.0003159543557558,Mahipalpur,Mid-Range,0.6063153768790331,2.9,0.0013167323661036,0.368110009405266
ChIJd-3rnjD9DDkRh4jC5r1Deec,ChIJd-3rnjD9DDkRh4jC5r1Deec,Hotel The Class,"Hotel The Class NH-8, Mahipalpur, Delhi",28.5498576,77.128537,3.4,405.0,Mahipalpur,hotel,,5.0,0.6001266594947083,0.6,0.4,0.5,0.6669197634328157,0.9997425675392152,0.3337412271600139,0.5002226824835816,Mahipalpur,Mid-Range,0.559130295969598,3.4,0.6001266594947083,0.6155871552336378
ChIJC567cIwdDTkRsrbn8qAY9H4,ChIJC567cIwdDTkRsrbn8qAY9H4,Hotel Eurostar International Delhi Airport -T 3,"A-27/1, Rd Number 1, Block B, Mahipalpur Extension, Mahipalpur, Delhi, New Delhi",28.5465268,77.1270262,4.2,1018.0,Delhi,hotel,,5.0,0.4002268147422,0.4,0.6,0.0003506782231852,0.9998824596405028,0.5002772745792754,0.5,0.500207293771382,Delhi,Mid-Range,0.6447937648239855,4.2,0.4002268147422,0.6763783430029155
ChIJqXNvIZUdDTkR25SLKrXqpcs,ChIJqXNvIZUdDTkR25SLKrXqpcs,Hotel Hsp Suites,"NH 8, near Delhi Airport, Block RZ, Mahipalpur Village, Mahipalpur, New Delhi",28.5501275,77.12996009999999,4.5,2286.0,Mahipalpur,hotel,,5.0,0.9998266458511352,1.0,0.0,0.9998266498247782,0.9998318403959274,0.9998093446095784,0.9997950792312622,0.9998266458511352,Mahipalpur,Mid-Range,0.7200493538036388,4.5,0.9998266458511352,0.9235631448497024
ChIJuWJbafgdDTkRgrD6U1ZCKtc,ChIJuWJbafgdDTkRgrD6U1ZCKtc,Pride Plaza Aerocity,"Asset 5-A, Hospitality District, Indira Gandhi International Airport, Aerocity, New Delhi",28.5528734,77.1230965,4.8,26004.0,Aerocity,hotel,,5.0,0.7999111404933501,0.8,0.2,0.9998062998056412,0.7999111404933501,0.6666063849988859,0.0003305032441858,0.749922393624729,Other,Mid-Range,0.9463551507718048,4.8,0.7999111404933501,0.9477960431516304
ChIJX6pW1UYcDTkRgiws2YCBsJw,ChIJX6pW1UYcDTkRgiws2YCBsJw,Hotel Le Seasons,"8 A, Metro Station, N.H, Rd Number 1, opposite Aerocity, A Block, Block B, Mahipalpur Extension, Mahipalpur, New Delhi",28.5473184,77.1254605,3.9,2251.0,Mahipalpur,hotel,,5.0,0.6130018063529861,0.6,0.4,0.7662025820463896,0.6883181110024451,0.7662025820463896,0.532779600471258,0.6884717320402464,Mahipalpur,Mid-Range,0.7186137036371202,3.9,0.6130018063529861,0.7200834581907963
ChIJB1BnotkdDTkRWrfJkptd0f4,ChIJB1BnotkdDTkRWrfJkptd0f4,The Elevate Hotel,"Kh. 412 , Road No. 4, Street Number 7, Block A, New Delhi",28.5479275,77.1293228,4.2,1130.0,Block A,hotel,,5.0,0.4578946194786112,0.4,0.6,0.0004530811856966,0.0006592178688151,0.0982949273020494,0.293566346168518,0.5721519357102807,Other,Mid-Range,0.6545012118137812,4.2,0.4578946194786112,0.6968415633326793
ChIJG56hgj4cDTkR0kDH_XNxj1Y,ChIJG56hgj4cDTkR0kDH_XNxj1Y,The River Front Hotel,"No 391/1, A 32/C Kharsa, 339/2, Mahipalpur, New Delhi",28.5471851,77.1271214,4.5,154.0,Mahipalpur,hotel,,5.0,0.3997939516324549,0.4,0.6,0.0011491238255984,0.3327053713534647,0.4984163407352752,0.0012957942089996,0.9976816773414612,Mahipalpur,Mid-Range,0.4694915039778556,4.5,0.3997939516324549,0.6788346411200128
ChIJ7VH_h-IdDTkRFNSyL2_D5vs,ChIJ7VH_h-IdDTkRFNSyL2_D5vs,Oyo Hotel Royal Stay,"A 1028/1, Road No. 6, near NH-8, Block RZ, Mahipalpur Village, Mahipalpur, Delhi, New Delhi",28.5512384,77.1315249,3.5,62.0,Delhi,hotel,,5.0,0.0021242280898149,0.0,1.0,0.0011552449238175,0.5,0.0006120579928392,0.0026443251505648,0.0067088594660162,Delhi,Budget,0.3856836393487762,3.5,0.0021242280898149,0.4012010155696213
ChIJC4a0GTAdDTkR08VLCKrqsfs,ChIJC4a0GTAdDTkR08VLCKrqsfs,Hotel Iconic,"A97,Road no4, Street Number 7, adjoining Skynet Courier, Mahipalpur, New Delhi",28.5486646,77.1293012,4.5,563.0,Mahipalpur,hotel,,5.0,0.5997596399975009,0.6,0.4,0.4993788797582965,0.333677930466365,0.99885493516922,0.999664306640625,0.6666801468236372,Mahipalpur,Mid-Range,0.5897290193403213,4.5,0.5997596399975009,0.7682061750328658
ChIJY6PJh2kcDTkRybb5KBGcqIY,ChIJY6PJh2kcDTkRybb5KBGcqIY,Ibis New Delhi Aerocity,"IGI Rd, Aerocity, Ibis, New Delhi, Delhi",28.551431,77.123132,4.5,36151.0,New Delhi,hotel,,5.0,0.9993683457374573,1.0,0.0,0.9992419332265854,0.9992530792951584,0.9990509152412416,0.5,0.9993683457374573,New Delhi,Mid-Range,0.9770229796437616,4.5,0.9993683457374573,0.9780739710757926
ChIJYZ4wOkEcDTkREEowD3Q59Fc,ChIJYZ4wOkEcDTkREEowD3Q59Fc,Hotel Mayank Residency,"A-230, Rd Number 2, near IGI Airport, A Block, Mahipalpur Extension, Mahipalpur, New Delhi",28.5476994,77.1270134,3.3,935.0,Mahipalpur,hotel,,5.0,0.0011428212805185,0.0,1.0,0.0012180007567318,0.0013283233129186,0.5,0.0018568927189335,0.0009061283199116,Mahipalpur,Mid-Range,0.636884709344455,3.3,0.0011428212805185,0.427730260208974
ChIJe4zp0KMdDTkRm90YLrHBVg8,ChIJe4zp0KMdDTkRm90YLrHBVg8,"Taj Palace, New Delhi","2, Sardar Patel Marg, Diplomatic Enclave, Chanakyapuri, New Delhi",28.5950829,77.1709187,4.7,34696.0,Chanakyapuri,hotel,,5.0,0.8355526864528656,0.8,0.2,0.5890664309263229,0.8355526864528656,0.9998817443847656,0.1782505214214325,0.8355526864528656,Other,Luxury,0.9731989390744878,4.7,0.8355526864528656,0.9515833157779958
ChIJUXcJCEEcDTkRoT8BaaFhuUI,ChIJUXcJCEEcDTkRoT8BaaFhuUI,Hotel Stanley - Near Delhi Airport,"RZ 175, Rd Number 4, Block RZ, Mahipalpur Village, Mahipalpur, New Delhi",28.5498118,77.1299222,4.1,1334.0,Mahipalpur,hotel,,5.0,0.798922436038265,0.8,0.2,0.9998183846473694,0.5000784511357778,0.6649934526940342,0.5,0.9985807985067368,Mahipalpur,Mid-Range,0.6699382113285287,4.1,0.798922436038265,0.7956339346450899
ChIJu1A7MTIdDTkRPwUWrLom8yw,ChIJu1A7MTIdDTkRPwUWrLom8yw,Hotel The Glory I,"Street Number 7, Block-A, Plot No.410, Rd Number 4, Block B, Mahipalpur Extension, Mahipalpur, New Delhi",28.54906,77.12931999999999,4.3,426.0,Mahipalpur,hotel,,5.0,0.3112345785601064,0.4,0.6,0.3888400735595495,0.5178672500769608,0.5008429996669291,0.2773589305579662,0.3338183438948665,Mahipalpur,Mid-Range,0.5638248947327972,4.3,0.3112345785601064,0.6440577785812066
ChIJcSOPprgdDTkR02f7jAhRoFE,ChIJcSOPprgdDTkR02f7jAhRoFE,Hotel Trans International(Near Igi Airport),A-59 Road no 4 Mahipalpur Take left turn from Hotel Venus,28.5500921,77.12886290000002,4.1,1570.0,,hotel,,5.0,0.4027151685615536,0.4,0.6,0.0062024006620049,0.5035889318678528,0.5,0.5030286614783108,0.9998584389686584,Other,Mid-Range,0.6850914705503919,4.1,0.4027151685615536,0.6724499139006272
ChIJVVVVVYUbDTkRhQCZRO1qOUE,ChIJVVVVVYUbDTkRhQCZRO1qOUE,Hotel Castle Blue,"No.A-109, Road No-5, Near Hotel Lohias, Mahipalpur Extension, Block RZ, Mahipalpur Village, Mahipalpur, New Delhi",28.5503663,77.129753,3.6,747.0,Mahipalpur,hotel,,5.0,0.7311504509183578,0.8,0.2,0.9998559951782228,0.6639741244580364,0.999853014945984,0.5,0.6639725747372722,Mahipalpur,Mid-Range,0.6160128096547535,3.6,0.7311504509183578,0.6960748707018172
ChIJ7yY1S0AcDTkRZIaCEtrF_-A,ChIJ7yY1S0AcDTkRZIaCEtrF_-A,"Taurus Sarovar Portico Hotel, New Delhi","Igi Airport Road, Gurgaon - Delhi Expy, Mahipalpur Extension, Mahipalpur, New Delhi",28.5487183,77.1271697,3.8,5249.0,Mahipalpur,hotel,,5.0,0.2227020626800367,0.2,0.8,0.500005340007192,0.278324259299552,0.3693954583189527,0.0009452258018427,0.278324259299552,Mahipalpur,Mid-Range,0.7974057937673524,3.8,0.2227020626800367,0.5990264137358772
ChIJFQ0O2UAcDTkRbl1w-7nT3-M,ChIJFQ0O2UAcDTkRbl1w-7nT3-M,Hotel O Ny Plaza,"407 Block A, 9, Rd Number 4, Block RZ, Mahipalpur Extension, Mahipalpur, Delhi, New Delhi",28.549781,77.1302786,3.4,415.0,Delhi,hotel,,5.0,0.0013800842803902,0.0,1.0,0.0009587885579094,0.0004031456483062,0.0012870370410382,0.0003163949586451,0.0007243424479383,Delhi,Mid-Range,0.5613953666841924,3.4,0.0013800842803902,0.4250431870747654
ChIJN4KTK28dDTkRrF7WHMUJV3w,ChIJN4KTK28dDTkRrF7WHMUJV3w,Hotel Shanti Residency,"67 D/1, opposite old Canara Bank, Baba Gangnath Market, Munirka, New Delhi",28.5555074,77.1747402,4.2,221.0,Munirka,hotel,,5.0,0.798909786727745,0.8,0.2,0.996359884738922,0.9984239339828492,0.6654796259050878,0.5000394964881707,0.999165137608846,Other,Mid-Range,0.5029342303533152,4.2,0.798909786727745,0.7734024092085753
ChIJTyIAIiXjDDkR2cdGhralCKc,ChIJTyIAIiXjDDkR2cdGhralCKc,Jrd Exotica || Business Hotel,"A-1/284, A-1/284, Chaudhary Harsukh Marg, Block A 1, Nauroji Nagar, Safdarjung Enclave, New Delhi",28.5669258,77.1993095,4.1,1549.0,Safdarjung Enclave,hotel,,5.0,0.7999258839816321,0.8,0.2,0.500036469034967,0.5,0.99985537926356,0.0001861868950072,0.9998608082532884,Other,Mid-Range,0.6838387210546338,4.1,0.7999258839816321,0.7989106483915159
ChIJVVVVJXjiDDkR8LEuFu326Ss,ChIJVVVVJXjiDDkR8LEuFu326Ss,Hotel Ambica Palace,"A-1/300, Block A 1, Nauroji Nagar, Safdarjung Enclave, New Delhi",28.5686454,77.1991709,3.6,552.0,Safdarjung Enclave,hotel,,5.0,0.2001818459015339,0.2,0.8,0.333484951222393,0.2501724192952679,0.0003023498720721,0.0002474369903211,0.333484951222393,Other,Luxury,0.5878954991017031,3.6,0.2001818459015339,0.5206927856110471
ChIJPRLCi3biDDkRQx5dqErBzrk,ChIJPRLCi3biDDkRQx5dqErBzrk,The Orion - Greater Kailash - 3 Star Hotel In Delhi,"R, Block 53, Hansraj Gupta Rd, Phase 1, Block R, Greater Kailash I, Greater Kailash, New Delhi",28.5484041,77.2416854,4.0,1373.0,Greater Kailash,hotel,,5.0,0.400182916567428,0.4,0.6,0.6667054655748265,0.2502666436703293,0.5001341942843281,0.0003224012762074,0.3336045141040812,Other,Mid-Range,0.6726187233831408,4.0,0.400182916567428,0.6556956777272303
ChIJfQoZ9HbiDDkRSibFdAucTrw,ChIJfQoZ9HbiDDkRSibFdAucTrw,Hotel Corporate Point,"A-2/7, Safdarjung Enclave, Opposite Bhikaiji Cama Place, Near Hyatt Hotel, New Delhi",28.5675105,77.1897017,3.8,637.0,Near Hyatt Hotel,hotel,,5.0,0.7993469983251998,0.8,0.2,0.0002191215316997,0.6666384587539748,0.5,0.0002191215316997,0.7492210008094844,Other,Mid-Range,0.6012055068832813,3.8,0.7993469983251998,0.7412699349970961
ChIJ9Xii03PiDDkRFaoIddnxtns,ChIJ9Xii03PiDDkRFaoIddnxtns,Hotel Park Residency,"D-1, Block D, Green Park, New Delhi",28.5573824,77.2049912,3.6,704.0,Green Park,hotel,,5.0,0.6009136763197602,0.6,0.4,0.9997114837169646,0.6683902281026044,0.9991718530654908,0.3352775916428072,0.6009136763197602,Other,Mid-Range,0.6105014109354725,3.6,0.6009136763197602,0.6533515277363702
ChIJm_hMGRjjDDkRypFWdaJKIic,ChIJm_hMGRjjDDkRypFWdaJKIic,Mauryan Express Hotel @ Hauz Khas Fort,"87/B, Hauz Khas Village, Deer Park, Hauz Khas, New Delhi",28.5532534,77.1950975,4.4,327.0,Hauz Khas,hotel,,5.0,0.0865885667852125,0.0,1.0,0.0500191554698782,0.0005031758337281,0.108074918782222,0.2822422087192535,0.0500191554698782,Other,Mid-Range,0.5392705569158556,4.4,0.0865885667852125,0.580456961543432
ChIJe0aRQU_jDDkRiANhTaAQknI,ChIJe0aRQU_jDDkRiANhTaAQknI,Jagannath B&B Hotel,"G 17/4, South Extension, Part 2, New Delhi",28.5657629,77.2168537,4.0,492.0,Part 2,hotel,,5.0,0.7999796911492012,0.8,0.2,0.7500180210190592,0.9998596906661988,0.999831348657608,0.9998750686645508,0.999841034412384,Other,Mid-Range,0.5772042431608497,4.0,0.7999796911492012,0.7629537322625441
ChIJF7Cpu4YdDTkR64xYubWmXq4,ChIJF7Cpu4YdDTkR64xYubWmXq4,Hotel Veer Palace,"First Floor, B-2/3, Africa Ave, Block B 2, Safdarjung Enclave, New Delhi",28.5627486,77.18903949999999,4.0,452.0,Safdarjung Enclave,hotel,,5.0,0.0002754228771663,0.0,1.0,0.0002754228771663,0.0002492019702913,0.5,0.0002284734000568,0.0002537530090194,Other,Luxury,0.5693272578840848,4.0,0.0002754228771663,0.5061385084070178
ChIJNSFmGzPiDDkRIiHvp6YOd1c,ChIJNSFmGzPiDDkRIiHvp6YOd1c,Amara Hotel,"C-, 30, Hansraj Gupta Rd, Greater Kailash-1, C Block, Greater Kailash I, Greater Kailash, New Delhi",28.5481717,77.238469,4.1,1131.0,Greater Kailash,hotel,,5.0,0.9994658589363098,1.0,0.0,0.999766488869985,0.9998741149902344,0.99900621175766,0.9998451471328736,0.9994658589363098,Other,Mid-Range,0.6545834829756433,4.1,0.9994658589363098,0.8563499781262579
ChIJHZoxKrPjDDkRG6jciOAg1Ic,ChIJHZoxKrPjDDkRG6jciOAg1Ic,Hotel Diplomat Residency,"56, Ring Rd, Block O, Lajpat Nagar III, Lajpat Nagar, New Delhi",28.5652059,77.2408779,4.1,696.0,Lajpat Nagar,hotel,,5.0,0.9997946977615356,1.0,0.0,0.9998204310735068,0.9998251497745514,0.9998336136341096,0.5,0.999798576037089,Other,Mid-Range,0.6094390334867852,4.1,0.9997946977615356,0.8468528863665759
ChIJzUZZUdzjDDkRJKDEesqf9fQ,ChIJzUZZUdzjDDkRJKDEesqf9fQ,Comfy Stay Hotels,"Second floor, C193, Greater Kailash-1, M Block, Greater Kailash I, Greater Kailash, New Delhi",28.549248,77.236779,4.6,510.0,Greater Kailash,hotel,,5.0,0.7995689865900204,0.8,0.2,0.9997642636299132,0.9982690811157228,0.5007151357713154,0.9982361495494844,0.9997971951961516,Other,Budget,0.5805424826164582,4.6,0.7995689865900204,0.8432934080354181
ChIJZSlK1MrjDDkRjZgS3iDnj1w,ChIJZSlK1MrjDDkRjZgS3iDnj1w,Hotel Le Cadre,"E-23, Lala Lajpat Rai Rd, Block E, East of Kailash, New Delhi",28.5552604,77.2424832,3.7,983.0,East of Kailash,hotel,,5.0,0.2020457852166145,0.2,0.8,0.0009319145077217,0.0029457231285049,0.2506608187104575,0.0009319145077217,0.0010740709840319,Other,Mid-Range,0.6415401700731959,3.7,0.2020457852166145,0.5459908699405052
ChIJx62cgXHiDDkRpfnRkuY4q2I,ChIJx62cgXHiDDkRpfnRkuY4q2I,"Hotel Exotica - Hotel In Green Park, New Delhi","E-5, Block E, Green Park Extension, Green Park, New Delhi",28.5591788,77.2031959,4.0,667.0,Green Park,hotel,,5.0,0.781567566934973,0.8,0.2,0.72701055475045,0.636062074607859,0.9768101722002028,0.500226570526138,0.96927014986674,Other,Mid-Range,0.6054829735956193,4.0,0.781567566934973,0.7630942267909268
ChIJO-kFgCXjDDkRp0o0QV0kfuQ,ChIJO-kFgCXjDDkRp0o0QV0kfuQ,Oyo 820080 Green Park Residency,"gate number 4, metro station, 21D/1Block D, near Gurudwara Green park, Green Park, New Delhi",28.5590857,77.205928,2.7,96.0,Green Park,hotel,,5.0,0.2004208471975289,0.2,0.8,0.2004208471975289,0.0015224373200908,0.3334542635226777,0.0002355369312377,0.5006988125969656,Other,Budget,0.4258589922067738,2.7,0.2004208471975289,0.3666636372127832
ChIJo8imMzXjDDkR491FFKkskUk,ChIJo8imMzXjDDkR491FFKkskUk,"The Saga Hotel, Green Park | New Delhi","5, Block W, Arjun Nagar, Green Park, New Delhi",28.5591816,77.2006904,4.1,948.0,Green Park,hotel,,5.0,0.400711186195258,0.4,0.6,0.3345765972238344,0.0007950454601086,0.5,0.0007950454601086,0.400711186195258,Other,Mid-Range,0.6381687271305101,4.1,0.400711186195258,0.6618303180238868
ChIJP8qaCJ_iDDkR0vVkDdWGYSU,ChIJP8qaCJ_iDDkR0vVkDdWGYSU,Samrat Hotel,"Plot No. 50B, Kautilya Marg, Chanakyapuri, New Delhi",28.5964291,77.19762539999999,4.0,7108.0,Chanakyapuri,hotel,,5.0,0.4001607245765626,0.4,0.6,0.9995661079883577,0.3334916495368816,0.3334916495368816,0.5001085374969989,0.3336291343633396,Other,Mid-Range,0.8256244357374625,4.0,0.4001607245765626,0.6882321702646153
ChIJAzdTzS7jDDkRIt7HRR47yfc,ChIJAzdTzS7jDDkRIt7HRR47yfc,Park Inn By Radisson New Delhi Lajpat Nagar,"1&2, Ring Rd, Vikram Vihar, Lajpat Nagar 4, Lajpat Nagar, New Delhi",28.5639251,77.2348657,4.2,3556.0,Lajpat Nagar,hotel,,5.0,0.9996294975280762,1.0,0.0,0.9994957248369852,0.9996294975280762,0.9996660947799684,0.5,0.9998456438382468,Other,Budget,0.761164944108821,4.2,0.9996294975280762,0.8923649923346042
ChIJbYigBcvjDDkRStKjE7MFi4o,ChIJbYigBcvjDDkRStKjE7MFi4o,Jpm White House Bed & Breakfast,"Kailash Colony Metro Station, A-36, Bodofa Upendra Nath Brahma Rd, near New Delhi, Kailash Colony, Block A, East of Kailash, New Delhi",28.5534619,77.242839,4.0,133.0,East of Kailash,hotel,,5.0,0.8001203608699143,0.8,0.2,0.6669550061536332,0.6669897556615373,0.6669862588557104,0.0012909532524645,0.8001203608699143,Other,Mid-Range,0.4559389939601579,4.0,0.8001203608699143,0.737206081710773
ChIJTYaPJtkdDTkRueyL3cN2yXA,ChIJTYaPJtkdDTkRueyL3cN2yXA,Minimalist Poshtel & Suites,"T47, Hauz Khas Village, Deer Park, Hauz Khas, New Delhi",28.5525138,77.19416,4.0,782.0,Hauz Khas,hotel,,5.0,0.400134553614771,0.4,0.6,0.3335426026508988,0.5001063923482434,0.5001137230865424,0.2502187516583944,0.3334896409360226,Other,Mid-Range,0.6202697805803141,4.0,0.400134553614771,0.6445458817090074
ChIJ_5tYXsvjDDkRSqUQm4XD8P0,ChIJ_5tYXsvjDDkRSqUQm4XD8P0,The Orion Express - Kailash Colony,"A-20, near Kailash Colony Metro Station, Kailash Colony, Block A, Greater Kailash, New Delhi",28.5558827,77.2411743,4.3,237.0,Greater Kailash,hotel,,5.0,0.7965474929660559,0.8,0.2,0.5000669872388243,0.9942938884099324,0.9997375309467316,0.9913749992847444,0.9956200271844864,Other,Mid-Range,0.5094126569138612,4.3,0.7965474929660559,0.7873201132640673
ChIJT1_dZwDjDDkRnebfK5pM3Es,ChIJT1_dZwDjDDkRnebfK5pM3Es,South Inn - Green Park South Delhi,"E2, Block F, Green Park Extension, Green Park, New Delhi",28.559006,77.2032565,4.8,345.0,Green Park,hotel,,5.0,0.6000035325065255,0.6,0.4,0.6000035325065255,0.0054752947762608,0.7494768530596048,0.9963549077510834,0.6000035325065255,Other,Budget,0.5442438957223944,4.8,0.6000035325065255,0.7984898624029343
ChIJL0f22DLiDDkR3fcJSE_kmw8,ChIJL0f22DLiDDkR3fcJSE_kmw8,"Fabhotel Cabana - Hotel In Greater Kailash, New Delhi","R23, Greater Kailash-1, Block R, Greater Kailash I, Greater Kailash, New Delhi",28.5480236,77.23970829999999,3.8,890.0,Greater Kailash,hotel,,5.0,0.2709362497553229,0.2,0.8,0.118069654641052,0.4426887572432558,0.3324878860730678,0.0018852725625038,0.2564333665650338,Other,Mid-Range,0.63229807657714,3.8,0.2709362497553229,0.5792975696715997
ChIJn4gzI1ziDDkR9O77oIjkc7E,ChIJn4gzI1ziDDkR9O77oIjkc7E,Skylink Suites,"H, 7, South Extension I, Block H, South Delhi, New Delhi",28.5713537,77.2216006,4.4,240.0,South Delhi,hotel,,5.0,0.7986456483136862,0.8,0.2,0.9995093941688538,0.9979939063390096,0.9992504715919496,0.5,0.5,Other,Mid-Range,0.5105787241053805,4.4,0.7986456483136862,0.8015309780833845
ChIJR-WL4m3iDDkR4jurspZOnwQ,ChIJR-WL4m3iDDkR4jurspZOnwQ,Townhouse Green Park Residency 1,"60,5,2nd Yusuf Sarai, Green Park, New Delhi",28.5592017,77.20588409999999,2.8,132.0,Green Park,hotel,,5.0,0.0027575838612392,0.0,1.0,0.5,0.0023823741357773,0.5,0.0023823741357773,0.0038607633323408,Other,Mid-Range,0.4552416887252435,2.8,0.0027575838612392,0.3231436152441168
ChIJyd-sPQDjDDkRfRiRKD5GJXg,ChIJyd-sPQDjDDkRfRiRKD5GJXg,Hotel Green Galaxy Green Park South Delhi,"G 42, upper ground, opposite Green park market, Block G, Green Park Extension, Green Park, New Delhi",28.5576745,77.2028483,4.8,572.0,Green Park,hotel,,5.0,0.8007533748634159,0.8,0.2,0.6685340536447862,0.5,0.6685340536447862,0.9983291029930116,0.9998356103897096,Other,Mid-Range,0.5912027674861633,4.8,0.8007533748634159,0.8725255629488593
ChIJKfbCnXodDTkRoHUFJ9xu2HQ,ChIJKfbCnXodDTkRoHUFJ9xu2HQ,Hotel Corporate Guest House,"A2, 5, Block A 2, Safdarjung Enclave, New Delhi",28.5679043,77.1897474,4.8,103.0,Safdarjung Enclave,hotel,,5.0,0.9997241497039796,1.0,0.0,0.999729260802269,0.9995122253894806,0.9998544752597808,0.5,0.9997241497039796,Other,Mid-Range,0.4323454830297744,4.8,0.9997241497039796,0.9022175670121844
ChIJdYAAxLTjDDkRRUfNdj8TTyc,ChIJdYAAxLTjDDkRRUfNdj8TTyc,"Nuo By Jüsta, Greater Kailash","C, 22, S Swaran Singh Bhandari Marg, Greater Kailash-1, C Block, Greater Kailash I, Greater Kailash, New Delhi",28.5483207,77.2379942,4.3,656.0,Greater Kailash,hotel,,5.0,0.9996999025344848,1.0,0.0,0.999700963497162,0.9997903307278952,0.9997736215591432,0.5,0.9998515844345092,Other,Mid-Range,0.603937295897043,4.3,0.9996999025344848,0.8722393433236987
ChIJzedOOWzjDDkRHuh3Br0sIZA,ChIJzedOOWzjDDkRHuh3Br0sIZA,Hotel O By Oyo Kanak Palace,"Second Floor, I-95, Afghani Market, Lajpat Nagar II, Lajpat Nagar, New Delhi",28.5706759,77.2426338,4.3,162.0,Lajpat Nagar,hotel,,5.0,0.0009905627288389,0.0,1.0,0.5,0.0004695661191362,0.0003831133362837,0.0011414939751072,0.0003921626193914,Other,Budget,0.474176256655733,4.3,0.0009905627288389,0.5260088525922327
ChIJGwNKtJ_iDDkRzM29RVCaCN8,ChIJGwNKtJ_iDDkRzM29RVCaCN8,The Ashok,"50, Niti Marg, Diplomatic Enclave, Chanakyapuri, New Delhi",28.5970601,77.1958281,4.3,19442.0,Chanakyapuri,hotel,,5.0,0.5863915036432445,0.6,0.4,0.0011320518096908,0.0010569270234554,0.5004740857402794,0.9998759031295776,0.4830204037716612,Other,Mid-Range,0.9192844729487284,4.3,0.5863915036432445,0.8074491210181859
ChIJ0YSsSrcdDTkRPyej8NVwQ3E,ChIJ0YSsSrcdDTkRPyej8NVwQ3E,"Fabhotel Veetara - Hotel In Safdarjung Enclave, New Delhi","A 2, Block A 2, Bhikaji Cama Place, Safdarjung Enclave, New Delhi",28.56695,77.1896,3.2,242.0,Safdarjung Enclave,hotel,,5.0,0.0721386431221617,0.0,1.0,0.0023216334666358,0.3554822504520416,0.5,0.0002838491127476,0.5,Other,Mid-Range,0.5113480657867013,3.2,0.0721386431221617,0.4103864786775744
ChIJBeUtHnTiDDkR4Ubj5utSO8c,ChIJBeUtHnTiDDkR4Ubj5utSO8c,Deer Park Luxury Homestay,"Landmark: Backside of BANK OF BARODA, B-7/103, 1st Floor, Extn, Safdarjung Enclave, New Delhi",28.5588804,77.19904679999999,4.0,202.0,Safdarjung Enclave,hotel,,5.0,0.7994308053341228,0.8,0.2,0.5000161674834089,0.5,0.5,0.0002585345937404,0.9997457265853882,Other,Budget,0.494605354142389,4.0,0.7994308053341228,0.7452102312609865
ChIJAQDARl7iDDkRPMvE7jjAm4s,ChIJAQDARl7iDDkRPMvE7jjAm4s,Red Maple Bed & Breakfast,"49, Amrit Nagar, New Delhi",28.5735364,77.2196364,4.1,342.0,Amrit Nagar,hotel,,5.0,0.7980955759063363,0.8,0.2,0.7476534445304424,0.9998607635498046,0.9998574256896972,0.5,0.6653186148032546,Other,Mid-Range,0.543433239102287,4.1,0.7980955759063363,0.7684631370668961
ChIJ____Qq3jDDkRUN3S8QF_1Ec,ChIJ____Qq3jDDkRUN3S8QF_1Ec,Hotel Amar Inn By Quadis,"K-102, Road, near Central Market, Block K, Lajpat Nagar II, Jal Vihar, New Delhi",28.5669858,77.2464306,4.3,1360.0,Jal Vihar,hotel,,5.0,0.4044362411863403,0.4,0.6,0.0017928707020472,0.5054985266178846,0.5016132518649101,0.0098823944645118,0.4044362411863403,Other,Budget,0.6717337678507843,4.3,0.4044362411863403,0.6967447846150292
ChIJe1-rNqjjDDkR8ByQ3dve4Pc,ChIJe1-rNqjjDDkR8ByQ3dve4Pc,Hotel Kabli,"73, Masjid Rd, Jangpura, Bhogal, New Delhi",28.5797083,77.2494999,4.0,1185.0,Bhogal,hotel,,5.0,0.9985050559043884,1.0,0.0,0.999603033065796,0.999669055143992,0.9977198441823324,0.5,0.999669055143992,Other,Mid-Range,0.6589214981515372,4.0,0.9985050559043884,0.8436726689039077
ChIJzRv4VzfjDDkRuKaA3fPk1zM,ChIJzRv4VzfjDDkRuKaA3fPk1zM,The Grand Orion,"Kailash Colony Metro Station, A-60, near Block A, Kailash Colony, Block A, Greater Kailash, New Delhi",28.5532613,77.2442545,4.3,661.0,Greater Kailash,hotel,,5.0,0.8415400624275208,1.0,0.0,0.7359917362531027,0.7359846631685892,0.8751561443010966,0.7911024689674377,0.8954878151416779,Other,Mid-Range,0.6046430598051954,4.3,0.8415400624275208,0.8219297098345577
ChIJ9z9RjKzjDDkRkqMhtJ2HBNM,ChIJ9z9RjKzjDDkRkqMhtJ2HBNM,Hotel Amby Inn,"M13, Vinoba Puri, Block M, Lajpat Nagar II, Lajpat Nagar, New Delhi",28.5688589,77.2478828,3.9,570.0,Lajpat Nagar,hotel,,5.0,0.9997966527938844,1.0,0.0,0.9995821118354796,0.9997966527938844,0.9997051060199738,0.9995821118354796,0.9998764991760254,Other,Budget,0.5908772782958578,3.9,0.9997966527938844,0.8163186212473736
ChIJRTIaDoXjDDkRo05ATdzGmF4,ChIJRTIaDoXjDDkRo05ATdzGmF4,The Oakland Plaza Hotel Nehru Place,"Cc 27, Block G, Nehru Enclave, Kalkaji, New Delhi",28.5470728,77.2540353,4.0,453.0,Kalkaji,hotel,,5.0,0.4066803981142584,0.4,0.6,0.3337270003685261,0.5000515059946338,0.5008084075525403,0.6664210211116975,0.9998494386672974,Other,Mid-Range,0.5695325276774856,4.0,0.4066803981142584,0.6358427182148169
ChIJ-UnEBH7jDDkRhJaGrJjZF4Y,ChIJ-UnEBH7jDDkRhJaGrJjZF4Y,The Orion Plaza Nehru Place,"CC26, Block G, Nehru Enclave, Kalkaji, New Delhi",28.5469949,77.2537826,4.0,2105.0,Kalkaji,hotel,,5.0,0.7997493761911756,0.8,0.2,0.7498099230397202,0.0001878828479675,0.7497198008168198,0.6666254033868123,0.7997493761911756,Other,Mid-Range,0.7123740520047176,4.0,0.7997493761911756,0.7916302145336565
ChIJ5-z-Hc_jDDkRZyU2Wz8Mae4,ChIJ5-z-Hc_jDDkRZyU2Wz8Mae4,Eros Hotel New Delhi Nehru Place,"EROS HOTEL, Nehru Place, New Delhi",28.5499268,77.2491033,4.3,16045.0,Nehru Place,hotel,,5.0,0.7415858355117961,0.8,0.2,0.5005328871193342,0.6632914885800952,0.5694718107503528,0.001395983970724,0.5731502319298064,Other,Mid-Range,0.9014086677662888,4.3,0.7415858355117961,0.853160646203191
ChIJ93r8-wbjDDkRlf30qg5Q_pM,ChIJ93r8-wbjDDkRlf30qg5Q_pM,Krishna Inn,"24, Jangpura Rd, Bhogal, New Delhi",28.5837356,77.2494822,3.9,515.0,Bhogal,hotel,,5.0,0.2003058679489185,0.2,0.8,0.3336828920000698,0.333667699524085,0.0002779249334707,0.0005954687367192,0.5004001798806711,Other,Budget,0.5814489144479454,3.9,0.2003058679489185,0.5592415370299502
ChIJ51yNUgbjDDkRhRjK5RkEXn4,ChIJ51yNUgbjDDkRhRjK5RkEXn4,"South Delhi Inn - Hotel Near , Hazrat Nizamuddin Railway Station","Phase 2, 87, Dharamvir Mann Marg, Siddhartha Enclave, Hari Nagar Ashram, New Delhi",28.5747495,77.2574412,4.3,557.0,Hari Nagar Ashram,hotel,,5.0,0.4000610900693573,0.4,0.6,0.4999486317828996,0.9997239708900452,0.0008412439492531,0.9973342418670654,0.3336920460181621,Other,Budget,0.5887333968701759,4.3,0.4000610900693573,0.6776951482472252
ChIJifxgusrjDDkRyhoJd8vFkWI,ChIJifxgusrjDDkRyhoJd8vFkWI,Staybook@Southdelhi,"B-14, B Block, East of Kailash, New Delhi",28.5617553,77.2557075,3.2,23.0,East of Kailash,hotel,,5.0,0.1616768283362034,0.2,0.8,0.001451704990662,0.0005495616205735,0.4033994220662862,0.4020839967415668,0.0004800782335223,Other,Budget,0.2958444386389672,3.2,0.1616768283362034,0.3931164090892519
ChIJzaSD0YLjDDkRNdQPGay3_OE,ChIJzaSD0YLjDDkRNdQPGay3_OE,Fabhotel Floyd,"C-19, Amar Colony, Lajpat Nagar IV, New Delhi",28.5628558,77.2434699,3.9,373.0,Lajpat Nagar IV,hotel,,5.0,0.6000518071552505,0.6,0.4,0.0003346174707985,0.999872088432312,0.5,0.9998517036437988,0.7500064256673795,Other,Mid-Range,0.5514878678275444,3.9,0.6000518071552505,0.6804050006970176
ChIJI1C0ziziDDkRKofmqRF3WKE,ChIJI1C0ziziDDkRKofmqRF3WKE,The Athena Hotel,"Villa No. 19, Eastern Ave, Block E, Maharani Bagh, New Friends Colony, New Delhi",28.5718119,77.2660447,3.8,1180.0,New Friends Colony,hotel,,5.0,0.2025984578998759,0.2,0.8,0.5,0.2519483033393043,0.5,0.0060900123789906,0.001281481818296,Other,Mid-Range,0.6585282157178736,3.8,0.2025984578998759,0.563073917821045
ChIJ75mawVXjDDkRgnu3gPfCRjc,ChIJ75mawVXjDDkRgnu3gPfCRjc,Rose Mallow Hotel Pvt. Ltd.,"C-18, NH-19, Block B, Friends Colony East, New Friends Colony, New Delhi",28.5635525,77.2654025,4.4,585.0,New Friends Colony,hotel,,5.0,0.5997713419666979,0.6,0.4,0.0003143444191664,0.6662229885599421,0.999190628528595,0.999190628528595,0.9994182189305624,Other,Mid-Range,0.5932911511469264,4.4,0.5997713419666979,0.7556741098256
ChIJKYv_S8jjDDkRIbrMlfnrKF8,ChIJKYv_S8jjDDkRIbrMlfnrKF8,Hotel Sunrise Ecostay,"30, Sant Nagar, East of Kailash, New Delhi",28.5549735,77.2484445,4.4,103.0,East of Kailash,hotel,,5.0,0.600166951934807,0.6,0.4,0.9996199309825896,0.99937504529953,0.9996426701545716,0.99937504529953,0.9996199309825896,Other,Budget,0.4323454830297744,4.4,0.600166951934807,0.7215679635053741
ChIJz6uJIQfjDDkR3gifjDKqsIQ,ChIJz6uJIQfjDDkR3gifjDKqsIQ,Oyo Tom & Jerry Near Lotus Temple,"16-F, Church Road, Bhogal, Teshil, New Delhi",28.583277,77.247258,3.3,494.0,Teshil,hotel,,5.0,0.0634856325748841,0.0,1.0,0.1578961490595247,0.0004637597012333,0.0003199502534698,0.0008109773916657,0.0004637597012333,Other,Budget,0.5775811255120287,3.3,0.0634856325748841,0.4350066959028758
ChIJm25SwA3kDDkRyLG31HJqNq0,ChIJm25SwA3kDDkRyLG31HJqNq0,Hotel River View,"Bhaskar Compound, B-9, Kalindi Kunj Rd, Abul Fazal Enclave Part 1, Part 1 Abul Fazal Enclave, Block E, Jamia Nagar, Okhla, New Delhi",28.5572348,77.2966881,3.9,1401.0,Okhla,hotel,,5.0,0.5875086800893768,0.6,0.4,0.3336132593685761,0.0006250780425033,0.9994985163211824,0.5,0.0006250780425033,Other,Mid-Range,0.6744966795636074,3.9,0.5875086800893768,0.702566584778771
ChIJx6qqOlDkDDkROn5jLYb6oo4,ChIJx6qqOlDkDDkROn5jLYb6oo4,Hotel Fortune Inn By Aspl,"Admire stays Corporate Office A778, Naveen Nagar, Pocket A, Sector 19, Noida",28.5762027,77.3258199,4.0,538.0,Sector 19,hotel,,5.0,0.2004811052058357,0.2,0.8,0.000590463343542,0.2505041131807957,0.0010385990608483,0.000590463343542,0.2503417317420826,Other,Budget,0.5855084500159704,4.0,0.2004811052058357,0.573454335512003
ChIJAeEer4jkDDkRnvYOsth2r2c,ChIJAeEer4jkDDkRnvYOsth2r2c,"Holiday Inn New Delhi Mayur Vihar Noida, An Ihg Hotel","District Centre, 13A, Mayur Place, Mayur Vihar, New Delhi, Delhi",28.590637,77.298442,4.5,21144.0,New Delhi,hotel,,5.0,0.9998599529266358,1.0,0.0,0.9998602072397867,0.9998564720153807,0.5,0.9998738765716552,0.999857932329178,New Delhi,Budget,0.9270962315197456,4.5,0.9998599529266358,0.9676116376591534
ChIJ335bATblDDkR1WS3B174oYA,ChIJ335bATblDDkR1WS3B174oYA,Bellmont Hotel,"14/1, opp. Botanical Garden Metro Station, Harijan Basti, Arun Vihar, Sector 37, Noida",28.5637971,77.3388143,4.5,1910.0,Sector 37,hotel,,5.0,0.6706170590594411,0.6,0.4,0.667146141640842,0.5883539060596377,0.999874711036682,0.5,0.7502770239952952,Other,Mid-Range,0.7033290967736792,4.5,0.6706170590594411,0.8149749043055063
ChIJ-Q4xA7DlDDkRKbmDpYkiiUA,ChIJ-Q4xA7DlDDkRKbmDpYkiiUA,Hotel Aarkay Palace,"513, C Block, Sector 44, Noida",28.5545706,77.33723069999999,3.9,1009.0,Sector 44,hotel,,5.0,0.7998768091143574,0.8,0.2,0.5000474154803669,0.9997392296791076,0.9997845739126204,0.9997727274894714,0.9997615615526836,Other,Luxury,0.6439679256745925,3.9,0.7998768091143574,0.7638277730839806
ChIJuYjlFNPjDDkRq-G603kqdxU,ChIJuYjlFNPjDDkRq-G603kqdxU,Saltstayz Select,"Plot Num, 77, Sukhdev Vihar, Okhla, New Delhi",28.5560713,77.2708244,4.5,1586.0,Okhla,hotel,,5.0,0.0011843746586236,0.0,1.0,0.0003325925936223,0.0003098254164797,0.001717089752977,0.0018177252204622,0.0003325925936223,Other,Budget,0.686034757290049,4.5,0.0011843746586236,0.5977188557380468
ChIJn8LrfyyvJzoRS4k22Vtcxl0,ChIJn8LrfyyvJzoRS4k22Vtcxl0,Mosaic Hotel Noida,"C-1, C Block, Pocket C, Sector 18, Noida",28.571066,77.3252488,4.1,2967.0,Sector 18,hotel,,5.0,0.9987532496452332,1.0,0.0,0.9997840523719788,0.9980554382006328,0.9997974038124084,0.9945117235183716,0.9987532496452332,Other,Mid-Range,0.7443129726372935,4.1,0.9987532496452332,0.8752076524577949
ChIJmb7NnTHlDDkRlv2WNrp3Wio,ChIJmb7NnTHlDDkRlv2WNrp3Wio,Hotel Future Inn,"Awana Market, Jhundpura, Jhundpura Village, Sector 11, Noida",28.5964614,77.330721,4.6,132.0,Sector 11,hotel,,5.0,0.7998318229394499,0.8,0.2,0.4999137903942027,0.7498905552274664,0.5,0.9997465312480928,0.999732106924057,Other,Budget,0.4552416887252435,4.6,0.7998318229394499,0.8167263930797684
ChIJQRsr9UXlDDkRZm3Cf8qesPk,ChIJQRsr9UXlDDkRZm3Cf8qesPk,Golden Tree Hotel,"Golden Tree, C1/12, C-Block, Sector 31, Noida",28.5814751,77.34342749999999,4.3,558.0,Sector 31,hotel,,5.0,0.6004121539881453,0.6,0.4,0.5,0.7502344357781112,0.5,0.5,0.750059876794694,Other,Mid-Range,0.5889000751843347,4.3,0.6004121539881453,0.7416511488938755
ChIJx_sVdgXlDDkR6EBNphWNsXc,ChIJx_sVdgXlDDkR6EBNphWNsXc,Raj Hotel Vip,"Atta, Atta Market, Nithari, Dadri, Sector 27, Noida",28.5716199,77.3275398,2.7,294.0,Sector 27,hotel,,5.0,0.4078804530727211,0.4,0.6,0.999658703804016,0.5074121850266238,0.500033898410038,0.9992134273052216,0.5152357481420039,Other,Mid-Range,0.5293994757998772,2.7,0.4078804530727211,0.4548746733197292
ChIJqeUQpd3lDDkRAa1qCvUP7Lw,ChIJqeUQpd3lDDkRAa1qCvUP7Lw,Treebo Luxury Stay Premium Inn,"D-9, Block D, Sector 12, Noida",28.5918656,77.33778629999999,4.6,1057.0,Sector 12,hotel,,5.0,0.7997974540689029,0.8,0.2,0.9998685717582704,0.5,0.6664167089426579,0.0003166327369399,0.7497753384086536,Other,Budget,0.6482900859599178,4.6,0.7997974540689029,0.8577758854845094
ChIJuXhKZJPjDDkRWaj_AQQKWGk,ChIJuXhKZJPjDDkRWaj_AQQKWGk,The Suryaa New Delhi,"MMA Rd, New Friends Colony, New Delhi",28.5611468,77.269517,4.3,20004.0,New Friends Colony,hotel,,5.0,0.8002187609905377,0.8,0.2,0.9998199343681335,0.6671983600050831,0.6671645641714955,0.5,0.8002187609905377,Other,Mid-Range,0.9219370796791468,4.3,0.8002187609905377,0.8762333480252001
ChIJSZffIU3kDDkRuDXcAje-AKo,ChIJSZffIU3kDDkRuDXcAje-AKo,Hotel P.K. Residency,"B 2, beside Cambridge Junior School, B Block, Pocket B, Sector 27, Noida",28.573897,77.331199,3.9,1299.0,Sector 27,hotel,,5.0,0.6013942494755611,0.6,0.4,0.5,0.4998685079044663,0.9994448721408844,0.5036873896606265,0.7497382589790504,Other,Mid-Range,0.6674650917017039,3.9,0.6013942494755611,0.7055010900200008
ChIJs4ooMwDjDDkRGtav5_A2V-U,ChIJs4ooMwDjDDkRGtav5_A2V-U,The Meriton,"N.S.I.C, Metro Station, NEHRU PLACE-2, near Okhla, Shambhu Dayal Bagh, Kalkaji, New Delhi",28.5539237,77.2647338,4.5,307.0,Kalkaji,hotel,,5.0,0.624016739660874,0.6,0.4,0.560118705034256,0.624016739660874,0.5000812156358734,0.5,0.5300589523394592,Other,Mid-Range,0.5334139206362926,4.5,0.624016739660874,0.7639672778712322
ChIJMZJZ7_zlDDkRz63Sj2pBYPs,ChIJMZJZ7_zlDDkRz63Sj2pBYPs,Hotel Diamond,"Hotel Diamond 18, opposite pillar no 80, main, Atta Market, Sector 27, Noida",28.5727729,77.3245239,3.2,71.0,Sector 27,hotel,,5.0,0.2013570972630986,0.2,0.8,0.5,0.0049329479224979,0.0049329479224979,0.5000058803343563,0.0006737001094733,Other,Mid-Range,0.3981140517963074,3.2,0.2013570972630986,0.4275283607058563
ChIJYWObOR_lDDkRC3aMeHig0Mw,ChIJYWObOR_lDDkRC3aMeHig0Mw,Iidl Suites,"Plot No 4A, District Centre, Mayur Place, Phase 1, Mayur Vihar, Delhi",28.5942016,77.2990021,4.2,4614.0,Mayur Vihar,hotel,,5.0,0.7998959162505344,0.8,0.2,0.6669502222988134,0.5004931635339744,0.0011447562137618,0.9993127286434174,0.7998959162505344,Other,Mid-Range,0.7854050079358023,4.2,0.7998959162505344,0.8337971906784951
ChIJzyKBJd7lDDkRCBDbrwbxyt0,ChIJzyKBJd7lDDkRCBDbrwbxyt0,Hotel O Sathguru Residency Near New Ashok Nagar Metro Station,"A554, A554, Block A, New Ashok Nagar, Delhi",28.5935763,77.31033020000001,3.4,750.0,New Ashok Nagar,hotel,,5.0,0.0012927546515129,0.0,1.0,0.0008758182520977,0.0034912785049527,0.0004713407543021,0.001684773247689,0.5,Other,Mid-Range,0.6163854178116852,3.4,0.0012927546515129,0.436711442289957
ChIJka2EkL3lDDkRFeu9Eghc8xU,ChIJka2EkL3lDDkRFeu9Eghc8xU,Hotel O Jai Shree Hotel,"plot no-9, Noida, Nithari Village, Sector 31, Noida",28.576995,77.3399461,3.5,20.0,Sector 31,hotel,,5.0,0.5979296806268394,0.6,0.4,0.4939279016107321,0.0020586750470101,0.0035893432796001,0.5,0.6620623238074282,Other,Mid-Range,0.2834140261914359,3.5,0.5979296806268394,0.5695361589223862
ChIJE_C2GxfjDDkR-hXZcO33uF0,ChIJE_C2GxfjDDkR-hXZcO33uF0,Hotel Samrat Residency,"Shashtri Market, 707, Jangpura Rd, near Aggarwal Cement, Bhogal, New Delhi",28.5820083,77.25094659999999,3.9,189.0,Bhogal,hotel,,5.0,0.0007683364878175,0.0,1.0,0.0003607683174777,0.0018678007181733,0.0002433959452901,0.0002380984151386,0.0007813325161502,Other,Mid-Range,0.488444492767926,3.9,0.0007683364878175,0.4757989503700471
ChIJI6js6jjjDDkRfSHTcQtq7WQ,ChIJI6js6jjjDDkRfSHTcQtq7WQ,Classic Hotel Nizamuddin,"gate no 4, Nizamuddin raily station, 135/54 DDA flat, near railway station gate no4, Nizamuddin, Sarai Kale Khan",28.5846633,77.2529911,2.5,52.0,Nizamuddin,hotel,,5.0,0.182100091263419,0.2,0.8,0.0003811753558693,0.9083459973335266,0.9083459973335266,0.0002013774646911,0.0005663359188474,Other,Mid-Range,0.3695937341215708,2.5,0.182100091263419,0.3222642923430797
ChIJqbcp5TjlDDkR7K7kvixY4OI,ChIJqbcp5TjlDDkR7K7kvixY4OI,Treebo Aviraj Inn,"A235, Sector 19 Rd, A Block, Pocket A, Sector 19, Noida",28.5794543,77.3229271,4.6,537.0,Sector 19,hotel,,5.0,0.9971633076667784,1.0,0.0,0.9997015595436096,0.5,0.9998749494552612,0.9997029900550842,0.9998206893603008,Other,Budget,0.5853355812316818,4.6,0.9971633076667784,0.907353907092848
ChIJ7aqq-vTkDDkRgQTJLDQBQlA,ChIJ7aqq-vTkDDkRgQTJLDQBQlA,"Lemon Tree Hotel, Noida","B-40B, Gautam Buddha Nagar, Block B, Sector 1, Noida",28.5889145,77.3139051,4.1,337.0,Sector 1,hotel,,5.0,0.8008810554631054,0.8,0.2,0.9996351599693298,0.9998620748519896,0.999426007270813,0.9998645782470704,0.8008810554631054,Other,Mid-Range,0.5420662569235041,4.1,0.8008810554631054,0.7690610735717069
ChIJPVegOR3lDDkRbWNzyX_u8BM,ChIJPVegOR3lDDkRbWNzyX_u8BM,Ahuja Residency Noida,"C Block, Sector 44, Noida",28.5542644,77.3349963,4.6,306.0,Sector 44,hotel,,5.0,0.9997908115386964,1.0,0.0,0.9995280504226683,0.9997561375300088,0.5,0.5,0.9997908115386964,Other,Mid-Range,0.533111189268394,4.6,0.9997908115386964,0.8970843182719074
ChIJ94OtjosHDTkRNzEsMJsW-jg,ChIJ94OtjosHDTkRNzEsMJsW-jg,Hotel O Om Villa Residency Near Lotus Temple,"B81, Iskcon Temple Road , Garhi, near Bye Church, near ZUDIO Showroom, Sant Nagar, East of Kailash, New Delhi, Delhi",28.5559928,77.2503961,4.3,246.0,New Delhi,hotel,,5.0,0.0004914562014163,0.0,1.0,0.0008261457478511,0.0008977743564173,0.0014722959604114,0.0006572715064975,0.0006095191007867,New Delhi,Mid-Range,0.5128679332392954,4.3,0.0004914562014163,0.5340791481884027
ChIJe6wA2_TjDDkR7Ojp3A0uKiI,ChIJe6wA2_TjDDkR7Ojp3A0uKiI,"Fabhotel Grand Boutique - Hotel In Kailash Colony, New Delhi","A - 56, Kailash Colony, Block A, Greater Kailash, New Delhi",28.5528699,77.2448904,3.2,244.0,Greater Kailash,hotel,,5.0,0.0012488084903451,0.0,1.0,0.0003065807977691,0.0002919450926128,0.5,0.002622682834044,0.0014646318159065,Other,Mid-Range,0.5121111013177606,3.2,0.0012488084903451,0.3879318867631131
ChIJl_cOl7gPDTkR41IRTkO4u-I,ChIJl_cOl7gPDTkR41IRTkO4u-I,Hotel Taj Residency,"Plot No 6, Old Khaira Rd, East Krishna Vihar, New Big Bazar, Krishna vihar, Najafgarh, Delhi",28.6059766,76.972306,4.6,98.0,Najafgarh,hotel,,5.0,0.999224019050598,1.0,0.0,0.99968421459198,0.9998558759689332,0.5,0.5,0.999708354473114,Other,Luxury,0.4277588502624594,4.6,0.999224019050598,0.8744955558496793
ChIJW9lffGEPDTkRKS5A-LwG5AU,ChIJW9lffGEPDTkRKS5A-LwG5AU,Hotel Hr Residency,"Tuda Mandi, Tehsil Rd, near Durga Mata mandir, Sai Baba Encl., Masudabad, Najafgarh, New Delhi, Delhi",28.6190802,76.9936871,4.9,267.0,New Delhi,hotel,,5.0,0.9998383522033693,1.0,0.0,0.999873399734497,0.999863624572754,0.9998797178268432,0.5,0.9998383522033693,New Delhi,Mid-Range,0.5204639357873668,4.9,0.9998383522033693,0.9342898166843884
ChIJaV7NaqEPDTkRd7n9IfLtJik,ChIJaV7NaqEPDTkRd7n9IfLtJik,Hotel O Star Residency,"348/AB, Sai Baba Encl., Guru Nagar, Najafgarh, Delhi",28.6192658,76.99370739999999,4.2,36.0,Najafgarh,hotel,,5.0,0.5999336414330173,0.6,0.4,0.5,0.5,0.5,0.4998859385959804,0.9972558617591858,Other,Mid-Range,0.336139675368766,4.2,0.5999336414330173,0.6744441253491159
ChIJixXicdkPDTkR2UeugUm5oMQ,ChIJixXicdkPDTkR2UeugUm5oMQ,Super Oyo Hotel Ashok Plaza,"4, Najafgarh Rd, Tura Mandi, Najafgarh Extension, Dharampura, Najafgarh, Delhi",28.6124952,76.9903222,4.3,6.0,Najafgarh,hotel,,1.0,0.9992817044258118,1.0,0.0,0.5,0.5,0.5,0.5,0.5,Other,Budget,0.1811444130340956,4.3,0.9992817044258118,0.7821799251997578
ChIJncDqI14PDTkRUyoZNk0tnt8,ChIJncDqI14PDTkRUyoZNk0tnt8,All In One Hotel & Restaurant,"Old Roshanpura, Todarmal Colony, Najafgarh, New Delhi, Delhi",28.6054003,76.9866917,4.5,97.0,New Delhi,hotel,,5.0,0.7984682339592837,0.8,0.2,0.992884397506714,0.0002558917622081,0.997453490893046,0.5,0.7498641930724261,New Delhi,Mid-Range,0.4268137678954004,4.5,0.7984682339592837,0.7969514223029549
ChIJ0cF1deEPDTkRDLaGNJL-R4M,ChIJ0cF1deEPDTkRDLaGNJL-R4M,New Code Live Del5215,"Reliance Digital, 579, Shivaji Marg, Tura Mandi, Dharampura, Najafgarh, Delhi",28.612351,76.99037299999999,5.0,2.0,Najafgarh,hotel,,1.0,0.99946528673172,1.0,0.0,0.5,0.5,0.5,0.5,0.5,Other,Mid-Range,0.1022696131573402,5.0,0.99946528673172,0.8585163360415172
ChIJicRbzksFDTkR6DUl_93l5Uk,ChIJicRbzksFDTkR6DUl_93l5Uk,Southwest Inn,"Building no 90, Block B -10, 4, Sector 13 Main Rd, opposite Radisson Gate, New Delhi",28.5973795,77.0357689,4.1,1265.0,opposite Radisson Gate,hotel,,5.0,0.6011000703903846,0.6,0.4,0.6683804118074477,0.0007247314206324,0.7511939051328227,0.3353600421105511,0.7498711790976813,Other,Budget,0.6649980309779907,4.1,0.6011000703903846,0.7314693960551824
ChIJq8lvdiIFDTkRB74NMBwT_Vk,ChIJq8lvdiIFDTkRB74NMBwT_Vk,Hotel O By Oyo Nawada Metro,"Metro Pillar No. 739, New 1159, Amar Enclave, 6, 74, Mohan Garden, Uttam Nagar, Delhi",28.6202885,77.0431292,3.0,803.0,Uttam Nagar,hotel,,5.0,0.0005847170919877,0.0,1.0,0.0003939246962544,0.0005019449017708,0.5,0.0002086439708363,0.0003939246962544,Other,Budget,0.6227335489447071,3.0,0.0005847170919877,0.3846619775961608
ChIJczB9bWwFDTkRpHg0nEMBI0M,ChIJczB9bWwFDTkRpHg0nEMBI0M,Hotel Dwarka Inn,"A-4, Plot No, near Pillar No 801, Nishat Park, Sector 15 Dwarka, Kakrola, New Delhi, Delhi",28.6188981,77.027096,4.1,71.0,New Delhi,hotel,,5.0,0.5992009890731425,0.6,0.4,0.5,0.9939735531806946,0.5,0.0020648490171879,0.5003773178905249,New Delhi,Budget,0.3981140517963074,4.1,0.5992009890731425,0.6740985803613804
ChIJM8VeA8kbDTkRx4Flhzxppg4,ChIJM8VeA8kbDTkRx4Flhzxppg4,The New Moon,"Plot no 44, 10, Pocket B, Sector 13, Dwarka, NEW DELHI",28.5994925,77.0357,4.5,130.0,Dwarka,hotel,,5.0,0.8058864708989859,0.8,0.2,0.9997430145740508,0.5,0.5,0.5,0.9998333752155304,Dwarka,Mid-Range,0.4538312100203575,4.5,0.8058864708989859,0.8050646356840528
ChIJ0_y8CMkaDTkRQfaV0zBk2QE,ChIJ0_y8CMkaDTkRQfaV0zBk2QE,Hotel Shhaurya,"Plot no 16, near Iskon temple, Sector 13, Dwarka, New Delhi, Delhi",28.5981626,77.03661269999999,4.0,1003.0,New Delhi,hotel,,5.0,0.5889515927119646,0.6,0.4,0.5000878954451764,0.5020834845490753,0.9997566938400269,0.9404152035713196,0.9997275471687316,New Delhi,Mid-Range,0.6434132677461541,4.0,0.5889515927119646,0.7097090914438173
ChIJDVaYpxcFDTkRC2JgbXYnzpA,ChIJDVaYpxcFDTkRC2JgbXYnzpA,Hotel O Ethereal Inn,"F, 1/34, Block L, Mohan Garden, Uttam Nagar, Delhi",28.6262265,77.0392945,3.3,76.0,Uttam Nagar,hotel,,5.0,0.0011501354660139,0.0,1.0,0.5,0.0006428555352613,0.0032897149212658,0.0013324300525709,0.0003039356670342,Other,Budget,0.4043640369818747,3.3,0.0011501354660139,0.3782765747787161
ChIJi6djbFgaDTkRSlSm1pL_cEI,ChIJi6djbFgaDTkRSlSm1pL_cEI,Green Lotus Residency,"Plot no 91, near Radisson Blu, Sector 13, Dwarka, New Delhi, Delhi",28.5974538,77.03563989999999,3.8,850.0,New Delhi,hotel,,5.0,0.7998963775695301,0.8,0.2,0.9998710950215658,0.9996919631958008,0.6665852371952496,0.9998660087585448,0.6667643690210147,New Delhi,Mid-Range,0.6280222474351204,3.8,0.7998963775695301,0.747149001064607
ChIJTUFs_sgPDTkRRTNBP_KT_dg,ChIJTUFs_sgPDTkRRTNBP_KT_dg,Samar Hotel,"METRO PILLER NO :68, PLOT NO :76, 77, near NANGLI METRO, Ranaji Enclave, Najafgarh, Delhi",28.616001,77.00874069999999,5.0,5.0,Najafgarh,hotel,,4.0,0.9987106323242188,1.0,0.0,0.9998618364334106,0.9998648762702942,0.5,0.5,0.9998679161071776,Other,Mid-Range,0.1667945549845492,5.0,0.9987106323242188,0.8719997111368025
ChIJXR3J6cQFDTkRjbqqOTC2dls,ChIJXR3J6cQFDTkRjbqqOTC2dls,Imperial Residency,"Metro Pillar No. 817, Plot No. 55, Hari Vihar, Sector 16A, Dwarka, New Delhi, Delhi",28.6180961,77.0236781,4.3,12.0,New Delhi,hotel,,,,,,,,,,,New Delhi,Mid-Range,0.2387706575481475,4.3,0.5,0.6351445533444129
ChIJRUCw2qIFDTkR48WVAJkMcjM,ChIJRUCw2qIFDTkR48WVAJkMcjM,Hotel O By Oyo S J Residency,"61/62-ABlock, A, near pillar no- 753, Gulab Bhag, Block D, Mansa Ram Park, Uttam Nagar, Delhi",28.6200913,77.0394168,2.3,51.0,Uttam Nagar,hotel,,5.0,0.0004774768254719,0.0,1.0,0.0005421731135962,0.0006876959523651,0.0005318667390383,0.0002579090360086,0.0003276937447177,Other,Budget,0.3678205412025655,2.3,0.0004774768254719,0.2373548757738427
ChIJz5hJI3IPDTkR00N5NdACfRs,ChIJz5hJI3IPDTkR00N5NdACfRs,Magnet Residency,"gate no 2, metro pillor, no 64, near nangli metro station, Ranaji Enclave, Najafgarh, New Delhi",28.616849,77.00967039999999,4.8,267.0,Najafgarh,hotel,,5.0,0.7995826292491983,0.8,0.2,0.7995826292491983,0.5,0.9993966668844224,0.5,0.500035238379496,Other,Mid-Range,0.5204639357873668,4.8,0.7995826292491983,0.8571062387580706
ChIJfRu5zIwFDTkR4eaDE_lLUMs,ChIJfRu5zIwFDTkR4eaDE_lLUMs,Hotel O Devika Inn,"31, 34Sewak Park, A Extension, Rama Park, Block A, Bhagwati Garden, Nawada, Delhi",28.6203379,77.0376461,4.0,61.0,Nawada,hotel,,5.0,0.2000598372105741,0.2,0.8,0.5,0.2000598372105741,0.5,0.0005636638379655,0.0017293145647272,Other,Budget,0.3841941705554954,4.0,0.2000598372105741,0.5305013624323375
ChIJyxiabjIFDTkRnY9RAXKGWzU,ChIJyxiabjIFDTkRnY9RAXKGWzU,Hotel O D Plaza,"Plot No 306-307, Old Palam Rd, Tara Nagar, Dwarka, Delhi",28.6131945,77.0297272,2.5,8.0,Dwarka,hotel,,1.0,0.000440219999291,0.0,1.0,0.5,0.000440219999291,0.5,0.5,0.000440219999291,Dwarka,Mid-Range,0.2045392263146805,2.5,0.000440219999291,0.2292007392947048
ChIJPwc231QFDTkR8Y5XU62U7R4,ChIJPwc231QFDTkR8Y5XU62U7R4,Hotel O By Oyo Grand Luxury,"A2/202 Dugal Tara nagar , kakrola, south west, New Delhi, Delhi",28.6191638,76.9938758,5.0,2.0,New Delhi,hotel,,,,,,,,,,,New Delhi,Budget,0.1022696131573402,5.0,0.5,0.6991655709454542
ChIJFT23yP8bDTkRm65IVfSQIsk,ChIJFT23yP8bDTkRm65IVfSQIsk,Hideaway Bed And Breakfast,"34, Pocket C, Sector 17 Dwarka, Dwarka, Delhi",28.5898353,77.0311731,4.5,135.0,Dwarka,hotel,,5.0,0.999534523487091,1.0,0.0,0.9997103214263916,0.9995724260807036,0.5,0.9998766183853148,0.9997103214263916,Dwarka,Mid-Range,0.4573181275341834,4.5,0.999534523487091,0.8675882881138852
ChIJEZfQ9zQbDTkRxsEoCNGPATA,ChIJEZfQ9zQbDTkRxsEoCNGPATA,Mira International,"HOTEL MIRA INTERNATIONAL, PLOT NO. 103, opp. RILAIENS CENTER MALL, near RELIANCE MALL, POCKET-10, Sector 13, Dwarka, New Delhi, Delhi",28.598333,77.034514,3.8,72.0,New Delhi,hotel,,5.0,0.799611108348472,0.8,0.2,0.9994784593582152,0.9997164607048036,0.9995577931404114,0.6664169113597987,0.7495753229231923,New Delhi,Mid-Range,0.3993980695823625,3.8,0.799611108348472,0.6984307345065396
ChIJQRp7XsQFDTkRlE3NHxaGmWY,ChIJQRp7XsQFDTkRlE3NHxaGmWY,Oyo Flagship Blue Moon Residency,"Pillar No.744, Metro Station Nawada, 1, C-1, 19A, Mohan Garden, New Delhi, Delhi",28.6206383,77.0417015,4.1,16.0,New Delhi,hotel,,5.0,0.7992123657255433,0.8,0.2,0.9978468120098114,0.5,0.9970122575759888,0.9970122575759888,0.7490512497461168,New Delhi,Budget,0.2637433020525564,4.1,0.7992123657255433,0.7093307480004167
ChIJf71eU6wFDTkRg91tr_Fx31Y,ChIJf71eU6wFDTkRg91tr_Fx31Y,Hotel O By Oyo R S Residency,"metro station, Laal Building School, Shop no WZ,55, Chand nagar, Subhash Nagar, Delhi",28.6202633,77.0333938,2.3,15.0,Subhash Nagar,hotel,,5.0,0.0007336654496611,0.0,1.0,0.0007336654496611,0.0009356023801955,0.5,0.0006539232805758,0.0013704075245186,Other,Budget,0.2580997673088359,2.3,0.0007336654496611,0.2140995345788683
ChIJR3a0cswFDTkR9VOW8hki9K4,ChIJR3a0cswFDTkR9VOW8hki9K4,Super Oyo Flagship Satguru Residency Dwarka,"Metro Pillars no 799, near R S Dhaba, Dwarka Mor, Block A, Sewak Park, Dwarka, Delhi",28.6191229,77.0328093,3.1,169.0,Dwarka,hotel,,5.0,0.2858849392912815,0.2,0.8,0.1427874965496205,0.9998670816421508,0.5,0.5,0.0003344472206663,Dwarka,Budget,0.4780905191293346,3.1,0.2858849392912815,0.4582135134082471
ChIJ7UGbOM8aDTkRyL55gyT-jpg,ChIJ7UGbOM8aDTkRyL55gyT-jpg,Home Stay Dwarka & Hotel Tanish Regency,"21, Block A, Sector 12 Dwarka, Dwarka, Delhi",28.5959813,77.0407463,3.6,76.0,Dwarka,hotel,,5.0,0.2041825135704129,0.2,0.8,0.2041825135704129,0.0002484438591636,0.000524915929418,0.0140013881027698,0.0063232500106096,Dwarka,Budget,0.4043640369818747,3.6,0.2041825135704129,0.4829329179037074
ChIJuU4UWSEFDTkR_sveAJgD2-g,ChIJuU4UWSEFDTkR_sveAJgD2-g,Hotel O By Oyo Small Town,"Block C, Sewak Park, Uttam Nagar, Delhi",28.6201056,77.0388368,4.5,2.0,Uttam Nagar,hotel,,1.0,0.9886434674263,1.0,0.0,0.5,0.5,0.5,0.5,0.5,Other,Budget,0.1022696131573402,4.5,0.9886434674263,0.7885964793959284
ChIJOTDUK3wFDTkR_mzMfRGI7jI,ChIJOTDUK3wFDTkR_mzMfRGI7jI,Hotel O Peak Inn,"Baba Haridas Chowk, Plot No- 87,88,89, 55Futa Road Gali no 36, Vipin Garden Extension Rd, Delhi",28.6305258,77.0255815,3.7,136.0,Vipin Garden Extension Rd,hotel,,5.0,0.2127074041898595,0.2,0.8,0.0023798114852979,0.002709359396249,0.0587345734238624,0.002709359396249,0.353538877563551,Other,Budget,0.4580001072406909,3.7,0.2127074041898595,0.5103543009448623
ChIJfbu6VMgaDTkREnaExmD70RM,ChIJfbu6VMgaDTkREnaExmD70RM,Apple Tree Residency,"Plot No: 88, Sector 13, Dwarka, New Delhi, Delhi",28.59726,77.03596,3.9,99.0,New Delhi,hotel,,5.0,0.5998805687879212,0.6,0.4,0.9998080134391784,0.7496416361100273,0.5,0.5,0.0002089504268951,New Delhi,Mid-Range,0.4286944341535564,3.9,0.5998805687879212,0.6542328007158452
ChIJhe3AYQAbDTkRNLVRMwA8VFI,ChIJhe3AYQAbDTkRNLVRMwA8VFI,Hotel La Wisteria,"Hotel Green Lotus La Wisteria, Parmanand Colony, Pocket 8, Block B, Sector 12 Dwarka, Dwarka, New Delhi, Delhi",28.5950566,77.0415014,3.0,2.0,New Delhi,hotel,,1.0,0.000429037871072,0.0,1.0,0.5,0.5,0.5,0.5,0.000429037871072,New Delhi,Mid-Range,0.1022696131573402,3.0,0.000429037871072,0.2739121550942994
ChIJzYWKVtgEDTkREkjqjzN6nas,ChIJzYWKVtgEDTkREkjqjzN6nas,All In One,"A-73 Opposit Pillar No, Matro Station 821, Dwarka, New Delhi",28.6172534,77.02315089999999,4.1,38.0,Dwarka,hotel,,5.0,0.5946531977970153,0.6,0.4,0.0063203359022736,0.0063203359022736,0.9822570085525512,0.5,0.0044367826776578,Dwarka,Mid-Range,0.3410402707054878,4.1,0.5946531977970153,0.6605083242972141
ChIJgWst_o4FDTkREBbjHgEZyow,ChIJgWst_o4FDTkREBbjHgEZyow,Garvik Stay,"Plot no. 25, Gali Number 3, Dwarka Mor, Patel Garden, Sector 15 Dwarka, Kakrola, New delhi, Delhi",28.6156922,77.02893689999999,4.7,63.0,New delhi,hotel,,5.0,0.9998437285423278,1.0,0.0,0.999838188290596,0.9998664855957032,0.9997860789299012,0.5,0.9998394697904588,Other,Budget,0.3871496509632538,4.7,0.9998437285423278,0.8793493367620613
ChIJyYjLxBEFDTkROW8FHNZ98FM,ChIJyYjLxBEFDTkROW8FHNZ98FM,Hotel Raas Near Nawada Metro Station,"Pillar No 743, near Nawada Metro station, Block D, Mansa Ram Park, Uttam Nagar, Delhi",28.6202459,77.042157,3.6,27.0,Uttam Nagar,hotel,,5.0,0.6032585434848443,0.6,0.4,0.5,0.5,0.5,0.5,0.999854564666748,Other,Mid-Range,0.3101942966885136,3.6,0.6032585434848443,0.5902257742419941
ChIJKREHk7IbDTkRqiqzifn1WX8,ChIJKREHk7IbDTkRqiqzifn1WX8,Msk Residency,"Plot No 4, opposite CNG Station, Block A, Sector 12 Dwarka, Dwarka, New Delhi, Delhi",28.5972256,77.04230290000001,4.2,67.0,New Delhi,hotel,,5.0,0.999774980545044,1.0,0.0,0.9997346699237823,0.5,0.9997346699237823,0.5,0.999774980545044,New Delhi,Mid-Range,0.3927931857069744,4.2,0.999774980545044,0.8140605217277755
ChIJ1cHW68oFDTkREy5Oee6PIYA,ChIJ1cHW68oFDTkREy5Oee6PIYA,Hotel Blossom Inn,"A39, Khasra no 6, 13/9, Nishat Park, Sector 15 Dwarka, Nawada, Dwarka, Delhi",28.6174185,77.0264322,3.4,5.0,Dwarka,hotel,,4.0,0.500126092309074,0.5,0.5,0.5,0.5,0.0004443742509465,0.000304254819639,0.5,Dwarka,Budget,0.1667945549845492,3.4,0.500126092309074,0.5002347932405273
ChIJw88JQH8bDTkRQidfQEiNIMY,ChIJw88JQH8bDTkRQidfQEiNIMY,Super Hotel O Goyla Dairy Formerly Osho Inn,"Khasra No-6/24, Common Area, Plot No-10, PH 1, Qutub Vihar I, Block A, Goyla Dairy, Qutub Vihar, Delhi",28.5781397,77.0269429,4.2,139.0,Qutub Vihar,hotel,,5.0,0.5994333253067452,0.6,0.4,0.6656401432798399,0.4994853882526512,0.9982970058918,0.9997864365577698,0.6661097307029801,Other,Budget,0.4600165719380828,4.2,0.5994333253067452,0.7006325180576009
ChIJmdMbDOMFDTkRLZQSShdTEFw,ChIJmdMbDOMFDTkRLZQSShdTEFw,Oyo Hotel Vihaan Regency,"C -22, 1, 739Shivaji Marg, near METRO PILLAR NO, Mohan Garden, Block D, Mansa Ram Park, Nawada, Delhi",28.6206364,77.0423859,3.5,17.0,Nawada,hotel,,5.0,0.5982524972874671,0.6,0.4,0.660292632644996,0.5,0.999847412109375,0.5,0.9998459815979004,Other,Budget,0.2690641681418895,3.5,0.5982524972874671,0.5665870060381247
ChIJKcrWLgAFDTkRlrckv8iYjfw,ChIJKcrWLgAFDTkRlrckv8iYjfw,Hotel Satguru In,"J28M+2MC, Block D, Sewak Park, Dwarka, Delhi",28.6150725,77.03413760000001,,,Dwarka,hotel,,,,,,,,,,,Dwarka,Mid-Range,0.0,4.07404718693285,0.5,0.5543222758742095
ChIJs6KqbUwFDTkRsT_CP-hoENs,ChIJs6KqbUwFDTkRsT_CP-hoENs,Oyo Grand Hotel Near Dwarka Metro Station,"36 B, Suraj Vihar, Dwarka, Delhi",28.6130067,77.0296669,2.8,55.0,Dwarka,hotel,,5.0,0.3995248599443585,0.4,0.6,0.4971177319821436,0.5,0.5,0.0005107725737615,0.3334128703572787,Dwarka,Budget,0.3747192385157226,2.8,0.3995248599443585,0.4326025928662402
ChIJN9BQGOwbDTkRiigfGvmr8Yo,ChIJN9BQGOwbDTkRiigfGvmr8Yo,Hotel Yuvraj,"28, kh no. 8, Left from hariyana medicos, 23, near ram Mandir, Block E, Block A, Qutub Vihar Phase 2, Goyla Village, Delhi",28.5784156,77.01943229999999,3.8,94.0,Goyla Village,hotel,,5.0,0.5995289919403148,0.6,0.4,0.5005568669876084,0.333767115676892,0.5,0.5,0.7488050851934531,Other,Mid-Range,0.423919550940717,3.8,0.5995289919403148,0.6398115913969791
ChIJv1PxxrsFDTkRYvU1JXgaRds,ChIJv1PxxrsFDTkRYvU1JXgaRds,Hotel Prithvi Residency,"Diwan Estate, Metro station, B-7, Bhagwati Garden Rd, Dwarka Mor, Roshan Garden, Bhagwati Garden, Nawada, Delhi",28.6201117,77.0326355,3.4,17.0,Nawada,hotel,,5.0,0.2021764591452665,0.2,0.8,0.5,0.0044581205584108,0.0021573370613623,0.0021964099141768,0.0041081910021603,Other,Mid-Range,0.2690641681418895,3.4,0.2021764591452665,0.4269283815460072
ChIJ97ryQcUaDTkRMRQ3U8RDauM,ChIJ97ryQcUaDTkRMRQ3U8RDauM,Krishna Residency,"Plot - 2, Sector - 12 B Opp. Metro Station Sector-12, Dwarka, Delhi",28.5940024,77.0418862,3.3,314.0,Dwarka,hotel,,5.0,0.4006056963000446,0.4,0.6,0.5,0.0011837976829458,0.5010097187478095,0.5,0.6672375309281051,Dwarka,Mid-Range,0.5355059145983454,3.3,0.4006056963000446,0.533613205754633
ChIJeZFe5kcPDTkRrhgPmHzFA_A,ChIJeZFe5kcPDTkRrhgPmHzFA_A,Oyo Hotel Silver Stone,"c Kh-164, Sai Baba Mandir, Plot A/3-c Kh-164 Plot A/3, Masudabad, Najafgarh, Delhi",28.613917,77.0003646,4.2,18.0,Najafgarh,hotel,,5.0,0.6010516438516789,0.6,0.4,0.5023796055465937,0.5,0.5,0.5,0.5,Other,Budget,0.2740972756911478,4.2,0.6010516438516789,0.6616046984641778
ChIJRRAaARsbDTkRAOMdB2wOkw4,ChIJRRAaARsbDTkRAOMdB2wOkw4,Fabexpress Aerosky Deluxe,"C8, 64, Pocket C, Sector 17 Dwarka, Dwarka, New Delhi, Delhi",28.591502,77.030345,3.6,152.0,New Delhi,hotel,,5.0,0.2103076833358499,0.2,0.8,0.5,0.0129161946315434,0.3503225221065804,0.5,0.3334814961708616,New Delhi,Mid-Range,0.4682825283672369,3.6,0.2103076833358499,0.4984822617696532
ChIJbVCvAvAFDTkRlzr9tZeOr3c,ChIJbVCvAvAFDTkRlzr9tZeOr3c,Hotel O S. Gambhir Hotel,"B3 & B8, near Metro Pillar No.764, Block C, Rama Park, Nawada, Delhi",28.619984,77.036374,3.0,194.0,Nawada,hotel,,5.0,0.3653872353257611,0.4,0.6,0.3653872353257611,0.5,0.5,0.0003961423644795,0.3002226853083508,Other,Mid-Range,0.490862545955057,3.0,0.3653872353257611,0.4730012437701574
ChIJb681I4YbDTkRsQz7dBn9LQM,ChIJb681I4YbDTkRsQz7dBn9LQM,Jaiminis Landmark,"Pkt-10 , Plot -86, Block - B, Sector 13, New Delhi",28.5971048,77.0361539,4.2,240.0,Sector 13,hotel,,5.0,0.3945076905452879,0.4,0.6,0.5,0.5,0.5,0.5,0.0108163692493689,Other,Mid-Range,0.5105787241053805,4.2,0.3945076905452879,0.6460068100121193
ChIJlzKkDmkFDTkR741uQY0UNgg,ChIJlzKkDmkFDTkR741uQY0UNgg,Grand Vitara Hotel Dwarka,"333, Gali Number 40, Vipin Garden Extension, Vipin Garden, Nawada, Delhi",28.6233634,77.0260401,4.0,21.0,Nawada,hotel,,5.0,0.6076597469393163,0.6,0.4,0.5,0.9998821020126344,0.5,0.0006307822186499,0.5,Other,Mid-Range,0.2877445657749879,4.0,0.6076597469393163,0.6400287844806973
ChIJNU3GbwAFDTkRd1SNKICWQos,ChIJNU3GbwAFDTkRd1SNKICWQos,Hotel Rs Residency,"J29M+73Q, Gali No. 6A, Dwarka Mor, Block D, Bhagwati Garden, Nawada, Delhi",28.6182181,77.0327239,4.8,15.0,Nawada,hotel,,3.0,0.99966828028361,1.0,0.0,0.999570369720459,0.5,0.9998449087142944,0.9998449087142944,0.9998449087142944,Other,Mid-Range,0.2580997673088359,4.8,0.99966828028361,0.8651385238766185
ChIJn9xREaAFDTkR6WxojxfAHQ4,ChIJn9xREaAFDTkR6WxojxfAHQ4,Collection O Dwarka Metro Station Formerly Jps Green,"B 2/314, Tara nagar, near Vegas Mall, Sector 15 Dwarka, Dwarka, Delhi",28.6136518,77.0288156,2.7,234.0,Dwarka,hotel,,5.0,0.0004281217465176,0.0,1.0,0.0005128752576031,0.0009392375941388,0.5,0.5,0.0005123767574938,Dwarka,Mid-Range,0.5082317977781322,2.7,0.0004281217465176,0.3203777096395763
ChIJj8YORkcFDTkR94RXl2cn8tE,ChIJj8YORkcFDTkR94RXl2cn8tE,Hotel O Silent Moon Hotel,"F Block, F-1/33 F, F-1, Mohan Garden, Delhi",28.6264558,77.03983579999999,4.4,5.0,Mohan Garden,hotel,,1.0,0.0088605703786015,0.0,1.0,0.5,0.5,0.5,0.5,0.5,Other,Mid-Range,0.1667945549845492,4.4,0.0088605703786015,0.4764345713284829
ChIJjayGAQAFDTkR_tXrPD-6ou8,ChIJjayGAQAFDTkR_tXrPD-6ou8,Royal Mini Guest House Dwark,"B, 2/314, Duggal Farm, Raju Enclave, Sector 15 Dwarka, Kakrola, Delhi",28.6137281,77.02888779999999,4.8,22.0,Kakrola,hotel,,5.0,0.8003521122969687,0.8,0.2,0.9998242259025574,0.9996963739395142,0.5,0.0029459786601364,0.999748686949412,Other,Mid-Range,0.2918825720663544,4.8,0.8003521122969687,0.808733589593999
ChIJd5cZPc8aDTkRE1xpc6mQ0Sg,ChIJd5cZPc8aDTkRE1xpc6mQ0Sg,Oyo Hotel Golden Tree Near Dwarka Sector 12 Metro Station,"Golden Tree 36, School Sector12A, near bal bharti, Dwarka, Delhi",28.5955261,77.03994000000002,2.9,310.0,Dwarka,hotel,,5.0,0.006744612098555,0.0,1.0,0.0005089055969922,0.0002033327327808,0.0007747145136818,0.0002033327327808,0.0110596632002852,Dwarka,Budget,0.5343162522271295,2.9,0.006744612098555,0.3545278704158016
ChIJqQ3x2j0FDTkRHNMbO1tpnwo,ChIJqQ3x2j0FDTkRHNMbO1tpnwo,Hyatt Centric Janakpuri New Delhi,"Janakpuri District Center, Janakpuri, New Delhi, Delhi",28.6288785,77.0785077,3.9,13328.0,New Delhi,hotel,,5.0,0.8023248801007867,0.8,0.2,0.6707436060532928,0.8023248801007867,0.6706855908657113,0.0131967114284634,0.8023248801007867,New Delhi,Luxury,0.8841388796974032,3.9,0.8023248801007867,0.8156920090801625
ChIJQYncXHQFDTkRJ6acaW9_9Cs,ChIJQYncXHQFDTkRJ6acaW9_9Cs,Hotel Palazzo Inn,"13-14, Service Lane, A-2, Pankha Rd, Block A2, Janakpuri, New Delhi, Delhi",28.6209198,77.0716633,4.4,2195.0,New Delhi,hotel,,5.0,0.6032477583736181,0.6,0.4,0.6636052764952183,0.994122882684072,0.9835494756698608,0.5,0.7522104759700596,New Delhi,Budget,0.7162695916677999,4.4,0.6032477583736181,0.7829401528671419
ChIJfQc6E2MbDTkR60ajQ_TItMw,ChIJfQc6E2MbDTkR60ajQ_TItMw,Hotel Grand Inn,"RZ a 70, Dabri - Palam Rd, Durgapuri & Dwarkapuri, Vaishali Colony, Mahavir Enclave, New Delhi, Delhi",28.6058266,77.08153469999999,4.2,441.0,New Delhi,hotel,,5.0,0.6015173866646364,0.6,0.4,0.6690737352085611,0.9998373985290528,0.7517478276276961,0.5,0.6667638002351547,New Delhi,Budget,0.5670389014279129,4.2,0.6015173866646364,0.7240605529456737
ChIJXXb5yrQbDTkR_05IqXAO8_w,ChIJXXb5yrQbDTkR_05IqXAO8_w,Sss Group Hotel Dwarka Delhi,"RZ-4 A, KH No. 83/2, Pipal Wali Gali, and, opposite Vishal Mega Mart, Mahavir Enclave Part 1, Mahavir Enclave, Delhi",28.5989024,77.0808443,4.6,629.0,Mahavir Enclave,hotel,,5.0,0.8003816084004939,0.8,0.2,0.7505288218380883,0.9998527765274048,0.9997738599777222,0.9994398951530457,0.7505288218380883,Other,Mid-Range,0.6000308564255544,4.6,0.8003816084004939,0.8476977516744574
ChIJ2YQPmRgFDTkRpjzhL5Eas-U,ChIJ2YQPmRgFDTkRpjzhL5Eas-U,Hotel Malbork Inn,"A-3/249, Block A3, Janakpuri, New Delhi, Delhi",28.6241145,77.07925399999999,3.6,266.0,New Delhi,hotel,,5.0,0.4009486889990512,0.4,0.6,0.3356016808344671,0.4009486889990512,0.0027693344745785,0.0015220599161693,0.3347701644621944,New Delhi,Budget,0.5201159360789595,3.6,0.4009486889990512,0.5703296016789605
ChIJMx8pT70EDTkRuLk3NLaTp4M,ChIJMx8pT70EDTkRuLk3NLaTp4M,Hotel D'Presidente,"B2B/12, Dharam Marg, Janak Puri Near Janak Puri East Metro Station Metro Pillar No. - 541, New Delhi",28.633118,77.0905246,3.8,450.0,Janak Puri Near Janak Puri East Metro Station Metro Pillar No. - 541,hotel,,5.0,0.4016015122877434,0.4,0.6,0.5005337798502296,0.5005069875624031,0.9998778104782104,0.5,0.5005069875624031,Other,Mid-Range,0.5689153553820077,3.8,0.4016015122877434,0.6075041735192125
ChIJ8eQZ5P4bDTkRHptlV4BmkLY,ChIJ8eQZ5P4bDTkRHptlV4BmkLY,Hotel Revive Inn,"RZ D 65 Raghu Nagar, Gali Number 7, Syndicate Enclave, New Delhi",28.6104861,77.0869076,4.6,113.0,Syndicate Enclave,hotel,,5.0,0.402441024617292,0.4,0.6,0.008979850448668,0.0020445541013032,0.0015929442597553,0.5043985215015709,0.500806318159448,Other,Budget,0.4408918306756971,4.6,0.402441024617292,0.6868896055185661
ChIJe54WwuEFDTkRx2ZedvVZh3o,ChIJe54WwuEFDTkRx2ZedvVZh3o,Hotel Rasso Inn Nawada,"Metro Pillar No. 739, Goverdhan Park, Block E, Mohan Garden, Uttam Nagar, Delhi",28.6219811,77.056231,5.0,9.0,Uttam Nagar,hotel,,2.0,0.5691216439008713,0.5,0.5,0.5,0.9998761415481568,0.5,0.5,0.5,Other,Budget,0.2143472170767782,5.0,0.5691216439008713,0.7450566910539549
ChIJ2QB-FpgEDTkRjMmKF58N8H0,ChIJ2QB-FpgEDTkRjMmKF58N8H0,Hotel Surya Plaza,"1/20, Main, Najafgarh Rd, opp. Metro Pillar No.532, Block 1, Tilak Nagar, New Delhi, Delhi",28.6353235,77.0924684,2.8,228.0,New Delhi,hotel,,5.0,0.2000561862485483,0.2,0.8,0.0003570854120576,0.2000561862485483,0.9989720582962036,0.0002650915121193,0.9989720582962036,New Delhi,Mid-Range,0.5058241683985916,2.8,0.2000561862485483,0.3968489466155134
ChIJGQWAe4kFDTkR2wBH2a60Dt4,ChIJGQWAe4kFDTkR2wBH2a60Dt4,Fabhotel Asp Royal Residency Inn,"Old Lal Dora, WZ-3, Nangli Jalib, Janakpuri, New Delhi, Delhi",28.6328302,77.0869684,3.9,175.0,New Delhi,hotel,,5.0,0.400833323050756,0.4,0.6,0.0004053210432175,0.0004053210432175,0.9997196793556212,0.0004053210432175,0.5000625001994193,New Delhi,Budget,0.4813193912566148,3.9,0.400833323050756,0.6019212985136201
ChIJBbgsxsYEDTkRc2dRoyxQ5Cw,ChIJBbgsxsYEDTkRc2dRoyxQ5Cw,Hotel Aura44,"A-44, Chander Nagar, Janakpuri, New Delhi, Delhi",28.6262299,77.0752736,3.8,501.0,New Delhi,hotel,,5.0,0.3808686246629804,0.4,0.6,0.0003590772103052,0.2263489204342476,0.0003590772103052,0.9989474415779114,0.301698480490207,New Delhi,Mid-Range,0.5788883259189451,3.8,0.3808686246629804,0.6030106990475131
ChIJF2RXUBEbDTkRc03qDshixcQ,ChIJF2RXUBEbDTkRc03qDshixcQ,Fabhotel Pingla Residency,"Metro Station, RZ-1A/13, Dabri - Palam Rd, near Dashrath Puri, Block B, Vijay Enclave, Mahavir Enclave, New Delhi, Delhi",28.604234,77.082782,3.3,29.0,New Delhi,hotel,,5.0,0.4000504331372213,0.4,0.6,0.0006840580463175,0.0003452067903708,0.9998656511306764,0.5,0.3337445890744372,New Delhi,Mid-Range,0.3166168302341184,3.3,0.4000504331372213,0.4868794067506845
ChIJ4RfKFssFDTkRU4i5FR1_Mcc,ChIJ4RfKFssFDTkRU4i5FR1_Mcc,Hotel O By Oyo Grand,"Plot No A1, West, Block A, Sitapuri Part 1, Dabri, New Delhi, Delhi",28.6113678,77.08254219999999,3.6,10.0,New Delhi,hotel,,3.0,0.0006253543009127,0.0,1.0,0.0003857150441035,0.0007451739293173,0.5,0.0002958767363452,0.0006253543009127,New Delhi,Budget,0.223219623947779,3.6,0.0006253543009127,0.379460949681201
ChIJi154BwIFDTkREjsPJCSV5O4,ChIJi154BwIFDTkREjsPJCSV5O4,Fabhotel Twamev,"Killa Number 18, Plot Number 24, 2 & 19, Indra Park Extension, Uttam Nagar, New Delhi",28.622272,77.06824,3.9,114.0,Uttam Nagar,hotel,,5.0,0.0011896465031895,0.0,1.0,0.000547476360225,0.5,0.5,0.0005050101026426,0.00103432580363,Other,Mid-Range,0.4417048473159236,3.9,0.0011896465031895,0.4659920704281871
ChIJgdyQHisbDTkRlN7jaSGm6Zw,ChIJgdyQHisbDTkRlN7jaSGm6Zw,Hotel Janvi Palace,"Plot No 47, Toganpur Village, Dwarka Sector 9, Dwarka, New Delhi, Delhi",28.5770819,77.06470379999999,4.2,25.0,New Delhi,hotel,,5.0,0.400228672119556,0.4,0.6,0.5,0.0002755792083916,0.0002565523027442,0.5002217020737589,0.6668640673936655,New Delhi,Luxury,0.3032955993753565,4.2,0.400228672119556,0.603743932528371
ChIJ10WSvbAbDTkR8nRvr9xv9cE,ChIJ10WSvbAbDTkR8nRvr9xv9cE,Collection I Hotel,"F 664, Ramphal Chowk Rd, Block H, Sector 7 Dwarka, Palam, New Delhi, Delhi",28.5861795,77.072063,4.4,21.0,New Delhi,hotel,,5.0,0.801249816827476,0.8,0.2,0.9997641444206238,0.5,0.5,0.5,0.9998085796833038,New Delhi,Mid-Range,0.2877445657749879,4.4,0.801249816827476,0.7549660746709119
ChIJ46DoQ1AbDTkROjfRXbq6LiU,ChIJ46DoQ1AbDTkROjfRXbq6LiU,Fabhotel Silver Oak Bnb,"Plot No: 226 S/F, Amberhai, Sector 19, Dwarka, New Delhi",28.57716,77.04720999999999,3.9,39.0,Dwarka,hotel,,5.0,0.8000086572952568,0.8,0.2,0.7500434551620856,0.5005815394688398,0.999884843826294,0.9991258978843688,0.6668707376035551,Dwarka,Mid-Range,0.3433971007311961,3.9,0.8000086572952568,0.6999398820011842
ChIJOWkXrRcbDTkROW7di1XMXsA,ChIJOWkXrRcbDTkROW7di1XMXsA,Hotel O By Oyo Surya Palace,"D 1, Block D, Palam Extension, 32, Ramphal Chowk Rd, behind Goyal Sons Shop, Sector 7 Dwarka, Palam, New Delhi",28.5840882,77.07074460000001,3.6,471.0,Palam,hotel,,5.0,0.5122542376688216,0.6,0.4,0.3353732021932956,0.9992719292640686,0.7774972319602966,0.5,0.6402503158897161,Other,Budget,0.5731520260319349,3.6,0.5122542376688216,0.6171213460409501
ChIJeeAAHGsFDTkR0f2LZFlwN8I,ChIJeeAAHGsFDTkR0f2LZFlwN8I,Fabhotel Asp Royal Residency I,"1, WZ-1, Block WZ, Nangli Jalib, Janakpuri, New Delhi, Delhi",28.63273,77.08695999999999,4.0,32.0,New Delhi,hotel,,5.0,0.0417872569581959,0.0,1.0,0.0520592160100931,0.1030011221591848,0.1030011221591848,0.0005347519763745,0.0004693090886575,New Delhi,Mid-Range,0.3254892371051192,4.0,0.0417872569581959,0.4675193929152809
ChIJkfHo0wEbDTkRUlBuTJv40mE,ChIJkfHo0wEbDTkRUlBuTJv40mE,Townhouse Aerosky Grand Near Dwarka Sector 21 Metro Station,"Sector 23, Dwarka, Delhi",28.5647703,77.0502362,3.8,133.0,Dwarka,hotel,,5.0,0.0167292653990443,0.0,1.0,0.0274935128594127,0.0206172304679056,0.0810576528310775,0.0008592640515416,0.0810576528310775,Dwarka,Mid-Range,0.4559389939601579,3.8,0.0167292653990443,0.4606839599009674
ChIJjdR7GgEDDTkRk1PVg8rr8dE,ChIJjdR7GgEDDTkRk1PVg8rr8dE,Hotel Palm Grand - Naraina New Delhi,"A-1, near Metro Station Naraina Vihar, Shindi Colony, Naraina Vihar, Naraina, New Delhi",28.6247384,77.1353408,3.9,472.0,Naraina,hotel,,5.0,0.5721161346300505,0.6,0.4,0.5,0.6689001278330883,0.5,0.5,0.6666847478869992,Other,Mid-Range,0.5733490415839662,3.9,0.5721161346300505,0.6761420932686084
ChIJwzxOpWkcDTkRIODm_a6JlXA,ChIJwzxOpWkcDTkRIODm_a6JlXA,Novotel New Delhi Aerocity,"Asset No 2, Aerocity, New Delhi",28.5535952,77.1233112,4.6,21509.0,Aerocity,hotel,,5.0,0.9991070032119752,1.0,0.0,0.999867836634318,0.9998658001422882,0.9960718154907228,0.5,0.9991070032119752,Other,Mid-Range,0.9286894145609428,4.6,0.9991070032119752,0.9810037236251208
ChIJCzkoDqcEDTkR80MrklwRG6U,ChIJCzkoDqcEDTkR80MrklwRG6U,Glory Villa Hotel,"AL/8B, Jail Rd, L-Block, Anand Vihar, Hari Nagar, New Delhi, Delhi",28.6273058,77.10059199999999,4.0,478.0,New Delhi,hotel,,5.0,0.6001778381876648,0.6,0.4,0.4995584207354113,0.5006337490631267,0.9981911778450012,0.5,0.7499908818281256,New Delhi,Mid-Range,0.574522458132469,4.0,0.6001778381876648,0.6986380023787635
ChIJn2NM8QP9DDkRe7eRmvljE_4,ChIJn2NM8QP9DDkRe7eRmvljE_4,Divine Inn Hotel Rajouri Garden,"2, Ring Rd, Block E, Mansarover Garden, New Delhi, Delhi",28.6452139,77.1278963,4.4,377.0,New Delhi,hotel,,5.0,0.7982224771054461,0.8,0.2,0.9997361302375792,0.7478277917543892,0.9952479898929596,0.9997361302375792,0.7982224771054461,New Delhi,Budget,0.5524781943333255,4.4,0.7982224771054461,0.8103077824365236
ChIJ_8JzTlsDDTkRbbgJvd3R7J8,ChIJ_8JzTlsDDTkRbbgJvd3R7J8,Golden Tulip Essential,"District Center, Sub Plot Street Number 1C, Janakpuri, near Deen Dayal Upadhyay Hospital, Hari Nagar, New Delhi",28.6298111,77.1134378,3.8,3002.0,Hari Nagar,hotel,,5.0,0.748628112860024,0.8,0.2,0.748628112860024,0.8689885139465332,0.7381584048271179,0.0086310962215065,0.9982662200927734,Other,Mid-Range,0.7454043076873624,3.8,0.748628112860024,0.7557588290429036
ChIJ96cpUlsDDTkRK5rHUFLyRQc,ChIJ96cpUlsDDTkRK5rHUFLyRQc,Sk Premium Park,"1-B Sub District Center, Hari Nagar, New Delhi",28.6300639,77.11345860000002,3.9,3633.0,Hari Nagar,hotel,,5.0,0.6006223119038623,0.6,0.4,0.6664784379439274,0.9998307526111604,0.0002487980236764,0.9998761415481568,0.9997853636741638,Other,Mid-Range,0.7631585999611707,3.9,0.6006223119038623,0.7256083539174405
ChIJ2-xcczADDTkR_bBvOkfwe2M,ChIJ2-xcczADDTkR_bBvOkfwe2M,Hotel Picasso Prive,"Plot No. A-14, HOTEL PICASSO PRIVE, near Audi Showroom, Shindi Colony, Naraina Vihar, Naraina, Delhi, New Delhi",28.6265217,77.13549429999999,4.0,958.0,Delhi,hotel,,5.0,0.5989824907795992,0.6,0.4,0.5000048654619604,0.6648768833838403,0.0003413599770283,0.5000048654619604,0.3335189449814303,Delhi,Mid-Range,0.6391445202747866,4.0,0.5989824907795992,0.7120014345990224
ChIJwdp9bzADDTkRt_4Txb3SJn4,ChIJwdp9bzADDTkRt_4Txb3SJn4,Sarovar Portico Naraina,"A, 9, Ring Rd, Shindi Colony, Naraina Vihar, Naraina, New Delhi",28.626061,77.134912,4.1,2696.0,Naraina,hotel,,5.0,0.9996418476104736,1.0,0.0,0.9995897114276886,0.9995450377464294,0.9995312889417012,0.999736189842224,0.9996418476104736,Other,Mid-Range,0.7353997829939201,4.1,0.9996418476104736,0.8735953609762572
ChIJZ_Ph8UP9DDkR3ZwIJeTmtoA,ChIJZ_Ph8UP9DDkR3ZwIJeTmtoA,Hotel Signature Grand,"1A, Sub District center, Hari Enclave, Hari Nagar, New Delhi, Delhi",28.6304097,77.1134442,4.0,2997.0,New Delhi,hotel,,5.0,0.4006512580119306,0.4,0.6,0.0007286555264727,0.0007286555264727,0.5,0.0011718170183788,0.4006512580119306,New Delhi,Mid-Range,0.7452491838161257,4.0,0.4006512580119306,0.6712932452338769
ChIJ37trROcDDTkRPHhZWFNd5xQ,ChIJ37trROcDDTkRPHhZWFNd5xQ,Hotel O Villa Deste,"Plot No S-6, Ajay Enclave, Meenakshi Garden, Subhash Nagar, Delhi",28.6374724,77.1068544,4.0,14.0,Subhash Nagar,hotel,,3.0,0.3336983921277957,0.3333333333333333,0.6666666666666666,0.5,0.0004182915436103,0.5,0.5,0.5,Other,Mid-Range,0.2520918884069095,4.0,0.3336983921277957,0.5450402563476683
ChIJ8eXMjBQDDTkRB0vq5KGUuro,ChIJ8eXMjBQDDTkRB0vq5KGUuro,Hotel Jageer Palace,"6, Ring Rd, Block E, Mansarover Garden, New Delhi, Delhi",28.6389626,77.1300476,3.7,706.0,New Delhi,hotel,,5.0,0.0004843352566239,0.0,1.0,0.0002468051898176,0.0006256343913264,0.0011075384682044,0.5,0.0005330948661139,New Delhi,Luxury,0.6107651216319101,3.7,0.0004843352566239,0.4751384526019148
ChIJA_gnLTQbDTkRVHz_FmDumIs,ChIJA_gnLTQbDTkRVHz_FmDumIs,Hotel Sunshine By The Premium Villa,"KH NO-6/11, TAMIL ENCLAVE, Block D, Vijay Enclave, Mahavir Enclave, New Delhi, Delhi",28.60466,77.076545,4.9,49.0,New Delhi,hotel,,5.0,0.9997975349426268,1.0,0.0,0.5,0.999767522017161,0.5,0.9997872710227966,0.9997613032658896,New Delhi,Mid-Range,0.3641694923263474,4.9,0.9997975349426268,0.9010337243522532
ChIJSw2XgVADDTkRqIELwjHJgn8,ChIJSw2XgVADDTkRqIELwjHJgn8,Hotel Hari Nager By The Premium Villa,"FIRST FLOOR, BE-147, Hari Nagar, Block BE, Hari Nagar, New Delhi, Delhi",28.628243,77.1205595,4.8,359.0,New Delhi,hotel,,5.0,0.3998595269338693,0.4,0.6,0.0004353040712885,0.9998763799667358,0.0015823661815375,0.5000702552642906,0.9971394538879396,New Delhi,Mid-Range,0.5479363270458767,4.8,0.3998595269338693,0.7354207361128037
ChIJx2G4jXwDDTkRHWHRAX90qJg,ChIJx2G4jXwDDTkRHWHRAX90qJg,Malbork Inn,"J-13/63, Block J, Rajouri Garden Extension, Rajouri Garden, Delhi",28.6396125,77.1175112,4.1,257.0,Rajouri Garden,hotel,,5.0,0.8792079448699951,0.8,0.2,0.6985720992088318,0.8792079448699951,0.9997579455375672,0.9998408555984496,0.8490497171878815,Other,Budget,0.5169239726207364,4.1,0.8792079448699951,0.7887030557513007
ChIJCdCLTWgcDTkRgCe4U3CxnUo,ChIJCdCLTWgcDTkRgCe4U3CxnUo,Pullman New Delhi Aerocity,"Asset No 2, Indira Gandhi International Airport, Gmr Hospitality District, Aerocity, New Delhi",28.5538828,77.1236468,4.7,28348.0,Aerocity,hotel,,5.0,0.9998487114906311,1.0,0.0,0.9998672604560852,0.9998542070388794,0.5,0.5,0.9998363455136616,Other,Mid-Range,0.9543890743405828,4.7,0.9998487114906311,1.0000000000000002
ChIJx3sMMbYFDTkRoVO9BC4gqLI,ChIJx3sMMbYFDTkRoVO9BC4gqLI,Hotel O A K Residency,"AV - B/219 First Floor, Street No 9, A, Lal Sai Marg, opposite Delhi Haat, Virender Nagar, Delhi",28.6239768,77.0983979,4.3,36.0,Virender Nagar,hotel,,5.0,0.7935633575485553,0.8,0.2,0.6560760000623608,0.9997207522392272,0.9994937181472778,0.0003161607019137,0.9996808767318726,Other,Mid-Range,0.336139675368766,4.3,0.7935633575485553,0.7495137240113751
ChIJ6UDMWr4DDTkR-s5z0b2N_Z8,ChIJ6UDMWr4DDTkR-s5z0b2N_Z8,Fabstays-Hotel Akash Continental,"CE-1, Shaheed Mangal Pandey Marg, CE-1, Nanak Pura, Hari Nagar, Delhi",28.6258489,77.11106070000001,3.7,248.0,Hari Nagar,hotel,,5.0,0.0011205588118172,0.0,1.0,0.0016791955761921,0.0036976314149796,0.5,0.5,0.0023638327256775,Other,Budget,0.513618661611164,3.7,0.0011205588118172,0.4546788543442885
ChIJh-mR3oYFDTkRrvwH-wGgU5I,ChIJh-mR3oYFDTkRrvwH-wGgU5I,Hotel O Pp Residency,"G-176, Jail Rd, near Axis bank, Pocket UB, Asha Park, Tilak Nagar, Delhi",28.629283,77.100106,2.9,438.0,Tilak Nagar,hotel,,5.0,0.2003143554436974,0.2,0.8,0.9948742985725404,0.2503152896097163,0.5,0.000310618779622,0.0005195094563532,Other,Mid-Range,0.5664049161380226,2.9,0.2003143554436974,0.4231099915525546
ChIJ27PwpZ0EDTkRwIoF5IlHPDI,ChIJ27PwpZ0EDTkRwIoF5IlHPDI,Hotel Golden Plam Tilak Nagar Market,"Jiwani Block, J3-5, Ganga Ram Vatika, Hind Nagar, Mukherji Park, Vishnu Garden, New Delhi, Delhi",28.642375,77.098744,4.6,10.0,New Delhi,hotel,,5.0,0.7998696378723252,0.8,0.2,0.5,0.999847412109375,0.9996748864650726,0.5000210235157283,0.9998133778572084,New Delhi,Mid-Range,0.223219623947779,4.6,0.7998696378723252,0.7673884901054311
ChIJIX4qK5gCDTkRbm67bcxGI7I,ChIJIX4qK5gCDTkRbm67bcxGI7I,Hotel Livasa Inn,"7 A/38 WEA, Channa Market, Block-7A, Karol Bagh, New Delhi",28.645928,77.183082,4.6,2301.0,Karol Bagh,hotel,,5.0,0.8950912952423096,0.8,0.0,0.8688929677009583,0.9997851252555848,0.7498428225517273,0.9878641963005066,0.8748534321784973,Karol Bagh,Budget,0.720657918709653,4.6,0.8950912952423096,0.90357097899529
ChIJ1QGaMpkCDTkRKj4GIDBC48o,ChIJ1QGaMpkCDTkRKj4GIDBC48o,Hotel Metro View,"17A, 3, Block 7, Block 10, WEA, Karol Bagh, New Delhi, Delhi",28.6451067,77.1895708,3.7,1238.0,New Delhi,hotel,,5.0,0.9946664094924926,1.0,0.0,0.9998639822006226,0.9912006457646688,0.99986469745636,0.9998453855514526,0.993362843990326,New Delhi,Mid-Range,0.6629912267417439,3.7,0.9946664094924926,0.8034332478593169
ChIJSy_yupgCDTkR3sp_8N4urK8,ChIJSy_yupgCDTkR3sp_8N4urK8,"Hotel Sarthak Palace, Karol Bagh, Delhi","14A 34, Shikha Rd, Channa Market, Block 14A, WEA, Karol Bagh, New Delhi, Delhi",28.6457941,77.18691319999999,3.8,1131.0,New Delhi,hotel,,5.0,0.9992071866989136,1.0,0.0,0.999850869178772,0.9996349811553956,0.9987852573394777,0.999850869178772,0.9985654950141908,New Delhi,Luxury,0.6545834829756433,3.8,0.9992071866989136,0.8163871102629958
ChIJK4wZZQADDTkRkyUH87huHo4,ChIJK4wZZQADDTkRkyUH87huHo4,Hotel Vedas Heritage,"8A-27, Block 8A, WEA, Karol Bagh, Delhi",28.6441229,77.1840351,4.7,41.0,Karol Bagh,hotel,,5.0,0.8000679185264744,0.8,0.2,0.6668614431012733,0.9998674392700196,0.5,0.5,0.6668614431012733,Karol Bagh,Mid-Range,0.3479389680186449,4.7,0.8000679185264744,0.80727239631897
ChIJld5jYJgCDTkRDRSGiGrG4H0,ChIJld5jYJgCDTkRDRSGiGrG4H0,Hotel Kings Inn - Karol Bagh,"14A/7, Channa Market, Block 14A, WEA, Karol Bagh, New Delhi, Delhi",28.644705,77.18567449999999,3.7,955.0,New Delhi,hotel,,5.0,0.9994741559028626,1.0,0.0,0.9998326003551484,0.998721182346344,0.9991081357002258,0.9992034633954366,0.9998286664485933,New Delhi,Budget,0.638852854823902,3.7,0.9994741559028626,0.7998330097625436
ChIJmTJKjpsCDTkR1STz4I0smpo,ChIJmTJKjpsCDTkR1STz4I0smpo,Hotel Sunstar Residency,"Block 8A, Channa Market, Block 8A, WEA, Karol Bagh, New Delhi, Delhi",28.6451509,77.18251339999999,4.1,1672.0,New Delhi,hotel,,5.0,0.6001521524798591,0.6,0.4,0.9998186528682708,0.5002494227155694,0.5,0.5003355363733135,0.6001521524798591,New Delhi,Mid-Range,0.6909473842035797,4.1,0.6001521524798591,0.7366862712850709
ChIJLfQAWagDDTkRGM0hGwSrAyw,ChIJLfQAWagDDTkRGM0hGwSrAyw,Orana Aurnum Mayapuri | Hotel And Banquet,"A-15, near Govt. Press, Block A, Mayapuri Industrial Area Phase I, Mayapuri, New Delhi, Delhi",28.6329139,77.1266101,4.3,2292.0,New Delhi,hotel,,5.0,0.60075998371467,0.6,0.4,0.9997938573360444,0.7498754735570401,0.9997307658195496,0.9993938207626344,0.60075998371467,New Delhi,Mid-Range,0.7202932573848838,4.3,0.60075998371467,0.7697088138541794
ChIJCbfAqZ4CDTkRb3axkMEgrnw,ChIJCbfAqZ4CDTkRb3axkMEgrnw,Hotel Emperor Palms Karol Bagh,"Metro Station, 15 A-7, W.E.A., Opp. New Bloom School, near Karol Bagh, Karol Bagh, Delhi",28.6459555,77.18795519999999,3.4,1196.0,Karol Bagh,hotel,,5.0,0.1747536306327674,0.2,0.8,0.0005984401941531,0.0058210917729107,0.0002453196793794,0.0002624048793222,0.0089450131345074,Karol Bagh,Mid-Range,0.659780915039924,3.4,0.1747536306327674,0.501282884220546
ChIJCbfAqZ4CDTkRXDM5WL-Z6nc,ChIJCbfAqZ4CDTkRXDM5WL-Z6nc,Hotel Radiance,"15A, 51, Ajmal Khan Rd, Block 15A, WEA, Karol Bagh, Delhi",28.6465605,77.1887251,3.7,392.0,Karol Bagh,hotel,,5.0,0.7127022073371336,0.8,0.2,0.2820899302023463,0.0003515112912282,0.9997706413269042,0.5,0.9997706413269042,Karol Bagh,Mid-Range,0.5561008231776977,3.7,0.7127022073371336,0.6907395507570074
ChIJ76JImg0dDTkRVUXq0b3XW0A,ChIJ76JImg0dDTkRVUXq0b3XW0A,Embassy Suites Chankya Puri,"Dharam Marg, Block C, Diplomatic Enclave, Chanakyapuri, New Delhi",28.6028308,77.18888299999999,3.4,246.0,Chanakyapuri,hotel,,5.0,0.2139071361161768,0.2,0.8,0.0061464551836252,0.0031220053788274,0.3542743207265933,0.5,0.0042863911949097,Other,Mid-Range,0.5128679332392954,3.4,0.2139071361161768,0.4825268467229748
ChIJM6ES7xUdDTkRjzrscxEeS8g,ChIJM6ES7xUdDTkRjzrscxEeS8g,Hotel Diplomat,"9, Sardar Patel Marg, Diplomatic Enclave, Chanakyapuri, New Delhi",28.6065981,77.18836259999999,4.1,1556.0,Chanakyapuri,hotel,,5.0,0.9486997604370118,1.0,0.0,0.9996484120686848,0.9359187334775924,0.9147647817929586,0.9996022284030914,0.9996922761201856,Other,Mid-Range,0.684258180209866,4.1,0.9486997604370118,0.8464650879664896
ChIJtxG-LJkCDTkRg84qf1td3qg,ChIJtxG-LJkCDTkRg84qf1td3qg,Apra International,"15A/57, Lane 35, Block 15A, WEA, Karol Bagh, New Delhi, Delhi",28.6470221,77.18856130000002,3.2,996.0,New Delhi,hotel,,5.0,0.1999918115878244,0.2,0.8,0.0004238808711912,0.0003464982679966,0.4991244257835205,0.4994597815675661,0.0004794762462551,New Delhi,Mid-Range,0.6427619620457122,3.2,0.1999918115878244,0.479128199879152
ChIJ374hXsgDDTkRRRix0z5YTcQ,ChIJ374hXsgDDTkRRRix0z5YTcQ,Hotel Spb 87,"Block no, Plot No. 2, 17A, WEA, Karol Bagh, New Delhi",28.6450415,77.1896829,3.4,565.0,Karol Bagh,hotel,,5.0,0.6005942607240286,0.6,0.4,0.0017314017604803,0.9998052716255188,0.6005942607240286,0.0003638122871052,0.7499680780965718,Karol Bagh,Mid-Range,0.5900585411484343,3.4,0.6005942607240286,0.6223146277082984
ChIJKxVFie8CDTkRIgB2qqYMcOs,ChIJKxVFie8CDTkRIgB2qqYMcOs,"Hotel Amrapali Grand - New Delhi , Patel Nagar , 4 Star Hotels","2/16, Karol Bagh, East Patel Nagar, New Delhi",28.6424613,77.17486389999999,4.2,2292.0,East Patel Nagar,hotel,,5.0,0.6381445981562137,0.6,0.4,0.5477087320759892,0.6641757550338904,0.9924578666687012,0.499546954408288,0.730217864116033,Other,Mid-Range,0.7202932573848838,4.2,0.6381445981562137,0.7683426562524779
ChIJFzkmDJ4CDTkRPq2Xf7sdeik,ChIJFzkmDJ4CDTkRPq2Xf7sdeik,Hotel Cosmo Near Blk Max Hospital,"7A, 40, Bangali Pooja Rd, Channa Market, Channa Market, Block 7A, Sat Nagar, Karol Bagh, New Delhi, Delhi",28.6458523,77.1834657,4.3,311.0,New Delhi,hotel,,5.0,0.4004377518605906,0.4,0.6,0.9998276233673096,0.9998764991760254,0.3340175402020879,0.000828212253206,0.4004377518605906,New Delhi,Mid-Range,0.5346150961871148,4.3,0.4004377518605906,0.6663046194432951
ChIJFzkmDJ4CDTkRf70JRh0UBes,ChIJFzkmDJ4CDTkRf70JRh0UBes,Hotel Sky Rich International,"17A/19, Block 7, Block 10, WEA, Karol Bagh, New Delhi, Delhi",28.6456306,77.1893181,3.9,702.0,New Delhi,hotel,,5.0,0.5996045921143377,0.6,0.4,0.9998325109481812,0.9988259673118592,0.9978194236755372,0.5,0.6666637352803567,New Delhi,Mid-Range,0.6102369510599138,3.9,0.5996045921143377,0.6927579649826598
ChIJGbsb2uIDDTkRH8ymaGf-FEk,ChIJGbsb2uIDDTkRH8ymaGf-FEk,Hotel Royal Grand,"29, 11, near Pooja Park, Block 29, East Patel Nagar, Patel Nagar, New Delhi",28.6455023,77.1746816,3.3,198.0,Patel Nagar,hotel,,5.0,0.4001833492657169,0.4,0.6,0.3333738888225828,0.5000891966192285,0.99959796667099,0.2503296949143987,0.6667976821772754,Other,Mid-Range,0.4927527593968107,3.3,0.4001833492657169,0.5243850703067428
ChIJiTGgzpkCDTkRfjZ2Ar8ZSBU,ChIJiTGgzpkCDTkRfjZ2Ar8ZSBU,Hotel Sunstar Grand,"Channa Market, Channa Market, Block 7A, WEA, Karol Bagh, New Delhi, Delhi",28.6462613,77.1840598,4.3,933.0,New Delhi,hotel,,5.0,0.5976233970257454,0.6,0.4,0.6665165499434806,0.5976233970257454,0.9998236298561096,0.4999802424426889,0.7469364162971033,New Delhi,Mid-Range,0.6366855866726219,4.3,0.5976233970257454,0.7509251627473603
ChIJC-P-G5gCDTkRpV3HzHjERLA,ChIJC-P-G5gCDTkRpV3HzHjERLA,The Suncourt Hotel Yatri,"8A/33, Channa Market, Block 8A, WEA, Karol Bagh, New Delhi, Delhi",28.6447542,77.1840272,4.4,1636.0,New Delhi,hotel,,5.0,0.9996956586837769,1.0,0.0,0.9996907512346904,0.9996709376573564,0.9996907512346904,0.9996037781238556,0.9996956586837769,New Delhi,Mid-Range,0.6889223899812437,4.4,0.9996956586837769,0.9036073533610935
ChIJa2dbPJkCDTkRh57e5vMUkj4,ChIJa2dbPJkCDTkRh57e5vMUkj4,Hotel Persona International,"12A, 17, Saraswati Marg, Block 12A, WEA, Karol Bagh, New Delhi, Delhi",28.6470996,77.18748459999999,3.9,665.0,New Delhi,hotel,,5.0,0.4001343978568911,0.4,0.6,0.0004781448515131,0.5002061971172225,0.0005900756805203,0.0005071383590499,0.5000267159775831,New Delhi,Mid-Range,0.6052038435106555,3.9,0.4001343978568911,0.6280479335018636
ChIJ3bgkcZ8CDTkRTihSIjfk7w0,ChIJ3bgkcZ8CDTkRTihSIjfk7w0,Hotel Laffaire,"17A 12, Pusa Rd, Block 7, Block 10, WEA, Karol Bagh, Delhi",28.6451392,77.19027520000002,4.5,260.0,Karol Bagh,hotel,,5.0,0.6001060736714863,0.6,0.4,0.0013133866013959,0.9996146957079568,0.9992629885673524,0.5,0.9996146957079568,Karol Bagh,Mid-Range,0.518000167422974,4.5,0.6001060736714863,0.7530603233558507
ChIJg6CUT7IDDTkRVgUaYRZF5Ks,ChIJg6CUT7IDDTkRVgUaYRZF5Ks,Hotel Sanca International,"Metro Station, 13/26, opposite Hotel Jaypee Siddhartha In Gate, near Rajender Place, Block 13, East Patel Nagar, Patel Nagar, New Delhi",28.6430212,77.1754078,3.9,888.0,Patel Nagar,hotel,,5.0,0.8058033507317305,0.8,0.2,0.9998343586921692,0.9998754262924194,0.9998157918453217,0.5,0.8058033507317305,Other,Mid-Range,0.6320888858967758,3.9,0.8058033507317305,0.7631919789281072
ChIJYdNoMrwCDTkRFluyHeSqGoI,ChIJYdNoMrwCDTkRFluyHeSqGoI,Fabhotel Bharat Continental,"Shankar Rd, R-Block, Pocket J, Rajender Nagar Part 2, Rajinder Nagar, New Delhi",28.6397785,77.1774791,3.6,604.0,Rajinder Nagar,hotel,,5.0,0.6039710285607726,0.6,0.4,0.9994329214096068,0.5,0.9997818171977996,0.999711811542511,0.5100636053830385,Other,Mid-Range,0.5962615231451273,3.6,0.6039710285607726,0.6512981986702941
ChIJf9AdFZ0DDTkROoUXx6i7QvM,ChIJf9AdFZ0DDTkROoUXx6i7QvM,Bloom Hotel - Karol Bagh,"17A/32, Gurudwara Rd, near Decor World, Block 10, WEA, Karol Bagh, New Delhi, Delhi",28.6454114,77.1905177,4.6,4891.0,New Delhi,hotel,,5.0,0.7975574233336374,0.8,0.2,0.7469844791048672,0.7469954314583447,0.5000739341485314,0.9938818514347076,0.749957201158395,New Delhi,Mid-Range,0.7908311526493628,4.6,0.7975574233336374,0.8873790133447647
ChIJy2cTCzADDTkRQf0Uee9-tZ4,ChIJy2cTCzADDTkRQf0Uee9-tZ4,Alaya Stays By Elivaas Emperor Palms - Hotel In Delhi,"Saraswati Marg, Block 15A, WEA, Karol Bagh, Delhi",28.6460381,77.1879409,4.9,374.0,Karol Bagh,hotel,,5.0,0.9988014578819276,1.0,0.0,0.9997859597206116,0.9998404681682588,0.9998151858647664,0.994679868221283,0.9985334128141404,Karol Bagh,Budget,0.5517364389060478,4.9,0.9988014578819276,0.940610512795556
ChIJk8qoSVIDDTkRAEGQnmvB3wY,ChIJk8qoSVIDDTkRAEGQnmvB3wY,Hotel Le Roi Express @ Karol Bagh,"4, W.E.A Brahampuri, Block 11A, WEA, Karol Bagh, New Delhi, Delhi",28.6460896,77.1857093,4.5,328.0,New Delhi,hotel,,5.0,0.9990779995918274,1.0,0.0,0.9990617434183756,0.9988547960917156,0.9990725070238112,0.5,0.9990779995918274,New Delhi,Mid-Range,0.5395539355626587,4.5,0.9990779995918274,0.8849337948986484
ChIJY6Gyi5UCDTkRmjXmCUzwY6w,ChIJY6Gyi5UCDTkRmjXmCUzwY6w,Jaypee Siddharth - 5 Star Luxury Hotels In Delhi,"3, Rajendra Place, New Delhi",28.6427493,77.1754692,4.2,12168.0,Rajendra Place,hotel,,5.0,0.8000468137324788,0.8,0.2,0.5,0.6668617729446851,0.5,0.5,0.8000468137324788,Other,Luxury,0.8756630169574124,4.2,0.8000468137324788,0.8530427740660004
ChIJ9bGyTpwCDTkRpCJHmrLyp8g,ChIJ9bGyTpwCDTkRpCJHmrLyp8g,Hotel Regent Grand,"2/6, Pusa Rd, opposite Metro Pillar No. 167, Block 2, East Patel Nagar, Karol Bagh, New Delhi",28.6431118,77.1730617,4.1,2249.0,Karol Bagh,hotel,,5.0,0.683791603334248,0.6,0.4,0.5003601205535232,0.5004974794574082,0.999859094619751,0.5,0.6668684411173066,Karol Bagh,Mid-Range,0.7185309938905972,4.1,0.683791603334248,0.7692377293935486
ChIJq6qq6pMCDTkRqTr-63N3wDg,ChIJq6qq6pMCDTkRqTr-63N3wDg,Hotel Pals Inn,"Block-29/6, opposite Girdhari Lal Goswami Park, near Mother Dairy. 326, Main Market, Block 29, East Patel Nagar, Patel Nagar, New Delhi",28.6457862,77.1742048,4.0,430.0,Patel Nagar,hotel,,5.0,0.968650758266449,1.0,0.0,0.5,0.9998458623886108,0.5,0.9998602867126464,0.9964930415153505,Other,Budget,0.5646928713109803,4.0,0.968650758266449,0.8141059007027115
ChIJXRvWOpkCDTkRmsdHCqu8KnI,ChIJXRvWOpkCDTkRmsdHCqu8KnI,Hotel Pablas International,"12A/ 22, West Extension Area, Karol Bagh, Delhi",28.6470764,77.18776869999999,3.5,506.0,Karol Bagh,hotel,,5.0,0.6003514778974932,0.6,0.4,0.6661927496995,0.9996916651725768,0.9994943141937256,0.000367699743947,0.9996916651725768,Karol Bagh,Mid-Range,0.5798109282536353,3.5,0.6003514778974932,0.6333509988558959
ChIJq6q295cCDTkRHSmPwMHZeCk,ChIJq6q295cCDTkRHSmPwMHZeCk,Hotel Classic,"RBL Bank, near, 17A/59, Gurudwara Rd, Block 10, WEA, Karol Bagh, New Delhi, Delhi",28.6461847,77.1902327,3.7,84.0,New Delhi,hotel,,5.0,0.6164321446092799,0.6,0.4,0.0438742994447238,0.6666926731122658,0.5410413518548012,0.0871727615594863,0.665086566354148,New Delhi,Mid-Range,0.4135655773021257,3.7,0.6164321446092799,0.629708732499452
ChIJowM_upkCDTkRtKfuVBhKgdw,ChIJowM_upkCDTkRtKfuVBhKgdw,Hotel Sunstar Heights,"8A/41, Channa Market, Block 8A, WEA, Karol Bagh, New Delhi, Delhi",28.6452405,77.1833451,4.0,806.0,New Delhi,hotel,,5.0,0.9782568931579588,1.0,0.0,0.8926815390586853,0.9728830009698868,0.5,0.9998685121536256,0.9728830009698868,New Delhi,Mid-Range,0.6230802525618132,4.0,0.9782568931579588,0.8295893808688034
ChIJLe0O0J0CDTkRqLWCYm9HSsE,ChIJLe0O0J0CDTkRqLWCYm9HSsE,Hotel Paradise Inn,"15A/49, Ajmal Khan Rd, near Jessa Ram Hospital, Block 15A, WEA, Karol Bagh, Delhi",28.6466259,77.1886274,4.4,1653.0,Karol Bagh,hotel,,5.0,0.7996149160899222,0.8,0.2,0.7495584908174351,0.9986982345581056,0.9986982345581056,0.6661277377667526,0.6664689346216619,Karol Bagh,Budget,0.689884128605965,4.4,0.7996149160899222,0.8399776055745534
ChIJCbfAqZ4CDTkRFi_5YrUbYzg,ChIJCbfAqZ4CDTkRFi_5YrUbYzg,Hotel Swaran Palace,"15A/33, W.E.A. Ajmal Khan Road, Karol Bagh, Delhi",28.6460689,77.18874290000001,3.8,620.0,Karol Bagh,hotel,,5.0,0.2004149788117501,0.2,0.8,0.000644934727461,0.3335950082012762,0.5,0.5,0.3337154868931974,Karol Bagh,Luxury,0.5986914115383751,3.8,0.2004149788117501,0.5496502967487168
ChIJg4EYhZcCDTkRpG4TeF_9Xtw,ChIJg4EYhZcCDTkRpG4TeF_9Xtw,Hotel Shimla Heritage,"Plot No. 7A, 36, Channa Market, Block 7A, WEA, Karol Bagh, Delhi",28.6460188,77.182965,4.1,880.0,Karol Bagh,hotel,,5.0,0.8873412311077118,0.8,0.2,0.8125424683094025,0.8123785356680552,0.9998376369476318,0.5,0.9996568113565444,Karol Bagh,Mid-Range,0.6312473903262793,4.1,0.8873412311077118,0.815613957859956
ChIJa2MsH6MCDTkR2k0d3sh8BGU,ChIJa2MsH6MCDTkR2k0d3sh8BGU,Hotel Madonna,"53 / 7, Old Rajinder Nagar, Rajinder Nagar, New Delhi, Delhi",28.640084,77.184232,3.6,690.0,New Delhi,hotel,,5.0,0.6018612560816108,0.6,0.4,0.7509286117274313,0.9998311003049216,0.9998354315757751,0.3365506028446057,0.9998306334018706,New Delhi,Mid-Range,0.6086342174052636,3.6,0.6018612560816108,0.6532567031583693
ChIJebj_xJUCDTkRJTp1RhuuXcI,ChIJebj_xJUCDTkRJTp1RhuuXcI,East Inn Patel Nagar Delhi,"11/22, Main Market, Road, East Patel Nagar, New Delhi",28.6453102,77.1726355,3.3,331.0,East Patel Nagar,hotel,,5.0,0.2001339148409897,0.2,0.8,0.000478400295833,0.0003819299381574,0.9991447925567628,0.0003722659312188,0.4997667241987074,Other,Budget,0.5403989321082416,3.3,0.2001339148409897,0.4706948638105532
ChIJR8UMrJgCDTkRNFgwNsDuAtI,ChIJR8UMrJgCDTkRNFgwNsDuAtI,Hotel Silver Arc,"17A/6, Block 7, Block 10, WEA, Karol Bagh, Delhi",28.6453128,77.1892575,4.0,407.0,Karol Bagh,hotel,,5.0,0.5998869755188935,0.6,0.4,0.6664430049422663,0.4999195556883932,0.9994986057281494,0.5998869755188935,0.9995856086413064,Karol Bagh,Mid-Range,0.5595877406915236,4.0,0.5998869755188935,0.695368662815053
ChIJUy66hJ79DDkRvKr2xkN1Cms,ChIJUy66hJ79DDkRvKr2xkN1Cms,Hotel Star Villa,"98-99, Krishna Gali, Main Bazar, Kaseru Walan, Paharganj, New Delhi, Delhi",28.6421858,77.2177513,4.3,1190.0,New Delhi,hotel,,5.0,0.6001259277923964,0.6,0.4,0.5002950570196845,0.5001149212766903,0.6667999321362004,0.5002950570196845,0.5001149212766903,New Delhi,Mid-Range,0.6593131260475641,4.3,0.6001259277923964,0.7565363448279144
ChIJJ0FnHkH9DDkRTSUSlC-IXoo,ChIJJ0FnHkH9DDkRTSUSlC-IXoo,Hotel Golden Oasis Delhi,"901 Chandi Wali Street, Main Bazar Rd, near AXIS bank ATM, New Delhi",28.6417885,77.21487189999999,4.2,2893.0,near AXIS bank ATM,hotel,,5.0,0.6246227376163006,0.6,0.4,0.7601791927590966,0.0823969170451164,0.6940425013502439,0.5,0.6802861305574576,Other,Mid-Range,0.7419625761313076,4.2,0.6246227376163006,0.7686375640180241
ChIJtRHB2kD9DDkRUY0APHYy8cI,ChIJtRHB2kD9DDkRUY0APHYy8cI,Hotel Gold Regency,"4350, Main Bazar Rd, Bagichi Ramchander, Kaseru Walan, Paharganj, New Delhi, Delhi",28.6415426,77.21700659999999,4.9,6545.0,New Delhi,hotel,,5.0,0.2012418425583746,0.2,0.8,0.3351354113935182,0.333731408182454,0.5,0.3351354113935182,0.2012418425583746,New Delhi,Mid-Range,0.817943836240118,4.9,0.2012418425583746,0.7427759433533067
ChIJUQbQB0L9DDkR4kMbtnRzQps,ChIJUQbQB0L9DDkR4kMbtnRzQps,Hotel Sun International- Budget Hotel Near New Delhi Railway Station,"7875, Arakashan Rd, Prem Nagar, Ram Nagar, Paharganj, New Delhi",28.6459274,77.2158383,4.0,3107.0,Paharganj,hotel,,5.0,0.3994688975508325,0.4,0.6,0.4991944990179036,0.0002127968473359,0.9977838099002838,0.4999791723093949,0.3335082787671126,Paharganj,Budget,0.7486035852146198,4.0,0.3994688975508325,0.6716294866368846
ChIJ0yLaR0H9DDkR4ItbT8FxMO8,ChIJ0yLaR0H9DDkR4ItbT8FxMO8,Hotel Shelton,"5043, Main Bazar Rd, near six tooti chowk, Bazar Sangatrashan, Bharat Nagar, Paharganj, New Delhi",28.6409781,77.2131699,3.9,2826.0,Paharganj,hotel,,5.0,0.8003899966832251,0.8,0.2,0.6676525333120177,0.9998565316200256,0.999496191740036,0.0032445366960018,0.7505742206121795,Paharganj,Mid-Range,0.7397820822749901,3.9,0.8003899966832251,0.7843707081223997
ChIJsWZJJEH9DDkRLIvrsH_SoIY,ChIJsWZJJEH9DDkRLIvrsH_SoIY,Hotel Hari Piorko,"4775 Main Bazar, Tooti Chowk, near 6, Paharganj, New Delhi",28.6410835,77.2139789,4.1,9885.0,Paharganj,hotel,,5.0,0.9997248888015748,1.0,0.0,0.9997117072343826,0.9997939666112264,0.9996965527534484,0.9997304081916808,0.9997248888015748,Paharganj,Mid-Range,0.8563215490872254,4.1,0.9997248888015748,0.8993413276759087
ChIJMdyRYz_9DDkR4yFKmyfjev0,ChIJMdyRYz_9DDkR4yFKmyfjev0,Hotel Pink City,"4252, Katra Neel Rd, opposite Railway Station, Ratan Lal Market, Kaseru Walan, Paharganj, New Delhi, Delhi",28.6424354,77.2179791,4.3,2051.0,New Delhi,hotel,,5.0,0.5763972042244859,0.6,0.4,0.7149260009318823,0.6270907962073883,0.4705476311646634,0.0008463124395348,0.5003568162501324,New Delhi,Mid-Range,0.7099559988175865,4.3,0.5763972042244859,0.7597373615996826
ChIJTWxjE0z9DDkRWK-rr0q_d7w,ChIJTWxjE0z9DDkRWK-rr0q_d7w,Hotel The Magic Tree - Paharganj New Delhi,"1826, 1827, Lakshmi Narayan St, Chuna Mandi, Paharganj, New Delhi",28.6408402,77.2100633,4.3,424.0,Paharganj,hotel,,5.0,0.4074837986379861,0.4,0.6,0.0004341239109634,0.0186187504295958,0.0186187504295958,0.5001697494153632,0.0004525092372205,Paharganj,Mid-Range,0.5633878525516949,4.3,0.4074837986379861,0.6746724350846475
ChIJfZabjD_9DDkR0siMJiwLzR8,ChIJfZabjD_9DDkR0siMJiwLzR8,Hotel Ajanta - Free Airport Pick Up Service,"8647, Arakashan Rd, Ram Nagar, Paharganj, New Delhi",28.6457644,77.2159437,4.6,4258.0,Paharganj,hotel,,5.0,0.9806946992874146,1.0,0.0,0.99838724732399,0.968899667263031,0.9985806047916412,0.99838724732399,0.976513147354126,Paharganj,Mid-Range,0.7779319925652973,4.6,0.9806946992874146,0.943064039766739
ChIJ_z56lUH9DDkRhf379R0nNTM,ChIJ_z56lUH9DDkRhf379R0nNTM,Hotel Su Shree Continental,"3198/XV, Dispensary Lane, behind Revels Hotel, Bazar Sangatrashan, Ratan Lal Market, Sangatarshan, Paharganj, New Delhi",28.6443789,77.2132405,4.3,3068.0,Paharganj,hotel,,5.0,0.7994918123004027,0.8,0.2,0.4990049638145137,0.9998301565647124,0.5,0.5002512075298,0.9989900390307108,Paharganj,Mid-Range,0.7474280789907459,4.3,0.7994918123004027,0.8388842024968088
ChIJMxiT1OH9DDkRU1GuGjDKbsU,ChIJMxiT1OH9DDkRU1GuGjDKbsU,The Grand Uddhav,"4953-54, Ramdwara Rd, Bagichi Ramchander, Nehru Bazar, Paharganj, New Delhi",28.6401435,77.2132438,4.0,2563.0,Paharganj,hotel,,5.0,0.4385349723510444,0.4,0.6,0.0022053103893995,0.4385349723510444,0.6682681948877871,0.0954632402863353,0.2982515956973657,Paharganj,Mid-Range,0.7306920910113858,4.0,0.4385349723510444,0.6802835455942112
ChIJJZbTaLPiDDkR0iCsQ0HteV4,ChIJJZbTaLPiDDkR0iCsQ0HteV4,The Park,"15, Sansad Marg, Hanuman Road Area, Connaught Place, New Delhi",28.6288923,77.2161533,4.0,16236.0,Connaught Place,hotel,,5.0,0.809266597032547,0.8,0.2,0.9985583225886028,0.6835300028324127,0.7616116777062416,0.995951771736145,0.7625953033566475,Other,Mid-Range,0.902510198718126,4.0,0.809266597032547,0.8351076505710832
ChIJ52FmthX9DDkRuV3TTavgdAA,ChIJ52FmthX9DDkRuV3TTavgdAA,"Le Roi Delhi Hotel, Paharganj","Railway Station, No.2206, Rajguru Marg, near New Delhi, Bazar Sangatrashan, Chuna Mandi, Paharganj, New Delhi",28.6443155,77.2107089,3.9,3978.0,Paharganj,hotel,,5.0,0.5999646681040758,0.6,0.4,0.5000489673875563,0.6665555136520803,0.9997223913669586,0.6664941804726064,0.6664941804726064,Paharganj,Mid-Range,0.7716015259615397,3.9,0.5999646681040758,0.7271943068493559
ChIJ832IbC79DDkRxvUL3edYTw4,ChIJ832IbC79DDkRxvUL3edYTw4,Hotel Glow Inn-3 Mins Walking From Ndls,"448, Chandi Wali Gali, Ratan Lal Market, Kaseru Walan, Paharganj, New Delhi",28.6422294,77.21491979999999,3.5,1254.0,Paharganj,hotel,,5.0,0.8003794381394982,0.8,0.2,0.9997394879659016,0.9996936619281768,0.8003794381394982,0.7505163487512618,0.9997625648975372,Paharganj,Budget,0.6641856593413055,3.5,0.8003794381394982,0.7151145599262912
ChIJC4qlMTf9DDkRhRQpkx58hqI,ChIJC4qlMTf9DDkRhRQpkx58hqI,Hotel Bright,"M – 85, (outer circle) Connaught Place, Opp. Super Bazar, New Delhi",28.6328192,77.22276560000002,4.0,616.0,Opp. Super Bazar,hotel,,5.0,0.7988816724158824,0.8,0.2,0.9960543513298036,0.6674465116423866,0.6649039960466325,0.9998377561569214,0.7486474049510434,Other,Mid-Range,0.5980898597611469,4.0,0.7988816724158824,0.7670456867030682
ChIJRyNm3GD9DDkRUDuZ6cJXPy4,ChIJRyNm3GD9DDkRUDuZ6cJXPy4,Hotel Prince Palace (The Green),"Part) Gali Thanedar Wali, 5116-17-18, Main Bazar Rd, near MyBar & restaurant, Bharat Nagar, Paharganj, New Delhi",28.6406662,77.21144,3.5,771.0,Paharganj,hotel,,5.0,0.4004511264152824,0.4,0.6,0.0009976312867365,0.999736487865448,0.5,0.9998546838760376,0.999736487865448,Paharganj,Luxury,0.6189527323097243,3.5,0.4004511264152824,0.5778995182324718
ChIJf_1WQ0H9DDkRRBGIPpYPrC4,ChIJf_1WQ0H9DDkRRBGIPpYPrC4,Cottage Ganga Inn,"1532, Gali, Main Bazar Rd, behind Sams Bar, near R.K Ashram Metro, Bazar Sangatrashan, Paharganj, New Delhi",28.6414701,77.2124614,4.0,595.0,Paharganj,hotel,,5.0,0.9589844107627868,1.0,0.0,0.9487914144992828,0.5,0.9994505047798156,0.999399960041046,0.9589844107627868,Paharganj,Budget,0.5948663124780572,4.0,0.9589844107627868,0.8174396674279346
ChIJu2YFVjb9DDkR0KTtXpZwXtA,ChIJu2YFVjb9DDkR0KTtXpZwXtA,The Corus Hotel,"B-49, Inner Cir, Block B, Connaught Place, New Delhi",28.6343015,77.2181495,3.7,463.0,Connaught Place,hotel,,5.0,0.9970072865486144,1.0,0.0,0.99758842587471,0.9966752131779988,0.996673862139384,0.9949968457221984,0.9970072865486144,Other,Mid-Range,0.5715607084171292,3.7,0.9970072865486144,0.784733259964931
ChIJVVVVVWj9DDkRiPICBGicnJk,ChIJVVVVVWj9DDkRiPICBGicnJk,Vishal Hotel,"1575/80, Main Bazar Rd, near khanna cinema, Chuna Mandi, Paharganj, New Delhi",28.6409209,77.21177109999999,3.5,577.0,Paharganj,hotel,,5.0,0.0323980890185339,0.0,1.0,0.0323980890185339,0.0001967635616892,0.1576808393001556,0.5,0.053495290679469,Paharganj,Mid-Range,0.5920115459323219,3.5,0.0323980890185339,0.4547446153519072
ChIJW0SQRxT9DDkRBGrOcSzO88g,ChIJW0SQRxT9DDkRBGrOcSzO88g,The Leena International- By Haveliya Hotels,"2/3 Main, Desh Bandhu Gupta Rd, Bazar Sangatrashan, Multani Dhanda, Paharganj, New Delhi",28.6456392,77.21133739999999,4.1,427.0,Paharganj,hotel,,5.0,0.600199881294975,0.6,0.4,0.5002865978822228,0.600199881294975,0.9998470544815063,0.5,0.666628429714668,Paharganj,Mid-Range,0.5640426487820017,4.1,0.600199881294975,0.7097094772537517
ChIJDc1QIUf9DDkRvbhK8u3ZTlg,ChIJDc1QIUf9DDkRvbhK8u3ZTlg,Hotel Bajrang,"4630, Shora Kothi, 4630, Main Bazar Rd, Shora Kothi, Paharganj, New Delhi",28.6408114,77.2152454,3.4,485.0,Paharganj,hotel,,5.0,0.7995543487137183,0.8,0.2,0.9995185732841492,0.5,0.9991019666194916,0.4995088893338106,0.9984546899795532,Paharganj,Mid-Range,0.5758730076139102,3.4,0.7995543487137183,0.6827742017746385
ChIJBz-A1bT9DDkRyCwXhKz5ZC8,ChIJBz-A1bT9DDkRyCwXhKz5ZC8,Hotel Nirmal Mahal,"1519 Gali, Mushtaq Rai Khanna Marg, behind Vivek hotel, Bazar Sangatrashan, Mantola Mohalla, Kaseru Walan, Paharganj, New Delhi",28.6416756,77.2127812,3.9,353.0,Paharganj,hotel,,5.0,0.4076438504242105,0.4,0.6,0.5000423922865593,0.500028169772122,0.9998675584793092,0.5,0.6792615999778112,Paharganj,Mid-Range,0.5463717555348572,3.9,0.4076438504242105,0.6179304700004993
ChIJf8BWKED9DDkRo0tNpcGElSk,ChIJf8BWKED9DDkRo0tNpcGElSk,Hotel Chanchal Deluxe,"8575, Arakashan Rd, Ram Nagar, Paharganj, New Delhi, Delhi",28.6454001,77.2171211,4.1,936.0,New Delhi,hotel,,5.0,0.0191337572992779,0.0,1.0,0.0002445258627024,0.0002280496410094,0.0473111049068393,0.0002280496410094,0.0317270409723278,New Delhi,Mid-Range,0.6369841111836786,4.1,0.0191337572992779,0.5398388540291674
ChIJT9rE5V_9DDkRMhhHsDLqGkY,ChIJT9rE5V_9DDkRMhhHsDLqGkY,Hotel Harsha International,"AK-22, Arakashan Rd, Ram Nagar, Paharganj, New Delhi",28.6456915,77.2151787,3.8,218.0,Paharganj,hotel,,5.0,0.4134515126352198,0.4,0.6,0.5000857754057506,0.9998115003108978,0.5000432189990532,0.9998115003108978,0.5000857754057506,Paharganj,Mid-Range,0.5016676827397029,3.8,0.4134515126352198,0.5969815761692499
ChIJGywLmWv9DDkRnxyK623ysBM,ChIJGywLmWv9DDkRnxyK623ysBM,Hotel Apple Villa @ Paharganj,"5114, Gali Thanedar, behind Sushant Travels private limited, Main Bazar, Bharat Nagar, Paharganj, New Delhi",28.6406594,77.21138669999999,4.0,274.0,Paharganj,hotel,,5.0,0.0017196826811413,0.0,1.0,0.0020124698276048,0.0005674548301612,0.0032887971028684,0.002297344142183,0.0032887971028684,Paharganj,Mid-Range,0.5228641744469175,4.0,0.0017196826811413,0.4967168165500019
ChIJW2xl_aT9DDkRXJh6k_z5vC4,ChIJW2xl_aT9DDkRXJh6k_z5vC4,Hotel Ritz,"8567, Arakashan Rd, behind Shiela Cinema, Arya Nagar, Paharganj, New Delhi, Delhi",28.6453256,77.2168793,4.2,607.0,New Delhi,hotel,,5.0,0.6074620764469728,0.6,0.4,0.509570275869919,0.5187211651355028,0.9996137022972108,0.9994564453760784,0.6074620764469728,New Delhi,Mid-Range,0.5967219848271927,4.2,0.6074620764469728,0.7322706107963346
ChIJAZTkm0D9DDkRMDezVFMRIKM,ChIJAZTkm0D9DDkRMDezVFMRIKM,The Gold Inn,"4653-54, shors kothi, Main Bazar Rd, Paharganj, New Delhi",28.6409316,77.21491929999999,3.8,705.0,Paharganj,hotel,,5.0,0.7988683931180276,0.8,0.2,0.9982900023460388,0.4997359792760107,0.999094545841217,0.9986402094364166,0.6653842913025679,Paharganj,Budget,0.6106333596656971,3.8,0.7988683931180276,0.7431224980374097
ChIJX7ZyGED9DDkRuBBONr3Eijs,ChIJX7ZyGED9DDkRuBBONr3Eijs,Hotel Elegance,"Plot No. 7885, 34, Arakashan Rd, Ram Nagar, Paharganj, Delhi, New Delhi",28.6460905,77.21507849999999,4.0,350.0,Delhi,hotel,,5.0,0.2043689516431186,0.2,0.8,0.2043689516431186,0.5011737580643967,0.0095932476688176,0.5000851591030369,0.5011737580643967,Delhi,Mid-Range,0.5455794970201683,4.0,0.2043689516431186,0.5662020300336329
ChIJVT5iTz_9DDkRIMfaom19syQ,ChIJVT5iTz_9DDkRIMfaom19syQ,Hotel Sterling Inn,"442,Chandiwali Gali, Main Bazar Rd, near City Bank ATM, Paharganj, New Delhi",28.6421943,77.2148818,3.8,867.0,Paharganj,hotel,,5.0,0.5998939057521057,0.6,0.4,0.4999351377700805,0.0004274001548765,0.9990242719650269,0.5000837413099362,0.6666689172852784,Paharganj,Budget,0.6298635254168001,3.8,0.5998939057521057,0.6837312987539612
ChIJV_KLIUD9DDkRyK187fZFk-k,ChIJV_KLIUD9DDkRyK187fZFk-k,Hotel Lav-Kush Deluxe,"7784-7800, Arakashan Rd, Prem Nagar, Ram Nagar, Paharganj, Delhi",28.645767,77.217281,3.9,1353.0,Paharganj,hotel,,5.0,0.6004198076960165,0.6,0.4,0.5,0.7499975464088493,0.5,0.9998595714569092,0.6667195427871775,Paharganj,Mid-Range,0.6712537456489321,3.9,0.6004198076960165,0.7059960297757188
ChIJwXk9hdr9DDkR2FSvNa9XuIo,ChIJwXk9hdr9DDkR2FSvNa9XuIo,Kaushal Palace Hotel,"House No 1520-22 Behind Vivek Hotel Sangatrashan Street, Main Bazar Rd, Paharganj, New Delhi",28.641502,77.2126955,3.7,176.0,Paharganj,hotel,,5.0,0.2006085528002586,0.2,0.8,0.0015586197841912,0.5,0.5003087245568167,0.0015586197841912,0.3340586896326082,Paharganj,Luxury,0.4818468137076482,3.7,0.2006085528002586,0.5115663292293479
ChIJ3Z8udED9DDkRr00_4ufSiV0,ChIJ3Z8udED9DDkRr00_4ufSiV0,Hotel Palm D'Or,"8595/1, Opp New Delhi Station, Desh Bandhu Gupta Rd, Paharganj, New Delhi",28.6445328,77.21747189999999,3.5,1129.0,Paharganj,hotel,,5.0,0.403285204351414,0.4,0.6,0.0003549868997651,0.3310288664458009,0.6719053493191799,0.999688982963562,0.0003549868997651,Paharganj,Mid-Range,0.6544188678777726,3.5,0.403285204351414,0.5863471851502667
ChIJ1xMztXH9DDkRrZ5RpRJu8zI,ChIJ1xMztXH9DDkRrZ5RpRJu8zI,Hotel Worth,"22, Krishna Market, Main Bazar Rd, Paharganj, Delhi",28.6403768,77.2103674,4.4,786.0,Paharganj,hotel,,5.0,0.7935166683979332,0.8,0.2,0.999574601650238,0.742002185084857,0.984121471643448,0.4999725439120083,0.5000114359427243,Paharganj,Mid-Range,0.6207441246058331,4.4,0.7935166683979332,0.8233262605985513
ChIJ7_KbKp4CDTkRuZLvVbQuguc,ChIJ7_KbKp4CDTkRuZLvVbQuguc,Hotel Kingston Park,"Metro Pillar Number 88, Haldiram, 8/5 WEA Block 8 Near, Karol Bagh, New Delhi",28.6453312,77.1923679,3.8,766.0,Karol Bagh,hotel,,5.0,0.8090333811938762,0.8,0.2,0.9998757441838584,0.6818045961360136,0.5227698367089033,0.5,0.9998784065246582,Karol Bagh,Mid-Range,0.6183478580984555,3.8,0.8090333811938762,0.7480063999026139
ChIJYfoVs1v9DDkRM9L-6Z-zHdg,ChIJYfoVs1v9DDkRM9L-6Z-zHdg,Hotel Klick International,"3357, Gali Hari Mandir, opp. Hotel Chopra International, Ratan Lal Market, Kaseru Walan, Paharganj, New Delhi",28.643408,77.214748,3.1,933.0,Paharganj,hotel,,5.0,0.0074132864654529,0.0,1.0,0.0004033478180644,0.0002863968838937,0.0313322469592094,0.0025510082778055,0.0024934323882916,Paharganj,Mid-Range,0.6366855866726219,3.1,0.0074132864654529,0.4031015604905726
ChIJU3oKZUD9DDkRkIDqiY8COb0,ChIJU3oKZUD9DDkRkIDqiY8COb0,Hotel Staywell Deluxe,"No. 3499-3500, Desh Bhandu Gupta Road, Ratan Lal Market, Arya Nagar, Paharganj, New Delhi",28.6443112,77.21561009999999,3.9,928.0,Paharganj,hotel,,5.0,0.5720999988378026,0.6,0.4,0.3346826440247241,0.555810432046807,0.7149648405611515,0.3346826440247241,0.6663153770641657,Paharganj,Budget,0.6361859085346839,3.9,0.5720999988378026,0.6895020420170954
ChIJAZTkm0D9DDkRAMiy3bHdGCY,ChIJAZTkm0D9DDkRAMiy3bHdGCY,Hotel O By Oyo Silver Palace,"614, Tooti Chowk, near 6, Mantola Mohalla, Kaseru Walan, Paharganj, Delhi, New Delhi",28.641933,77.21324229999999,2.2,1552.0,Delhi,hotel,,5.0,0.0005306769366142,0.0,1.0,0.000569414361962,0.0006310413009487,0.0004748074279632,0.0005529243644559,0.0004748074279632,Delhi,Budget,0.6840187207502676,2.2,0.0005306769366142,0.2913322208884484
ChIJm6x4_EL9DDkR-nogAnARs0Y,ChIJm6x4_EL9DDkR-nogAnARs0Y,Fabstays-Hotel Heritage Inn,"Gali No-08, 2374, Rajguru Marg, near sita ram chole bhature, Chuna Mandi, Paharganj, New Delhi",28.642557,77.21053189999999,3.2,212.0,Paharganj,hotel,,5.0,0.4004082738247234,0.4,0.6,0.6666343030422771,0.001150454612798,0.9996349811553956,0.4999291193380487,0.9996349811553956,Paharganj,Budget,0.4990816882954259,3.2,0.4004082738247234,0.5125095165338401
ChIJG7ishgb9DDkRnIrNWT8PfPM,ChIJG7ishgb9DDkRnIrNWT8PfPM,Hotel Shanti Villa,"2466, Hotel shanti villa, 67, Nalwa St, Chuna Mandi, Paharganj, New Delhi",28.6418139,77.2116704,4.1,353.0,Paharganj,hotel,,5.0,0.7996124958794099,0.8,0.2,0.9996418058872222,0.999240666627884,0.66649134553154,0.6662953257230887,0.7996124958794099,Paharganj,Mid-Range,0.5463717555348572,4.1,0.7996124958794099,0.7695721075349771
ChIJ3S7zfJ8CDTkRI1ahIlccS5o,ChIJ3S7zfJ8CDTkRI1ahIlccS5o,"Fabhotel Marble Arch - Hotel In Karol Bagh, New Delhi","Shop No-8/6, W.E.A., Opposite Metro Pillar 88, Pusa Lane, Karol Bagh, New Delhi",28.6452523,77.1927378,3.2,1268.0,Karol Bagh,hotel,,5.0,0.000872575334506,0.0,1.0,0.0009573388742864,0.0011737214517779,0.0007289157729246,0.0010369753872509,0.0011319923602664,Karol Bagh,Mid-Range,0.6652183620005838,3.2,0.000872575334506,0.4203770238800137
ChIJ14q4-0D9DDkReBdC7Lapp0A,ChIJ14q4-0D9DDkReBdC7Lapp0A,Hotel Dollar Inn,"House No 904 Gali Chandi Wali, Main Bazar Rd, Paharganj",28.641767,77.215041,3.6,266.0,Main Bazar Rd,hotel,,5.0,0.203096714959247,0.2,0.8,0.0004708216971872,0.5000826331379358,0.5,0.0004128323780605,0.9996077418327332,Other,Budget,0.5201159360789595,3.6,0.203096714959247,0.5072063691409925
ChIJ7zycekH9DDkRWd8FYsIVT3U,ChIJ7zycekH9DDkRWd8FYsIVT3U,Hotel Mother Palace,"1454, Ranjeet Gali, 1469, Sang Trashan Marg, near Sai baba mandir, Bazar Sangatrashan, Chuna Mandi, Paharganj, New Delhi",28.6423737,77.2124925,4.2,186.0,Paharganj,hotel,,5.0,0.6557565150782466,0.6,0.4,0.9595874945322672,0.5,0.6952405869960785,0.639313668012619,0.94163116812706,Paharganj,Luxury,0.4869629260003354,4.2,0.6557565150782466,0.7243333806696557
ChIJ69cVdAD9DDkRKbdKKZC9RCA,ChIJ69cVdAD9DDkRKbdKKZC9RCA,Hotel Mayfair,"Tel Mandi, 4201, Ratan Lal Market, Aram Bagh, Paharganj, Delhi",28.6426946,77.2172507,4.1,261.0,Paharganj,hotel,,5.0,0.7997873419080861,0.8,0.2,0.6664943883079104,0.6664584268388959,0.7498050324065844,0.5,0.9994850158691406,Paharganj,Mid-Range,0.5183561518475664,4.1,0.7997873419080861,0.7636691078978097
ChIJuQOV4UP9DDkR_zW0AORu0Os,ChIJuQOV4UP9DDkR_zW0AORu0Os,Hotel Cabana,"2313,Hotel Cabana Behind Imperial Cinema, Chuna Mandi, Paharganj, New Delhi",28.6410212,77.21163059999999,3.6,676.0,Paharganj,hotel,,5.0,0.8064296543598175,0.8,0.2,0.9997849663098654,0.9996060729026794,0.9997383654117584,0.0329124629497528,0.7580694034695625,Paharganj,Mid-Range,0.6067288038217232,3.6,0.8064296543598175,0.7181174897484657
ChIJ-cFw1QcDDTkRZHlhKN9WUNs,ChIJ-cFw1QcDDTkRZHlhKN9WUNs,Hotel O Delhi,"Metro Pillar No. 88, 8/32, opposite Multi Level Parking, behind Haldirams, Block 8, WEA, Karol Bagh, New Delhi, Delhi",28.6459773,77.1931693,4.4,1031.0,New Delhi,hotel,,5.0,0.4009073432651348,0.4,0.6,0.5001003543875412,0.50195676041767,0.999831199645996,0.0004224867152515,0.5010418017991469,New Delhi,Mid-Range,0.6459738562751545,4.4,0.4009073432651348,0.7034333539813816
ChIJtSaw3HP9DDkR67XUWkcGF0k,ChIJtSaw3HP9DDkR67XUWkcGF0k,Hotel Apple Inn,"8690-8691, Arakashan Rd, near St Anthony school, Arya Nagar, Paharganj, New Delhi",28.6448383,77.2157342,4.2,601.0,Paharganj,hotel,,5.0,0.8001667687669396,0.8,0.2,0.9997490644454956,0.999846339225769,0.6670387899503112,0.7502424058038741,0.7502486046869308,Paharganj,Budget,0.5957987724974919,4.2,0.8001667687669396,0.79355527777495
ChIJq6qqp2r9DDkRR7me8ggUY5A,ChIJq6qqp2r9DDkRR7me8ggUY5A,Hotel Dream Palace @ New Delhi Railway Station,"hotel dream palace, Dream Palace, railway station, arkashan rd, 44, Arakashan Rd, near railway station, Ram Nagar, Paharganj, New Delhi",28.6459509,77.21468399999999,3.4,459.0,Paharganj,hotel,,5.0,0.4040232710191048,0.4,0.6,0.999524474143982,0.6664945222825434,0.5,0.0201710686087608,0.999524474143982,Paharganj,Luxury,0.5707547309703416,3.4,0.4040232710191048,0.5554942571256103
ChIJFZZ_cMbiDDkRyR0HOWvIml0,ChIJFZZ_cMbiDDkRyR0HOWvIml0,Hotel C Park Inn,"1042, 15, Arya Samaj Rd, Block 27F, Naiwala, Karol Bagh, New Delhi, Delhi",28.6471762,77.19579790000002,4.3,1137.0,New Delhi,hotel,,5.0,0.9997825384140014,1.0,0.0,0.9997825384140014,0.9997912645339966,0.9997376203536988,0.5,0.9997825384140014,New Delhi,Budget,0.6550755888630876,4.3,0.9997825384140014,0.8831425745228558
ChIJLfHmQTf9DDkRvr36v6n2Heg,ChIJLfHmQTf9DDkRvr36v6n2Heg,Hotel Jukaso Down Town,"L1- Block, Middle Circle, Near Metro Staion Gate No. 3 & 4, Connaught Circus, New Delhi",28.6340695,77.2218515,3.4,926.0,Connaught Circus,hotel,,5.0,0.6008317450759932,0.6,0.4,0.4999050665064715,0.749496945150895,0.7509449463104829,0.9994311928749084,0.5011818831262644,Other,Mid-Range,0.6359852838587798,3.4,0.6008317450759932,0.6321587907295162
ChIJf7tphKv8DDkRN6Kwn9dLpAI,ChIJf7tphKv8DDkRN6Kwn9dLpAI,Solitaire Hotel,"Metro Station, A 134, 135 & 137, Vikas Marg, opposite Metro Pillar No: 37, near Laxmi Nagar, Veer Savarkar Block, Block A, Shakarpur, New Delhi, Delhi",28.6321012,77.2801732,3.7,732.0,New Delhi,hotel,,5.0,0.1888877490360755,0.2,0.8,0.2359327625817968,0.5,0.4710255895042792,0.0014900101086822,0.0014900101086822,New Delhi,Mid-Range,0.6141270635999418,3.7,0.1888877490360755,0.5359622594930763
ChIJTyMFBar8DDkRR_cmTPi5jkw,ChIJTyMFBar8DDkRR_cmTPi5jkw,"Nirman Vihar Beacon, New Delhi","Metro Station, Plot No. 6, Patparganj Rd, near Nirman Vihar, Veer Savarkar Block, Dayanand Colony, Shakarpur, New Delhi, Delhi",28.6349754,77.2858248,3.9,708.0,New Delhi,hotel,,5.0,0.0030929650238248,0.0,1.0,0.0032553234389827,0.005202988628298,0.005202988628298,0.5,0.0032553234389827,New Delhi,Mid-Range,0.6110280873818852,3.9,0.0030929650238248,0.502613542064139
ChIJ0SRAJy7jDDkRFajeIphw03w,ChIJ0SRAJy7jDDkRFajeIphw03w,Midtown Hotel Delhi,"pillar 44, Metro Station Laxmi Nagar, R-3 F/F,main market R block Shakarpur, opposite Hira Sweets, New Delhi",28.6306151,77.2776023,4.7,567.0,opposite Hira Sweets,hotel,,5.0,0.4025754742964637,0.4,0.6,0.0063927962910383,0.5,0.5001182494888781,0.0123640643432736,0.5031221605604514,Other,Mid-Range,0.5903869006197126,4.7,0.4025754742964637,0.7320228236210677
ChIJixN4GUv9DDkRyd_Iu--GXgU,ChIJixN4GUv9DDkRyd_Iu--GXgU,Hotel Twamev,"69, Block G, Guru Nanak Pura, Laxmi Nagar, New Delhi, Delhi",28.6330787,77.2802707,4.3,627.0,New Delhi,hotel,,5.0,0.2077538190584163,0.2,0.8,0.0011271632877954,0.5176938027143477,0.5,0.0016102141235023,0.5176938027143477,New Delhi,Mid-Range,0.5997348631282017,4.3,0.2077538190584163,0.6186808713624231
ChIJ_TgOBC77DDkRn-cT52fWX4g,ChIJ_TgOBC77DDkRn-cT52fWX4g,The Roseman Hotel & Suites,"Tower S-2, Cloud 9 Towers, Sector-1, Vaishali, Ghaziabad",28.641651,77.33459169999999,3.8,2453.0,Vaishali,hotel,,5.0,0.2005403717455919,0.2,0.8,0.0003362758434377,0.2005403717455919,0.5,0.0008297343059287,0.0004448373365448,Other,Mid-Range,0.7266101778304801,3.8,0.2005403717455919,0.5768980034609478
ChIJAQAAAKHThDkROOHqJK8SqEQ,ChIJAQAAAKHThDkROOHqJK8SqEQ,Lemon Tree Hotel Kaushambi,"East Delhi Mall, Plot No. 1, Anand Vihar, Kaushambi, Ghaziabad",28.6412521,77.31696529999999,4.1,6548.0,Kaushambi,hotel,,5.0,0.6103300548478728,0.6,0.4,0.5259072277694941,0.5259072277694941,0.6838778120776018,0.500021919455321,0.5259072277694941,Other,Mid-Range,0.8179864890764142,4.1,0.6103300548478728,0.7669540582633074
ChIJkVWZhsvkDDkRBjzrN61i9fQ,ChIJkVWZhsvkDDkRBjzrN61i9fQ,The Golden Palms Hotel & Spa,"J8H7+PX6 Police Headquarter, opp. East Delhi, I.P.Extension, Patparganj, New Delhi, Delhi",28.6292949,77.31490050000001,3.7,2294.0,New Delhi,hotel,,5.0,0.4001498574885772,0.4,0.6,0.999168872833252,0.2503951036524086,0.4997020390655962,0.5,0.0006578357473092,New Delhi,Mid-Range,0.7203744167741465,3.7,0.4001498574885772,0.6259621944041743
ChIJSW4lHx7lDDkR2uhhO7q7SH8,ChIJSW4lHx7lDDkR2uhhO7q7SH8,"Red Fox By Lemon Tree Hotels, East Delhi","Community Center, Plot No. 6, Mayur Vihar Phase III, Delhi",28.606904,77.332994,3.9,4254.0,Mayur Vihar Phase III,hotel,,5.0,0.6014388214971405,0.6,0.4,0.5000156180904014,0.0074291848577558,0.9996734857559204,0.5,0.9998023907343546,Other,Mid-Range,0.7778445226846896,3.9,0.6014388214971405,0.7289924798778524
ChIJ9f5mdiv7DDkRq-mRrFelJAo,ChIJ9f5mdiv7DDkRq-mRrFelJAo,"Radisson Blu Hotel, Kaushambi Delhi Ncr","H-3, Modipon Vihar, Sector 14, Kaushambi, Ghaziabad",28.6366854,77.3279336,4.4,29744.0,Kaushambi,hotel,,5.0,0.9998432517051696,1.0,0.0,0.9998830556869508,0.9998258550961812,0.5,0.5,0.9998432517051696,Other,Luxury,0.958863836000865,4.4,0.9998432517051696,0.9610696778233084
ChIJSYldhsvkDDkRzAmX8vxgfs0,ChIJSYldhsvkDDkRzAmX8vxgfs0,Park Inn By Radisson New Delhi Ip Extension,"Plot No. 6A, I.P.Extension, Patparganj, New Delhi, Delhi",28.6300461,77.3147027,4.4,8878.0,New Delhi,hotel,,5.0,0.8077871084213257,0.8,0.2,0.9997593760490416,0.9974770744641622,0.9997602701187134,0.9998308420181274,0.8077871084213257,New Delhi,Budget,0.8463208474070875,4.4,0.8077871084213257,0.8758582152251398
ChIJExG1eyD7DDkRL_OZpZYiyHE,ChIJExG1eyD7DDkRL_OZpZYiyHE,Radisson Blu Towers Kaushambi Delhi Ncr,"Distt, CK II, Sector 14, Kaushambi, Ghaziabad",28.6393561,77.32679569999999,4.7,10551.0,Kaushambi,hotel,,5.0,0.9988861918449402,1.0,0.0,0.998251716295878,0.9986435770988464,0.9962549209594728,0.9962549209594728,0.9986369758844376,Other,Luxury,0.8623906140052909,4.7,0.9988861918449402,0.9801252889165212
ChIJLXu-o_3kDDkRQFo-tpFQDCk,ChIJLXu-o_3kDDkRQFo-tpFQDCk,Hotel Noida International,"Nagar Complex, Noida Rd, opposite Mercedes Showroom, Jhundpura, Jhundpura Village, Sector 11, Noida",28.5969233,77.3305341,3.6,3319.0,Sector 11,hotel,,5.0,0.2001652841863687,0.2,0.8,0.0002517110478947,0.0003002674784511,0.5,0.0002243329363409,0.2501315383633481,Other,Mid-Range,0.7547461491850198,3.6,0.2001652841863687,0.5561758255349766
ChIJSzkGUSv7DDkR43AJnSSLgjU,ChIJSzkGUSv7DDkR43AJnSSLgjU,Hotel Blue Stone,"Plot no-5, Seemant Vihar Society, Sector 14, Kaushambi, Ghaziabad",28.6340572,77.32679259999999,4.3,2787.0,Kaushambi,hotel,,5.0,0.8016293065622448,0.8,0.2,0.0104221785441041,0.9998532831668854,0.0104221785441041,0.0104221785441041,0.6700593857094646,Other,Mid-Range,0.7384889171412031,4.3,0.8016293065622448,0.8376648381281652
ChIJPxUsCXj9DDkROxvTLja26mA,ChIJPxUsCXj9DDkROxvTLja26mA,Mannat Inn Hotel Laxmi Nagar,"Pillar No.29, 1/5, near Metro Station, Laxmi Nagar, Delhi",28.6303283,77.2761652,2.7,189.0,Laxmi Nagar,hotel,,5.0,0.2002254064078442,0.2,0.8,0.0003225235268473,0.0002366765402257,0.0002366765402257,0.0004386534856166,0.4999636007705703,Other,Budget,0.488444492767926,2.7,0.2002254064078442,0.3799129155950606
ChIJia8n1w7jDDkRB1hLFYhbDH4,ChIJia8n1w7jDDkRB1hLFYhbDH4,Roomshala 121 Hotel Classic,"135/54 F/P, Block B, Sarai Kale Khan, New Delhi",28.5873984,77.25516379999999,3.9,183.0,Sarai Kale Khan,hotel,,5.0,0.201653258956503,0.2,0.8,0.0022628575388807,0.0025362819627237,0.3345618472473385,0.0015423157213565,0.999858021736145,Other,Mid-Range,0.4854573975479813,3.9,0.201653258956503,0.5392544823715405
ChIJUe6L_IT7DDkRZIuJu1OTSfA,ChIJUe6L_IT7DDkRZIuJu1OTSfA,Green Palms Hotel,"Pacific Mall, Dr Burman Rd, Plot Alpha, Sahibabad Industrial Area Site 4, Sahibabad, Ghaziabad",28.6465644,77.3200581,4.1,459.0,Sahibabad,hotel,,5.0,0.5586154626042117,0.6,0.4,0.7952832579612732,0.4482999054380343,0.0006335512734949,0.8960905969142914,0.5975220234928807,Other,Mid-Range,0.5707547309703416,4.1,0.5586154626042117,0.6978698984011815
ChIJa2KZCt77DDkRKDW7Yi-oHV0,ChIJa2KZCt77DDkRKDW7Yi-oHV0,Grand Address Hotel & Banquet,"Plot - 1, Sector 3F, Sector 3, Vaishali, Ghaziabad",28.6440793,77.33502349999999,4.4,303.0,Vaishali,hotel,,5.0,0.0017646458349189,0.0,1.0,0.0037560361670329,0.0002821505186147,0.5,0.001083788985852,0.0020027898329619,Other,Mid-Range,0.5321970429999837,4.4,0.0017646458349189,0.551890004738786
ChIJtzXjyKv8DDkRasu5QY9A85k,ChIJtzXjyKv8DDkRasu5QY9A85k,Joey'S Hostel Delhi,"1/49 Lalita Park, Laxmi Nagar, Main Vikas Marg, New Delhi",28.6290914,77.27459499999999,4.3,2250.0,Main Vikas Marg,hotel,,5.0,0.9997812986373902,1.0,0.0,0.5,0.5,0.9997525215148926,0.9998170733451844,0.999794378876686,Other,Budget,0.7185723579497482,4.3,0.9997812986373902,0.8966476337196189
ChIJW6btYiX7DDkR-wBnM_9K9bE,ChIJW6btYiX7DDkR-wBnM_9K9bE,Hotel Rousha Inn,"No. 1, Metro Station Gate, D-81, near kaushambi, Anand Vihar, Sahibabad, Ghaziabad",28.6451022,77.3232287,3.9,1030.0,Sahibabad,hotel,,5.0,0.999777328968048,1.0,0.0,0.999810755252838,0.9998193979263306,0.9997456868489584,0.999792218208313,0.9997777044773102,Other,Budget,0.6458836092360088,3.9,0.999777328968048,0.8280120358563166
ChIJY_EghyX7DDkRdLZUY8bAyvg,ChIJY_EghyX7DDkRdLZUY8bAyvg,Comfort Inn Grand,"no. 2, Metro Station Gate, Comfort INN Grand, KA-74, near Kaushambi, Kaushambi, Ghaziabad",28.6449432,77.324382,4.4,170.0,Kaushambi,hotel,,5.0,0.7998869581439066,0.8,0.2,0.9998481273651124,0.9995502829551696,0.5001072693412425,0.5,0.666673230366238,Other,Budget,0.4786365020058283,4.4,0.7998869581439066,0.7951330532745726
ChIJ73aJFo_7DDkRD75wIldcHf4,ChIJ73aJFo_7DDkRD75wIldcHf4,Hotel Green Palace Near Jagatpuri,"H.no.-A3, block A, A3, Anarkali Garden, Jagat Puri, Krishna Nagar, Delhi",28.6469625,77.2922225,2.7,155.0,Krishna Nagar,hotel,,5.0,0.0081283104023895,0.0,1.0,0.0100654021953232,0.0005128143820911,0.5,0.0002906935987994,0.0003944837371818,Other,Luxury,0.4700901543599057,2.7,0.0081283104023895,0.3147218562796799
ChIJ6_4lqtj8DDkR5K7EOXYtvCI,ChIJ6_4lqtj8DDkR5K7EOXYtvCI,Hotel Arina Inn,"38, Netaji Subhash Marg, Daryaganj, Delhi",28.6425251,77.240701,3.5,876.0,Daryaganj,hotel,,5.0,0.000401873057126,0.0,1.0,0.0005197753489483,0.0004317306920711,0.0003762479755096,0.0003293452464276,0.0004242818104103,Other,Budget,0.6308237726961006,3.5,0.000401873057126,0.4527916278278182
ChIJP6H9y4PjDDkRCjSUHsc5fjI,ChIJP6H9y4PjDDkRCjSUHsc5fjI,Anand Villa One,"S 164, above MTNL, School Block, Block S1, Part 1, Shakarpur, Delhi",28.6253838,77.2780265,4.6,235.0,Shakarpur,hotel,,5.0,0.6019643426290713,0.6,0.4,0.9998892545700072,0.336710413355225,0.9998452365398406,0.5,0.0008990440401248,Other,Mid-Range,0.508627084204726,4.6,0.6019643426290713,0.764953028005241
ChIJA-zn7S77DDkRXJsksvK3hLw,ChIJA-zn7S77DDkRXJsksvK3hLw,Hotel Rajpath Residency,"D-31, EDM Mall Rd, Bhuapur Village, Kaushambi, Ghaziabad",28.641042,77.324631,3.6,537.0,Kaushambi,hotel,,5.0,0.5960690806503408,0.6,0.4,0.0008315500454045,0.3272204117965884,0.9998064637184144,0.4996234622667543,0.3333594915263043,Other,Mid-Range,0.5853355812316818,3.6,0.5960690806503408,0.646453244853157
ChIJDQCwFlb7DDkRc6G99BgmakY,ChIJDQCwFlb7DDkRc6G99BgmakY,East Inn Hotel,"E-364, opp. Metro Piller, Block E, Nirman Vihar, Preet Vihar, Delhi",28.636707,77.2877152,4.2,182.0,Preet Vihar,hotel,,5.0,0.7988270684843883,0.8,0.2,0.6665363385885333,0.9996796250343324,0.9980365435282388,0.0002752764848992,0.9996947248776754,Other,Budget,0.4849500948560417,4.2,0.7988270684843883,0.7695508801823867
ChIJYYEN1ewHDTkRc3o8PiMnX34,ChIJYYEN1ewHDTkRc3o8PiMnX34,Super Hotel O Raas Near Hira Sweet,"G-79, near Vijay chowk, Block G, Laxmi Nagar, Delhi",28.6336956,77.2811614,3.5,140.0,Laxmi Nagar,hotel,,5.0,0.5999989295843988,0.6,0.4,0.99909245967865,0.99909245967865,0.9994567334651948,0.5000434101675637,0.7497404089081101,Other,Mid-Range,0.4606791356859033,3.5,0.5999989295843988,0.6078997665552575
ChIJ6dIL9O3lDDkR08PFnVJrs1I,ChIJ6dIL9O3lDDkR08PFnVJrs1I,Comfort Inn Hotel,"A-3, Phase 1, Block C, Acharya Niketan, Mayur Vihar, New Delhi, Delhi",28.6085363,77.2934039,3.2,110.0,New Delhi,hotel,,5.0,0.199612291943049,0.2,0.8,0.0009772705088835,0.0005272882262943,0.0006997791933827,0.0006997791933827,0.0005272882262943,New Delhi,Budget,0.4384092885261062,3.2,0.199612291943049,0.435542294630898
ChIJj9wYgTDjDDkRVGwv1YerDGY,ChIJj9wYgTDjDDkRVGwv1YerDGY,Royal Inn Hotel | Best Hotel In Nizamuddin Railway Station,"429/1, NH-19, Jangpura, Bhogal, Delhi, New Delhi",28.5852964,77.248875,4.6,467.0,Delhi,hotel,,5.0,0.7261060153658037,0.8,0.2,0.5000283805566141,0.9982926249504088,0.9987144470214844,0.9978708028793336,0.9988358914852142,Delhi,Budget,0.572359767517246,4.6,0.7261060153658037,0.8181151578560839
ChIJL9PXUUv7DDkRRafKbKk_-Ts,ChIJL9PXUUv7DDkRRafKbKk_-Ts,Hotel S K Residency,"IP Extension HASANPUR DEPO, near RED CORAL BANQUET, Patparganj, New Delhi",28.6321468,77.3044391,4.0,4.0,Patparganj,hotel,,1.0,0.0002028203598456,0.0,1.0,0.5,0.5,0.5,0.5,0.5,Other,Mid-Range,0.1498222752495692,4.0,0.0002028203598456,0.4168886704693499
ChIJc4BAbZoJDTkRKKZrpsVFBFw,ChIJc4BAbZoJDTkRKKZrpsVFBFw,Hotel Beatific Epsilon,"The Beatific, main, Jhajjar Rd, Bahadurgarh, Nuna Majra",28.675451,76.88913,4.6,695.0,Bahadurgarh,hotel,,5.0,0.9998286247253418,1.0,0.0,0.999797910451889,0.9998270869255066,0.999833126862844,0.5,0.999842663606008,Other,Mid-Range,0.6093053797472605,4.6,0.9998286247253418,0.9133025169626512
ChIJPWBpSw0MDTkRIJprdOzTE0U,ChIJPWBpSw0MDTkRIJprdOzTE0U,The Galaxy Resort | Banquet Hall In Bahadurgarh,"4 KM Milestone, Main Jhajjar Road, near Bypass Flyover, Bahadurgarh",28.6740916,76.8885799,4.1,640.0,near Bypass Flyover,hotel,,5.0,0.7097437650721986,0.8,0.2,0.5,0.0002933893410954,0.5,0.5,0.9998812675476074,Other,Luxury,0.6016422073569678,4.1,0.7097437650721986,0.752655899915713
ChIJcyPwClgJDTkRpkzRG7inG44,ChIJcyPwClgJDTkRpkzRG7inG44,Hotel Royal Choice,"Metro Pillar No - 851, Rohtak Road, near PWD Rest House, Basant Vihar, Bahadurgarh",28.6916457,76.9292835,4.0,686.0,Basant Vihar,hotel,,5.0,0.6775014644488693,0.6,0.4,0.6889291554689407,0.9998531341552734,0.9998670816421508,0.5,0.9998531341552734,Other,Mid-Range,0.6080937815559317,4.0,0.6775014644488693,0.7304480002745126
ChIJZ8qlyNIODTkRGzLMscwXcVg,ChIJZ8qlyNIODTkRGzLMscwXcVg,Hotel Red Huts,"Metro Pillar Number - 873, Delhi Rohtak Corridor, opp. Nehru Park, Nehru Park, Bahadurgarh",28.695007,76.9241511,3.8,1843.0,Nehru Park,hotel,,5.0,0.7996908826404251,0.8,0.2,0.5,0.999505579471588,0.5,0.6664605807551803,0.4997771190537605,Other,Mid-Range,0.7000067641365278,3.8,0.7996908826404251,0.7623941968818028
ChIJqXNAFM4JDTkRv9fJ8SQ8ADM,ChIJqXNAFM4JDTkRv9fJ8SQ8ADM,Red Huts Continental,"Metro Pillar no- 885, Rohtak Road, Mahavir Park, Delhi, Bahadurgarh",28.6962195,76.9210282,4.6,1605.0,Delhi,hotel,,5.0,0.799811168492306,0.8,0.2,0.5,0.999834418296814,0.9985920786857604,0.5,0.5003881652664859,Delhi,Mid-Range,0.6871426353573505,4.6,0.799811168492306,0.8660440097402717
ChIJ1QmSeSYJDTkRiOphuniTwKA,ChIJ1QmSeSYJDTkRiOphuniTwKA,Hotel Raaz A Mystery,"opposite Civil Hospital, Mahavir Park, Bahadurgarh",28.6951849,76.9230975,4.4,33.0,Mahavir Park,hotel,,5.0,0.7987065452965908,0.8,0.2,0.999525785446167,0.9998713731765748,0.5,0.4995407210371922,0.9967512488365172,Other,Mid-Range,0.3282682438797654,4.4,0.7987065452965908,0.7627738521340728
ChIJVYMKBmgNDTkRj8J6SsyjxSo,ChIJVYMKBmgNDTkRj8J6SsyjxSo,Hotel Krb Greens,"Minerva's West Side Mall, Sector 14, Bahadurgarh",28.6778817,76.89666860000001,4.5,42.0,Sector 14,hotel,,5.0,0.9997999787330628,1.0,0.0,0.9998497366905212,0.999782219529152,0.9997641444206238,0.5,0.9997999787330628,Other,Mid-Range,0.3501294176361872,4.5,0.9997999787330628,0.8448744610950724
ChIJ95pIbxIMDTkRS4oadXUcB64,ChIJ95pIbxIMDTkRS4oadXUcB64,Hotel Daiwa Avenue 37,"AVENUE 37, HL City Rd, Sector 37, Bahadurgarh",28.67177079999999,76.8988543,3.4,38.0,Sector 37,hotel,,5.0,0.6154784091282636,0.6,0.4,0.9997079968452454,0.074779599905014,0.5,0.5,0.5194210121990182,Other,Mid-Range,0.3410402707054878,3.4,0.6154784091282636,0.5740983289002524
ChIJF8uqIgAJDTkREYIBZj_hsKE,ChIJF8uqIgAJDTkREYIBZj_hsKE,Royal Hotel And Restaurant,"Metro pillar no 874, rohtak facing road, opposite gollar mall, Sector 7, Mahavir Park, Bahadurgarh",28.6949406,76.9235405,4.4,7.0,Mahavir Park,hotel,,4.0,0.7497149530681781,0.75,0.25,0.5,0.9998610019683838,0.5,0.0001864924561232,0.5,Other,Mid-Range,0.1935748254816269,4.4,0.7497149530681781,0.7184948045022479
ChIJm-_MRdgJDTkRaZlhQn1wdRo,ChIJm-_MRdgJDTkRaZlhQn1wdRo,Star Hotel,"Pillar no 870, Model Town, Bahadurgarh",28.6913756,76.9314064,4.3,12.0,Model Town,hotel,,5.0,0.5998596920806449,0.6,0.4,0.5,0.5,0.5,0.0002012767072301,0.0002012767072301,Other,Mid-Range,0.2387706575481475,4.3,0.5998596920806449,0.6670040614184051
ChIJqaVBZgAJDTkRUZgxzV0qqI0,ChIJqaVBZgAJDTkRUZgxzV0qqI0,Hotel Sunrise In,"192, Nahara - Nahari Rd, Aggarwal Colony, Bahadurgarh",28.695446,76.933416,4.5,13.0,Aggarwal Colony,hotel,,5.0,0.6011895384639502,0.6,0.4,0.5021772829350084,0.9998256862163544,0.5,0.5,0.7503563795471564,Other,Mid-Range,0.2456693548613046,4.5,0.6011895384639502,0.6954825522588785
ChIJp8uY-tEPDTkRouDrF1aZ94A,ChIJp8uY-tEPDTkRouDrF1aZ94A,Hotel Shree Ji,"MW8R+VM6, Najafgarh Bahadurgarh Road, Opp. MCD Toll Tax, Jharoda Border, Delhi",28.6671657,76.9416463,4.1,36.0,Jharoda Border,hotel,,5.0,0.7998844230547547,0.8,0.2,0.9991497993469238,0.5,0.996871292591095,0.6675664524858197,0.5,Other,Mid-Range,0.336139675368766,4.1,0.7998844230547547,0.7249435203835333
ChIJ80jFb_AJDTkRlQqSwAF8FZs,ChIJ80jFb_AJDTkRlQqSwAF8FZs,Hotel O Sky,"2nd Floor, Plot no.- 11, Main, no 841, Rohtak - Bahadurgarh Rd, opposite Moti Mahal, Bahadurgarh, Delhi",28.6913056,76.93180559999999,5.0,5.0,Bahadurgarh,hotel,,2.0,0.9998539090156556,1.0,0.0,0.5,0.5,0.5,0.5,0.5,Other,Mid-Range,0.1667945549845492,5.0,0.9998539090156556,0.8723644652455197
ChIJKW3RBVIJDTkR_BVHmyNVYN4,ChIJKW3RBVIJDTkR_BVHmyNVYN4,Hotel Lyf Suites - Bahadurgarh,"12, Barahi Rd, Basant Vihar, Bahadurgarh",28.6927299,76.92922229999999,3.3,3.0,Basant Vihar,hotel,,2.0,0.996639460325241,1.0,0.0,0.9998583793640136,0.5,0.5,0.9934205412864684,0.9998583793640136,Other,Mid-Range,0.1290498836544179,3.3,0.996639460325241,0.6373222148836468
ChIJnT-yG1cJDTkR5GYKsn2M7fU,ChIJnT-yG1cJDTkR5GYKsn2M7fU,Deep Hotel & Restaurant,"Mahavir Park, Bahadurgarh",28.6957664,76.9219591,3.6,333.0,Mahavir Park,hotel,,5.0,0.6002331072988454,0.6,0.4,0.001806511208997,0.9998492896556854,0.5,0.001806511208997,0.9998264908790588,Other,Mid-Range,0.5409580317684104,3.6,0.6002331072988454,0.6383428577745517
ChIJBbpSm1sJDTkRdKOUL6qnOIY,ChIJBbpSm1sJDTkRdKOUL6qnOIY,Oyo 37822 Deep Hotel And Resturant,"881 Brigadier Hoshiyar Singh metro, Mahavir Park,Metro Pillar no-881, Bahadurgarh",28.6958661,76.92191,3.6,48.0,Metro Pillar no-881,hotel,,4.0,0.4883355380734429,0.5,0.5,0.0017518154345452,0.9022846221923828,0.5,0.5,0.5,Other,Budget,0.3622888260681913,3.6,0.4883355380734429,0.5646406793356304
ChIJ5XYHAwAJDTkRhk-aK3gljDQ,ChIJ5XYHAwAJDTkRhk-aK3gljDQ,The Empire State,"12, Barahi Rd, Basant Vihar, Bahadurgarh",28.6927299,76.92922229999999,5.0,10.0,Basant Vihar,hotel,,4.0,0.9962106496095656,1.0,0.0,0.999859094619751,0.9998373985290528,0.5,0.5,0.999859094619751,Other,Mid-Range,0.223219623947779,5.0,0.9962106496095656,0.8832034482738436
ChIJg301fAMJDTkRf7OGcLE3iAU,ChIJg301fAMJDTkRf7OGcLE3iAU,Hotel Bluebird Bahadurgarh,"MXQ2+W4R, MIE Part-A, Bahadurgarh",28.6901171,76.95032069999999,3.3,94.0,MIE Part-A,hotel,,5.0,0.5713477086450439,0.6,0.4,0.0005617915157926,0.0008820552029646,0.8591632843017578,0.5,0.0002415278286207,Other,Mid-Range,0.423919550940717,3.3,0.5713477086450439,0.5643533240911792
ChIJYd2edCEPDTkRXh72EOAVeTg,ChIJYd2edCEPDTkRXh72EOAVeTg,Metroview Rooms & Celebration,"Plot no.12 near mcd tolltax, babaharidasnagar, Tikri Kalan, Bahadurgarh",28.6884582,76.9622498,4.3,322.0,Tikri Kalan,hotel,,5.0,0.7999204734223895,0.8,0.2,0.7499330763093893,0.9998700618743896,0.6668632393508839,0.9998437166213988,0.9996275703112284,Other,Mid-Range,0.5378405777437043,4.3,0.7999204734223895,0.7944427189794715
ChIJy3f9XQAPDTkR9vF3NtOBWoI,ChIJy3f9XQAPDTkR9vF3NtOBWoI,Hotel D Downtown,"MXQ5+7RV, Rohtak Road, border, opposite pillar number 755, near nexa dealership tikri, MIE Part-B, Bahadurgarh",28.6881875,76.95956249999999,4.3,42.0,MIE Part-B,hotel,,5.0,0.7987759042531252,0.8,0.2,0.9956087470054626,0.5,0.9997569918632508,0.9956087470054626,0.7534068585373461,Other,Mid-Range,0.3501294176361872,4.3,0.7987759042531252,0.7541522994163631
ChIJTSydK80ODTkRjEXXevFZBSU,ChIJTSydK80ODTkRjEXXevFZBSU,Oyo 33443 Gateway Inn Hotel,"Rohtak - Delhi Rd, near MIE-7B, MIE Part-B, Bahadurgarh",28.68899,76.9517767,3.3,72.0,MIE Part-B,hotel,,5.0,0.4211815325252246,0.4,0.6,0.5526311360299586,0.0005365476827137,0.5,0.5,0.5,Other,Budget,0.3993980695823625,3.3,0.4211815325252246,0.5112282982453072
ChIJs1sEqnMPDTkRLnqJlQn-Zs4,ChIJs1sEqnMPDTkRLnqJlQn-Zs4,Flagship Royal Mini Guest House Near Najafgarh Metro Station,"Plot no - 8/2, 9/1, Sai Baba Encl., Masudabad, Najafgarh, Delhi",28.6190858,76.9937843,3.9,75.0,Najafgarh,hotel,,5.0,0.6002754753804765,0.6,0.4,0.9996367692947388,0.5002903305285143,0.5,0.5,0.999687522649765,Other,Mid-Range,0.4031471593455658,3.9,0.6002754753804765,0.6489250113780437
ChIJr-JBHwAPDTkRfQSor5wNRiE,ChIJr-JBHwAPDTkRfQSor5wNRiE,Urban Retreat,"Rohtak - Delhi Rd, MIE Part-B, Delhi, Bahadurgarh",28.6847513,76.9467361,4.9,45.0,Delhi,hotel,,5.0,0.9976996898651124,1.0,0.0,0.9944334030151368,0.994488686323166,0.9997605681419371,0.5,0.9998797178268432,Delhi,Mid-Range,0.3564075138935633,4.9,0.9976996898651124,0.8987134869899729
ChIJuf3nLdQODTkRvjBZOc2vxzc,ChIJuf3nLdQODTkRvjBZOc2vxzc,Live Under Del4726,"Tikri Kalan, Delhi",28.685246,76.961113,4.4,39.0,Tikri Kalan,hotel,,3.0,0.6443011645848552,0.6666666666666666,0.3333333333333333,0.5,0.5,0.5,0.5,0.999879002571106,Other,Mid-Range,0.3433971007311961,4.4,0.6443011645848552,0.7167297734908645
ChIJP74sbM4JDTkRYsiyuOAPek8,ChIJP74sbM4JDTkRYsiyuOAPek8,Oyo Metro View,"NH 9, near Mcd Toll Tax, Baba Haridas Nagar, Bahadurgarh, Delhi",28.6885081,76.961754,3.8,71.0,Bahadurgarh,hotel,,5.0,0.6001337992609479,0.6,0.4,0.0004962368984706,0.0004962368984706,0.9996004700660706,0.5000483534822706,0.6667651816581687,Other,Budget,0.3981140517963074,3.8,0.6001337992609479,0.6345158462953973
ChIJHfSvKvcFDTkR4vGMEzb0wDc,ChIJHfSvKvcFDTkR4vGMEzb0wDc,C-Pearls Hotel And Banquet,"Metro Pillar No. 511, Main Rohtak Rd, above Vishal Mega Mart, West Cabin Block, Mundka, New Delhi, Delhi",28.6826297,77.0337806,3.9,963.0,New Delhi,hotel,,5.0,0.0007722520153037,0.0,1.0,0.0007528375426772,0.0009050124208442,0.5,0.5,0.0007528375426772,New Delhi,Mid-Range,0.6396286077597985,3.9,0.0007722520153037,0.5079563273994246
ChIJpfgC7NwFDTkRHExGxyfrvek,ChIJpfgC7NwFDTkRHExGxyfrvek,Hotel O Jps Palace,"A15 Block A, mor metro station gate, 2, Gali Number 8, Block L, Sewak Park, Dwarka, Delhi",28.6260021,77.0386934,2.9,47.0,Dwarka,hotel,,5.0,0.5400477649440291,0.6,0.4,0.0002033304044743,0.5,0.5,0.00032627624023,0.3515337018907303,Dwarka,Luxury,0.3603693804661761,2.9,0.5400477649440291,0.4876767047124155
ChIJjWa5JFAPDTkRDAWNgAmRllc,ChIJjWa5JFAPDTkRDAWNgAmRllc,City Park Resort,"Ghevra ,NH-10, Main Rohtak Rd, opp. Metro Pillar Number 631, Mundka, New Delhi",28.6846914,76.9992062,4.3,3738.0,Mundka,hotel,,5.0,0.6011723770818207,0.6,0.4,0.0004745549813378,0.5017974394213525,0.007581079378724,0.5,0.5017974394213525,Other,Luxury,0.7658101912516572,4.3,0.6011723770818207,0.7795216159709762
ChIJIQRNwakFDTkRRR6RxHgzr8M,ChIJIQRNwakFDTkRRR6RxHgzr8M,Hazel Town House,"71/36, Mundka - Bakkarwala Rd, Saini Vihar, Friends Colony, Mundka, New Delhi, Delhi",28.6816807,77.0372202,4.3,73.0,New Delhi,hotel,,5.0,0.8077577866613865,0.8,0.2,0.9998679161071776,0.9997696280479432,0.6796773336827755,0.9997099339962006,0.9997942000627518,New Delhi,Mid-Range,0.400664617195975,4.3,0.8077577866613865,0.7677664954185395
ChIJ5QdVesIFDTkR0Q9J7-vqSHw,ChIJ5QdVesIFDTkR0Q9J7-vqSHw,Townhouse Oak Hotel C Pearls,"Main Rohtak Rd, West Cabin Block, Mundka, Delhi",28.6825585,77.0339491,1.6,7.0,Mundka,hotel,,5.0,0.0049400224786949,0.0,1.0,0.0002025554276769,0.5,0.5,0.0075300728203728,0.0001843704376369,Other,Mid-Range,0.1935748254816269,1.6,0.0049400224786949,0.1086632725607415
ChIJ_VWw2m0FDTkRNLPQlWkE8Bo,ChIJ_VWw2m0FDTkRNLPQlWkE8Bo,Hotel Shyam Residency,"B-91, Friends Enclave Firani Road, Railway Under Pass, near Balaji Dhawa, Mundka, Delhi",28.686305,77.0268231,2.9,27.0,Mundka,hotel,,5.0,0.000379111766233,0.0,1.0,0.0002406799249001,0.0002687735250219,0.0002125863247783,0.0002125863247783,0.0002406799249001,Other,Mid-Range,0.3101942966885136,2.9,0.000379111766233,0.3048273512121291
ChIJW9pNqsgFDTkRuLtIJdxTt7I,ChIJW9pNqsgFDTkRuLtIJdxTt7I,Oyo 40798 All In One,"A, dwarka, 73, opposite metro pillar no. 822, Hari Vihar, Kakrola, Delhi",28.6172536,77.0231566,3.4,57.0,Kakrola,hotel,,5.0,0.1960839261882938,0.2,0.8,0.000309075898258,0.0016070960070161,0.0003547148953657,0.5,0.0003547148953657,Other,Budget,0.3779858829355023,3.4,0.1960839261882938,0.4481517235589337
ChIJnxC_F-UDDTkR2a5firDedko,ChIJnxC_F-UDDTkR2a5firDedko,Hotel O Relax Inn,"housing complex, 536, Dwarka Mor, Nishat Park, Sector 15 Dwarka, Kakrola, New Delhi, Delhi",28.618446,77.027863,4.0,9.0,New Delhi,hotel,,2.0,0.00090768726659,0.0,1.0,0.0014974859077483,0.5,0.0003178886254318,0.0003178886254318,0.0014974859077483,New Delhi,Budget,0.2143472170767782,4.0,0.00090768726659,0.4308376952189304
ChIJfQMZakYFDTkRoFBxu-hcf6A,ChIJfQMZakYFDTkRoFBxu-hcf6A,Hotel O By Oyo Dwarka Metro,"Hotel, Metro Station Kakrola, RZ-9A, Back of, opp. Dwarka, Nand Vihar, Sector 16A, Dwarka, Delhi",28.6136107,77.0205618,4.3,253.0,Dwarka,hotel,,5.0,0.000985911587486,0.0,1.0,0.000587549865789,0.0002521273563615,0.0004418076423462,0.0002521273563615,0.0002521273563615,Dwarka,Budget,0.5154694146898892,4.3,0.000985911587486,0.5347902230649446
ChIJQahY2GoFDTkRf9MrvyfY8Wo,ChIJQahY2GoFDTkRf9MrvyfY8Wo,Fabhotel Vihaan Regency,"C, 22/1, Regency, Mohan Garden, Uttam Nagar, New Delhi",28.6206616,77.0424492,3.2,11.0,Uttam Nagar,hotel,,5.0,0.3995682631619274,0.4,0.6,0.5000426626356784,0.0005891953187528,0.5,0.000450940162409,0.4985735869558993,Other,Mid-Range,0.2313194968117582,3.2,0.3995682631619274,0.4552897981293251
ChIJLcI5v2MFDTkRw_UHGetjG_A,ChIJLcI5v2MFDTkRw_UHGetjG_A,Hotel The Golden Valley,"Pillar no.774, near Dwarka mod metro station, Block C, Sewak Park, Dwarka, Dwarkanull, Delhi",28.618988,77.033739,3.0,7.0,Dwarkanull,hotel,,4.0,0.4997851891494065,0.5,0.5,0.5000262319808826,0.5,0.5,0.5,0.999354749917984,Other,Mid-Range,0.1935748254816269,3.0,0.4997851891494065,0.452648277024234
ChIJs4RS1F8FDTkR5f4f0ryLlWo,ChIJs4RS1F8FDTkR5f4f0ryLlWo,Oyo Flagship Hotel Metro Inn,"plot no 1, Vipin Garden, Najafgarh, road, near SBI, Sector 15 Dwarka, Dwarka, Delhi",28.619423,77.027585,3.1,55.0,Dwarka,hotel,,5.0,0.3976208221283741,0.4,0.6,0.3359596342197619,0.659820398548618,0.0003806378226727,0.5,0.979844570159912,Dwarka,Budget,0.3747192385157226,3.1,0.3976208221283741,0.4718754638251284
ChIJH6jGmccFDTkR3zHqyC0B97E,ChIJH6jGmccFDTkR3zHqyC0B97E,Hotel O Star View Hotel Near Dwarka Mor Metro Station,"Mor Metro Station Gate, A10, Gali No 1, Dwarka, Gali No 2, Dwarka, Delhi",28.6184382,77.0326489,2.6,37.0,Dwarka,hotel,,5.0,0.000813549524173,0.0,1.0,0.0002424431149847,0.00019234593492,0.5,0.0002424431149847,0.0002424431149847,Dwarka,Mid-Range,0.3386222175183568,2.6,0.000813549524173,0.2711320958952512
ChIJ7Q6BTxMFDTkRFnrFY18zdcU,ChIJ7Q6BTxMFDTkRFnrFY18zdcU,Oyo Hotel Manali,"Metro Station, 67, More, adjacent Gate Number 2, Block C, Sewak Park, Dwarka, Delhi",28.6186802,77.0332487,3.1,105.0,Dwarka,hotel,,5.0,0.0011284376436378,0.0,1.0,0.0013578418729593,0.0005008973676012,0.5,0.0007909740088507,0.0006175036687636,Dwarka,Budget,0.4341186759487797,3.1,0.0011284376436378,0.358011426025046
ChIJecUTHEUFDTkR29XTbwIDD8s,ChIJecUTHEUFDTkR29XTbwIDD8s,Oyo 25416 Hotel Dwarka Inn,"dwarka mod, metro station, C15, near honda showroom , pillar no 791, Delhi",28.6071722,77.0328291,3.2,68.0,pillar no 791,hotel,,5.0,0.2039761085470672,0.2,0.8,0.0030851584597257,0.0034914027783088,0.0011414465261623,0.0192972496151924,0.0011414465261623,Other,Budget,0.3941521852236946,3.2,0.2039761085470672,0.4275212673978032
ChIJPwgrXucFDTkRwjJyjNbunV0,ChIJPwgrXucFDTkRwjJyjNbunV0,Oyo Hotel The Tourist Palace Lavish Key Room'S,"Metro Pillar No 745, A-91, Main Najafgarh RoadOpposite, Mohan Garden, Nawada Extension, Uttam Nagar, Delhi",28.6203402,77.0414682,4.2,5.0,Uttam Nagar,hotel,,4.0,0.5041407271346543,0.5,0.5,0.5002713946742005,0.9998160898685456,0.5,0.5,0.9997923970222472,Other,Budget,0.1667945549845492,4.2,0.5041407271346543,0.6078632075823629
ChIJp7nlOVIPDTkRwHE6DmPJcVU,ChIJp7nlOVIPDTkRwHE6DmPJcVU,Oyo Shaurya Guest House Near Nangli Metro Station,"J285+CF4, Ranaji Mandir Rd, Jai Vihar Colony, Masudabad, Najafgarh, Delhi",28.6160108,77.00870660000001,4.2,21.0,Najafgarh,hotel,,1.0,0.9993332028388976,1.0,0.0,0.5,0.5,0.5,0.5,0.5,Other,Budget,0.2877445657749879,4.2,0.9993332028388976,0.7915762439355654
ChIJk8AAxBEFDTkRijYHy1lzdPE,ChIJk8AAxBEFDTkRijYHy1lzdPE,Oyo Silverkey,"pillar no 740, Nawada Extension, Nawada, Delhi",28.620262,77.0430104,3.1,59.0,Nawada,hotel,,5.0,0.6021691311907489,0.6,0.4,0.3371768179058563,0.9997898936271667,0.0003239935322199,0.4999246510706143,0.6666337591304909,Other,Budget,0.3811417720613274,3.1,0.6021691311907489,0.5385011550495277
ChIJk93LUHsFDTkRUXPXSpxy6eE,ChIJk93LUHsFDTkRUXPXSpxy6eE,Oyo Flagship Dwarka Mor Metro Hotel,"Tehsil, 306, Patel Garden, Block A, Sewak Park, Patel Nagar, Delhi",28.6188986,77.0305128,2.2,10.0,Patel Nagar,hotel,,5.0,0.0006013083591823,0.0,1.0,0.0002190202212659,0.5,0.5,0.5,0.0011594994793994,Other,Budget,0.223219623947779,2.2,0.0006013083591823,0.193345022946443
ChIJW5do3zkFDTkR4EgaTWFczG0,ChIJW5do3zkFDTkR4EgaTWFczG0,Tony Inn Hotel,"404, Bhera Enclave, Paschim Vihar, New Delhi, Delhi",28.6694976,77.0918508,4.1,503.0,New Delhi,hotel,,5.0,0.2077483422064687,0.2,0.8,0.5,0.0097244688004138,0.518260484561324,0.0015531672397628,0.5001035331515594,New Delhi,Budget,0.5792584648304031,4.1,0.2077483422064687,0.5877369998544272
ChIJed7_0FcFDTkR-gZawBKRXdQ,ChIJed7_0FcFDTkR-gZawBKRXdQ,"Clay Inn Hotels, Paschim Vihar","A -331, Nilothi - Meera Bagh Rd, Block A, Red Light, Paschim Vihar, Delhi",28.6603543,77.0911043,4.1,572.0,Paschim Vihar,hotel,,5.0,0.6406182499136776,0.6,0.4,0.5010532963788136,0.7504243517178111,0.5,0.2013938426971435,0.6672895304703464,Paschim Vihar,Budget,0.5912027674861633,4.1,0.6406182499136776,0.7283814891195257
ChIJFzlAtHoEDTkRWL-rjvV_XKE,ChIJFzlAtHoEDTkRWL-rjvV_XKE,"Radisson Blu Hotel, New Delhi Paschim Vihar","Outer Ring Rd, Sunder Vihar, Paschim Vihar, New Delhi, Delhi",28.6672398,77.0915818,4.4,27921.0,New Delhi,hotel,,5.0,0.9957359075546264,1.0,0.0,0.9793272614479064,0.9929959376653036,0.5,0.9793272614479064,0.9998380690813063,New Delhi,Luxury,0.9529762644251056,4.4,0.9957359075546264,0.9585070016500602
ChIJ_RzqqisFDTkRYxg7FcLYFkg,ChIJ_RzqqisFDTkRYxg7FcLYFkg,Hotel Western Blu,"A7, Shubham Enclave, Reserve Bank Enclave, Paschim Vihar, New Delhi, Delhi",28.668067,77.09320079999999,4.5,601.0,New Delhi,hotel,,5.0,0.400410185198416,0.4,0.6,0.5,0.400410185198416,0.9998818635940552,0.0008304365910589,0.5003051223502553,New Delhi,Mid-Range,0.5957987724974919,4.5,0.400410185198416,0.7058961892058143
ChIJsehXBLEFDTkRRnCG_Agg_HY,ChIJsehXBLEFDTkRRnCG_Agg_HY,Hotel Comfort Inn,"74/3/8 khasra, Street No. 4, near Soniya hospital, Gulshan Park, Mundka, Delhi",28.6832966,77.0525542,4.2,47.0,Mundka,hotel,,5.0,0.999672818183899,1.0,0.0,0.9997296184301376,0.999695360660553,0.5,0.999614119529724,0.9996537963549296,Other,Budget,0.3603693804661761,4.2,0.999672818183899,0.8071315414950224
ChIJHyrrFgYFDTkRCzPiQ2YZTo8,ChIJHyrrFgYFDTkRCzPiQ2YZTo8,Flagship Chahal Guest House Near Nangloi Railway Station Metro Station,"100 G-77, Nr. Nangloi railway metro station, Beside Sonia Hospital",28.6833492,77.05140209999999,3.8,776.0,Nr. Nangloi railway metro station,hotel,,5.0,0.6002454573637805,0.6,0.4,0.5,0.9998433589935304,0.5,0.5,0.5005296794697642,Other,Mid-Range,0.619553701560202,3.8,0.6002454573637805,0.6816506092198686
ChIJ_5Hg9YIFDTkRXwEXjrDM4mM,ChIJ_5Hg9YIFDTkRXwEXjrDM4mM,The Royal Retreat Hotel,"A-333, Nilothi - Meera Bagh Rd, opposite SBI Bank, near Jana Small finance Bank, Block A, Meera Bagh, Paschim Vihar, Delhi",28.6602124,77.09110179999999,4.2,65.0,Paschim Vihar,hotel,,5.0,0.7821619282010943,0.8,0.2,0.9943499167760214,0.6421321050729603,0.5,0.9701928893725076,0.9634729325771332,Paschim Vihar,Mid-Range,0.3900141789323282,4.2,0.7821619282010943,0.7440415797003174
ChIJXdmXL30EDTkR5YJTrNiByBs,ChIJXdmXL30EDTkR5YJTrNiByBs,Hotel Picasso - Paschim Vihar,"B-374, Outer Ring Rd, Block B, Meera Bagh, Paschim Vihar, Delhi",28.6593956,77.0917202,4.1,1157.0,Paschim Vihar,hotel,,5.0,0.9990558981895448,1.0,0.0,0.9996720353762308,0.9998647769292196,0.5,0.5,0.9990558981895448,Paschim Vihar,Mid-Range,0.6566974036398555,4.1,0.9990558981895448,0.8566688038031774
ChIJPQR11mkEDTkRFscLu0VKDTE,ChIJPQR11mkEDTkRFscLu0VKDTE,Twamev Residency,"near Sai Baba Mandir Road, PVC Market, Jawalapuri Extension, Paschim Vihar, Delhi",28.6704588,77.0794959,4.5,159.0,Paschim Vihar,hotel,,5.0,0.80028803255409,0.8,0.2,0.0022223545238375,0.9998245537281036,0.5,0.0022223545238375,0.999841034412384,Paschim Vihar,Mid-Range,0.472446984385614,4.5,0.80028803255409,0.8072379795657475
ChIJTfkiOAcFDTkRL9cLd2gw-Fw,ChIJTfkiOAcFDTkRL9cLd2gw-Fw,Hotel Millions,"3rd floor, Metro Station Nangloi, opposite Nangloi, Dharam Colony, JJ Colony No 1, Nangloi, Delhi",28.6823838,77.0648561,4.8,27.0,Nangloi,hotel,,5.0,0.9985641717910768,1.0,0.0,0.5,0.9995929598808287,0.9998584985733032,0.5,0.996755450963974,Other,Mid-Range,0.3101942966885136,4.8,0.9985641717910768,0.8758665197659996
ChIJ83sN18QEDTkR8THDqjoDwF8,ChIJ83sN18QEDTkR8THDqjoDwF8,Qotel Signature Coleman Janakpuri,"298, Block A1, Asalatpur Khadar, New Delhi, Delhi",28.62364,77.06857900000001,4.4,502.0,New Delhi,hotel,,5.0,0.2431454743666108,0.2,0.8,0.250323235457472,0.250323235457472,0.0006039438012521,0.0002188346697948,0.3036845797250862,New Delhi,Mid-Range,0.5790735793404571,4.4,0.2431454743666108,0.6388712134048193
ChIJ_9rw7eAFDTkRqnPuRhVAmcE,ChIJ_9rw7eAFDTkRqnPuRhVAmcE,Hotel O Blue Sky,"above bikaner cornerwala, Bhera Enclave, Paschim Vihar, Delhi",28.6700268,77.0878025,3.4,46.0,Paschim Vihar,hotel,,5.0,0.0009422545845154,0.0,1.0,0.5,0.5,0.0004692014190368,0.0001990375021705,0.0002300623940148,Paschim Vihar,Mid-Range,0.358409522528563,3.4,0.0009422545845154,0.3817293964037576
ChIJOdNvnNkFDTkRX4MD2_JUXeQ,ChIJOdNvnNkFDTkRX4MD2_JUXeQ,Hotel O The Paradise Inn,"A 110 , Umrav singh complex 3rd floor pillar number 374 near nangloi chowk new Delhi, 56, Delhi",28.682306,77.06863899999999,2.5,8.0,56,hotel,,5.0,0.4000879518280271,0.4,0.6,0.0002950926718767,0.000253726451774,0.5,0.0002644390042405,0.9998218417167664,Other,Budget,0.2045392263146805,2.5,0.4000879518280271,0.3567054398766741
ChIJD52m02gEDTkRjAvSWtdaO2E,ChIJD52m02gEDTkRjAvSWtdaO2E,Swastik Residency Paschimvihar By Twamev,"Guru Harkishan Nagar, Paschim Vihar, New Delhi, Delhi",28.67037899999999,77.08502399999999,4.9,76.0,New Delhi,hotel,,5.0,0.9998389482498168,1.0,0.0,0.9997923970222472,0.5,0.999862790107727,0.5,0.9998389482498168,New Delhi,Mid-Range,0.4043640369818747,4.9,0.9998389482498168,0.909596121616204
ChIJc2maTQAFDTkRh3AjPkXjtts,ChIJc2maTQAFDTkRh3AjPkXjtts,Hotel Classic Inn,"Najafgarh Rd, near Hanuman Mandir, Adhyapak Nagar, Kamruddin Nagar, Delhi",28.6685047,77.0560338,3.5,27.0,Kamruddin Nagar,hotel,,5.0,0.8042867943644524,0.8,0.2,0.9970529079437256,0.9995279312133788,0.5,0.9995279312133788,0.9970529079437256,Other,Budget,0.3101942966885136,3.5,0.8042867943644524,0.6410689280023336
ChIJg4R_9YMFDTkRyOFMO5N_XAk,ChIJg4R_9YMFDTkRyOFMO5N_XAk,Fabhotel 19 West,"Rr-19, Main Rohtak Rd, Block RR, Mianwali Nagar, Paschim Vihar, New Delhi, Delhi",28.680178,77.085008,4.3,18.0,New Delhi,hotel,,3.0,0.9536532759666444,1.0,0.0,0.8625339865684509,0.9998226761817932,0.5,0.5,0.8625339865684509,New Delhi,Mid-Range,0.2740972756911478,4.3,0.9536532759666444,0.7873931300788913
ChIJpwL5yooFDTkRP-ehRCXFN38,ChIJpwL5yooFDTkRP-ehRCXFN38,Hotel O By Oyo Ar Residency,"405, First floor, Site 1 Pillar number 623, Shankar Garden, Vikaspuri, Delhi",28.627553,77.070556,4.2,86.0,Vikaspuri,hotel,,5.0,0.2001492389303166,0.2,0.8,0.9998553991317748,0.0001985100825549,0.5,0.5000205887045012,0.3334193191258236,Other,Budget,0.4157305542656336,4.2,0.2001492389303166,0.5638244147998109
ChIJ6-1znNsFDTkRm7yVEo8cwTc,ChIJ6-1znNsFDTkRm7yVEo8cwTc,Fabhotel Moro Paschim Vihar,"74 Plot no, 74, National Market School Rd, near Naginlake Apartment, Bhera Enclave, Paschim Vihar, New Delhi, Delhi",28.6733327,77.09177009999999,4.2,341.0,New Delhi,hotel,,5.0,0.2007502513763029,0.2,0.8,0.0011846875616659,0.000250355922617,0.5,0.9998511075973512,0.3335540978490219,New Delhi,Mid-Range,0.5431614438330373,4.2,0.2007502513763029,0.5911200954438088
ChIJh58T-3wHDTkRAf1MFbIVc2Y,ChIJh58T-3wHDTkRAf1MFbIVc2Y,Super Hotel O Raas Near Near Paschim Vihar,"M -113, Guru Harkishan Nagar, Paschim Vihar, Delhi",28.6702656,77.0867033,3.3,83.0,Paschim Vihar,hotel,,5.0,0.2013043777551501,0.2,0.8,0.5,0.002201655646786,0.5,0.002045786823146,0.5008959250990301,Paschim Vihar,Mid-Range,0.4124639098458538,3.3,0.2013043777551501,0.4438571329105993
ChIJBzhabYMFDTkRwDDnvz1r_Ms,ChIJBzhabYMFDTkRwDDnvz1r_Ms,Hotel Primeland,"B2B, 9, near Dharam Marg, Block B 2B, Janakpuri, New Delhi, Delhi",28.6328525,77.0906756,3.9,217.0,New Delhi,hotel,,5.0,0.2003412849531742,0.2,0.8,0.0006008581840433,0.0007186499424278,0.5,0.9995102882385254,0.0004924955283058,New Delhi,Mid-Range,0.5012416416592678,3.9,0.2003412849531742,0.54219313876036
ChIJ1SaUP0obDTkRbBiVtIz-s3A,ChIJ1SaUP0obDTkRbBiVtIz-s3A,Treebo Elegant Palace,"Second Floor, F-3, near Dabri - Palam Road, Main Shiv Market, Block A 1, Vijay Enclave, Mahavir Enclave, New Delhi, Delhi",28.6059511,77.0811473,3.7,76.0,New Delhi,hotel,,5.0,0.5946799357654526,0.6,0.4,0.5001247453037648,0.5001330027880613,0.9998612403869628,0.5001412602723576,0.6666423828961948,New Delhi,Luxury,0.4043640369818747,3.7,0.5946799357654526,0.620811725573771
ChIJ64ybpDgFDTkRNm-JNcbqCuE,ChIJ64ybpDgFDTkRNm-JNcbqCuE,Saltstayz Premier - Paschim Vihar,"A-341, Block A, Meera Bagh, Paschim Vihar, Delhi",28.65919,77.0908998,4.6,537.0,Paschim Vihar,hotel,,5.0,0.7932603673019912,0.8,0.2,0.7416139637280139,0.0002477545931469,0.9836614429950714,0.4995664844609564,0.7497132067728671,Paschim Vihar,Budget,0.5853355812316818,4.6,0.7932603673019912,0.8423001577821009
ChIJaxDfKpMEDTkRrRoIsuSSnSM,ChIJaxDfKpMEDTkRrRoIsuSSnSM,Pelican,"J 15, near more super market, Block J, Vikaspuri, New Delhi, Delhi",28.6415665,77.0795452,3.8,130.0,New Delhi,hotel,,5.0,0.4019745296158361,0.4,0.6,0.9998902082443236,0.0002989523636642,0.9998902082443236,0.5,0.6666379091814936,New Delhi,Mid-Range,0.4538312100203575,3.8,0.4019745296158361,0.5831453425805178
ChIJe3A-xMkEDTkR1g2PS6vXF5k,ChIJe3A-xMkEDTkR1g2PS6vXF5k,Desire Courtyard,"C1/1 Janakpuri, Pankha Rd, next to Bite Bikenar, side, New Delhi",28.6176209,77.07834509999999,4.5,158.0,side,hotel,,5.0,0.799951423285529,0.8,0.2,0.7499718232429586,0.6666738408772895,0.5000847902847454,0.5000847902847454,0.9998583495616912,Other,Mid-Range,0.471863347278911,4.5,0.799951423285529,0.8070064500469802
ChIJgSk2NVIFDTkRfuvFZDMRVkU,ChIJgSk2NVIFDTkRfuvFZDMRVkU,Western Blu Inn,"A-6, A1 Rd, Shubham Enclave, Reserve Bank Enclave, Paschim Vihar, Delhi",28.6678623,77.0932122,4.0,29.0,Paschim Vihar,hotel,,5.0,0.4198374866507947,0.4,0.6,0.0943590551614761,0.5011940004769713,0.5,0.0025641163811087,0.9998762607574464,Paschim Vihar,Budget,0.3166168302341184,4.0,0.4198374866507947,0.5862464497087562
ChIJoRD2ulIbDTkRSe133WMqhaI,ChIJoRD2ulIbDTkRSe133WMqhaI,Rr Residency,"Laxmi Bangali Sweets Wali Gali More, RZ 80 Raghu Nagar Gali No 3, Pankha Rd, Dabri, New Delhi, Delhi",28.6113532,77.0895142,4.1,363.0,New Delhi,hotel,,5.0,0.7996482666989323,0.8,0.2,0.9997254014015198,0.4997377834370126,0.0002956671814899,0.4997377834370126,0.9994864165782928,New Delhi,Mid-Range,0.5489649542366611,4.1,0.7996482666989323,0.7701350807379491
ChIJ6VKu20AFDTkR0gckv0FCS3M,ChIJ6VKu20AFDTkR0gckv0FCS3M,Hotel O By Oyo Comfort,"74/3/8 khasra, Street No. 4, near Soniya hospital, Assam Timber Market, Gulshan Park, Mundka, Delhi",28.684503,77.0440189,4.5,23.0,Mundka,hotel,,2.0,0.9998491108417512,1.0,0.0,0.5,0.9998717308044434,0.9998264908790588,0.5,0.9998264908790588,Other,Budget,0.2958444386389672,4.5,0.9998491108417512,0.8333439846605737
ChIJ78FO7agFDTkRWu2o8J3LbLE,ChIJ78FO7agFDTkRWu2o8J3LbLE,Hotel O Plus One Hotel Residency,"Matiala Extension, Sukh Ram Park, Nagar, Delhi",28.6145183,77.04675859999999,3.0,214.0,Nagar,hotel,,5.0,0.0007562921731732,0.0,1.0,0.0003331053594592,0.0006381620187311,0.5,0.0006169105909065,0.0004632572381523,Other,Mid-Range,0.4999516928857564,3.0,0.0007562921731732,0.3586016122536163
ChIJ5XqZzjwFDTkRMQgkRgFzsz4,ChIJ5XqZzjwFDTkRMQgkRgFzsz4,Hotel Down Town,"A-17, opposite to RADISSON BLU HOTEL, Shubham Enclave, Reserve Bank Enclave, Paschim Vihar, New Delhi, Delhi",28.6689607,77.0932854,4.9,187.0,New Delhi,hotel,,5.0,0.7999343220901209,0.8,0.2,0.999847024679184,0.5000476103305118,0.9998132586479188,0.5,0.999847412109375,New Delhi,Mid-Range,0.487459406182981,4.9,0.7999343220901209,0.8634919872594126
ChIJmQYnvXEEDTkR0r7CgDsyI6Q,ChIJmQYnvXEEDTkR0r7CgDsyI6Q,Satyam Banquet & Hotel,"Dr KB Hegdewar Marg, Bhera Enclave, Paschim Vihar, New Delhi, Delhi",28.6726304,77.09305440000001,4.0,482.0,New Delhi,hotel,,5.0,0.600960732952808,0.6,0.4,0.9997825026512146,0.0002023417182499,0.5,0.9997825026512146,0.5025640246458352,New Delhi,Mid-Range,0.5752965982577903,4.0,0.600960732952808,0.6990524351054316
ChIJVSz7rbgFDTkR72aXE2MlSsY,ChIJVSz7rbgFDTkR72aXE2MlSsY,Hotel 7 Star,"309, Block, Block 9, Sunder Vihar, Paschim Vihar, Delhi",28.6611864,77.0884065,4.8,188.0,Paschim Vihar,hotel,,5.0,0.7997927100688684,0.8,0.2,0.4997057694272371,0.7497817167677567,0.5,0.4997057694272371,0.9995007514953614,Paschim Vihar,Mid-Range,0.4879532525061165,4.8,0.7997927100688684,0.8502583989022193
ChIJqaoxLsUEDTkR-NjBX_zkwmo,ChIJqaoxLsUEDTkR-NjBX_zkwmo,Hotel Twamev Residency Uttam Nagar,"Twamev residency, Pankha Rd, Indra Park Extension, Indra Park, Ram Datt Enclave, Uttam Nagar, New Delhi, Delhi",28.6221834,77.06818009999999,4.5,506.0,New Delhi,hotel,,5.0,0.2003001154167577,0.2,0.8,0.0005546585598494,0.0003495748387649,0.5,0.3333173616071386,0.3333173616071386,New Delhi,Mid-Range,0.5798109282536353,4.5,0.2003001154167577,0.638651990745957
ChIJC5Q-kVUFDTkRJw9wSqEzoKY,ChIJC5Q-kVUFDTkRJw9wSqEzoKY,Hotel O Jps Lux,"487/5, Bhatnagar international School, BlockC, National Market, Mianwali Nagar, Paschim Vihar, Delhi",28.67412689999999,77.08828880000002,1.7,35.0,Paschim Vihar,hotel,,5.0,0.000528152345214,0.0,1.0,0.0004227756435284,0.000276201084489,0.0004842696653213,0.0003875700155428,0.0005911401603952,Paschim Vihar,Mid-Range,0.3335891099690984,1.7,0.000528152345214,0.1503295033390121
ChIJ3btan6QFDTkRqEJyaQ20wag,ChIJ3btan6QFDTkRqEJyaQ20wag,Hotel Allen Stay’S,"Uttam Nagar West, Block D, Uttam Nagar, Delhi",28.6222891,77.0588958,4.7,102.0,Uttam Nagar,hotel,,5.0,0.400311106457957,0.4,0.6,0.0007175306721667,0.0008472976624034,0.0008472976624034,0.0002319613849977,0.5001205498301715,Other,Budget,0.4314460575440993,4.7,0.400311106457957,0.6974944472986311
ChIJKSxZzWIEDTkRrhjAZD1JDX4,ChIJKSxZzWIEDTkRrhjAZD1JDX4,Hotel Lexus,"Metro Pillar No. 14, A-343, Block A, Meera Bagh, Paschim Vihar, New Delhi, Delhi",28.6591648,77.090902,4.6,159.0,New Delhi,hotel,,5.0,0.2009346263832412,0.2,0.8,0.001299224270042,0.5013846886577085,0.5,0.5,0.9997780919075012,New Delhi,Mid-Range,0.472446984385614,4.6,0.2009346263832412,0.6293120836432663
ChIJD6eyOWkEDTkRa5DoupugiDg,ChIJD6eyOWkEDTkRa5DoupugiDg,Parkash'S Bed And Breakfast,"M-279, Guru Harkishan Nagar, Paschim Vihar, New Delhi, Delhi",28.6721981,77.0842395,3.8,185.0,New Delhi,hotel,,5.0,0.3831785601214506,0.4,0.6,0.0006078932492527,0.0007460296619683,0.0007460296619683,0.0017085712170228,0.333671937638428,New Delhi,Mid-Range,0.4864637837128357,3.8,0.3831785601214506,0.584089415404343
ChIJF89697MFDTkRfrH0O-4wLtg,ChIJF89697MFDTkRfrH0O-4wLtg,Hotel O Mannat Bhera Enclave,"M-131, Guru Harikisan Nagar, Bhera Enclave, Paschim Vihar, Delhi",28.6702812,77.0847666,4.0,53.0,Paschim Vihar,hotel,,5.0,0.4004266816598828,0.4,0.6,0.0011349460983182,0.0005783645756309,0.9998278617858888,0.9997633099555968,0.2505925245859543,Paschim Vihar,Mid-Range,0.3713337812992298,4.0,0.4004266816598828,0.5916916036692985
ChIJFT-i-PoDDTkRrnWEgdqRMJc,ChIJFT-i-PoDDTkRrnWEgdqRMJc,Hotel Yellow Chilli Britannia Chowk- Couple Friendly Local Id Accepted,"518, opposite Ram Mandir, Shree Nagar, Srinagar Garden, Shakurpur, Delhi",28.684523,77.1399716,4.3,431.0,Shakurpur,hotel,,5.0,0.5997787262313068,0.6,0.4,0.4997625382384285,0.9994444251060486,0.4994423030148028,0.000280177919194,0.5000636162003502,Other,Mid-Range,0.5649086067808567,4.3,0.5997787262313068,0.7363461894395926
ChIJlVva8wIDDTkROmiajVKodCw,ChIJlVva8wIDDTkROmiajVKodCw,Hotel Royal Saffron - Kirti Nagar,"Block B, 11-A, Kirti Nagar Main Rd, Black B, Namdhari Colony, Kirti Nagar, New Delhi, Delhi",28.6539573,77.1369898,4.1,544.0,New Delhi,hotel,,5.0,0.000840436090948,0.0,1.0,0.0011448372194232,0.0006046365500272,0.0019015261204913,0.0003838343982351,0.000840436090948,New Delhi,Mid-Range,0.586538975081628,4.1,0.000840436090948,0.5232730672981984
ChIJf-ojjVkDDTkRA5rECogctuM,ChIJf-ojjVkDDTkRA5rECogctuM,Qotel Comfort Golden Saffron Punjabi Bagh,"C, 71A, Shivaji Park Rd, Shivaji Park, Block S, West Punjabi Bagh, Punjabi Bagh, Delhi",28.67445519999999,77.12919,4.5,1472.0,Punjabi Bagh,hotel,,5.0,0.9982112646102904,1.0,0.0,0.5,0.9998551607131958,0.9916356801986694,0.5,0.9982112646102904,Other,Mid-Range,0.6790954419207224,4.5,0.9982112646102904,0.9143370708450732
ChIJkcJp03YDDTkRH88qPNzHLkw,ChIJkcJp03YDDTkRH88qPNzHLkw,Hotel Eternity,"B-40, near Road Number 28, Block B, Vishal Enclave, Rajouri Garden, New Delhi, Delhi",28.6539586,77.1173219,4.1,923.0,New Delhi,hotel,,5.0,0.9104512810707092,1.0,0.0,0.9816407561302184,0.8508359789848328,0.9998767375946044,0.5,0.9953164905309676,New Delhi,Mid-Range,0.6356835337936328,4.1,0.9104512810707092,0.8239305973217136
ChIJz6cFNNcDDTkR2sR2snMfXUM,ChIJz6cFNNcDDTkR2sR2snMfXUM,Ramada By Wyndham New Delhi Pitampura,"Plot No 10, Rd Number 42, Co-operative Group Housing Societies Pitampura, Pitampura, New Delhi, Delhi",28.6908752,77.1200416,3.8,2778.0,New Delhi,hotel,,5.0,0.374678049259819,0.4,0.6,0.5,0.0033409229945391,0.5,0.001181012368761,0.4680523084825835,New Delhi,Mid-Range,0.7381879259243195,3.8,0.374678049259819,0.6349178931142689
ChIJd5LhshIDDTkRPxoMyHG_tgA,ChIJd5LhshIDDTkRPxoMyHG_tgA,Twamev Rajouri Garden By The Arrow,"metro station, Block A2, Block A, Rajouri Garden, New Delhi, Delhi",28.648087,77.125615,4.7,294.0,New Delhi,hotel,,5.0,0.7999741620966233,0.8,0.2,0.0006099080783315,0.0006099080783315,0.0006099080783315,0.0006099080783315,0.666782628686633,New Delhi,Mid-Range,0.5293994757998772,4.7,0.7999741620966233,0.8458382536854633
ChIJM5oBwCkDDTkRcugcLbFClE8,ChIJM5oBwCkDDTkRcugcLbFClE8,Hotel Silver Saffron Paschim Vihar New Delhi,"A-1/4, near Metro Station Peera Garhi, A1 Block Paschim Vihar, A 2 Block, Paschim Vihar, New Delhi, Delhi",28.6788554,77.0974397,4.2,761.0,New Delhi,hotel,,5.0,0.8184811502695084,0.8,0.2,0.999817818403244,0.9688359797000884,0.5,0.5,0.984182596206665,New Delhi,Mid-Range,0.6177390278472294,4.2,0.8184811502695084,0.80406493379122
ChIJPWZW_gkEDTkRvJ3DTtFoPVQ,ChIJPWZW_gkEDTkRvJ3DTtFoPVQ,"Hotel La, New Delhi","Road No - 43, Community Center, Plot A-1 & A-2, Mahaveer Hospital Road, nr. West Enclave, Mangolpuri Industrial Area Phase II, Phase 2, Pocket D, Industrial Area, Pitampura, New Delhi, Delhi",28.68698,77.10218689999999,4.0,3619.0,New Delhi,hotel,,5.0,0.0338185639528091,0.0,1.0,0.5,0.0560409680668574,0.0837757381668779,0.0836758082441519,0.0338185639528091,New Delhi,Mid-Range,0.7627992784810635,4.0,0.0338185639528091,0.5579907636487579
ChIJQb2D4b8DDTkRq0dRnD7Y1VI,ChIJQb2D4b8DDTkRq0dRnD7Y1VI,Super Townhouse Grand Pacific Ocean,"Hotel grand pacific Ocean, Metro station, WZ 3, Chaudhary Tyagi Marg, near Moti Nagar, opposite Metro Pillar Number 323, Moti Nagar, Kailash Park, Basai Dara pur, Moti Nagar, Delhi",28.6568697,77.1377443,2.6,575.0,Moti Nagar,hotel,,5.0,0.0005025719379772,0.0,1.0,0.0005490535404532,0.0002492459752829,0.5,0.0005553400915232,0.0006735593390961,Other,Mid-Range,0.5916888772779344,2.6,0.0005025719379772,0.3248589315704633
ChIJ_XfWkV0DDTkRV-MWftStFZY,ChIJ_XfWkV0DDTkRV-MWftStFZY,Hotel The Luxe,"KH No-288, H.No-301 7-A, Plot No-26, near M2K Cinema, Sant Nagar, Rani Bagh, Delhi",28.6893289,77.1329161,4.8,49.0,Rani Bagh,hotel,,5.0,0.9998666048049928,1.0,0.0,0.9998666048049928,0.5,0.9998804330825806,0.9998667240142822,0.9998666048049928,Other,Mid-Range,0.3641694923263474,4.8,0.9998666048049928,0.8877623137997852
ChIJVyec7RQDDTkR4XxDwRD94Aw,ChIJVyec7RQDDTkR4XxDwRD94Aw,Hotel Home Stay Residency,"2nd floor, H.No. 4, B/15, next to Hadiram, Tilak Nagar, Delhi",28.6390806,77.1008636,4.4,9.0,Tilak Nagar,hotel,,5.0,0.60033263056539,0.6,0.4,0.0004259542329236,0.5,0.9998666048049928,0.5,0.9998759031295776,Other,Budget,0.2143472170767782,4.4,0.60033263056539,0.6752536484886594
ChIJD-BZ3TMDDTkRXdT-qrMpMYY,ChIJD-BZ3TMDDTkRXdT-qrMpMYY,Hotel Aman Deluxe,"A 30-31, Vishal Enclave, RAJOURI GARDEN, Tagore Garden Extension, New Delhi",28.6495134,77.12062039999999,3.5,702.0,Tagore Garden Extension,hotel,,5.0,0.3467124496120959,0.4,0.6,0.003105104973656,0.0003947016375605,0.3665466618258506,0.5,0.9997891783714294,Other,Mid-Range,0.6102369510599138,3.5,0.3467124496120959,0.5589007800692868
ChIJI18Xu_8DDTkRFoel4lHlmjQ,ChIJI18Xu_8DDTkRFoel4lHlmjQ,Hotel Park View Rani Bagh Pitampura,"120, Shakti Vihar, Pitampura, Delhi",28.6920767,77.1306602,4.5,98.0,Pitampura,hotel,,5.0,0.595235262683127,0.6,0.4,0.7425650343793676,0.9898743828137714,0.9994137287139891,0.0032765824871603,0.7438848310848697,Other,Mid-Range,0.4277588502624594,4.5,0.595235262683127,0.7323124361890644
ChIJx5sJWL8DDTkRLnwjpzfKFV0,ChIJx5sJWL8DDTkRLnwjpzfKFV0,The Castle Bed And Breakfast,"884, Rani Bagh Rd, near Punjab and Sindh Bank, Multani Mohalla, Rani Bagh, Pitampura, New Delhi, Delhi",28.6840083,77.1305496,3.7,92.0,New Delhi,hotel,,5.0,0.7990691618964775,0.8,0.2,0.9984344045321146,0.9990187088648478,0.5,0.5,0.99734628200531,New Delhi,Mid-Range,0.4219388418856267,3.7,0.7990691618964775,0.6897586965606711
ChIJSS6OdLcFDTkRIf0z1kCxSfw,ChIJSS6OdLcFDTkRIf0z1kCxSfw,Udupi Hotel,"8A, DDA Community Center, Friends Tower, A 2B Block, Paschim Vihar, New Delhi, Delhi",28.6692723,77.10086179999999,4.5,36.0,New Delhi,hotel,,5.0,0.8065388157963753,0.8,0.2,0.5,0.5166432149708271,0.5,0.5,0.8065388157963753,New Delhi,Mid-Range,0.336139675368766,4.5,0.8065388157963753,0.7802403431210979
ChIJw2f9Y3YDDTkR7XalAEXGCGI,ChIJw2f9Y3YDDTkR7XalAEXGCGI,Fabhotel Grand Palazzo I,"2nd Floor, GN-4, Shivaji Enclave, Tagore Garden Extension, New Delhi, Delhi",28.65483,77.1199,4.6,95.0,New Delhi,hotel,,5.0,0.2002935609081759,0.2,0.8,0.0007981322705745,0.000256098297541,0.5000787378376117,0.0002520225534681,0.5000787378376117,New Delhi,Mid-Range,0.4248943222933851,4.6,0.2002935609081759,0.6189933358370132
ChIJnSdHCZYDDTkR_BE827TPifk,ChIJnSdHCZYDDTkR_BE827TPifk,Hotel Royal Saffron By Majesta Stays,"Black B, 11-A, Kirti Nagar Main Rd, Black B, Namdhari Colony, Kirti Nagar, New Delhi, Delhi",28.6540333,77.1369759,4.7,236.0,New Delhi,hotel,,5.0,0.2455419943085871,0.2,0.8,0.0755664389774513,0.0755664389774513,0.225154310464859,0.5,0.2506389152695191,New Delhi,Budget,0.5090206992249477,4.7,0.2455419943085871,0.664616238272805
ChIJoXCAC4UCDTkR74kNa9O7gqI,ChIJoXCAC4UCDTkR74kNa9O7gqI,Hotel Sunshine Delhi,"17B, 21, Desh Bandhu Gupta Rd, behind MCD office Karol Bagh, Christian Colony, Block 17 B, Dev Nagar, Karol Bagh, Delhi",28.6577125,77.1828723,3.9,1565.0,Karol Bagh,hotel,,5.0,0.6791424891329371,0.6,0.4,0.7984262009461721,0.9997631907463074,0.9998452663421632,0.7985066076119741,0.8487803414463997,Karol Bagh,Mid-Range,0.684794722407523,3.9,0.6791424891329371,0.7339920284832674
ChIJJ_yccvHhDDkRZT2M9nML5Y8,ChIJJ_yccvHhDDkRZT2M9nML5Y8,Golden Keys Inn,"B-2/15, Ambedkar Chowk, Ashok Vihar II, Pocket B 2, Phase 2, Ashok Vihar, New Delhi, Delhi",28.6913447,77.17642339999999,4.0,793.0,New Delhi,hotel,,5.0,0.6010997967794538,0.6,0.4,0.5,0.6672909440627942,0.0029754233546554,0.003822787432,0.7504190491163172,New Delhi,Budget,0.6215684547174328,4.0,0.6010997967794538,0.7089386017944589
ChIJfQEtoOsCDTkRZ6-PHF1QCG4,ChIJfQEtoOsCDTkRZ6-PHF1QCG4,Hotel Golden Grand,"202-203, Patel Rd, opp. METRO PILLAR NO, Block 1, East Patel Nagar, Patel Nagar, New Delhi, Delhi",28.6474807,77.1657585,4.1,1729.0,New Delhi,hotel,,5.0,0.7998219803383109,0.8,0.2,0.999815046787262,0.6666516587817265,0.9995774626731871,0.5,0.7998219803383109,New Delhi,Mid-Range,0.6940661709719635,4.1,0.7998219803383109,0.8010528276705081
ChIJUQAAACQCDTkROgV0toDmdlM,ChIJUQAAACQCDTkROgV0toDmdlM,Traditional Inn,"A 248, near Police Station, Bharat Nagar, Phase 4, Ashok Vihar IV, Ashok Vihar, New Delhi, Delhi",28.6825928,77.1751103,3.8,346.0,New Delhi,hotel,,5.0,0.6004390120855533,0.6,0.4,0.7504996400675736,0.5000131346459966,0.5,0.5,0.5006201565702213,New Delhi,Budget,0.5445125533795373,3.8,0.6004390120855533,0.6657514732796228
ChIJe2r3TGoDDTkRE13K07ETc9I,ChIJe2r3TGoDDTkRE13K07ETc9I,Hotel B Continental,"8/14, Abdul Aziz Rd, Block 8, WEA, Karol Bagh, New Delhi, Delhi",28.6459992,77.192371,4.0,654.0,New Delhi,hotel,,5.0,0.0013661480887094,0.0,1.0,0.0003588404506444,0.0003031076533564,0.0002549055498093,0.0003012962357994,0.0003244915787945,New Delhi,Mid-Range,0.6036534852699267,4.0,0.0013661480887094,0.5137875183842642
ChIJ5xMxsdwDDTkRmPBTgKIUMbo,ChIJ5xMxsdwDDTkRmPBTgKIUMbo,Hotel The Gold Inn Karol Bagh,"12A/24, Block 12A, WEA, Karol Bagh, New Delhi, Delhi",28.6472154,77.1875211,4.5,321.0,New Delhi,hotel,,5.0,0.9994167685508728,1.0,0.0,0.999146302541097,0.9991185863812764,0.9998644590377808,0.9998644590377808,0.9994167685508728,New Delhi,Budget,0.5375519269276591,4.5,0.9994167685508728,0.8846160591456105
ChIJ3X0NsjECDTkRYoNaNClVwuE,ChIJ3X0NsjECDTkRYoNaNClVwuE,Hotel Lagoona And Banquet Hall,"Block C5, 13, behind Punjab Kesri, Block C5, Keshav Puram, Tri Nagar, New Delhi, Delhi",28.6960856,77.15735719999999,4.6,62.0,New Delhi,hotel,,5.0,0.2008902202767785,0.2,0.8,0.0015366078732768,0.0011422200404922,0.5013551340671256,0.0002451688342262,0.2008902202767785,New Delhi,Mid-Range,0.3856836393487762,4.6,0.2008902202767785,0.6108437736298211
ChIJ5X1AVYMCDTkRuXIfnpUxxSE,ChIJ5X1AVYMCDTkRuXIfnpUxxSE,Hotel Orchid Garden,"Plot No. 51, 1, Desh Bandhu Gupta Rd, Block 51, P&T Quarters, Karol Bagh, Delhi",28.6551558,77.1888843,3.8,707.0,Karol Bagh,hotel,,5.0,0.8381951302289963,0.8,0.2,0.9996768832206726,0.9995855987071992,0.9995835721492768,0.9995835721492768,0.8381951302289963,Karol Bagh,Mid-Range,0.6108966973620662,3.8,0.8381951302289963,0.7557254179803574
ChIJZV2pMp4CDTkRKjabTG-yEYc,ChIJZV2pMp4CDTkRKjabTG-yEYc,Hotel Tjs Grand,"16/7, opp. Satbhranwan School Road, Block 16, WEA, Karol Bagh, New Delhi, Delhi",28.6469149,77.1937506,3.4,513.0,New Delhi,hotel,,5.0,0.2007910877699032,0.2,0.8,0.0002232061815448,0.0003360119299031,0.5,0.0003360119299031,0.0006660691287833,New Delhi,Mid-Range,0.5810874001544201,3.4,0.2007910877699032,0.4928522165993166
ChIJcxohOZ4CDTkR96khe3coRkg,ChIJcxohOZ4CDTkR96khe3coRkg,Hotel Benz International,"10175/1, W.E.A. karol bagh, new delhi-110005, behind bikanerwala, Delhi",28.6472944,77.1927872,3.5,498.0,behind bikanerwala,hotel,,5.0,0.998646593093872,1.0,0.0,0.99977445602417,0.5,0.99977445602417,0.9997522234916688,0.9996856053670248,Other,Mid-Range,0.5783303433477104,3.5,0.998646593093872,0.7601092437177488
ChIJ8Z_NJZ4DDTkReip6lwx436M,ChIJ8Z_NJZ4DDTkReip6lwx436M,Qotel Comfort Ashok Vihar,"A-2, Swami Narayan Rd, Block A, Phase 3, Ashok Vihar, Delhi",28.6843312,77.1826059,4.7,437.0,Ashok Vihar,hotel,,5.0,0.6262553222943097,0.6,0.4,0.0661356468917801,0.5000349750043824,0.5328705767751671,0.5659399777650833,0.7104022204875946,Other,Mid-Range,0.5661926245669118,4.7,0.6262553222943097,0.7982402462534569
ChIJ9bGyTpwCDTkRUo-2hSFXffA,ChIJ9bGyTpwCDTkRUo-2hSFXffA,Hotel Krishna Palace,"4/36, W.E.A., Saraswati Marg, Karol Bagh, New Delhi",28.6485623,77.1876843,3.7,166.0,Karol Bagh,hotel,,5.0,0.4236775615048828,0.4,0.6,0.6663332000074055,0.3726498250859246,0.9995648264884948,0.372860446475291,0.4999032340492703,Karol Bagh,Luxury,0.4764330899412014,3.7,0.4236775615048828,0.5815834003902611
ChIJadUD2mn9DDkR9T7bQcD1ErY,ChIJadUD2mn9DDkR9T7bQcD1ErY,Hotel Toronto,"Plot No. 10072, Central, 1, Multani Dhanda, Paharganj, New Delhi",28.6463864,77.20895519999999,3.8,1763.0,Paharganj,hotel,,5.0,0.4003067533660214,0.4,0.6,0.0009435554384253,0.0005122454167575,0.5,0.0005122454167575,0.5002440016469336,Paharganj,Mid-Range,0.6958779360372899,3.8,0.4003067533660214,0.6340954150703043
ChIJKzbCdWv9DDkRY_EAFQaTaYc,ChIJKzbCdWv9DDkRY_EAFQaTaYc,Hotel Dreamland Dx Pahargnj,"8186/6 Gali No- 6 Arakashan Road Arya nagar, Multani Dhanda, New Delhi",28.6468761,77.212434,4.2,643.0,Multani Dhanda,hotel,,5.0,0.2009525140281766,0.2,0.8,0.0004219387774355,0.0004219387774355,0.0003973610000684,0.5,0.3335096422039593,Other,Mid-Range,0.6020768687548681,4.2,0.2009525140281766,0.6037156509314142
ChIJBS-HCGL9DDkRnvfrMTf9pDM,ChIJBS-HCGL9DDkRnvfrMTf9pDM,Hotel Bb Palace,"2638-2642, Bank Street, Gurudwara Rd, Karol Bagh, New Delhi",28.6508509,77.19476209999999,3.7,947.0,Karol Bagh,hotel,,5.0,0.9996918916702272,1.0,0.0,0.9997473508119584,0.9997301995754242,0.9996553957462312,0.9996920824050904,0.9996553957462312,Karol Bagh,Luxury,0.6380705828793656,3.7,0.9996918916702272,0.7997360913271335
ChIJq6qqp2r9DDkRJyXBgGO3brI,ChIJq6qqp2r9DDkRJyXBgGO3brI,Hotel Roma Deluxe,"8165, Arakashan Rd, Ram Nagar, Paharganj, New Delhi",28.646357,77.2135758,2.8,617.0,Paharganj,hotel,,5.0,0.2004396498086862,0.2,0.8,0.2004396498086862,0.0002497587993275,0.5,0.9998480081558228,0.9998480081558228,Paharganj,Mid-Range,0.5982406125286485,2.8,0.2004396498086862,0.4166278171940716
ChIJUXQfIkD9DDkRcVucp8aFAD8,ChIJUXQfIkD9DDkRcVucp8aFAD8,Hotel Woodland Deluxe,"8235, 6, Arakashan Rd, Multani Dhanda, Paharganj, New Delhi",28.6467804,77.2126294,4.1,1752.0,Paharganj,hotel,,5.0,0.9995240330696106,1.0,0.0,0.9996768236160278,0.9995566755533218,0.9993934631347656,0.9996123313903807,0.9995240330696106,Paharganj,Mid-Range,0.6952956265186842,4.1,0.9995240330696106,0.8650278135821207
ChIJ3biBSov9DDkRTqlRipFxhOk,ChIJ3biBSov9DDkRTqlRipFxhOk,Flagship Kashish Residency Hotel Delhi,"Single Storey, G 17, Block G, Vijay Nagar, Delhi",28.6947993,77.2036893,2.2,97.0,Vijay Nagar,hotel,,5.0,0.0004397271608467,0.0,1.0,0.0006216638139448,0.000183637428563,0.0003917100839316,0.000183637428563,0.0006042887980583,Other,Mid-Range,0.4268137678954004,2.2,0.0004397271608467,0.236596958348268
ChIJV_KLIUD9DDkRW62Ipndqqnw,ChIJV_KLIUD9DDkRW62Ipndqqnw,Hotel Maharani Lodge,"Railway Station, 32, Ram Nagar, Arakashan Rd, near New Delhi, Arya Nagar, Paharganj, New Delhi",28.6461199,77.21485369999999,3.1,903.0,Paharganj,hotel,,5.0,0.2585671293199993,0.2,0.8,0.0974631577070491,0.4996462688723113,0.6361689567565918,0.0008716077136341,0.3185202822351129,Paharganj,Mid-Range,0.6336464762826213,3.1,0.2585671293199993,0.4825839623572178
ChIJTelod2r9DDkRNcR4Skjiyg4,ChIJTelod2r9DDkRNcR4Skjiyg4,Hotel Delhi Regency,"8184-85, Hotel Delhi Regency, Arakashan Rd, Multani Dhanda, Paharganj, New Delhi",28.6468514,77.2125164,3.6,601.0,Paharganj,hotel,,5.0,0.4052881181240081,0.4,0.6,0.0049733007326722,0.3393400547405083,0.0169267784804105,0.508390492759645,0.0013803821057081,Paharganj,Mid-Range,0.5957987724974919,3.6,0.4052881181240081,0.5878114371038669
ChIJH91iSw79DDkRRbRLxoos7LI,ChIJH91iSw79DDkRRbRLxoos7LI,Hotel Amrit,"Near, Bus Stand Railway Station, opposite Fathehpuri, 855, Shyama Prasad Mukherjee Marg, Old Delhi, Delhi",28.6601641,77.22238949999999,3.6,431.0,Old Delhi,hotel,,5.0,0.2020135214144829,0.2,0.8,0.0014806196656232,0.0003640232607722,0.9998619556427002,0.000247675954597,0.5018460577121004,Other,Mid-Range,0.5649086067808567,3.6,0.2020135214144829,0.5163879678755078
ChIJq30zq979DDkRSrt4pkT7aSM,ChIJq30zq979DDkRSrt4pkT7aSM,Best Western Darbar,"9015-17, Desh Bandhu Gupta Rd, Bazar Sangatrashan, Multani Dhanda, Paharganj, New Delhi",28.6458869,77.2105089,4.2,706.0,Paharganj,hotel,,5.0,0.7995335782296025,0.8,0.2,0.6664855421792405,0.9991907874743144,0.9991907874743144,0.5,0.9996799230575562,Paharganj,Mid-Range,0.6107651216319101,4.2,0.7995335782296025,0.7965365327953812
ChIJsRPVdQ79DDkR_oNDxRA6InE,ChIJsRPVdQ79DDkR_oNDxRA6InE,Hotel Le Mem,"railway station, Church Mission Rd, opposite old delhi, Cloth Market, Katra Ghel, Khari Baoli, Chandni Chowk, Delhi",28.66006699999999,77.2234812,3.5,1628.0,Chandni Chowk,hotel,,5.0,0.3859683503629639,0.4,0.6,0.2324952470662537,0.5,0.4821152396907564,0.5,0.4639463048079051,Other,Mid-Range,0.6884663458917568,3.5,0.3859683503629639,0.588064102297619
ChIJf7d4Yt36DDkRGKQZ09p4zI0,ChIJf7d4Yt36DDkRGKQZ09p4zI0,Banana Tree Hotel & Banquets,"Plot No. 14, 2, Plot Alpha, Sahibabad Industrial Area Site 4, Sahibabad, Ghaziabad",28.6613826,77.3349021,3.9,4395.0,Sahibabad,hotel,,5.0,0.5999988596013281,0.6,0.4,0.5000668217835482,0.3334480789587057,0.9998700618743896,0.5,0.6666657957830466,Other,Mid-Range,0.7808792761622975,3.9,0.5999988596013281,0.7291785478556514
ChIJKd2x_m37DDkR7eEb4D5R3GM,ChIJKd2x_m37DDkR7eEb4D5R3GM,Ginger East Delhi,"DDA Community Center, East End Club Delhi, Block C, Surajmal Vihar, New Delhi, Delhi",28.6656954,77.3037911,4.0,4907.0,New Delhi,hotel,,5.0,0.999822986125946,1.0,0.0,0.9998486936092376,0.9998042980829874,0.999826729297638,0.999826729297638,0.99980990588665,New Delhi,Mid-Range,0.791135119657689,4.0,0.999822986125946,0.8722143408277263
ChIJk4_wGzL7DDkR7ryPrhtrJuw,ChIJk4_wGzL7DDkR7ryPrhtrJuw,Qotel Comfort At Residency Kaushambi,"Plot No. D75, Sahibabad, Ghaziabad",28.6450165,77.32212679999999,3.9,2244.0,Sahibabad,hotel,,5.0,0.6000029735499993,0.6,0.4,0.0007413458661176,0.5,0.6665829652920365,0.5,0.9993337988853456,Other,Mid-Range,0.7183238974456992,3.9,0.6000029735499993,0.7158746348072487
ChIJAQCTgEP7DDkR8z4l4Lv6Uhc,ChIJAQCTgEP7DDkR8z4l4Lv6Uhc,Ip Royal Hotel,"Plot No 46, Gate Number 1 Rd, near YAMUNA SPORTS COMPLEX, opp. Bharat Petroleum, Ram Vihar, Anand Vihar, New Delhi, Delhi",28.6585218,77.3103397,4.3,737.0,New Delhi,hotel,,5.0,0.2000828770862426,0.2,0.8,0.2000828770862426,0.000325666667777,0.0004088906862307,0.0003666128613985,0.2500522336376889,New Delhi,Mid-Range,0.6147598995761182,4.3,0.2000828770862426,0.6194292655085316
ChIJq7-D7G77DDkR93Czw_SxpJ4,ChIJq7-D7G77DDkR93Czw_SxpJ4,The Leela Ambience Convention Hotel Delhi,"1, CBD, Maharaja Surajmal Marg, near YAMUNA SPORTS COMPLEX, Vishwas Nagar Extension, Vishwas Nagar, Shahdara, Delhi",28.6623572,77.3020918,4.5,23343.0,Shahdara,hotel,,5.0,0.7999516152194701,0.8,0.2,0.9997840523719788,0.7499904064898146,0.5,0.999764621257782,0.7999516152194701,Shahdara,Luxury,0.9363062138032504,4.5,0.7999516152194701,0.9057912558080604
ChIJtYbaLgD7DDkRnGLGPEVaYt0,ChIJtYbaLgD7DDkRnGLGPEVaYt0,Hotel Grand Arcasia Karkardooma - Anand Vihar,"20, Gagan Vihar, Krishna Nagar, New Delhi, Delhi",28.6459633,77.2966491,4.6,590.0,New Delhi,hotel,,5.0,0.6000831822748296,0.6,0.4,0.0004215787339489,0.5,0.5,0.0004215787339489,0.9998579025268556,New Delhi,Mid-Range,0.5940820634117353,4.6,0.6000831822748296,0.78252871698721
ChIJYxr1NN_7DDkRDUsJ4DgCEyw,ChIJYxr1NN_7DDkRDUsJ4DgCEyw,Townhouse Dilshad Garden Near Dilshad Garden Metro Station,"D/59, Dilshad Colony Rd, Pocket E, Dilshad Colony New Simapuri, Dilshad Colony, Delhi",28.6878729,77.3239409,2.8,766.0,Dilshad Colony,hotel,,5.0,0.0006615239457459,0.0,1.0,0.0005814243377244,0.0012238015187904,0.5,0.0009819223778322,0.0014656806597486,Other,Mid-Range,0.6183478580984555,2.8,0.0006615239457459,0.3571667735186702
ChIJo_EVHzH7DDkRq0dEqPdaQ04,ChIJo_EVHzH7DDkRq0dEqPdaQ04,"Country Inn & Suites By Radisson, Sahibabad, Distt Ghaziabad (U.P.)","64/6, Site 4, Sahibabad Industrial Area Site 4, Sahibabad, Ghaziabad",28.6542459,77.3437423,4.6,40390.0,Sahibabad,hotel,,5.0,0.5995770873560105,0.6,0.4,0.4989625599700956,0.3327990872882461,0.9935348033905028,0.5021345403511077,0.0024312292371177,Other,Budget,0.9873442862657792,4.6,0.5995770873560105,0.8660122180270974
ChIJ3VgjA3L7DDkRMlHJajqQ8xA,ChIJ3VgjA3L7DDkRMlHJajqQ8xA,"Fortune Park, East Delhi - Member Itc Hotels' Group","Fortune Plot D, DDA Community Center, opp. to East End Club Delhi, Block C, Surajmal Vihar, New Delhi, Delhi",28.6654154,77.3037925,4.7,1138.0,New Delhi,hotel,,5.0,0.9185589671134948,1.0,0.0,0.9998830556869508,0.999835878610611,0.5934513211250305,0.5,0.8643865982691447,New Delhi,Luxury,0.6551573541855054,4.7,0.9185589671134948,0.910419963412844
ChIJRz8fTtb7DDkR35WthLi8XWg,ChIJRz8fTtb7DDkR35WthLi8XWg,Hotel O Green Villa,"C-61, above S B I Bank, near Kosmos Hospital, Surya Niketan, Anand Vihar, New Delhi, Delhi",28.6548314,77.3101436,2.4,97.0,New Delhi,hotel,,5.0,0.0011831048730527,0.0,1.0,0.0004420827899593,0.0002360246289754,0.5,0.0007563527906313,0.0004420827899593,New Delhi,Mid-Range,0.4268137678954004,2.4,0.0011831048730527,0.2634210211766097
ChIJoUe5i936DDkRrglOagh-Tcc,ChIJoUe5i936DDkRrglOagh-Tcc,L'Elegant Hotel & Banquets (Ace Manor),"1/5, Maharajpur, Sahibabad Industrial Area Site 4, Sahibabad, Ghaziabad",28.6558725,77.3412414,3.8,2195.0,Sahibabad,hotel,,5.0,0.2094097331428202,0.2,0.8,0.0002067094465019,0.0007387896815392,0.5,0.0002067094465019,0.0004628649985534,Other,Mid-Range,0.7162695916677999,3.8,0.2094097331428202,0.5775283161611129
ChIJbQkQQq38DDkRiO1-3Xdle-Y,ChIJbQkQQq38DDkRiO1-3Xdle-Y,Roomshala 156 Hotel Mannat Inn,"H.No. L- 2/4 G/F, Lalita Park, Laxmi Nagar, New Delhi, Delhi",28.630328,77.2760381,4.5,11.0,New Delhi,hotel,,4.0,0.6731070922251092,0.75,0.25,0.9998828172683716,0.9998674392700196,0.845941424369812,0.5,0.9998828172683716,New Delhi,Budget,0.2313194968117582,4.5,0.6731070922251092,0.715375179247798
ChIJ5WV5tSj7DDkR5C7fCFDWTps,ChIJ5WV5tSj7DDkR5C7fCFDWTps,Clarks Inn Kaushambi,"Plot No. 41, Behind Westend Mall, Kaushambi, Ghaziabad",28.6438716,77.326916,3.3,1559.0,Kaushambi,hotel,,5.0,0.4018700472952332,0.4,0.6,0.5010612084297463,0.3342860969617807,0.0002068231988232,0.5,0.6664488696551416,Other,Budget,0.6844373714366839,3.3,0.4018700472952332,0.565693586086944
ChIJHUReadH6DDkRo5MiseFGFZQ,ChIJHUReadH6DDkRo5MiseFGFZQ,Hotel Grand In Vaishali,"4, Shopprix Mall Rd, Sector 4, Vaishali, Ghaziabad",28.6440665,77.3398916,3.9,334.0,Vaishali,hotel,,5.0,0.4016940651694312,0.4,0.6,0.3360646915777275,0.9998592138290404,0.5027310175355523,0.0056028212420642,0.5012956267455592,Other,Mid-Range,0.5412363273825181,3.9,0.4016940651694312,0.6149399536577235
ChIJVZv6HQD7DDkRuvanyn__P7A,ChIJVZv6HQD7DDkRuvanyn__P7A,Qotel Comfort Ip Residency East Delhi Preet Vihar,"130, Hargobind Enclave, Karkardooma, Anand Vihar, Delhi",28.6488948,77.3008665,4.5,499.0,Anand Vihar,hotel,,5.0,0.0003749290975974,0.0,1.0,0.0004126554085814,0.5,0.5,0.0004089998304455,0.0005014878188375,Other,Mid-Range,0.5785167094031255,4.5,0.0003749290975974,0.5745920408463674
ChIJ6c81vdD6DDkRwSloTrOLG6E,ChIJ6c81vdD6DDkRwSloTrOLG6E,The Vaishali Inn,"339A, Yashoda Marg, near Chandralaxmi Hospital, Sector 4, Vaishali, Ghaziabad",28.6457765,77.33965239999999,4.0,1017.0,Vaishali,hotel,,5.0,0.5964767963538179,0.6,0.4,0.5000454000837635,0.4912309758074116,0.9998420476913452,0.0002379347715759,0.5000448712271464,Other,Budget,0.6447023658833219,4.0,0.5964767963538179,0.7123841378243247
ChIJgUNQnjTlDDkR1QhrUG9MRcE,ChIJgUNQnjTlDDkR1QhrUG9MRcE,Hotel The Emporio Grand,"4/353, Harshvardhan Marg, Sector 4, Vaishali, Ghaziabad",28.6504783,77.3426647,4.5,670.0,Vaishali,hotel,,5.0,0.6004451040411368,0.6,0.4,0.7502817046188284,0.6671163613985603,0.9998258948326112,0.6670818105728055,0.6004451040411368,Other,Mid-Range,0.6059001056464804,4.5,0.6004451040411368,0.7718643789532408
ChIJbei8fiD9DDkR6sUO_0lx9Cg,ChIJbei8fiD9DDkR6sUO_0lx9Cg,Hotel Royal Afghan,"3663, Netaji Subhash Marg, near Sabzi Mandi, Kucha Chalan, Khabas Pura, Daryaganj, New Delhi, Delhi",28.6458923,77.24018720000001,3.9,256.0,New Delhi,hotel,,5.0,0.399465466759284,0.4,0.6,0.5,0.5,0.4985092172646545,0.4992846860368445,0.6656509530633533,New Delhi,Mid-Range,0.516562458327211,3.9,0.399465466759284,0.6089809233065785
ChIJuYL0zDb7DDkRznsMPPI-ZsM,ChIJuYL0zDb7DDkRznsMPPI-ZsM,Hotel O Mayura Residency,"6/64, Karkari Rd, East Rohtas Nagar, Maharam Mohalla, Shahdara, Delhi",28.6658799,77.2938331,4.0,17.0,Shahdara,hotel,,2.0,0.5000964610080699,0.5,0.5,0.5,0.5,0.0003240522346459,0.5,0.5,Shahdara,Mid-Range,0.2690641681418895,4.0,0.5000964610080699,0.6017382708970804
ChIJ80WEYuD8DDkR2z_JnqJYSd0,ChIJ80WEYuD8DDkR2z_JnqJYSd0,Hotel Tara Palace Daryaganj,"4606 street, opposite Happy School, Daryaganj, New Delhi",28.6495864,77.2433367,4.0,637.0,Daryaganj,hotel,,5.0,0.8013224269263446,0.8,0.2,0.7517855198821053,0.6691197397497793,0.5037593010347337,0.0076779848895967,0.9998213648796082,Other,Luxury,0.6012055068832813,4.0,0.8013224269263446,0.7684870746958532
ChIJs28LAX_7DDkRyHzGDbAs6YM,ChIJs28LAX_7DDkRyHzGDbAs6YM,Park Plaza Delhi Cbd Shahdara,"17/169, Plot 32, Central Business Dist, Karkari Rd, Bhikam Singh Colony, Block 17, Vishwas Nagar, Shahdara, Delhi",28.6590646,77.2981068,4.2,7353.0,Shahdara,hotel,,5.0,0.999736487865448,1.0,0.0,0.9997375011444092,0.9997072666883468,0.999439299106598,0.5,0.9996997863054276,Shahdara,Mid-Range,0.8287785788945798,4.2,0.999736487865448,0.9067802189234004
ChIJz0uozLL7DDkRn8ViMcXySzo,ChIJz0uozLL7DDkRn8ViMcXySzo,Fabhotel The Royal,"Bhishma Road Guru Gobind Singh, Indraprastha University East Delhi Campus, 9/111 & 9/112, Shastri Gali, Vishwas Nagar, Shahdara, New Delhi, Delhi",28.6658649,77.30069069999999,4.0,106.0,New Delhi,hotel,,5.0,0.3998960213328246,0.4,0.6,0.249904567557678,0.3330996220077697,0.9963810443878174,0.5024521546438336,0.4986094084524666,New Delhi,Mid-Range,0.4349927651275838,4.0,0.3998960213328246,0.6050622573806577
ChIJt8hDrN_7DDkR4A_kFDaUU4Y,ChIJt8hDrN_7DDkR4A_kFDaUU4Y,Hotel Parth Paradise,"B18, Rampuri, Chander Nagar, Surya Nagar, Ghaziabad",28.6645274,77.3248792,3.4,741.0,Surya Nagar,hotel,,5.0,0.6009380846982821,0.6,0.4,0.5,0.6679511697341999,0.0012565905926749,0.5,0.750858458224684,Other,Mid-Range,0.6152630889828754,3.4,0.6009380846982821,0.6277852072930794
ChIJi4GTF0H7DDkR25QXfXu1Uac,ChIJi4GTF0H7DDkR25QXfXu1Uac,Hotel Aura Ip Grand Karkardooma,"Anand Vihar, New Delhi, Delhi",28.6507408,77.3058562,4.3,998.0,New Delhi,hotel,,5.0,0.5772509990667458,0.6,0.4,0.2957575418113264,0.4420079819246893,0.501188835944049,0.5,0.6289246621696899,New Delhi,Mid-Range,0.6429485148407869,4.3,0.5772509990667458,0.7457575918671672
ChIJYY9nHyf9DDkRjAdngMvn48Q,ChIJYY9nHyf9DDkRjAdngMvn48Q,Broadway- An Alivaa Collection Hotel,"4/15A, Asaf Ali Rd, Chatta lal Miya, Chandni Mahal, Chandni Chowk, New Delhi, Delhi",28.6409821,77.237909,4.1,739.0,New Delhi,hotel,,5.0,0.99829660654068,1.0,0.0,0.9998686909675598,0.9972627957661948,0.9992332756519318,0.9986067414283752,0.9995402991771698,New Delhi,Mid-Range,0.6150118342727531,4.1,0.99829660654068,0.8475602389557139
ChIJr8efdIv7DDkRnYHKsoANzwQ,ChIJr8efdIv7DDkRnYHKsoANzwQ,Mona Regency Hotel And Banquet,"C-189, Madhuban,Near Nirman Vihar Metro Station, Block C, Preet Vihar, New Delhi",28.6300305,77.286311,3.4,506.0,Preet Vihar,hotel,,5.0,0.6003176337690093,0.6,0.4,0.999848484992981,0.5003672516031656,0.6668609960664375,0.5,0.9998294413089752,Other,Mid-Range,0.5798109282536353,3.4,0.6003176337690093,0.6200467543435576
ChIJw96ZnRD7DDkRW1EBfHRzjps,ChIJw96ZnRD7DDkRW1EBfHRzjps,Hotel Sunshine Park,"Chander Nagar, Near Anand Vihar Railway Terminal Ramprastha Colony, Block D, Surya Nagar Delhi, D-1, Dr Bhabha Marg, Surya Nagar, Ghaziabad",28.6638929,77.3212496,3.7,1150.0,Surya Nagar,hotel,,5.0,0.389963726195856,0.4,0.6,0.3330967741300507,0.3169137715691855,0.9503257274627686,0.5,0.4874040124632302,Other,Mid-Range,0.656132976882444,3.7,0.389963726195856,0.6090485407342273
ChIJ6ykOwE37DDkR4kHteRFVpGg,ChIJ6ykOwE37DDkR4kHteRFVpGg,Greysky Residency Karkardooma New Delhi,"GF,2F,417, Jagriti Enclave Rd, above IDFC Bank, Anand Vihar, New Delhi, Delhi",28.652117,77.3073268,4.8,125.0,New Delhi,hotel,,5.0,0.989303743839264,1.0,0.0,0.982280969619751,0.9471681714057922,0.9735272228717804,0.5,0.989303743839264,New Delhi,Mid-Range,0.4502085811759851,4.8,0.989303743839264,0.9026924066661158
ChIJxY54Sx_9DDkRgZ05aiuE6aQ,ChIJxY54Sx_9DDkRgZ05aiuE6aQ,Hotel The Rasa,"B, 7, Main Rd, Kanti Nagar East, Seelampur, Shahdara, Delhi",28.6711076,77.28040930000002,4.7,268.0,Shahdara,hotel,,5.0,0.5986279911361635,0.6,0.4,0.9949183662732444,0.9949183662732444,0.9997429847717284,0.5,0.7472909475909546,Shahdara,Mid-Range,0.5208106394044729,4.7,0.5986279911361635,0.7797734192137317
ChIJa9fUXWDjDDkREFvr2Csh_lQ,ChIJa9fUXWDjDDkREFvr2Csh_lQ,Treebo Mona Grand,"PNB, C - 191, Madhuban Rd, Nirman Vihar, Preet Vihar, New Delhi, Delhi",28.6296041,77.2859955,4.0,212.0,New Delhi,hotel,,5.0,0.2020420234592165,0.2,0.8,0.0026750498509499,0.0003162414359394,0.0043903975747525,0.0003162414359394,0.4996684685611399,New Delhi,Mid-Range,0.4990816882954259,4.0,0.2020420234592165,0.5555697821920201
ChIJm1yegN_iDDkR2RLLVNyqbZ4,ChIJm1yegN_iDDkR2RLLVNyqbZ4,Ahuja Residency Sunder Nagar,"3, Sundar Nagar, New Delhi",28.6051467,77.2407807,4.2,659.0,Sundar Nagar,hotel,,5.0,0.9994766354560852,1.0,0.0,0.9980605244636536,0.9992463986078898,0.9989685714244844,0.9980605244636536,0.9998201926549276,Other,Mid-Range,0.6043613960091064,4.2,0.9994766354560852,0.8589648688340007
ChIJUdP3Rpb7DDkRtlGlfq_41wA,ChIJUdP3Rpb7DDkRtlGlfq_41wA,Sk Klyde Grand,"Pacific Business Park, 37/1, Maharajpur, Sahibabad Industrial Area Site 4, Sahibabad, Ghaziabad",28.6532338,77.32685479999999,4.6,2961.0,Sahibabad,hotel,,5.0,0.9998166680335998,1.0,0.0,0.5,0.999825100104014,0.99983012676239,0.5,0.9998161792755128,Other,Mid-Range,0.7441245952099317,4.6,0.9998166680335998,0.9419740953382936
ChIJKWvzBwD7DDkRBKbJTi6hyHk,ChIJKWvzBwD7DDkRBKbJTi6hyHk,Anand Retreat Hotel,"06, Sahibabad, Ghaziabad",28.6454144,77.3244416,4.0,4.0,Sahibabad,hotel,,,,,,,,,,,Other,Mid-Range,0.1498222752495692,4.0,0.5,0.5763453235826466
ChIJW2w4ran8DDkRoFkWIhzXKxk,ChIJW2w4ran8DDkRoFkWIhzXKxk,Hotel Om,"C-15/219, Opposite Dist. Centre, Near V3S Mall, Near Guru Angad Nagar West, Laxmi Nagar, New Delhi",28.6383625,77.28420609999999,3.3,435.0,Laxmi Nagar,hotel,,5.0,0.7998910945985699,0.8,0.2,0.999815121293068,0.5,0.999815121293068,0.5,0.4999842152828933,Other,Mid-Range,0.5657665834864768,3.3,0.7998910945985699,0.6674386039273404
ChIJp-rZp14LDTkR1a6LE5urPXE,ChIJp-rZp14LDTkR1a6LE5urPXE,Hotel Emmkay Residency,"Kasaar Rd, Sector 15, Sankhol, Bahadurgarh",28.7092552,76.8927077,3.9,641.0,Sankhol,hotel,,5.0,0.4006150734669063,0.4,0.6,0.0022567892447113,0.3337002686942772,0.0022567892447113,0.5,0.0006544429488712,Other,Mid-Range,0.601787320112133,3.9,0.4006150734669063,0.6274746116052872
ChIJcc4_KG8EDTkR4zJt8puaXqY,ChIJcc4_KG8EDTkR4zJt8puaXqY,Club Platinum Resort,"Assaudha Turn, Rohtak - Delhi Rd, Bahadurgarh",28.7331383,76.8496917,4.3,1506.0,Rohtak - Delhi Rd,hotel,,5.0,0.7997955618367996,0.8,0.2,0.500070347901783,0.999495267868042,0.5,0.9998539686203004,0.749870635328989,Other,Luxury,0.6812197311884699,4.3,0.7997955618367996,0.8248989171995835
ChIJKw-RLLoLDTkRAdERPB5Ob7U,ChIJKw-RLLoLDTkRAdERPB5Ob7U,Hotel Vc,"Rohtak Rd, Surya Nagar, Bahadurgarh, Sankhol",28.7183579,76.8886911,3.6,256.0,Bahadurgarh,hotel,,5.0,0.7952143086120487,0.8,0.2,0.5,0.4950221213512122,0.5,0.5,0.999624490737915,Other,Mid-Range,0.516562458327211,3.6,0.7952143086120487,0.6953613710458529
ChIJbW7dveILDTkRpbfTOIEo1U0,ChIJbW7dveILDTkRpbfTOIEo1U0,Haryana Tourism- Gauriyya Hotel And Restaurant,"National Highway 10, Sector 6, Opp: Devilal Park, Bahadurgarh",28.6989247,76.9171691,4.0,1611.0,Opp: Devilal Park,hotel,,5.0,0.6000187380472198,0.6,0.4,0.3335091046756133,0.5000737466034479,0.9998084902763368,0.5,0.0003341097035444,Other,Mid-Range,0.6874897699308519,4.0,0.6000187380472198,0.7226148418101244
ChIJBw4gkmQJDTkRCfSriSCLgGE,ChIJBw4gkmQJDTkRCfSriSCLgGE,Hotel White Hut,"Gali No. 5, near Civil Hospital, Nehru Park, Bahadurgarh",28.6976561,76.9251874,4.8,13.0,Nehru Park,hotel,,4.0,0.7574856677092612,0.75,0.25,0.5152054922655224,0.5151863591745496,0.5,0.5,0.0305429492145776,Other,Mid-Range,0.2456693548613046,4.8,0.7574856677092612,0.7852280352875685
ChIJOSNn5jXnDDkRyFSXt2zfFnM,ChIJOSNn5jXnDDkRyFSXt2zfFnM,Super Oyo Flagship Hotel White Hut,"424, Gali Number 12, Nehru Park, Delhi, Bahadurgarh",28.6976633,76.92516119999999,4.2,15.0,Delhi,hotel,,5.0,0.400563983869506,0.4,0.6,0.5000779369584051,0.0022208506707102,0.5,0.5,0.000288911483949,Delhi,Budget,0.2580997673088359,4.2,0.400563983869506,0.5942379770832253
ChIJRz9E5sELDTkRP0iz7bKL2qA,ChIJRz9E5sELDTkRP0iz7bKL2qA,Fun Town Amusement And Water Park,"Asuada Mod, Rohtak - Delhi Rd, Highway, Bahadurgarh, Asoda Todran",28.7329345,76.849156,3.8,1496.0,Bahadurgarh,hotel,,5.0,0.4001374833489535,0.4,0.6,0.0003833065566141,0.3335358326730784,0.5,0.0003833065566141,0.3335358326730784,Other,Mid-Range,0.6805999565050507,3.8,0.4001374833489535,0.6307918585757566
ChIJ8SvdaJsLDTkR_ZJVxtepIE4,ChIJ8SvdaJsLDTkR_ZJVxtepIE4,Oyo 67648 Funtown Resort,"Bus Stand, Main Bus Stand Asaudha, Kharkhoda Road, Main, Bahadurgarh",28.7328966,76.84914119999999,3.3,9.0,Main,hotel,,3.0,0.6648597696718449,0.6666666666666666,0.3333333333333333,0.0003595886519178,0.0003595886519178,0.5,0.5,0.9998612403869628,Other,Budget,0.2143472170767782,3.3,0.6648597696718449,0.5496126479693804
ChIJEZjKmqMJDTkR_YzJs9owIhI,ChIJEZjKmqMJDTkR_YzJs9owIhI,Themis Farmhouse – A Luxury Poolside Farm Stay: Delhi Ncr,"Themis Farm House, Jaunti, Delhi, Mukandpur",28.7349637,76.9617093,4.7,107.0,Delhi,hotel,,5.0,0.9998653173446655,1.0,0.0,0.999863624572754,0.9998481273651124,0.5,0.5,0.9998684326807658,Delhi,Budget,0.4358587231264387,4.7,0.9998653173446655,0.8897164078557658
ChIJE94Ic8AHDTkRHl5uQ9veo-s,ChIJE94Ic8AHDTkRHl5uQ9veo-s,Hotel O Surya Gold Guest House Near Mundka Metro Station,"plot no. 111/3, main mundka karala, Madanpur Dabas Main Rd, near Mundka metro stationNear Mundka metro station, Rani Khera, Delhi",28.7077304,77.0284569,3.9,66.0,Rani Khera,hotel,,5.0,0.6000887763802893,0.6,0.4,0.9998200535774232,0.0008073181670624,0.6664600583608262,0.0003709830925799,0.5,Other,Mid-Range,0.3914140521329489,3.9,0.6000887763802893,0.6463698714381628
ChIJMU1KYbgHDTkRpsomFwCkbQ8,ChIJMU1KYbgHDTkRpsomFwCkbQ8,Hotel O Olive Saffron,"6, Pocket, 15-A, Pocket-1, Sector 24, Rohini, Delhi",28.7244,77.08896,3.4,274.0,Rohini,hotel,,5.0,0.0006942124979104,0.0,1.0,0.000901554817877,0.0003354478103574,0.5,0.0011635506962192,0.0007258413024828,Rohini,Mid-Range,0.5228641744469175,3.4,0.0006942124979104,0.4166289670138582
ChIJ9W1BH1UHDTkR-atCKhI6R6Y,ChIJ9W1BH1UHDTkR-atCKhI6R6Y,The Crystal Palace,"A9 ground floor, Hiralal Market, Sector 20, Rohini, Delhi, New Delhi",28.71504999999999,77.07332269999999,4.4,238.0,Delhi,hotel,,5.0,0.5001083032693714,0.4,0.4,0.3757068088161759,0.7499204874038696,0.5,0.5,0.7488571405410767,Delhi,Luxury,0.509802971169484,4.4,0.5001083032693714,0.7061198117332734
ChIJ_xQYuMUGDTkRBSlXLNO45WY,ChIJ_xQYuMUGDTkRBSlXLNO45WY,Townhouse By Oyo Rohini Sector 24,"near Dominos, Pocket 27, Sector 24, Rohini, Dasghara, New Delhi",28.7328697,77.08626869999999,4.4,128.0,Dasghara,hotel,,5.0,0.2005052797292592,0.2,0.8,0.2005052797292592,0.0034441171737853,0.0001970333541976,0.497633983824926,0.2490432888480427,Other,Budget,0.4523990307935275,4.4,0.2005052797292592,0.5983241076698161
ChIJT4ODZAAHDTkR9brqKcecYjw,ChIJT4ODZAAHDTkR9brqKcecYjw,Hotel Resto Relax,"Pocket 3, Plot number - 281 282, Pocket 1, Sector 22, Rohini, New Delhi, Delhi",28.7167552,77.0627257,4.7,9.0,New Delhi,hotel,,4.0,0.9996867328882216,1.0,0.0,0.9995978772640228,0.5,0.9997918009757996,0.9997918009757996,0.9996225237846376,New Delhi,Mid-Range,0.2143472170767782,4.7,0.9996867328882216,0.8425450090818203
ChIJbfkmJQAHDTkRD-L97rM_8Bc,ChIJbfkmJQAHDTkRD-L97rM_8Bc,Hotel Town Stay,"q1, 77, Kanjhawala Rd, Pocket Q, Budh Vihar Phase I, Budh Vihar, Delhi",28.7107766,77.08105479999999,4.6,44.0,Budh Vihar,hotel,,5.0,0.7886916041374207,0.8,0.2,0.4731079638004302,0.9980502128601074,0.5,0.9980502128601074,0.9998631477355956,Other,Budget,0.3543615015642497,4.6,0.7886916041374207,0.791715460936831
ChIJ3yRDa7gGDTkRLrdOe3Q5vpU,ChIJ3yRDa7gGDTkRLrdOe3Q5vpU,Hotel Black Rose,"6, Pocket 15, Sector 24, Rohini, New Delhi, Delhi",28.7246079,77.0895563,3.2,31.0,New Delhi,hotel,,5.0,0.1996456194319761,0.2,0.8,0.0011402422969694,0.000966223044088,0.0007589687011204,0.9933807849884032,0.0012118280428694,New Delhi,Mid-Range,0.3226247091360448,3.2,0.1996456194319761,0.4109261092011795
ChIJ77AkL1sHDTkRckJGkQC1VuY,ChIJ77AkL1sHDTkRckJGkQC1VuY,Hotel O R G Hotel,"First Floor, A 72, Kanjhawala Rd, near Rajni Gupta Hospital, Pocket Q, Budh Vihar Phase I, Budh Vihar, Delhi",28.70740229999999,77.0834065,4.4,29.0,Budh Vihar,hotel,,3.0,0.9989318450291952,1.0,0.0,0.9995753169059752,0.9997023940086364,0.5,0.5,0.9997023940086364,Other,Mid-Range,0.3166168302341184,4.4,0.9989318450291952,0.8241760778063891
ChIJ0Rj-PycFDTkRFINOVE9Kols,ChIJ0Rj-PycFDTkRFINOVE9Kols,Swarg Residency Oyo Hotel,"Chaju Ram Colony, Yadav Park Extension, Kamrudinnagar mod, New Delhi, Delhi",28.6753245,77.05936609999999,4.4,87.0,New Delhi,hotel,,5.0,0.9996502518653868,1.0,0.0,0.999822348356247,0.9994101226329803,0.9998835325241088,0.999761164188385,0.999556561311086,New Delhi,Budget,0.4167944494294059,4.4,0.9996502518653868,0.8457125738838218
ChIJ8Z3G91sHDTkR4fx3eLbmUAU,ChIJ8Z3G91sHDTkR4fx3eLbmUAU,Townhouse Rohini Near Rithala Metro Station,"Pocket 27, Sector 24, Rohini, Delhi",28.731932,77.086912,3.4,96.0,Rohini,hotel,,5.0,0.1620559744129422,0.2,0.8,0.0011221909080631,0.0050436489691491,0.0004226689925417,0.0018217128235846,0.0011221909080631,Rohini,Mid-Range,0.4258589922067738,3.4,0.1620559744129422,0.4474777312601149
ChIJvf9FOoEHDTkR93ALQAIeEZo,ChIJvf9FOoEHDTkR93ALQAIeEZo,Hotel 7 Star,"Plot no 36, Pocket 16, Sector 20, Rohini, New Delhi, Delhi",28.7119145,77.0729376,4.4,30.0,New Delhi,hotel,,5.0,0.7976285382232163,0.8,0.2,0.9979471266269684,0.5,0.9990543723106384,0.0002712826535571,0.0002712826535571,New Delhi,Mid-Range,0.3196692287282864,4.4,0.7976285382232163,0.7606009530163047
ChIJq6VnJ58FDTkRsN01XXkz7gs,ChIJq6VnJ58FDTkRsN01XXkz7gs,Hotel Blue Sky,"first floor, bikaner sweets, 457, Bhera Enclave, Paschim Vihar, new delhi",28.6720788,77.09026150000001,5.0,3.0,Paschim Vihar,hotel,,,,,,,,,,,Paschim Vihar,Mid-Range,0.1290498836544179,5.0,0.5,0.7048616045592057
ChIJtR6Xc-8HDTkRAo-EkgV3FkA,ChIJtR6Xc-8HDTkRAo-EkgV3FkA,Collection O By Oyo The Crystal Palace.,"9A, Hiralal Market, Near, Agra Pethe wala, Sector 20, Rohini, Delhi",28.7150626,77.0733107,4.0,146.0,Rohini,hotel,,5.0,0.3927142157306661,0.4,0.6,0.5,0.5,0.9997982382774352,0.000768185382185,0.5113266734406351,Rohini,Budget,0.4645584392255316,4.0,0.3927142157306661,0.6090594300123093
ChIJUxuFTVgFDTkR-tVbVFQAC58,ChIJUxuFTVgFDTkR-tVbVFQAC58,Hotel R Crown Banquet & Rooms,"RZA-314, SUKKAR, Shani Bazar Rd, Chandan Vihar, New Delhi, Delhi",28.6639003,77.07437829999999,4.8,4.0,New Delhi,hotel,,2.0,0.9994269609451294,1.0,0.0,0.5,0.5,0.5,0.5,0.5,New Delhi,Mid-Range,0.1498222752495692,4.8,0.9994269609451294,0.8420314354308438
ChIJVxBqNycHDTkRspbBVn_5Rag,ChIJVxBqNycHDTkRspbBVn_5Rag,Hotel Shagun & Banquets - Rohini Sector -20 I Budget Hotel In Rohini I Couple Friendly Stay I Banquet Facilities,"Plot No.127B, near Sbi Bank, Rohini Extension Sector 20, Pooth Kalan, Rohini, Delhi",28.7138526,77.07697399999999,4.3,103.0,Rohini,hotel,,5.0,0.9998159170150756,1.0,0.0,0.9998718500137328,0.5,0.9998159170150756,0.5,0.9998159170150756,Rohini,Budget,0.4323454830297744,4.3,0.9998159170150756,0.8357796107578394
ChIJMefpUh8FDTkRTvRW7W_PuCw,ChIJMefpUh8FDTkRTvRW7W_PuCw,Hotel 19 West,"19, Block, AB-1, AB Rd, Block RR, Mianwali Nagar, Paschim Vihar, New Delhi, Delhi",28.6800855,77.08656529999999,3.2,122.0,New Delhi,hotel,,5.0,0.5994801971886773,0.6,0.4,0.0003583365614758,0.4992176388477674,0.9989633560180664,0.9989633560180664,0.6659982068522368,New Delhi,Mid-Range,0.4479653445915689,3.2,0.5994801971886773,0.5651497667044816
ChIJMTVTdAAHDTkRL4vgks9_bAQ,ChIJMTVTdAAHDTkRL4vgks9_bAQ,Hotel O Ms Hotel Lakra Residency,"24 and23, Plot no 424, Mange Ram Park, Gram Sabha, Sector 23, Rohini, Delhi",28.7194105,77.0775297,2.2,9.0,Rohini,hotel,,4.0,0.2531994367091101,0.25,0.75,0.337218395754462,0.5,0.5,0.5,0.3374877696235974,Rohini,Mid-Range,0.2143472170767782,2.2,0.2531994367091101,0.272047499728212
ChIJLSTH2_wHDTkRl-rs7KjuUWo,ChIJLSTH2_wHDTkRl-rs7KjuUWo,Hotel O Shree Shyam Residency,"Palm City, 1173/1174, near 990 bus stand, Pocket A, Block A, Budh Vihar Phase II, Budh Vihar, Delhi",28.7213638,77.0863416,3.8,38.0,Budh Vihar,hotel,,5.0,0.7997815726906993,0.8,0.2,0.9995355606079102,0.666426896835522,0.5,0.9991752505302428,0.7997815726906993,Other,Mid-Range,0.3410402707054878,3.8,0.7997815726906993,0.6860726992085602
ChIJs7GJ-NsFDTkRLD5mS5lSTCw,ChIJs7GJ-NsFDTkRLD5mS5lSTCw,Rama House,"Plot No 85, Bhera Enclave, Paschim Vihar, New Delhi, Delhi",28.6720788,77.09026150000001,4.7,82.0,New Delhi,hotel,,5.0,0.999710774421692,1.0,0.0,0.9998655716578164,0.9998758435249328,0.9996727705001832,0.9994864463806152,0.999710774421692,New Delhi,Mid-Range,0.4113490484538237,4.7,0.999710774421692,0.8844540131634215
ChIJ_zxrm-cHDTkRc_Jjh14DsCg,ChIJ_zxrm-cHDTkRc_Jjh14DsCg,Townhouse Oak Iskcon Rohini/ Townhouse Oak Rohini Sector 23,"Plot No 118, Sector 23, Opposite Jheel Park Rohini, Budh Vihar, Delhi",28.7242371,77.0808419,2.3,3.0,Budh Vihar,hotel,,1.0,0.001475955476053,0.0,1.0,0.5,0.5,0.5,0.5,0.5,Other,Mid-Range,0.1290498836544179,2.3,0.001475955476053,0.1868880726254283
ChIJScWYucUGDTkR2nasp1YBYkU,ChIJScWYucUGDTkR2nasp1YBYkU,Hotel O By Oyo Rohini Sector 24,"104, above Axis Bank, Pocket 27, Sector 24, Rohini, Delhi",28.7321769,77.0880284,3.8,427.0,Rohini,hotel,,5.0,0.5992656103800982,0.6,0.4,0.4991224547266029,0.5,0.0006729643791913,0.9939985275268556,0.9977186520894368,Rohini,Budget,0.5640426487820017,3.8,0.5992656103800982,0.6695310645488072
ChIJd6482AwFDTkRIzkWAxQEfIw,ChIJd6482AwFDTkRIzkWAxQEfIw,Hotel Vivah Residency,"25, Bhera Enclave, Paschim Vihar, New Delhi, Delhi",28.6704705,77.0927648,3.9,197.0,New Delhi,hotel,,5.0,0.2009521497762761,0.2,0.8,0.0007809523764687,0.0007564832339994,0.0007564832339994,0.0010917930630967,0.0010917930630967,New Delhi,Mid-Range,0.4922837920896685,3.9,0.2009521497762761,0.5404827395912555
ChIJma0ObAsFDTkRevQdGGCNZEQ,ChIJma0ObAsFDTkRevQdGGCNZEQ,Townhouse Sunder Vihar,"11567, Kanshi Ram Shah Marg, Block 9, Sunder Vihar, Paschim Vihar, Delhi",28.661155,77.08837199999999,3.4,125.0,Paschim Vihar,hotel,,5.0,0.0006223852658876,0.0,1.0,0.0007500468636862,0.0002389699075138,0.0003134661164949,0.0002728592080529,0.0006223852658876,Paschim Vihar,Mid-Range,0.4502085811759851,3.4,0.0006223852658876,0.4011525588485452
ChIJ7eql54AFDTkRqeVDzk7JbSo,ChIJ7eql54AFDTkRqeVDzk7JbSo,Oyo Flagship Lal Residency,"126/132 126/132, opposite post office, Nangloi, Delhi",28.6799976,77.0655152,3.5,177.0,Nangloi,hotel,,5.0,0.2003654185158666,0.2,0.8,0.5,0.5,0.0002837859501596,0.0005275263829388,0.5001077633642126,Other,Budget,0.4823712647488281,3.5,0.2003654185158666,0.4850134136185053
ChIJUaBSPtUFDTkRyZQihsgC1wU,ChIJUaBSPtUFDTkRyZQihsgC1wU,Via Vat - Hotel In Meera Bagh,"A-338, Meera Bagh, Punjabi Bagh, Paschim Vihar, New Delhi",28.6596615,77.0909915,3.6,117.0,Paschim Vihar,hotel,,5.0,0.0020624522410798,0.0,1.0,0.0006356659869197,0.0028901480351729,0.5,0.0008538031834177,0.0008398325880989,Paschim Vihar,Mid-Range,0.444102142377517,3.6,0.0020624522410798,0.4269000854085518
ChIJ50F8pDQFDTkRW4vVtMDV2Vg,ChIJ50F8pDQFDTkRW4vVtMDV2Vg,Fabhotel Mannat Bhera Enclave,"M-131, Guru Harkishan Nagar, Paschim Vihar, New Delhi, Delhi",28.6703875,77.08469319999999,3.0,2.0,New Delhi,hotel,,2.0,0.5000335822769557,0.5,0.5,0.5,0.9998499155044556,0.5,0.5,0.5,New Delhi,Mid-Range,0.1022696131573402,3.0,0.5000335822769557,0.4333073493379189
ChIJY-ctAJMHDTkRY5ucKDe0kz8,ChIJY-ctAJMHDTkRY5ucKDe0kz8,Hotel O Sweet Inn,"2nd floor, H.No 1/60, Kanjhawala Rd, Budh Vihar Phase I, Budh Vihar, Delhi",28.7105651,77.08095999999999,5.0,3.0,Budh Vihar,hotel,,,,,,,,,,,Other,Budget,0.1290498836544179,5.0,0.5,0.7048616045592057
ChIJr_HCO-kFDTkR_aDiWYPlg_g,ChIJr_HCO-kFDTkR_aDiWYPlg_g,Hotel Saffron Gold By F9 Hotels,"Plot no 74, 74, National Market School Rd, near nagin lake apartments, Bhera Enclave, Paschim Vihar, Delhi",28.6733378,77.0917175,4.1,577.0,Paschim Vihar,hotel,,5.0,0.1736001349578145,0.2,0.8,0.2167749202271806,0.0009009938803501,0.0003869840584229,0.7704227566719055,0.3888270445168018,Paschim Vihar,Mid-Range,0.5920115459323219,4.1,0.1736001349578145,0.579554781310555
ChIJe61PIQ8FDTkRhg9m7cdt9gg,ChIJe61PIQ8FDTkRhg9m7cdt9gg,Fabhotel Lee Way,"Metro Pillar Number 300, Plot No RR 9, Block A 7, Mianwali Nagar, Paschim Vihar, New Delhi, Delhi",28.6799476,77.0880269,3.5,83.0,New Delhi,hotel,,5.0,0.3101305761490948,0.4,0.6,0.274071507883491,0.0008488963649142,0.9997349381446838,0.001387087162584,0.5,New Delhi,Mid-Range,0.4124639098458538,3.5,0.3101305761490948,0.505164233152964
ChIJw-ezIEAFDTkRjI637nlIT1Y,ChIJw-ezIEAFDTkRjI637nlIT1Y,Spot On The Arrow,"W-195, W-190, Jwalapuri Rd, near SAI MANDIR, near Sai Baba Mandir Road, PVC Market, Jwalapuri, Paschim Vihar, Delhi",28.6706893,77.0793836,3.9,30.0,Paschim Vihar,hotel,,5.0,0.400179580488475,0.4,0.6,0.0004622338747139,0.0004701877769548,0.0004542799724731,0.0004542799724731,0.5001069286663551,Paschim Vihar,Mid-Range,0.3196692287282864,3.9,0.400179580488475,0.5673305213612729
ChIJG6b9UeEDDTkRekt9szIwFig,ChIJG6b9UeEDDTkRekt9szIwFig,Hotel Goel Residency,"A-1/84, Sector-8, Rohini, Near Rohini East Metro Station, New Delhi",28.700554,77.1205987,4.0,1112.0,Near Rohini East Metro Station,hotel,,5.0,0.400211188843241,0.4,0.6,0.9998027980327606,0.4999847773724469,0.9998027980327606,0.500015086334315,0.250320863786328,Other,Mid-Range,0.6530077603130068,4.0,0.400211188843241,0.6515335410860924
ChIJ52dGUtcDDTkR9ccRlGw9PG0,ChIJ52dGUtcDDTkR9ccRlGw9PG0,Hotel White Saffron By F9 Hotels,"182, Vaishali, Dakshini Pitampura, Pitampura, New Delhi, Delhi",28.7015649,77.13986729999999,4.2,620.0,New Delhi,hotel,,5.0,0.4007976482069352,0.4,0.6,0.3346484589468066,0.0002222145703854,0.5,0.5014469692250714,0.9998206496238708,New Delhi,Mid-Range,0.5986914115383751,4.2,0.4007976482069352,0.6667547163815368
ChIJK3r5CKMDDTkR3boHlDA8KE4,ChIJK3r5CKMDDTkR3boHlDA8KE4,Hotel Shine Couple Friendlly | Rohini West Metro Station,"House No.18, 85, Pocket No, H-32, near Vishram Chowk, Sector 3, Rohini",28.7087561,77.1051207,4.8,700.0,Sector 3,hotel,,5.0,0.5997151111834682,0.6,0.4,0.00049337130622,0.00049337130622,0.5,0.4991066623479128,0.3335937618006331,Other,Mid-Range,0.6099717377363983,4.8,0.5997151111834682,0.8123778368050268
ChIJteDOQaoDDTkR671xxVVa6Dc,ChIJteDOQaoDDTkR671xxVVa6Dc,Hotel Season Couple Friendlly Near Pitampura Metro,"House No 167. 2nd floor, Ashiyana chowk, near Metro Station Pitampura, Kapil Vihar, Pitampura, New Delhi, Delhi",28.7002361,77.13563669999999,4.9,2516.0,New Delhi,hotel,,5.0,0.6000390289817006,0.6,0.4,0.5000836251419969,0.9997598528862,0.9998102486133577,0.0002854218473657,0.6667166233916456,New Delhi,Mid-Range,0.7289698528559163,4.9,0.6000390289817006,0.8510849489929586
ChIJWRkUo-8DDTkRI5QgI0OqdsI,ChIJWRkUo-8DDTkRI5QgI0OqdsI,Hotel Ornate Inn,"COMMUNITY CENTER, PLOT NO. 06, adjoining JIMS COLLEGE, Sector 3, SEC 03, Rohini, Delhi",28.7030008,77.107777,3.6,274.0,Rohini,hotel,,5.0,0.2113760292500955,0.2,0.8,0.2641738532402086,0.0282789121847598,0.5,0.5,0.2504029450901725,Rohini,Budget,0.5228641744469175,3.6,0.2113760292500955,0.5104323610846193
ChIJc-0fwtYBDTkRsO8KJ3y5_gM,ChIJc-0fwtYBDTkRsO8KJ3y5_gM,Hotel O By Oyo Anshun Residency,"Pocket D, 315316 315 316, 16, Sector 7, Rohini, Delhi",28.71047739999999,77.1181445,2.6,335.0,Rohini,hotel,,5.0,0.0025424678460694,0.0,1.0,0.0025424678460694,0.0050249369814991,0.5,0.0042205285863019,0.0003163256333209,Rohini,Budget,0.5415137935002718,2.6,0.0025424678460694,0.3148377486138506
ChIJ1eAJv3EBDTkRh-_kWmP5-nE,ChIJ1eAJv3EBDTkRh-_kWmP5-nE,Sun Moon Residency And Apartments,"56, 57 - C4, Sector 6 Rd, Pocket 4, Sector 6, Rohini, Delhi",28.7139704,77.1099617,4.4,205.0,Rohini,hotel,,5.0,0.7996804839931428,0.8,0.2,0.9998612403869628,0.9998612403869628,0.997804601987203,0.9991827607154846,0.7498049148125574,Rohini,Mid-Range,0.4959709993713083,4.4,0.7996804839931428,0.7987541426928877
ChIJda712aMDDTkRHVw3A7xAp0Q,ChIJda712aMDDTkRHVw3A7xAp0Q,Seven Seas Hotel,"12, Mangalam Place, Sector 3, Rohini, New Delhi, Delhi",28.7003667,77.11520060000001,4.3,11529.0,New Delhi,hotel,,5.0,0.7998898313904647,0.8,0.2,0.9998012036085128,0.5000590499403187,0.999853104352951,0.5000310059549519,0.9998599886894226,New Delhi,Mid-Range,0.8706418082595164,4.3,0.7998898313904647,0.8652181500512747
ChIJw6EdanYDDTkR9EzmpV-p2Dw,ChIJw6EdanYDDTkR9EzmpV-p2Dw,Kings Court Hotel - Pitampura,"62, Samrat Enclave, Block L, Raj Nagar, Pitampura, Delhi",28.6862886,77.1423669,4.4,197.0,Pitampura,hotel,,5.0,0.0016210797068196,0.0,1.0,0.0006787262245779,0.0003202161460649,0.0039375070482492,0.0003202161460649,0.0006787262245779,Other,Mid-Range,0.4922837920896685,4.4,0.0016210797068196,0.5433548461756427
ChIJ486HNRMBDTkRM1sl8rwuie4,ChIJ486HNRMBDTkRM1sl8rwuie4,Ap Holidays,"Pocket 8B, YES Bank Building, Plot No. 8, Sector 15, Rohini, Delhi",28.7300781,77.1327234,4.5,1837.0,Rohini,hotel,,5.0,0.4004738131305203,0.4,0.6,0.0010435969161335,0.0006600632914341,0.5,0.000827387382742,0.6667606239401115,Rohini,Mid-Range,0.6997033750132717,4.5,0.4004738131305203,0.7280164941100562
ChIJBbwzvPMBDTkRPPGqzG0yUhc,ChIJBbwzvPMBDTkRPPGqzG0yUhc,Hotel Clark,"12a, street number 07, near D.T.U, Shabad Extension, Sector17, Rohini, Delhi",28.7436324,77.11713,3.8,25.0,Rohini,hotel,,5.0,0.8002678324934095,0.8,0.2,0.999750812848409,0.9997261464595796,0.9997279047966005,0.0023588191252201,0.9997450858354568,Rohini,Mid-Range,0.3032955993753565,3.8,0.8002678324934095,0.6781997283814898
ChIJIxJHPnEBDTkRdg5tnZH7IOY,ChIJIxJHPnEBDTkRdg5tnZH7IOY,Qotel Express Sandberry - Prashant Vihar,"ED Block, Prashant Vihar, Sector 14, Rohini, Delhi",28.7130403,77.1380362,4.5,350.0,Rohini,hotel,,5.0,0.5999164553999435,0.6,0.4,0.499934818908514,0.500303093198454,0.9989803433418274,0.5,0.5002587175404187,Rohini,Mid-Range,0.5455794970201683,4.5,0.5999164553999435,0.7588658166339931
ChIJmZbL1DwBDTkRTUDCMOLJz6s,ChIJmZbL1DwBDTkRTUDCMOLJz6s,Hotel Raaso Inn Rohini,"I5/91, Ram Krishna Marg, Pocket 5, Sector 16, Rohini, New Delhi, Delhi",28.7403323,77.1224739,4.5,72.0,New Delhi,hotel,,5.0,0.3999917573295534,0.4,0.6,0.6664747373530796,0.5000476801797049,0.4998400769691216,0.9997844099998474,0.3332743581365018,New Delhi,Budget,0.3993980695823625,4.5,0.3999917573295534,0.6639892161414301
ChIJqUMw8V0DDTkRcqy-cZvfVvY,ChIJqUMw8V0DDTkRcqy-cZvfVvY,"Hotel Park Residency - Pitampura, Delhi","Metro Station, Block, Cd-4, Plot No 4, near by Pitampura, Block CD, Dakshini Pitampura, Pitampura, Delhi",28.7059614,77.1371193,3.8,481.0,Pitampura,hotel,,5.0,0.6000517108826898,0.6,0.4,0.9996641576290132,0.6667375825539542,0.500210449390579,0.5001700911961962,0.6667375825539542,Other,Mid-Range,0.5751036659325894,3.8,0.6000517108826898,0.6721344888805166
ChIJ3RlMdckBDTkR0pjpqymKelw,ChIJ3RlMdckBDTkR0pjpqymKelw,Crowne Plaza New Delhi Rohini By Ihg,"Twin District Centre, Swarn Jayanti Park, Sector 10, Rohini, New Delhi, Delhi",28.7200961,77.1100067,4.4,13235.0,New Delhi,hotel,,5.0,0.9889440059661864,1.0,0.0,0.9998751878738404,0.9862110912799836,0.5,0.5,0.9826572934786478,New Delhi,Mid-Range,0.8834870906492654,4.4,0.9889440059661864,0.9415600847288104
ChIJ13uwGBMBDTkREGuDRst9C8s,ChIJ13uwGBMBDTkREGuDRst9C8s,Qotel Comfort Church House Rohini Sector 15,"1st Floor, Above Axis Bank, Plot no. 2, Pocket, 8A, Manav Chowk, Rohini, Delhi",28.7314911,77.1340142,4.5,845.0,Rohini,hotel,,5.0,0.4011048243322875,0.4,0.6,0.3347701101544468,0.251418283318344,0.5000258451764239,0.5,0.5000025695626391,Rohini,Mid-Range,0.6274736906704526,4.5,0.4011048243322875,0.7128549101952191
ChIJ14Hw8TkBDTkRkLqc_kOi0fY,ChIJ14Hw8TkBDTkRkLqc_kOi0fY,"Fabhotel The Chaitanyas - Hotel In Rohini, New Delhi","H-3/25, Sector 18, Rohini, New Delhi, Delhi",28.7406602,77.13320039999999,3.8,201.0,New Delhi,hotel,,5.0,0.4001601707976078,0.4,0.6,0.5,0.5000503422852489,0.0002241853944724,0.999259889125824,0.4999525631828874,New Delhi,Mid-Range,0.4941456504250233,3.8,0.4001601707976078,0.5911411704965902
ChIJ70yHFd4BDTkRDCBZqoNKwjY,ChIJ70yHFd4BDTkRDCBZqoNKwjY,Hotel Church House Rohini I Hotel In New Delhi,"Floor 1, B4 Rd, Sector 15, Rohini, New Delhi, Delhi",28.7314646,77.13390780000002,4.2,523.0,New Delhi,hotel,,5.0,0.7998364086728543,0.8,0.2,0.7498805964714848,0.9996199309825896,0.9998718500137328,0.000386951258406,0.9996987730264664,New Delhi,Mid-Range,0.5828810936747755,4.2,0.7998364086728543,0.7907023511738164
ChIJTZYJvY8BDTkRMqD9vfIeu3I,ChIJTZYJvY8BDTkRMqD9vfIeu3I,Skymax Hotel,"C-1, 189-190, Rammurti Passi Marg, Sector 11, Rohini, New delhi",28.7307646,77.11717689999999,4.9,411.0,Rohini,hotel,,5.0,0.9998294472694396,1.0,0.0,0.999831477801005,0.9998383820056916,0.999835580587387,0.999822437763214,0.999831199645996,Rohini,Mid-Range,0.5604959411985173,4.9,0.9998294472694396,0.9428015889709372
ChIJj3VBHVABDTkRbJf3b-WvsDs,ChIJj3VBHVABDTkRbJf3b-WvsDs,Royal Residency Rohini,"B-3/357, near Rajiv Gandhi Cancer institute, Pocket 3, Sector 6, Rohini, Delhi",28.71190829999999,77.1112038,4.4,18.0,Rohini,hotel,,4.0,0.7504634002107196,0.75,0.25,0.5,0.999583899974823,0.5,0.999583899974823,0.999729057153066,Rohini,Mid-Range,0.2740972756911478,4.4,0.7504634002107196,0.7358603256320234
ChIJM0-S5aAHDTkRRSCWC-TUc4o,ChIJM0-S5aAHDTkRRSCWC-TUc4o,Hotel O Vishwakarma Palace,"A-02 A-02, Sir Chotu Ram Marg, Hargovind Vihar, Pocket 2, Sector 4, Rohini, Delhi",28.7066161,77.1009327,3.0,673.0,Rohini,hotel,,5.0,0.6026490571210161,0.6,0.4,0.5,0.0016805120976641,0.5004540179506874,0.0129267992451787,0.5,Rohini,Luxury,0.6063153768790331,3.0,0.6026490571210161,0.5732541584801578
ChIJhfP0934DDTkRb0xgy-Wsucs,ChIJhfP0934DDTkRb0xgy-Wsucs,Itsy Hotels Prime Stay,"Pocket-8B, Plot No. 3, Jail Road, Sector 19, Rohini, New Delhi, Delhi",28.7336942,77.1395521,3.9,254.0,New Delhi,hotel,,5.0,0.6010359419684391,0.6,0.4,0.7499578101778752,0.9998507499694824,0.9998507499694824,0.5000639167119516,0.999838968118032,New Delhi,Budget,0.5158351904594659,3.9,0.6010359419684391,0.6731358302356709
ChIJd9sdC4MHDTkRtaltQYd0h2s,ChIJd9sdC4MHDTkRtaltQYd0h2s,Fabhotel Moro Rohini Sector 4,"C, 48/49, 40 Feet Rd, near Saint Giri School, Vijay Vihar Phase II, Sector 4, Pocket N, Sector 4, Rohini, New Delhi, Delhi",28.7074569,77.09629079999999,3.9,119.0,New Delhi,hotel,,5.0,0.2003155767102725,0.2,0.8,0.5,0.0007850216061342,0.0009627499384805,0.0004537862405413,0.0003002792072948,New Delhi,Mid-Range,0.4456667138885363,3.9,0.2003155767102725,0.5303644192101955
ChIJQzZSoT0BDTkR37w2w39jxbY,ChIJQzZSoT0BDTkR37w2w39jxbY,Aman Residency,"No. 3, C.S.C, Sector 6 Rd, DDA Market, Sector 6B, Rohini, Delhi",28.7123557,77.1126294,3.8,41.0,Rohini,hotel,,5.0,0.3097319731197785,0.4,0.6,0.0002493299834895,0.3018455798737705,0.9444059133529664,0.0003134625148959,0.0008153035450958,Rohini,Mid-Range,0.3479389680186449,3.8,0.3097319731197785,0.531193260033071
ChIJi6ULd0sDDTkRFFLZ17omh6Y,ChIJi6ULd0sDDTkRFFLZ17omh6Y,Fabhotel A One Pitampura Inn,"Vaishali, Dakshini Pitampura, Pitampura, New Delhi, Delhi",28.7015343,77.1398773,4.5,50.0,New Delhi,hotel,,5.0,0.5936078477854607,0.6,0.4,0.4922842891210166,0.4845354450226294,0.9683758616447448,0.5,0.0001870254491223,New Delhi,Budget,0.3660129152098967,4.5,0.5936078477854607,0.718660160475391
ChIJwV3SeBABDTkRQtfVG9zEhOY,ChIJwV3SeBABDTkRQtfVG9zEhOY,Travellers Hotel,"Plot No-1&2, Sir Chotu Ram Marg, near Rajiv Gandhi Cancer Hospital, Pocket-B-8, Sector 5, Rohini, New Delhi, Delhi",28.7138185,77.1094604,4.7,140.0,New Delhi,hotel,,5.0,0.999846613407135,1.0,0.0,0.9998698234558104,0.9998470942179362,0.999833345413208,0.5,0.9998487383127213,New Delhi,Mid-Range,0.4606791356859033,4.7,0.999846613407135,0.8949896218390215
ChIJochkDJkBDTkRF4kn2GTWRng,ChIJochkDJkBDTkRF4kn2GTWRng,Sr Residency Delhi,"B-9/287, behind Rajiv Gandhi Cancer Hospital, Pocket 9, Sector 5, Rohini, Delhi",28.7161886,77.10895579999999,4.1,163.0,Rohini,hotel,,5.0,0.4000585353875067,0.4,0.6,0.5000383668375433,0.5000623875093879,0.5,0.5000102816557046,0.2501391068726661,Rohini,Mid-Range,0.4747456150886466,4.1,0.4000585353875067,0.6268627914275813
ChIJwcKwnhUDDTkRQWrXJ5HKiRk,ChIJwcKwnhUDDTkRQWrXJ5HKiRk,Treebo Mvm Residency,"Property bearing no 15, Block A, Pocket 3, Sector 3, Rohini, New Delhi",28.6979792,77.1089358,4.5,189.0,Rohini,hotel,,5.0,0.5811075862264261,0.6,0.4,0.5811075862264261,0.7254486515012104,0.5,0.9017664790153505,0.7254486515012104,Rohini,Mid-Range,0.488444492767926,4.5,0.5811075862264261,0.740712645575875
ChIJBUyBs_EBDTkR6NDsh_942IY,ChIJBUyBs_EBDTkR6NDsh_942IY,Gallivanto Inn,"Building no- 60, near primary school, Badli, Rohini, Delhi",28.7366762,77.1440515,4.5,1422.0,Rohini,hotel,,5.0,0.7999190045404247,0.8,0.2,0.9998429814974468,0.5000636162876617,0.9998039801915488,0.6666255714177775,0.7999190045404247,Rohini,Budget,0.6758806952059268,4.5,0.7999190045404247,0.850389607222885
ChIJVVVVJdQDDTkRyYcuYnqjUqc,ChIJVVVVJdQDDTkRyYcuYnqjUqc,Hotel City Park- Hotels In Delhi,"City Park, Block KP, Poorvi Pitampura, Pitampura, Delhi",28.7056722,77.14332089999999,4.2,8269.0,Pitampura,hotel,,5.0,0.5997527188505046,0.6,0.4,0.5006848436896689,0.3338833163919237,0.5,0.5,0.5003827743785223,Other,Mid-Range,0.8397064038555342,4.2,0.5997527188505046,0.7814926034768149
ChIJj1OudT0CDTkRtj84wg-cCE8,ChIJj1OudT0CDTkRtj84wg-cCE8,Mystique Melange,"C, 3/8, Ashok Vihar II, Pocket C 3, Phase 2, Ashok Vihar, Delhi",28.6964268,77.17058159999999,3.9,1985.0,Ashok Vihar,hotel,,5.0,0.1335794552869629,0.2,0.8,0.0011236373102292,0.2221254488686099,0.5,0.5,0.0021637319587171,Other,Mid-Range,0.7069126729625357,3.9,0.1335794552869629,0.56463849340689
ChIJ4WmKF40BDTkRhunQxIe-GlU,ChIJ4WmKF40BDTkRhunQxIe-GlU,Hotel Red Chilly Adarsh Nagar,"14, Sarai Pipal Thala, Mool Chand Nagar, Adarsh Nagar, New Delhi, Delhi",28.7198873,77.16999969999999,4.9,17.0,New Delhi,hotel,,5.0,0.998583161830902,1.0,0.0,0.995089590549469,0.5,0.9990422129631042,0.995089590549469,0.999866247177124,New Delhi,Mid-Range,0.2690641681418895,4.9,0.998583161830902,0.8804178463850132
ChIJVb3KwfkBDTkRSXdPeP0lRbs,ChIJVb3KwfkBDTkRSXdPeP0lRbs,Hotel Dev Palace,"A-4, Panchwati, opp. Metro Pillar No. 85,86, Just, Azadpur, Delhi",28.7145542,77.1725218,3.9,96.0,Azadpur,hotel,,5.0,0.20063043764967,0.2,0.8,0.5,0.3333515390647031,0.9995800852775574,0.0001905391836771,0.3333515390647031,Other,Luxury,0.4258589922067738,3.9,0.20063043764967,0.5262518669945085
ChIJoe00oYwBDTkR88z2B2LfPpE,ChIJoe00oYwBDTkR88z2B2LfPpE,"Seven Seas Guest House - Adarsh Nagar, Delhi","A-3, Sarai Pipal Thala Extension, Mool Chand Nagar, Adarsh Nagar, Delhi",28.7183725,77.16929329999999,3.8,492.0,Adarsh Nagar,hotel,,5.0,0.5984405130817322,0.6,0.4,0.5,0.5,0.9979241490364074,0.9985495209693908,0.4993883222268777,Other,Mid-Range,0.5772042431608497,3.8,0.5984405130817322,0.6720672305326695
ChIJz9f-o84BDTkRWxCjQOpjWnQ,ChIJz9f-o84BDTkRWxCjQOpjWnQ,Hotel16,"A-16, GT Karnal Rd, Indira Nagar, Adarsh Nagar, Delhi",28.7169458,77.1707469,4.0,149.0,Adarsh Nagar,hotel,,5.0,0.5788304153596983,0.6,0.4,0.4470052291289902,0.5000240970985033,0.5,0.5,0.6667138728468368,Other,Mid-Range,0.4664391054836876,4.0,0.5788304153596983,0.6688384577156842
ChIJVSfh4c8FDTkRe54mRvZAn0E,ChIJVSfh4c8FDTkRe54mRvZAn0E,Hotel O Leo Saffron By F Hotels,"HOUSE NO RP - 7 PLOT NO 7 GROUND FLOOR BLK-RP PITAMPURA CITY DELHI 110034, LANDMARK, Pitampura, Delhi",28.7006575,77.15026739999999,4.3,537.0,Pitampura,hotel,,5.0,0.3359871313150506,0.4,0.6,0.2275694223935715,0.2496364768812782,0.6813897490501404,0.0003192611329723,0.4988009704684373,Other,Mid-Range,0.5853355812316818,4.3,0.3359871313150506,0.6565301190740498
ChIJSfJXLaADDTkR3n9-HoFizwU,ChIJSfJXLaADDTkR3n9-HoFizwU,Hotel Baba`S Inn,"Block QP, Qp60, Pitampura, New Delhi, Delhi",28.7011739,77.14963689999999,4.4,29.0,New Delhi,hotel,,5.0,0.400585109408712,0.4,0.6,0.0003083903866354,0.5,0.9996380805969238,0.4999644736089977,0.000872759905178,New Delhi,Budget,0.3166168302341184,4.4,0.400585109408712,0.6332779060079755
ChIJB_YlZ60DDTkRk6N2H6cp11Q,ChIJB_YlZ60DDTkRk6N2H6cp11Q,Hotel O Sushma Ssadan,"Near, Swami Narayan Underpass Rd, Block C, Sawan Park, Ashok Vihar, Delhi",28.69167299999999,77.18478999999999,2.6,226.0,Ashok Vihar,hotel,,5.0,0.0013826193346175,0.0,1.0,0.0014237913492251,0.0003893395914928,0.5,0.0003893395914928,0.0007832571282051,Other,Mid-Range,0.5050075858502767,2.6,0.0013826193346175,0.3067030141244858
ChIJ9edIGvoDDTkRVxqbcgB6rm0,ChIJ9edIGvoDDTkRVxqbcgB6rm0,"Fabhotel Pp Residency - Hotel In Gujranwala Town, New Delhi","A, 330, Lala Achintaram Marg, Derawal Nagar, Gujranwala Town, New Delhi, Delhi",28.6996796,77.19012169999999,3.9,113.0,New Delhi,hotel,,5.0,0.3981970279361121,0.4,0.6,0.5000718999654055,0.0004243589937686,0.5,0.5,0.3334745445560353,New Delhi,Mid-Range,0.4408918306756971,3.9,0.3981970279361121,0.5924814617352111
ChIJWdsZcpYDDTkRbJ9VIM03aUs,ChIJWdsZcpYDDTkRbJ9VIM03aUs,Hotel Seventh Heaven I Britannia Chowk,"Block- B52, Ch Brahm Prakash Flyover, Rampura Industrial Area, Tri Nagar, Delhi",28.680839,77.1498687,4.4,120.0,Tri Nagar,hotel,,5.0,0.7987781873554922,0.8,0.2,0.4979325213062111,0.7987781873554922,0.5,0.9952867031097412,0.5002268232929055,Other,Mid-Range,0.446439247895558,4.4,0.7987781873554922,0.7879311082746231
ChIJVc6eI2IDDTkRDzKffVzg-is,ChIJVc6eI2IDDTkRDzKffVzg-is,Hotel Mannat,"second floor, Ag-35, Ring Rd, above fab story, Block AG, Poorbi Shalimar Bag, Shalimar Bagh, Delhi",28.7016411,77.1627318,4.1,104.0,Shalimar Bagh,hotel,,5.0,0.7997085546376184,0.8,0.2,0.5,0.9984009861946106,0.9984009861946106,0.9991208016872406,0.9997989336649576,Other,Mid-Range,0.4332363014410051,4.1,0.7997085546376184,0.7455393921588431
ChIJh2pGUIICDTkRZPwKRwgklls,ChIJh2pGUIICDTkRZPwKRwgklls,Hotel Raj International Deluxe,"9835/87, Railway Station, Street No. 5, opp. Sarai Rohilla, Railway Colony, Karol Bagh, New Delhi, Delhi",28.6624994,77.1844461,4.4,729.0,New Delhi,hotel,,5.0,0.7998120501521043,0.8,0.2,0.7499285135272657,0.9995556175708772,0.5001238472468685,0.5,0.7498518768552458,New Delhi,Mid-Range,0.6137452866591407,4.4,0.7998120501521043,0.8238461374580736
ChIJ02qaT-P9DDkRmOF-ajKFnjk,ChIJ02qaT-P9DDkRmOF-ajKFnjk,Five Elements Hotels - Delhi (Hotel North Avenue),"31, Bungalow Rd, Kamla Nagar, New Delhi, Delhi",28.6828119,77.2058223,4.1,1135.0,New Delhi,hotel,,5.0,0.9997429966926574,1.0,0.0,0.9997429966926574,0.9997261166572572,0.999585509300232,0.9996749560038248,0.9997152835130692,New Delhi,Mid-Range,0.6549118424469215,4.1,0.9997429966926574,0.8565082373772221
ChIJQTyWH_v9DDkRWIAPGAhMUz0,ChIJQTyWH_v9DDkRWIAPGAhMUz0,Homestay Near Isbt Kashmiri Gate & Metro | Private Rooms & Dorms,"3rd Floor, 1546, Church Rd, behind Ritz Cinema, Kashmere Gate, New Delhi, Delhi",28.6667372,77.2308218,4.7,6345.0,New Delhi,hotel,,5.0,0.7998056790907867,0.8,0.2,0.7497927424410591,0.5,0.6666062708827667,0.9993679225444794,0.9995834827423096,New Delhi,Budget,0.8150553074595581,4.7,0.7998056790907867,0.9065421099806484
ChIJlyWNs-T9DDkRLPAb1o0WNH0,ChIJlyWNs-T9DDkRLPAb1o0WNH0,Hotel University Stay,"1825, 1827, Dr Bhim Rao Ambedkar Marg, Main Road, Malka Ganj, New Delhi, Delhi",28.6758473,77.2074876,3.5,39.0,New Delhi,hotel,,5.0,0.2009877404634608,0.2,0.8,0.0044270833022892,0.5000382823127438,0.5,0.0002191332387155,0.334834549309259,New Delhi,Budget,0.3433971007311961,3.5,0.2009877404634608,0.4556528304356305
ChIJGY6rtYz9DDkROGiBI6lGJI4,ChIJGY6rtYz9DDkROGiBI6lGJI4,The Twenties Hotel Kamla Nagar,"B1 23, Near, Malka Ganj Post Office Roundabout, near Hansraj College, Malka Ganj, Delhi",28.67655259999999,77.2104477,3.3,137.0,Malka Ganj,hotel,,5.0,0.2005378710629884,0.2,0.8,0.5010133377509192,0.3334246052642508,0.5000762956042308,0.0021448119077831,0.9998818635940552,Other,Mid-Range,0.4586771270509036,3.3,0.2005378710629884,0.4534419116305153
ChIJCxPaVwADDTkRQZ-4juHz88U,ChIJCxPaVwADDTkRQZ-4juHz88U,Hotel Pitrashish Premium & Grand,"36-37, New Rohtak Rd, near Liberty Cinema, Block 59, Karol Bagh, Delhi",28.6589296,77.191037,4.0,110.0,Karol Bagh,hotel,,5.0,0.4000709178100806,0.4,0.6,0.4999329859419958,0.9996662139892578,0.9996662139892578,0.9996662139892578,0.5000170552084455,Karol Bagh,Mid-Range,0.4384092885261062,4.0,0.4000709178100806,0.6058447347810448
ChIJHxgBSKEDDTkR2BDdp2oSkYg,ChIJHxgBSKEDDTkR2BDdp2oSkYg,Evora – Banquet Halls & Hotel | Perfect For Weddings & Events,"Britannia Chowk, B-3, Lawrence Rd, Dr Lohia Industrial Area, Keshav Puram, Shakurpur, New Delhi, Delhi",28.6824824,77.147262,4.1,1287.0,New Delhi,hotel,,5.0,0.7998956199735403,0.8,0.2,0.9992544054985046,0.4999250760301947,0.5,0.5,0.6667847825835148,New Delhi,Mid-Range,0.666601810582077,4.1,0.7998956199735403,0.7952347856450691
ChIJW_GtJlH9DDkRLk8zWDBpE8g,ChIJW_GtJlH9DDkRLk8zWDBpE8g,The Comfort Inn,"5129, Sharif manzil, Balli Maran, New Krishna Cloth Market, Katra Nawab, Chandni Chowk, Delhi",28.6544737,77.2262753,4.0,82.0,Chandni Chowk,hotel,,5.0,0.7998453679028898,0.8,0.2,0.9995144804318746,0.5012272751191631,0.9989557564258577,0.5,0.9994408190250396,Other,Budget,0.4113490484538237,4.0,0.7998453679028898,0.727634282118869
ChIJYUkV8fX9DDkR-9ztjCtkqNw,ChIJYUkV8fX9DDkR-9ztjCtkqNw,"Venizia Sarovar Portico, Model Town","6, Bhama Shah Marg, Ishwar Colony, Kalyan Vihar, Delhi",28.6949745,77.195087,3.9,2521.0,Kalyan Vihar,hotel,,5.0,0.99974445104599,1.0,0.0,0.9998396833737692,0.9998612801233928,0.9998396833737692,0.5,0.9998519569635392,Other,Mid-Range,0.7291545915821304,3.9,0.99974445104599,0.8457128803612873
ChIJ7aqqqhn9DDkROmpPLJp4sS0,ChIJ7aqqqhn9DDkROmpPLJp4sS0,Hotel Tara Palace Chandni Chowk,"Old Cycle Market, 419, Esplande Rd, opposite Red Fort, Katra Mashru, Chandni Chowk, New Delhi, Delhi",28.6543252,77.2341975,4.0,731.0,New Delhi,hotel,,5.0,0.7995543980214279,0.8,0.2,0.4991350530617637,0.7499407708164654,0.998008906841278,0.0002611992822494,0.6666599551196365,New Delhi,Luxury,0.6139999785104596,4.0,0.7995543980214279,0.7706443199841773
ChIJRZ8E8Qz9DDkRaDxap1se5-g,ChIJRZ8E8Qz9DDkRaDxap1se5-g,Hotel O Maharaja,"Shop No : 30-32-34, Address, Old Market, Main Bus Stand, Plot No : 30-32-34, opposite DTC Bus Stand, Timarpur, Delhi",28.7006541,77.22151219999999,3.4,28.0,Timarpur,hotel,,5.0,0.4107070381287484,0.4,0.6,0.0005582747398875,0.5,0.5263727717101573,0.0005220643361099,0.5,Other,Mid-Range,0.3134609411082933,3.4,0.4107070381287484,0.5029015235072958
ChIJSY21bsX9DDkRkp0mg84Qa64,ChIJSY21bsX9DDkRkp0mg84Qa64,Wongdhen House,"Wongdhen house-15, 15 A, New Aruna Colony, Majnu-ka-tilla, New Aruna Nagar, Delhi",28.7027604,77.228816,4.2,730.0,New Aruna Nagar,hotel,,5.0,0.6242760330438614,0.6,0.4,0.6242760330438614,0.3738849014043808,0.99980029463768,0.5290964618325233,0.6877290805180868,Other,Mid-Range,0.6138727196887437,4.2,0.6242760330438614,0.7412828593930142
ChIJ77cDh5H9DDkRw4eomzQsdh4,ChIJ77cDh5H9DDkRw4eomzQsdh4,Hotel O The Signature Stay,"Plot no. -2520, Hudson Ln, nearby Landmark- Mr crust bakery, Hudson Lane, GTB Nagar, Delhi",28.6951539,77.2042654,3.3,85.0,GTB Nagar,hotel,,5.0,0.0026762948429677,0.0,1.0,0.0005895433714613,0.0112354550510644,0.0057931477203964,0.0058876328403129,0.0040674624906386,Other,Budget,0.4146543594633962,3.3,0.0026762948429677,0.3809521864916566
ChIJAQDviIUCDTkRGce6KapJ6xw,ChIJAQDviIUCDTkRGce6KapJ6xw,Hotel Sun View Internationa,"24B/9, Desh Bandhu Gupta Rd, Block 24 B, New, Karol Bagh, New Delhi, Delhi",28.6573621,77.1846645,4.3,170.0,New Delhi,hotel,,5.0,0.8029201151803136,0.8,0.2,0.6716720464949807,0.9997865557670592,0.9997881054878236,0.015460074879229,0.9997798800468444,New Delhi,Mid-Range,0.4786365020058283,4.3,0.8029201151803136,0.7828073131651608
ChIJ-Ty9tEz9DDkRxhAk4j8Iu8s,ChIJ-Ty9tEz9DDkRxhAk4j8Iu8s,Hotel O The Bed Box,"37, Bungalow Rd, Block G, Kamla Nagar, Delhi",28.6826145,77.20540199999999,3.3,14.0,Kamla Nagar,hotel,,5.0,0.0119751719292252,0.0,1.0,0.5,0.0197994247622166,0.0180464513881209,0.5,0.0011159999994561,Other,Mid-Range,0.2520918884069095,3.3,0.0119751719292252,0.3493426766144347
ChIJvfkKM1ICDTkRARQ_hfTtLF0,ChIJvfkKM1ICDTkRARQ_hfTtLF0,Super Hotel O By Oyo East Punjabi Bagh Near Metro Station,"House No 31, near Ashok Park Metro Station, Madan Park, Manohar Park, Block A, East Punjabi Bagh, Punjabi Bagh, Delhi",28.6708548,77.15304669999999,4.2,393.0,Punjabi Bagh,hotel,,5.0,0.4002501331386156,0.4,0.6,0.4999624214979121,0.5,0.0010003110801335,0.0005996424588374,0.9993574321269988,Other,Budget,0.5563373920816039,4.2,0.4002501331386156,0.6575715412198122
ChIJ-XC0KyYBDTkRHfjsKAMwROE,ChIJ-XC0KyYBDTkRHfjsKAMwROE,Hotel O By Oyo Sai Palace,"A16 Keval park extension, Indra Nagar, A Block, Panchwathi, Azadpur, Delhi",28.7133376,77.1746178,2.9,134.0,Azadpur,hotel,,5.0,0.0005699691653716,0.0,1.0,0.0005864610429853,0.0005864610429853,0.5,0.000619592363364,0.0003738578234333,Other,Budget,0.45663111472159,2.9,0.0005699691653716,0.3360346436530252
ChIJ306lNAADDTkRP-6e4yPnr8U,ChIJ306lNAADDTkRP-6e4yPnr8U,Ashoka Int Hotel Karol Bagh,"3381, Desh Bandhu Gupta Rd, Block 44Q, christian Society, Karol Bagh, New Delhi, Delhi",28.6531978,77.1916986,3.7,67.0,New Delhi,hotel,,5.0,0.2099726193468086,0.2,0.8,0.0165611332728682,0.5000088253727881,0.5,0.0001955706102307,0.5018017217516899,New Delhi,Mid-Range,0.3927931857069744,3.7,0.2099726193468086,0.4956125918744861
ChIJLTUFPQABDTkR2v6CmEIy83o,ChIJLTUFPQABDTkR2v6CmEIy83o,Hotel 24 Star Inn,"Metro Pillor No. 074, 31, Kewal Park Extn., Opp Azadpur Sabzi Mandi &, Adarsh Nagar, Delhi",28.7122886,77.175145,4.9,325.0,Adarsh Nagar,hotel,,5.0,0.9994059085845948,1.0,0.0,0.9994059085845948,0.9991270105044048,0.9987535178661346,0.9987535178661346,0.9998213052749634,Other,Budget,0.5387011984829421,4.9,0.9994059085845948,0.9380308259943898
ChIJ__9Cj5v9DDkRsjHV7byyVaw,ChIJ__9Cj5v9DDkRsjHV7byyVaw,Hotel Green Snapper,"Valmiki mandir, 1825, Malka Ganj Road, Balmiki Mandir, Block G, Malka Ganj, Delhi",28.6759072,77.2074985,2.9,91.0,Malka Ganj,hotel,,5.0,0.0049217364023206,0.0,1.0,0.0012336853105807,0.000343009858625,0.5,0.0021243607625365,0.0013451220002025,Other,Mid-Range,0.4209324557207723,2.9,0.0049217364023206,0.3298301117398276
ChIJ_____5wCDTkRudqX6MHuX78,ChIJ_____5wCDTkRudqX6MHuX78,Hotel Kochar International,"Central Government Residential Complex 2 Block-B, Guru Ravi Das Marg, behind Liberty Cinema, Block 18B, New Market, Karol Bagh, New Delhi, Delhi",28.6575582,77.1887229,3.5,206.0,New Delhi,hotel,,5.0,0.3877079954865621,0.4,0.6,0.9689143896102904,0.3334413002836906,0.9689143896102904,0.3334040061502795,0.2501284916106669,New Delhi,Mid-Range,0.4964217983810349,3.5,0.3877079954865621,0.5477721798382662
ChIJN4mrAP8DDTkRdYDOnNgL40w,ChIJN4mrAP8DDTkRdYDOnNgL40w,J60 Suites,"J60, Ashok Vihar Phase 1 Rd, J BLock, Phase 1, Ashok Vihar, Delhi",28.6875036,77.1722698,4.4,246.0,Ashok Vihar,hotel,,5.0,0.5333796380320563,0.6,0.4,0.999884843826294,0.4167539326299447,0.5,0.5,0.3335877058173839,Other,Mid-Range,0.5128679332392954,4.4,0.5333796380320563,0.7173866915350062
ChIJWeQkGvn9DDkR472-MKgiClU,ChIJWeQkGvn9DDkR472-MKgiClU,Hotel North Campus,"28 UA, Block UA, Jawahar Nagar, Kamla Nagar, Delhi",28.6787921,77.20781269999999,4.5,8.0,Kamla Nagar,hotel,,5.0,0.799794564495096,0.8,0.2,0.9997239708900452,0.9997774660587312,0.5000136441231007,0.5,0.5,Other,Mid-Range,0.2045392263146805,4.5,0.799794564495096,0.7500978617502523
ChIJQXZOlAj9DDkRGt_aiGqrOHk,ChIJQXZOlAj9DDkRGt_aiGqrOHk,Hotel Green Castle (Heritage Hotel Overlooking Two Protected Monuments),"1418 to 1427, Lothiyan Marg, Inter State Bus Terminal, Kashmere Gate, Delhi",28.6663422,77.2293086,4.4,1596.0,Kashmere Gate,hotel,,5.0,0.5982715206220746,0.6,0.4,0.6595971627781788,0.6569189513102173,0.497870752820745,0.9998764991760254,0.5082921928260475,Other,Mid-Range,0.6866194942226461,4.4,0.5982715206220746,0.7750460885418436
ChIJ8Saeag4BDTkRpye1qynjXfI,ChIJ8Saeag4BDTkRpye1qynjXfI,Hotel New City - Hotel In Azadpur,"Block A, Mool Chand Nagar, Adarsh Nagar, New Delhi, Delhi",28.7177357,77.1700718,3.1,19.0,New Delhi,hotel,,5.0,0.5994379226060118,0.6,0.4,0.000470546685392,0.9997089505195618,0.9993159770965576,0.000470546685392,0.5,New Delhi,Mid-Range,0.2788721589039871,3.1,0.5994379226060118,0.5158775322547942
ChIJMwA_YpT9DDkRzJ9fraVynnY,ChIJMwA_YpT9DDkRzJ9fraVynnY,Hotel O North Campus,"11, University, Kamla Nagar, Block UA, University Enclave, Civil Lines Tehsil, Delhi",28.6794941,77.2061166,2.3,58.0,Civil Lines Tehsil,hotel,,5.0,0.0008395095996092,0.0,1.0,0.0005840662342961,0.0011448603084621,0.5,0.5,0.0008388250134885,Other,Mid-Range,0.379577200550308,2.3,0.0008395095996092,0.2399709641032701
ChIJ8wb5Nwb9DDkRrQpokLfjOsU,ChIJ8wb5Nwb9DDkRrQpokLfjOsU,Hotel J'Joy Deluxe Karol Bagh,"16-67/68, Faiz Rd, Block 16, Karol Bagh, New Delhi, Delhi",28.653059,77.2022497,3.9,55.0,New Delhi,hotel,,5.0,0.0170562415034509,0.0,1.0,0.0006490706582553,0.0255139739989923,0.0413064791355281,0.0038140056713018,0.0012047077470923,New Delhi,Mid-Range,0.3747192385157226,3.9,0.0170562415034509,0.4568066780810675
ChIJO4hRhjABDTkREBVe20xj3tA,ChIJO4hRhjABDTkREBVe20xj3tA,Hotel Metro Park,"B-3, GT Karnal Rd, opp. Metro Pillar 113, Indira Visas Colony, Pocket B, Mahendra Park, Adarsh Nagar, Delhi",28.7219015,77.16590939999999,4.0,4.0,Adarsh Nagar,hotel,,4.0,0.752060326281935,0.75,0.25,0.5042934762313961,0.5,0.5,0.9998034834861756,0.5045784758403897,Other,Mid-Range,0.1498222752495692,4.0,0.752060326281935,0.6567633364263784
ChIJs6yuI3QBDTkRG_R3QThdxY4,ChIJs6yuI3QBDTkRG_R3QThdxY4,Deventure Hotel,"District Centre, Outer Ring Rd, C and D Block, Crossing, Shalimar Bagh, New Delhi, Delhi",28.7264694,77.1468343,4.5,117.0,New Delhi,hotel,,5.0,0.6002526756841688,0.6,0.4,0.5,0.3338994974425682,0.9998321533203124,0.0008487084414809,0.6667874448467046,New Delhi,Mid-Range,0.444102142377517,4.5,0.6002526756841688,0.7373893442405934
ChIJ9cVfgg_9DDkRMQLzjeAJ-vY,ChIJ9cVfgg_9DDkRMQLzjeAJ-vY,Hotel O 83167 Golden Key Inn,"D-147, main road, hdfc bankKamla nagar, Kamla Nagar, Delhi",28.6833089,77.2018178,3.8,79.0,Kamla Nagar,hotel,,5.0,0.1993225554469972,0.2,0.8,0.0008849956939229,0.3320107707016481,0.000191116152564,0.5,0.3316803395573516,Other,Budget,0.4079220425584051,3.8,0.1993225554469972,0.5087260477343992
ChIJqx4kZTP5DDkR0tWpOf7Q3tM,ChIJqx4kZTP5DDkR0tWpOf7Q3tM,Hotel Red Flame Residency,"mavi complex, bus stand, C 83, Indrapuri Rd, opp. 2 NO, Block C, Indrapuri Colony, Loni, Ghaziabad",28.7344877,77.2882159,4.9,93.0,Loni,hotel,,5.0,0.7998471464554313,0.8,0.2,0.9997024834156036,0.6666269245809721,0.9997024834156036,0.9997024834156036,0.9997285207112632,Loni,Mid-Range,0.422934464355772,4.9,0.7998471464554313,0.8497400324152086
ChIJBb6nI8D9DDkRwrBTMaXlXG4,ChIJBb6nI8D9DDkRwrBTMaXlXG4,Hotel Vcr Inn,"pillar no- 150, D-97, Main khajoori Pusta Road, opposite power House and Highway, Old Garhi Mendu Village, Bhajanpura, new delhi, Delhi",28.6995038,77.25580029999999,4.7,376.0,new delhi,hotel,,5.0,0.6003765153698624,0.6,0.4,0.0006481517339125,0.6003765153698624,0.5,0.5,0.6671201033750549,Other,Budget,0.5522315986564409,4.7,0.6003765153698624,0.7870143587446111
ChIJwavkUvL7DDkRm7mRe1PIo8Q,ChIJwavkUvL7DDkRm7mRe1PIo8Q,Flagship Royal Inn Near Shahdara Metro Station,"Home Vikas mall, 1/8534, 1/8534 R Block Vikas mall, Opp Shahdara Metro Station ShahdaraNear, Shahdara, Delhi",28.6755042,77.2880915,3.3,46.0,Shahdara,hotel,,5.0,0.200608124124119,0.2,0.8,0.0007483207252031,0.0007530366419814,0.0004182939592283,0.333681020468551,0.0006711107998853,Shahdara,Budget,0.358409522528563,3.3,0.200608124124119,0.4321378923116908
ChIJTZiw9_P9DDkRCKU-wU7cgV8,ChIJTZiw9_P9DDkRCKU-wU7cgV8,Hotel Easy Stay Near East Azad Nagar Metro Station,"H, Metro Station, near East Azad Nagar, East Azad Nagar, Kaushik Puri, Krishna Nagar, Shahdara, Delhi",28.6640831,77.28325749999999,4.3,16.0,Shahdara,hotel,,4.0,0.9997722655534744,1.0,0.0,0.9998613595962524,0.9996267557144164,0.5,0.5,0.9998004734516144,Shahdara,Budget,0.2637433020525564,4.3,0.9997722655534744,0.7999048181342272
ChIJGc7ytc77DDkRRxZ5OCed5kk,ChIJGc7ytc77DDkRRxZ5OCed5kk,Townhouse By Oyo Krishna Nagar Metro Station,"Khasra No. 319/1, Radheypuri Extension, Main Ring Road, Karkardooma, Shahdara, Delhi",28.6536485,77.2913076,4.7,30.0,Shahdara,hotel,,4.0,0.9996975511312484,1.0,0.0,0.9997491538524628,0.5,0.5,0.9998194575309752,0.9996594190597534,Shahdara,Budget,0.3196692287282864,4.7,0.9996975511312484,0.8649499414858554
ChIJKZXZj4D7DDkRYQ-EvPj5E34,ChIJKZXZj4D7DDkRYQ-EvPj5E34,Hotel Family Inn,"B-25, Raj Block, Navin Shahdara, Shahdara, Delhi",28.6757625,77.2874865,4.9,10.0,Shahdara,hotel,,3.0,0.9990155895551046,1.0,0.0,0.9973004460334778,0.9985857903957368,0.5,0.5,0.9973004460334778,Shahdara,Budget,0.223219623947779,4.9,0.9990155895551046,0.8708048971623383
ChIJ6XfP3Yn7DDkR7EkhxIHNGO4,ChIJ6XfP3Yn7DDkR7EkhxIHNGO4,Pink Villa,"red light 60feet, Krishna nagar, Gali No 17, Delhi",28.661787,77.2878503,5.0,7.0,Gali No 17,hotel,,3.0,0.7542583843072256,0.6666666666666666,0.3333333333333333,0.5,0.994665026664734,0.2682218253612518,0.5,0.9998883008956908,Other,Mid-Range,0.1935748254816269,5.0,0.7542583843072256,0.7997050339128583
ChIJByYe3LL9DDkRVpIn7noONz0,ChIJByYe3LL9DDkRVpIn7noONz0,Hotel O By Oyo Vcr Inn,"G No-6, KH No-244/2, D-97, Kardam Puri Extension, Garhi, Bhajanpura, Mandu, Delhi",28.6995787,77.2886213,3.2,69.0,Mandu,hotel,,5.0,0.4004689957364461,0.4,0.6,0.0019655129872262,0.4999414247868116,0.9985311031341552,0.9985311031341552,0.0004243584990035,Other,Budget,0.3954916301108739,3.2,0.4004689957364461,0.4904957865956524
ChIJjTVekIr9DDkROSy1R9mJXRc,ChIJjTVekIr9DDkROSy1R9mJXRc,Hotel O Kashish Residency,"Metro gate no 3&4, 120, Mall Rd, GTB Nagar, Delhi",28.6981848,77.2057791,1.6,13.0,GTB Nagar,hotel,,5.0,0.0004883909685303,0.0,1.0,0.0005472070527805,0.0003899172879755,0.0003899172879755,0.5,0.0001960111985681,Other,Mid-Range,0.2456693548613046,1.6,0.0004883909685303,0.1183232655914519
ChIJbZrCzw39DDkR76CW6KVWgYs,ChIJbZrCzw39DDkR76CW6KVWgYs,New Royal Hotel,"1643, S.P. Mukerjee Marg, Opposite Old Delhi Railway Station, Katra Ghel, Khari Baoli, Old Delhi, Chandni Chowk, New Delhi",28.660746,77.22249939999999,3.5,627.0,Chandni Chowk,hotel,,5.0,0.0114824790041893,0.0,1.0,0.0003233983879908,0.0272758789360523,0.0140187336946837,0.0142284188914345,0.5,Other,Mid-Range,0.5997348631282017,3.5,0.0114824790041893,0.4497143542797481
ChIJp1raBtP9DDkRj02Yk5kcBcY,ChIJp1raBtP9DDkRj02Yk5kcBcY,Super Hotel O Super Siddhartha Guest House,"9/112, Pushta Rd, Kailash Nagar, Gandhi Nagar, Seelampur, New Delhi, Delhi",28.663092,77.257689,4.2,306.0,New Delhi,hotel,,5.0,0.5999804625898832,0.6,0.4,0.9998666048049928,0.5000089270361059,0.999741792678833,0.999847710132599,0.5999804625898832,New Delhi,Mid-Range,0.533111189268394,4.2,0.5999804625898832,0.7163539487234274
ChIJe-euBg79DDkRqrpZ5Pzm8Qw,ChIJe-euBg79DDkRqrpZ5Pzm8Qw,Hotel Ashirwad,"72, Bagh Diwar, Bagh Deewar, Kucha Ghasiram, Fatehpur, New Delhi, Delhi",28.6587525,77.2235446,3.5,447.0,New Delhi,hotel,,5.0,0.5999350273166784,0.6,0.4,0.0003646896511781,0.5000667416170472,0.0003646896511781,0.9994538426399232,0.0003635494795161,New Delhi,Mid-Range,0.5682940639973495,3.5,0.5999350273166784,0.6307685521738675
ChIJL7sYP6T9DDkRKJECSyhpJpU,ChIJL7sYP6T9DDkRKJECSyhpJpU,Shree Delhi Gujarati Samaj,"2, Rajniwas Marg, Near St Xaviers Senior Secondary School, Civil Lines, New Delhi",28.6731441,77.2237057,4.1,2690.0,Civil Lines,hotel,,5.0,0.2019834681763313,0.2,0.8,0.5,0.0005044157733209,0.9963380098342896,0.4984563224134035,0.0012309975281823,Other,Mid-Range,0.7351924559291825,4.1,0.2019834681763313,0.6190641621597729
ChIJnyd0goQCDTkRajFw4m1a10A,ChIJnyd0goQCDTkRajFw4m1a10A,Hotel Sehej Inn,"Plot No. 51/3, Guru Ravi Das Marg, behind Liberty Cinema, near Sai Dham Karol Bagh, Block 51, P&T Quarters, Karol Bagh, New Delhi, Delhi",28.6573869,77.1888365,3.2,388.0,New Delhi,hotel,,5.0,0.3997557552647777,0.4,0.6,0.5003189447161276,0.5003189447161276,0.9997677206993104,0.6657958032446913,0.5000228840508498,New Delhi,Budget,0.5551484894132765,3.2,0.3997557552647777,0.5242264718327221
ChIJb1VVVZoCDTkR55_HhaH8rMk,ChIJb1VVVZoCDTkR55_HhaH8rMk,Hotel Blue Sapphire,"3351-54, Bank St, Block 44Q, Christian Colony, Karol Bagh, New Delhi, Delhi",28.6528441,77.1907169,3.4,673.0,New Delhi,hotel,,5.0,0.8192766711115838,0.8,0.2,0.999755561351776,0.9998509883880616,0.548456471413374,0.999755561351776,0.7741569485515356,New Delhi,Mid-Range,0.6063153768790331,3.4,0.8192766711115838,0.6955414094708011
ChIJB3eNuar9DDkRdLXjKjlGuaE,ChIJB3eNuar9DDkRdLXjKjlGuaE,Oyo Hotel Shivam In Farash Khana,"2003, Lalkuan Bazar Rd, Naya Bans, Farash Khana, Chandni Chowk, New Delhi, Delhi",28.654802,77.221432,2.7,66.0,New Delhi,hotel,,5.0,0.4005466055008583,0.4,0.6,0.3335872879833914,0.5,0.0005781250656582,0.0011488714371807,0.5004906351241516,New Delhi,Budget,0.3914140521329489,2.7,0.4005466055008583,0.4231860324249943
ChIJHR7ZdDj9DDkRSJTP7ahdEpY,ChIJHR7ZdDj9DDkRSJTP7ahdEpY,Hotel O By Oyo Kiiza Stay House,"2623, Hudson Ln, near NDPL Office, Hudson Lane, GTB Nagar, Delhi",28.6937795,77.2064316,2.0,64.0,GTB Nagar,hotel,,5.0,0.0005458342551718,0.0,1.0,0.0002754072193055,0.0002516302629373,0.5,0.0007398711362232,0.0002547789335949,Other,Budget,0.3885929327977167,2.0,0.0005458342551718,0.2019145312638049
ChIJA-vXAVT9DDkRgea1TJCa_UU,ChIJA-vXAVT9DDkRgea1TJCa_UU,Hotel Beopari Niwas,"6478, Katra Bariyan, Rd, Fatehpuri, Chandni Chowk, New Delhi, Delhi",28.6560357,77.2224981,3.2,99.0,New Delhi,hotel,,5.0,0.5988662298768759,0.6,0.4,0.4902470950037241,0.9982414245605468,0.5,0.9993645548820496,0.3322417233139276,New Delhi,Mid-Range,0.4286944341535564,3.2,0.5988662298768759,0.5608550557416587
ChIJZ3M-4pwCDTkRzGqi6XmAYD8,ChIJZ3M-4pwCDTkRzGqi6XmAYD8,Hotel O By Oyo Ashoka International,"3382, Desh Bandhu Gupta Rd, Christian Colony, Karol Bagh, Delhi",28.653443,77.191758,3.0,913.0,Karol Bagh,hotel,,5.0,0.3983660897705704,0.4,0.6,0.3312212531842912,0.5,0.9954772293567656,0.3311763497573944,0.6637314786591256,Karol Bagh,Budget,0.63467057696962,3.0,0.3983660897705704,0.5141101778228393
ChIJSY_gO7D7DDkRmVyrZwyfxGw,ChIJSY_gO7D7DDkRmVyrZwyfxGw,Super Oyo Dream Town,"28/4, 17, Gali No. 16, Vishwas Nagar, Shahdara, Delhi",28.66034969999999,77.2890561,3.5,213.0,Shahdara,hotel,,5.0,0.4024464594258461,0.4,0.6,0.4024464594258461,0.0004167802399024,0.5,0.999671459197998,0.5029673814715352,Shahdara,Budget,0.4995177069547927,3.5,0.4024464594258461,0.5531328642397448
ChIJnzfZxyH9DDkRB58ZTRYEcpA,ChIJnzfZxyH9DDkRB58ZTRYEcpA,Hotel O By Oyo Heaven Stay,"Shop no 106 First floor, Landmark, Street No, Mall Rd, near GTB Nagar, Kingsway Camp, GTB Nagar, Metro, Delhi",28.6981698,77.2063056,3.0,6.0,Metro,hotel,,5.0,0.6000618278747425,0.6,0.4,0.5,0.9989443421363832,0.5000659912475385,0.0014035224448889,0.9989443421363832,Other,Budget,0.1811444130340956,3.0,0.6000618278747425,0.4819969204680007
ChIJD9sct5j9DDkRJe9FJUj54YI,ChIJD9sct5j9DDkRJe9FJUj54YI,Hotel O Royal Discovery,"43845, 1/15, Block 1, Roop Nagar, Delhi",28.6838038,77.1973493,2.6,5.0,Roop Nagar,hotel,,1.0,0.9967261552810668,1.0,0.0,0.5,0.5,0.5,0.5,0.5,Other,Mid-Range,0.1667945549845492,2.6,0.9967261552810668,0.5523238552309894
ChIJVVWF8pwCDTkRqM8xtxxMbm0,ChIJVVWF8pwCDTkRqM8xtxxMbm0,"Fabhotel De Gold - Hotel In Karol Bagh, New Delhi","Bank Street, Plot No 3505-3506, Pyare Lal Rd, near shiv shakti chikitshalay, Neta Ji Subhash Market, Block 32, Krishna Nagar, Karol Bagh, Delhi",28.6530331,77.1902945,3.7,1919.0,Karol Bagh,hotel,,5.0,0.3943503187911119,0.4,0.6,0.6568632054453095,0.3237323294839976,0.333528392589263,0.492760712710151,0.2503234802206862,Karol Bagh,Mid-Range,0.7037664811973723,3.7,0.3943503187911119,0.620579466460348
ChIJw4-X1Tf5DDkRmtRsLfv7Gco,ChIJw4-X1Tf5DDkRmtRsLfv7Gco,"Hotel Vcr Inn, Loni","2 No, C-14, Main loni Road, chowk, Village, Laxmi Garden, Gharoti Khurd, Loni, Ghaziabad",28.7341426,77.2885348,4.8,91.0,Loni,hotel,,5.0,0.8014099639840424,0.8,0.2,0.9998048841953278,0.9997736811637878,0.5,0.00775226065889,0.9998469352722168,Loni,Budget,0.4209324557207723,4.8,0.8014099639840424,0.8365193736613923
ChIJfYdgbx37DDkRNqrP_TGtdC0,ChIJfYdgbx37DDkRNqrP_TGtdC0,Hotel O By Oyo Kanha Palace,"part 31/10, Gali Number 7, Bhikam Singh Colony, Block 17, Vishwas Nagar, Shahdara, Delhi",28.6591567,77.290609,4.5,25.0,Shahdara,hotel,,5.0,0.7991822799725924,0.8,0.2,0.0002605719782877,0.5,0.5,0.5,0.999213933944702,Shahdara,Budget,0.3032955993753565,4.5,0.7991822799725924,0.7709075182753633
ChIJH6vik5r9DDkRwaLCMAtRMBM,ChIJH6vik5r9DDkRwaLCMAtRMBM,Amitabh Guest House,"E-23, Bungalow Rd, Kamla Nagar, Delhi",28.68368289999999,77.2042156,4.0,291.0,Kamla Nagar,hotel,,5.0,0.6003017768496648,0.6,0.4,0.0013101660297252,0.9996943473815918,0.9993329644203186,0.9993329644203186,0.0013539160136133,Other,Mid-Range,0.5284479532367805,4.0,0.6003017768496648,0.6888777204400829
ChIJMdVeUHz9DDkRUb0zQeex0LI,ChIJMdVeUHz9DDkRUb0zQeex0LI,Hotel O By Oyo Kashish Residency,"Shop No 26-A, Block UA, UAJawahar Nagar, Malka Ganj, Delhi",28.6798362,77.2082841,2.1,55.0,Malka Ganj,hotel,,5.0,0.0007711220998316,0.0,1.0,0.0005878359661437,0.0002727760002017,0.5,0.0009129746758844,0.0006995751173234,Other,Budget,0.3747192385157226,2.1,0.0007711220998316,0.2123289870332745
ChIJR-G7XwX9DDkRB5h2b4-759I,ChIJR-G7XwX9DDkRB5h2b4-759I,New Frontier Hotel,"1649, Shyama Prasad Mukherjee Marg, near Novelty Cinema, opp. Railway Parking 18, Katra Ghel, Khari Baoli, Chandni Chowk, New Delhi, Delhi",28.6607787,77.2222932,3.5,399.0,New Delhi,hotel,,5.0,0.5948953298095148,0.6,0.4,0.3308254128302603,0.5948953298095148,0.6631027401890607,0.9847245216369628,0.9847245216369628,New Delhi,Mid-Range,0.5577443178079743,3.5,0.5948953298095148,0.6269167935245887
ChIJveR9BhL9DDkRzovn1p9-oZ8,ChIJveR9BhL9DDkRzovn1p9-oZ8,Hotel O The Signature Stay,"Landmark, Shop No 55 2nd Floor Mall Road, Station Gate No 1, Kingsway Camp, GTB Nagar, Delhi",28.698427,77.2065278,1.7,6.0,GTB Nagar,hotel,,4.0,0.4997617073095171,0.5,0.5,0.4982356180844363,0.5,0.5,0.5,0.0027236510068178,Other,Budget,0.1811444130340956,1.7,0.4997617073095171,0.2771820886284232
ChIJxazGehoDDTkRgXpoZkzEoFY,ChIJxazGehoDDTkRgXpoZkzEoFY,Fabhotel Ashoka International,"Floor, 3382, Hotel Ashoka International, Ground 1, 2 3, Desh Bandhu Gupta Rd, Karol Bagh, New Delhi",28.6533238,77.1915138,4.4,11.0,Karol Bagh,hotel,,5.0,0.7999302410666133,0.8,0.2,0.5000281392494799,0.9998397827148438,0.5,0.5,0.9998633861541748,Karol Bagh,Mid-Range,0.2313194968117582,4.4,0.7999302410666133,0.7425437351973897
ChIJ1dTzbUD9DDkRixPcd_ToHAc,ChIJ1dTzbUD9DDkRixPcd_ToHAc,Hotel D Suites Dx Group,"M53R+7MM, Desh Bandhu Gupta Rd, Block 44Q, Chuna Mandi, Paharganj, New Delhi, Delhi",28.6532133,77.1916605,2.1,7.0,New Delhi,hotel,,4.0,0.0014744312939001,0.0,1.0,0.5,0.5,0.5,0.0005782358930446,0.0045946179889142,New Delhi,Mid-Range,0.1935748254816269,2.1,0.0014744312939001,0.1740248348596802
ChIJPfl6An39DDkR9DyzbJAjrXA,ChIJPfl6An39DDkR9DyzbJAjrXA,Oyo Flagship 812491 Hotel Siddhartha Guest House,"9/22, Pushta Rd, Kailash Nagar, Gandhi Nagar, Seelampur, Delhi",28.6643191,77.25581,4.2,62.0,Seelampur,hotel,,5.0,0.5986590689455624,0.6,0.4,0.4978852034837472,0.0005402090610004,0.9997484087944032,0.9962824881076812,0.9974377950032552,Other,Budget,0.3856836393487762,4.2,0.5986590689455624,0.6845752430546177
ChIJI1fsiqb9DDkRxxtLxlsOTNA,ChIJI1fsiqb9DDkRxxtLxlsOTNA,Maidens Hotel,"7, Sham Nath Marg, Prema Kunj, Civil Lines, New Delhi, Delhi",28.674448,77.22619300000001,4.5,4784.0,New Delhi,hotel,,5.0,0.8112553767859936,0.8,0.2,0.9998289346694946,0.7641836619004607,0.685635237644116,0.5,0.7642122572287917,New Delhi,Mid-Range,0.7887724534629817,4.5,0.8112553767859936,0.8780179235941321
ChIJy9TCyKj7DDkRhTRHFi2RHQA,ChIJy9TCyKj7DDkRhTRHFi2RHQA,Hotel Fortune Stay By F9 Hotels,"A1, Loni Bhopura Rd, Panchsheel Enclave, Bhopura, Sahibabad, Ghaziabad",28.7092124,77.33167449999999,4.4,191.0,Sahibabad,hotel,,5.0,0.5777308155200445,0.6,0.4,0.4030609923356678,0.8059055209159851,0.5,0.5,0.9028731882572174,Other,Budget,0.4894192641205941,4.4,0.5777308155200445,0.7265491938032517
ChIJx5ugHAv7DDkRSmi3LJexcdw,ChIJx5ugHAv7DDkRSmi3LJexcdw,Hotel O Galaxy,"Loni Bhopura Rd, Panchsheel Enclave, Raj Bagh, Sahibabad, Ghaziabad",28.7086919,77.3317769,4.4,30.0,Sahibabad,hotel,,4.0,0.7013130180421285,0.75,0.25,0.5012791737681254,0.9997982382774352,0.9997982382774352,0.9997982382774352,0.9997982382774352,Other,Mid-Range,0.3196692287282864,4.4,0.7013130180421285,0.7298721871957372
ChIJpXzVXgD7DDkROTg2qZrmdZE,ChIJpXzVXgD7DDkROTg2qZrmdZE,Hotel Grand Arcasia Dilshad Garden,"D59, Pocket E, Dilshad Colony New Simapuri, Dilshad Colony, New Delhi, Delhi",28.68888269999999,77.3234743,4.6,104.0,New Delhi,hotel,,5.0,0.2020883203833363,0.2,0.8,0.2520029878796776,0.5001109492441173,0.5001109492441173,0.001316780457273,0.0039714929589535,New Delhi,Mid-Range,0.4332363014410051,4.6,0.2020883203833363,0.621340239281681
ChIJh5Fhbsj7DDkRVWFOMmVGyy8,ChIJh5Fhbsj7DDkRVWFOMmVGyy8,Hotel O L'Elegant Hotel & Banquet By Ace Manor,"Maharajpur, Sahibabad Industrial Area Site 4, Sahibabad, Ghaziabad",28.6564398,77.34059069999999,2.7,22.0,Sahibabad,hotel,,5.0,0.2007963642827234,0.2,0.8,0.0003502916079014,0.0007866853557061,0.5004098289646207,0.0007866853557061,0.0012681078903066,Other,Mid-Range,0.2918825720663544,2.7,0.2007963642827234,0.3382873086113548
ChIJnx2GLQv7DDkR4lgOVsS6N6E,ChIJnx2GLQv7DDkR4lgOVsS6N6E,Hotel Golden Residency,"metro station, Block C, Shaheed Nagar, Sahibabad, Ghaziabad",28.6771188,77.3319041,3.4,106.0,Sahibabad,hotel,,5.0,0.3955531724059254,0.4,0.6,0.0059596672654151,0.5,0.5,0.5,0.5,Other,Mid-Range,0.4349927651275838,3.4,0.3955531724059254,0.5239160222970898
ChIJf89Sw6D5DDkRD8VTYAe8gtE,ChIJf89Sw6D5DDkRD8VTYAe8gtE,Hotel O City Guest House,"plot no, 01Main Road, near by HP petrol pump, Tila, Loni, Ghaziabad",28.7292194,77.3299957,4.7,7.0,Loni,hotel,,1.0,0.1339446157217025,0.0,1.0,0.5,0.1339446157217025,0.5,0.5,0.5,Loni,Mid-Range,0.1935748254816269,4.7,0.1339446157217025,0.5619180997339335
ChIJGX2GTD77DDkRkCEj_1vvVpQ,ChIJGX2GTD77DDkRkCEj_1vvVpQ,Roomshala 088 Hotel Green Villa,"C 61, near SBI Bank, DDA Flats, Anand Vihar, Delhi, New Delhi",28.65352,77.3124862,3.4,7.0,Delhi,hotel,,2.0,0.5000407377301599,0.5,0.5,0.5,0.5,0.5,0.5,0.5,Delhi,Mid-Range,0.1935748254816269,3.4,0.5000407377301599,0.5059035950970062
ChIJd-ZjPh_7DDkR1oqGuo5VE1E,ChIJd-ZjPh_7DDkR1oqGuo5VE1E,Hotel O Bollywood,"Street No 0885, Premises No 23-0885, C-37, M.S Park, Vishwas Nagar, Shahdara, Delhi",28.6634148,77.3020406,4.1,14.0,Shahdara,hotel,,5.0,0.7983871499600355,0.8,0.2,0.9997674226760864,0.5,0.0001894433808047,0.9996659755706788,0.7480646719413926,Shahdara,Mid-Range,0.2520918884069095,4.1,0.7983871499600355,0.70658926975845
ChIJY2tQYgD7DDkRiK5qtxTSXfk,ChIJY2tQYgD7DDkRiK5qtxTSXfk,The Royal Hotel,"10/120, Shankar Gali, Vishwas Nagar, Shahdara, New Delhi, Delhi",28.6658659,77.3007057,3.5,22.0,New Delhi,hotel,,5.0,0.0032003430300391,0.0,1.0,0.5,0.0027355597509691,0.5,0.0028527570733179,0.0032003430300391,New Delhi,Mid-Range,0.2918825720663544,3.5,0.0032003430300391,0.3815933102629824
ChIJ9zJVVgD7DDkRWOQxBwWX3G4,ChIJ9zJVVgD7DDkRWOQxBwWX3G4,The Aura Hotel & Banquet,"1/5932, Loni Rd, opposite Uttar Railway Ticket Ghar, East Rohtas Nagar, East Ram Nagar, Ram Nagar, Shahdara, Delhi",28.6760313,77.2922865,4.0,90.0,Shahdara,hotel,,5.0,0.4002277067425893,0.4,0.6,0.500383695383789,0.999880075454712,0.999880075454712,0.5,0.6666710185042272,Shahdara,Mid-Range,0.4199150705822432,4.0,0.4002277067425893,0.6019611267146181
ChIJK31TtXX7DDkRI07HmBH4rWE,ChIJK31TtXX7DDkRI07HmBH4rWE,Green Palms,"B Block, Plot No 17, near Jhilmil Metro Station, Jhilmil Industrial Area, Jhilmil Colony, New Delhi, Delhi",28.6748677,77.3128705,3.9,455.0,New Delhi,hotel,,5.0,0.0010498447401914,0.0,1.0,0.5,0.0014424385541739,0.003415408777073,0.0003988873310542,0.000394193601096,New Delhi,Mid-Range,0.569941714330115,3.9,0.0010498447401914,0.493222827182591
ChIJgRHwEe_7DDkRC6q5bpveHsc,ChIJgRHwEe_7DDkRC6q5bpveHsc,Bharat Guest House By Mangal Hospitality,"B-1, Rampuri, Chander Nagar, Surya Nagar, Ghaziabad",28.6643029,77.3215123,4.8,61.0,Surya Nagar,hotel,,5.0,0.9978606343269348,1.0,0.0,0.5,0.9973779022693634,0.5,0.9950561225414276,0.9997536092996596,Other,Mid-Range,0.3841941705554954,4.8,0.9978606343269348,0.8913814754285502
ChIJcfXKPeH5DDkRNcE1fMUKtKY,ChIJcfXKPeH5DDkRNcE1fMUKtKY,Oyo Flagship Hotel Royal Paradise,"PLOT NO-588, TEELA MOD, KHASRA ROAD, Tila More, Ghaziabad",28.7262975,77.334131,2.9,20.0,Tila More,hotel,,4.0,0.9928649365901948,1.0,0.0,0.999733567237854,0.5,0.9859963059425354,0.9721673130989076,0.5,Other,Budget,0.2834140261914359,2.9,0.9928649365901948,0.6157766976358601
ChIJMw_YsOX7DDkRIA-FtYIrL60,ChIJMw_YsOX7DDkRIA-FtYIrL60,Hotel O Red Diamond Hotel,"Indian Oil petrol pump, Plot No-101Near, Bhopura, Ghaziabad",28.6962859,77.3323985,4.5,48.0,Bhopura,hotel,,5.0,0.999742877483368,1.0,0.0,0.9996149241924286,0.999770537018776,0.9996149241924286,0.9996828635533652,0.5,Other,Mid-Range,0.3622888260681913,4.5,0.999742877483368,0.8474424905405948
ChIJScfQWH77DDkRSkN5qnZY4gs,ChIJScfQWH77DDkRSkN5qnZY4gs,Super Townhouse By Oyo Shahdara Near Yamuna Sports Complex Formerly Hotel Ipotel,"Hotel, 154, Subhash St, near Cross River Mall, Vishwas Nagar, Shahdara, Delhi",28.6652578,77.29930449999999,4.2,152.0,Shahdara,hotel,,5.0,0.4002726587757933,0.4,0.6,0.2504175048452452,0.3335836715705227,0.5,0.0001870381238404,0.6668032399223497,Shahdara,Budget,0.4682825283672369,4.2,0.4002726587757933,0.6388498855350331
ChIJJ_d6dAr7DDkRuT7Y-9pNcMA,ChIJJ_d6dAr7DDkRuT7Y-9pNcMA,Collection O 77161 Shalimar Bagh,"Khasra NO. 920, 209, Street No. 3, Sagar Market, Block A, Dilshad Garden, New Delhi, Delhi",28.678081,77.3135496,5.0,2.0,New Delhi,hotel,,1.0,0.9998490810394288,1.0,0.0,0.5,0.5,0.5,0.5,0.5,New Delhi,Mid-Range,0.1022696131573402,5.0,0.9998490810394288,0.8586387828225
ChIJ8fp48rP7DDkRB1sioTWEZE8,ChIJ8fp48rP7DDkRB1sioTWEZE8,Hotel O By Oyo Green Park Guest House,"Khasra No. 292, Property No. 296 Plot No. 2, opposite HP Petrol Pump, Amar Colony, East Gokalpur, Delhi",28.7052239,77.2914916,2.9,11.0,East Gokalpur,hotel,,4.0,0.2514678287225251,0.25,0.75,0.5,0.5,0.999827206134796,0.5,0.999827206134796,Other,Budget,0.2313194968117582,2.9,0.2514678287225251,0.3681590918879493
ChIJl0GK5hX5DDkRotk6Zj4Dd1M,ChIJl0GK5hX5DDkRotk6Zj4Dd1M,Super Townhouse By Oyo Johri Enclave Metro Station Formerly Second Home,"Metro Station, Plot No. A2, Johripur Rd, near Auto Stand, Johri Enclave, Johripur Enclave, Johripur, Ghaziabad",28.7110081,77.2903807,4.1,44.0,Johripur,hotel,,5.0,0.599810422968585,0.6,0.4,0.9997395873069764,0.5,0.5002376636548433,0.9986257553100586,0.5002376636548433,Other,Budget,0.3543615015642497,4.1,0.599810422968585,0.6649870606362499
ChIJ0fXfXH_7DDkREDM40klEACs,ChIJ0fXfXH_7DDkREDM40klEACs,Fabhotel Prime Shahdara,"1/5932, Kabool Nagar, Shahdara, New Delhi, Delhi",28.6760368,77.28975299999999,5.0,6.0,New Delhi,hotel,,4.0,0.9998651146888732,1.0,0.0,0.5,0.9998500347137452,0.5,0.5,0.5,New Delhi,Mid-Range,0.1811444130340956,5.0,0.9998651146888732,0.8754201855246959
ChIJTW2J7Yv7DDkRoaEMVYMmb-0,ChIJTW2J7Yv7DDkRoaEMVYMmb-0,Ajanta Hotel,"9/111, Subhash St, Vishwas Nagar, Shahdara, Delhi",28.6657762,77.2996625,3.4,341.0,Shahdara,hotel,,5.0,0.3817679985513678,0.4,0.6,0.3335023694041107,0.9996912479400636,0.5,0.4541338972267112,0.6360080441615235,Shahdara,Mid-Range,0.5431614438330373,3.4,0.3817679985513678,0.5425249160887068
ChIJYbCLDMP7DDkR1-R0n48fg2I,ChIJYbCLDMP7DDkR1-R0n48fg2I,Fabhotel Prime Shanit - Hotel In Anand Vihar,"Plot no 46, Ram Vihar, Anand Vihar, New Delhi, Delhi",28.6588609,77.31038699999999,4.6,162.0,New Delhi,hotel,,5.0,0.000811157785938,0.0,1.0,0.0011179290740983,0.5,0.0001912021834868,0.5,0.0001874010340543,New Delhi,Mid-Range,0.474176256655733,4.6,0.000811157785938,0.5658319551190323
ChIJCyUAlnH7DDkRGOw37CO42EY,ChIJCyUAlnH7DDkRGOw37CO42EY,Hotel Dream Palace,"18-quater, 10/124, near Guru Govind Singh University, Vishwas Nagar, Shahdara, Delhi",28.6667934,77.3011726,4.2,128.0,Shahdara,hotel,,5.0,0.5754484696197324,0.6,0.4,0.63169109611772,0.6315144392622946,0.0014621552545577,0.500623163417913,0.9812368750572203,Shahdara,Luxury,0.4523990307935275,4.2,0.5754484696197324,0.6913601103437981
ChIJ02TzQUn7DDkRNflvIGixm0c,ChIJ02TzQUn7DDkRNflvIGixm0c,Collection O Ggs Indraprastha University,"Plot no.154, Subhash St, near Cross River Mall, Vishwas Nagar, Shahdara, Delhi",28.66523,77.2992367,3.4,15.0,Shahdara,hotel,,5.0,0.2003716835373779,0.2,0.8,0.3336080978187965,0.5,0.0006123801382878,0.000178633534233,0.0007373130356427,Shahdara,Mid-Range,0.2580997673088359,3.4,0.2003716835373779,0.4240205061569243
ChIJK4VQrrf7DDkRieHJtHdj6j0,ChIJK4VQrrf7DDkRieHJtHdj6j0,Hotel O Galaxy,"D-540, D - 540, Wazirabad Rd, Amar Colony, Saboli, Delhi",28.699705,77.301127,4.1,64.0,Saboli,hotel,,4.0,0.2497881035160389,0.25,0.75,0.0003244487015763,0.5,0.0001783267362043,0.0004705706669483,0.5,Other,Mid-Range,0.3885929327977167,4.1,0.2497881035160389,0.560595846100166
ChIJuzFfhHP9DDkRoWxD6RIlgzY,ChIJuzFfhHP9DDkRoWxD6RIlgzY,Oyo Happy Times,"H-1, Vijay Chowk, Satnam park, Block H, Krishna Nagar, Delhi",28.6574009,77.2833686,4.6,24.0,Krishna Nagar,hotel,,5.0,0.6000431333959568,0.6,0.4,0.0003673223109216,0.5,0.9997655749320984,0.9998371601104736,0.9998577237129213,Other,Budget,0.2996445504991384,4.6,0.6000431333959568,0.7198905091123879
ChIJO4bEjrL7DDkR_Sj7Ag-P-Pk,ChIJO4bEjrL7DDkR_Sj7Ag-P-Pk,Hotel O Santosh Residency,"7, 60 Feet Rd, Vishwas Nagar, Shahdara, Delhi",28.6655223,77.2954203,3.6,74.0,Shahdara,hotel,,5.0,0.2035620335082057,0.2,0.8,0.0003761005937121,0.0059207013303724,0.0069642341404687,0.5,0.0021048681519459,Shahdara,Mid-Range,0.4019141636564786,3.6,0.2035620335082057,0.4822138820840551
ChIJtQyatR79DDkR7JSqzaRjKzM,ChIJtQyatR79DDkR7JSqzaRjKzM,Hotel O The Crown Guest House,"Plot 1 First Floor, chowk, Bikaner ke Uper, Block B, Khazoori Khas, Delhi",28.7049686,77.2565249,2.3,8.0,Khazoori Khas,hotel,,4.0,0.0023845579344196,0.0,1.0,0.0003911827516276,0.0004038753540953,0.5,0.0004038753540953,0.0003911827516276,Other,Mid-Range,0.2045392263146805,2.3,0.0023845579344196,0.2032341725849943
ChIJVfDBDED7DDkRZxEYfTxUVsg,ChIJVfDBDED7DDkRZxEYfTxUVsg,Hotel Ipotel,"9111, Vishwas Nagar, Shahdara, Delhi",28.6652577,77.2993043,4.2,103.0,Shahdara,hotel,,5.0,0.6004519145470113,0.6,0.4,0.5001499078935012,0.9997766017913818,0.0023651281371712,0.0023651281371712,0.3342354563840975,Shahdara,Mid-Range,0.4323454830297744,4.2,0.6004519145470113,0.6950719851742478
ChIJSxK4WHb9DDkRfUCoVOoXhdo,ChIJSxK4WHb9DDkRfUCoVOoXhdo,Hotel O 814205 Sonu Palace,"D-101, G No-6, Kh, 244/2, Garhi Mandu, Bhajanpura, Shahdara, Delhi",28.699417,77.25574999999999,3.2,9.0,Shahdara,hotel,,2.0,0.5000281086977337,0.5,0.5,0.5,0.5000281086977337,0.5,0.5,0.5,Shahdara,Luxury,0.2143472170767782,3.2,0.5000281086977337,0.4837308592350008
ChIJyRN6s1z7DDkRXyz-nBjM_D8,ChIJyRN6s1z7DDkRXyz-nBjM_D8,Fabhotel Bellmont - Hotel In Vivek Vihar,"Bank of Baroda, B-67 F/F, Maharaja Surajmal Marg, Vivek Vihar Phase 2, Shahdara, New Delhi",28.6710081,77.3028452,4.1,22.0,Shahdara,hotel,,5.0,0.7995121479441878,0.8,0.2,0.0003474356781225,0.9979502558708192,0.5,0.0003474356781225,0.7995121479441878,Shahdara,Mid-Range,0.2918825720663544,4.1,0.7995121479441878,0.7154114775536935
ChIJu-J1KIL9DDkRr5qeJBYa8PM,ChIJu-J1KIL9DDkRr5qeJBYa8PM,Hotel O Dream Stay,"B 105, Gali no 8 East Azad Nagar, New delhi, Delhi 50, Delhi",28.664139,77.2790775,3.4,45.0,Delhi 50,hotel,,5.0,0.1997576771100284,0.2,0.8,0.0002164885081583,0.0012782721314579,0.5,0.4979080580014851,0.0012782721314579,Other,Budget,0.3564075138935633,3.4,0.1997576771100284,0.4447341926458431
ChIJx1vzJccJDTkRvrtlOzNNBDw,ChIJx1vzJccJDTkRvrtlOzNNBDw,Suraaj Farms,"Suraaj Farms Salasar, Jaunti Rd, Jaunti, Delhi",28.7530587,76.95947629999999,4.7,199.0,Jaunti,hotel,,5.0,0.9994814157485962,1.0,0.0,0.9998706579208374,0.5,0.999066323041916,0.5,0.999877631664276,Other,Mid-Range,0.4932193759807653,4.7,0.9994814157485962,0.9017942594296284
ChIJJUU734WpDTkReu71uFgc1lg,ChIJJUU734WpDTkReu71uFgc1lg,Super Townhouse By Oyo Dsidc Bawana Formerly Kanhaiya Residency,"number - 156/4, Plot number - 12 khasra, Ishwar Colony, extension, Delhi",28.7927337,77.03780809999999,4.7,59.0,extension,hotel,,5.0,0.9712472796440124,1.0,0.0,0.952201763788859,0.5,0.5,0.5,0.9995183050632476,Other,Budget,0.3811417720613274,4.7,0.9712472796440124,0.8689480011429451
ChIJLXBHITYHDTkRXDo-83ErgJ0,ChIJLXBHITYHDTkRXDo-83ErgJ0,Townhouse Oak Pooth Haveli,"Khasra No 154, plot no 385, near bawana industrial, pooth khurd, Kanjhawala, Delhi",28.7224037,77.0069184,3.0,11.0,Kanjhawala,hotel,,4.0,0.2514699912426294,0.25,0.75,0.5,0.5,0.5,0.001421482884325,0.5,Other,Mid-Range,0.2313194968117582,3.0,0.2514699912426294,0.3814532286136827
ChIJc3tLO9gHDTkR-Yt8o7HV9V0,ChIJc3tLO9gHDTkR-Yt8o7HV9V0,Hotel Ssensse,"House No.28, Pocket, 5A, Prahlad Vihar, Sector 25, Rohini, New Delhi, Delhi",28.7358809,77.09340120000002,4.0,220.0,New Delhi,hotel,,5.0,0.3286341511411592,0.4,0.6,0.3212575372890568,0.8209327757358551,0.547479692439083,0.321293448418146,0.5002128531632479,New Delhi,Mid-Range,0.502513959600704,4.0,0.3286341511411592,0.5966881067666557
ChIJzVpPAUwHDTkRCd2U21g5PSs,ChIJzVpPAUwHDTkRCd2U21g5PSs,Dusky Hotel & Restaurant,"Lakhi Ram Park, C-110/111, Lakhi Ram Park, Sector 22, Rohini, Delhi",28.7123752,77.0572555,3.9,79.0,Rohini,hotel,,5.0,0.7000630785012618,0.6,0.2,0.8748123645782471,0.5,0.6251950771838892,0.5,0.7000630785012618,Rohini,Mid-Range,0.4079220425584051,3.9,0.7000630785012618,0.6817771144886379
ChIJpdaR5mQHDTkRNN_caaPvuOs,ChIJpdaR5mQHDTkRNN_caaPvuOs,Hotel Red Saffron,"119, Pocket, 4 & 5, Prahladpur Rd, Pocket 9, Sector 23, Budh Vihar, Delhi",28.7240775,77.0809216,4.0,110.0,Budh Vihar,hotel,,5.0,0.2041472174052614,0.2,0.8,0.0069446803681784,0.0007747334821033,0.0013130389852449,0.5,0.2548557620102655,Other,Mid-Range,0.4384092885261062,4.0,0.2041472174052614,0.5433367039141681
ChIJm98tDSYHDTkRa_L9K5npxF8,ChIJm98tDSYHDTkRa_L9K5npxF8,Oyo Amazing House,"A, 1, Budh Vihar Phase I, Budh Vihar, Delhi",28.7037999,77.0879417,2.6,8.0,Budh Vihar,hotel,,3.0,0.0003684809344122,0.0,1.0,0.5,0.5,0.5,0.5,0.0003684809344122,Other,Budget,0.2045392263146805,2.6,0.0003684809344122,0.2424712982575352
ChIJeXalCScHDTkRdVQT8zcdM2s,ChIJeXalCScHDTkRdVQT8zcdM2s,Hotel O Rohini Sector 20 Formerly Yellow Saffron,"Hotel yellow saffron, Plot no. 36, Pocket 16, Sector 20, Rohini, Delhi",28.7119169,77.072934,4.4,218.0,Rohini,hotel,,5.0,0.4029736480675637,0.4,0.6,0.0125436345115304,0.5062007685191929,0.5,0.5,0.5001786549109966,Rohini,Mid-Range,0.5016676827397029,4.4,0.4029736480675637,0.6733993704635072
ChIJb31uBhoHDTkRgNR0Ru405iE,ChIJb31uBhoHDTkRgNR0Ru405iE,Oyo Moody Moon Hotel Rohini,"Begumpur Rd, Pocket 3, Sector 22, Rohini, Delhi",28.718398,77.05824199999999,3.2,58.0,Rohini,hotel,,5.0,0.0010547950339968,0.0,1.0,0.5,0.0011979685902284,0.5,0.0011606551415752,0.0012725954875349,Rohini,Budget,0.379577200550308,3.2,0.0010547950339968,0.359680670459346
ChIJNQkZiF4HDTkRBq76ILZTk7M,ChIJNQkZiF4HDTkRBq76ILZTk7M,Qotel Hotel Rama Rohini Sector 24,"pkt, 27, Plot no. 10, Pocket 27, Sector 24, Rohini, New Delhi, Delhi",28.7332349,77.0867658,4.7,480.0,New Delhi,hotel,,5.0,0.2009429899044335,0.2,0.8,0.0015627660128908,0.9997803568840028,0.5,0.0018724413821473,0.500826399133075,New Delhi,Mid-Range,0.5749103329169135,4.7,0.2009429899044335,0.6644016558983558
ChIJu3tzx0EHDTkRNcc5Qf8-vLI,ChIJu3tzx0EHDTkRNcc5Qf8-vLI,Hotel O Sukun Villa,"Plot number - 38, Pocket 16, Sector 20, Rohini, Delhi",28.7120013,77.0727612,5.0,1.0,Rohini,hotel,,,,,,,,,,,Rohini,Mid-Range,0.0645249418272089,5.0,0.5,0.6911374624668677
ChIJN6VWM40HDTkRhpq1Mo1G1UM,ChIJN6VWM40HDTkRhpq1Mo1G1UM,Hotel O The Crown Inn,"Plot 86, near by the gym, Begampur Extension, Sector 33, Begum Pur, Delhi",28.7223803,77.0666882,4.2,13.0,Begum Pur,hotel,,4.0,0.7324536591768265,0.75,0.25,0.5,0.9996861219406128,0.5,0.5,0.5646284222602844,Other,Budget,0.2456693548613046,4.2,0.7324536591768265,0.6974810743879791
ChIJuS9QqWoHDTkRK828ZAauYDE,ChIJuS9QqWoHDTkRK828ZAauYDE,"Fabhotel Rama - Hotel In Rohini, New Delhi","Plot No. 10, Pocket 27, Sector 24, Rohini, New Delhi, Delhi",28.7332121,77.08673449999999,4.5,558.0,New Delhi,hotel,,5.0,0.0026350335334427,0.0,1.0,0.0005513899377547,0.5,0.5,0.0007657088572159,0.0028256729419808,New Delhi,Mid-Range,0.5889000751843347,4.5,0.0026350335334427,0.5775216022478459
ChIJ148ArrIHDTkRLtH_2Sfx9TM,ChIJ148ArrIHDTkRLtH_2Sfx9TM,Super Oyo Flagship Sk Residency Rohini Near Rithala Metro Station,"G-8, G-8, Prahladpur Rd, Manigram Park Extension, Rohini Extension, Rohini, Delhi",28.7192912,77.0774404,3.1,144.0,Rohini,hotel,,5.0,0.0006600810156669,0.0,1.0,0.0007979920483194,0.5,0.5,0.0009550137910991,0.5,Rohini,Budget,0.4632832163578625,3.1,0.0006600810156669,0.3640651565082098
ChIJYbxMPKkHDTkRon3sfcme-3w,ChIJYbxMPKkHDTkRon3sfcme-3w,Hotel O Mannat Residency,"Main, Kanjhawala Rd, near Braham Shakti Hospital, Pooth Kalan, Rohini, Delhi",28.70980699999999,77.0809089,3.6,116.0,Rohini,hotel,,5.0,0.0012588643818161,0.0,1.0,0.001805199785546,0.0004658139368984,0.5,0.0024748927098698,0.0014936346633475,Rohini,Mid-Range,0.4433098838628281,3.6,0.0012588643818161,0.4264751970072699
ChIJWVTdOtkGDTkRqhpoxf-FT6A,ChIJWVTdOtkGDTkRqhpoxf-FT6A,Hotel O Rohil Residency,"53/19, Bahadur Shah Marg, Bhawana Colony, Sector 31, Rohini, Delhi",28.7461878,77.0870655,3.4,407.0,Rohini,hotel,,5.0,0.2002637642610352,0.2,0.8,0.0004268570725495,0.0003455648839007,0.5000191250437638,0.0004268570725495,0.0005148028285475,Rohini,Mid-Range,0.5595877406915236,3.4,0.2002637642610352,0.4881111046061994
ChIJ2UWUkp4HDTkRBo8KrLlPKjU,ChIJ2UWUkp4HDTkRBo8KrLlPKjU,Super Townhouse By Oyo Rohini Sector 23,"Plot Number 118, Pocket 4/5, Sector 23, Opposite Jheel Park Rohini, near Rohini Extension, Rohini Extension, Budh Vihar, Delhi",28.724162,77.08083549999999,3.6,481.0,Budh Vihar,hotel,,5.0,0.3984507444285555,0.4,0.6,0.0004014178751579,0.4979473909806984,0.0005477008526213,0.5,0.4958775608392898,Other,Budget,0.5751036659325894,3.6,0.3984507444285555,0.5812282740155137
ChIJv7HZjfwHDTkRsAY2J5m3BfQ,ChIJv7HZjfwHDTkRsAY2J5m3BfQ,Hotel O Royal King Dx Near Rithala Metro Station,"Pocket 11, Sector 24, Rohini, Delhi",28.730977,77.087637,3.6,97.0,Rohini,hotel,,5.0,0.464290931134019,0.4,0.6,0.0002446000580675,0.5,0.3132584989070892,0.1567515494825783,0.9989934265613556,Rohini,Mid-Range,0.4268137678954004,3.6,0.464290931134019,0.5706935645578403
ChIJBb2AhdMHDTkRiuP5pxgamCA,ChIJBb2AhdMHDTkRiuP5pxgamCA,Oyo Hotel Royal Inn,"main 5, Prahladpur Road, Gram Sabha Main Rd, Mange Ram Park, Pooth Kalan, Delhi",28.7194602,77.0775505,2.8,32.0,Pooth Kalan,hotel,,5.0,0.0009874175768344,0.0,1.0,0.0019059069163631,0.0004393800190882,0.5,0.0003698907967191,0.0033029445912688,Other,Budget,0.3254892371051192,2.8,0.0009874175768344,0.2949811395901072
ChIJIx-vIgAHDTkRbubTc7FHDgU,ChIJIx-vIgAHDTkRbubTc7FHDgU,Oyo Lord King Hotel,"Shiv Chowk, Sector 20, Rohini, Delhi",28.7090176,77.06661179999999,4.6,39.0,Rohini,hotel,,5.0,0.7966908946167678,0.8,0.2,0.9996381998062134,0.6675582949537784,0.999858021736145,0.981361210346222,0.7458991128369235,Rohini,Budget,0.3433971007311961,4.6,0.7966908946167678,0.7919355014881655
ChIJcYHejWQHDTkRoCglvFFeLcc,ChIJcYHejWQHDTkRoCglvFFeLcc,Oyo Hotel Rohini Inn Near Rithala Metro Station,"house no 4, adjoining Sec23, Manigram Park Extension, Rohini Extension, Rohini, Delhi",28.7195255,77.07755619999999,3.2,150.0,Rohini,hotel,,5.0,0.4002080803853459,0.4,0.6,0.3337185044268456,0.0007824091881047,0.3337185044268456,0.5,0.0003248146385885,Rohini,Budget,0.4670576447267444,3.2,0.4002080803853459,0.5056342875672222
ChIJhZ5e-RYHDTkRUj9TQ7kXtYA,ChIJhZ5e-RYHDTkRUj9TQ7kXtYA,Rohil Residency By Mayur Group Of Hotels,"near MAHADEV CHOWK, Dagar Pana, Prahladpur Bangar, Sector 31, Rohini, Delhi",28.7499255,77.08014709999999,5.0,11.0,Rohini,hotel,,4.0,0.9998592734336852,1.0,0.0,0.9998658895492554,0.9998546242713928,0.5,0.5,0.99985933303833,Rohini,Mid-Range,0.2313194968117582,5.0,0.9998592734336852,0.886090318816393
ChIJZ15qheAHDTkRTBlaPob9Hjs,ChIJZ15qheAHDTkRTBlaPob9Hjs,Townhouse Rama Hotel,"Plot no 10, Pocket 7, Sector 24, Rohini, Delhi",28.7333715,77.086691,3.1,136.0,Rohini,hotel,,5.0,0.0007089540129526,0.0,1.0,0.0007026777020655,0.0009392160961093,0.0003113324346486,0.0003113324346486,0.0005874895141459,Rohini,Mid-Range,0.4580001072406909,3.1,0.0007089540129526,0.3629570574034322
ChIJA9WYaIEHDTkRTK-Lo25SbTA,ChIJA9WYaIEHDTkRTK-Lo25SbTA,Hotel 7 Star,"H-49 BegamPur Road, A, opp. Cng Pump, near GD Gonika Public School, Pocket 11, Sector 22, Rohini",28.7228852,77.0617084,4.5,75.0,Sector 22,hotel,,5.0,0.1998572821845299,0.2,0.8,0.0003527443041093,0.0002665695792529,0.5,0.0001803948543965,0.249295456407708,Other,Mid-Range,0.4031471593455658,4.5,0.1998572821845299,0.6009351814401401
ChIJ67eVkr8GDTkRVc10q3eNuvE,ChIJ67eVkr8GDTkRVc10q3eNuvE,Fabhotel A One Rohini Sector 23,"Parle Point, Pocket 9, Umra Gam, Rohini, New Delhi, Delhi",28.7241289,77.0809672,4.6,32.0,New Delhi,hotel,,5.0,0.7998386892431881,0.8,0.2,0.9998725652694702,0.9995875358581544,0.5,0.0003103180497419,0.9996701876322428,New Delhi,Mid-Range,0.3254892371051192,4.6,0.7998386892431881,0.7891308667414444
ChIJUc57VzMHDTkRg3Uh88w6Gbk,ChIJUc57VzMHDTkRg3Uh88w6Gbk,Hotel Sarvasa Residency By F9 Hotels,"104, Pocket 27, Sector 24, Rohini, New Delhi, Delhi",28.7321712,77.08802229999999,4.2,21.0,New Delhi,hotel,,5.0,0.6131822689902038,0.6,0.4,0.5,0.999836802482605,0.5,0.5,0.6880554432670275,New Delhi,Mid-Range,0.2877445657749879,4.2,0.6131822689902038,0.6683775985322055
ChIJQXI7f_gHDTkRunuuBt6reZg,ChIJQXI7f_gHDTkRunuuBt6reZg,Oyo Hotel Heritage,"Pkt 1, Rohini Sector-22, Plot No- 80, Pocket 1, Sector 22, Begum Pur, Delhi",28.7140357,77.06037239999999,4.6,10.0,Begum Pur,hotel,,4.0,0.9979062378406524,1.0,0.0,0.9998613595962524,0.5,0.5,0.9924986958503724,0.9997087518374124,Other,Budget,0.223219623947779,4.6,0.9979062378406524,0.8305706262023616
ChIJ29BUF9oDDTkR6mXGVvaeoQs,ChIJ29BUF9oDDTkR6mXGVvaeoQs,Townhouse Vip Grand,"House no 35, Ramesh Enclave, Pocket 2, Sector 21, Rohini, Delhi",28.7100153,77.06318290000002,4.8,6.0,Rohini,hotel,,1.0,0.99983811378479,1.0,0.0,0.5,0.5,0.5,0.5,0.5,Rohini,Mid-Range,0.1811444130340956,4.8,0.99983811378479,0.8488246775038735
ChIJ09LJrqwHDTkR6EUOtQ_cFqg,ChIJ09LJrqwHDTkR6EUOtQ_cFqg,Hotel Blue Daimond Rohini,"House 97, pkt, 1, Rohini Sec 21 Rd, Sector 21, Rohini, New Delhi, Delhi",28.710286,77.0676391,4.4,16.0,New Delhi,hotel,,5.0,0.8003509102854878,0.8,0.2,0.9996028542518616,0.999829798936844,0.5,0.9998507499694824,0.99981752038002,New Delhi,Mid-Range,0.2637433020525564,4.4,0.8003509102854878,0.7495743327253099
ChIJ83zzx1sHDTkRI1NK8xauAC4,ChIJ83zzx1sHDTkRI1NK8xauAC4,Hotel Otel Unwind,"Aman Vihar, Police Station, 415, Pocket 5, Sector 22, Rohini, Delhi",28.7196611,77.06394689999999,3.2,79.0,Rohini,hotel,,5.0,0.0006618705781874,0.0,1.0,0.0006966378568903,0.0008602037851232,0.5,0.0006727075669914,0.0008137290181669,Rohini,Mid-Range,0.4079220425584051,3.2,0.0006618705781874,0.3655841211548837
ChIJaWnPPIYFDTkR5G99LKfy-d0,ChIJaWnPPIYFDTkR5G99LKfy-d0,Hotel O Hotel Tj,"House No- 23Pocket - 3, Wine Shop, Wala Road, Sector 21, Rohini, Delhi",28.7113583,77.0635234,4.8,6.0,Rohini,hotel,,1.0,0.9995038509368896,1.0,0.0,0.5,0.9995038509368896,0.5,0.5,0.5,Rohini,Mid-Range,0.1811444130340956,4.8,0.9995038509368896,0.8487180333746995
ChIJIaLpK2UHDTkRbIISKFozkdo,ChIJIaLpK2UHDTkRbIISKFozkdo,Hotel Green Olive,"Khasra No 24/23, 24/24 Village pooth kalan, Mange Ram Park, Sector 23, Rohini, Delhi",28.7191745,77.07743909999999,4.5,12.0,Rohini,hotel,,5.0,0.8000099687138572,0.8,0.2,0.5,0.9998537302017212,0.9998470544815063,0.5,0.9998586177825928,Rohini,Mid-Range,0.2387706575481475,4.5,0.8000099687138572,0.7574474442527904
ChIJXeSnHXIHDTkRprqwYbtYCHg,ChIJXeSnHXIHDTkRprqwYbtYCHg,Hotel O Shiva Hotel,"A-49/ Kishan Colony Prahlad Vihar, Delhi, Delhi 48, Delhi",28.7451906,77.0860129,4.8,15.0,Delhi 48,hotel,,1.0,0.9998437166213988,1.0,0.0,0.5,0.5,0.9998437166213988,0.5,0.9998437166213988,Other,Mid-Range,0.2580997673088359,4.8,0.9998437166213988,0.8651944955635303
ChIJ5V5eFuAHDTkR47MCn7ul_ww,ChIJ5V5eFuAHDTkR47MCn7ul_ww,Fabexpress The Maharaja Grand,"127, Pooth Kalan, Kanjhawala Rd, Sector 20, Rohini, New Delhi",28.7138071,77.0769765,4.2,26.0,Rohini,hotel,,5.0,0.4874768621753901,0.4,0.6,0.0017286258516833,0.5012328053126112,0.5,0.0017286258516833,0.0008484707213938,Rohini,Mid-Range,0.3068088394720208,4.2,0.4874768621753901,0.6323270817804603
ChIJixLvaq8HDTkR3a-ToyPGxt8,ChIJixLvaq8HDTkR3a-ToyPGxt8,Super Hotel O Rohini Sector 20 Mait Formerly Maharaja Grand,"Khasra No-106/173, Extended Lal Dora, near Maharaja Agrasen Marg, Village Pooth Kalan, Institute, Rohini, Delhi",28.7140565,77.0768725,4.1,81.0,Rohini,hotel,,5.0,0.3982968198135495,0.4,0.6,0.3982968198135495,0.0013431085972115,0.9926984906196594,0.0010352929821237,0.6633650982985273,Rohini,Mid-Range,0.4102206732614377,4.1,0.3982968198135495,0.612576586801471
ChIJA4OXYoEHDTkROFZ398gVHHU,ChIJA4OXYoEHDTkROFZ398gVHHU,Hotel O By Oyo Kaushik Guest House,"A-72, Kanjhawala Rd, near Rajni Gupta Hospital, Pocket Q, Budh Vihar Phase I, Mein, Delhi",28.7074277,77.0834631,3.0,64.0,Mein,hotel,,5.0,0.0015717132017015,0.0,1.0,0.0018379633838776,0.0028939063195139,0.5,0.5,0.0028939063195139,Other,Budget,0.3885929327977167,3.0,0.0015717132017015,0.335176298370628
ChIJf6e9W1IDDTkRjU22Y7Hx3lU,ChIJf6e9W1IDDTkRjU22Y7Hx3lU,Oyo Hotel Golden Key Inn,"indraprastha CNG pump, Plot no.90, Rohini Sec 21 Rd, Pocket 3, Sector 21, Rohini, Delhi",28.7123068,77.06337580000002,3.1,13.0,Rohini,hotel,,4.0,0.0006048218019713,0.0,1.0,0.0014537243405357,0.5,0.5,0.5,0.0006896811197899,Rohini,Budget,0.2456693548613046,3.1,0.0006048218019713,0.3177621138430512
ChIJu8LlD5oGDTkRwBIgoNVPNuU,ChIJu8LlD5oGDTkRwBIgoNVPNuU,Collection O Hotel Yellow Saffron,"Pocket 12, Sector 20, Rohini, Delhi",28.7120708,77.0728146,3.6,150.0,Rohini,hotel,,5.0,0.2010768251988338,0.2,0.8,0.0003365402517374,0.5018372058402747,0.5,0.5,0.0006865870309411,Rohini,Mid-Range,0.4670576447267444,3.6,0.2010768251988338,0.4952766968465181
ChIJ_RV61HsHDTkRAWWXg1KJw4k,ChIJ_RV61HsHDTkRAWWXg1KJw4k,Oyo Home 63962 Elegant Stay,"Plot No. 116 Pocket, 7, Pocket 5, Sector 22, Rohini, Delhi",28.71985489999999,77.0621519,3.1,46.0,Rohini,hotel,,5.0,0.3979237668478162,0.4,0.6,0.5000458576905658,0.9881657361984252,0.5,0.5,0.0002376275515416,Rohini,Budget,0.358409522528563,3.1,0.3979237668478162,0.4685031186673049
ChIJD-_OOykHDTkRfcnV8lQwHtg,ChIJD-_OOykHDTkRfcnV8lQwHtg,Hotelhome Stay Rohini,"Plot no. 105, Pocket 27, Sector 24, Rohini, Delhi",28.7320089,77.08790259999999,4.1,13.0,Rohini,hotel,,4.0,0.7489700323421857,0.75,0.25,0.5,0.995736002922058,0.5,0.4980778110184473,0.5,Rohini,Budget,0.2456693548613046,4.1,0.7489700323421857,0.6894570562664223
ChIJdc7B-KMHDTkRNozX6LADra0,ChIJdc7B-KMHDTkRNozX6LADra0,Live On,"127, 127, Pooth Kalan, Rohini Tehsil, Delhi",28.7138457,77.0770106,3.3,41.0,Rohini Tehsil,hotel,,5.0,0.0051498884538886,0.0,1.0,0.0003184330998919,0.0002802369053824,0.5,0.0224734805524349,0.0010161675842633,Other,Mid-Range,0.3479389680186449,3.3,0.0051498884538886,0.3675513284334378
ChIJIVrBSmUHDTkR9fGMGA5NuAA,ChIJIVrBSmUHDTkR9fGMGA5NuAA,Oyo Silverkey Pooth Kalan Near Rithala Metro Station,"no 6/7/2, 37414, plot no old 4 khasra, Pooth Kalan, Delhi",28.709694,77.08068,3.8,49.0,Pooth Kalan,hotel,,5.0,0.4168402856448665,0.4,0.6,0.5,0.0004476191243156,0.2711256973270792,0.9994427561759948,0.3605375076876952,Other,Budget,0.3641694923263474,3.8,0.4168402856448665,0.5688175414912469
ChIJoYZHA4UHDTkR0NeUuFoc3XQ,ChIJoYZHA4UHDTkR0NeUuFoc3XQ,Revking At Hotel Jageer Bawana,"92, G Block, G Block, DSIIDC Industrial Area, Sector 3, Bawana, New Delhi, Delhi",28.78113729999999,77.0475393,3.9,8.0,New Delhi,hotel,,1.0,0.999882698059082,1.0,0.0,0.5,0.5,0.5,0.5,0.5,New Delhi,Mid-Range,0.2045392263146805,3.9,0.999882698059082,0.7341738439751722
ChIJxZnWx8oHDTkRUkMD7g_KF04,ChIJxZnWx8oHDTkRUkMD7g_KF04,Collection O Rohini Sector 21 Formerly Shelter Inn,"Plot No. 13, Sector 21, Rohini, Delhi",28.7109211,77.06450029999999,4.5,34.0,Rohini,hotel,,5.0,0.606086447625421,0.6,0.4,0.5124462281528395,0.4833300331956707,0.9664776921272278,0.5,0.9823327660560608,Rohini,Budget,0.3309666882836649,4.5,0.606086447625421,0.7151872045018628
ChIJ78gy8y4HDTkRHZp1SwDEWHo,ChIJ78gy8y4HDTkRHZp1SwDEWHo,Hotel O Sk Tower Near Rithala Metro Station,"House No, G-1, Rajiv Nagar Extension, Rohini Extension, Rohini, Delhi",28.7192393,77.0774763,2.2,46.0,Rohini,hotel,,5.0,0.0023192135384305,0.0,1.0,0.5,0.0057195499539375,0.000336187047651,0.0024400318943662,0.5,Rohini,Mid-Range,0.358409522528563,2.2,0.0023192135384305,0.2226473436646293
ChIJo0kq50oDDTkRW31gcMJK4TY,ChIJo0kq50oDDTkRW31gcMJK4TY,Capital O Stellar Inn Near M2K Cinemas Rohini,"DDA Market, CSC-1, Shukar bazar road, Sector 6, Rohini, Delhi",28.7090484,77.10940959999999,4.1,133.0,Rohini,hotel,,5.0,0.7972625523922033,0.8,0.2,0.0003102571354247,0.6623326987222148,0.9993038475513458,0.9876499772071838,0.9876499772071838,Rohini,Budget,0.4559389939601579,4.1,0.7972625523922033,0.7495877655018156
ChIJQ5QKh-cBDTkRdH8g2foHdjc,ChIJQ5QKh-cBDTkRdH8g2foHdjc,Gallivanto Inn - Rohini,"H, 3/27, Block A, Sector 18, Rohini, Delhi",28.7408932,77.1331861,4.5,294.0,Rohini,hotel,,5.0,0.7999051425256767,0.8,0.2,0.7499154028046178,0.7999051425256767,0.9998058676719666,0.6666003620290818,0.9998240868250527,Rohini,Budget,0.5293994757998772,4.5,0.7999051425256767,0.8192293399147499
ChIJM3l9UZoBDTkR2_ot_oWf6eg,ChIJM3l9UZoBDTkR2_ot_oWf6eg,Hotel Celebration Home,"Upper Ground Floor, Blk-H, Plot No 16, Pkt-2, Pocket 2, Sector 11, Rohini, New Delhi, Delhi",28.735849,77.112601,4.6,104.0,New Delhi,hotel,,5.0,0.4015388345287647,0.4,0.6,0.5,0.0004473889566724,0.9998132586479188,0.007392103318125,0.5002196152636316,New Delhi,Mid-Range,0.4332363014410051,4.6,0.4015388345287647,0.6849734744076863
ChIJ44xy620HDTkRZkVQGauKZBI,ChIJ44xy620HDTkRZkVQGauKZBI,Hotel O 24 Seven Stay,"594, Main Bhawan Road, near DTU College, Delhi Technological University, Shahbad Daulatpur Village, Delhi-42, Delhi",28.7454684,77.1159437,4.5,15.0,Delhi-42,hotel,,5.0,0.9996241807937624,1.0,0.0,0.9995644390583038,0.9993812739849092,0.9996715784072876,0.5,0.9996241807937624,Other,Budget,0.2580997673088359,4.5,0.9996241807937624,0.8252441138870042
ChIJXaRnw_8BDTkREb1cB8_n2Xs,ChIJXaRnw_8BDTkREb1cB8_n2Xs,Super Townhouse Mannat Rohini 16,"I6, Tehsil, 92, Ram Krishna Marg, Pocket 5, Sector 16, Rohini, Alīpur, Delhi",28.7401886,77.1223371,3.3,367.0,Alīpur,hotel,,5.0,0.2011588378984015,0.2,0.8,0.3349509508504222,0.0002481399278622,0.5,0.0014997626640251,0.2505090078557259,Other,Mid-Range,0.5499823393751904,3.3,0.2011588378984015,0.4730602022866345
ChIJDYSnz5QBDTkRX_zVDWiJhWI,ChIJDYSnz5QBDTkRX_zVDWiJhWI,Hotel Spaark Residency,"metro station, B9 block house no 305 sector 5 rohini Delhi 85 behind rajiv gandhi cancer hospital and research institute Near rohini west and, Rithala, New Delhi",28.7162844,77.1088166,4.5,353.0,Rithala,hotel,,5.0,0.4097693414776586,0.4,0.6,0.6665468600306971,0.0489196591079235,0.5,0.5001521389058325,0.9997583031654358,Other,Mid-Range,0.5463717555348572,4.5,0.4097693414776586,0.6983692731903749
ChIJyUXaansBDTkRKVNqN84YfWs,ChIJyUXaansBDTkRKVNqN84YfWs,Karan Holidays,"E - 54, Main, Outer Ring Rd, Prashant Vihar, Sector 14, Rohini, New Delhi, Delhi",28.71463949999999,77.138621,3.8,364.0,New Delhi,hotel,,5.0,0.769247779250145,0.8,0.2,0.9996269345283508,0.769247779250145,0.5112168118357658,0.0230265706777572,0.7115980200469494,New Delhi,Mid-Range,0.5492203448319317,3.8,0.769247779250145,0.7206100064157193
ChIJUXyGwzsBDTkRpCTgSan0Boc,ChIJUXyGwzsBDTkRpCTgSan0Boc,Hotel Green Arrow Rohini,"Hargovind Vihar, A 02, Sir Chotu Ram Marg, near Police Station, Pocket G-27, Sector 4, Rohini, Delhi",28.7059252,77.1026299,4.3,6.0,Rohini,hotel,,2.0,0.5025250283069908,0.5,0.5,0.9995725750923156,0.5,0.5,0.5,0.9995725750923156,Rohini,Mid-Range,0.1811444130340956,4.3,0.5025250283069908,0.6236933226090353
ChIJ74P05McBDTkRI1DrZsSufxA,ChIJ74P05McBDTkRI1DrZsSufxA,Oyo 90274 Hotel Knight Inn,"Alipur Tehsil, Shahbad Daulatpur Village, Rohini, Delhi",28.7455137,77.1096671,3.5,4.0,Rohini,hotel,,1.0,0.9998658895492554,1.0,0.0,0.5,0.5,0.5,0.5,0.5,Rohini,Budget,0.1498222752495692,3.5,0.9998658895492554,0.6693566641452817
ChIJp4vc-_IHDTkRb_HfVWOCbec,ChIJp4vc-_IHDTkRb_HfVWOCbec,Super Hotel O By Oyo Iskcon Temple Rohini Formerly Golden Key,"3/27-28Pocket, 3, Pocket 3, Sector 25, Rohini, Delhi",28.7345483,77.0979835,4.0,34.0,Rohini,hotel,,3.0,0.6664024469888924,0.6666666666666666,0.3333333333333333,0.0003144376387353,0.9994025230407716,0.5,0.5,0.9994903802871704,Rohini,Budget,0.3309666882836649,4.0,0.6664024469888924,0.6679633512288601
ChIJdad-SAQBDTkR6-Y1PIrL3Tk,ChIJdad-SAQBDTkR6-Y1PIrL3Tk,Hotel O Moro,"Plot no 2, Garg trade centre, Anushka tower, Pocket 4, Sector 11, Rohini, Delhi",28.7343116,77.113643,2.7,18.0,Rohini,hotel,,5.0,0.0003547469794284,0.0,1.0,0.5,0.0002945661350773,0.5,0.0001985314302146,0.000293098441034,Rohini,Mid-Range,0.2740972756911478,2.7,0.0003547469794284,0.270555022979174
ChIJpX4ZcV4DDTkRd-eCiR8vt7E,ChIJpX4ZcV4DDTkRd-eCiR8vt7E,Oyo Florence Residency Near M2K Cinemas Rohini,"East Metro, C9/116, above Andhra Bank, near Rohini, Pocket 9, Sector 8C, Rohini, Delhi",28.7057795,77.1269738,3.7,184.0,Rohini,hotel,,5.0,0.2518535952083766,0.2,0.8,0.4178608519335587,0.0028427101206034,0.5014762619975954,0.2358049303293228,0.2518535952083766,Rohini,Budget,0.4859619506183351,3.7,0.2518535952083766,0.5287909567535894
ChIJ1d-ok2QBDTkRPEamr4ALHlY,ChIJ1d-ok2QBDTkRPEamr4ALHlY,Aanya Residency,"B-9/58, Pocket 9, Sector 5, Rohini, Delhi",28.7156474,77.1068797,4.7,14.0,Rohini,hotel,,5.0,0.9998439669609068,1.0,0.0,0.9998428374528884,0.5,0.9998028874397278,0.5,0.9998323321342468,Rohini,Mid-Range,0.2520918884069095,4.7,0.9998439669609068,0.8506232819470962
ChIJyd_rr2UBDTkRjfnsPvF7feY,ChIJyd_rr2UBDTkRjfnsPvF7feY,Hotel O Vp Grand,"Pocket 12, Pocket 13, Sector 7, Rohini, New Delhi, Delhi",28.7094871,77.11915429999999,3.7,3.0,New Delhi,hotel,,1.0,0.0001779413432814,0.0,1.0,0.5,0.0001779413432814,0.0001779413432814,0.5,0.5,New Delhi,Mid-Range,0.1290498836544179,3.7,0.0001779413432814,0.3725822057141185
ChIJ0_UDiGcBDTkRZ9S_7mx5PVs,ChIJ0_UDiGcBDTkRZ9S_7mx5PVs,Oyo Twilight Inn Near Rohini Sector 18 Metro Station,"Plot-3, Near Ishan Hosput, Jail Road, pocket-B, Sector 19, Rohini, Delhi",28.733683,77.139654,5.0,2.0,Rohini,hotel,,,,,,,,,,,Rohini,Budget,0.1022696131573402,5.0,0.5,0.6991655709454542
ChIJD28IYhABDTkR33cJ9vppB2M,ChIJD28IYhABDTkR33cJ9vppB2M,Super Townhouse By Oyo Rohini Sector 18 Formerly Relic Stay,"1, PKT - 3, Near Samaypur Badli, Pocket 1, Sector 18, Rohini, Delhi",28.740304,77.133949,4.1,299.0,Rohini,hotel,,5.0,0.2016220705903833,0.2,0.8,0.0021062067644379,0.0001989434094866,0.5,0.0012687509879469,0.5031834526453167,Rohini,Budget,0.5309640473108966,4.1,0.2016220705903833,0.5755104691641685
ChIJv9Wh8n8BDTkRiFIlyqavyjg,ChIJv9Wh8n8BDTkRiFIlyqavyjg,Hotel Knight Inn,"RWA Property, 84, Bawana Rd, near Vikram Dharam Kanta & Hanuman Mandir, Rama Enclave, Shahbad Daulatpur Village, Rohini, Delhi",28.74611,77.10943000000002,4.6,165.0,Rohini,hotel,,5.0,0.6005173917161301,0.6,0.4,0.4996977372211403,0.5016557043418287,0.5,0.5,0.7503877165727317,Rohini,Budget,0.4758739902810327,4.6,0.6005173917161301,0.7575249646657851
ChIJz2Og6PoBDTkRAgZCmM4Axi0,ChIJz2Og6PoBDTkRAgZCmM4Axi0,Hotel Sai Sharnam,"Plot No.-14-B, Shabad Extension, Sector17, Rohini, Delhi",28.7439967,77.1172493,,,Rohini,hotel,,,,,,,,,,,Rohini,Mid-Range,0.0,4.07404718693285,0.5,0.5543222758742095
ChIJiZo7fRYBDTkRiTXIZN7ndcM,ChIJiZo7fRYBDTkRiTXIZN7ndcM,Super Collection O By Oyo Sector 7 Rohini Formerly Giriraj Residency,"Plot no. 3A, Uday singh palace, Plot no. 3A, Uday singh palace, Naharpur village, Rohini, sector - 7, Delhi, Delhi",28.7070738,77.1146052,4.3,95.0,Delhi,hotel,,5.0,0.799332715861965,0.8,0.2,0.9989834427833556,0.5,0.9991000890731812,0.000729808176402,0.799332715861965,Delhi,Budget,0.4248943222933851,4.3,0.799332715861965,0.7702320786166529
ChIJ5-GnwuYBDTkRenzp2BlV9aY,ChIJ5-GnwuYBDTkRenzp2BlV9aY,Hotel Delta 5,"Rohani, sector 17, Plot no-7, Gali no-7, near DTU collage, Shabad Extension, Sector17, Rohini, Delhi",28.74368359999999,77.1175801,2.6,5.0,Rohini,hotel,,2.0,0.0007594624039483,0.0,1.0,0.5,0.0001896895410027,0.5,0.5,0.5,Rohini,Mid-Range,0.1667945549845492,2.6,0.0007594624039483,0.234567929571611
ChIJeW9TomIBDTkRLs8ZjvIZbhY,ChIJeW9TomIBDTkRLs8ZjvIZbhY,Hotel O Sunshine,"PLOT NO. 14, Shabad Extension, Sector 17, Rohini, Delhi",28.7436326,77.1176942,3.9,11.0,Rohini,hotel,,5.0,0.7995794461166952,0.8,0.2,0.9981006979942322,0.5000324363500113,0.5,0.0002518524706829,0.9992612997690836,Rohini,Mid-Range,0.2313194968117582,3.9,0.7995794461166952,0.6759645826742176
ChIJr1JJFiEBDTkRFzuMhRJDDho,ChIJr1JJFiEBDTkRFzuMhRJDDho,Hotel O By Oyo La Bella,"A-28, behind rohini jail, near Haiderpur metro station, Sector 19, Rohini, Delhi",28.7311536,77.14195579999999,4.6,23.0,Rohini,hotel,,4.0,0.7585015436634421,0.75,0.25,0.9998026490211488,0.9998159408569336,0.5,0.5,0.9998310506343842,Rohini,Budget,0.2958444386389672,4.6,0.7585015436634421,0.7696372464409617
ChIJ91XVqDABDTkRs5l8m4h51Dk,ChIJ91XVqDABDTkRs5l8m4h51Dk,Fabhotel Moro Rohini Sector 11,"Garg trade centre, Anushka tower, Plot no 2, Pocket 4, Sector 11, Rohini, New Delhi, Delhi",28.73432,77.11363999999999,3.5,38.0,New Delhi,hotel,,5.0,0.2001664335810346,0.2,0.8,0.2001664335810346,0.0002411719469819,0.0002409539520158,0.5,0.5000358162506017,New Delhi,Mid-Range,0.3410402707054878,3.5,0.2001664335810346,0.4548895121388708
ChIJW6e21DgADTkRH8BsMhBw3jQ,ChIJW6e21DgADTkRH8BsMhBw3jQ,Royale Avenue Bnb,"New, near Brijwasi Dairy, near Nathupura, Ibrahimpur, Delhi",28.7761555,77.176226,4.3,396.0,Ibrahimpur,hotel,,5.0,0.3999166573106777,0.4,0.6,0.4998098130017752,0.0002768634003587,0.0003440345462877,0.4996295204618946,0.665936092477447,Other,Mid-Range,0.5570435128902238,4.3,0.3999166573106777,0.6709087834434018
ChIJtYXzFm4BDTkRW6GmXG4mNII,ChIJtYXzFm4BDTkRW6GmXG4mNII,Hotel Naman Residency,"Khasra no 577, Nangli, Kadipur, Delhi",28.7731359,77.15211029999999,4.8,22.0,Kadipur,hotel,,5.0,0.8002980433404445,0.8,0.2,0.5,0.9998523592948914,0.5,0.5,0.9998548030853271,Other,Mid-Range,0.2918825720663544,4.8,0.8002980433404445,0.8087163392868826
ChIJ3xHFu-8BDTkRniKPVpPnnZA,ChIJ3xHFu-8BDTkRniKPVpPnnZA,Hotel Mid-Town,"1st floor, Ambay garden, Plot no 4, GT Karnal Rd, Swaroop Nagar, Siraspur, New delhi, Delhi",28.7573168,77.14772649999999,4.1,39.0,New delhi,hotel,,5.0,0.9911526679992676,1.0,0.0,0.9984390139579772,0.9890153855085372,0.5,0.5,0.9984390139579772,Other,Mid-Range,0.3433971007311961,4.1,0.9911526679992676,0.787509881229938
ChIJO4HVEPUBDTkRn0LyWHtKEs8,ChIJO4HVEPUBDTkRn0LyWHtKEs8,Hotel Blue Diamond,"Shah Alam Bandh Marg, Adarsh Nagar Extension, Adarsh Nagar, Delhi",28.7222472,77.1718094,3.3,139.0,Adarsh Nagar,hotel,,5.0,0.406564749093377,0.4,0.6,0.000191942010133,0.9989829659461976,0.999858260154724,0.0335986353456974,0.999858260154724,Other,Mid-Range,0.4600165719380828,3.3,0.406564749093377,0.5194581812268257
ChIJmY1WY2gBDTkRsmGgG-zn_90,ChIJmY1WY2gBDTkRsmGgG-zn_90,Hotel O Shipraj Inn,"A-35Shalimar Bag, Shalimar Village, Shalimar Bagh, Delhi",28.7212212,77.1599162,4.5,14.0,Shalimar Bagh,hotel,,5.0,0.7992955142515712,0.8,0.2,0.6664421449531801,0.9994127452373504,0.5,0.5,0.9992201626300812,Other,Budget,0.2520918884069095,4.5,0.7992955142515712,0.7600528639331724
ChIJtX7UPNYBDTkR6aBBviY-pB4,ChIJtX7UPNYBDTkR6aBBviY-pB4,Hotel O D2,"A-14Panchwati, Indra Nagar, A Block, Panchwathi, Azadpur, Delhi",28.7146269,77.1751171,3.0,19.0,Azadpur,hotel,,5.0,0.2008815032895654,0.2,0.8,0.5,0.2509680640650913,0.0014893378829583,0.5,0.0011359133641235,Other,Mid-Range,0.2788721589039871,3.0,0.2008815032895654,0.3754275601989003
ChIJG6IcrxkBDTkRkey4OvsU8RA,ChIJG6IcrxkBDTkRkey4OvsU8RA,Hotel The Param Continental,"Plot No - 5&6, GT Karnal Rd, near Jhandewala Petrol Pump, Libaspur, Delhi",28.75698509999999,77.14778749999999,4.5,70.0,Libaspur,hotel,,5.0,0.0009137436165474,0.0,1.0,0.0017956183874048,0.0003680331428768,0.5,0.5,0.0012698884917578,Other,Mid-Range,0.3968120751380856,4.5,0.0009137436165474,0.5361162515057312
ChIJ4x53ez8BDTkR5CIlTSFHw1g,ChIJ4x53ez8BDTkR5CIlTSFHw1g,Hotel O By Oyo Shri Sai Guest House,"Plot No. A-19, Mandi Marg, opp. Metro Pillar No. 78, near Adarsh Nagar, Kewal Park Extension, New Sabzi Mandi, Azadpur, Metro, Delhi",28.7136372,77.1722647,2.2,30.0,Metro,hotel,,5.0,0.3987751778331585,0.4,0.6,0.5,0.5025360127910972,0.9998480081558228,0.3296012878611994,0.4942472300463124,Other,Budget,0.3196692287282864,2.2,0.3987751778331585,0.3408938614936825
ChIJdXj1neQBDTkRe6C6ogZuxoU,ChIJdXj1neQBDTkRe6C6ogZuxoU,Via Luxury Inn Adarsh Nagar,"Metro Pillar 101, Adarsh Nagar, Neqr, Azadpur, New Delhi",28.719208,77.168435,4.3,75.0,Azadpur,hotel,,5.0,0.6002522201975807,0.6,0.4,0.3338339679175987,0.0008097220561466,0.5,0.5,0.6667005371224756,Other,Budget,0.4031471593455658,4.3,0.6002522201975807,0.7020913791388937
ChIJPxKs_owBDTkRpqyMziMelqc,ChIJPxKs_owBDTkRpqyMziMelqc,"Hotel Shri Sai Deluxe - 1 Min From Adarsh Nagar Metro I Couple, Business And Family Friendly I Budget Hotel In Adarsh Nagar","A-7, Mandi, near Adarsh nagar metro station, opposite Metro pillar no 98, Sarai Pipal Thala, extn, Azadpur, New Delhi, Delhi",28.71864399999999,77.1688269,4.5,71.0,New Delhi,hotel,,5.0,0.999815022945404,1.0,0.0,0.99981090426445,0.9998108545939128,0.5,0.9997603297233582,0.99982351064682,New Delhi,Budget,0.3981140517963074,4.5,0.999815022945404,0.855085359736228
ChIJMVA5uh0BDTkRYl-pVgvlkPc,ChIJMVA5uh0BDTkRYl-pVgvlkPc,Super Hotel O Shalimar Bagh Max Hospital,"Khasra No, Plot No.1, 1023/110, Gobind Mohalla, Haiderpur, Delhi",28.723465,77.1491735,4.5,37.0,Haiderpur,hotel,,5.0,0.5999750922317616,0.6,0.4,0.0002867570146918,0.5000114436261355,0.5,0.5,0.749897176036029,Other,Mid-Range,0.3386222175183568,4.5,0.5999750922317616,0.7148657149645978
ChIJvfDCaMerDTkRij3h8iw-1bM,ChIJvfDCaMerDTkRij3h8iw-1bM,Tivoli Garden Resort,"Tivoli Garden Resort, Main, GT Karnal Rd, opp. Sai Baba Mandir, Alipur, New Delhi, Delhi",28.7887921,77.14283340000001,4.0,7945.0,New Delhi,hotel,,5.0,0.9998651385307312,1.0,0.0,0.5,0.999822199344635,0.5,0.5,0.9998758733272552,New Delhi,Luxury,0.8359859901761932,4.0,0.9998651385307312,0.881767351816886
ChIJzXc9YhUBDTkRsWv66_fqyqA,ChIJzXc9YhUBDTkRsWv66_fqyqA,Hotel Vintage Villas,"A-7, opp. metro pillar No. 84, Indra Nagar, A Block, Panchwathi, Azadpur, Delhi",28.7144765,77.1726621,4.4,70.0,Azadpur,hotel,,5.0,0.3998702841170597,0.4,0.6,0.4997726275178138,0.3998702841170597,0.5,0.0004458753877163,0.3998702841170597,Other,Mid-Range,0.3968120751380856,4.4,0.3998702841170597,0.6501069857348362
ChIJeVadFNoBDTkRI6lS8QVv_7k,ChIJeVadFNoBDTkRI6lS8QVv_7k,Hotel Aananda,"metro pillar no. 74, A-39, opp. Mandi out gate, Kewal Park Extension, Panchwathi, Adarsh Nagar, Delhi",28.7126923,77.17478659999999,3.9,12.0,Adarsh Nagar,hotel,,2.0,0.0004179697571089,0.0,1.0,0.0004179697571089,0.0003878198040183,0.0003878198040183,0.0004481197101995,0.5,Other,Mid-Range,0.2387706575481475,3.9,0.0004179697571089,0.4225827549229358
ChIJ5ywskdUBDTkReNdCgxAYPJI,ChIJ5ywskdUBDTkReNdCgxAYPJI,Hotal Capital Valley,"P5CC+QGM, Shah Alam Bandh Marg, Bhalswa Jahangirpuri, Adarsh Nagar, Delhi",28.7219661,77.17129760000002,3.1,16.0,Adarsh Nagar,hotel,,5.0,0.4006481799209723,0.4,0.6,0.0008990634596556,0.0002341536601306,0.5,0.5,0.6666365354564429,Other,Mid-Range,0.2637433020525564,3.1,0.4006481799209723,0.449237276998126
ChIJYZTxSwEBDTkRT9D2NJmj2bE,ChIJYZTxSwEBDTkRT9D2NJmj2bE,Oyo Krishna Cafe,"KH.NO. 40/4, LANDMARK MLA OFFICE, 26,27 1ST FLOOR, 28/2, Gali Number 1, Samaypur, Delhi",28.7445393,77.14488829999999,4.3,7.0,Samaypur,hotel,,1.0,0.0005627720966003,0.0,1.0,0.5,0.5,0.5,0.0005627720966003,0.5,Other,Budget,0.1935748254816269,4.3,0.0005627720966003,0.4661898059944542
ChIJO-1YhaoBDTkRSjyr7WIIzG4,ChIJO-1YhaoBDTkRSjyr7WIIzG4,Lotus Guest House,"Q42X+VMG, Libaspur Extension, Libaspur, Samaypur, Delhi",28.7521823,77.14920400000001,3.6,13.0,Samaypur,hotel,,5.0,0.7991831391700543,0.8,0.2,0.4981596096477005,0.9953566193580629,0.5,0.5,0.4981596096477005,Other,Mid-Range,0.2456693548613046,3.6,0.7991831391700543,0.6390099486492266
ChIJ7fuzuzgBDTkRPKEENDxBLpw,ChIJ7fuzuzgBDTkRPKEENDxBLpw,Hotel D Crown | Hotel In Adarsh Nagar,"Gate no. 1, 100 no, Bus Stand, A-11, Adarsh Nagar, Metro Pillar No. 92-93 Near Adarsh Nagar Metro Station, Delhi",28.7173153,77.1703821,4.0,94.0,Metro Pillar No. 92-93 Near Adarsh Nagar Metro Station,hotel,,5.0,0.6024851353606209,0.6,0.4,0.337587699565726,0.3375866664185499,0.0120533993467688,0.0120533993467688,0.5031413177202921,Other,Mid-Range,0.423919550940717,4.0,0.6024851353606209,0.6673416210220754
ChIJYY6UxeYBDTkRtEgy5tQBGbA,ChIJYY6UxeYBDTkRtEgy5tQBGbA,Collection O By Oyo Shalimar Bagh,"Plot No 902/790, Shalimar Village, Shalimar Bagh, Delhi",28.7219395,77.1560501,3.6,519.0,Shalimar Bagh,hotel,,5.0,0.4003020658507011,0.4,0.6,0.0007224504176216,0.0006402396247722,0.4999761393119115,0.0008868720033206,0.4003020658507011,Other,Budget,0.5821677582793436,3.6,0.4003020658507011,0.5833214228147193
ChIJZfR22t4DDTkRGeZis44ky1o,ChIJZfR22t4DDTkRGeZis44ky1o,Caspia Hotel - New Delhi,"District Centre, Crossing, Outer Ring Rd, opposite Galaxy Toyota, Haiderpur, Shalimar Bagh, New Delhi, Delhi",28.7258014,77.14440619999999,3.8,4629.0,New Delhi,hotel,,5.0,0.7966218867950374,0.8,0.2,0.99199840426445,0.6613946423021844,0.9991562366485596,0.4996716775131062,0.6622685656038811,New Delhi,Mid-Range,0.7857070843942369,3.8,0.7966218867950374,0.7796430984455078
ChIJgzemOSMBDTkRxeLIHSnwjds,ChIJgzemOSMBDTkRxeLIHSnwjds,Hotel Starline Residency,"A-17 ,SECOND FLOOR, Sindh Bank, GT Karnal Rd, opposite Near Punjab, opp. Metro Pillar 146, Ramgarh, Ramgarh Village, Jahangirpuri, Delhi",28.730563,77.15961709999999,4.0,22.0,Jahangirpuri,hotel,,5.0,0.5139251686399803,0.6,0.4,0.9972455501556396,0.5001502638333476,0.5,0.5,0.4996428014419506,Other,Mid-Range,0.2918825720663544,4.0,0.5139251686399803,0.6110035832490279
ChIJuwnUayoBDTkR7f2EijQM9g8,ChIJuwnUayoBDTkR7f2EijQM9g8,Oyo Hotel Prince Near Haiderpur Metro Station,"Tehsil, Haiderpur, Shalimar Bagh, Delhi",28.7237524,77.14461849999999,2.9,35.0,Shalimar Bagh,hotel,,5.0,0.2029378407518379,0.2,0.8,0.0063154592935461,0.3376940288192903,0.0122175551950931,0.5,0.0008035586506593,Other,Budget,0.3335891099690984,2.9,0.2029378407518379,0.3744282029521526
ChIJQYtC9bIBDTkRtzYGNORyATo,ChIJQYtC9bIBDTkRtzYGNORyATo,Hotel O Blue Diamond,"opp. Metro Pillar No 102, near Sai Baba Mandir, Sanjay Nagar, Adarsh Nagar, Delhi",28.722285,77.1716723,2.5,26.0,Adarsh Nagar,hotel,,4.0,0.0010959153551084,0.0,1.0,0.5,0.5,0.5,0.0004035168603877,0.5,Other,Mid-Range,0.3068088394720208,2.5,0.0010959153551084,0.2511621846973726
ChIJIaV9XGr_DDkR-mZh2s1Gu3g,ChIJIaV9XGr_DDkR-mZh2s1Gu3g,Super Hotel O By Oyo Burari New Delhi,"Plot No 2, 100 Foota Main Road, Chowk, opp. Delhi Grillz & Jharkhandi Dhaba, Burari, Delhi",28.755943,77.1973079,4.2,82.0,Burari,hotel,,5.0,0.8000834185630084,0.8,0.2,0.5,0.9997373819351196,0.9996156692504884,0.5,0.6669807763149341,Burari,Budget,0.4113490484538237,4.2,0.8000834185630084,0.7542971240285342
ChIJzw_MWG0BDTkRVR_jgo6c2JM,ChIJzw_MWG0BDTkRVR_jgo6c2JM,Oyo Townhouse 670 Hotel 16 Near Adarsh Nagar Metro Station,"A, 16, Grand Trunk Rd, Indira Nagar, Adarsh Nagar, Delhi",28.71698,77.170585,1.9,10.0,Adarsh Nagar,hotel,,3.0,0.0016209659515879,0.0,1.0,0.0005681471084244,0.5,0.5,0.5,0.5,Other,Budget,0.223219623947779,1.9,0.0016209659515879,0.1537899969129042
ChIJFU3egYQBDTkRy8oUiTdxJ8g,ChIJFU3egYQBDTkRy8oUiTdxJ8g,Hotel O Grand Seasons,"KH No 16\25, Near, Gali Number 14, Swaroop Nagar, Bhalswa, Delhi",28.75603439999999,77.16393400000001,3.4,12.0,Bhalswa,hotel,,4.0,0.5001277794872294,0.5,0.5,0.5,0.5,0.5,0.0004205446311971,0.999829649925232,Other,Mid-Range,0.2387706575481475,3.4,0.5001277794872294,0.5155442993550773
ChIJdbSUpfABDTkRYe0f9XoVlwQ,ChIJdbSUpfABDTkRYe0f9XoVlwQ,Hotel O By Oyo Apna,"H. NO.- 318, DESU ROAD, SHALIMAR BAGH, DELHI LANDMARK- OPP. SAHAB SINGH VERMA SAMUDAYEK BHAWAN, Delhi",28.7196998,77.15897679999999,5.0,1.0,DELHI LANDMARK- OPP. SAHAB SINGH VERMA SAMUDAYEK BHAWAN,hotel,,,,,,,,,,,Other,Budget,0.0645249418272089,5.0,0.5,0.6911374624668677
ChIJaQpZ9tsdDTkRt-gxwpbrYSw,ChIJaQpZ9tsdDTkRt-gxwpbrYSw,Oyo Hotel Star,"roadMetro pillar 103, A-101, Shah Alam Bandh Marg, Sanjay Nagar, Jahangirpuri, Delhi",28.7202828,77.16874159999999,3.6,9.0,Jahangirpuri,hotel,,4.0,0.236040694391704,0.25,0.75,0.9406038522720336,0.5,0.5,0.5,0.0005095612141303,Other,Budget,0.2143472170767782,3.6,0.236040694391704,0.4526813829089647
ChIJJ3-uAo0BDTkRkOIZi70cb_4,ChIJJ3-uAo0BDTkRkOIZi70cb_4,Fabhotel The Kailash Dev,"a 41 sarai pipal thala ext, Adarsh Nagar, New Delhi",28.7191421,77.1693823,3.8,497.0,Adarsh Nagar,hotel,,5.0,0.0606326155771966,0.0,1.0,0.5,0.1500013537006452,0.0009859753772616,0.5,0.2982956171035766,Other,Mid-Range,0.5781436034383729,3.8,0.0606326155771966,0.5006833318646212
ChIJJ2zoZIoBDTkRM3l0by4TH_M,ChIJJ2zoZIoBDTkRM3l0by4TH_M,Sp Lodge,"H-21 , 1A, Mahendra Park, Jahangirpuri, Delhi",28.7230173,77.16928639999999,,,Jahangirpuri,hotel,,,,,,,,,,,Other,Mid-Range,0.0,4.07404718693285,0.5,0.5543222758742095
ChIJzbs7X9MBDTkR6P5MilgrDH8,ChIJzbs7X9MBDTkR6P5MilgrDH8,Oyo Flagship Hotel Gt Inn,"211, GT Karnal Rd, near metro pillar 114, Pocket B, Mahendra Park, Jahangirpuri, Delhi",28.7222819,77.1660402,2.7,7.0,Jahangirpuri,hotel,,5.0,0.2001421391265467,0.2,0.8,0.0002376076639241,0.5,0.5,0.0001821825426304,0.000265320224571,Other,Budget,0.1935748254816269,2.7,0.2001421391265467,0.3171690020647014
ChIJiWLtVqP_DDkRLHUVE9GVOMo,ChIJiWLtVqP_DDkRLHUVE9GVOMo,Collection O Burari Post Office,"Plot No 2, 100 Foota Main Road, Chowk, opp. Delhi Grillz & Jharkhandi Dhaba, Burari, Delhi",28.7559454,77.1973216,5.0,4.0,Burari,hotel,,1.0,0.9918509125709534,1.0,0.0,0.5,0.5,0.5,0.5,0.5,Burari,Mid-Range,0.1498222752495692,5.0,0.9918509125709534,0.8662012459072354
ChIJd877ErcBDTkRSFMpmZaG98k,ChIJd877ErcBDTkRSFMpmZaG98k,Hotel Bnb Palace,"1-B, near metro pillar no.-102, Sarai Pipal Thala, Mool Chand Nagar, Adarsh Nagar, Delhi",28.7202473,77.16924589999999,4.1,138.0,Adarsh Nagar,hotel,,5.0,0.6110366424079985,0.6,0.4,0.5,0.5303473733365535,0.5,0.5,0.9998693466186525,Other,Luxury,0.4593492585888129,4.1,0.6110366424079985,0.6908990908393572
ChIJ_cETkuP_DDkRhX8mgtJsk20,ChIJ_cETkuP_DDkRhX8mgtJsk20,Hotel O Stay Town,"48Street - 10, A-2 Block, Virendar Nagar, Block B, West Sant Nagar, Burari, Delhi",28.7386649,77.1963779,3.4,34.0,Burari,hotel,,5.0,0.6000051998184063,0.6,0.4,0.3334902563171151,0.000328998954501,0.99987530708313,0.5,0.9998801946640016,Burari,Budget,0.3309666882836649,3.4,0.6000051998184063,0.5670191119588616
ChIJtf6bT0X_DDkRyAZLrwRyr58,ChIJtf6bT0X_DDkRyAZLrwRyr58,Flexibay-Girls Hostel North Delhi,"1100, Mukherjee Nagar, New Delhi, Delhi",28.7154571,77.2176661,4.8,17.0,New Delhi,hotel,,5.0,0.9744333863258362,1.0,0.0,0.9991306662559508,0.9996387958526612,0.9998841285705566,0.8743886351585388,0.9997614622116088,New Delhi,Budget,0.2690641681418895,4.8,0.9744333863258362,0.8594195894599032
ChIJm9DdoT8BDTkRN9g6WdwXbcg,ChIJm9DdoT8BDTkRN9g6WdwXbcg,Hotel O White Grace,"2nd Floor, Landmark, Plot No 60 KH NO 27/31/2, near Primary school, Badli, Rohini, Delhi",28.7365894,77.14410339999999,,,Rohini,hotel,,,,,,,,,,,Rohini,Mid-Range,0.0,4.07404718693285,0.5,0.5543222758742095
ChIJEeFFoyMBDTkR3or3ygSY_fU,ChIJEeFFoyMBDTkR3or3ygSY_fU,Oyo Hotel Relax Inn,"House no. 5, Khasra No. 431/64/2, 1st Landmark, opposite Tej Services station, Kewal Park Extension, Kewal Park, Azadpur, Delhi",28.7115757,77.1769143,5.0,1.0,Azadpur,hotel,,,,,,,,,,,Other,Budget,0.0645249418272089,5.0,0.5,0.6911374624668677
ChIJr2pE1N8BDTkR_szajQiBDpA,ChIJr2pE1N8BDTkR_szajQiBDpA,Hotel Paradise,"pillar no 118, metro, near jahangir Puri, Mahendra Park, Jahangirpuri, Delhi",28.7230278,77.1652912,4.7,115.0,Jahangirpuri,hotel,,5.0,0.7999247418134473,0.8,0.2,0.000281446322333,0.9998632073402404,0.9998455047607422,0.6666272657263713,0.5000181462091859,Other,Mid-Range,0.4425108247627112,4.7,0.7999247418134473,0.8273416919570621
ChIJZ03D9-X_DDkRDe5lPjcYyWg,ChIJZ03D9-X_DDkRDe5lPjcYyWg,Hotel O Signature Village Guest House,"Galli Number 6, Gopalpur Village, Delhi",28.7188309,77.2221319,3.3,384.0,Gopalpur Village,hotel,,5.0,0.9976930975914,1.0,0.0,0.9997878670692444,0.9995242655277252,0.9998681545257568,0.9995466768741608,0.9996121327082316,Other,Mid-Range,0.5541863122314439,3.3,0.9976930975914,0.728082826050638
ChIJMzNKkUYBDTkRBzsD5Gov384,ChIJMzNKkUYBDTkRBzsD5Gov384,Oyo Shalimar Residency Near Adarsh Nagar Metro Station,"police station, A 35 A 35, Shalimar Bagh Rd, Shalimar Village, Shalimar Bagh, Delhi",28.7212664,77.160066,3.7,59.0,Shalimar Bagh,hotel,,5.0,0.4013033741386607,0.4,0.6,0.9996789693832396,0.0017251576064154,0.9998730421066284,0.0018025278113782,0.2516609571466688,Other,Budget,0.3811417720613274,3.7,0.4013033741386607,0.5541770777095365
ChIJPWbQh00BDTkRxexTLzPCrVw,ChIJPWbQh00BDTkRxexTLzPCrVw,Hotel O Mayur Palace,"91/37, opposite B.D.O. Office, Alipur, Delhi",28.7932545,77.1395656,3.5,157.0,Alipur,hotel,,5.0,0.2045890032371971,0.2,0.8,0.0004385964857646,0.0195156466215848,0.5,0.5,0.9997978806495668,Other,Luxury,0.4712760278948164,3.5,0.2045890032371971,0.4840010145368341
ChIJ61WTkQ8BDTkROsXSSW6I5SQ,ChIJ61WTkQ8BDTkROsXSSW6I5SQ,Hotel O Hotel Gold Star,"Pillar no. 113, B-3ATheke Wali Gali, Mahendra Park, Delhi",28.7238765,77.1683012,4.8,83.0,Mahendra Park,hotel,,5.0,0.4003381079586688,0.4,0.6,0.0003470897499937,0.2504803173433174,0.001391252502799,0.0004014973528683,0.6666325966458923,Other,Mid-Range,0.4124639098458538,4.8,0.4003381079586688,0.7067590979943608
ChIJO5LQI-XjDDkRitHWBr5ZqXU,ChIJO5LQI-XjDDkRitHWBr5ZqXU,Oyo Flagship 77798 Hotel Sai Guest House,"A-12, A-19, Mandi Marg, opp. Metro Pillar 78, Kewal Park Extension, Azadpur, Delhi",28.7134092,77.1745991,2.6,7.0,Azadpur,hotel,,4.0,0.5043149724369869,0.5,0.5,0.5,0.5065427492372692,0.5,0.5,0.5,Other,Budget,0.1935748254816269,2.6,0.5043149724369869,0.4009196842609369
ChIJq3VR8w3_DDkRPICGVj8ny_I,ChIJq3VR8w3_DDkRPICGVj8ny_I,Hotel Om Regency,"Shopping Paradise Complex 2nd & 3rd Floor , Plot No. 2 Sector C-4, Loni, Trans Delhi Signature City, Ghaziabad",28.7787867,77.2641615,4.1,13.0,Trans Delhi Signature City,hotel,,4.0,0.7506882247980684,0.75,0.25,0.9987975656986235,0.0058175316080451,0.5,0.5025788838975132,0.9985312223434448,Other,Mid-Range,0.2456693548613046,4.1,0.7506882247980684,0.690005233066093
ChIJxTh6dqD_DDkRcDRMltyZr8E,ChIJxTh6dqD_DDkRcDRMltyZr8E,Hotel D K Residency,"E-33, Rameshwar Park, Loni, Ghaziabad",28.76493979999999,77.28225540000001,4.9,2301.0,Loni,hotel,,5.0,0.799973283323925,0.8,0.2,0.9998327493667604,0.9998639225959778,0.5,0.5,0.9998522400856018,Loni,Mid-Range,0.720657918709653,4.9,0.799973283323925,0.9131046098398986
ChIJk8P9dub_DDkRontArtZB6bw,ChIJk8P9dub_DDkRontArtZB6bw,Hotel Dhama Residency,"Rameshwar Park, D-36, Delhi - Shamli - Saharanpur Rd, Loni, Ghaziabad",28.764177,77.2824511,4.6,112.0,Loni,hotel,,5.0,0.8001198505749926,0.8,0.2,0.9997146427631378,0.9997408787409464,0.5,0.5,0.8001198505749926,Loni,Mid-Range,0.4400716508009945,4.6,0.8001198505749926,0.8135916927298612
ChIJ_y1TYvz9DDkRN-aFtSMAKCs,ChIJ_y1TYvz9DDkRN-aFtSMAKCs,Oyo Hotel New Blue Umbrella,"A-20, Dhakka, Main Rd, opp. M.C.D. Colony, Kingsway Camp, Mukherjee Nagar, Delhi",28.7079465,77.2043664,3.1,1003.0,Mukherjee Nagar,hotel,,5.0,0.0008835971326333,0.0,1.0,0.001282187392159,0.5,0.0013557187048718,0.0020678155124187,0.0004230279591865,Other,Budget,0.6434132677461541,3.1,0.0008835971326333,0.4024492557517125
ChIJ8RAL_OL_DDkRfkpERnh9Ujo,ChIJ8RAL_OL_DDkRfkpERnh9Ujo,Hotel O Royal King Deluxe,"Chowk, above hariram sweets, Conductor Colony, Burari, Delhi",28.7545274,77.19891729999999,2.8,160.0,Burari,hotel,,5.0,0.0008277129993075,0.0,1.0,0.0008277129993075,0.0005630825653497,0.5,0.0002434557973174,0.0009449098542972,Burari,Mid-Range,0.4730269851004501,2.8,0.0008277129993075,0.3263107502453604
ChIJNctazSv_DDkRSNHmM1PkiAA,ChIJNctazSv_DDkRSNHmM1PkiAA,Hotel Sunlight,"Khasra no 5/4, Street no 4, Wazirabad Rd, above New Era Gym, Sangam Vihar, Delhi=110084, Delhi",28.7263192,77.2185894,4.8,44.0,Delhi=110084,hotel,,5.0,0.9996526956558228,1.0,0.0,0.5,0.9998018145561218,0.5,0.999704658985138,0.9997792541980745,Other,Mid-Range,0.3543615015642497,4.8,0.9996526956558228,0.885607955589456
ChIJLynd9bf_DDkR0EYotNf77BE,ChIJLynd9bf_DDkR0EYotNf77BE,Hotel Golden In Residency,"Kh 329 0pp baba colony gate, near by fish market, Burari",28.7526133,77.1986847,4.1,18.0,near by fish market,hotel,,5.0,0.798884587106295,0.8,0.2,0.5,0.5,0.5,0.5,0.9947459697723388,Other,Mid-Range,0.2740972756911478,4.1,0.798884587106295,0.7114284125791887
ChIJE9OYdkHlDDkR8960E_5cjco,ChIJE9OYdkHlDDkR8960E_5cjco,Hotel O New Star Rooms,"Khasra no, 102Ghadi Chokhandinull, 102, Ajit Vihar, Burari Garhi, Burari, Noida, Delhi",28.7568843,77.1937162,4.9,7.0,Noida,hotel,,3.0,0.9836206237475076,1.0,0.0,0.5,0.5,0.5,0.5,0.9997913241386414,Other,Mid-Range,0.1935748254816269,4.9,0.9836206237475076,0.8595879405355258
ChIJnz7FD6b9DDkRAwrb4dvt8Xw,ChIJnz7FD6b9DDkRAwrb4dvt8Xw,Hotel O Starlight,"10, Karawal Nagar Main Rd, Tumkirpur Extension, Tukhmirpur, Delhi",28.713155,77.2630839,4.5,8.0,Tukhmirpur,hotel,,2.0,0.500789642042946,0.5,0.5,0.5,0.5,0.5,0.5,0.5,Other,Mid-Range,0.2045392263146805,4.5,0.500789642042946,0.6547025171167585
ChIJFRvwjdj7DDkRxXDEolyF2gc,ChIJFRvwjdj7DDkRxXDEolyF2gc,Hotel O Vikal Stay Near Gokulpuri Metro Station,"East Gokalpur, Gokalpur, Delhi",28.7065815,77.2909348,4.3,43.0,Gokalpur,hotel,,4.0,0.7506643315427937,0.75,0.25,0.5,0.9998053908348083,0.5,0.003148408839479,0.9998517632484436,Other,Budget,0.3522695076021969,4.3,0.7506643315427937,0.739257839007032
ChIJoxaOpRD_DDkR2BsvcBL4zdw,ChIJoxaOpRD_DDkR2BsvcBL4zdw,Hotel O By Oyo Red Rose,"Khasra no-7, gali no-6, Main Jagatpur Rd, Sangam Vihar, Delhi",28.72787199999999,77.219658,4.2,15.0,Sangam Vihar,hotel,,4.0,0.7499969216441968,0.75,0.25,0.5,0.0008513578795827,0.5,0.9996429681777954,0.9996631145477296,Other,Budget,0.2580997673088359,4.2,0.7499969216441968,0.7057220130380022
ChIJf3Hgsir9DDkRm76px0vVAt4,ChIJf3Hgsir9DDkRm76px0vVAt4,Oyo Hotel Signature View Near Akshardham,"B-46/3, Main Wazirabad Road, Bhajanpura, Seelam Pur Tehsil, seelam pur, Delhi",28.7047683,77.2566253,3.7,46.0,seelam pur,hotel,,5.0,0.3816843562992288,0.4,0.6,0.000633499585092,0.5,0.9073503017425536,0.5,0.5,Other,Budget,0.358409522528563,3.7,0.3816843562992288,0.5430827336434253
ChIJVee69IHnDDkRFJKRVfqe5nw,ChIJVee69IHnDDkRFJKRVfqe5nw,Flagship Mannat Guest House,"Saharanpur Rd, near Gate, Prem Nagar, Loni, New Delhi, Ghaziabad",28.7434661,77.2879385,4.1,28.0,New Delhi,hotel,,3.0,0.6679190158223113,0.6666666666666666,0.3333333333333333,0.5,0.9998499155044556,0.5,0.5,0.5,New Delhi,Mid-Range,0.3134609411082933,4.1,0.6679190158223113,0.6780172607710799
ChIJPwDEgOH9DDkRVZXlK8nS0nw,ChIJPwDEgOH9DDkRVZXlK8nS0nw,Terrace Garden Room,"438, Mukharji Nagar Rd, Mukherjee Nagar, Delhi",28.714502,77.2116065,4.4,81.0,Mukherjee Nagar,hotel,,5.0,0.999792218208313,1.0,0.0,0.9997761845588684,0.5,0.9997453093528748,0.5,0.5,Other,Mid-Range,0.4102206732614377,4.4,0.999792218208313,0.8443596569133235
ChIJedUlZhz_DDkRt5q5eHsolr0,ChIJedUlZhz_DDkRt5q5eHsolr0,Hotel O Evergreen Hotels,"extended lal dora, Plot No 701, main 100, foota road, Burari, Delhi",28.75388989999999,77.199022,5.0,4.0,Burari,hotel,,1.0,0.9997404217720032,1.0,0.0,0.5,0.5,0.5,0.5,0.5,Burari,Mid-Range,0.1498222752495692,5.0,0.9997404217720032,0.8687183364054486
ChIJf9JJIkX_DDkRaznuubwpzmU,ChIJf9JJIkX_DDkRaznuubwpzmU,Hotel O Classic Inn,"Street no 12/6 Near Divine Hospital, Gali no 12, Jagatpur Road, Wazirabad, Delhi",28.7266033,77.2216105,3.4,46.0,Wazirabad,hotel,,4.0,0.7475113102627802,0.75,0.25,0.6633942695237541,0.9998624324798584,0.5,0.5,0.5,Other,Budget,0.358409522528563,3.4,0.7475113102627802,0.61991682079483
ChIJseEZVyP_DDkRRmC3cXvC9uQ,ChIJseEZVyP_DDkRRmC3cXvC9uQ,Hotel O Golden Key Inn,"Plot No 32/1/1/1, opposite Transport Authority Road, Laldora, Jharoda, Burari, Delhi",28.730719,77.198593,3.9,7.0,Burari,hotel,,2.0,0.5001116008934331,0.5,0.5,0.5,0.5,0.0004347386711742,0.5,0.5,Burari,Budget,0.1935748254816269,3.9,0.5001116008934331,0.572393437420728
ChIJk1V_b6MdDTkREBke9zUcepg,ChIJk1V_b6MdDTkREBke9zUcepg,Hotel O Kd Homes,"kh no. 91, main road, Gali No. 11, near book shop, opposite mohalla clinic, Wazirabad, Delhi",28.7240925,77.2173195,3.5,12.0,Wazirabad,hotel,,3.0,0.0006621505987519,0.0,1.0,0.5,0.5,0.5,0.0003543875063769,0.5,Other,Mid-Range,0.2387706575481475,3.5,0.0006621505987519,0.3694868718858214
ChIJ-wj47an9DDkRHSkcTjVxnn0,ChIJ-wj47an9DDkRHSkcTjVxnn0,Fabhotel Vishesh Villas,"Q-7, 1st, Car Market Road, near Anytime Fitness Gym, Model Town 1, Model Town Phase I, Mukherjee Nagar, New Delhi, Delhi",28.70536,77.19556000000001,4.6,11.0,New Delhi,hotel,,5.0,0.9998673915863036,1.0,0.0,0.5,0.9998719692230223,0.5,0.9998375177383424,0.9998773336410522,New Delhi,Mid-Range,0.2313194968117582,4.6,0.9998673915863036,0.832919121696186
ChIJ6ztvUg3-DDkRLVhUcMEzffQ,ChIJ6ztvUg3-DDkRLVhUcMEzffQ,Oyo Vision Rooms Near Gtb Nagar Metro Station,"293, Gali Number 3/3, Sangam Vihar, Wazirabad, Delhi",28.7260858,77.2186868,3.4,88.0,Wazirabad,hotel,,5.0,0.2041560624435077,0.2,0.8,0.0079187467539061,0.5,0.0187095645815134,0.5,0.4985120359779102,Other,Budget,0.4178463229216191,3.4,0.2041560624435077,0.459205202097131
ChIJu32QGTP_DDkRokwZ4k-ZmZ8,ChIJu32QGTP_DDkRokwZ4k-ZmZ8,Super Hotel O Sunlight,"1, Sangam Vihar Rd, Wazirabad, New Delhi, Delhi",28.726395,77.22,3.5,62.0,New Delhi,hotel,,3.0,0.3141471026077245,0.3333333333333333,0.6666666666666666,0.0031868633232079,0.5,0.9360675811767578,0.5,0.3141471026077245,New Delhi,Mid-Range,0.3856836393487762,3.5,0.3141471026077245,0.5007496430773598
ChIJjSsoDJj7DDkRUNvExHCukF8,ChIJjSsoDJj7DDkRUNvExHCukF8,Oyo 79682 Hotel Diamond,"NA, Loni Rd, Balraj Nagar, Jawahar Nagar, Ghaziabad",28.7181679,77.2898274,4.0,31.0,Jawahar Nagar,hotel,,3.0,0.0011200576069919,0.0,1.0,0.5,0.5,0.5,0.0011256509460508,0.5,Other,Budget,0.3226247091360448,4.0,0.0011200576069919,0.4539355476975315
ChIJE7CtJRT9DDkR9LyAsvfENVs,ChIJE7CtJRT9DDkR9LyAsvfENVs,Rajsheel Guest House,"D-Block, Karawal Nagar Main Rd, beside Reliance Smart Point, Dayalpur, Delhi",28.7187998,77.26582429999999,4.4,28.0,Dayalpur,hotel,,4.0,0.999833345413208,1.0,0.0,0.9998268485069276,0.9998221099376678,0.5,0.5,0.999854177236557,Other,Mid-Range,0.3134609411082933,4.4,0.999833345413208,0.8237924526369619
ChIJwZWDKw39DDkR1zt1pmv8KD4,ChIJwZWDKw39DDkR1zt1pmv8KD4,Hotel O Galaxy,"A-141, Karawal Nagar Main Rd, near TVS Showroom, Chandu Nagar, New Mustafabad, Delhi",28.7101745,77.262199,4.5,8.0,New Mustafabad,hotel,,2.0,0.5025886639486997,0.5,0.5,0.5,0.5,0.5,0.9998088479042052,0.9998088479042052,Other,Mid-Range,0.2045392263146805,4.5,0.5025886639486997,0.6552764819642104
ChIJVzbidAD_DDkRv-MDCrl-Ka0,ChIJVzbidAD_DDkRv-MDCrl-Ka0,Oyo Flagship Hotel Black Inn,"khasra no-867, third floor, khasra no, jockey showroom building, 1110, street main road, opposite red tape, Parvatiya Anchal, Maurya Enclave, Sant Nagar, Burari, Delhi",28.7466,77.19876099999999,3.1,16.0,Burari,hotel,,5.0,0.3883132815564749,0.4,0.6,0.0002379894431214,0.0002379894431214,0.0002379894431214,0.5,0.4999732315627624,Burari,Budget,0.2637433020525564,3.1,0.3883132815564749,0.4453019174366503
ChIJgVaLtj38DDkR9GuM4URH1aM,ChIJgVaLtj38DDkR9GuM4URH1aM,Oyo Hotel Royal City,"Tehsil, Wazirabad, Delhi",28.726928,77.220655,3.8,56.0,Wazirabad,hotel,,5.0,0.9996574640274049,1.0,0.0,0.9996574640274049,0.9994325041770936,0.5,0.9997848272323608,0.9996574640274049,Other,Budget,0.376366888848488,3.8,0.9996574640274049,0.7573554481285022
ChIJ48_OUif9DDkR9L9PyvviY4s,ChIJ48_OUif9DDkR9L9PyvviY4s,Townhouse Pr Inn,"Main Road, near Relaince Smart Point, Block D, Dayalpur, Tukhmirpur, Delhi",28.7189854,77.265791,4.1,197.0,Tukhmirpur,hotel,,5.0,0.4003829505993053,0.4,0.6,0.0013445420190691,0.0013445420190691,0.0004870460252277,0.5,0.4003829505993053,Other,Budget,0.4922837920896685,4.1,0.4003829505993053,0.6306965789040658
ChIJi16N4ZT7DDkRVvNyN9qevRM,ChIJi16N4ZT7DDkRVvNyN9qevRM,Oyo Hotel Dev Inn,"290, Loni Gol Chaker Flyover, opp. HP Petrol pamp, Amar Colony, East Gokalpur, Gokalpur, Delhi",28.7046187,77.29121920000001,3.6,9.0,Gokalpur,hotel,,5.0,0.402614433580311,0.4,0.6,0.0005176739650778,0.0002450945030432,0.5,0.5,0.5062399939633906,Other,Budget,0.2143472170767782,3.6,0.402614433580311,0.5058255222310516
ChIJacydQs0BDTkRlTfsjoQdjLA,ChIJacydQs0BDTkRlTfsjoQdjLA,Hotel Z Black,"KH.NO.457/1, 1ST FLOOR NEAR SHALIMAR PALACE, Burari, Delhi",28.758606,77.193972,3.7,68.0,Burari,hotel,,5.0,0.7998702578654047,0.8,0.2,0.9997848868370056,0.0003706479619722,0.5,0.9997089505195618,0.999802589416504,Burari,Mid-Range,0.3941521852236946,3.7,0.7998702578654047,0.6841041933312737
ChIJcU_DX6j_DDkRgq0yuWNNbMg,ChIJcU_DX6j_DDkRgq0yuWNNbMg,Fusion Inn Burari,"Khasra No. 540 Main Road, opposite Shalimar Banquet Hall, Burari, New Delhi",28.7577997,77.1956849,4.1,107.0,Burari,hotel,,5.0,0.5999293018598109,0.6,0.4,0.3333726606797426,0.5,0.5,0.9996519088745116,0.6665688837141107,Burari,Budget,0.4358587231264387,4.1,0.5999293018598109,0.6823590517345822
ChIJI-7G1TX9DDkR6Whnu2m6VrM,ChIJI-7G1TX9DDkR6Whnu2m6VrM,Flexibay -Affordable Hostel In North Delhi,"26/7, Indra Vikas Colony, Bhai Parmanand Colony, Mukherjee Nagar, New Delhi, Delhi",28.713737,77.2060968,4.6,20.0,New Delhi,hotel,,5.0,0.7993601604714058,0.8,0.2,0.4994666388665791,0.0004593354533426,0.5,0.5,0.4994666388665791,New Delhi,Budget,0.2834140261914359,4.6,0.7993601604714058,0.7800290023801246
ChIJRxl2lZz9DDkRGh5PhQDS_SA,ChIJRxl2lZz9DDkRGh5PhQDS_SA,Oyo Flagship D C Palace,"street no 6A, near KD campus, opposite Ring Road, Gopalpur Village, Delhi",28.7188436,77.2221063,3.6,58.0,Gopalpur Village,hotel,,5.0,0.4023257700959221,0.4,0.6,0.5,0.9998875856399536,0.9981149435043336,0.4995835738372989,0.3333934452772761,Other,Budget,0.379577200550308,3.6,0.4023257700959221,0.5408770421401596
ChIJp0F4aBb8DDkRmpcKMi9qmR0,ChIJp0F4aBb8DDkRmpcKMi9qmR0,Oyo Flagship 813562 Hotel Crown Plaza,"D, Bhajanpura, 2, Wazirabad Rd, Chand Bagh, Delhi",28.7037544,77.2656205,4.7,3.0,Chand Bagh,hotel,,,,,,,,,,,Other,Budget,0.1290498836544179,4.7,0.5,0.664981264190913
ChIJWxj8Q9_7DDkRST6AVsW1Emg,ChIJWxj8Q9_7DDkRST6AVsW1Emg,Hotel O Flagship Pubg,"G 21 first floor, main, Loni Rd, East Gokalpur, Gokalpur, Delhi",28.7048737,77.2915074,5.0,5.0,Gokalpur,hotel,,,,,,,,,,,Other,Mid-Range,0.1667945549845492,5.0,0.5,0.7128897130377921
ChIJO4dvLpr9DDkRXrQkso5NLj4,ChIJO4dvLpr9DDkRXrQkso5NLj4,Hotel O By Oyo Decent Guest House,"A-18, behind Bikaner sweets, Shri Ram Colony, Block B, Khazoori Khas, Delhi",28.7050762,77.256911,4.1,7.0,Khazoori Khas,hotel,,2.0,0.9962244033813475,1.0,0.0,0.5,0.992633044719696,0.992633044719696,0.5,0.992633044719696,Other,Budget,0.1935748254816269,4.1,0.9962244033813475,0.7572615103938743
ChIJN5fZNLn7DDkRY8ODIpzubIY,ChIJN5fZNLn7DDkRY8ODIpzubIY,Hotel O By Oyo Aj Guest House,"Metro Station, 822, Street 2, Indra Enclave, Gulab Vatika, Jawahar Nagar, Delhi, Ghaziabad",28.7125847,77.2902108,3.1,17.0,Delhi,hotel,,5.0,0.0138751162565312,0.0,1.0,0.5,0.0172287177629186,0.5,0.0002076473610941,0.0005927270103711,Delhi,Budget,0.2690641681418895,3.1,0.0138751162565312,0.3269718680080398
ChIJJbbr8_T_DDkR-ofOseudRO4,ChIJJbbr8_T_DDkR-ofOseudRO4,Spot On 69908 Hotel Blue Heart,"Ganga vihar ,pink City, near Eyecon Hospital, Loni, Ghaziabad",28.747273,77.26757099999999,3.1,67.0,Loni,hotel,,5.0,0.2028934648551512,0.2,0.8,0.0002642441540956,0.014170235954225,0.9985570311546326,0.5,0.9985570311546326,Loni,Mid-Range,0.3927931857069744,3.1,0.2028934648551512,0.4135933584127245
ChIJL7zi_d79DDkRJqh5RcB-sVU,ChIJL7zi_d79DDkRJqh5RcB-sVU,Ashok Maurya,"Verma Niwas, 100, above Geetanjali Studio, A Block, Nehru Vihar, Sudershan Park, New Delhi, Delhi",28.7124634,77.2207207,4.3,10.0,New Delhi,hotel,,2.0,0.9997789561748504,1.0,0.0,0.9997032284736632,0.5,0.9997032284736632,0.5,0.9997032284736632,New Delhi,Mid-Range,0.223219623947779,4.3,0.9997789561748504,0.7912877629907229
ChIJVcq7PHb_DDkRvXTkH3L2FNM,ChIJVcq7PHb_DDkRvXTkH3L2FNM,Spot On Delhi Gold Hotel,"Block A, Loni, Ghaziabad",28.738668,77.26123,4.1,99.0,Loni,hotel,,3.0,0.6683067083358765,0.6666666666666666,0.3333333333333333,0.5,0.5,0.5,0.5,0.5,Loni,Mid-Range,0.4286944341535564,4.1,0.6683067083358765,0.7026505561767931
ChIJAzDQxXn9DDkRYPf3fWJwA8M,ChIJAzDQxXn9DDkRYPf3fWJwA8M,Hotel O Ocean Guest House,"D-197/3, Main Rd, Brij Puri, New Mustafabad, Delhi",28.7046178,77.2746623,4.3,6.0,New Mustafabad,hotel,,1.0,0.9998674392700196,1.0,0.0,0.9998674392700196,0.5,0.5,0.5,0.5,Other,Mid-Range,0.1811444130340956,4.3,0.9998674392700196,0.7823667996393784
ChIJE3OAKsb7DDkR9ddf6PCweXI,ChIJE3OAKsb7DDkR9ddf6PCweXI,Collection O Johri Enclave Metro Station Second Home,"Metro Station, Plot No. A2, Johripur Rd, near Auto Stand, Johri Enclave, Johripur Enclave, Johripur, Ghaziabad",28.7110277,77.2903668,5.0,3.0,Johripur,hotel,,1.0,0.9966076612472534,1.0,0.0,0.5,0.5,0.5,0.5,0.5,Other,Mid-Range,0.1290498836544179,5.0,0.9966076612472534,0.8633006650395436
ChIJeS1Ng48BDTkRzKyCcH8fBB8,ChIJeS1Ng48BDTkRzKyCcH8fBB8,Hotel O Impression 2 Guest House,"PMR Tower100, Foot Road, Kaushik Enclave, Indraprasth Colony, Burari, Delhi",28.7611296,77.18841689999999,3.7,6.0,Burari,hotel,,3.0,0.3343746882164851,0.3333333333333333,0.6666666666666666,0.9997674822807312,0.001710275770165,0.5,0.5007068944396451,0.5007388790254481,Burari,Mid-Range,0.1811444130340956,3.7,0.3343746882164851,0.4902854995056217
ChIJsfgyfjn_DDkR9NEHIHnv5AY,ChIJsfgyfjn_DDkR9NEHIHnv5AY,Flagship Hotel Happy Moments,"6, Gali No. 12, near divine hospital, Wazirabad, Delhi",28.7268051,77.220725,3.4,19.0,Wazirabad,hotel,,4.0,0.3803701175020251,0.5,0.5,0.0001857974421,0.5,0.5,0.5,0.5,Other,Mid-Range,0.2788721589039871,3.4,0.3803701175020251,0.4858658835728324
ChIJb75Ao-79DDkRsIlRbmeNhYw,ChIJb75Ao-79DDkRsIlRbmeNhYw,Hotel O Vishesh Villas,"Q7, 1st car market road, near anytime fitness, above amaira bakery, Model Town 1, Tagore Park, Model Town, Delhi",28.7053676,77.1955952,3.3,24.0,Model Town,hotel,,5.0,0.4003093926003203,0.4,0.6,0.999815970659256,0.5,0.5,0.000437471200712,0.5,Other,Mid-Range,0.2996445504991384,3.3,0.4003093926003203,0.4833521043220876
ChIJEefgc975DDkRMtvbFpfSpBo,ChIJEefgc975DDkRMtvbFpfSpBo,Rich Star Guest House,"Metro pillar no, metro station, 57, Phase 9, Shiv Vihar, Johripur, New Delhi, Ghaziabad",28.7291698,77.2840963,5.0,8.0,New Delhi,hotel,,3.0,0.9997573097546896,1.0,0.0,0.5,0.9997039139270782,0.5,0.999864101409912,0.5,New Delhi,Mid-Range,0.2045392263146805,5.0,0.9997573097546896,0.8803617544328531
ChIJC0pNFKb_DDkR6f4LYdcCE3w,ChIJC0pNFKb_DDkR6f4LYdcCE3w,Oyo 6207 Hotel Residency,"Street No.1, Ram Nagar, Plot No.42, Delhi",28.7507366,77.19807920000001,3.5,54.0,Plot No.42,hotel,,5.0,0.3372873215179425,0.2,0.8,0.6134406253695488,0.3325683670409489,0.7276304811239243,0.0004998739314032,0.1531851189502048,Other,Budget,0.3730418991973482,3.5,0.3372873215179425,0.505443524727589
ChIJw8lJYrD5DDkRYxfhdw87qbM,ChIJw8lJYrD5DDkRYxfhdw87qbM,Oyo Dream Holiday Hotel,"NA, Param Hans Vihar, Laxmi Garden, Raj Nagar, Loni, Ghaziabad",28.73573,77.2889513,4.0,126.0,Loni,hotel,,5.0,0.9992379665374757,1.0,0.0,0.9991399049758912,0.9991399049758912,0.5,0.5,0.9989891350269318,Loni,Budget,0.4509444728626801,4.0,0.9992379665374757,0.7996707944023393
ChIJbTT-v875DDkRfg30l_AE0wg,ChIJbTT-v875DDkRfg30l_AE0wg,Spot On Royal Blue Heart,"A-443, A-443, near Indrapuri Police Chowki, Laxmi Garden, Raj Nagar, Loni, Ghaziabad",28.73086219999999,77.28892499999999,3.5,43.0,Loni,hotel,,4.0,0.7494272436815663,0.75,0.25,0.9998679161071776,0.5,0.5,0.5,0.9976245760917664,Loni,Mid-Range,0.3522695076021969,3.5,0.7494272436815663,0.632515580811815
ChIJm4g7keH_DDkR2jybDy6_HRQ,ChIJm4g7keH_DDkR2jybDy6_HRQ,Spot On Diamond Hotel,"91, 1st floor, Wazirabad, Street Number 6, Gujjar Chowk, Delhi",28.72425,77.2174167,5.0,1.0,Gujjar Chowk,hotel,,,,,,,,,,,Other,Mid-Range,0.0645249418272089,5.0,0.5,0.6911374624668677
ChIJk5n5hwb7DDkRRzu4ZFp60dg,ChIJk5n5hwb7DDkRRzu4ZFp60dg,Flagship Hotel Plaza Near Gokulpuri Metro Station,"C - 144, C-144 KH no. 796/423 Harijan Basti, Shahdara East, East Gokalpur, Delhi",28.7108595,77.3031568,3.9,28.0,East Gokalpur,hotel,,3.0,0.0004486046285212,0.0,1.0,0.0002916650119004,0.000218239147216,0.5,0.0005637873691739,0.0003650908765848,Other,Mid-Range,0.3134609411082933,3.9,0.0004486046285212,0.4384787897188372
ChIJG2fuQYn7DDkRdUMU68JY8hM,ChIJG2fuQYn7DDkRdUMU68JY8hM,Hotel O Shakti Residency,"Khasra No- 718, Tyagi Rd, Krishna Vihar, Mandoli, Ghaziabad",28.7208924,77.3217772,3.6,12.0,Mandoli,hotel,,4.0,0.5030065479513723,0.5,0.5,0.5,0.0011415836634114,0.5,0.0011415836634114,0.9998136162757874,Other,Mid-Range,0.2387706575481475,3.6,0.5030065479513723,0.5430496430634713
ChIJFeqBDI37DDkRUctSZRKKlJs,ChIJFeqBDI37DDkRUctSZRKKlJs,Hotel O Samrat,"629, Tilla Mode - Farukh Nagar Rd, Pipeline Road, Krishna Vihar, Loni, Ghaziabad",28.7258486,77.3339756,4.7,3.0,Loni,hotel,,1.0,0.0006176914321258,0.0,1.0,0.5,0.5,0.5,0.5,0.5,Loni,Mid-Range,0.1290498836544179,4.7,0.0006176914321258,0.5056569726741883
ChIJKzAS1fPxDDkRIFxmqw8Crug,ChIJKzAS1fPxDDkRIFxmqw8Crug,Hotel O Ashray Hotel,"Shri Ram Colony, Plot No-01, Loni Bhopura Rd, Loni, Banthla, Ghaziabad",28.7343556,77.3225447,3.7,11.0,Banthla,hotel,,3.0,0.3363723227909456,0.3333333333333333,0.6666666666666666,0.9997888207435608,0.5,0.9997888207435608,0.5037149803247303,0.5007379142334685,Other,Mid-Range,0.2313194968117582,3.7,0.3363723227909456,0.5015948271813668
ChIJT0kDM8_7DDkRgnPVUAuR6fA,ChIJT0kDM8_7DDkRgnPVUAuR6fA,Flagship Crown Town Guest House,"B-2,3, Harsh Vihar, Jail Back Side, near by Mandoli, Bank Colony, Mandoli, Delhi",28.7052546,77.3134144,5.0,2.0,Mandoli,hotel,,,,,,,,,,,Other,Mid-Range,0.1022696131573402,5.0,0.5,0.6991655709454542
ChIJnd_wn9j5DDkRNKbthWouCeo,ChIJnd_wn9j5DDkRNKbthWouCeo,Oyo Sunshine Residency Hotel,"Plot no 5, HS Palace, opp. Tithi Hospital, Tila Shahbazpur, Loni, Ghaziabad",28.7344116,77.32238389999999,3.4,5.0,Loni,hotel,,,,,,,,,,,Loni,Budget,0.1667945549845492,3.4,0.5,0.5001945644068978
ChIJNd3Rgof7DDkRzKLLIAzxI6Y,ChIJNd3Rgof7DDkRzKLLIAzxI6Y,Oyo Classic Guest House Near Johari Enclave Metro Station,"Kh, Sewa Dham Rd, Saboli Extension, Mandoli, Delhi",28.7035345,77.3073582,3.5,37.0,Mandoli,hotel,,4.0,0.0182784758726483,0.0,1.0,0.0008418529760092,0.0003465159388724,0.5,0.5,0.5,Other,Budget,0.3386222175183568,3.5,0.0182784758726483,0.3963451746584041
ChIJ1xyjNmH5DDkR74Qi8mkqu6Q,ChIJ1xyjNmH5DDkR74Qi8mkqu6Q,Oyo 84166 Hotel Dream,"Loni Dehat, Ghaziabad",28.743515,77.306145,4.1,47.0,Loni Dehat,hotel,,5.0,0.254521689802641,0.2,0.8,0.0004755716363433,0.6334524601697922,0.9984808564186096,0.5,0.5,Other,Budget,0.3603693804661761,4.1,0.254521689802641,0.5561030497002961
ChIJR4Lniwz7DDkR5BZxf723LKk,ChIJR4Lniwz7DDkR5BZxf723LKk,Townhouse F Hotels,"Plot No-5, Loni Bhopura Rd, Panchsheel Enclave, Bhopura, Sahibabad, Ghaziabad",28.7058692,77.3319253,3.6,16.0,Sahibabad,hotel,,4.0,0.2504712370282504,0.25,0.75,0.0007848090317565,0.0002622543252073,0.5,0.0005311584682203,0.3337845965482605,Other,Mid-Range,0.2637433020525564,3.6,0.2504712370282504,0.4677916501610292
ChIJ378Q6gb5DDkR__M5xEp30pQ,ChIJ378Q6gb5DDkR__M5xEp30pQ,Oyo Hotel Metro Inn,"Khasra No 1550, Ashok Vatika, Loni Rd, opp. Ganesh Hospital, Loni Dehat, Bagh Ranap, Ghaziabad",28.7442607,77.3031113,4.2,5.0,Bagh Ranap,hotel,,1.0,0.0002048552560154,0.0,1.0,0.0002048552560154,0.5,0.5,0.5,0.5,Other,Budget,0.1667945549845492,4.2,0.0002048552560154,0.4470861348278633
ChIJe921vQz7DDkRAdCP7xbNCEQ,ChIJe921vQz7DDkRAdCP7xbNCEQ,Hotel O By Oyo Hindon Airport Ghaziabad,"Krishna Vihar, Plot No. 627, Bhopura, Sahibabad, Ghaziabad",28.70300589999999,77.337953,4.2,26.0,Sahibabad,hotel,,5.0,0.5990874722716398,0.6,0.4,0.4969803970598149,0.9997151494026184,0.9998050332069396,0.9997151494026184,0.9997151494026184,Other,Budget,0.3068088394720208,4.2,0.5990874722716398,0.6679356347352703
ChIJy5hATaX5DDkRHI_obBJnPGs,ChIJy5hATaX5DDkRHI_obBJnPGs,Hotel O Flagship Sanrac Residency,"ST.Thomas School, 1B, Shri Ram colony, Village Banthala, opposite ST.Thomas School Loni, Ghaziabad, Uttar PradeshNear, Tila Shahbazpur, Ghaziabad",28.7354207,77.3217872,4.3,9.0,Tila Shahbazpur,hotel,,4.0,0.7609727820381522,0.75,0.25,0.5,0.5,0.0443850718438625,0.5,0.9998501539230348,Other,Mid-Range,0.2143472170767782,4.3,0.7609727820381522,0.7132112730396113
ChIJb0yEFbr7DDkR1DMZ_Stt7uI,ChIJb0yEFbr7DDkR1DMZ_Stt7uI,Hotel Golden Town,"Loni Bhopura Rd, Panchsheel Enclave, Ghaziabad",28.709221,77.33150499999999,4.0,1.0,Panchsheel Enclave,hotel,,,,,,,,,,,Other,Mid-Range,0.0645249418272089,4.0,0.5,0.5582029945725587
ChIJJbQZ8ej5DDkRgU3unSid7-U,ChIJJbQZ8ej5DDkRgU3unSid7-U,Oyo 81535 Hotel Gold,"Loni, Ghaziabad, Uttar Pradesh, 201102, Loni, Ghaziabad",28.7316437,77.3008503,3.8,4.0,Loni,hotel,,2.0,0.5080288331955671,0.5,0.5,0.5,0.5,0.5,0.0161785446107387,0.9998791217803956,Loni,Budget,0.1498222752495692,3.8,0.5080288331955671,0.5523199708085804
ChIJTXTyo_f9DDkRj2PdyIQw41c,ChIJTXTyo_f9DDkRj2PdyIQw41c,Oyo Diamond Plus Near Johari Enclave Metro Station,"P737+QWC, F-2, Dayalpur Main Rd, Block B, Chand Bagh, Tukhmirpur, Delhi",28.7044899,77.2647391,3.8,4.0,Tukhmirpur,hotel,,,,,,,,,,,Other,Budget,0.1498222752495692,3.8,0.5,0.5497584300037848
ChIJW2SoYy_5DDkRo4lNAEzFY1I,ChIJW2SoYy_5DDkRo4lNAEzFY1I,Flagship Happy Guest House,"267, C89, Indrapuri Rd, Block C, Indrapuri Colony, Loni, Ghaziabad",28.733401,77.288259,3.5,62.0,Loni,hotel,,5.0,0.5321129564428702,0.6,0.4,0.5,0.0002535157836973,0.5,0.0002535157836973,0.5,Loni,Mid-Range,0.3856836393487762,3.5,0.5321129564428702,0.570290062594249
ChIJ10WgN8X_DDkRgi_2slwPS18,ChIJ10WgN8X_DDkRgi_2slwPS18,Spot On 76153 Hotel Golden Blue Heart,"Rameshwar Park, Mirkhera, Ghaziabad",28.747791,77.26916,3.0,23.0,Mirkhera,hotel,,5.0,0.0014840096468105,0.0,1.0,0.0028446750366128,0.5,0.5,0.0026879309298237,0.5,Other,Mid-Range,0.2958444386389672,3.0,0.0014840096468105,0.3154211624392766
ChIJH8ULB0b_DDkRKtTcs7p2nvc,ChIJH8ULB0b_DDkRKtTcs7p2nvc,Oyo Flagship Mannat Residency Near Shiv Vihar Metro Station,"Plot no. 1, Main Pushta Rd, near David School, Block A, DLF Ankur Vihar, Delhi, Ghaziabad",28.7378811,77.26107789999999,4.0,11.0,Delhi,hotel,,2.0,0.5007210234762169,0.5,0.5,0.5,0.5,0.5,0.5,0.5,Delhi,Budget,0.2313194968117582,4.0,0.5007210234762169,0.5939094245289817
ChIJVU6JSPD5DDkRQUOY5xnNBmo,ChIJVU6JSPD5DDkRQUOY5xnNBmo,Hotel O By Oyo Foji Guest House,"Naveen Kunj, Loni Ghaziabad Rd, near Banthala, Flyover, Geetanjali Vihar, Loni, Ghaziabad",28.7415149,77.30560849999999,2.7,7.0,Loni,hotel,,3.0,0.0037813704499664,0.0,1.0,0.5,0.5,0.5,0.5,0.5,Loni,Budget,0.1935748254816269,2.7,0.0037813704499664,0.2545215277462885
ChIJ28LE6QX5DDkRdi9KWWQZLDw,ChIJ28LE6QX5DDkRdi9KWWQZLDw,Oyo Flagship Dev Inn Hotel,"291, C-86, Indrapuri Rd, Param Hans Vihar, Block C, Indrapuri Colony, Loni, Ghaziabad",28.7342071,77.2886238,3.3,7.0,Loni,hotel,,3.0,0.0030266721635901,0.0,1.0,0.0002025832363869,0.5,0.5,0.0042718584154499,0.0002025832363869,Loni,Budget,0.1935748254816269,3.3,0.0030266721635901,0.3340414274865854
ChIJlRIZ9jv_DDkRp05iJfLCywQ,ChIJlRIZ9jv_DDkRp05iJfLCywQ,Spot On 88657 Hotel Dazi Star,"S1, Commercial Block Rd, Ankur Vihar, DLF Ankur Vihar, loni, Ghaziabad",28.7380553,77.2636417,3.5,13.0,loni,hotel,,4.0,0.6066050454573997,0.75,0.25,0.5,0.0002175269910367,0.5,0.266129001895024,0.0002175269910367,Other,Mid-Range,0.2456693548613046,3.5,0.6066050454573997,0.5642758624618947
ChIJO8odiof5DDkR6sAEYgbTDzs,ChIJO8odiof5DDkR6sAEYgbTDzs,Flagship Kd Residency,"Plot, Street Number 1, near Mukhiya Gate, Block B, Loni, Ghaziabad",28.744806,77.301056,5.0,2.0,Loni,hotel,,,,,,,,,,,Loni,Mid-Range,0.1022696131573402,5.0,0.5,0.6991655709454542
ChIJ0Y_ckAb_DDkRb_zWS8vZuMs,ChIJ0Y_ckAb_DDkRb_zWS8vZuMs,Spot On Vr Guest House,"H No-229, Plot No-K, Main, Sharafat Ali Marg, Naseeb Vihar, Loni, Ghaziabad",28.7602584,77.2490426,4.9,7.0,Loni,hotel,,1.0,0.9959591031074524,1.0,0.0,0.5,0.5,0.5,0.9959591031074524,0.5,Loni,Mid-Range,0.1935748254816269,4.9,0.9959591031074524,0.8635244425875398
ChIJacgOlAn7DDkRRMZnwujhhAE,ChIJacgOlAn7DDkRRMZnwujhhAE,Oyo 702291 White Rose Guest House,"Teela Mod, Loni Rd, near JFC, G.Z.B, Ghaziabad",28.7259484,77.3346719,4.5,4.0,G.Z.B,hotel,,,,,,,,,,,Other,Budget,0.1498222752495692,4.5,0.5,0.642812557529801
ChIJEXvCGcb7DDkRYQ8mxzNzj5o,ChIJEXvCGcb7DDkRYQ8mxzNzj5o,Oyo Super Guest House,"101, Loni Rd, Indra Enclave, Johripur, Ghaziabad",28.71172,77.29044999999999,2.6,10.0,Johripur,hotel,,4.0,0.0006866973126306,0.0,1.0,0.5,0.5,0.5,0.5,0.5,Other,Budget,0.223219623947779,2.6,0.0006866973126306,0.2465460528283843
ChIJlQfy8_r5DDkRsSOPE7yCfw4,ChIJlQfy8_r5DDkRsSOPE7yCfw4,Oyo 68023 Red Guest House,"A268 Gurudwara road,opp shani mandir main Saharanpur delhi road indirapur, Loni, Ghaziabad",28.730158,77.28911,3.5,128.0,Loni,hotel,,5.0,0.376778244250454,0.4,0.6,0.5,0.4375134870642795,0.9363757073879242,0.5,0.9997804760932922,Loni,Budget,0.4523990307935275,3.5,0.376778244250454,0.5349216931476038
ChIJn8WQdx3_DDkRm_6nU6G55Bc,ChIJn8WQdx3_DDkRm_6nU6G55Bc,Oyo Hotel B Vrindavan Society,"GF 01 self, Block A, Ankur Vihar, Ved Vihar, Ghaziabad",28.7343609,77.267275,5.0,1.0,Ved Vihar,hotel,,1.0,0.9998563528060912,1.0,0.0,0.5,0.5,0.5,0.9998563528060912,0.5,Other,Budget,0.0645249418272089,5.0,0.9998563528060912,0.8506129943481501
ChIJpReYhpb7DDkRSU_AvVk7Vwk,ChIJpReYhpb7DDkRSU_AvVk7Vwk,Hotel O By Oyo Sun Star Guest House,"pillar no 34, metro station, Plot no 1/3, near johri enclave, Gulab Vatika, Jawahar Nagar, Delhi, Ghaziabad",28.7145209,77.290076,3.7,3.0,Delhi,hotel,,1.0,0.0004341282474342,0.0,1.0,0.5,0.5,0.5,0.5,0.0004341282474342,Delhi,Budget,0.1290498836544179,3.7,0.0004341282474342,0.3726639402816026
ChIJ8X5p4sGpDTkRAn5CHmb8CgM,ChIJ8X5p4sGpDTkRAn5CHmb8CgM,Flagship Bawana Guest House,"Kanjhawala Rd, Bawana Village, Bawana, Delhi",28.7980266,77.0331197,3.8,19.0,Bawana,hotel,,4.0,0.5660979225140181,0.5,0.5,0.9837216734886168,0.5,0.500153347631567,0.0004764492914546,0.2803633213043213,Other,Mid-Range,0.2788721589039871,3.8,0.5660979225140181,0.5982947753684293
ChIJGX1hmgGnDTkRwTt2J4U8sew,ChIJGX1hmgGnDTkRwTt2J4U8sew,Flagship 30760 Samaypur Badli,"5, Auchandi Main Rd, Daryapur, Mandir Mohalla, Samaypur, Delhi",28.812232,77.009914,4.3,3.0,Samaypur,hotel,,,,,,,,,,,Other,Mid-Range,0.1290498836544179,4.3,0.5,0.6118074770331894
ChIJMWavIwCpDTkRz9RcEhXzSA4,ChIJMWavIwCpDTkRz9RcEhXzSA4,M2M Hotel,"26q, Bawana Rd, Swatantra Nagar, Narela, Delhi",28.8375682,77.0805341,3.6,21.0,Narela,hotel,,5.0,0.7997487188142258,0.8,0.2,0.9990224838256836,0.7497304380885907,0.9994232952594756,0.5,0.999344527721405,Other,Mid-Range,0.2877445657749879,3.6,0.7997487188142258,0.6481395859579081
ChIJSdUxIfqpDTkRb6Y2Nt719Gs,ChIJSdUxIfqpDTkRb6Y2Nt719Gs,Oyo 60952 Shree Ji Guest House,"51, 359, Alipur Rd, Narela Mandi, Narela, Delhi",28.8424674,77.0902048,3.6,89.0,Narela,hotel,,5.0,0.4207571789214853,0.4,0.6,0.051748232639511,0.5515495389699936,0.0519091879832558,0.0005878101801499,0.3335622722224797,Other,Budget,0.4188864433914587,3.6,0.4207571789214853,0.555118334248271
ChIJP5TxuNIHDTkRFBc7GO5QuDQ,ChIJP5TxuNIHDTkRFBc7GO5QuDQ,Collection O 76735 7 Sun Motels And Resorts,"00, Puth Khurd Village, Main, Bawana Delhi Road, Sector 35, Rohini, Delhi",28.7627626,77.0558978,4.0,305.0,Rohini,hotel,,5.0,0.2003698173793964,0.2,0.8,0.5002100914134644,0.2502943413273897,0.0006717215874232,0.0005353390006348,0.3336880225882244,Rohini,Luxury,0.532807470194446,4.0,0.2003698173793964,0.5622095872046922
ChIJlyMMChcHDTkRR-fZqsAQqLc,ChIJlyMMChcHDTkRR-fZqsAQqLc,Spot On 29024 Jageer Palace,"B9, G Block, DSIIDC Industrial Area, Sector 3, Puth Khurd, Delhi",28.7810224,77.04769379999999,3.7,92.0,Puth Khurd,hotel,,5.0,0.2042905575159238,0.2,0.8,0.0012106632396656,0.0001975996565306,0.5,0.0093523395141043,0.5,Other,Luxury,0.4219388418856267,3.7,0.2042905575159238,0.4999989110688745
ChIJG-4XjU6pDTkRLwJSSpKCeZo,ChIJG-4XjU6pDTkRLwJSSpKCeZo,Oyo 82817 Joy Rooms,"1st and 2nd Floor, Krishna Complex, Block N Sector 2, DSIDC, DSIIDC Industrial Area, Delhi",28.7938457,77.05295919999999,3.8,282.0,DSIIDC Industrial Area,hotel,,5.0,0.2007142886868678,0.2,0.8,0.2505652080435538,0.0017018286744132,0.0017018286744132,0.0010731202783063,0.5,Other,Budget,0.5255335993212252,3.8,0.2007142886868678,0.5341854776432413
ChIJER_F-egHDTkRbHX8JGkVv2U,ChIJER_F-egHDTkRbHX8JGkVv2U,Collection O Hjp,"90, G Block, pkt-B, Sector 3, Bawana, Delhi",28.7810627,77.0476396,3.3,7.0,Bawana,hotel,,5.0,0.6006554675870575,0.6,0.4,0.5,0.999862253665924,0.5,0.5,0.5,Other,Mid-Range,0.1935748254816269,3.3,0.6006554675870575,0.5247105456896304
ChIJzabjO74BDTkRpMz3VDvN2Aw,ChIJzabjO74BDTkRpMz3VDvN2Aw,Hotel O By Oyo Alipur Narela,"Kh No 498, Alipur Ghari, Delhi",28.798011,77.12733399999999,4.2,150.0,Alipur Ghari,hotel,,5.0,0.2047606854321201,0.2,0.8,0.5,0.5000237784988711,0.0228036995977163,0.0115229685252415,0.0228036995977163,Other,Budget,0.4670576447267444,4.2,0.2047606854321201,0.5762126863828849
ChIJcesj01GrDTkRrImwlYYttpM,ChIJcesj01GrDTkRrImwlYYttpM,Family Guest House,"GT Karnal Rd, Bakoli, Delhi",28.8167462,77.1380585,4.6,71.0,Bakoli,hotel,,5.0,0.8014688499271869,0.8,0.2,0.9995964169502258,0.9998644590377808,0.9998644590377808,0.5,0.9997314512729644,Other,Mid-Range,0.3981140517963074,4.6,0.8014688499271869,0.8050979033999407
ChIJtfVFi38ADTkRXdDWAReIZ2o,ChIJtfVFi38ADTkRXdDWAReIZ2o,Blue Sapphire Motel & Resort By Devam,"LAWN, Blue Sapphire, NH-1, GT Karnal Rd, opposite Shani Mandir, Alipur Village, Delhi",28.8061829,77.14198689999999,4.4,2034.0,Alipur Village,hotel,,5.0,0.9485196709632874,1.0,0.0,0.5,0.9998714923858644,0.9798403680324554,0.9998687505722046,0.9998687505722046,Other,Luxury,0.7091815745661142,4.4,0.9485196709632874,0.8915890571656999
ChIJP6tpxmiqDTkRK1TQg7pafpw,ChIJP6tpxmiqDTkRK1TQg7pafpw,Palm Green Hotel & Resort,"Main, GT Karnal Rd, 21/30, Bakoli, New Delhi, Delhi",28.8170493,77.13674739999999,4.1,6930.0,New Delhi,hotel,,5.0,0.7999330598366214,0.8,0.2,0.9998558759689332,0.7499458886995853,0.5,0.0002223641931777,0.9998594125111898,New Delhi,Luxury,0.8232639122777773,4.1,0.7999330598366214,0.8285679995659285
ChIJczKllXuqDTkRLn-SdXvjeUs,ChIJczKllXuqDTkRLn-SdXvjeUs,Mh One Resort Hotel,"GT Karnal Rd, Alipur, Delhi",28.8074048,77.14192419999999,4.2,2209.0,Alipur,hotel,,5.0,0.6000759676098824,0.6,0.4,0.9998095631599426,0.5002108905464411,0.0007069213897921,0.0007069213897921,0.5002007428556681,Other,Luxury,0.7168611766774822,4.2,0.6000759676098824,0.755467149787964
ChIJJ9wSfkKqDTkRzfuvNoR76ds,ChIJJ9wSfkKqDTkRzfuvNoR76ds,Mantram By Royal Pepper Hotel & Resort,"Khampur New Delhi, Delhi India, New Delhi",28.8221509,77.1341667,4.1,938.0,Delhi India,hotel,,5.0,0.6097610149532556,0.6,0.4,0.0357190705835819,0.5,0.5,0.0135283302515745,0.999799907207489,Other,Luxury,0.6371825970021334,4.1,0.6097610149532556,0.7283163995280801
ChIJ1ykaSU0HDTkRaPYUsd4IX1w,ChIJ1ykaSU0HDTkRaPYUsd4IX1w,Hotel O Blue Star,"287, First floorOld, DAV school building, Main bus stand, Khera Khurd Village, Delhi",28.7741338,77.0988374,4.3,3.0,Khera Khurd Village,hotel,,2.0,0.9993928968906404,1.0,0.0,0.5,0.5,0.999521017074585,0.5,0.5,Other,Mid-Range,0.1290498836544179,4.3,0.9993928968906404,0.7711351466772408
ChIJ____b0MADTkRbiV2o9JWBTw,ChIJ____b0MADTkRbiV2o9JWBTw,"Lavanya Motel, North Delhi","G T Road, Palla Bakhtavarpur Road, Alipur, Alipur, Delhi",28.8043682,77.144016,4.2,2014.0,Alipur,hotel,,5.0,0.2339173565385863,0.2,0.8,0.002653339121025,0.2911808235512581,0.5,0.5,0.002653339121025,Other,Mid-Range,0.7082621615260032,4.2,0.2339173565385863,0.6368179406758042
ChIJ13hb8gyrDTkRwoJ7oZSQY5g,ChIJ13hb8gyrDTkRwoJ7oZSQY5g,Sahib Farms & Resorts,"shubash chowk, SAHIB RESORTS, bani road, near nirmal hospital, Bakhtawarpur, Delhi",28.8075862,77.1670046,4.5,279.0,Bakhtawarpur,hotel,,5.0,0.8063420929014683,0.8,0.2,0.999886393547058,0.5161182377487421,0.5,0.5,0.9998027384281158,Other,Luxury,0.5245415137652918,4.5,0.8063420929014683,0.8202497371331238
ChIJVxkydJSrDTkRnG45rv9eC_g,ChIJVxkydJSrDTkRnG45rv9eC_g,Dreamy Orchard,"R5V3+WWW Vill. :- Janti Khurd, Border, opp. Binsar Farms, near Singhu, Hamidpur Village, Delhi, Sonipat",28.8447774,77.154843,4.9,420.0,Delhi,hotel,,5.0,0.9998778343200684,1.0,0.0,0.9998494386672974,0.999886989593506,0.5,0.5,0.9998778343200684,Delhi,Mid-Range,0.5625075640667904,4.9,0.9998778343200684,0.9432448889322818
ChIJNZsccdYBDTkRmA2oyKRyE9A,ChIJNZsccdYBDTkRmA2oyKRyE9A,Hotel City Grand,"Khasra No. 214, Guru Nanak Dev Colony, Bhalswa Dairy, Bhalswa, Delhi",28.7557341,77.17169229999999,4.2,44.0,Bhalswa,hotel,,5.0,0.4000534295366378,0.4,0.6,0.2501001953241938,0.6665182217936186,0.5,0.9993067979812622,0.2502400874254817,Other,Mid-Range,0.3543615015642497,4.2,0.4000534295366378,0.614549492313578
ChIJO_r_o_cADTkRGwll3ggET_I,ChIJO_r_o_cADTkRGwll3ggET_I,Mohan Vilaas By Royal Pepper Hotel And Resorts,"Main G.T. Karnal Road, Oppt. Gurudwara Siraspur Village, Grand Trunk Rd, Nangli Puna, D-68, Burari, New Delhi",28.7675232,77.14543139999999,4.1,1516.0,Burari,hotel,,5.0,0.9995227336883544,1.0,0.0,0.5,0.999814748764038,0.9998503029346466,0.5,0.9998380343119304,Burari,Luxury,0.6818354068029946,4.1,0.9995227336883544,0.8621644755909535
ChIJ1bSHNgLjDDkR4txUN5dzXiM,ChIJ1bSHNgLjDDkR4txUN5dzXiM,Flagship Hotel Max Near Samaypur Badli Metro Station,"khasra No.309/2, khadda Colony Pusta Road, Block G, Swaroop Nagar, Bhalswa, Delhi",28.764281,77.14829999999999,4.0,16.0,Bhalswa,hotel,,4.0,0.4981219875480747,0.5,0.5,0.4960136794252321,0.9998499155044556,0.5,0.5,0.4945085477957037,Other,Mid-Range,0.2637433020525564,4.0,0.4981219875480747,0.5999766071043026
ChIJQ_bOxt8BDTkRAmvBpYtyb_U,ChIJQ_bOxt8BDTkRAmvBpYtyb_U,Manali Hotel Rooms,"Grand Trunk Rd, Nangli Puna, Delhi",28.7674798,77.1454212,3.7,70.0,Nangli Puna,hotel,,5.0,0.0015158461523241,0.0,1.0,0.0021959509613224,0.0014472349430433,0.0004954853357047,0.0021116251155034,0.0023650098592042,Other,Mid-Range,0.3968120751380856,3.7,0.0015158461523241,0.4299607736227912
ChIJHaX0jFQADTkRvSmPOVLTtUc,ChIJHaX0jFQADTkRvSmPOVLTtUc,Splash Hotel,"8332-36, Street No. 5, Block B, Swaroop Nagar, Mahavir Enclave, New Delhi, Delhi",28.7571682,77.15307349999999,3.6,5.0,New Delhi,hotel,,,,,,,,,,,New Delhi,Mid-Range,0.1667945549845492,3.6,0.5,0.5267814579857596
ChIJmdW7GNgBDTkRKwUFKpM13zc,ChIJmdW7GNgBDTkRKwUFKpM13zc,Oyo Home Hotel Red Heart 2.0,"main 100, Foota road, Amrit Vihar, A Block, Shankarpura, Burari, Delhi",28.76375,77.18433,4.3,6.0,Burari,hotel,,,,,,,,,,,Burari,Budget,0.1811444130340956,4.3,0.5,0.6228877307024564
ChIJ5xIjFAABDTkRPX5HONJzVLs,ChIJ5xIjFAABDTkRPX5HONJzVLs,Hotel O Naman Inn,"CN199, Khushk No 1, Kadipur, Delhi",28.7725047,77.1521672,4.8,4.0,Kadipur,hotel,,2.0,0.5172323342412709,0.5,0.5,0.5,0.5,0.5172323342412709,0.5,0.5,Other,Budget,0.1498222752495692,4.8,0.5172323342412709,0.6881907487371502
ChIJFfwScQABDTkRJvSz1Bp0JRM,ChIJFfwScQABDTkRJvSz1Bp0JRM,Hotel O By Oyo Golden Guest House Sant Nagar,"Swaroop Nagar Rd, near kathiya baba ashram, Swarrop Nagar, Bhalswa, Delhi",28.7571874,77.1730036,4.9,11.0,Bhalswa,hotel,,4.0,0.9998450428247452,1.0,0.0,0.5,0.9998656511306764,0.5,0.9997695088386536,0.9998712539672852,Other,Budget,0.2313194968117582,4.9,0.9998450428247452,0.8727923318547367
ChIJP9_r8jEBDTkRXzwQK51rT14,ChIJP9_r8jEBDTkRXzwQK51rT14,Hotel O By Oyo White Diamond,"Flat no 203 kh no 65, 29, opposite Shraddhanand college, Alipur Village, Delhi",28.7970494,77.1388849,3.3,17.0,Alipur Village,hotel,,5.0,0.0004455286252777,0.0,1.0,0.0003892607346642,0.0003145840455544,0.5,0.0002518371329642,0.000395225622924,Other,Budget,0.2690641681418895,3.3,0.0004455286252777,0.3492741493809799
ChIJI88zKgABDTkRTjxG8EH5ayY,ChIJI88zKgABDTkRTjxG8EH5ayY,Hotel Ns,"Q557+78Q, Gali Number 14, Swaroop Nagar, Bhalswa, Delhi",28.7582049,77.1633569,,,Bhalswa,hotel,,,,,,,,,,,Other,Mid-Range,0.0,4.07404718693285,0.5,0.5543222758742095
ChIJcyCyFDgBDTkRlbnFt0ewlWQ,ChIJcyCyFDgBDTkRlbnFt0ewlWQ,Hotel O Royal Plaza,"khasara no.47/1, main 60, futta road, A Block, Swaroop Nagar, Burari, Delhi",28.7582967,77.1854379,4.5,4.0,Burari,hotel,,3.0,0.6678712900417546,0.6666666666666666,0.3333333333333333,0.5,0.0046403217129409,0.5,0.5,0.5,Burari,Mid-Range,0.1498222752495692,4.5,0.6678712900417546,0.6963706710092374
ChIJVUoo7YYADTkRzH-CkpoBxOM,ChIJVUoo7YYADTkRzH-CkpoBxOM,Mithas Motels,"Jindpur Mod, 92 16, GT Karnal Rd, Alipur, Delhi",28.790144,77.14658159999999,4.2,888.0,Alipur,hotel,,5.0,0.799941546912305,0.8,0.2,0.99912828207016,0.5006750404718332,0.0015211462741717,0.9993703961372375,0.0015211462741717,Other,Mid-Range,0.6320888858967758,4.2,0.799941546912305,0.8012021534444732
ChIJFyrcK3cBDTkRAplBTYJQlag,ChIJFyrcK3cBDTkRAplBTYJQlag,Oyo Townhouse 963 Hotel The Victorian Palace Near Samaypur Badli Metro Station,"Main, GT Karnal Rd, opposite Jain Mandir, Nangli Puna, Delhi",28.7723333,77.1418391,4.3,22.0,Nangli Puna,hotel,,4.0,0.7503209011047147,0.75,0.25,0.5,0.9986304044723512,0.5,0.5,0.5,Other,Budget,0.2918825720663544,4.3,0.7503209011047147,0.7263042617957643
ChIJS-KftYABDTkRmu7Uh_Lzeqg,ChIJS-KftYABDTkRmu7Uh_Lzeqg,Oyo 46841 Aashiana Guest House,"Sai Baba Mandir, 411/1 Shop no 411/1, Laxmi Vihar, Burari, Delhi",28.762545,77.191074,3.1,39.0,Burari,hotel,,2.0,0.4942660556625923,0.5,0.5,0.5,0.0002105089806718,0.5,0.9883216023445128,0.5,Burari,Budget,0.3433971007311961,3.1,0.4942660556625923,0.4960473555401533
ChIJry5bF2YBDTkRNPLEn2_bbOI,ChIJry5bF2YBDTkRNPLEn2_bbOI,Oyo 82229 Jaishree Inn,"Saroop Vihar, Kaushik Enclave, Shankarpura, Burari, Delhi",28.76093139999999,77.1885626,3.8,5.0,Burari,hotel,,1.0,0.0003213195304851,0.0,1.0,0.5,0.5,0.5,0.0003213195304851,0.0003213195304851,Burari,Budget,0.1667945549845492,3.8,0.0003213195304851,0.3939495047493925
ChIJEXaERDFVDDkRSCbwxjjDzig,ChIJEXaERDFVDDkRSCbwxjjDzig,Anandam Farm,"Bandh Wali Gali, Sona Singh Colony, Jhangola, Delhi",28.834749,77.2010323,4.5,42.0,Jhangola,hotel,,5.0,0.9972562670707704,1.0,0.0,0.9955817262331644,0.999816596508026,0.9998318254947662,0.9994757771492004,0.9996706446011862,Other,Mid-Range,0.3501294176361872,4.5,0.9972562670707704,0.8440629083999442
ChIJidPBMyb_DDkRnxZAhIBYyYg,ChIJidPBMyb_DDkRnxZAhIBYyYg,Oyo 820297 Oyo Hotel Caili Guest House,"pal hotel ke Samne, Pavi Sadakpur, Delhi - Saharanpur Rd, Loni, Ghaziabad, Delhi",28.7833845,77.2869073,3.9,7.0,Ghaziabad,hotel,,,,,,,,,,,Other,Budget,0.1935748254816269,3.9,0.5,0.5723578319678039
ChIJL5ffIAf5DDkRmJFyFnI0A6A,ChIJL5ffIAf5DDkRmJFyFnI0A6A,Spot On Blue Heart Guest House,"plot no 18, Rekha garden, near Tronica city thana, Chauhan Patti, Ghaziabad",28.7643073,77.2414436,3.9,43.0,Chauhan Patti,hotel,,2.0,0.0004639343896997,0.0,1.0,0.0002009187155636,0.5,0.5,0.0002009187155636,0.0002009187155636,Other,Mid-Range,0.3522695076021969,3.9,0.0004639343896997,0.4467380743861585
ChIJ68pMy4ujDTkRfdLW8KShqPs,ChIJ68pMy4ujDTkRfdLW8KShqPs,Hotel White Castle Kharkhoda,"Ward 9, Rd, Road bypass chowk, Barona, Kharkhoda",28.8675587,76.90634709999999,4.7,19.0,Barona,hotel,,5.0,0.9982088804244996,1.0,0.0,0.999795377254486,0.991849422454834,0.991849422454834,0.5,0.999795377254486,Other,Mid-Range,0.2788721589039871,4.7,0.9982088804244996,0.8557976531000194
ChIJF-8tweCjDTkRAnd96BosDoo,ChIJF-8tweCjDTkRAnd96BosDoo,Hotel Savera Inn,"Sapla road, near Delhi hospital, Kharkhoda",28.87259689999999,76.9052154,4.4,10.0,near Delhi hospital,hotel,,5.0,0.9996448516845704,1.0,0.0,0.5,0.999823033809662,0.999823033809662,0.5,0.9995356996854148,Other,Budget,0.223219623947779,4.4,0.9996448516845704,0.8045384247184157
ChIJs8OMODejDTkRKBAolDAcW9k,ChIJs8OMODejDTkRKBAolDAcW9k,Oyo 44659 Hotel Savera Inn,"Main, Sampla - Sonipat Rd, near APG School, Kharkhoda",28.871188,76.906143,3.7,123.0,near APG School,hotel,,5.0,0.4021818651468493,0.4,0.6,0.5,0.336939412925858,0.5,0.9988921284675598,0.6697487061222395,Other,Budget,0.4487191123827044,3.7,0.4021818651468493,0.5688307263166087
ChIJMZRygAijDTkRpnV6jgoMkYA,ChIJMZRygAijDTkRpnV6jgoMkYA,Golden City Hotel & Restaurant,"Rohtak - Sonipat Rd, Kharkhoda",28.8839763,76.8985634,4.5,20.0,Rohtak - Sonipat Rd,hotel,,4.0,0.9936493784189224,1.0,0.0,0.5,0.9995680451393129,0.5,0.5,0.9998564720153807,Other,Mid-Range,0.2834140261914359,4.5,0.9936493784189224,0.8287221167237846
ChIJAZRhEZWjDTkRjOCGULUsIM0,ChIJAZRhEZWjDTkRjOCGULUsIM0,Mehandi Resort,"Khanda Rd, Kharkhoda",28.8917569,76.8970934,4.3,78.0,Khanda Rd,hotel,,5.0,0.8002576487604529,0.8,0.2,0.5,0.5,0.9998304843902588,0.0029413786251097,0.5,Other,Luxury,0.4067510860676074,4.3,0.8002576487604529,0.7666681934014418
ChIJxZIOo2ujDTkR_roeBy2RXLw,ChIJxZIOo2ujDTkR_roeBy2RXLw,Oyo Hotel Unique Restaurant & Guest House Kharkhoda,"Rohtak - Sonipat Rd, Sonipat, Kharkhoda",28.8807515,76.9077349,4.6,11.0,Sonipat,hotel,,2.0,0.9998134076595306,1.0,0.0,0.5,0.5,0.5,0.5,0.5,Other,Budget,0.2313194968117582,4.6,0.9998134076595306,0.8329018985171929
ChIJkYU2YgKlDTkR9mZuA6BHMHU,ChIJkYU2YgKlDTkR9mZuA6BHMHU,Oyo Sitara Hotel,"Khanda Bypass Rd, Sonipat",28.884425,76.9206433,1.0,1.0,Khanda Bypass Rd,hotel,,,,,,,,,,,Other,Budget,0.0645249418272089,1.0,0.5,0.1593995908896319
ChIJoVz4DZ2lDTkR10wvXvxoI6U,ChIJoVz4DZ2lDTkR10wvXvxoI6U,Oyo 69089 Tulip Home Stay,"Hotel Royal Inn NH334B, Sonipat Road, or, near Bypass, opposite Honda Showroom, Sonipat",28.8859067,76.920152,3.8,10.0,opposite Honda Showroom,hotel,,4.0,0.9998703300952912,1.0,0.0,0.5,0.9998738169670104,0.5,0.5,0.999859631061554,Other,Budget,0.223219623947779,3.8,0.9998703300952912,0.7248496812279522
ChIJb0ZxgdSpDTkRliL_cFrDh4Q,ChIJb0ZxgdSpDTkRliL_cFrDh4Q,Hotel O Bal Gopal,"kh. no. 37/8, main safiyabaad road, Gali No. 15, Gautam Colony, Delhi",28.8625952,77.0858669,4.8,111.0,Gautam Colony,hotel,,5.0,0.696875391015783,0.8,0.2,0.5,0.5,0.5,0.8801620602607727,0.9200557072957356,Other,Mid-Range,0.4392441803429315,4.8,0.696875391015783,0.807063193849764
ChIJ24_GvcapDTkR2ADVFniKmic,ChIJ24_GvcapDTkR2ADVFniKmic,Hotel O Happy Stay,"KH.NO.25/20/2, Rajeev Colony, Punjabi Bagh, Narela, Delhi",28.8588912,77.0928923,4.8,4.0,Narela,hotel,,,,,,,,,,,Other,Budget,0.1498222752495692,4.8,0.5,0.6826928978980937
ChIJV74mnnepDTkRmASnP8cOCy4,ChIJV74mnnepDTkRmASnP8cOCy4,Oyo 75433 Viraj Deluxe,"near ICICI Bank, Narela Mandi, Narela, Delhi",28.849164,77.09332,3.5,17.0,Narela,hotel,,4.0,0.999224454164505,1.0,0.0,0.9975377321243286,0.999834418296814,0.9997742772102356,0.5,0.9986860752105712,Other,Budget,0.2690641681418895,3.5,0.999224454164505,0.694514190985298
ChIJC_BtMAmsDTkR0zDkFj0klCs,ChIJC_BtMAmsDTkR0zDkFj0klCs,Tdi Club Retreat Kundli Hotel,"TDI CLUB RETREAT : A block, Club Road , TDI City, Kundli, Sonipat",28.8938388,77.11748779999999,4.0,947.0,Kundli,hotel,,5.0,0.8000351197784766,0.8,0.2,0.5,0.9998751878738404,0.0008819139329716,0.0008819139329716,0.5003748554154299,Other,Mid-Range,0.6380705828793656,4.0,0.8000351197784766,0.7759173915364055
ChIJERGjA9qrDTkRDLW8qze8P0I,ChIJERGjA9qrDTkRDLW8qze8P0I,Hotel Sudhir,"Sudhir Hotel, Sector 58, Sonipat",28.8855276,77.1181598,3.5,664.0,Sector 58,hotel,,5.0,0.4132182395318523,0.4,0.6,0.000247455725912,0.4998553784389514,0.0662835463881492,0.0662835463881492,0.6884226078788439,Other,Mid-Range,0.6050639639748128,3.5,0.4132182395318523,0.579018699120052
ChIJm5rPtlGrDTkR8sMpKe-1YS4,ChIJm5rPtlGrDTkR8sMpKe-1YS4,White House Residency,"Main, GT Karnal Rd, opposite KFC Restaurant, Kundli, Sonipat",28.8684253,77.12157719999999,4.0,125.0,Kundli,hotel,,5.0,0.6005627462989651,0.6,0.4,0.9998468160629272,0.6666556645456391,0.0035444698296487,0.5,0.6677556502011915,Other,Mid-Range,0.4502085811759851,4.0,0.6005627462989651,0.6723198459745348
ChIJNf0vlaKrDTkRaPkYfpVHJ70,ChIJNf0vlaKrDTkRaPkYfpVHJ70,Hotel Bell Air,"and Tyre Gallery, Main, G.T Road , Road, near TDI Mall, Piao, Kundli, Maniyari, Sonipat",28.8855128,77.1179028,4.0,13.0,Maniyari,hotel,,4.0,0.989014372229576,1.0,0.0,0.9565230011940002,0.9781921207904816,0.5,0.9565230011940002,0.9998397827148438,Other,Mid-Range,0.2456693548613046,4.0,0.989014372229576,0.7527480093025215
ChIJ_SPfEQOrDTkRvvuzVUspwgQ,ChIJ_SPfEQOrDTkRvvuzVUspwgQ,Hotel O By Oyo Happy Stay,"Gali no.- 6, B20 Sutriya colony, Plot no.- 105-106, Singhu Border Rd, Narela, Delhi",28.8575278,77.1071111,3.4,8.0,Narela,hotel,,3.0,0.3329122133921676,0.3333333333333333,0.6666666666666666,0.5,0.00019747306942,0.9981051683425904,0.5,0.4991513207060052,Other,Budget,0.2045392263146805,3.4,0.3329122133921676,0.4549145304750442
ChIJOeYjR7WrDTkRgkC5GYzgCSc,ChIJOeYjR7WrDTkRgkC5GYzgCSc,Sydney Grand Hotel And Resort,"SYDNEY GRAND HOTEL, WATER PARK, MAIN, GT Karnal Rd, near JUST CHILL, Singhola, Delhi",28.849821,77.1273229,3.9,715.0,Singhola,hotel,,5.0,0.2039916340494528,0.2,0.8,0.0003094961284659,0.0071894973225425,0.5,0.0071773634699638,0.0048880743561312,Other,Luxury,0.6119426613279428,3.9,0.2039916340494528,0.5669033259077618
ChIJH9rmCoypDTkRE9KvTD1AIoA,ChIJH9rmCoypDTkRE9KvTD1AIoA,Hotel Orbit Haveli,"Plot No.43,Pkt.5,Near Vardhman Mall,Sec. A-6, Narela Landmark:- 3 Towers On building, opp. Mother Dairy",28.8533073,77.1018993,3.8,93.0,Narela Landmark:- 3 Towers On building,hotel,,5.0,0.5914134713471867,0.6,0.4,0.9996488392353058,0.4785213159047998,0.9777368605136872,0.9997803568840028,0.7390850775700528,Other,Mid-Range,0.422934464355772,3.8,0.5914134713471867,0.6370128704712212
ChIJHTk_xiSrDTkRuw-N0yZBD0I,ChIJHTk_xiSrDTkRuw-N0yZBD0I,Hotel O Best Bikaner Smart,"best bikaner, Singhu Border Rd, Narela, Delhi",28.8579202,77.10665569999999,3.2,46.0,Narela,hotel,,5.0,0.0008790543826762,0.0,1.0,0.0006099649544921,0.0017864406108856,0.00027347356081,0.0007169391513646,0.0012775853295655,Other,Mid-Range,0.358409522528563,3.2,0.0008790543826762,0.3551223392604103
ChIJe7gYHwCrDTkR_a-YZabtmog,ChIJe7gYHwCrDTkR_a-YZabtmog,Hotel Nirvan,"1st Floor, Dilli Building, Namastay, Main, GT Karnal Rd, opp. Guru Tech Bahadurgarh Memorial, Vill, Singhola, Delhi",28.8530253,77.1248791,4.6,31.0,Singhola,hotel,,5.0,0.6292752477806061,0.6,0.4,0.714890991648038,0.9997807145118712,0.9986443916956582,0.7145955512921014,0.6292752477806061,Other,Mid-Range,0.3226247091360448,4.6,0.6292752477806061,0.7341045707399835
ChIJ66UarT6rDTkRyZa4JzJBuoY,ChIJ66UarT6rDTkRyZa4JzJBuoY,Hotel O Vats Tower,"1, Kundli, Sonipat",28.8821398,77.1086914,4.0,39.0,Kundli,hotel,,4.0,0.4791399986388568,0.5,0.5,0.5,0.5,0.5,0.5,0.9998631477355956,Other,Mid-Range,0.3433971007311961,4.0,0.4791399986388568,0.610862518224737
ChIJjU2t8HIBDTkRxUapQdDtARk,ChIJjU2t8HIBDTkRxUapQdDtARk,Super Hotel O Golden Palace,"kh.No 102Near Canara Bank Kundali, GT karnal road, border, main, Singhu, Delhi",28.85951469999999,77.1246355,3.8,12.0,Singhu,hotel,,4.0,0.3257183287641965,0.25,0.75,0.9993175268173218,0.9993175268173218,0.5,0.5,0.0015124299097806,Other,Luxury,0.2387706575481475,3.8,0.3257183287641965,0.5130740204465486
ChIJj3OjmdKtDTkRvWh_wE1co6E,ChIJj3OjmdKtDTkRvWh_wE1co6E,Oyo 23668 Hotel The Hridhaan Regency,"Hotel The Hridhaan Regency Parker suites, NH1Jammu, Delhi Rd, Rai",28.8686668,77.12281779999999,3.6,56.0,Delhi Rd,hotel,,5.0,0.4133515794994309,0.4,0.6,0.5003281366662122,0.0056669698096811,0.9887717366218568,0.5302173271775246,0.9887717366218568,Other,Budget,0.376366888848488,3.6,0.4133515794994309,0.5437119286703724
ChIJr1OuS62pDTkRGQUhFaXynZY,ChIJr1OuS62pDTkRGQUhFaXynZY,Hotel O Golden Key Inn Narela,"Plot no 0, Block A, Golden Key inn, opposite CPJ college, Sector A5, Narela, Delhi",28.8610593,77.0958307,2.5,11.0,Narela,hotel,,4.0,0.5136417317189625,0.5,0.5,0.5,0.0613925978541374,0.5,0.9995604157447816,0.9995604157447816,Other,Budget,0.2313194968117582,2.5,0.5136417317189625,0.3986299806276791
ChIJm0ebk2OpDTkR1k5tqktw8bg,ChIJm0ebk2OpDTkR1k5tqktw8bg,Oyo New Era Deluxe,"00, 220, Pocket-1, Sector A6, Narela, Delhi",28.8553797,77.1000257,3.4,70.0,Narela,hotel,,5.0,0.2010154417133889,0.2,0.8,0.0003479290753602,0.0017085025319829,0.5,0.9965477585792542,0.0017085025319829,Other,Budget,0.3968120751380856,3.4,0.2010154417133889,0.4537293274489944
ChIJpTozLlOrDTkRpgHOFA2GJwQ,ChIJpTozLlOrDTkRpgHOFA2GJwQ,Oyo Golden Key In Narela,"Sector A5, Narela, Delhi",28.86312999999999,77.10392999999999,3.5,6.0,Narela,hotel,,1.0,0.0003728033043444,0.0,1.0,0.5,0.5,0.5,0.5,0.5,Other,Budget,0.1811444130340956,3.5,0.0003728033043444,0.35713773509518
ChIJt5NINK-rDTkR6hsYRxJory0,ChIJt5NINK-rDTkR6hsYRxJory0,Anantam Farm Delhi,"Hamidpur Village, Delhi, Sonipat",28.8417556,77.14258989999999,4.9,497.0,Delhi,hotel,,5.0,0.9998612880706788,1.0,0.0,0.999853014945984,0.5,0.999875783920288,0.5,0.9998576641082764,Delhi,Mid-Range,0.5781436034383729,4.9,0.9998612880706788,0.9465653196899592
ChIJQ1QHIZqrDTkRcb5xBvj37zk,ChIJQ1QHIZqrDTkRcb5xBvj37zk,Oyo Flagship Tushir House,"63, Radha Swami Satsang, Marmurpur, Delhi",28.85791099999999,77.1058498,3.7,22.0,Marmurpur,hotel,,4.0,0.5051133087981725,0.5,0.5,0.5,0.5,0.0297742541879415,0.5,0.5,Other,Budget,0.2918825720663544,3.7,0.5051133087981725,0.5683118831225834
ChIJpRwQWB6rDTkRxLYyRyYlOo4,ChIJpRwQWB6rDTkRxLYyRyYlOo4,Oyo Hotel Mongoose Palace,"Steet No 9, Singhu Border Rd, near Rathi Hospital, Narela, Delhi",28.857662,77.1081147,3.7,15.0,Narela,hotel,,4.0,0.2502344236345379,0.25,0.75,0.5,0.5,0.5,0.0003833477094303,0.0003584471996873,Other,Budget,0.2580997673088359,3.7,0.2502344236345379,0.4798091908993807
ChIJ7TBF3w6tDTkRxqHf-88bekw,ChIJ7TBF3w6tDTkRxqHf-88bekw,Oyo 38548 Hotel Deluxe Taj,"Parker Suites, NH 1, Grand Trunk Rd, near Parker Mall, Sersa, Kundli, Sonipat",28.8686668,77.12281779999999,3.3,3.0,Kundli,hotel,,2.0,0.5004888919647783,0.5,0.5,0.0020270640961825,0.5,0.998950719833374,0.0020270640961825,0.0020270640961825,Other,Budget,0.1290498836544179,3.3,0.5004888919647783,0.4790289865625499
ChIJT4jvxKGrDTkRnzdf-hiY6nU,ChIJT4jvxKGrDTkRnzdf-hiY6nU,Oyo 69507 Royal King Inn,"singhu border road, Ch Ramdev Marg, Marmurpur, Delhi",28.857682,77.10986199999999,3.4,109.0,Marmurpur,hotel,,5.0,0.2823897718568332,0.2,0.8,0.0007180283428169,0.0034863345790654,0.5,0.5,0.5000067623332142,Other,Budget,0.4375668410245572,3.4,0.2823897718568332,0.4883595563035339
ChIJ0ceq0e3nDDkRvQoyn2KosgA,ChIJ0ceq0e3nDDkRvQoyn2KosgA,Oyo Flagship 809454 Friends Guest House,"plot no 517, santram sarpanch complex, Amar Market N Block Nala Road, Hari nagar ext, saurabh vihar, Delhi",28.8577445,77.109887,5.0,1.0,saurabh vihar,hotel,,,,,,,,,,,Other,Budget,0.0645249418272089,5.0,0.5,0.6911374624668677
ChIJ_6r0CQmrDTkRA9wwZDVV-LE,ChIJ_6r0CQmrDTkRA9wwZDVV-LE,Spot On 60601 Best Bikaner,"41,42, Best Bikaner, opposite Radha Swami Satsang, Marmurpur, Delhi",28.8579275,77.106228,3.2,9.0,Marmurpur,hotel,,3.0,0.0083013136172666,0.0,1.0,0.5,0.0121884075924754,0.5,0.0004997391952201,0.5,Other,Mid-Range,0.2143472170767782,3.2,0.0083013136172666,0.326849003586851
ChIJPbBju7WrDTkR4JTqvSWdJZc,ChIJPbBju7WrDTkR4JTqvSWdJZc,Oyo 83012 Raj Guest House,"Sector B4, Narela, Delhi",28.8376233,77.10673969999999,4.2,6.0,Narela,hotel,,1.0,0.1853013038635254,0.0,1.0,0.5,0.5,0.5,0.1853013038635254,0.5,Other,Budget,0.1811444130340956,4.2,0.1853013038635254,0.5091919549899814
ChIJ4xrnQuerDTkRFSt71MB3oMw,ChIJ4xrnQuerDTkRFSt71MB3oMw,Spot On Shri Ram Hotel,"Janti Kalan Rd, Sonipat",28.86048,77.151321,3.6,42.0,Janti Kalan Rd,hotel,,5.0,0.0005323706427588,0.0,1.0,0.0002000842359848,0.5,0.0002000842359848,0.5,0.0004472126020118,Other,Mid-Range,0.3501294176361872,3.6,0.0005323706427588,0.4064243813529861
ChIJVbuUnf6rDTkR5fEqj8mUzJ0,ChIJVbuUnf6rDTkR5fEqj8mUzJ0,Flagship Sudhir Hotel,"Piau Maniyari, Industrial Area, 2, near Kundli, Sonipat",28.8802448,77.1186468,2.9,18.0,near Kundli,hotel,,4.0,0.0012247311678947,0.0,1.0,0.0009101616742554,0.5,0.5,0.001539300661534,0.5,Other,Mid-Range,0.2740972756911478,2.9,0.0012247311678947,0.2974194786824444
ChIJMwNqEWWrDTkRswv8URSX3mg,ChIJMwNqEWWrDTkRswv8URSX3mg,Hotel O Shotel,"20, Sutriya Colony, Plot No. 1, Singhu Border Rd, opposite Radha Swami Satsang Bhawan, Narela, Delhi",28.8575056,77.1059377,,,Narela,hotel,,,,,,,,,,,Other,Mid-Range,0.0,4.07404718693285,0.5,0.5543222758742095
